Date,Ticker,Open,High,Low,Close,Adj Close,Volume
2021-02-11,OR.BK,26.5,29.5,22.100000381469727,29.25,25.475543975830078,1818125500.0
2021-02-15,OR.BK,30.75,36.5,30.5,34.0,29.612598419189453,1149682700.0
2021-02-16,OR.BK,35.0,35.0,32.0,32.75,28.523900985717773,479377100.0
2021-02-17,OR.BK,31.5,32.5,29.5,29.5,25.69328498840332,338385400.0
2021-02-18,OR.BK,30.25,31.5,29.75,30.25,26.34650230407715,280945100.0
2021-02-19,OR.BK,31.0,31.5,30.0,31.5,27.435205459594727,221276300.0
2021-02-22,OR.BK,32.25,32.5,31.25,31.75,27.652942657470703,175380100.0
2021-02-23,OR.BK,32.0,32.25,30.75,31.0,26.999723434448242,184256000.0
2021-02-24,OR.BK,30.75,31.25,30.0,30.75,26.781980514526367,156591000.0
2021-02-25,OR.BK,31.0,31.5,29.5,29.5,25.69328498840332,436978200.0
2021-03-01,OR.BK,29.25,30.0,28.5,29.5,25.69328498840332,138645300.0
2021-03-02,OR.BK,29.0,29.75,28.75,29.25,25.475543975830078,96852000.0
2021-03-03,OR.BK,29.5,30.0,29.0,29.75,25.91102409362793,107158800.0
2021-03-04,OR.BK,29.5,29.75,29.25,29.75,25.91102409362793,79489200.0
2021-03-05,OR.BK,29.75,31.25,29.75,30.25,26.34650230407715,183251300.0
2021-03-08,OR.BK,30.5,30.75,29.5,29.75,25.91102409362793,113311000.0
2021-03-09,OR.BK,29.75,30.25,29.5,29.75,25.91102409362793,64545400.0
2021-03-10,OR.BK,29.5,30.5,29.5,30.5,26.56424331665039,130051100.0
2021-03-11,OR.BK,31.0,31.0,30.0,30.25,26.34650230407715,74421600.0
2021-03-12,OR.BK,30.0,30.25,29.5,30.25,26.34650230407715,90126700.0
2021-03-15,OR.BK,30.0,30.25,29.75,30.0,26.128765106201172,44782100.0
2021-03-16,OR.BK,30.0,30.25,29.75,29.75,25.9976806640625,27863800.0
2021-03-17,OR.BK,30.0,33.0,29.75,33.0,28.837764739990234,379372800.0
2021-03-18,OR.BK,33.25,33.5,32.25,33.0,28.837764739990234,143643000.0
2021-03-19,OR.BK,32.5,33.0,31.5,32.0,27.963895797729492,138127800.0
2021-03-22,OR.BK,31.75,32.0,30.75,31.75,27.745424270629883,111719700.0
2021-03-23,OR.BK,32.75,33.0,31.75,32.25,28.182361602783203,143290300.0
2021-03-24,OR.BK,32.0,33.0,31.75,33.0,28.837764739990234,151559700.0
2021-03-25,OR.BK,33.0,33.5,32.0,32.0,27.963895797729492,152526000.0
2021-03-26,OR.BK,32.25,32.75,31.75,32.75,28.619298934936523,75549200.0
2021-03-29,OR.BK,32.75,33.0,32.25,32.75,28.619298934936523,42527400.0
2021-03-30,OR.BK,32.75,32.75,32.0,32.5,28.400829315185547,58296300.0
2021-03-31,OR.BK,32.5,32.75,32.0,32.25,28.182361602783203,52500600.0
2021-04-01,OR.BK,32.25,32.75,32.25,32.25,28.182361602783203,44728300.0
2021-04-02,OR.BK,32.25,32.75,32.0,32.25,28.182361602783203,46369600.0
2021-04-05,OR.BK,32.25,32.5,31.5,31.75,27.745424270629883,43836000.0
2021-04-07,OR.BK,31.5,31.75,31.0,31.25,27.30849266052246,52073600.0
2021-04-08,OR.BK,31.25,31.75,31.0,31.5,27.526962280273438,43692900.0
2021-04-09,OR.BK,31.5,31.75,30.75,31.0,27.090023040771484,53156300.0
2021-04-12,OR.BK,30.75,30.75,30.25,30.25,26.43461799621582,33425700.0
2021-04-16,OR.BK,30.5,30.5,29.75,30.5,26.653087615966797,62477200.0
2021-04-19,OR.BK,30.5,31.0,30.25,30.75,26.871551513671875,36415100.0
2021-04-20,OR.BK,30.5,30.75,30.0,30.25,26.43461799621582,47373500.0
2021-04-21,OR.BK,30.0,30.5,30.0,30.25,26.43461799621582,16878000.0
2021-04-22,OR.BK,30.25,30.5,30.0,30.0,26.21615219116211,33233000.0
2021-04-23,OR.BK,30.0,30.25,29.75,30.0,26.21615219116211,28225200.0
2021-04-26,OR.BK,30.0,30.0,29.5,29.5,25.77921485900879,38268900.0
2021-04-27,OR.BK,29.5,30.0,29.25,29.75,25.9976806640625,44864200.0
2021-04-28,OR.BK,30.0,30.25,29.75,30.0,26.21615219116211,34751200.0
2021-04-29,OR.BK,30.0,30.75,30.0,30.75,26.871551513671875,49083000.0
2021-04-30,OR.BK,30.75,30.75,30.0,30.5,26.653087615966797,27832400.0
2021-05-05,OR.BK,30.25,30.25,29.5,29.5,25.77921485900879,58179900.0
2021-05-06,OR.BK,29.75,30.0,29.5,29.75,25.9976806640625,28525900.0
2021-05-07,OR.BK,29.75,30.0,29.5,29.75,25.9976806640625,24411000.0
2021-05-10,OR.BK,29.75,30.0,29.0,29.25,25.560745239257812,55446100.0
2021-05-11,OR.BK,29.25,29.5,28.75,29.0,25.3422794342041,46240000.0
2021-05-12,OR.BK,29.5,29.75,28.5,28.5,24.90534210205078,69385600.0
2021-05-13,OR.BK,28.0,28.75,27.5,28.5,24.90534210205078,69097200.0
2021-05-14,OR.BK,28.75,29.0,28.25,28.5,24.90534210205078,36635000.0
2021-05-17,OR.BK,28.25,28.75,28.0,28.25,24.68687629699707,35807700.0
2021-05-18,OR.BK,28.5,29.25,28.5,29.25,25.560745239257812,37234400.0
2021-05-19,OR.BK,29.0,29.5,29.0,29.25,25.560745239257812,25068700.0
2021-05-20,OR.BK,29.5,29.75,29.0,29.25,25.560745239257812,38446900.0
2021-05-21,OR.BK,29.5,29.5,29.0,29.5,25.77921485900879,25516500.0
2021-05-24,OR.BK,29.75,30.25,29.5,29.75,25.9976806640625,41397300.0
2021-05-25,OR.BK,30.0,30.25,29.75,30.0,26.21615219116211,23760600.0
2021-05-27,OR.BK,30.0,30.75,29.75,30.0,26.21615219116211,85248300.0
2021-05-28,OR.BK,30.25,30.75,30.0,30.25,26.43461799621582,43238300.0
2021-05-31,OR.BK,30.25,30.25,30.0,30.0,26.21615219116211,17945100.0
2021-06-01,OR.BK,30.25,32.0,30.0,32.0,27.963895797729492,139797700.0
2021-06-02,OR.BK,31.75,32.0,31.0,31.25,27.30849266052246,79986400.0
2021-06-04,OR.BK,31.25,31.5,31.0,31.25,27.30849266052246,25454200.0
2021-06-07,OR.BK,31.25,32.0,31.0,31.0,27.090023040771484,74439700.0
2021-06-08,OR.BK,31.0,31.25,30.0,30.0,26.21615219116211,56885600.0
2021-06-09,OR.BK,30.25,30.75,30.0,30.75,26.871551513671875,49612000.0
2021-06-10,OR.BK,31.0,31.25,30.25,30.25,26.43461799621582,44326800.0
2021-06-11,OR.BK,30.5,31.25,30.25,31.0,27.090023040771484,46296300.0
2021-06-14,OR.BK,31.25,31.25,30.5,31.25,27.30849266052246,44898200.0
2021-06-15,OR.BK,31.25,31.5,30.75,31.0,27.090023040771484,38978300.0
2021-06-16,OR.BK,31.0,31.5,30.75,31.25,27.30849266052246,54634200.0
2021-06-17,OR.BK,31.0,31.25,30.75,31.0,27.090023040771484,20793200.0
2021-06-18,OR.BK,31.0,31.25,30.75,31.25,27.30849266052246,131493400.0
2021-06-21,OR.BK,31.0,31.0,30.5,30.75,26.871551513671875,28457400.0
2021-06-22,OR.BK,31.0,31.25,30.5,30.75,26.871551513671875,23329500.0
2021-06-23,OR.BK,31.0,31.0,30.5,30.5,26.653087615966797,21214800.0
2021-06-24,OR.BK,30.5,30.5,30.0,30.25,26.43461799621582,29902000.0
2021-06-25,OR.BK,30.25,30.75,30.0,30.5,26.653087615966797,13936700.0
2021-06-28,OR.BK,30.25,30.5,29.75,30.0,26.21615219116211,24971500.0
2021-06-29,OR.BK,30.0,30.25,29.75,30.25,26.43461799621582,12295400.0
2021-06-30,OR.BK,30.25,30.75,30.25,30.5,26.653087615966797,24175000.0
2021-07-01,OR.BK,30.5,30.75,30.0,30.25,26.43461799621582,22246700.0
2021-07-02,OR.BK,30.25,30.5,29.75,30.0,26.21615219116211,27853900.0
2021-07-05,OR.BK,30.0,30.25,29.75,29.75,25.9976806640625,13209500.0
2021-07-06,OR.BK,30.0,30.25,29.75,30.0,26.21615219116211,13238200.0
2021-07-07,OR.BK,29.75,30.0,29.5,29.75,25.9976806640625,15771400.0
2021-07-08,OR.BK,29.5,29.75,29.0,29.0,25.3422794342041,30391500.0
2021-07-09,OR.BK,29.0,29.5,28.75,29.0,25.3422794342041,15189800.0
2021-07-12,OR.BK,29.25,29.5,28.75,29.0,25.3422794342041,20450500.0
2021-07-13,OR.BK,29.0,29.5,28.75,29.0,25.3422794342041,21329500.0
2021-07-14,OR.BK,29.25,29.25,28.75,29.0,25.3422794342041,16542500.0
2021-07-15,OR.BK,29.25,29.25,28.75,28.75,25.12381362915039,19211500.0
2021-07-16,OR.BK,28.75,29.25,28.5,28.75,25.12381362915039,16343500.0
2021-07-19,OR.BK,28.5,29.0,28.25,28.75,25.12381362915039,19979900.0
2021-07-20,OR.BK,28.5,28.75,28.25,28.5,24.90534210205078,24421800.0
2021-07-21,OR.BK,28.5,28.75,28.25,28.5,24.90534210205078,9912800.0
2021-07-22,OR.BK,28.75,29.0,28.25,28.5,24.90534210205078,20003200.0
2021-07-23,OR.BK,28.25,28.5,28.0,28.5,24.90534210205078,13511500.0
2021-07-27,OR.BK,28.5,28.75,28.25,28.75,25.12381362915039,18569100.0
2021-07-29,OR.BK,28.75,28.75,28.0,28.25,24.68687629699707,21719700.0
2021-07-30,OR.BK,28.0,28.25,27.5,27.75,24.249940872192383,29540700.0
2021-08-02,OR.BK,27.75,28.0,27.5,28.0,24.468406677246094,12234900.0
2021-08-03,OR.BK,27.75,28.75,27.75,28.5,24.90534210205078,17835500.0
2021-08-04,OR.BK,28.5,28.75,28.0,28.0,24.468406677246094,24269400.0
2021-08-05,OR.BK,28.25,28.25,27.75,28.0,24.468406677246094,15140800.0
2021-08-06,OR.BK,28.0,28.25,27.5,27.5,24.031471252441406,14291200.0
2021-08-09,OR.BK,27.75,28.5,27.5,28.25,24.68687629699707,19133100.0
2021-08-10,OR.BK,28.0,28.5,28.0,28.0,24.468406677246094,12317800.0
2021-08-11,OR.BK,28.5,28.5,28.0,28.25,24.68687629699707,11527000.0
2021-08-13,OR.BK,28.25,28.25,27.5,28.0,24.468406677246094,13875500.0
2021-08-16,OR.BK,28.0,28.25,27.5,28.0,24.468406677246094,18170700.0
2021-08-17,OR.BK,28.25,28.75,28.0,28.25,24.68687629699707,27542600.0
2021-08-18,OR.BK,28.25,29.0,28.25,28.75,25.12381362915039,29652500.0
2021-08-19,OR.BK,28.5,28.75,28.25,28.5,24.90534210205078,16723900.0
2021-08-20,OR.BK,28.75,29.25,28.5,29.0,25.3422794342041,48830100.0
2021-08-23,OR.BK,29.25,30.0,29.25,30.0,26.21615219116211,41690400.0
2021-08-24,OR.BK,30.0,30.25,29.0,29.5,25.77921485900879,104010200.0
2021-08-25,OR.BK,29.25,29.5,29.0,29.5,25.77921485900879,32550300.0
2021-08-26,OR.BK,29.5,29.5,29.0,29.5,25.77921485900879,28739500.0
2021-08-27,OR.BK,29.25,29.5,29.0,29.5,25.77921485900879,33911500.0
2021-08-30,OR.BK,29.75,30.25,29.5,30.0,26.21615219116211,49318800.0
2021-08-31,OR.BK,30.0,30.5,29.75,30.25,26.43461799621582,47574700.0
2021-09-01,OR.BK,30.5,30.5,29.75,30.0,26.21615219116211,40043900.0
2021-09-02,OR.BK,30.0,30.0,29.25,29.75,25.9976806640625,44372900.0
2021-09-03,OR.BK,29.5,29.75,29.25,29.25,25.560745239257812,27725600.0
2021-09-06,OR.BK,29.25,29.75,29.25,29.25,25.560745239257812,15964200.0
2021-09-07,OR.BK,29.5,29.75,29.0,29.25,25.560745239257812,33506900.0
2021-09-08,OR.BK,29.0,29.25,29.0,29.25,25.798891067504883,12138800.0
2021-09-09,OR.BK,29.0,29.5,28.75,28.75,25.357887268066406,22697800.0
2021-09-10,OR.BK,28.75,29.25,28.5,29.0,25.578388214111328,14241900.0
2021-09-13,OR.BK,29.0,29.25,28.75,29.0,25.578388214111328,18058900.0
2021-09-14,OR.BK,29.25,29.5,29.0,29.0,25.578388214111328,15329200.0
2021-09-15,OR.BK,29.0,29.25,28.75,29.0,25.578388214111328,28595700.0
2021-09-16,OR.BK,28.75,29.0,28.5,28.75,25.357887268066406,29646900.0
2021-09-17,OR.BK,29.0,29.0,28.5,29.0,25.578388214111328,26936200.0
2021-09-20,OR.BK,28.75,29.0,28.25,28.5,25.13738250732422,28922600.0
2021-09-21,OR.BK,28.5,28.75,28.25,28.25,24.91687774658203,32107300.0
2021-09-22,OR.BK,28.25,28.75,28.0,28.5,25.13738250732422,33186300.0
2021-09-23,OR.BK,28.25,28.75,28.25,28.5,25.13738250732422,17035600.0
2021-09-27,OR.BK,28.5,28.75,27.75,28.0,24.69637680053711,36024800.0
2021-09-28,OR.BK,28.25,28.25,27.75,27.75,24.475872039794922,27519000.0
2021-09-29,OR.BK,27.5,28.0,27.5,28.0,24.69637680053711,27593500.0
2021-09-30,OR.BK,27.75,28.0,27.5,27.5,24.255367279052734,28447200.0
2021-10-01,OR.BK,27.5,27.75,27.25,27.5,24.255367279052734,13347100.0
2021-10-04,OR.BK,27.75,28.0,27.5,27.5,24.255367279052734,16349600.0
2021-10-05,OR.BK,27.5,28.0,27.25,27.75,24.475872039794922,27516800.0
2021-10-06,OR.BK,28.0,28.5,27.75,28.0,24.69637680053711,42252700.0
2021-10-07,OR.BK,28.25,28.75,28.0,28.75,25.357887268066406,40957000.0
2021-10-08,OR.BK,29.0,29.25,28.5,28.75,25.357887268066406,45666300.0
2021-10-11,OR.BK,28.75,29.0,28.5,28.5,25.13738250732422,11097500.0
2021-10-12,OR.BK,29.0,29.0,28.25,28.5,25.13738250732422,21394200.0
2021-10-14,OR.BK,28.75,28.75,28.25,28.25,24.91687774658203,15040500.0
2021-10-15,OR.BK,28.25,28.75,28.25,28.5,25.13738250732422,11061100.0
2021-10-18,OR.BK,28.5,28.5,27.75,28.25,24.91687774658203,37541900.0
2021-10-19,OR.BK,28.25,28.25,27.5,27.75,24.475872039794922,37124400.0
2021-10-20,OR.BK,27.75,28.0,27.75,28.0,24.69637680053711,4077700.0
2021-10-21,OR.BK,28.0,28.0,27.75,27.75,24.475872039794922,5944200.0
2021-10-25,OR.BK,28.0,28.0,27.75,27.75,24.475872039794922,9229500.0
2021-10-26,OR.BK,27.75,28.0,27.75,28.0,24.69637680053711,11822000.0
2021-10-27,OR.BK,28.0,28.5,27.75,28.0,24.69637680053711,16447400.0
2021-10-28,OR.BK,28.0,28.25,27.5,27.75,24.475872039794922,46380300.0
2021-10-29,OR.BK,27.75,27.75,27.5,27.5,24.255367279052734,12762300.0
2021-11-01,OR.BK,27.75,27.75,26.75,27.0,23.814361572265625,57807600.0
2021-11-02,OR.BK,27.0,27.25,26.75,27.0,23.814361572265625,13118900.0
2021-11-03,OR.BK,27.0,27.25,26.5,26.5,23.37335968017578,21719900.0
2021-11-04,OR.BK,26.5,26.75,25.75,26.0,22.932348251342773,80738300.0
2021-11-05,OR.BK,26.0,26.5,26.0,26.25,23.15285301208496,21074700.0
2021-11-08,OR.BK,26.25,26.5,26.0,26.25,23.15285301208496,14394800.0
2021-11-09,OR.BK,26.0,26.5,26.0,26.0,22.932348251342773,13673300.0
2021-11-10,OR.BK,26.0,26.75,26.0,26.25,23.15285301208496,33428900.0
2021-11-11,OR.BK,26.5,27.25,26.25,27.0,23.814361572265625,20363500.0
2021-11-12,OR.BK,27.25,27.25,26.75,26.75,23.59385871887207,20577400.0
2021-11-15,OR.BK,26.75,27.0,26.5,26.75,23.59385871887207,12515600.0
2021-11-16,OR.BK,26.75,27.0,26.5,26.75,23.59385871887207,14886100.0
2021-11-17,OR.BK,26.75,27.0,26.25,26.5,23.37335968017578,22483200.0
2021-11-18,OR.BK,26.5,26.75,26.5,26.5,23.37335968017578,11955200.0
2021-11-19,OR.BK,26.75,26.75,26.5,26.75,23.59385871887207,6503500.0
2021-11-22,OR.BK,26.5,26.75,26.25,26.5,23.37335968017578,15919400.0
2021-11-23,OR.BK,26.5,26.5,26.25,26.25,23.15285301208496,8895600.0
2021-11-24,OR.BK,26.25,26.5,26.25,26.25,23.15285301208496,9906100.0
2021-11-25,OR.BK,26.25,26.5,26.0,26.0,22.932348251342773,19463500.0
2021-11-26,OR.BK,26.25,26.25,25.25,25.5,22.49134063720703,47605700.0
2021-11-29,OR.BK,25.5,25.75,25.0,25.25,22.27083969116211,34608200.0
2021-11-30,OR.BK,25.5,26.0,24.899999618530273,25.0,22.050331115722656,53875000.0
2021-12-01,OR.BK,25.0,25.25,24.600000381469727,25.0,22.050331115722656,37323500.0
2021-12-02,OR.BK,25.0,25.25,24.899999618530273,25.25,22.27083969116211,18459200.0
2021-12-03,OR.BK,25.25,25.5,25.0,25.0,22.050331115722656,6801400.0
2021-12-07,OR.BK,25.25,25.5,25.0,25.25,22.27083969116211,17797800.0
2021-12-08,OR.BK,25.5,25.75,25.25,25.75,22.71183967590332,13396200.0
2021-12-09,OR.BK,25.5,25.75,25.25,25.5,22.49134063720703,12396900.0
2021-12-13,OR.BK,25.5,25.75,25.25,25.5,22.49134063720703,14761600.0
2021-12-14,OR.BK,25.5,25.5,25.0,25.5,22.49134063720703,17327100.0
2021-12-15,OR.BK,25.5,26.0,25.25,25.25,22.27083969116211,13167900.0
2021-12-16,OR.BK,25.5,25.75,25.5,25.75,22.71183967590332,11951100.0
2021-12-17,OR.BK,25.5,26.0,25.5,25.5,22.49134063720703,18862700.0
2021-12-20,OR.BK,25.5,25.75,25.25,25.5,22.49134063720703,9902700.0
2021-12-21,OR.BK,25.5,25.75,25.25,25.25,22.27083969116211,12339700.0
2021-12-22,OR.BK,25.5,25.75,25.25,25.5,22.49134063720703,10913500.0
2021-12-23,OR.BK,25.75,25.75,25.5,25.5,22.49134063720703,5324900.0
2021-12-24,OR.BK,25.5,26.25,25.5,26.0,22.932348251342773,18312600.0
2021-12-27,OR.BK,26.25,27.0,26.0,27.0,23.814361572265625,31574000.0
2021-12-28,OR.BK,27.25,27.25,26.75,27.25,24.034868240356445,33265200.0
2021-12-29,OR.BK,27.0,27.25,27.0,27.25,24.034868240356445,11951500.0
2021-12-30,OR.BK,27.0,27.25,26.75,27.0,23.814361572265625,28105000.0
2022-01-04,OR.BK,27.0,27.25,26.75,27.25,24.034868240356445,18503600.0
2022-01-05,OR.BK,27.0,27.5,27.0,27.25,24.034868240356445,30170300.0
2022-01-06,OR.BK,27.0,27.0,26.25,26.25,23.15285301208496,38179200.0
2022-01-07,OR.BK,26.25,26.75,26.25,26.25,23.15285301208496,24287900.0
2022-01-10,OR.BK,26.5,26.5,26.25,26.25,23.15285301208496,5810400.0
2022-01-11,OR.BK,26.25,26.5,26.25,26.25,23.15285301208496,5741000.0
2022-01-12,OR.BK,26.5,26.5,26.0,26.0,22.932348251342773,28939100.0
2022-01-13,OR.BK,26.25,26.25,26.0,26.25,23.15285301208496,11668800.0
2022-01-14,OR.BK,26.0,26.25,25.5,25.75,22.71183967590332,42178700.0
2022-01-17,OR.BK,25.75,26.0,25.75,25.75,22.71183967590332,11679100.0
2022-01-18,OR.BK,25.75,26.0,25.5,25.5,22.49134063720703,29323700.0
2022-01-19,OR.BK,25.5,25.75,25.25,25.5,22.49134063720703,11681600.0
2022-01-20,OR.BK,25.5,25.5,25.0,25.0,22.050331115722656,16577000.0
2022-01-21,OR.BK,25.0,25.25,25.0,25.25,22.27083969116211,11683700.0
2022-01-24,OR.BK,25.25,25.25,25.0,25.25,22.27083969116211,18075800.0
2022-01-25,OR.BK,25.0,25.25,25.0,25.0,22.050331115722656,29202900.0
2022-01-26,OR.BK,25.0,25.25,25.0,25.0,22.050331115722656,13216200.0
2022-01-27,OR.BK,24.899999618530273,25.0,23.799999237060547,24.200000762939453,21.3447265625,93103200.0
2022-01-28,OR.BK,24.299999237060547,24.600000381469727,24.200000762939453,24.299999237060547,21.432926177978516,24709300.0
2022-01-31,OR.BK,24.399999618530273,24.799999237060547,24.399999618530273,24.600000381469727,21.697528839111328,22600700.0
2022-02-01,OR.BK,24.799999237060547,24.799999237060547,24.600000381469727,24.600000381469727,21.697528839111328,10106900.0
2022-02-02,OR.BK,24.700000762939453,24.700000762939453,24.299999237060547,24.600000381469727,21.697528839111328,26712600.0
2022-02-03,OR.BK,24.5,24.700000762939453,24.399999618530273,24.5,21.60932731628418,19069000.0
2022-02-04,OR.BK,24.600000381469727,24.700000762939453,24.299999237060547,24.399999618530273,21.5211238861084,22071400.0
2022-02-07,OR.BK,24.399999618530273,24.600000381469727,24.299999237060547,24.5,21.60932731628418,28077300.0
2022-02-08,OR.BK,24.5,25.5,24.5,25.25,22.27083969116211,55015100.0
2022-02-09,OR.BK,25.5,25.75,25.25,25.75,22.71183967590332,34165300.0
2022-02-10,OR.BK,25.5,25.75,25.25,25.5,22.49134063720703,21440700.0
2022-02-11,OR.BK,25.25,25.5,25.0,25.0,22.050331115722656,12511400.0
2022-02-14,OR.BK,25.0,25.25,24.899999618530273,25.25,22.27083969116211,23039200.0
2022-02-15,OR.BK,25.25,25.5,25.0,25.5,22.49134063720703,25269000.0
2022-02-17,OR.BK,26.0,27.0,25.75,27.0,23.814361572265625,103504700.0
2022-02-18,OR.BK,26.75,27.25,26.5,27.25,24.034868240356445,53037200.0
2022-02-21,OR.BK,27.0,27.5,26.5,27.0,23.814361572265625,46497300.0
2022-02-22,OR.BK,26.5,26.75,26.25,26.75,23.59385871887207,30608100.0
2022-02-23,OR.BK,26.5,27.0,26.5,26.75,23.59385871887207,18611300.0
2022-02-24,OR.BK,26.5,26.75,25.75,26.25,23.15285301208496,35727300.0
2022-02-25,OR.BK,26.25,26.5,26.25,26.25,23.15285301208496,11748100.0
2022-02-28,OR.BK,26.0,26.5,25.75,25.75,22.877429962158203,26568200.0
2022-03-01,OR.BK,26.0,26.5,26.0,26.25,23.321657180786133,9254300.0
2022-03-02,OR.BK,26.0,26.25,25.75,25.75,22.877429962158203,17754600.0
2022-03-03,OR.BK,26.0,26.25,25.5,25.5,22.65532112121582,36004600.0
2022-03-04,OR.BK,25.5,26.0,25.5,25.5,22.65532112121582,19545100.0
2022-03-07,OR.BK,25.25,25.5,24.600000381469727,24.700000762939453,21.944568634033203,57362500.0
2022-03-08,OR.BK,24.700000762939453,24.899999618530273,24.100000381469727,24.700000762939453,21.944568634033203,67265000.0
2022-03-09,OR.BK,24.799999237060547,25.0,24.399999618530273,24.899999618530273,22.122257232666016,38711400.0
2022-03-10,OR.BK,25.0,25.25,24.899999618530273,25.0,22.211097717285156,24055100.0
2022-03-11,OR.BK,25.0,25.5,25.0,25.5,22.65532112121582,21460300.0
2022-03-14,OR.BK,25.5,25.75,25.0,25.75,22.877429962158203,20075500.0
2022-03-15,OR.BK,25.75,25.75,25.0,25.25,22.433212280273438,27285000.0
2022-03-16,OR.BK,25.25,25.5,25.0,25.25,22.433212280273438,19302600.0
2022-03-17,OR.BK,25.5,25.75,25.25,25.5,22.65532112121582,26137100.0
2022-03-18,OR.BK,25.5,25.75,25.25,25.25,22.433212280273438,19453800.0
2022-03-21,OR.BK,25.5,25.5,25.25,25.25,22.433212280273438,11597100.0
2022-03-22,OR.BK,25.25,25.5,25.25,25.5,22.65532112121582,6337700.0
2022-03-23,OR.BK,25.25,25.5,25.0,25.0,22.211097717285156,14034700.0
2022-03-24,OR.BK,25.0,25.25,25.0,25.25,22.433212280273438,5806100.0
2022-03-25,OR.BK,25.0,25.25,25.0,25.0,22.211097717285156,4623800.0
2022-03-28,OR.BK,25.0,25.25,25.0,25.25,22.433212280273438,10896700.0
2022-03-29,OR.BK,25.0,25.25,25.0,25.0,22.211097717285156,7594400.0
2022-03-30,OR.BK,25.25,25.25,25.0,25.25,22.433212280273438,9458900.0
2022-03-31,OR.BK,25.25,25.25,25.0,25.0,22.211097717285156,6667800.0
2022-04-01,OR.BK,25.0,25.25,25.0,25.0,22.211097717285156,5832300.0
2022-04-04,OR.BK,25.25,25.25,25.0,25.0,22.211097717285156,11809500.0
2022-04-05,OR.BK,25.0,25.75,25.0,25.5,22.65532112121582,27803000.0
2022-04-07,OR.BK,25.5,25.75,25.25,25.5,22.65532112121582,19209200.0
2022-04-08,OR.BK,25.25,25.5,25.0,25.25,22.433212280273438,19146200.0
2022-04-11,OR.BK,25.0,25.25,25.0,25.25,22.433212280273438,3087100.0
2022-04-12,OR.BK,25.0,25.25,25.0,25.0,22.211097717285156,8230300.0
2022-04-18,OR.BK,25.0,25.25,24.899999618530273,24.899999618530273,22.122257232666016,27949400.0
2022-04-19,OR.BK,25.0,25.25,25.0,25.0,22.211097717285156,6466800.0
2022-04-20,OR.BK,25.0,25.25,25.0,25.0,22.211097717285156,4554000.0
2022-04-21,OR.BK,25.25,25.25,25.0,25.0,22.211097717285156,8308600.0
2022-04-22,OR.BK,25.0,25.25,24.899999618530273,24.899999618530273,22.122257232666016,15515300.0
2022-04-25,OR.BK,24.899999618530273,25.0,24.799999237060547,24.799999237060547,22.033409118652344,15804400.0
2022-04-26,OR.BK,24.899999618530273,24.899999618530273,24.299999237060547,24.399999618530273,21.67803192138672,47401100.0
2022-04-27,OR.BK,24.399999618530273,24.5,24.299999237060547,24.299999237060547,21.589189529418945,19002800.0
2022-04-28,OR.BK,24.5,24.5,24.200000762939453,24.399999618530273,21.67803192138672,26010700.0
2022-04-29,OR.BK,24.600000381469727,25.25,24.5,25.0,22.211097717285156,50610100.0
2022-05-03,OR.BK,25.0,25.25,24.799999237060547,24.899999618530273,22.122257232666016,22076500.0
2022-05-05,OR.BK,25.0,25.25,25.0,25.0,22.211097717285156,19755100.0
2022-05-06,OR.BK,24.899999618530273,25.25,24.700000762939453,25.0,22.211097717285156,36678300.0
2022-05-09,OR.BK,25.0,25.25,24.799999237060547,25.25,22.433212280273438,26137800.0
2022-05-10,OR.BK,25.0,25.25,25.0,25.25,22.433212280273438,12489900.0
2022-05-11,OR.BK,25.25,26.75,25.0,26.5,23.54376983642578,108244500.0
2022-05-12,OR.BK,26.5,26.5,25.75,26.0,23.099544525146484,45176200.0
2022-05-13,OR.BK,26.25,26.5,26.25,26.5,23.54376983642578,22951100.0
2022-05-17,OR.BK,26.5,26.75,26.0,26.0,23.099544525146484,34854400.0
2022-05-18,OR.BK,26.25,26.5,26.0,26.5,23.54376983642578,26059900.0
2022-05-19,OR.BK,26.25,26.5,26.0,26.5,23.54376983642578,16762500.0
2022-05-20,OR.BK,26.5,26.75,26.5,26.5,23.54376983642578,23160900.0
2022-05-23,OR.BK,26.5,26.75,26.25,26.75,23.76587677001953,22305500.0
2022-05-24,OR.BK,26.75,27.0,26.5,26.75,23.76587677001953,31823200.0
2022-05-25,OR.BK,26.75,27.5,26.5,27.0,23.98798942565918,57569700.0
2022-05-26,OR.BK,27.25,27.25,26.75,27.0,23.98798942565918,16058200.0
2022-05-27,OR.BK,27.0,27.0,26.5,27.0,23.98798942565918,17393800.0
2022-05-30,OR.BK,27.0,27.25,26.75,27.25,24.210102081298828,42817600.0
2022-05-31,OR.BK,27.25,27.75,27.0,27.75,24.654321670532227,69819600.0
2022-06-01,OR.BK,27.75,27.75,27.25,27.5,24.432209014892578,24736500.0
2022-06-02,OR.BK,27.25,27.75,27.0,27.75,24.654321670532227,31505900.0
2022-06-06,OR.BK,27.5,27.75,27.25,27.75,24.654321670532227,21923400.0
2022-06-07,OR.BK,27.75,28.0,27.5,27.75,24.654321670532227,32691500.0
2022-06-08,OR.BK,27.75,28.0,27.25,27.5,24.432209014892578,18974900.0
2022-06-09,OR.BK,27.5,27.5,27.0,27.0,23.98798942565918,36222400.0
2022-06-10,OR.BK,27.0,27.25,26.75,27.0,23.98798942565918,24826500.0
2022-06-13,OR.BK,26.5,27.0,26.0,26.0,23.099544525146484,66472000.0
2022-06-14,OR.BK,26.25,26.5,26.0,26.25,23.321657180786133,15578200.0
2022-06-15,OR.BK,26.5,26.5,26.0,26.25,23.321657180786133,18632700.0
2022-06-16,OR.BK,26.5,26.5,25.5,25.75,22.877429962158203,39760200.0
2022-06-17,OR.BK,25.5,26.0,25.25,25.75,22.877429962158203,50580500.0
2022-06-20,OR.BK,25.75,26.0,25.5,25.75,22.877429962158203,25111800.0
2022-06-21,OR.BK,26.0,26.25,25.75,26.25,23.321657180786133,18773100.0
2022-06-22,OR.BK,26.0,26.25,25.75,26.0,23.099544525146484,12758900.0
2022-06-23,OR.BK,26.0,26.0,25.5,25.75,22.877429962158203,9061700.0
2022-06-24,OR.BK,26.0,26.25,25.75,26.0,23.099544525146484,21171700.0
2022-06-27,OR.BK,26.25,26.5,26.25,26.25,23.321657180786133,9113600.0
2022-06-28,OR.BK,26.5,26.75,26.25,26.5,23.54376983642578,18469000.0
2022-06-29,OR.BK,26.25,26.5,26.0,26.25,23.321657180786133,13387700.0
2022-06-30,OR.BK,26.25,26.5,25.5,25.5,22.65532112121582,31285500.0
2022-07-01,OR.BK,25.5,25.75,25.5,25.5,22.65532112121582,5338600.0
2022-07-04,OR.BK,25.5,25.75,25.25,25.5,22.65532112121582,8266100.0
2022-07-05,OR.BK,25.5,25.75,25.25,25.5,22.65532112121582,17318300.0
2022-07-06,OR.BK,25.25,25.5,25.0,25.5,22.65532112121582,14119200.0
2022-07-07,OR.BK,25.75,25.75,25.25,25.75,22.877429962158203,18001100.0
2022-07-08,OR.BK,26.0,26.0,25.5,25.75,22.877429962158203,17831800.0
2022-07-11,OR.BK,25.75,26.0,25.5,25.75,22.877429962158203,5533700.0
2022-07-12,OR.BK,25.5,25.75,25.25,25.25,22.433212280273438,9849300.0
2022-07-14,OR.BK,25.5,25.75,25.25,25.75,22.877429962158203,14011800.0
2022-07-15,OR.BK,25.75,25.75,25.5,25.75,22.877429962158203,6798800.0
2022-07-18,OR.BK,26.0,26.0,25.75,26.0,23.099544525146484,6330800.0
2022-07-19,OR.BK,25.75,25.75,25.25,25.5,22.65532112121582,11240500.0
2022-07-20,OR.BK,25.5,25.75,25.5,25.5,22.65532112121582,15579800.0
2022-07-21,OR.BK,25.5,25.75,25.25,25.25,22.433212280273438,11538600.0
2022-07-22,OR.BK,25.5,25.75,25.5,25.75,22.877429962158203,14877000.0
2022-07-25,OR.BK,25.75,25.75,25.25,25.25,22.433212280273438,16741200.0
2022-07-26,OR.BK,25.5,25.5,25.25,25.25,22.433212280273438,13182400.0
2022-07-27,OR.BK,25.5,25.75,25.25,25.25,22.433212280273438,13214200.0
2022-08-01,OR.BK,25.5,26.5,25.5,26.5,23.54376983642578,26449700.0
2022-08-02,OR.BK,26.5,26.75,26.25,26.75,23.76587677001953,18253000.0
2022-08-03,OR.BK,26.75,27.0,26.25,26.75,23.76587677001953,22918900.0
2022-08-04,OR.BK,26.75,26.75,26.5,26.75,23.76587677001953,11617700.0
2022-08-05,OR.BK,26.75,27.0,26.5,27.0,23.98798942565918,23073500.0
2022-08-08,OR.BK,27.0,27.0,26.5,27.0,23.98798942565918,15823900.0
2022-08-09,OR.BK,26.75,27.0,26.75,27.0,23.98798942565918,9716000.0
2022-08-10,OR.BK,27.0,27.0,26.75,27.0,23.98798942565918,8680100.0
2022-08-11,OR.BK,27.0,27.25,26.75,27.0,23.98798942565918,33275800.0
2022-08-15,OR.BK,27.0,27.25,26.75,27.25,24.210102081298828,15924900.0
2022-08-16,OR.BK,27.25,27.25,27.0,27.0,23.98798942565918,15161400.0
2022-08-17,OR.BK,27.0,27.25,27.0,27.25,24.210102081298828,12838100.0
2022-08-18,OR.BK,27.0,27.25,26.75,27.0,23.98798942565918,19287900.0
2022-08-19,OR.BK,26.75,27.0,26.5,26.5,23.54376983642578,20859700.0
2022-08-22,OR.BK,26.5,26.75,26.5,26.75,23.76587677001953,5740500.0
2022-08-23,OR.BK,26.75,26.75,26.25,26.5,23.54376983642578,16047600.0
2022-08-24,OR.BK,26.5,26.75,26.25,26.5,23.54376983642578,18045300.0
2022-08-25,OR.BK,26.75,27.25,26.5,27.0,23.98798942565918,38954300.0
2022-08-26,OR.BK,27.25,27.25,26.75,27.0,23.98798942565918,17659600.0
2022-08-29,OR.BK,26.75,27.0,26.5,26.5,23.54376983642578,14160800.0
2022-08-30,OR.BK,26.75,27.0,26.75,26.75,23.76587677001953,12384600.0
2022-08-31,OR.BK,27.0,27.25,26.75,27.25,24.210102081298828,28963500.0
2022-09-01,OR.BK,27.0,27.5,27.0,27.0,23.98798942565918,22988100.0
2022-09-02,OR.BK,26.75,26.75,26.5,26.75,24.077999114990234,12335000.0
2022-09-05,OR.BK,26.75,26.75,26.5,26.5,23.852970123291016,2689500.0
2022-09-06,OR.BK,26.5,27.0,26.5,26.75,24.077999114990234,21499000.0
2022-09-07,OR.BK,26.75,27.0,26.5,26.75,24.077999114990234,19773600.0
2022-09-08,OR.BK,27.0,27.25,26.75,27.0,24.30302619934082,13984500.0
2022-09-09,OR.BK,27.25,27.5,26.75,27.5,24.753080368041992,22755700.0
2022-09-12,OR.BK,27.5,27.5,27.0,27.25,24.528057098388672,18498400.0
2022-09-13,OR.BK,27.25,27.5,26.75,26.75,24.077999114990234,21545200.0
2022-09-14,OR.BK,26.75,27.0,26.5,27.0,24.30302619934082,19588400.0
2022-09-15,OR.BK,27.0,27.0,26.75,26.75,24.077999114990234,12308400.0
2022-09-16,OR.BK,26.75,27.0,26.5,26.5,23.852970123291016,19274900.0
2022-09-19,OR.BK,26.5,27.0,26.5,26.5,23.852970123291016,13048400.0
2022-09-20,OR.BK,26.75,27.0,26.5,26.5,23.852970123291016,16067900.0
2022-09-21,OR.BK,26.5,27.0,26.5,26.5,23.852970123291016,18244400.0
2022-09-22,OR.BK,26.75,27.0,26.5,26.75,24.077999114990234,13204200.0
2022-09-23,OR.BK,26.75,27.0,26.25,26.25,23.627944946289062,27751500.0
2022-09-26,OR.BK,26.5,26.5,26.0,26.25,23.627944946289062,13264200.0
2022-09-27,OR.BK,26.5,26.75,26.25,26.25,23.627944946289062,8500800.0
2022-09-28,OR.BK,26.5,26.5,26.0,26.0,23.40291404724121,20484400.0
2022-09-29,OR.BK,26.0,26.25,25.75,25.75,23.177886962890625,16484500.0
2022-09-30,OR.BK,25.75,26.0,25.75,25.75,23.177886962890625,8175600.0
2022-10-03,OR.BK,25.75,26.0,25.25,25.5,22.95285987854004,38329600.0
2022-10-04,OR.BK,25.75,26.0,25.5,26.0,23.40291404724121,13653000.0
2022-10-05,OR.BK,26.0,26.25,25.75,26.0,23.40291404724121,10092900.0
2022-10-06,OR.BK,26.0,26.25,26.0,26.0,23.40291404724121,16128900.0
2022-10-07,OR.BK,26.0,26.25,25.75,25.75,23.177886962890625,8825800.0
2022-10-10,OR.BK,25.75,25.75,25.25,25.5,22.95285987854004,13647200.0
2022-10-11,OR.BK,25.5,25.75,25.25,25.5,22.95285987854004,16637700.0
2022-10-12,OR.BK,25.5,25.75,25.25,25.5,22.95285987854004,9162600.0
2022-10-17,OR.BK,25.5,25.5,25.0,25.5,22.95285987854004,15199400.0
2022-10-18,OR.BK,25.5,25.75,25.25,25.25,22.727832794189453,13209800.0
2022-10-19,OR.BK,25.25,25.5,25.0,25.5,22.95285987854004,14494000.0
2022-10-20,OR.BK,25.25,25.75,25.25,25.75,23.177886962890625,21840500.0
2022-10-21,OR.BK,25.75,25.75,25.5,25.75,23.177886962890625,2131000.0
2022-10-25,OR.BK,25.75,26.0,25.5,25.75,23.177886962890625,7239600.0
2022-10-26,OR.BK,25.75,26.0,24.600000381469727,24.700000762939453,22.232769012451172,75153500.0
2022-10-27,OR.BK,24.600000381469727,24.600000381469727,24.0,24.100000381469727,21.692703247070312,130329800.0
2022-10-28,OR.BK,24.100000381469727,24.399999618530273,24.0,24.200000762939453,21.782712936401367,66132600.0
2022-10-31,OR.BK,24.200000762939453,24.399999618530273,24.100000381469727,24.100000381469727,21.692703247070312,24448900.0
2022-11-01,OR.BK,24.200000762939453,24.600000381469727,24.200000762939453,24.399999618530273,21.962732315063477,22434400.0
2022-11-02,OR.BK,24.399999618530273,24.600000381469727,24.299999237060547,24.399999618530273,21.962732315063477,32493800.0
2022-11-03,OR.BK,24.399999618530273,24.5,24.299999237060547,24.399999618530273,21.962732315063477,10893900.0
2022-11-04,OR.BK,24.399999618530273,24.600000381469727,24.299999237060547,24.399999618530273,21.962732315063477,21781400.0
2022-11-07,OR.BK,24.5,24.5,24.299999237060547,24.399999618530273,21.962732315063477,7791000.0
2022-11-08,OR.BK,24.399999618530273,24.899999618530273,24.399999618530273,24.899999618530273,22.412790298461914,50326700.0
2022-11-09,OR.BK,25.0,25.25,24.299999237060547,24.299999237060547,21.872724533081055,67453700.0
2022-11-10,OR.BK,24.299999237060547,24.399999618530273,24.200000762939453,24.299999237060547,21.872724533081055,17593200.0
2022-11-11,OR.BK,24.5,24.799999237060547,24.399999618530273,24.600000381469727,22.142757415771484,25781800.0
2022-11-14,OR.BK,24.5,24.600000381469727,24.299999237060547,24.399999618530273,21.962732315063477,18504800.0
2022-11-15,OR.BK,24.399999618530273,24.5,24.299999237060547,24.399999618530273,21.962732315063477,10539700.0
2022-11-16,OR.BK,24.399999618530273,24.399999618530273,24.100000381469727,24.299999237060547,21.872724533081055,23437300.0
2022-11-17,OR.BK,24.299999237060547,24.299999237060547,24.200000762939453,24.299999237060547,21.872724533081055,12923200.0
2022-11-18,OR.BK,24.200000762939453,24.399999618530273,24.200000762939453,24.200000762939453,21.782712936401367,11035200.0
2022-11-21,OR.BK,24.200000762939453,24.399999618530273,24.200000762939453,24.299999237060547,21.872724533081055,7081800.0
2022-11-22,OR.BK,24.399999618530273,24.5,24.299999237060547,24.399999618530273,21.962732315063477,22306400.0
2022-11-23,OR.BK,24.399999618530273,24.600000381469727,24.299999237060547,24.299999237060547,21.872724533081055,11365500.0
2022-11-24,OR.BK,24.399999618530273,24.399999618530273,24.200000762939453,24.200000762939453,21.782712936401367,10747100.0
2022-11-25,OR.BK,24.200000762939453,24.399999618530273,24.200000762939453,24.299999237060547,21.872724533081055,8575900.0
2022-11-28,OR.BK,24.299999237060547,24.399999618530273,24.200000762939453,24.299999237060547,21.872724533081055,7985000.0
2022-11-29,OR.BK,24.299999237060547,24.5,24.200000762939453,24.399999618530273,21.962732315063477,17584200.0
2022-11-30,OR.BK,24.399999618530273,24.399999618530273,24.200000762939453,24.399999618530273,21.962732315063477,14369900.0
2022-12-01,OR.BK,24.399999618530273,24.600000381469727,24.399999618530273,24.399999618530273,21.962732315063477,12071900.0
2022-12-02,OR.BK,24.399999618530273,24.5,24.299999237060547,24.299999237060547,21.872724533081055,7444400.0
2022-12-06,OR.BK,24.299999237060547,24.399999618530273,24.299999237060547,24.299999237060547,21.872724533081055,11571300.0
2022-12-07,OR.BK,24.299999237060547,24.399999618530273,24.100000381469727,24.200000762939453,21.782712936401367,14038700.0
2022-12-08,OR.BK,24.200000762939453,24.200000762939453,24.0,24.100000381469727,21.692703247070312,15067600.0
2022-12-09,OR.BK,24.100000381469727,24.299999237060547,24.100000381469727,24.299999237060547,21.872724533081055,7752200.0
2022-12-13,OR.BK,24.299999237060547,24.399999618530273,24.200000762939453,24.200000762939453,21.782712936401367,8266700.0
2022-12-14,OR.BK,24.200000762939453,24.299999237060547,24.200000762939453,24.299999237060547,21.872724533081055,6024600.0
2022-12-15,OR.BK,24.200000762939453,24.299999237060547,24.0,24.100000381469727,21.692703247070312,24509500.0
2022-12-16,OR.BK,24.0,24.100000381469727,23.200000762939453,23.5,21.15263557434082,76064000.0
2022-12-19,OR.BK,23.299999237060547,23.5,23.200000762939453,23.399999618530273,21.062623977661133,16619000.0
2022-12-20,OR.BK,23.399999618530273,23.399999618530273,22.700000762939453,22.799999237060547,20.522558212280273,51387700.0
2022-12-21,OR.BK,23.0,23.100000381469727,22.600000381469727,22.799999237060547,20.522558212280273,29830700.0
2022-12-22,OR.BK,22.799999237060547,23.200000762939453,22.799999237060547,23.100000381469727,20.79258918762207,13454400.0
2022-12-23,OR.BK,23.0,23.200000762939453,22.899999618530273,23.0,20.702579498291016,11632000.0
2022-12-26,OR.BK,23.100000381469727,23.200000762939453,23.100000381469727,23.100000381469727,20.79258918762207,4872900.0
2022-12-27,OR.BK,23.200000762939453,23.700000762939453,23.200000762939453,23.5,21.15263557434082,28404300.0
2022-12-28,OR.BK,23.5,23.700000762939453,23.399999618530273,23.700000762939453,21.332656860351562,20327800.0
2022-12-29,OR.BK,23.600000381469727,24.0,23.600000381469727,23.899999618530273,21.512678146362305,17222300.0
2022-12-30,OR.BK,23.899999618530273,23.899999618530273,23.700000762939453,23.799999237060547,21.42266845703125,14285000.0
2023-01-03,OR.BK,23.899999618530273,23.899999618530273,23.5,23.5,21.15263557434082,11319300.0
2023-01-04,OR.BK,23.5,23.5,23.299999237060547,23.5,21.15263557434082,13523500.0
2023-01-05,OR.BK,23.600000381469727,23.600000381469727,23.200000762939453,23.299999237060547,20.972610473632812,18733400.0
2023-01-06,OR.BK,23.299999237060547,23.600000381469727,23.299999237060547,23.5,21.15263557434082,8145300.0
2023-01-09,OR.BK,23.600000381469727,23.700000762939453,23.399999618530273,23.600000381469727,21.242647171020508,13381900.0
2023-01-10,OR.BK,23.700000762939453,24.200000762939453,23.600000381469727,24.0,21.602693557739258,25297800.0
2023-01-11,OR.BK,24.100000381469727,24.200000762939453,23.899999618530273,24.100000381469727,21.692703247070312,19248600.0
2023-01-12,OR.BK,24.100000381469727,24.100000381469727,23.799999237060547,23.799999237060547,21.42266845703125,14772400.0
2023-01-13,OR.BK,23.899999618530273,23.899999618530273,23.600000381469727,23.600000381469727,21.242647171020508,21256400.0
2023-01-16,OR.BK,23.700000762939453,23.799999237060547,23.600000381469727,23.700000762939453,21.332656860351562,13593000.0
2023-01-17,OR.BK,23.700000762939453,23.799999237060547,23.5,23.600000381469727,21.242647171020508,12265600.0
2023-01-18,OR.BK,23.600000381469727,23.700000762939453,23.5,23.600000381469727,21.242647171020508,7099400.0
2023-01-19,OR.BK,23.600000381469727,23.799999237060547,23.600000381469727,23.799999237060547,21.42266845703125,13812000.0
2023-01-20,OR.BK,23.799999237060547,23.799999237060547,23.5,23.700000762939453,21.332656860351562,11007600.0
2023-01-23,OR.BK,23.700000762939453,23.700000762939453,23.5,23.5,21.15263557434082,7815700.0
2023-01-24,OR.BK,23.600000381469727,23.600000381469727,23.299999237060547,23.299999237060547,20.972610473632812,14616500.0
2023-01-25,OR.BK,23.200000762939453,23.299999237060547,22.899999618530273,23.0,20.702579498291016,31312200.0
2023-01-26,OR.BK,23.100000381469727,23.200000762939453,22.799999237060547,22.799999237060547,20.522558212280273,24607800.0
2023-01-27,OR.BK,22.799999237060547,22.899999618530273,22.5,22.600000381469727,20.3425350189209,35549200.0
2023-01-30,OR.BK,22.600000381469727,22.799999237060547,22.5,22.5,20.25252342224121,24650000.0
2023-01-31,OR.BK,22.600000381469727,22.700000762939453,22.299999237060547,22.399999618530273,20.16250991821289,24788500.0
2023-02-01,OR.BK,22.399999618530273,22.5,22.200000762939453,22.299999237060547,20.072498321533203,25660900.0
2023-02-02,OR.BK,22.299999237060547,22.600000381469727,22.299999237060547,22.399999618530273,20.16250991821289,13333200.0
2023-02-03,OR.BK,22.399999618530273,22.700000762939453,22.399999618530273,22.5,20.25252342224121,8742700.0
2023-02-06,OR.BK,22.5,22.600000381469727,22.399999618530273,22.5,20.25252342224121,5614300.0
2023-02-07,OR.BK,22.5,22.5,22.299999237060547,22.299999237060547,20.072498321533203,9977300.0
2023-02-08,OR.BK,22.299999237060547,22.399999618530273,22.100000381469727,22.200000762939453,19.98249053955078,15750600.0
2023-02-09,OR.BK,22.200000762939453,22.299999237060547,21.700000762939453,21.799999237060547,19.622446060180664,45345500.0
2023-02-10,OR.BK,21.799999237060547,22.0,21.700000762939453,21.700000762939453,19.532432556152344,13057900.0
2023-02-13,OR.BK,21.700000762939453,21.700000762939453,21.5,21.600000381469727,19.442420959472656,10938300.0
2023-02-14,OR.BK,21.600000381469727,21.700000762939453,21.5,21.600000381469727,19.442420959472656,16258700.0
2023-02-15,OR.BK,21.899999618530273,22.899999618530273,21.899999618530273,22.700000762939453,20.432546615600586,70342900.0
2023-02-16,OR.BK,22.600000381469727,22.700000762939453,22.200000762939453,22.700000762939453,20.432546615600586,41351300.0
2023-02-17,OR.BK,22.600000381469727,22.600000381469727,22.200000762939453,22.5,20.25252342224121,23390400.0
2023-02-20,OR.BK,22.5,22.600000381469727,22.299999237060547,22.5,20.25252342224121,17983200.0
2023-02-21,OR.BK,22.600000381469727,23.0,22.399999618530273,23.0,20.702579498291016,27257500.0
2023-02-22,OR.BK,22.899999618530273,23.0,22.799999237060547,23.0,20.702579498291016,20751000.0
2023-02-23,OR.BK,22.899999618530273,22.899999618530273,22.700000762939453,22.799999237060547,20.522558212280273,16693100.0
2023-02-24,OR.BK,22.799999237060547,22.799999237060547,22.399999618530273,22.5,20.25252342224121,25743300.0
2023-02-27,OR.BK,22.399999618530273,22.399999618530273,21.899999618530273,22.100000381469727,19.892475128173828,25969900.0
2023-02-28,OR.BK,22.0,22.200000762939453,21.799999237060547,21.899999618530273,19.8471622467041,22219200.0
2023-03-01,OR.BK,22.100000381469727,22.100000381469727,21.600000381469727,21.600000381469727,19.575284957885742,16785100.0
2023-03-02,OR.BK,21.700000762939453,21.799999237060547,21.600000381469727,21.700000762939453,19.665912628173828,11623800.0
2023-03-03,OR.BK,21.799999237060547,21.799999237060547,21.600000381469727,21.600000381469727,19.575284957885742,9718900.0
2023-03-07,OR.BK,21.700000762939453,21.899999618530273,21.700000762939453,21.700000762939453,19.665912628173828,13079300.0
2023-03-08,OR.BK,21.600000381469727,21.600000381469727,21.100000381469727,21.100000381469727,19.122156143188477,38336900.0
2023-03-09,OR.BK,21.100000381469727,21.200000762939453,20.799999237060547,20.899999618530273,18.940902709960938,22396700.0
2023-03-10,OR.BK,20.899999618530273,20.899999618530273,20.600000381469727,20.600000381469727,18.669021606445312,21246500.0
2023-03-13,OR.BK,20.5,20.799999237060547,20.299999237060547,20.299999237060547,18.397144317626953,30218200.0
2023-03-14,OR.BK,20.100000381469727,20.399999618530273,19.799999237060547,19.799999237060547,17.94400978088379,45399100.0
2023-03-15,OR.BK,20.100000381469727,20.399999618530273,20.0,20.200000762939453,18.3065185546875,29121100.0
2023-03-16,OR.BK,20.100000381469727,20.100000381469727,19.600000381469727,19.899999618530273,18.034639358520508,37537200.0
2023-03-17,OR.BK,20.100000381469727,20.399999618530273,20.0,20.100000381469727,18.215892791748047,37194800.0
2023-03-20,OR.BK,20.200000762939453,20.5,20.100000381469727,20.299999237060547,18.397144317626953,36375200.0
2023-03-21,OR.BK,20.299999237060547,21.200000762939453,20.299999237060547,21.0,19.03152847290039,38765100.0
2023-03-22,OR.BK,21.200000762939453,21.399999618530273,21.100000381469727,21.399999618530273,19.394033432006836,18984200.0
2023-03-23,OR.BK,21.299999237060547,21.399999618530273,21.200000762939453,21.299999237060547,19.303407669067383,9853400.0
2023-03-24,OR.BK,21.100000381469727,21.299999237060547,20.899999618530273,21.0,19.03152847290039,18151700.0
2023-03-27,OR.BK,21.100000381469727,21.100000381469727,20.899999618530273,21.0,19.03152847290039,6195000.0
2023-03-28,OR.BK,21.0,21.200000762939453,21.0,21.100000381469727,19.122156143188477,15569800.0
2023-03-29,OR.BK,21.100000381469727,21.200000762939453,21.0,21.100000381469727,19.122156143188477,7405200.0
2023-03-30,OR.BK,21.100000381469727,21.299999237060547,20.899999618530273,20.899999618530273,18.940902709960938,22949000.0
2023-03-31,OR.BK,21.0,21.299999237060547,21.0,21.299999237060547,19.303407669067383,12361800.0
2023-04-03,OR.BK,21.200000762939453,21.5,21.100000381469727,21.399999618530273,19.394033432006836,22184800.0
2023-04-04,OR.BK,21.5,21.5,21.200000762939453,21.299999237060547,19.303407669067383,15174300.0
2023-04-05,OR.BK,21.299999237060547,21.399999618530273,21.0,21.0,19.03152847290039,12821100.0
2023-04-07,OR.BK,21.100000381469727,21.200000762939453,21.0,21.0,19.03152847290039,6105800.0
2023-04-10,OR.BK,21.0,21.399999618530273,21.0,21.299999237060547,19.303407669067383,8993300.0
2023-04-11,OR.BK,21.399999618530273,21.399999618530273,21.200000762939453,21.200000762939453,19.21278190612793,6126000.0
2023-04-12,OR.BK,21.299999237060547,21.5,21.0,21.399999618530273,19.394033432006836,14726000.0
2023-04-17,OR.BK,21.399999618530273,21.899999618530273,21.299999237060547,21.799999237060547,19.756540298461914,23996200.0
2023-04-18,OR.BK,21.899999618530273,22.799999237060547,21.899999618530273,22.200000762939453,20.11904525756836,63651000.0
2023-04-19,OR.BK,22.200000762939453,22.299999237060547,22.0,22.200000762939453,20.11904525756836,26339600.0
2023-04-20,OR.BK,22.200000762939453,22.200000762939453,21.700000762939453,22.0,19.937793731689453,38681400.0
2023-04-21,OR.BK,22.0,22.200000762939453,21.799999237060547,21.899999618530273,19.8471622467041,20389000.0
2023-04-24,OR.BK,21.899999618530273,22.0,21.600000381469727,21.799999237060547,19.756540298461914,14856700.0
2023-04-25,OR.BK,21.799999237060547,21.799999237060547,21.299999237060547,21.399999618530273,19.394033432006836,10886600.0
2023-04-26,OR.BK,21.399999618530273,21.700000762939453,21.299999237060547,21.600000381469727,19.575284957885742,11847000.0
2023-04-27,OR.BK,21.700000762939453,22.299999237060547,21.5,22.200000762939453,20.11904525756836,32423300.0
2023-04-28,OR.BK,22.299999237060547,22.299999237060547,22.0,22.200000762939453,20.11904525756836,15756600.0
2023-05-02,OR.BK,22.200000762939453,22.299999237060547,22.100000381469727,22.299999237060547,20.20966911315918,14156800.0
2023-05-03,OR.BK,22.200000762939453,22.200000762939453,21.799999237060547,22.200000762939453,20.11904525756836,25021800.0
2023-05-08,OR.BK,22.299999237060547,22.399999618530273,22.0,22.399999618530273,20.300294876098633,16024200.0
2023-05-09,OR.BK,22.399999618530273,22.399999618530273,22.100000381469727,22.200000762939453,20.11904525756836,10301700.0
2023-05-10,OR.BK,22.200000762939453,22.700000762939453,22.100000381469727,22.799999237060547,20.662803649902344,23440500.0
2023-05-11,OR.BK,23.100000381469727,23.299999237060547,22.799999237060547,22.799999237060547,20.662803649902344,64302000.0
2023-05-12,OR.BK,22.899999618530273,23.100000381469727,22.700000762939453,23.100000381469727,20.934680938720703,21172600.0
2023-05-15,OR.BK,23.200000762939453,23.200000762939453,22.5,22.600000381469727,20.481550216674805,18906300.0
2023-05-16,OR.BK,22.600000381469727,22.899999618530273,22.5,22.600000381469727,20.481550216674805,20985200.0
2023-05-17,OR.BK,22.600000381469727,22.600000381469727,22.100000381469727,22.5,20.39092445373535,24607500.0
2023-05-18,OR.BK,22.5,22.600000381469727,22.200000762939453,22.100000381469727,20.02841567993164,13594500.0
2023-05-19,OR.BK,22.100000381469727,22.200000762939453,20.799999237060547,20.799999237060547,18.85027503967285,45063300.0
2023-05-22,OR.BK,20.5,21.200000762939453,20.399999618530273,21.0,19.03152847290039,17906200.0
2023-05-23,OR.BK,21.0,21.200000762939453,20.600000381469727,21.100000381469727,19.122156143188477,9704600.0
2023-05-24,OR.BK,21.0,21.299999237060547,20.899999618530273,21.100000381469727,19.122156143188477,12323200.0
2023-05-25,OR.BK,21.0,21.100000381469727,20.600000381469727,20.600000381469727,18.669021606445312,18101100.0
2023-05-26,OR.BK,20.600000381469727,20.799999237060547,20.5,20.799999237060547,18.85027503967285,15340100.0
2023-05-29,OR.BK,20.799999237060547,20.899999618530273,20.399999618530273,20.5,18.578397750854492,13700900.0
2023-05-30,OR.BK,20.5,20.600000381469727,20.100000381469727,20.200000762939453,18.3065185546875,15111400.0
2023-05-31,OR.BK,20.100000381469727,20.200000762939453,20.0,20.0,18.125263214111328,14214600.0
2023-06-01,OR.BK,20.100000381469727,20.200000762939453,20.0,20.0,18.125263214111328,9344400.0
2023-06-02,OR.BK,20.100000381469727,20.100000381469727,19.799999237060547,20.100000381469727,18.215892791748047,22337600.0
2023-06-06,OR.BK,20.200000762939453,20.200000762939453,19.799999237060547,20.0,18.125263214111328,18262400.0
2023-06-07,OR.BK,20.0,20.100000381469727,19.799999237060547,20.0,18.125263214111328,6368000.0
2023-06-08,OR.BK,20.0,20.600000381469727,19.899999618530273,20.5,18.578397750854492,19476500.0
2023-06-09,OR.BK,20.5,20.799999237060547,20.399999618530273,20.799999237060547,18.85027503967285,20533600.0
2023-06-12,OR.BK,20.700000762939453,20.799999237060547,20.600000381469727,20.600000381469727,18.669021606445312,5391100.0
2023-06-13,OR.BK,20.600000381469727,20.799999237060547,20.600000381469727,20.799999237060547,18.85027503967285,6399600.0
2023-06-14,OR.BK,20.799999237060547,20.899999618530273,20.700000762939453,20.799999237060547,18.85027503967285,7782300.0
2023-06-15,OR.BK,20.899999618530273,20.899999618530273,20.600000381469727,20.799999237060547,18.85027503967285,11425000.0
2023-06-16,OR.BK,20.799999237060547,21.100000381469727,20.799999237060547,21.0,19.03152847290039,19821700.0
2023-06-19,OR.BK,21.0,21.100000381469727,20.799999237060547,21.0,19.03152847290039,7482500.0
2023-06-20,OR.BK,21.100000381469727,21.399999618530273,21.0,21.299999237060547,19.303407669067383,11860300.0
2023-06-21,OR.BK,21.200000762939453,21.299999237060547,20.799999237060547,21.200000762939453,19.21278190612793,11890400.0
2023-06-22,OR.BK,21.100000381469727,21.100000381469727,20.700000762939453,20.899999618530273,18.940902709960938,13632400.0
2023-06-23,OR.BK,20.799999237060547,20.899999618530273,20.700000762939453,20.899999618530273,18.940902709960938,5615600.0
2023-06-26,OR.BK,20.899999618530273,20.899999618530273,20.5,20.600000381469727,18.669021606445312,8300300.0
2023-06-27,OR.BK,20.600000381469727,20.700000762939453,20.5,20.600000381469727,18.669021606445312,3615400.0
2023-06-28,OR.BK,20.600000381469727,20.600000381469727,20.100000381469727,20.299999237060547,18.397144317626953,12934800.0
2023-06-29,OR.BK,20.299999237060547,20.799999237060547,20.100000381469727,20.5,18.578397750854492,11432600.0
2023-06-30,OR.BK,20.600000381469727,21.299999237060547,20.600000381469727,21.200000762939453,19.21278190612793,13611000.0
2023-07-03,OR.BK,21.200000762939453,21.200000762939453,20.899999618530273,21.100000381469727,19.122156143188477,9141300.0
2023-07-04,OR.BK,21.100000381469727,21.399999618530273,21.0,21.299999237060547,19.303407669067383,26737700.0
2023-07-05,OR.BK,21.399999618530273,21.5,21.100000381469727,21.100000381469727,19.122156143188477,26356500.0
2023-07-06,OR.BK,21.200000762939453,21.200000762939453,20.799999237060547,20.899999618530273,18.940902709960938,12265900.0
2023-07-07,OR.BK,20.899999618530273,21.0,20.600000381469727,20.700000762939453,18.7596492767334,11952700.0
2023-07-10,OR.BK,20.799999237060547,20.899999618530273,20.600000381469727,20.899999618530273,18.940902709960938,8244500.0
2023-07-11,OR.BK,20.899999618530273,21.100000381469727,20.799999237060547,21.0,19.03152847290039,11315600.0
2023-07-12,OR.BK,21.100000381469727,21.299999237060547,20.399999618530273,20.5,18.578397750854492,33141900.0
2023-07-13,OR.BK,20.600000381469727,20.799999237060547,20.5,20.700000762939453,18.7596492767334,9422700.0
2023-07-14,OR.BK,20.799999237060547,20.899999618530273,20.600000381469727,20.899999618530273,18.940902709960938,9988000.0
2023-07-17,OR.BK,20.899999618530273,21.299999237060547,20.700000762939453,21.299999237060547,19.303407669067383,14754000.0
2023-07-18,OR.BK,21.299999237060547,21.399999618530273,21.0,21.399999618530273,19.394033432006836,14708600.0
2023-07-19,OR.BK,21.399999618530273,21.700000762939453,21.399999618530273,21.5,19.48465919494629,27346400.0
2023-07-20,OR.BK,21.5,21.5,21.200000762939453,21.299999237060547,19.303407669067383,5996600.0
2023-07-21,OR.BK,21.200000762939453,21.399999618530273,21.0,21.299999237060547,19.303407669067383,17579800.0
2023-07-24,OR.BK,21.299999237060547,21.600000381469727,21.200000762939453,21.200000762939453,19.21278190612793,13602500.0
2023-07-25,OR.BK,21.200000762939453,21.600000381469727,21.200000762939453,21.600000381469727,19.575284957885742,10642100.0
2023-07-26,OR.BK,21.600000381469727,21.799999237060547,21.299999237060547,21.399999618530273,19.394033432006836,17211700.0
2023-07-27,OR.BK,21.299999237060547,21.399999618530273,20.799999237060547,21.100000381469727,19.122156143188477,31670900.0
2023-07-31,OR.BK,21.399999618530273,21.5,21.399999618530273,21.399999618530273,19.394033432006836,4298500.0
2023-08-02,OR.BK,21.299999237060547,21.5,21.200000762939453,21.299999237060547,19.303407669067383,6168200.0
2023-08-03,OR.BK,21.200000762939453,21.299999237060547,20.899999618530273,20.899999618530273,18.940902709960938,14130100.0
2023-08-04,OR.BK,20.899999618530273,21.0,20.700000762939453,20.799999237060547,18.85027503967285,13019800.0
2023-08-07,OR.BK,20.799999237060547,21.100000381469727,20.600000381469727,20.899999618530273,18.940902709960938,11451700.0
2023-08-08,OR.BK,21.0,21.0,20.700000762939453,20.799999237060547,18.85027503967285,7276600.0
2023-08-09,OR.BK,20.799999237060547,20.899999618530273,20.700000762939453,20.899999618530273,18.940902709960938,4415600.0
2023-08-10,OR.BK,20.799999237060547,20.899999618530273,20.399999618530273,20.600000381469727,18.669021606445312,25977200.0
2023-08-11,OR.BK,20.600000381469727,20.700000762939453,20.399999618530273,20.5,18.578397750854492,10207900.0
2023-08-15,OR.BK,20.5,20.600000381469727,20.200000762939453,20.200000762939453,18.3065185546875,16252700.0
2023-08-16,OR.BK,20.299999237060547,20.399999618530273,20.0,20.299999237060547,18.397144317626953,11988000.0
2023-08-17,OR.BK,20.299999237060547,20.600000381469727,20.200000762939453,20.5,18.578397750854492,5978600.0
2023-08-18,OR.BK,20.5,20.5,20.100000381469727,20.100000381469727,18.215892791748047,14108200.0
2023-08-21,OR.BK,20.100000381469727,20.299999237060547,20.100000381469727,20.299999237060547,18.397144317626953,3673000.0
2023-08-22,OR.BK,20.299999237060547,20.600000381469727,20.299999237060547,20.5,18.578397750854492,16652400.0
2023-08-23,OR.BK,20.600000381469727,20.600000381469727,20.299999237060547,20.399999618530273,18.48777198791504,10890200.0
2023-08-24,OR.BK,20.399999618530273,20.700000762939453,20.399999618530273,20.5,18.578397750854492,14871800.0
2023-08-25,OR.BK,20.5,20.899999618530273,20.5,20.700000762939453,18.7596492767334,14987500.0
2023-08-28,OR.BK,20.799999237060547,21.0,20.700000762939453,20.899999618530273,18.940902709960938,10408900.0
2023-08-29,OR.BK,20.899999618530273,20.899999618530273,20.700000762939453,20.799999237060547,18.85027503967285,7497500.0
2023-08-30,OR.BK,20.799999237060547,21.0,20.799999237060547,20.899999618530273,18.940902709960938,6437000.0
2023-08-31,OR.BK,20.799999237060547,20.799999237060547,20.399999618530273,20.399999618530273,18.48777198791504,17222500.0
2023-09-01,OR.BK,20.399999618530273,20.5,20.100000381469727,20.200000762939453,18.3065185546875,18247900.0
2023-09-04,OR.BK,20.299999237060547,20.399999618530273,20.100000381469727,20.200000762939453,18.3065185546875,7602500.0
2023-09-05,OR.BK,20.200000762939453,20.399999618530273,20.200000762939453,20.299999237060547,18.397144317626953,5380300.0
2023-09-06,OR.BK,20.100000381469727,20.299999237060547,20.0,20.100000381469727,18.443023681640625,8457400.0
2023-09-07,OR.BK,20.100000381469727,20.299999237060547,20.100000381469727,20.100000381469727,18.443023681640625,4422900.0
2023-09-08,OR.BK,20.100000381469727,20.200000762939453,20.0,20.0,18.35126495361328,5378500.0
2023-09-11,OR.BK,20.100000381469727,20.100000381469727,19.700000762939453,19.799999237060547,18.16775131225586,28189900.0
2023-09-12,OR.BK,19.799999237060547,20.100000381469727,19.799999237060547,20.0,18.35126495361328,10747600.0
2023-09-13,OR.BK,20.0,20.0,19.399999618530273,19.5,17.892484664916992,29999300.0
2023-09-14,OR.BK,19.5,19.799999237060547,19.5,19.700000762939453,18.075998306274414,11794500.0
2023-09-15,OR.BK,19.799999237060547,19.899999618530273,19.700000762939453,19.799999237060547,18.16775131225586,2488100.0
2023-09-18,OR.BK,19.799999237060547,19.799999237060547,19.600000381469727,19.700000762939453,18.075998306274414,6508500.0
2023-09-19,OR.BK,19.700000762939453,19.700000762939453,19.399999618530273,19.399999618530273,17.80072593688965,7701800.0
2023-09-20,OR.BK,19.399999618530273,19.399999618530273,18.700000762939453,18.799999237060547,17.250186920166016,41428700.0
2023-09-21,OR.BK,18.799999237060547,19.0,18.600000381469727,19.0,17.43370246887207,8342000.0
2023-09-22,OR.BK,18.799999237060547,19.200000762939453,18.799999237060547,19.0,17.43370246887207,8186100.0
2023-09-25,OR.BK,19.100000381469727,19.200000762939453,18.799999237060547,18.799999237060547,17.250186920166016,3245700.0
2023-09-26,OR.BK,18.600000381469727,18.899999618530273,18.600000381469727,18.700000762939453,17.15843391418457,8917500.0
2023-09-27,OR.BK,18.600000381469727,18.600000381469727,18.399999618530273,18.600000381469727,17.066679000854492,6361500.0
2023-09-28,OR.BK,18.600000381469727,18.700000762939453,18.0,18.100000381469727,16.60789680480957,29729500.0
2023-09-29,OR.BK,18.299999237060547,18.799999237060547,18.200000762939453,18.700000762939453,17.15843391418457,20489300.0
2023-10-02,OR.BK,18.600000381469727,18.700000762939453,18.399999618530273,18.399999618530273,16.88316535949707,7117700.0
2023-10-03,OR.BK,18.299999237060547,18.399999618530273,17.899999618530273,18.100000381469727,16.60789680480957,19610700.0
2023-10-04,OR.BK,17.899999618530273,18.200000762939453,17.600000381469727,17.899999618530273,16.42438316345215,34425500.0
2023-10-05,OR.BK,18.0,18.100000381469727,17.600000381469727,18.100000381469727,16.60789680480957,17698200.0
2023-10-06,OR.BK,18.200000762939453,18.299999237060547,17.799999237060547,17.899999618530273,16.42438316345215,14193400.0
2023-10-09,OR.BK,18.0,18.299999237060547,18.0,18.200000762939453,16.69965171813965,11010300.0
2023-10-10,OR.BK,18.299999237060547,18.5,18.200000762939453,18.200000762939453,16.69965171813965,8571100.0
2023-10-11,OR.BK,18.299999237060547,19.0,18.299999237060547,18.899999618530273,17.34194564819336,20813200.0
2023-10-12,OR.BK,19.0,19.0,18.600000381469727,18.600000381469727,17.066679000854492,5524700.0
2023-10-16,OR.BK,18.600000381469727,18.700000762939453,18.100000381469727,18.299999237060547,16.791404724121094,12833600.0
2023-10-17,OR.BK,18.299999237060547,18.700000762939453,18.299999237060547,18.399999618530273,16.88316535949707,6464600.0
2023-10-18,OR.BK,18.399999618530273,18.600000381469727,18.299999237060547,18.5,16.97492218017578,9027600.0
2023-10-19,OR.BK,18.100000381469727,18.299999237060547,18.0,18.100000381469727,16.60789680480957,14884800.0
2023-10-20,OR.BK,18.100000381469727,18.100000381469727,17.799999237060547,17.799999237060547,16.332626342773438,12308800.0
2023-10-24,OR.BK,17.700000762939453,18.0,17.600000381469727,18.0,16.51613998413086,9942900.0
2023-10-25,OR.BK,18.0,18.5,18.0,18.200000762939453,16.69965171813965,10498700.0
2023-10-26,OR.BK,18.0,18.200000762939453,17.899999618530273,18.0,16.51613998413086,8919100.0
2023-10-27,OR.BK,18.299999237060547,18.5,18.100000381469727,18.399999618530273,16.88316535949707,15345400.0
2023-10-30,OR.BK,18.299999237060547,18.600000381469727,18.200000762939453,18.399999618530273,16.88316535949707,9941400.0
2023-10-31,OR.BK,18.399999618530273,18.399999618530273,17.700000762939453,18.299999237060547,16.791404724121094,23856400.0
2023-11-01,OR.BK,18.100000381469727,18.299999237060547,18.0,18.200000762939453,16.69965171813965,11257600.0
2023-11-02,OR.BK,18.299999237060547,18.399999618530273,18.200000762939453,18.399999618530273,16.88316535949707,7299900.0
2023-11-03,OR.BK,18.5,19.0,18.399999618530273,18.899999618530273,17.34194564819336,25141600.0
2023-11-06,OR.BK,19.0,19.100000381469727,18.799999237060547,18.899999618530273,17.34194564819336,13835300.0
2023-11-07,OR.BK,18.799999237060547,18.899999618530273,18.600000381469727,18.600000381469727,17.066679000854492,9384500.0
2023-11-08,OR.BK,18.600000381469727,18.899999618530273,18.600000381469727,18.700000762939453,17.15843391418457,12368800.0
2023-11-09,OR.BK,18.799999237060547,18.799999237060547,18.399999618530273,18.700000762939453,17.15843391418457,18034800.0
2023-11-10,OR.BK,18.5,18.700000762939453,18.200000762939453,18.200000762939453,16.69965171813965,21739600.0
2023-11-13,OR.BK,18.200000762939453,18.299999237060547,18.0,18.100000381469727,16.60789680480957,19425400.0
2023-11-14,OR.BK,18.200000762939453,19.200000762939453,18.100000381469727,19.200000762939453,17.61721420288086,47455000.0
2023-11-15,OR.BK,19.399999618530273,19.5,19.100000381469727,19.299999237060547,17.70897102355957,23719400.0
2023-11-16,OR.BK,19.299999237060547,19.799999237060547,19.299999237060547,19.799999237060547,18.16775131225586,21537600.0
2023-11-17,OR.BK,19.600000381469727,20.0,19.5,19.899999618530273,18.25950813293457,31428100.0
2023-11-20,OR.BK,19.899999618530273,19.899999618530273,19.600000381469727,19.799999237060547,18.16775131225586,15927700.0
2023-11-21,OR.BK,20.0,20.200000762939453,19.899999618530273,20.0,18.35126495361328,29483100.0
2023-11-22,OR.BK,20.0,20.200000762939453,19.899999618530273,20.100000381469727,18.443023681640625,17637400.0
2023-11-23,OR.BK,20.100000381469727,20.200000762939453,19.899999618530273,20.0,18.35126495361328,12272400.0
2023-11-24,OR.BK,20.100000381469727,20.200000762939453,19.899999618530273,20.100000381469727,18.443023681640625,12645400.0
2023-11-27,OR.BK,20.0,20.200000762939453,19.899999618530273,20.100000381469727,18.443023681640625,12882300.0
2023-11-28,OR.BK,20.200000762939453,20.299999237060547,20.0,20.100000381469727,18.443023681640625,15367600.0
2023-11-29,OR.BK,20.200000762939453,20.299999237060547,20.100000381469727,20.100000381469727,18.443023681640625,11174700.0
2023-11-30,OR.BK,20.0,20.200000762939453,19.700000762939453,19.899999618530273,18.25950813293457,68273500.0
2023-12-01,OR.BK,19.899999618530273,20.299999237060547,19.899999618530273,20.200000762939453,18.534778594970703,9524100.0
2023-12-04,OR.BK,20.200000762939453,20.5,20.200000762939453,20.299999237060547,18.626535415649414,10004400.0
2023-12-06,OR.BK,20.299999237060547,20.5,20.200000762939453,20.299999237060547,18.626535415649414,8599200.0
2023-12-07,OR.BK,20.100000381469727,20.299999237060547,20.0,20.200000762939453,18.534778594970703,4867300.0
2023-12-08,OR.BK,20.200000762939453,20.299999237060547,19.899999618530273,20.0,18.35126495361328,9282700.0
2023-12-12,OR.BK,20.100000381469727,20.200000762939453,19.899999618530273,20.0,18.35126495361328,6273600.0
2023-12-13,OR.BK,19.899999618530273,20.0,19.600000381469727,19.700000762939453,18.075998306274414,11300600.0
2023-12-14,OR.BK,19.799999237060547,20.299999237060547,19.700000762939453,20.299999237060547,18.626535415649414,16364000.0
2023-12-15,OR.BK,20.399999618530273,20.399999618530273,20.100000381469727,20.100000381469727,18.443023681640625,17247300.0
2023-12-18,OR.BK,20.100000381469727,20.100000381469727,19.899999618530273,20.100000381469727,18.443023681640625,5719400.0
2023-12-19,OR.BK,20.0,20.100000381469727,19.899999618530273,20.0,18.35126495361328,4891000.0
2023-12-20,OR.BK,20.100000381469727,20.200000762939453,19.899999618530273,20.0,18.35126495361328,6522900.0
2023-12-21,OR.BK,19.899999618530273,20.0,19.799999237060547,19.899999618530273,18.25950813293457,7575900.0
2023-12-22,OR.BK,19.899999618530273,20.0,19.600000381469727,19.899999618530273,18.25950813293457,10480100.0
2023-12-25,OR.BK,19.899999618530273,20.100000381469727,19.799999237060547,20.0,18.35126495361328,3014600.0
2023-12-26,OR.BK,19.899999618530273,20.0,19.299999237060547,19.5,17.892484664916992,22004900.0
2023-12-27,OR.BK,19.5,19.5,18.899999618530273,19.100000381469727,17.52545928955078,36486900.0
2023-12-28,OR.BK,19.0,19.200000762939453,18.799999237060547,19.100000381469727,17.52545928955078,29142700.0
2024-01-03,OR.BK,19.399999618530273,19.5,19.200000762939453,19.299999237060547,17.70897102355957,11321000.0
2024-01-04,OR.BK,19.200000762939453,19.700000762939453,19.200000762939453,19.600000381469727,17.984241485595703,13179300.0
2024-01-05,OR.BK,19.5,19.600000381469727,19.299999237060547,19.399999618530273,17.80072593688965,5506300.0
2024-01-08,OR.BK,19.399999618530273,19.399999618530273,19.100000381469727,19.200000762939453,17.61721420288086,7915300.0
2024-01-09,OR.BK,19.399999618530273,19.5,19.299999237060547,19.299999237060547,17.70897102355957,10703800.0
2024-01-10,OR.BK,19.399999618530273,19.5,19.299999237060547,19.299999237060547,17.70897102355957,6647000.0
2024-01-11,OR.BK,19.399999618530273,19.399999618530273,19.200000762939453,19.299999237060547,17.70897102355957,4971300.0
2024-01-12,OR.BK,19.299999237060547,19.399999618530273,19.200000762939453,19.299999237060547,17.70897102355957,4164900.0
2024-01-15,OR.BK,19.299999237060547,19.299999237060547,19.299999237060547,19.299999237060547,17.70897102355957,0.0
2024-01-16,OR.BK,19.0,19.0,18.799999237060547,18.899999618530273,17.34194564819336,7692300.0
2024-01-17,OR.BK,18.799999237060547,18.899999618530273,18.5,18.5,16.97492218017578,12619700.0
2024-01-18,OR.BK,18.5,18.600000381469727,18.299999237060547,18.399999618530273,16.88316535949707,9424600.0
2024-01-19,OR.BK,18.5,18.600000381469727,18.299999237060547,18.299999237060547,16.791404724121094,7542100.0
2024-01-22,OR.BK,18.399999618530273,18.5,18.100000381469727,18.100000381469727,16.60789680480957,7997200.0
2024-01-23,OR.BK,18.200000762939453,18.399999618530273,18.100000381469727,18.100000381469727,16.60789680480957,5481100.0
2024-01-24,OR.BK,18.200000762939453,18.5,18.100000381469727,18.5,16.97492218017578,8666800.0
2024-01-25,OR.BK,18.5,18.5,18.200000762939453,18.299999237060547,16.791404724121094,8120300.0
2024-01-26,OR.BK,18.299999237060547,18.399999618530273,18.100000381469727,18.200000762939453,16.69965171813965,6596000.0
2024-01-29,OR.BK,18.299999237060547,18.399999618530273,18.100000381469727,18.299999237060547,16.791404724121094,8655500.0
2024-01-30,OR.BK,18.200000762939453,18.299999237060547,18.100000381469727,18.200000762939453,16.69965171813965,4592000.0
2024-01-31,OR.BK,18.299999237060547,18.299999237060547,17.799999237060547,17.899999618530273,16.42438316345215,16927300.0
2024-02-01,OR.BK,18.0,18.100000381469727,17.899999618530273,18.0,16.51613998413086,5151600.0
2024-02-02,OR.BK,18.100000381469727,18.299999237060547,18.0,18.100000381469727,16.60789680480957,16190700.0
2024-02-05,OR.BK,18.100000381469727,18.100000381469727,18.0,18.0,16.51613998413086,4541300.0
2024-02-06,OR.BK,18.0,18.299999237060547,17.899999618530273,18.200000762939453,16.69965171813965,12340500.0
2024-02-07,OR.BK,18.200000762939453,18.299999237060547,18.100000381469727,18.200000762939453,16.69965171813965,7431900.0
2024-02-08,OR.BK,18.200000762939453,18.299999237060547,17.899999618530273,18.0,16.51613998413086,15408200.0
2024-02-09,OR.BK,18.0,18.100000381469727,17.899999618530273,18.100000381469727,16.60789680480957,6134100.0
2024-02-12,OR.BK,18.100000381469727,18.200000762939453,18.0,18.100000381469727,16.60789680480957,5775400.0
2024-02-13,OR.BK,18.200000762939453,19.0,18.100000381469727,18.799999237060547,17.250186920166016,26620200.0
2024-02-14,OR.BK,18.399999618530273,18.5,18.0,18.100000381469727,16.60789680480957,30822100.0
2024-02-15,OR.BK,18.100000381469727,18.200000762939453,18.0,18.100000381469727,16.60789680480957,7448900.0
2024-02-16,OR.BK,18.200000762939453,18.5,18.200000762939453,18.399999618530273,16.88316535949707,11441800.0
2024-02-19,OR.BK,18.299999237060547,18.799999237060547,18.299999237060547,18.600000381469727,17.066679000854492,11963800.0
2024-02-20,OR.BK,18.700000762939453,18.899999618530273,18.600000381469727,18.799999237060547,17.250186920166016,19681700.0
2024-02-21,OR.BK,18.799999237060547,18.799999237060547,18.5,18.700000762939453,17.15843391418457,10857500.0
2024-02-22,OR.BK,18.700000762939453,19.0,18.700000762939453,18.899999618530273,17.34194564819336,13210900.0
2024-02-23,OR.BK,18.600000381469727,18.700000762939453,18.399999618530273,18.399999618530273,17.127849578857422,6834800.0
2024-02-27,OR.BK,18.399999618530273,18.5,18.100000381469727,18.200000762939453,16.94167709350586,13890100.0
2024-02-28,OR.BK,18.200000762939453,18.5,18.100000381469727,18.5,17.220935821533203,11064100.0
2024-02-29,OR.BK,18.5,18.5,18.0,18.100000381469727,16.848590850830078,19753300.0
2024-03-01,OR.BK,18.100000381469727,18.299999237060547,18.0,18.100000381469727,16.848590850830078,8655700.0
2024-03-04,OR.BK,18.100000381469727,18.200000762939453,18.0,18.100000381469727,16.848590850830078,9676400.0
2024-03-05,OR.BK,18.0,18.100000381469727,17.799999237060547,17.799999237060547,16.569332122802734,17591000.0
2024-03-06,OR.BK,17.799999237060547,18.100000381469727,17.799999237060547,17.899999618530273,16.662418365478516,6986500.0
2024-03-07,OR.BK,18.0,18.100000381469727,17.600000381469727,17.799999237060547,16.569332122802734,18700400.0
2024-03-08,OR.BK,17.799999237060547,18.100000381469727,17.799999237060547,18.0,16.755504608154297,5214600.0
2024-03-11,OR.BK,18.0,18.299999237060547,18.0,18.100000381469727,16.848590850830078,8246900.0
2024-03-12,OR.BK,18.200000762939453,18.200000762939453,17.899999618530273,17.899999618530273,16.662418365478516,9463000.0
2024-03-13,OR.BK,17.899999618530273,18.100000381469727,17.899999618530273,18.0,16.755504608154297,5942900.0
2024-03-14,OR.BK,18.100000381469727,18.399999618530273,18.0,18.299999237060547,17.034759521484375,14677700.0
2024-03-15,OR.BK,18.299999237060547,18.299999237060547,18.299999237060547,18.299999237060547,17.034759521484375,0.0
2024-03-18,OR.BK,18.200000762939453,18.399999618530273,18.100000381469727,18.399999618530273,17.127849578857422,6397700.0
2024-03-19,OR.BK,18.299999237060547,18.399999618530273,18.0,18.0,16.755504608154297,13392100.0
2024-03-20,OR.BK,18.100000381469727,18.100000381469727,17.799999237060547,17.899999618530273,16.662418365478516,12700100.0
2024-03-21,OR.BK,18.100000381469727,18.100000381469727,17.899999618530273,18.0,16.755504608154297,8905900.0
2024-03-22,OR.BK,18.0,18.0,18.0,18.0,16.755504608154297,0.0
2024-03-25,OR.BK,18.0,18.100000381469727,17.700000762939453,17.799999237060547,16.569332122802734,18185700.0
2024-03-26,OR.BK,17.899999618530273,18.0,17.700000762939453,17.899999618530273,16.662418365478516,10532300.0
2024-03-27,OR.BK,17.799999237060547,17.899999618530273,17.700000762939453,17.799999237060547,16.569332122802734,14757900.0
2024-03-28,OR.BK,17.799999237060547,17.899999618530273,17.600000381469727,17.600000381469727,16.383159637451172,15191100.0
2024-03-29,OR.BK,17.600000381469727,18.100000381469727,17.600000381469727,17.899999618530273,16.662418365478516,13085700.0
2024-04-01,OR.BK,17.899999618530273,18.200000762939453,17.700000762939453,18.100000381469727,16.848590850830078,23378200.0
2024-04-02,OR.BK,18.100000381469727,18.299999237060547,18.0,18.200000762939453,16.94167709350586,12958700.0
2024-04-03,OR.BK,18.100000381469727,18.399999618530273,18.0,18.299999237060547,17.034759521484375,17837200.0
2024-04-04,OR.BK,18.299999237060547,18.299999237060547,18.299999237060547,18.299999237060547,17.034759521484375,0.0
2024-04-05,OR.BK,18.299999237060547,18.5,18.299999237060547,18.399999618530273,17.127849578857422,10614700.0
2024-04-09,OR.BK,18.399999618530273,18.399999618530273,18.399999618530273,18.399999618530273,17.127849578857422,0.0
2024-04-10,OR.BK,18.600000381469727,18.700000762939453,18.399999618530273,18.5,17.220935821533203,9048600.0
2024-04-11,OR.BK,18.399999618530273,18.399999618530273,18.200000762939453,18.299999237060547,17.034759521484375,10237300.0
2024-04-17,OR.BK,18.100000381469727,18.299999237060547,18.0,18.100000381469727,16.848590850830078,13722500.0
2024-04-18,OR.BK,18.100000381469727,18.5,18.100000381469727,18.299999237060547,17.034759521484375,29943000.0
2024-04-19,OR.BK,18.100000381469727,18.200000762939453,17.799999237060547,17.799999237060547,16.569332122802734,21983600.0
2024-04-22,OR.BK,18.0,18.100000381469727,17.899999618530273,18.0,16.755504608154297,7853900.0
2024-04-23,OR.BK,18.100000381469727,18.200000762939453,18.0,18.100000381469727,16.848590850830078,8343300.0
2024-04-24,OR.BK,18.100000381469727,18.100000381469727,17.899999618530273,18.0,16.755504608154297,8430300.0
2024-04-25,OR.BK,18.0,18.100000381469727,17.899999618530273,18.0,16.755504608154297,5247200.0
2024-04-26,OR.BK,18.0,18.100000381469727,18.0,18.100000381469727,16.848590850830078,2162200.0
2024-04-29,OR.BK,18.200000762939453,18.399999618530273,18.100000381469727,18.299999237060547,17.034759521484375,10283100.0
2024-04-30,OR.BK,18.299999237060547,18.700000762939453,18.200000762939453,18.700000762939453,17.407108306884766,29062600.0
2024-05-02,OR.BK,18.600000381469727,18.700000762939453,18.399999618530273,18.5,17.220935821533203,19856600.0
2024-05-03,OR.BK,18.600000381469727,18.899999618530273,18.5,18.700000762939453,17.407108306884766,22128000.0
2024-05-07,OR.BK,18.700000762939453,18.700000762939453,18.700000762939453,18.700000762939453,17.407108306884766,0.0
2024-05-08,OR.BK,18.5,18.600000381469727,18.399999618530273,18.5,17.220935821533203,10560200.0
2024-05-09,OR.BK,18.600000381469727,18.700000762939453,18.100000381469727,18.100000381469727,16.848590850830078,38058900.0
2024-05-10,OR.BK,18.200000762939453,18.299999237060547,18.0,18.200000762939453,16.94167709350586,8426300.0
2024-05-13,OR.BK,18.200000762939453,18.299999237060547,18.100000381469727,18.299999237060547,17.034759521484375,7570800.0
2024-05-14,OR.BK,18.299999237060547,18.299999237060547,18.200000762939453,18.299999237060547,17.034759521484375,8503600.0
2024-05-15,OR.BK,18.299999237060547,18.299999237060547,18.299999237060547,18.299999237060547,17.034759521484375,0.0
2024-05-16,OR.BK,18.299999237060547,18.299999237060547,18.299999237060547,18.299999237060547,17.034759521484375,0.0
2024-05-17,OR.BK,18.100000381469727,18.200000762939453,18.0,18.100000381469727,16.848590850830078,4991200.0
2024-05-20,OR.BK,18.100000381469727,18.299999237060547,18.0,18.100000381469727,16.848590850830078,14280500.0
2024-05-21,OR.BK,18.100000381469727,18.100000381469727,17.899999618530273,18.0,16.755504608154297,17636100.0
2024-05-23,OR.BK,18.0,18.100000381469727,17.899999618530273,18.0,16.755504608154297,8051400.0
2024-05-24,OR.BK,17.899999618530273,18.100000381469727,17.899999618530273,18.0,16.755504608154297,3695900.0
2024-05-27,OR.BK,18.0,18.0,17.899999618530273,18.0,16.755504608154297,9336100.0
2024-05-28,OR.BK,18.0,18.100000381469727,17.799999237060547,18.0,16.755504608154297,11829800.0
2024-05-29,OR.BK,17.899999618530273,18.0,17.799999237060547,17.799999237060547,16.569332122802734,12568600.0
2024-05-30,OR.BK,17.799999237060547,17.899999618530273,17.700000762939453,17.799999237060547,16.569332122802734,8514600.0
2024-05-31,OR.BK,17.799999237060547,18.100000381469727,17.700000762939453,18.100000381469727,16.848590850830078,62288900.0
2024-06-04,OR.BK,18.0,18.0,17.700000762939453,17.799999237060547,16.569332122802734,15685900.0
2024-06-05,OR.BK,17.799999237060547,17.899999618530273,17.600000381469727,17.700000762939453,16.476245880126953,14033600.0
2024-06-06,OR.BK,17.799999237060547,17.799999237060547,17.399999618530273,17.399999618530273,16.196989059448242,25693300.0
2024-06-07,OR.BK,17.399999618530273,17.5,17.0,17.200000762939453,16.01081657409668,33679000.0
2024-06-10,OR.BK,17.100000381469727,17.100000381469727,16.799999237060547,16.899999618530273,15.731554985046387,20134400.0
2024-06-11,OR.BK,16.899999618530273,17.100000381469727,16.799999237060547,16.799999237060547,15.638469696044922,11132100.0
2024-06-12,OR.BK,16.799999237060547,16.799999237060547,16.5,16.600000381469727,15.452299118041992,12330300.0
2024-06-13,OR.BK,16.700000762939453,16.799999237060547,16.600000381469727,16.600000381469727,15.452299118041992,7013000.0
2024-06-14,OR.BK,16.700000762939453,16.700000762939453,16.200000762939453,16.200000762939453,15.079955101013184,19781200.0
2024-06-17,OR.BK,16.200000762939453,16.200000762939453,16.200000762939453,16.200000762939453,15.079955101013184,0.0
2024-06-18,OR.BK,16.200000762939453,16.399999618530273,16.0,16.100000381469727,14.98686695098877,15215800.0
2024-06-19,OR.BK,16.100000381469727,16.200000762939453,15.699999809265137,16.0,14.893781661987305,22779700.0
2024-06-20,OR.BK,15.899999618530273,16.299999237060547,15.800000190734863,16.0,14.893781661987305,13526800.0
2024-06-21,OR.BK,15.899999618530273,16.299999237060547,15.800000190734863,16.200000762939453,15.079955101013184,14270200.0
2024-06-24,OR.BK,16.200000762939453,16.299999237060547,16.100000381469727,16.299999237060547,15.173039436340332,4305700.0
2024-06-25,OR.BK,16.5,16.799999237060547,16.399999618530273,16.399999618530273,15.266125679016113,15104900.0
2024-06-26,OR.BK,16.399999618530273,16.399999618530273,16.399999618530273,16.399999618530273,15.266125679016113,0.0
2024-06-27,OR.BK,16.299999237060547,16.299999237060547,16.0,16.0,14.893781661987305,17454900.0
2024-06-28,OR.BK,16.100000381469727,16.100000381469727,15.899999618530273,16.0,14.893781661987305,12152600.0
2024-07-01,OR.BK,16.200000762939453,16.200000762939453,15.899999618530273,16.0,14.893781661987305,4941100.0
2024-07-02,OR.BK,15.899999618530273,16.0,15.600000381469727,15.800000190734863,14.707609176635742,11768900.0
2024-07-03,OR.BK,15.899999618530273,15.899999618530273,15.800000190734863,15.899999618530273,14.800695419311523,4812400.0
2024-07-04,OR.BK,16.0,16.100000381469727,15.800000190734863,15.899999618530273,14.800695419311523,6981100.0
2024-07-05,OR.BK,15.899999618530273,16.100000381469727,15.800000190734863,16.100000381469727,14.98686695098877,3738400.0
2024-07-08,OR.BK,16.100000381469727,16.399999618530273,16.0,16.399999618530273,15.266125679016113,8649800.0
2024-07-09,OR.BK,16.399999618530273,16.5,16.100000381469727,16.200000762939453,15.079955101013184,6162700.0
2024-07-10,OR.BK,16.200000762939453,16.399999618530273,16.100000381469727,16.200000762939453,15.079955101013184,7228000.0
2024-07-11,OR.BK,16.200000762939453,16.299999237060547,16.0,16.200000762939453,15.079955101013184,6502800.0
2024-07-12,OR.BK,16.200000762939453,16.5,16.100000381469727,16.5,15.359210968017578,15346300.0
2024-07-15,OR.BK,16.5,16.5,16.5,16.5,15.359210968017578,0.0
2024-07-16,OR.BK,16.299999237060547,16.600000381469727,16.200000762939453,16.299999237060547,15.173039436340332,19245600.0
2024-07-17,OR.BK,16.299999237060547,16.299999237060547,16.100000381469727,16.200000762939453,15.079955101013184,3772000.0
2024-07-18,OR.BK,16.200000762939453,16.299999237060547,16.100000381469727,16.299999237060547,15.173039436340332,5806800.0
2024-07-19,OR.BK,16.299999237060547,16.299999237060547,16.100000381469727,16.200000762939453,15.079955101013184,7519200.0
2024-07-23,OR.BK,16.299999237060547,16.299999237060547,16.0,16.0,14.893781661987305,11112300.0
2024-07-24,OR.BK,16.0,16.100000381469727,15.699999809265137,15.899999618530273,14.800695419311523,9191500.0
2024-07-25,OR.BK,15.600000381469727,15.899999618530273,15.600000381469727,15.600000381469727,14.521437644958496,11295700.0
2024-07-26,OR.BK,15.600000381469727,15.800000190734863,15.399999618530273,15.699999809265137,14.614521980285645,11888700.0
2024-07-30,OR.BK,15.699999809265137,15.699999809265137,15.699999809265137,15.699999809265137,14.614521980285645,0.0
2024-07-31,OR.BK,15.699999809265137,15.899999618530273,15.699999809265137,15.800000190734863,14.707609176635742,7791300.0
2024-08-01,OR.BK,15.800000190734863,15.800000190734863,15.600000381469727,15.800000190734863,14.707609176635742,7051200.0
2024-08-02,OR.BK,15.800000190734863,15.800000190734863,15.800000190734863,15.800000190734863,14.707609176635742,0.0
2024-08-05,OR.BK,15.5,15.5,14.899999618530273,15.0,13.962920188903809,15947800.0
2024-08-06,OR.BK,15.0,15.100000381469727,14.699999809265137,14.699999809265137,13.683661460876465,9689100.0
2024-08-07,OR.BK,14.899999618530273,15.0,14.699999809265137,14.899999618530273,13.869833946228027,9601500.0
2024-08-08,OR.BK,14.899999618530273,14.899999618530273,14.699999809265137,14.800000190734863,13.776747703552246,6610900.0
2024-08-09,OR.BK,14.800000190734863,14.800000190734863,14.0,14.0,13.032058715820312,24547300.0
2024-08-13,OR.BK,14.100000381469727,14.199999809265137,13.800000190734863,13.800000190734863,12.84588623046875,8919900.0
2024-08-14,OR.BK,13.899999618530273,14.199999809265137,13.800000190734863,14.0,13.032058715820312,12656000.0
2024-08-15,OR.BK,14.100000381469727,14.100000381469727,13.699999809265137,14.0,13.032058715820312,10108700.0
2024-08-16,OR.BK,14.0,14.100000381469727,13.899999618530273,14.100000381469727,13.12514591217041,7715900.0
2024-08-19,OR.BK,14.100000381469727,14.100000381469727,14.100000381469727,14.100000381469727,13.12514591217041,0.0
2024-08-20,OR.BK,14.600000381469727,14.699999809265137,14.399999618530273,14.399999618530273,13.404402732849121,12741900.0
2024-08-21,OR.BK,14.600000381469727,14.899999618530273,14.5,14.800000190734863,13.776747703552246,10870500.0
2024-08-22,OR.BK,14.800000190734863,15.399999618530273,14.699999809265137,15.399999618530273,14.335264205932617,20197500.0
2024-08-23,OR.BK,15.399999618530273,15.600000381469727,15.199999809265137,15.5,14.428350448608398,11941600.0
2024-08-26,OR.BK,15.600000381469727,15.600000381469727,15.300000190734863,15.300000190734863,14.242177963256836,20480800.0
2024-08-27,OR.BK,15.399999618530273,15.699999809265137,15.300000190734863,15.600000381469727,14.521437644958496,21848400.0
2024-08-28,OR.BK,15.600000381469727,15.699999809265137,15.300000190734863,15.600000381469727,14.521437644958496,10694200.0
2024-08-29,OR.BK,15.600000381469727,15.699999809265137,15.5,15.600000381469727,14.521437644958496,4693100.0
2024-08-30,OR.BK,15.600000381469727,15.600000381469727,15.300000190734863,15.5,14.428350448608398,20579200.0
2024-09-02,OR.BK,15.199999809265137,15.300000190734863,15.0,15.0,14.210455894470215,13335800.0
2024-09-03,OR.BK,15.0,15.199999809265137,14.899999618530273,15.100000381469727,14.305193901062012,13451900.0
2024-09-04,OR.BK,15.0,15.399999618530273,15.0,15.300000190734863,14.494665145874023,5877300.0
2024-09-05,OR.BK,15.399999618530273,16.299999237060547,15.399999618530273,16.200000762939453,15.347293853759766,41832300.0
2024-09-06,OR.BK,16.399999618530273,17.100000381469727,16.399999618530273,17.100000381469727,16.199920654296875,28237400.0
2024-09-09,OR.BK,17.100000381469727,17.100000381469727,17.100000381469727,17.100000381469727,16.199920654296875,0.0
2024-09-10,OR.BK,17.200000762939453,17.299999237060547,16.799999237060547,16.899999618530273,16.010448455810547,16690600.0
2024-09-11,OR.BK,16.700000762939453,16.799999237060547,16.5,16.700000762939453,15.820974349975586,27665600.0
2024-09-12,OR.BK,16.799999237060547,16.899999618530273,16.700000762939453,16.700000762939453,15.820974349975586,7444100.0
2024-09-13,OR.BK,16.899999618530273,16.899999618530273,16.600000381469727,16.700000762939453,15.820974349975586,6537700.0
2024-09-16,OR.BK,16.799999237060547,17.200000762939453,16.700000762939453,17.0,16.10518455505371,28819800.0
2024-09-17,OR.BK,17.0,17.100000381469727,16.799999237060547,16.799999237060547,15.915711402893066,7958800.0
2024-09-18,OR.BK,16.799999237060547,17.0,16.799999237060547,16.899999618530273,16.010448455810547,6488600.0
2024-09-19,OR.BK,16.899999618530273,17.399999618530273,16.799999237060547,17.399999618530273,16.484130859375,17829100.0
2024-09-20,OR.BK,17.399999618530273,17.5,17.200000762939453,17.299999237060547,16.38939094543457,27352500.0
2024-09-23,OR.BK,17.299999237060547,17.299999237060547,17.0,17.100000381469727,16.199920654296875,9473100.0
2024-09-24,OR.BK,17.100000381469727,17.299999237060547,17.0,17.299999237060547,16.38939094543457,15451700.0
2024-09-25,OR.BK,17.299999237060547,17.299999237060547,17.100000381469727,17.200000762939453,16.294658660888672,12957100.0
2024-09-26,OR.BK,17.200000762939453,17.600000381469727,17.100000381469727,17.600000381469727,16.673603057861328,58439500.0
2024-09-27,OR.BK,17.600000381469727,17.700000762939453,17.399999618530273,17.399999618530273,16.484130859375,34813400.0
2024-09-30,OR.BK,17.399999618530273,17.799999237060547,17.299999237060547,17.600000381469727,16.673603057861328,31486800.0
2024-10-01,OR.BK,17.600000381469727,17.799999237060547,17.600000381469727,17.600000381469727,16.673603057861328,9607100.0
2024-10-02,OR.BK,17.600000381469727,17.700000762939453,17.299999237060547,17.299999237060547,16.38939094543457,16982600.0
2024-10-03,OR.BK,17.299999237060547,17.399999618530273,17.0,17.100000381469727,16.199920654296875,11498400.0
2024-10-04,OR.BK,17.200000762939453,17.299999237060547,16.600000381469727,16.799999237060547,15.915711402893066,20533800.0
2024-10-07,OR.BK,16.799999237060547,17.0,16.799999237060547,16.899999618530273,16.010448455810547,3875300.0
2024-10-08,OR.BK,16.799999237060547,17.100000381469727,16.799999237060547,16.899999618530273,16.010448455810547,7630100.0
2024-10-09,OR.BK,16.799999237060547,16.899999618530273,16.700000762939453,16.700000762939453,15.820974349975586,4481000.0
2024-10-10,OR.BK,16.700000762939453,16.799999237060547,16.600000381469727,16.700000762939453,15.820974349975586,10426700.0
2024-10-11,OR.BK,16.700000762939453,16.799999237060547,16.600000381469727,16.600000381469727,15.726240158081055,7088600.0
2024-10-15,OR.BK,16.600000381469727,16.799999237060547,16.5,16.799999237060547,15.915711402893066,11725700.0
2024-10-16,OR.BK,16.799999237060547,16.799999237060547,16.799999237060547,16.799999237060547,15.915711402893066,0.0
2024-10-17,OR.BK,17.0,17.0,16.799999237060547,16.799999237060547,15.915711402893066,4572000.0
2024-10-18,OR.BK,16.700000762939453,16.799999237060547,16.600000381469727,16.600000381469727,15.726240158081055,3469900.0
2024-10-21,OR.BK,16.700000762939453,16.700000762939453,16.399999618530273,16.5,15.631502151489258,4495000.0
2024-10-22,OR.BK,16.399999618530273,16.399999618530273,16.100000381469727,16.100000381469727,15.252557754516602,13300500.0
2024-10-24,OR.BK,16.100000381469727,16.100000381469727,15.600000381469727,15.600000381469727,14.778875350952148,11659100.0
2024-10-25,OR.BK,15.600000381469727,15.800000190734863,15.5,15.800000190734863,14.968348503112793,7510400.0
2024-10-28,OR.BK,15.800000190734863,16.100000381469727,15.699999809265137,15.899999618530273,15.06308364868164,9781300.0
2024-10-29,OR.BK,15.899999618530273,16.100000381469727,15.699999809265137,15.699999809265137,14.873611450195312,5412400.0
2024-10-30,OR.BK,15.699999809265137,15.800000190734863,15.399999618530273,15.399999618530273,14.589402198791504,7896500.0
2024-10-31,OR.BK,15.399999618530273,15.699999809265137,15.300000190734863,15.399999618530273,14.589402198791504,10988600.0
2024-11-01,OR.BK,15.300000190734863,15.5,15.300000190734863,15.399999618530273,14.589402198791504,4715600.0
2024-11-04,OR.BK,15.399999618530273,15.600000381469727,15.300000190734863,15.300000190734863,14.494665145874023,6210300.0
2024-11-05,OR.BK,15.300000190734863,15.600000381469727,15.199999809265137,15.5,14.684138298034668,9198700.0
2024-11-06,OR.BK,15.5,15.600000381469727,15.0,15.0,14.210455894470215,10459400.0
2024-11-07,OR.BK,15.0,15.199999809265137,14.899999618530273,15.0,14.210455894470215,7601100.0
2024-11-08,OR.BK,14.699999809265137,15.0,14.5,14.5,13.736775398254395,17302300.0
2024-11-11,OR.BK,14.600000381469727,14.699999809265137,14.399999618530273,14.5,13.736775398254395,5217700.0
2024-11-12,OR.BK,14.5,14.600000381469727,14.399999618530273,14.399999618530273,13.64203929901123,5052200.0
2024-11-13,OR.BK,14.399999618530273,14.600000381469727,14.399999618530273,14.399999618530273,13.64203929901123,3857600.0
2024-11-14,OR.BK,14.399999618530273,14.5,14.100000381469727,14.100000381469727,13.357830047607422,9710200.0
2024-11-15,OR.BK,14.100000381469727,14.300000190734863,14.100000381469727,14.199999809265137,13.452566146850586,4161000.0
2024-11-18,OR.BK,14.300000190734863,14.600000381469727,14.300000190734863,14.600000381469727,13.831512451171875,6905600.0
2024-11-19,OR.BK,14.5,14.899999618530273,14.5,14.899999618530273,14.11571979522705,8312100.0
2024-11-20,OR.BK,15.0,15.0,14.5,14.699999809265137,13.926247596740723,7887400.0
2024-11-21,OR.BK,15.0,15.199999809265137,14.800000190734863,14.800000190734863,14.020983695983887,12197800.0
2024-11-22,OR.BK,14.899999618530273,15.100000381469727,14.800000190734863,15.0,14.210455894470215,4089600.0
2024-11-25,OR.BK,15.100000381469727,15.100000381469727,14.399999618530273,14.399999618530273,13.64203929901123,23509400.0
2024-11-26,OR.BK,14.399999618530273,14.5,14.199999809265137,14.300000190734863,13.54730224609375,7190600.0
2024-11-27,OR.BK,14.300000190734863,14.399999618530273,14.100000381469727,14.199999809265137,13.452566146850586,11684400.0
2024-11-28,OR.BK,14.0,14.100000381469727,13.600000381469727,13.600000381469727,12.884147644042969,30853600.0
2024-11-29,OR.BK,14.0,14.5,13.800000190734863,14.100000381469727,13.357830047607422,25754600.0
2024-12-02,OR.BK,14.199999809265137,14.300000190734863,14.0,14.100000381469727,13.357830047607422,10850700.0
2024-12-03,OR.BK,14.100000381469727,14.300000190734863,14.100000381469727,14.300000190734863,13.54730224609375,5921900.0
2024-12-04,OR.BK,14.300000190734863,14.399999618530273,14.100000381469727,14.100000381469727,13.357830047607422,4270200.0
2024-12-06,OR.BK,14.100000381469727,14.300000190734863,14.0,14.100000381469727,13.357830047607422,6112100.0
2024-12-09,OR.BK,14.100000381469727,14.199999809265137,13.899999618530273,13.899999618530273,13.168356895446777,6942300.0
2024-12-11,OR.BK,14.0,14.199999809265137,13.899999618530273,14.100000381469727,13.357830047607422,5352500.0
2024-12-12,OR.BK,14.100000381469727,14.100000381469727,13.800000190734863,13.800000190734863,13.073620796203613,7159400.0
2024-12-13,OR.BK,13.800000190734863,13.899999618530273,13.699999809265137,13.800000190734863,13.073620796203613,6157900.0
2024-12-16,OR.BK,13.800000190734863,13.800000190734863,13.600000381469727,13.800000190734863,13.073620796203613,6001900.0
2024-12-17,OR.BK,13.800000190734863,13.800000190734863,13.100000381469727,13.199999809265137,12.505202293395996,12739600.0
2024-12-18,OR.BK,13.199999809265137,13.5,13.100000381469727,13.300000190734863,12.59993839263916,10512500.0
2024-12-19,OR.BK,13.100000381469727,13.300000190734863,13.0,13.100000381469727,12.410466194152832,7454200.0
2024-12-20,OR.BK,13.0,13.100000381469727,12.899999618530273,13.100000381469727,12.410466194152832,12047300.0
2024-12-23,OR.BK,13.100000381469727,13.5,13.0,13.399999618530273,12.694674491882324,6754500.0
2024-12-24,OR.BK,13.300000190734863,13.5,13.300000190734863,13.399999618530273,12.694674491882324,4323100.0
2024-12-25,OR.BK,13.399999618530273,13.699999809265137,13.399999618530273,13.5,12.789411544799805,8975100.0
2024-12-26,OR.BK,13.5,13.600000381469727,13.399999618530273,13.5,12.789411544799805,4867600.0
2024-12-27,OR.BK,13.5,13.800000190734863,13.300000190734863,13.5,12.789411544799805,11069500.0
2024-12-30,OR.BK,13.5,13.600000381469727,13.300000190734863,13.300000190734863,12.59993839263916,4091300.0
2025-01-02,OR.BK,13.300000190734863,13.399999618530273,12.899999618530273,13.0,12.315729141235352,13595100.0
2025-01-03,OR.BK,13.0,13.300000190734863,12.899999618530273,13.0,12.315729141235352,12208500.0
2025-01-06,OR.BK,13.100000381469727,13.100000381469727,12.300000190734863,12.399999618530273,11.747309684753418,22543600.0
2025-01-07,OR.BK,12.399999618530273,12.600000381469727,12.199999809265137,12.5,11.842047691345215,16813200.0
2025-01-08,OR.BK,12.399999618530273,12.5,12.199999809265137,12.199999809265137,11.55783748626709,13308900.0
2025-01-09,OR.BK,12.199999809265137,12.300000190734863,11.800000190734863,11.899999618530273,11.273629188537598,16130900.0
2025-01-10,OR.BK,11.899999618530273,12.0,11.5,11.699999809265137,11.084156036376953,21154500.0
2025-01-13,OR.BK,11.600000381469727,12.100000381469727,11.600000381469727,11.699999809265137,11.084156036376953,14897300.0
2025-01-14,OR.BK,11.899999618530273,12.300000190734863,11.800000190734863,11.899999618530273,11.273629188537598,20062200.0
2025-01-15,OR.BK,11.899999618530273,12.199999809265137,11.699999809265137,12.199999809265137,11.55783748626709,15073200.0
2025-01-16,OR.BK,12.199999809265137,12.300000190734863,11.899999618530273,12.0,11.368366241455078,9753200.0
2025-01-17,OR.BK,11.800000190734863,12.0,11.699999809265137,11.899999618530273,11.273629188537598,9007500.0
2025-01-20,OR.BK,12.0,12.0,11.800000190734863,11.800000190734863,11.17889404296875,5026700.0
2025-01-21,OR.BK,11.899999618530273,12.0,11.699999809265137,11.800000190734863,11.17889404296875,18420900.0
2025-01-22,OR.BK,11.899999618530273,11.899999618530273,11.5,11.800000190734863,11.17889404296875,11080500.0
2025-01-23,OR.BK,11.699999809265137,11.800000190734863,11.399999618530273,11.5,10.894683837890625,10921700.0
2025-01-24,OR.BK,11.5,11.699999809265137,11.5,11.600000381469727,10.989420890808105,4798200.0
2025-01-27,OR.BK,11.600000381469727,11.699999809265137,11.5,11.5,10.894683837890625,6189400.0
2025-01-28,OR.BK,11.600000381469727,12.0,11.5,11.899999618530273,11.273629188537598,26554400.0
2025-01-29,OR.BK,11.899999618530273,11.899999618530273,11.600000381469727,11.699999809265137,11.084156036376953,11555800.0
2025-01-30,OR.BK,11.600000381469727,12.0,11.600000381469727,11.800000190734863,11.17889404296875,23817700.0
2025-01-31,OR.BK,11.899999618530273,12.100000381469727,11.600000381469727,11.600000381469727,10.989420890808105,29421500.0
2025-02-03,OR.BK,10.899999618530273,11.399999618530273,10.699999809265137,11.399999618530273,10.799946784973145,22703400.0
2025-02-04,OR.BK,11.399999618530273,11.600000381469727,11.199999809265137,11.300000190734863,10.705211639404297,13921700.0
2025-02-05,OR.BK,11.300000190734863,11.600000381469727,11.100000381469727,11.300000190734863,10.705211639404297,11594400.0
2025-02-06,OR.BK,11.300000190734863,11.300000190734863,10.800000190734863,10.899999618530273,10.326265335083008,20522200.0
2025-02-07,OR.BK,11.0,11.300000190734863,10.800000190734863,11.300000190734863,10.705211639404297,23890100.0
2025-02-10,OR.BK,11.199999809265137,11.300000190734863,11.0,11.100000381469727,10.515738487243652,9100500.0
2025-02-11,OR.BK,11.100000381469727,11.399999618530273,11.0,11.399999618530273,10.799946784973145,12353100.0
2025-02-13,OR.BK,11.899999618530273,12.699999809265137,11.800000190734863,12.199999809265137,11.55783748626709,49190100.0
2025-02-14,OR.BK,12.199999809265137,12.5,12.199999809265137,12.399999618530273,11.747309684753418,19165400.0
2025-02-17,OR.BK,12.899999618530273,12.899999618530273,12.0,12.399999618530273,11.747309684753418,35095300.0
2025-02-18,OR.BK,12.300000190734863,12.5,12.199999809265137,12.300000190734863,11.65257453918457,10365800.0
2025-02-19,OR.BK,12.300000190734863,12.600000381469727,12.300000190734863,12.5,11.842047691345215,10619700.0
2025-02-20,OR.BK,12.300000190734863,12.600000381469727,12.300000190734863,12.300000190734863,11.65257453918457,16867700.0
2025-02-21,OR.BK,12.300000190734863,12.5,12.100000381469727,12.199999809265137,11.55783748626709,7303400.0
2025-02-24,OR.BK,12.0,12.0,11.600000381469727,11.899999618530273,11.395051956176758,15290800.0
2025-02-25,OR.BK,11.899999618530273,11.899999618530273,11.399999618530273,11.399999618530273,10.916268348693848,18418400.0
2025-02-26,OR.BK,11.399999618530273,11.5,11.100000381469727,11.5,11.012025833129883,15014700.0
2025-02-27,OR.BK,11.300000190734863,11.5,11.0,11.199999809265137,10.72475528717041,12792400.0
2025-02-28,OR.BK,11.0,11.199999809265137,10.800000190734863,11.0,10.533241271972656,31089700.0
2025-03-03,OR.BK,11.0,11.5,10.800000190734863,11.5,11.012025833129883,13390000.0
2025-03-04,OR.BK,11.199999809265137,11.300000190734863,10.800000190734863,10.800000190734863,10.341728210449219,14197400.0
2025-03-05,OR.BK,10.899999618530273,11.399999618530273,10.899999618530273,11.399999618530273,10.916268348693848,17768900.0
2025-03-06,OR.BK,11.5,11.5,10.899999618530273,11.0,10.533241271972656,22458600.0
2025-03-07,OR.BK,11.0,11.199999809265137,10.899999618530273,11.199999809265137,10.72475528717041,10832200.0
2025-03-10,OR.BK,11.100000381469727,11.199999809265137,10.800000190734863,10.800000190734863,10.341728210449219,17397200.0
2025-03-11,OR.BK,10.699999809265137,11.0,10.399999618530273,10.899999618530273,10.437484741210938,27758600.0
2025-03-12,OR.BK,10.800000190734863,10.899999618530273,10.5,10.5,10.054457664489746,16914200.0
2025-03-13,OR.BK,10.600000381469727,10.699999809265137,10.399999618530273,10.399999618530273,9.958700180053711,11351400.0
2025-03-14,OR.BK,10.5,10.699999809265137,10.399999618530273,10.5,10.054457664489746,22867500.0
2025-03-17,OR.BK,10.600000381469727,10.600000381469727,10.300000190734863,10.5,10.054457664489746,11516200.0
2025-03-18,OR.BK,10.600000381469727,10.600000381469727,10.100000381469727,10.399999618530273,9.958700180053711,20934000.0
2025-03-19,OR.BK,10.399999618530273,11.0,10.300000190734863,10.800000190734863,10.341728210449219,30242200.0
2025-03-20,OR.BK,10.800000190734863,10.899999618530273,10.699999809265137,10.699999809265137,10.245970726013184,16485900.0
2025-03-21,OR.BK,10.699999809265137,10.899999618530273,10.600000381469727,10.600000381469727,10.150215148925781,20936800.0
2025-03-24,OR.BK,10.5,10.800000190734863,10.5,10.699999809265137,10.245970726013184,6435100.0
2025-03-25,OR.BK,10.699999809265137,10.699999809265137,10.399999618530273,10.5,10.054457664489746,13192500.0
2025-03-26,OR.BK,10.600000381469727,11.199999809265137,10.5,11.100000381469727,10.628998756408691,39754700.0
2025-03-27,OR.BK,11.100000381469727,11.399999618530273,11.0,11.399999618530273,10.916268348693848,26514200.0
2025-03-28,OR.BK,11.399999618530273,12.199999809265137,11.199999809265137,11.899999618530273,11.395051956176758,49459200.0
2025-03-31,OR.BK,11.699999809265137,12.100000381469727,11.5,11.800000190734863,11.299296379089355,48476100.0
2025-04-01,OR.BK,12.0,12.0,11.800000190734863,11.899999618530273,11.395051956176758,10685700.0
2025-04-02,OR.BK,11.800000190734863,12.300000190734863,11.800000190734863,12.300000190734863,11.77807903289795,40259200.0
2025-04-03,OR.BK,12.0,12.5,12.0,12.399999618530273,11.873834609985352,28127700.0
2025-04-04,OR.BK,12.300000190734863,12.399999618530273,11.800000190734863,12.0,11.490809440612793,26234700.0
2025-04-08,OR.BK,11.600000381469727,11.800000190734863,11.100000381469727,11.5,11.012025833129883,30936000.0
2025-04-09,OR.BK,11.5,12.199999809265137,11.399999618530273,12.100000381469727,11.586565017700195,28937800.0
2025-04-10,OR.BK,12.300000190734863,12.800000190734863,12.100000381469727,12.600000381469727,12.065349578857422,50239800.0
2025-04-11,OR.BK,12.5,12.600000381469727,12.300000190734863,12.399999618530273,11.873834609985352,21156800.0
2025-04-16,OR.BK,12.600000381469727,12.899999618530273,12.399999618530273,12.600000381469727,12.065349578857422,37299900.0
2025-04-17,OR.BK,12.600000381469727,12.800000190734863,12.5,12.5,11.969592094421387,16964100.0
2025-04-18,OR.BK,12.600000381469727,12.800000190734863,12.5,12.699999809265137,12.161105155944824,17161600.0
2025-04-21,OR.BK,12.699999809265137,13.0,12.600000381469727,12.899999618530273,12.352619171142578,25772000.0
2025-04-22,OR.BK,12.899999618530273,13.199999809265137,12.800000190734863,13.100000381469727,12.544133186340332,21097100.0
2025-04-23,OR.BK,13.199999809265137,13.399999618530273,13.0,13.199999809265137,12.63988971710205,23387300.0
2025-04-24,OR.BK,13.0,13.199999809265137,12.899999618530273,12.899999618530273,12.352619171142578,16465200.0
2025-04-25,OR.BK,12.899999618530273,13.300000190734863,12.899999618530273,13.100000381469727,12.544133186340332,23636900.0
2025-04-28,OR.BK,13.100000381469727,13.699999809265137,13.100000381469727,13.699999809265137,13.118673324584961,32339200.0
2025-04-29,OR.BK,13.699999809265137,14.199999809265137,13.5,14.199999809265137,13.597456932067871,31735500.0
2025-04-30,OR.BK,14.100000381469727,14.5,13.899999618530273,14.5,13.884727478027344,31485300.0
2025-05-02,OR.BK,14.399999618530273,14.699999809265137,14.399999618530273,14.5,13.884727478027344,16473700.0
2025-05-06,OR.BK,14.5,15.100000381469727,14.399999618530273,14.699999809265137,14.076240539550781,27003300.0
2025-05-07,OR.BK,14.800000190734863,14.899999618530273,14.600000381469727,14.699999809265137,14.076240539550781,13732900.0
2025-05-08,OR.BK,14.600000381469727,14.699999809265137,14.300000190734863,14.5,13.884727478027344,182234908.0
2025-05-09,OR.BK,14.600000381469727,14.800000190734863,14.100000381469727,14.300000190734863,13.693214416503906,28921800.0
2025-05-13,OR.BK,14.600000381469727,14.699999809265137,13.5,13.600000381469727,13.022916793823242,45442000.0
2025-05-14,OR.BK,13.600000381469727,13.699999809265137,13.399999618530273,13.5,12.927160263061523,35195800.0
2025-05-15,OR.BK,13.399999618530273,13.5,13.0,13.199999809265137,12.63988971710205,35910100.0
2025-05-16,OR.BK,13.300000190734863,13.300000190734863,12.800000190734863,12.800000190734863,12.25686264038086,19152400.0
2025-05-19,OR.BK,12.800000190734863,13.100000381469727,12.300000190734863,13.0,12.448375701904297,51715800.0
2025-05-20,OR.BK,13.100000381469727,13.100000381469727,12.600000381469727,12.800000190734863,12.25686264038086,25616400.0
2025-05-21,OR.BK,12.699999809265137,12.800000190734863,12.5,12.600000381469727,12.065349578857422,25398900.0
2025-05-22,OR.BK,12.5,12.800000190734863,12.399999618530273,12.5,11.969592094421387,12149700.0
2025-05-23,OR.BK,13.0,13.100000381469727,12.800000190734863,13.0,12.448375701904297,22309200.0
2025-05-26,OR.BK,13.0,13.100000381469727,12.5,12.600000381469727,12.065349578857422,24322800.0
2025-05-27,OR.BK,12.699999809265137,12.699999809265137,12.199999809265137,12.199999809265137,11.682321548461914,19695300.0
2025-05-28,OR.BK,12.300000190734863,12.5,12.199999809265137,12.199999809265137,11.682321548461914,8173500.0
2025-05-29,OR.BK,12.399999618530273,12.5,11.899999618530273,12.100000381469727,11.586565017700195,21760300.0
2025-05-30,OR.BK,11.899999618530273,12.199999809265137,11.800000190734863,11.800000190734863,11.299296379089355,59815500.0
2025-06-04,OR.BK,11.800000190734863,12.0,11.5,11.899999618530273,11.395051956176758,25793000.0
2025-06-05,OR.BK,11.899999618530273,12.100000381469727,11.699999809265137,11.800000190734863,11.299296379089355,17877700.0
2025-06-06,OR.BK,11.800000190734863,12.0,11.699999809265137,12.0,11.490809440612793,15791000.0
2025-06-09,OR.BK,12.100000381469727,12.199999809265137,12.0,12.100000381469727,11.586565017700195,7632800.0
2025-06-10,OR.BK,12.0,12.100000381469727,11.699999809265137,11.800000190734863,11.299296379089355,14599300.0
2025-06-11,OR.BK,11.800000190734863,12.0,11.800000190734863,11.899999618530273,11.395051956176758,11203400.0
2025-06-12,OR.BK,11.899999618530273,12.100000381469727,11.600000381469727,11.600000381469727,11.107782363891602,10060200.0
2025-06-13,OR.BK,11.5,11.699999809265137,11.300000190734863,11.5,11.012025833129883,16775100.0
2025-06-16,OR.BK,11.399999618530273,11.5,11.100000381469727,11.300000190734863,10.820511817932129,17099700.0
2025-06-17,OR.BK,11.300000190734863,11.699999809265137,11.199999809265137,11.300000190734863,10.820511817932129,9433400.0
2025-06-18,OR.BK,11.300000190734863,11.399999618530273,10.899999618530273,11.0,10.533241271972656,15387500.0
2025-06-19,OR.BK,10.800000190734863,10.899999618530273,10.5,10.5,10.054457664489746,17578600.0
2025-06-20,OR.BK,10.600000381469727,10.800000190734863,10.5,10.5,10.054457664489746,21931700.0
2025-06-23,OR.BK,10.199999809265137,10.399999618530273,10.100000381469727,10.199999809265137,9.767187118530273,25946300.0
2025-06-24,OR.BK,10.5,10.600000381469727,10.100000381469727,10.600000381469727,10.150215148925781,33488000.0
2025-06-25,OR.BK,10.600000381469727,10.899999618530273,10.399999618530273,10.800000190734863,10.341728210449219,23358600.0
2025-06-26,OR.BK,10.699999809265137,11.300000190734863,10.699999809265137,11.100000381469727,10.628998756408691,24679400.0
2025-06-27,OR.BK,11.100000381469727,11.199999809265137,10.800000190734863,10.800000190734863,10.341728210449219,18701700.0
2025-06-30,OR.BK,10.899999618530273,11.300000190734863,10.899999618530273,11.300000190734863,10.820511817932129,20722500.0
2025-07-01,OR.BK,11.5,11.5,11.0,11.399999618530273,10.916268348693848,16476700.0
2025-07-02,OR.BK,11.300000190734863,11.5,11.199999809265137,11.399999618530273,10.916268348693848,12582100.0
2025-07-03,OR.BK,11.300000190734863,11.5,11.199999809265137,11.300000190734863,10.820511817932129,5835000.0
2025-07-04,OR.BK,11.300000190734863,11.399999618530273,11.0,11.100000381469727,10.628998756408691,7417600.0
2025-07-07,OR.BK,11.0,11.199999809265137,10.800000190734863,11.100000381469727,10.628998756408691,14752300.0
2025-07-08,OR.BK,10.899999618530273,11.300000190734863,10.899999618530273,11.199999809265137,10.72475528717041,9434200.0
2025-07-09,OR.BK,11.100000381469727,11.199999809265137,10.899999618530273,11.0,10.533241271972656,7427100.0
2025-07-11,OR.BK,11.100000381469727,11.5,11.100000381469727,11.399999618530273,10.916268348693848,9186000.0
2025-07-14,OR.BK,11.5,11.600000381469727,11.300000190734863,11.600000381469727,11.107782363891602,13205500.0
2025-07-15,OR.BK,11.600000381469727,12.0,11.5,11.800000190734863,11.299296379089355,13594600.0
2025-07-16,OR.BK,11.800000190734863,12.199999809265137,11.800000190734863,12.0,11.490809440612793,17467700.0
2025-07-17,OR.BK,12.100000381469727,12.699999809265137,12.100000381469727,12.5,11.969592094421387,25065300.0
2025-07-18,OR.BK,12.5,12.699999809265137,12.399999618530273,12.699999809265137,12.161105155944824,13367500.0
2025-07-21,OR.BK,12.800000190734863,12.800000190734863,12.5,12.600000381469727,12.065349578857422,13053200.0
2025-07-22,OR.BK,12.5,12.800000190734863,12.300000190734863,12.600000381469727,12.065349578857422,21241600.0
2025-07-23,OR.BK,12.699999809265137,13.300000190734863,12.600000381469727,13.300000190734863,12.73564624786377,28000700.0
2025-07-24,OR.BK,13.0,13.300000190734863,12.899999618530273,13.0,12.448375701904297,18127700.0
2025-07-25,OR.BK,12.899999618530273,13.100000381469727,12.800000190734863,13.0,12.448375701904297,20072900.0
2025-07-29,OR.BK,13.199999809265137,13.5,12.800000190734863,13.300000190734863,12.73564624786377,23348800.0
2025-07-30,OR.BK,13.300000190734863,14.199999809265137,13.300000190734863,14.0,13.405943870544434,34864900.0
2025-07-31,OR.BK,13.899999618530273,14.100000381469727,13.699999809265137,13.899999618530273,13.310186386108398,17512900.0
2025-08-01,OR.BK,14.0,14.0,13.199999809265137,13.199999809265137,12.63988971710205,21439900.0
2025-08-04,OR.BK,13.300000190734863,13.600000381469727,13.300000190734863,13.600000381469727,13.022916793823242,9525500.0
2025-08-05,OR.BK,13.699999809265137,13.699999809265137,13.0,13.100000381469727,12.544133186340332,27285100.0
2025-08-06,OR.BK,13.0,13.300000190734863,12.699999809265137,13.100000381469727,12.544133186340332,40471800.0
2025-08-07,OR.BK,13.100000381469727,13.300000190734863,12.899999618530273,12.899999618530273,12.352619171142578,24953800.0
2025-08-08,OR.BK,12.5,12.899999618530273,12.300000190734863,12.899999618530273,12.352619171142578,32970200.0
2025-08-13,OR.BK,13.0,13.300000190734863,12.600000381469727,13.0,12.448375701904297,73370100.0
2025-08-14,OR.BK,13.100000381469727,13.699999809265137,13.100000381469727,13.5,12.927160263061523,50298700.0
2025-08-15,OR.BK,13.5,13.5,12.899999618530273,13.100000381469727,12.544133186340332,28806900.0
2025-08-18,OR.BK,13.199999809265137,13.399999618530273,13.0,13.100000381469727,12.544133186340332,35675300.0
2025-08-19,OR.BK,13.0,13.300000190734863,13.0,13.0,12.448375701904297,33011200.0
2025-08-20,OR.BK,12.899999618530273,13.199999809265137,12.699999809265137,13.100000381469727,12.544133186340332,43052800.0
2025-08-21,OR.BK,13.100000381469727,13.100000381469727,12.699999809265137,12.699999809265137,12.161105155944824,40339800.0
2025-08-22,OR.BK,12.699999809265137,12.899999618530273,12.5,12.800000190734863,12.25686264038086,25025100.0
2025-08-25,OR.BK,13.100000381469727,13.199999809265137,12.899999618530273,12.899999618530273,12.352619171142578,31563700.0
2025-08-26,OR.BK,12.800000190734863,12.800000190734863,12.399999618530273,12.399999618530273,11.873834609985352,344195000.0
2025-08-27,OR.BK,12.5,12.800000190734863,12.399999618530273,12.5,11.969592094421387,56440400.0
2025-08-28,OR.BK,12.5,13.100000381469727,12.5,13.0,12.448375701904297,55014600.0
2025-08-29,OR.BK,12.899999618530273,13.5,12.800000190734863,13.300000190734863,12.73564624786377,61550100.0
2025-09-01,OR.BK,13.399999618530273,13.399999618530273,13.0,13.300000190734863,12.73564624786377,34747200.0
2025-09-02,OR.BK,13.300000190734863,13.300000190734863,13.0,13.199999809265137,12.63988971710205,49728700.0
2025-09-03,OR.BK,13.199999809265137,13.600000381469727,13.199999809265137,13.600000381469727,13.022916793823242,67007100.0
2025-09-04,OR.BK,13.300000190734863,13.800000190734863,13.300000190734863,13.800000190734863,13.512500762939453,48874700.0
2025-09-05,OR.BK,14.0,14.399999618530273,13.899999618530273,14.399999618530273,14.100000381469727,61768900.0
2025-09-08,OR.BK,14.699999809265137,14.699999809265137,14.199999809265137,14.600000381469727,14.295833587646484,47052100.0
2025-09-09,OR.BK,14.5,14.5,14.100000381469727,14.5,14.197916984558105,48167800.0
2025-09-10,OR.BK,14.5,14.600000381469727,14.199999809265137,14.5,14.197916984558105,23825000.0
2025-09-11,OR.BK,14.5,14.5,14.199999809265137,14.5,14.197916984558105,23010600.0
2025-09-12,OR.BK,14.5,14.600000381469727,14.199999809265137,14.199999809265137,13.904167175292969,15594200.0
2025-09-15,OR.BK,14.300000190734863,14.399999618530273,14.0,14.300000190734863,14.002083778381348,26764700.0
2025-09-16,OR.BK,14.300000190734863,14.600000381469727,14.300000190734863,14.399999618530273,14.100000381469727,25329000.0
2025-09-17,OR.BK,14.399999618530273,14.399999618530273,14.100000381469727,14.100000381469727,13.80625057220459,21354600.0
2025-09-18,OR.BK,14.199999809265137,14.199999809265137,13.600000381469727,13.800000190734863,13.512500762939453,26971400.0
2025-09-19,OR.BK,13.899999618530273,14.0,13.600000381469727,13.800000190734863,13.512500762939453,26586300.0
2025-09-22,OR.BK,13.800000190734863,13.899999618530273,13.600000381469727,13.699999809265137,13.414583206176758,11525200.0
2025-09-23,OR.BK,13.699999809265137,13.699999809265137,13.5,13.5,13.21875,13365700.0
2025-09-24,OR.BK,13.5,13.600000381469727,13.399999618530273,13.600000381469727,13.316667556762695,9729100.0
2025-09-25,OR.BK,13.600000381469727,13.699999809265137,13.5,13.699999809265137,13.414583206176758,23285100.0
2025-09-26,OR.BK,13.600000381469727,14.5,13.600000381469727,14.5,14.197916984558105,54958000.0
2025-09-29,OR.BK,14.5,14.600000381469727,14.300000190734863,14.5,14.197916984558105,26523900.0
2025-09-30,OR.BK,14.399999618530273,14.5,14.100000381469727,14.199999809265137,13.904167175292969,27897200.0
2025-10-01,OR.BK,14.100000381469727,14.199999809265137,13.899999618530273,14.0,13.708333969116211,17375600.0
2025-10-02,OR.BK,14.199999809265137,14.300000190734863,14.100000381469727,14.100000381469727,13.80625057220459,18686600.0
2025-10-03,OR.BK,14.100000381469727,14.100000381469727,13.899999618530273,14.0,13.708333969116211,12273100.0
2025-10-06,OR.BK,14.100000381469727,14.100000381469727,13.800000190734863,13.899999618530273,13.610416412353516,15763600.0
2025-10-07,OR.BK,13.899999618530273,13.899999618530273,13.899999618530273,13.899999618530273,13.610416412353516,0.0
2025-10-08,OR.BK,14.0,14.0,13.5,13.5,13.21875,22358000.0
2025-10-09,OR.BK,13.5,13.699999809265137,13.399999618530273,13.399999618530273,13.120833396911621,23021400.0
2025-10-10,OR.BK,13.5,13.899999618530273,13.199999809265137,13.399999618530273,13.120833396911621,34854000.0
2025-10-14,OR.BK,13.399999618530273,13.5,13.0,13.0,12.729166984558105,21227400.0
2025-10-15,OR.BK,13.300000190734863,13.800000190734863,13.199999809265137,13.699999809265137,13.414583206176758,28702100.0
2025-10-16,OR.BK,13.699999809265137,13.800000190734863,13.5,13.600000381469727,13.316667556762695,13914300.0
2025-10-17,OR.BK,13.600000381469727,13.800000190734863,13.399999618530273,13.5,13.21875,15082900.0
2025-10-20,OR.BK,13.600000381469727,13.899999618530273,13.600000381469727,13.699999809265137,13.414583206176758,12381500.0
2025-10-21,OR.BK,13.800000190734863,14.0,13.699999809265137,13.899999618530273,13.610416412353516,14481600.0
2025-10-22,OR.BK,13.800000190734863,14.0,13.600000381469727,13.800000190734863,13.512500762939453,15944200.0
2025-10-24,OR.BK,14.0,14.100000381469727,13.899999618530273,13.899999618530273,13.610416412353516,10212800.0
2025-10-27,OR.BK,14.0,14.399999618530273,13.899999618530273,14.399999618530273,14.100000381469727,30962800.0
2025-10-28,OR.BK,14.399999618530273,14.899999618530273,14.199999809265137,14.300000190734863,14.002083778381348,68056600.0
2025-10-29,OR.BK,14.199999809265137,14.399999618530273,14.100000381469727,14.300000190734863,14.002083778381348,13033700.0
2025-10-30,OR.BK,14.100000381469727,14.699999809265137,14.100000381469727,14.699999809265137,14.393750190734863,26923500.0
2025-10-31,OR.BK,14.699999809265137,14.699999809265137,14.5,14.699999809265137,14.393750190734863,8942500.0
2025-11-03,OR.BK,14.699999809265137,14.800000190734863,14.300000190734863,14.5,14.197916984558105,29613200.0
2025-11-04,OR.BK,14.300000190734863,14.800000190734863,14.300000190734863,14.600000381469727,14.295833587646484,39383300.0
2025-11-05,OR.BK,14.5,14.600000381469727,14.399999618530273,14.5,14.197916984558105,10809900.0
2025-11-06,OR.BK,14.699999809265137,14.699999809265137,14.300000190734863,14.5,14.197916984558105,12323100.0
2025-11-07,OR.BK,14.399999618530273,14.600000381469727,14.100000381469727,14.199999809265137,13.904167175292969,18290100.0
2025-11-10,OR.BK,14.300000190734863,14.399999618530273,14.100000381469727,14.300000190734863,14.002083778381348,9097300.0
2025-11-11,OR.BK,14.399999618530273,14.5,14.100000381469727,14.199999809265137,13.904167175292969,9960700.0
2025-11-12,OR.BK,14.300000190734863,14.300000190734863,13.899999618530273,14.0,13.708333969116211,11692200.0
2025-11-13,OR.BK,13.899999618530273,14.0,13.5,13.699999809265137,13.414583206176758,17963300.0
2025-11-14,OR.BK,13.600000381469727,13.899999618530273,13.5,13.699999809265137,13.414583206176758,6291100.0
2025-11-17,OR.BK,13.699999809265137,13.699999809265137,13.300000190734863,13.600000381469727,13.316667556762695,15713900.0
2025-11-18,OR.BK,13.5,13.600000381469727,13.300000190734863,13.300000190734863,13.022916793823242,10548700.0
2025-11-19,OR.BK,13.300000190734863,13.399999618530273,13.100000381469727,13.199999809265137,12.925000190734863,9350000.0
2025-11-20,OR.BK,13.300000190734863,13.5,13.199999809265137,13.300000190734863,13.022916793823242,13299000.0
2025-11-21,OR.BK,13.100000381469727,13.199999809265137,12.800000190734863,12.899999618530273,12.63124942779541,25547600.0
2025-11-24,OR.BK,13.0,13.199999809265137,12.899999618530273,13.100000381469727,12.827083587646484,9266800.0
2025-11-25,OR.BK,13.100000381469727,13.199999809265137,12.899999618530273,13.100000381469727,12.827083587646484,9114500.0
2025-11-26,OR.BK,13.199999809265137,13.199999809265137,13.0,13.100000381469727,12.827083587646484,6237600.0
2025-11-27,OR.BK,13.100000381469727,13.199999809265137,13.0,13.199999809265137,12.925000190734863,6390600.0
2025-11-28,OR.BK,13.300000190734863,13.5,13.100000381469727,13.5,13.21875,16506600.0
2025-12-01,OR.BK,13.5,13.899999618530273,13.399999618530273,13.899999618530273,13.610416412353516,14841600.0
2025-12-02,OR.BK,14.0,14.0,13.800000190734863,13.800000190734863,13.512500762939453,8173700.0
2025-12-03,OR.BK,13.699999809265137,13.800000190734863,13.399999618530273,13.399999618530273,13.120833396911621,10738000.0
2025-12-04,OR.BK,13.399999618530273,13.399999618530273,13.199999809265137,13.199999809265137,12.925000190734863,7895400.0
2025-12-08,OR.BK,13.199999809265137,13.600000381469727,13.0,13.100000381469727,12.827083587646484,18821300.0
2025-12-09,OR.BK,13.0,13.100000381469727,12.899999618530273,13.0,12.729166984558105,8906300.0
2025-12-11,OR.BK,13.100000381469727,13.100000381469727,12.899999618530273,13.0,12.729166984558105,8439900.0
2025-12-12,OR.BK,13.0,13.300000190734863,13.0,13.300000190734863,13.022916793823242,14540600.0
2025-12-15,OR.BK,13.199999809265137,13.199999809265137,12.899999618530273,13.100000381469727,12.827083587646484,20063400.0
2025-12-16,OR.BK,13.0,13.199999809265137,13.0,13.0,12.729166984558105,8276400.0
2025-12-17,OR.BK,13.0,13.100000381469727,12.899999618530273,13.100000381469727,12.827083587646484,7253400.0
2025-12-18,OR.BK,13.100000381469727,13.100000381469727,12.699999809265137,12.699999809265137,12.435417175292969,20096900.0
2025-12-19,OR.BK,12.699999809265137,13.199999809265137,12.699999809265137,13.199999809265137,12.925000190734863,15375400.0
2025-12-22,OR.BK,13.199999809265137,13.300000190734863,13.100000381469727,13.300000190734863,13.022916793823242,7333500.0
2025-12-23,OR.BK,13.399999618530273,13.600000381469727,13.300000190734863,13.5,13.21875,9743000.0
2025-12-24,OR.BK,13.399999618530273,13.5,13.300000190734863,13.5,13.21875,4748800.0
2025-12-25,OR.BK,13.5,13.5,13.300000190734863,13.300000190734863,13.022916793823242,3640100.0
2025-12-26,OR.BK,13.300000190734863,13.300000190734863,13.100000381469727,13.199999809265137,12.925000190734863,4233100.0
2025-12-29,OR.BK,13.100000381469727,13.199999809265137,13.0,13.0,12.729166984558105,6003800.0
2025-12-30,OR.BK,13.100000381469727,13.300000190734863,13.0,13.300000190734863,13.022916793823242,10427100.0
2026-01-05,OR.BK,13.300000190734863,13.600000381469727,13.300000190734863,13.5,13.21875,15295400.0
2026-01-06,OR.BK,13.5,13.600000381469727,13.0,13.100000381469727,12.827083587646484,15261500.0
2026-01-07,OR.BK,13.100000381469727,13.699999809265137,13.100000381469727,13.699999809265137,13.414583206176758,23123600.0
2026-01-08,OR.BK,13.5,13.899999618530273,13.5,13.800000190734863,13.512500762939453,26196000.0
2026-01-09,OR.BK,13.699999809265137,14.0,13.699999809265137,13.800000190734863,13.512500762939453,12648000.0
2026-01-12,OR.BK,13.699999809265137,13.899999618530273,13.699999809265137,13.699999809265137,13.414583206176758,11337600.0
2026-01-13,OR.BK,13.800000190734863,14.0,13.5,13.699999809265137,13.414583206176758,16962000.0
2026-01-14,OR.BK,13.600000381469727,13.699999809265137,13.399999618530273,13.5,13.21875,13904200.0
2026-01-15,OR.BK,13.399999618530273,13.699999809265137,13.399999618530273,13.699999809265137,13.414583206176758,12828600.0
2026-01-16,OR.BK,13.699999809265137,14.300000190734863,13.600000381469727,14.199999809265137,13.904167175292969,40189800.0
2026-01-19,OR.BK,14.199999809265137,14.399999618530273,14.0,14.199999809265137,13.904167175292969,18801500.0
2026-01-20,OR.BK,14.300000190734863,14.600000381469727,14.199999809265137,14.5,14.197916984558105,34649600.0
2026-01-21,OR.BK,14.600000381469727,15.600000381469727,14.5,15.600000381469727,15.27500057220459,70891100.0
2026-01-22,OR.BK,15.5,15.600000381469727,15.100000381469727,15.300000190734863,14.981250762939453,26498300.0
2026-01-23,OR.BK,15.300000190734863,15.5,15.100000381469727,15.199999809265137,14.883333206176758,14626200.0
2026-01-26,OR.BK,15.0,15.300000190734863,14.199999809265137,14.399999618530273,14.100000381469727,50362900.0
2026-01-27,OR.BK,14.300000190734863,14.5,14.0,14.0,13.708333969116211,33575300.0
2026-01-28,OR.BK,14.0,14.0,13.699999809265137,13.899999618530273,13.610416412353516,38300300.0
2026-01-29,OR.BK,13.899999618530273,14.0,13.399999618530273,13.399999618530273,13.120833396911621,46859100.0
2026-01-30,OR.BK,13.300000190734863,13.600000381469727,13.300000190734863,13.600000381469727,13.316667556762695,25393900.0
2026-02-02,OR.BK,13.399999618530273,13.5,13.199999809265137,13.399999618530273,13.120833396911621,21599500.0
2026-02-03,OR.BK,13.399999618530273,13.800000190734863,13.300000190734863,13.5,13.21875,37930700.0
2026-02-04,OR.BK,13.5,13.699999809265137,13.5,13.5,13.21875,19430400.0
2026-02-05,OR.BK,13.600000381469727,13.899999618530273,13.399999618530273,13.699999809265137,13.414583206176758,40608100.0
2026-02-06,OR.BK,13.699999809265137,13.899999618530273,13.699999809265137,13.800000190734863,13.512500762939453,10227700.0
2026-02-09,OR.BK,14.100000381469727,14.300000190734863,13.800000190734863,14.199999809265137,13.904167175292969,43640000.0
2026-02-10,OR.BK,14.199999809265137,14.199999809265137,13.800000190734863,13.899999618530273,13.610416412353516,36141500.0
2026-02-11,OR.BK,14.100000381469727,14.5,14.0,14.0,13.708333969116211,70367100.0
2026-02-12,OR.BK,14.100000381469727,14.300000190734863,14.100000381469727,14.300000190734863,14.002083778381348,59978500.0
2026-02-13,OR.BK,14.300000190734863,14.399999618530273,14.100000381469727,14.199999809265137,13.904167175292969,33441100.0
2026-02-16,OR.BK,14.199999809265137,14.300000190734863,14.100000381469727,14.199999809265137,13.904167175292969,14675500.0
2026-02-17,OR.BK,14.199999809265137,14.300000190734863,14.0,14.199999809265137,13.904167175292969,31997800.0
2026-02-18,OR.BK,14.5,14.699999809265137,14.300000190734863,14.5,14.197916984558105,70113900.0
2026-02-19,OR.BK,14.800000190734863,14.899999618530273,14.600000381469727,14.699999809265137,14.393750190734863,88771200.0
2026-02-20,OR.BK,14.699999809265137,14.800000190734863,14.300000190734863,14.399999618530273,14.100000381469727,43039100.0
2026-02-23,OR.BK,14.100000381469727,14.300000190734863,13.699999809265137,13.899999618530273,13.899999618530273,34231200.0
2026-02-24,OR.BK,13.800000190734863,13.800000190734863,13.5,13.699999809265137,13.699999809265137,43450400.0
2026-02-25,OR.BK,13.699999809265137,13.800000190734863,13.5,13.600000381469727,13.600000381469727,32162500.0
2026-02-26,OR.BK,13.699999809265137,13.800000190734863,13.600000381469727,13.600000381469727,13.600000381469727,28241000.0
2026-02-27,OR.BK,13.600000381469727,13.699999809265137,13.399999618530273,13.399999618530273,13.399999618530273,47610900.0
2026-03-02,OR.BK,13.100000381469727,13.300000190734863,12.300000190734863,12.399999618530273,12.399999618530273,81166400.0
2026-03-04,OR.BK,11.600000381469727,12.0,11.100000381469727,11.800000190734863,11.800000190734863,103255200.0
2026-03-05,OR.BK,12.0,12.100000381469727,11.100000381469727,11.399999618530273,11.399999618530273,92738600.0
2026-03-06,OR.BK,11.100000381469727,11.399999618530273,11.100000381469727,11.300000190734863,11.300000190734863,50929700.0
2026-03-09,OR.BK,10.800000190734863,11.300000190734863,10.399999618530273,11.100000381469727,11.100000381469727,84726000.0
2026-03-10,OR.BK,11.399999618530273,11.5,11.100000381469727,11.199999809265137,11.199999809265137,33446300.0
2026-03-11,OR.BK,11.199999809265137,11.399999618530273,11.100000381469727,11.100000381469727,11.100000381469727,31084300.0
2026-03-12,OR.BK,11.0,11.399999618530273,11.0,11.300000190734863,11.300000190734863,22658500.0
2026-03-13,OR.BK,11.199999809265137,11.300000190734863,11.0,11.100000381469727,11.100000381469727,34080900.0
2026-03-16,OR.BK,11.199999809265137,11.300000190734863,11.100000381469727,11.100000381469727,11.100000381469727,24450000.0
2026-03-17,OR.BK,11.300000190734863,11.800000190734863,11.199999809265137,11.699999809265137,11.699999809265137,61059300.0
2026-03-18,OR.BK,11.699999809265137,11.800000190734863,11.300000190734863,11.300000190734863,11.300000190734863,45525500.0
2026-03-19,OR.BK,11.300000190734863,11.5,11.100000381469727,11.100000381469727,11.100000381469727,26163200.0
2026-03-20,OR.BK,11.300000190734863,11.399999618530273,11.100000381469727,11.300000190734863,11.300000190734863,15295700.0
2026-03-23,OR.BK,11.199999809265137,11.199999809265137,11.100000381469727,11.100000381469727,11.100000381469727,16912100.0
2026-03-24,OR.BK,11.199999809265137,11.199999809265137,11.100000381469727,11.199999809265137,11.199999809265137,7700500.0
2026-03-25,OR.BK,11.300000190734863,11.5,11.199999809265137,11.399999618530273,11.399999618530273,22162400.0
2026-03-26,OR.BK,11.800000190734863,12.399999618530273,11.5,12.300000190734863,12.300000190734863,161305000.0
2026-03-27,OR.BK,12.300000190734863,12.600000381469727,12.199999809265137,12.300000190734863,12.300000190734863,55387300.0
2026-03-30,OR.BK,12.199999809265137,12.399999618530273,12.199999809265137,12.300000190734863,12.300000190734863,18338200.0
2026-03-31,OR.BK,12.399999618530273,13.100000381469727,12.300000190734863,13.100000381469727,13.100000381469727,64388500.0
2026-04-01,OR.BK,13.199999809265137,13.199999809265137,12.600000381469727,12.800000190734863,12.800000190734863,61098900.0
2026-04-02,OR.BK,12.899999618530273,13.0,12.800000190734863,12.899999618530273,12.899999618530273,29887800.0
2026-04-03,OR.BK,12.899999618530273,13.0,12.300000190734863,12.300000190734863,12.300000190734863,59053800.0
2026-04-07,OR.BK,12.300000190734863,12.699999809265137,12.199999809265137,12.5,12.5,36848300.0
2026-04-08,OR.BK,12.699999809265137,12.800000190734863,12.600000381469727,12.699999809265137,12.699999809265137,24418300.0
2026-04-09,OR.BK,12.699999809265137,12.699999809265137,12.0,12.100000381469727,12.100000381469727,48517500.0
2026-04-10,OR.BK,12.199999809265137,12.300000190734863,12.100000381469727,12.199999809265137,12.199999809265137,14960800.0
