Date,Ticker,Open,High,Low,Close,Adj Close,Volume
2016-04-11,MEGA.BK,16.700000762939453,16.700000762939453,16.399999618530273,16.399999618530273,12.026609420776367,194000.0
2016-04-12,MEGA.BK,16.5,17.0,16.5,16.700000762939453,12.24660873413086,70000.0
2016-04-18,MEGA.BK,16.899999618530273,17.0,16.700000762939453,17.0,12.466606140136719,705800.0
2016-04-19,MEGA.BK,17.0,17.299999237060547,16.899999618530273,17.0,12.466606140136719,82400.0
2016-04-20,MEGA.BK,17.0,17.200000762939453,17.0,17.0,12.466606140136719,424600.0
2016-04-21,MEGA.BK,17.0,17.200000762939453,17.0,17.0,12.466606140136719,352400.0
2016-04-22,MEGA.BK,17.100000381469727,17.200000762939453,17.100000381469727,17.100000381469727,12.539941787719727,108200.0
2016-04-25,MEGA.BK,17.299999237060547,17.700000762939453,17.200000762939453,17.5,12.833273887634277,1035200.0
2016-04-26,MEGA.BK,17.700000762939453,17.700000762939453,17.399999618530273,17.5,12.833273887634277,44900.0
2016-04-27,MEGA.BK,17.5,17.5,17.0,17.200000762939453,12.613274574279785,128200.0
2016-04-28,MEGA.BK,17.200000762939453,17.399999618530273,17.0,17.100000381469727,12.539941787719727,47100.0
2016-04-29,MEGA.BK,17.100000381469727,17.100000381469727,16.899999618530273,16.899999618530273,12.393275260925293,56200.0
2016-05-03,MEGA.BK,16.600000381469727,17.0,16.600000381469727,16.899999618530273,12.393275260925293,39600.0
2016-05-04,MEGA.BK,16.700000762939453,17.0,16.700000762939453,16.899999618530273,12.393275260925293,42700.0
2016-05-09,MEGA.BK,16.799999237060547,17.200000762939453,16.799999237060547,17.100000381469727,12.539941787719727,224000.0
2016-05-10,MEGA.BK,17.0,17.100000381469727,16.899999618530273,17.0,12.466606140136719,463300.0
2016-05-11,MEGA.BK,17.0,17.100000381469727,16.799999237060547,17.0,12.466606140136719,60500.0
2016-05-12,MEGA.BK,17.0,17.0,16.799999237060547,16.799999237060547,12.319939613342285,171200.0
2016-05-13,MEGA.BK,16.899999618530273,16.899999618530273,16.5,16.5,12.099943161010742,219000.0
2016-05-16,MEGA.BK,16.100000381469727,16.700000762939453,16.0,16.299999237060547,11.953276634216309,341000.0
2016-05-17,MEGA.BK,16.299999237060547,16.700000762939453,16.299999237060547,16.399999618530273,12.026609420776367,89100.0
2016-05-18,MEGA.BK,16.5,16.5,16.299999237060547,16.399999618530273,12.026609420776367,39800.0
2016-05-19,MEGA.BK,16.5,16.799999237060547,16.399999618530273,16.399999618530273,12.026609420776367,342400.0
2016-05-23,MEGA.BK,16.600000381469727,16.600000381469727,16.399999618530273,16.5,12.099943161010742,85000.0
2016-05-24,MEGA.BK,16.399999618530273,16.700000762939453,16.399999618530273,16.399999618530273,12.026609420776367,6700.0
2016-05-25,MEGA.BK,16.399999618530273,16.600000381469727,16.399999618530273,16.5,12.099943161010742,34000.0
2016-05-26,MEGA.BK,16.600000381469727,16.700000762939453,16.399999618530273,16.600000381469727,12.173276901245117,86500.0
2016-05-27,MEGA.BK,16.700000762939453,16.700000762939453,16.299999237060547,16.5,12.099943161010742,174600.0
2016-05-30,MEGA.BK,16.700000762939453,16.700000762939453,16.399999618530273,16.600000381469727,12.173276901245117,46000.0
2016-05-31,MEGA.BK,16.600000381469727,17.100000381469727,16.600000381469727,17.100000381469727,12.539941787719727,198500.0
2016-06-01,MEGA.BK,17.0,17.0,16.700000762939453,16.799999237060547,12.319939613342285,84600.0
2016-06-02,MEGA.BK,16.899999618530273,17.0,16.799999237060547,16.899999618530273,12.393275260925293,14200.0
2016-06-03,MEGA.BK,16.799999237060547,17.299999237060547,16.799999237060547,17.299999237060547,12.686603546142578,276100.0
2016-06-06,MEGA.BK,17.5,17.5,17.299999237060547,17.399999618530273,12.759937286376953,242500.0
2016-06-07,MEGA.BK,17.5,17.5,17.299999237060547,17.399999618530273,12.759937286376953,493200.0
2016-06-08,MEGA.BK,17.399999618530273,17.399999618530273,16.899999618530273,17.0,12.466606140136719,330600.0
2016-06-09,MEGA.BK,17.100000381469727,17.100000381469727,17.100000381469727,17.100000381469727,12.539941787719727,413900.0
2016-06-10,MEGA.BK,17.200000762939453,17.200000762939453,16.899999618530273,16.899999618530273,12.393275260925293,562500.0
2016-06-13,MEGA.BK,17.100000381469727,17.100000381469727,17.0,17.100000381469727,12.539941787719727,16000.0
2016-06-14,MEGA.BK,17.299999237060547,17.299999237060547,17.0,17.200000762939453,12.613274574279785,38100.0
2016-06-15,MEGA.BK,17.100000381469727,17.200000762939453,17.0,17.100000381469727,12.539941787719727,231800.0
2016-06-16,MEGA.BK,16.899999618530273,17.200000762939453,16.799999237060547,17.100000381469727,12.539941787719727,25800.0
2016-06-17,MEGA.BK,17.200000762939453,17.200000762939453,17.0,17.0,12.466606140136719,11100.0
2016-06-20,MEGA.BK,16.899999618530273,17.0,16.799999237060547,16.899999618530273,12.393275260925293,57100.0
2016-06-21,MEGA.BK,17.0,17.0,16.799999237060547,17.0,12.466606140136719,11600.0
2016-06-22,MEGA.BK,17.0,17.0,16.700000762939453,16.700000762939453,12.24660873413086,75300.0
2016-06-23,MEGA.BK,16.700000762939453,16.799999237060547,16.600000381469727,16.700000762939453,12.24660873413086,69000.0
2016-06-24,MEGA.BK,16.200000762939453,16.700000762939453,16.200000762939453,16.600000381469727,12.173276901245117,74800.0
2016-06-27,MEGA.BK,16.399999618530273,16.799999237060547,16.399999618530273,16.600000381469727,12.173276901245117,24800.0
2016-06-28,MEGA.BK,16.5,16.799999237060547,16.5,16.600000381469727,12.173276901245117,21000.0
2016-06-29,MEGA.BK,16.600000381469727,17.0,16.600000381469727,16.799999237060547,12.319939613342285,78500.0
2016-06-30,MEGA.BK,16.700000762939453,16.899999618530273,16.600000381469727,16.600000381469727,12.173276901245117,126800.0
2016-07-04,MEGA.BK,16.700000762939453,16.799999237060547,16.5,16.700000762939453,12.24660873413086,194300.0
2016-07-05,MEGA.BK,16.700000762939453,16.799999237060547,16.700000762939453,16.799999237060547,12.319939613342285,399900.0
2016-07-06,MEGA.BK,16.799999237060547,16.899999618530273,16.600000381469727,16.700000762939453,12.24660873413086,444500.0
2016-07-07,MEGA.BK,16.700000762939453,17.299999237060547,16.700000762939453,16.700000762939453,12.24660873413086,860200.0
2016-07-08,MEGA.BK,16.799999237060547,17.100000381469727,16.700000762939453,16.799999237060547,12.319939613342285,473500.0
2016-07-11,MEGA.BK,16.899999618530273,16.899999618530273,16.700000762939453,16.799999237060547,12.319939613342285,115300.0
2016-07-12,MEGA.BK,16.799999237060547,16.899999618530273,16.600000381469727,16.700000762939453,12.24660873413086,470000.0
2016-07-13,MEGA.BK,16.700000762939453,16.799999237060547,16.600000381469727,16.600000381469727,12.173276901245117,163200.0
2016-07-14,MEGA.BK,16.700000762939453,16.700000762939453,16.399999618530273,16.5,12.099943161010742,887900.0
2016-07-15,MEGA.BK,16.700000762939453,16.700000762939453,16.299999237060547,16.5,12.099943161010742,846900.0
2016-07-20,MEGA.BK,16.5,16.600000381469727,16.399999618530273,16.5,12.099943161010742,866900.0
2016-07-21,MEGA.BK,16.399999618530273,16.5,16.299999237060547,16.5,12.099943161010742,624000.0
2016-07-22,MEGA.BK,16.399999618530273,16.5,16.200000762939453,16.200000762939453,11.879944801330566,614400.0
2016-07-25,MEGA.BK,16.200000762939453,16.399999618530273,15.899999618530273,16.100000381469727,11.806609153747559,1390700.0
2016-07-26,MEGA.BK,16.100000381469727,16.200000762939453,16.0,16.0,11.7332763671875,1102700.0
2016-07-27,MEGA.BK,16.100000381469727,16.200000762939453,16.0,16.0,11.7332763671875,737200.0
2016-07-28,MEGA.BK,16.200000762939453,16.399999618530273,16.0,16.100000381469727,11.806609153747559,848000.0
2016-07-29,MEGA.BK,16.100000381469727,16.600000381469727,16.100000381469727,16.399999618530273,12.026609420776367,1660500.0
2016-08-01,MEGA.BK,16.5,16.5,16.200000762939453,16.200000762939453,11.879944801330566,168500.0
2016-08-02,MEGA.BK,16.399999618530273,16.399999618530273,16.200000762939453,16.299999237060547,11.953276634216309,483400.0
2016-08-03,MEGA.BK,17.5,17.700000762939453,16.899999618530273,17.5,12.833273887634277,6541100.0
2016-08-04,MEGA.BK,17.700000762939453,19.0,17.600000381469727,18.399999618530273,13.493267059326172,12269800.0
2016-08-05,MEGA.BK,18.5,18.5,17.799999237060547,18.0,13.199936866760254,1622700.0
2016-08-08,MEGA.BK,18.200000762939453,18.200000762939453,17.5,17.600000381469727,12.906604766845703,1652600.0
2016-08-09,MEGA.BK,17.600000381469727,18.0,17.5,17.5,12.833273887634277,1508100.0
2016-08-10,MEGA.BK,17.600000381469727,17.899999618530273,17.399999618530273,17.5,12.833273887634277,545700.0
2016-08-11,MEGA.BK,18.0,19.200000762939453,17.899999618530273,18.5,13.56660270690918,9430100.0
2016-08-15,MEGA.BK,18.399999618530273,18.5,18.200000762939453,18.399999618530273,13.493267059326172,1165700.0
2016-08-16,MEGA.BK,18.600000381469727,18.600000381469727,17.899999618530273,17.899999618530273,13.126602172851562,1079200.0
2016-08-17,MEGA.BK,18.0,18.200000762939453,17.899999618530273,18.100000381469727,13.273274421691895,1012900.0
2016-08-18,MEGA.BK,18.200000762939453,19.399999618530273,18.200000762939453,18.700000762939453,13.713268280029297,9136200.0
2016-08-19,MEGA.BK,20.0,20.200000762939453,19.200000762939453,19.299999237060547,14.153265953063965,14791400.0
2016-08-22,MEGA.BK,19.700000762939453,20.5,19.299999237060547,20.299999237060547,14.886591911315918,13282800.0
2016-08-23,MEGA.BK,20.100000381469727,20.5,19.799999237060547,20.0,14.834675788879395,10557500.0
2016-08-24,MEGA.BK,20.200000762939453,20.700000762939453,20.200000762939453,20.5,15.205538749694824,8968900.0
2016-08-25,MEGA.BK,20.700000762939453,20.899999618530273,20.200000762939453,20.299999237060547,15.057193756103516,3870200.0
2016-08-26,MEGA.BK,20.399999618530273,20.899999618530273,20.299999237060547,20.700000762939453,15.353888511657715,6264500.0
2016-08-29,MEGA.BK,20.799999237060547,20.799999237060547,20.100000381469727,20.299999237060547,15.057193756103516,4897600.0
2016-08-30,MEGA.BK,20.5,20.700000762939453,20.200000762939453,20.200000762939453,14.983024597167969,5528500.0
2016-08-31,MEGA.BK,20.200000762939453,20.299999237060547,19.5,19.700000762939453,14.612154006958008,5362500.0
2016-09-01,MEGA.BK,19.899999618530273,20.299999237060547,19.899999618530273,19.899999618530273,14.76050090789795,2247400.0
2016-09-02,MEGA.BK,19.899999618530273,19.899999618530273,19.299999237060547,19.399999618530273,14.38963508605957,2997600.0
2016-09-05,MEGA.BK,19.200000762939453,20.0,18.100000381469727,20.0,14.834675788879395,5449300.0
2016-09-06,MEGA.BK,20.0,20.299999237060547,19.700000762939453,20.0,14.834675788879395,4372200.0
2016-09-07,MEGA.BK,20.200000762939453,21.0,20.0,20.5,15.205538749694824,15744200.0
2016-09-08,MEGA.BK,20.5,20.5,18.899999618530273,19.0,14.092941284179688,12205600.0
2016-09-09,MEGA.BK,19.100000381469727,19.5,18.5,19.0,14.092941284179688,5187000.0
2016-09-12,MEGA.BK,18.600000381469727,19.200000762939453,17.600000381469727,18.100000381469727,13.425382614135742,3680500.0
2016-09-13,MEGA.BK,18.600000381469727,19.399999618530273,18.399999618530273,19.0,14.092941284179688,5920600.0
2016-09-14,MEGA.BK,18.799999237060547,19.799999237060547,18.700000762939453,19.799999237060547,14.686328887939453,6629200.0
2016-09-15,MEGA.BK,19.700000762939453,19.899999618530273,19.299999237060547,19.700000762939453,14.612154006958008,2024600.0
2016-09-16,MEGA.BK,19.700000762939453,20.299999237060547,19.600000381469727,20.200000762939453,14.983024597167969,3501100.0
2016-09-19,MEGA.BK,20.5,20.5,20.200000762939453,20.299999237060547,15.057193756103516,2416800.0
2016-09-20,MEGA.BK,20.299999237060547,20.299999237060547,19.700000762939453,19.899999618530273,14.76050090789795,2525300.0
2016-09-21,MEGA.BK,20.100000381469727,20.399999618530273,19.799999237060547,19.899999618530273,14.76050090789795,1605200.0
2016-09-22,MEGA.BK,20.200000762939453,20.399999618530273,19.899999618530273,20.299999237060547,15.057193756103516,4133400.0
2016-09-23,MEGA.BK,20.299999237060547,20.299999237060547,19.700000762939453,19.899999618530273,14.76050090789795,4037200.0
2016-09-26,MEGA.BK,19.700000762939453,19.799999237060547,19.399999618530273,19.399999618530273,14.38963508605957,2423200.0
2016-09-27,MEGA.BK,19.5,19.700000762939453,19.299999237060547,19.399999618530273,14.38963508605957,1655400.0
2016-09-28,MEGA.BK,19.299999237060547,19.5,19.100000381469727,19.399999618530273,14.38963508605957,2818000.0
2016-09-29,MEGA.BK,19.399999618530273,19.5,19.200000762939453,19.299999237060547,14.315461158752441,945200.0
2016-09-30,MEGA.BK,19.100000381469727,19.299999237060547,19.0,19.0,14.092941284179688,1532600.0
2016-10-03,MEGA.BK,19.200000762939453,19.299999237060547,19.100000381469727,19.100000381469727,14.1671142578125,531500.0
2016-10-04,MEGA.BK,19.0,19.399999618530273,19.0,19.399999618530273,14.38963508605957,1191400.0
2016-10-05,MEGA.BK,19.5,19.799999237060547,19.399999618530273,19.600000381469727,14.537980079650879,4067200.0
2016-10-06,MEGA.BK,19.799999237060547,20.399999618530273,19.799999237060547,20.200000762939453,14.983024597167969,4807800.0
2016-10-07,MEGA.BK,20.399999618530273,20.899999618530273,20.299999237060547,20.700000762939453,15.353888511657715,7608500.0
2016-10-10,MEGA.BK,18.5,20.200000762939453,18.5,20.0,14.834675788879395,5557000.0
2016-10-11,MEGA.BK,20.299999237060547,20.399999618530273,19.399999618530273,19.5,14.463810920715332,3594800.0
2016-10-12,MEGA.BK,19.399999618530273,19.899999618530273,18.200000762939453,19.0,14.092941284179688,6436200.0
2016-10-13,MEGA.BK,18.700000762939453,19.299999237060547,18.5,19.299999237060547,14.315461158752441,4036600.0
2016-10-14,MEGA.BK,19.899999618530273,20.399999618530273,19.799999237060547,20.0,14.834675788879395,5381100.0
2016-10-17,MEGA.BK,20.0,20.5,19.799999237060547,20.299999237060547,15.057193756103516,4510900.0
2016-10-18,MEGA.BK,20.5,21.600000381469727,20.200000762939453,21.0,15.576409339904785,16986100.0
2016-10-19,MEGA.BK,21.0,21.700000762939453,20.899999618530273,21.399999618530273,15.873103141784668,7319700.0
2016-10-20,MEGA.BK,21.600000381469727,22.299999237060547,21.600000381469727,21.799999237060547,16.16979217529297,9512100.0
2016-10-21,MEGA.BK,21.799999237060547,22.299999237060547,21.5,22.0,16.318140029907227,6327700.0
2016-10-25,MEGA.BK,22.200000762939453,24.799999237060547,21.600000381469727,23.700000762939453,17.57908821105957,17840100.0
2016-10-26,MEGA.BK,23.5,25.25,23.200000762939453,24.100000381469727,17.87578582763672,25545300.0
2016-10-27,MEGA.BK,24.100000381469727,24.399999618530273,23.399999618530273,23.799999237060547,17.653261184692383,7254700.0
2016-10-28,MEGA.BK,23.600000381469727,23.600000381469727,22.5,23.0,17.05987548828125,11755100.0
2016-10-31,MEGA.BK,23.100000381469727,23.600000381469727,22.799999237060547,23.5,17.430744171142578,4907600.0
2016-11-01,MEGA.BK,23.5,23.600000381469727,23.100000381469727,23.100000381469727,17.134048461914062,3366800.0
2016-11-02,MEGA.BK,23.0,23.100000381469727,22.700000762939453,22.799999237060547,16.911527633666992,2585100.0
2016-11-03,MEGA.BK,22.799999237060547,23.100000381469727,22.299999237060547,23.0,17.05987548828125,3547300.0
2016-11-04,MEGA.BK,22.899999618530273,23.700000762939453,22.700000762939453,23.5,17.430744171142578,4831600.0
2016-11-07,MEGA.BK,23.700000762939453,24.899999618530273,23.700000762939453,24.5,18.172473907470703,8662100.0
2016-11-08,MEGA.BK,24.5,24.5,23.5,23.5,17.430744171142578,4295500.0
2016-11-09,MEGA.BK,23.200000762939453,24.0,23.200000762939453,23.399999618530273,17.356571197509766,4687600.0
2016-11-10,MEGA.BK,23.600000381469727,23.600000381469727,22.899999618530273,22.899999618530273,16.985702514648438,2363500.0
2016-11-11,MEGA.BK,22.5,22.700000762939453,21.600000381469727,22.600000381469727,16.76318359375,9494900.0
2016-11-14,MEGA.BK,22.600000381469727,23.200000762939453,22.299999237060547,22.600000381469727,16.76318359375,4945200.0
2016-11-15,MEGA.BK,22.600000381469727,23.0,22.5,22.899999618530273,16.985702514648438,4009000.0
2016-11-16,MEGA.BK,23.200000762939453,23.200000762939453,22.299999237060547,22.299999237060547,16.540660858154297,4011100.0
2016-11-17,MEGA.BK,22.200000762939453,22.299999237060547,21.700000762939453,21.799999237060547,16.16979217529297,3315200.0
2016-11-18,MEGA.BK,21.799999237060547,22.399999618530273,21.299999237060547,22.299999237060547,16.540660858154297,4638800.0
2016-11-21,MEGA.BK,22.600000381469727,22.799999237060547,22.299999237060547,22.5,16.689006805419922,8569400.0
2016-11-22,MEGA.BK,22.700000762939453,23.399999618530273,22.700000762939453,23.200000762939453,17.20822525024414,19962100.0
2016-11-23,MEGA.BK,23.5,24.399999618530273,23.5,24.0,17.801610946655273,14216500.0
2016-11-24,MEGA.BK,24.200000762939453,24.399999618530273,23.600000381469727,23.700000762939453,17.57908821105957,5797700.0
2016-11-25,MEGA.BK,23.799999237060547,25.75,23.799999237060547,25.5,18.91421127319336,21334300.0
2016-11-28,MEGA.BK,25.25,26.0,24.899999618530273,25.0,18.543344497680664,8831300.0
2016-11-29,MEGA.BK,25.25,26.5,25.0,25.5,18.91421127319336,15230500.0
2016-11-30,MEGA.BK,25.5,25.75,25.0,25.75,19.099641799926758,5212200.0
2016-12-01,MEGA.BK,26.25,27.25,24.600000381469727,24.600000381469727,18.24665069580078,19042100.0
2016-12-02,MEGA.BK,24.799999237060547,25.0,23.299999237060547,23.899999618530273,17.72743797302246,14838600.0
2016-12-06,MEGA.BK,24.0,25.25,23.799999237060547,25.0,18.543344497680664,9040600.0
2016-12-07,MEGA.BK,24.899999618530273,25.75,24.600000381469727,25.0,18.543344497680664,8890300.0
2016-12-08,MEGA.BK,25.25,25.5,24.600000381469727,24.700000762939453,18.320825576782227,6061300.0
2016-12-09,MEGA.BK,24.899999618530273,25.0,24.399999618530273,24.600000381469727,18.24665069580078,4785300.0
2016-12-13,MEGA.BK,24.700000762939453,24.899999618530273,24.399999618530273,24.5,18.172473907470703,5506800.0
2016-12-14,MEGA.BK,24.5,24.5,24.0,24.399999618530273,18.09830665588379,7134500.0
2016-12-15,MEGA.BK,24.200000762939453,25.25,24.200000762939453,25.0,18.543344497680664,9463900.0
2016-12-16,MEGA.BK,25.25,25.25,24.5,24.5,18.172473907470703,4180500.0
2016-12-19,MEGA.BK,24.799999237060547,26.25,24.799999237060547,26.0,19.28507423400879,16809900.0
2016-12-20,MEGA.BK,26.25,27.0,25.0,25.25,18.72878074645996,9801900.0
2016-12-21,MEGA.BK,25.5,25.75,24.899999618530273,25.25,18.72878074645996,4311200.0
2016-12-22,MEGA.BK,25.25,25.75,25.0,25.25,18.72878074645996,2162100.0
2016-12-23,MEGA.BK,25.5,25.5,25.0,25.0,18.543344497680664,3281300.0
2016-12-26,MEGA.BK,25.25,25.5,24.600000381469727,25.0,18.543344497680664,3065500.0
2016-12-27,MEGA.BK,25.25,25.5,24.799999237060547,25.5,18.91421127319336,5268500.0
2016-12-28,MEGA.BK,25.5,26.0,25.5,25.75,19.099641799926758,3473400.0
2016-12-29,MEGA.BK,26.0,26.75,25.75,26.5,19.655948638916016,4916500.0
2016-12-30,MEGA.BK,26.5,26.75,25.25,25.25,18.72878074645996,4656800.0
2017-01-04,MEGA.BK,25.5,26.5,25.5,26.25,19.47051239013672,5051000.0
2017-01-05,MEGA.BK,26.25,26.75,26.0,26.25,19.47051239013672,3365800.0
2017-01-06,MEGA.BK,26.5,26.75,25.75,26.0,19.28507423400879,2746100.0
2017-01-09,MEGA.BK,26.25,26.5,25.5,25.5,18.91421127319336,2348300.0
2017-01-10,MEGA.BK,25.5,26.25,25.5,26.0,19.28507423400879,4144300.0
2017-01-11,MEGA.BK,26.25,26.75,26.0,26.0,19.28507423400879,6156000.0
2017-01-12,MEGA.BK,26.25,26.5,26.0,26.25,19.47051239013672,1110900.0
2017-01-16,MEGA.BK,27.0,28.5,26.75,27.75,20.583114624023438,7848400.0
2017-01-17,MEGA.BK,28.5,29.25,27.25,27.5,20.397676467895508,8352100.0
2017-01-18,MEGA.BK,27.75,28.25,27.25,27.5,20.397676467895508,3233400.0
2017-01-19,MEGA.BK,27.5,28.0,27.25,27.5,20.397676467895508,3736400.0
2017-01-20,MEGA.BK,27.5,28.25,27.5,28.0,20.768543243408203,3086600.0
2017-01-23,MEGA.BK,28.0,28.25,27.5,27.5,20.397676467895508,2320900.0
2017-01-24,MEGA.BK,27.75,28.25,27.5,27.5,20.397676467895508,3435600.0
2017-01-25,MEGA.BK,27.5,28.0,26.5,26.75,19.841379165649414,5374500.0
2017-01-26,MEGA.BK,27.0,27.5,26.5,26.5,19.655948638916016,3262700.0
2017-01-27,MEGA.BK,26.5,27.25,26.5,27.25,20.21224594116211,2005300.0
2017-01-30,MEGA.BK,27.0,28.25,27.0,28.25,20.953977584838867,4313900.0
2017-01-31,MEGA.BK,28.0,28.5,27.75,28.25,20.953977584838867,2367600.0
2017-02-01,MEGA.BK,28.0,28.25,27.0,27.5,20.397676467895508,2898700.0
2017-02-02,MEGA.BK,27.5,27.75,27.0,27.5,20.397676467895508,2051800.0
2017-02-03,MEGA.BK,27.5,27.75,27.0,27.5,20.397676467895508,1211800.0
2017-02-06,MEGA.BK,27.5,28.0,27.5,27.5,20.397676467895508,1951700.0
2017-02-07,MEGA.BK,27.5,27.75,26.5,27.25,20.21224594116211,3983400.0
2017-02-08,MEGA.BK,27.0,27.0,25.25,26.25,19.47051239013672,10914200.0
2017-02-09,MEGA.BK,26.0,26.5,25.75,26.25,19.47051239013672,2829900.0
2017-02-10,MEGA.BK,26.5,26.75,26.25,26.5,19.655948638916016,1816400.0
2017-02-14,MEGA.BK,26.5,26.75,26.0,26.25,19.47051239013672,1886700.0
2017-02-15,MEGA.BK,26.25,26.5,25.5,25.5,18.91421127319336,3330400.0
2017-02-16,MEGA.BK,25.75,26.0,24.600000381469727,24.700000762939453,18.320825576782227,8020800.0
2017-02-17,MEGA.BK,24.799999237060547,25.25,24.5,25.0,18.543344497680664,3851800.0
2017-02-20,MEGA.BK,25.25,25.5,24.899999618530273,25.5,18.91421127319336,2308200.0
2017-02-21,MEGA.BK,25.5,25.5,25.0,25.0,18.543344497680664,1950100.0
2017-02-22,MEGA.BK,25.0,25.0,24.100000381469727,24.299999237060547,18.02412986755371,5137600.0
2017-02-23,MEGA.BK,24.5,25.25,24.5,24.700000762939453,18.320825576782227,3583700.0
2017-02-24,MEGA.BK,25.25,25.75,24.899999618530273,25.5,18.91421127319336,4335600.0
2017-02-27,MEGA.BK,25.5,25.75,25.25,25.25,18.72878074645996,1477200.0
2017-02-28,MEGA.BK,25.0,25.5,25.0,25.25,18.72878074645996,1026600.0
2017-03-01,MEGA.BK,25.25,26.75,25.25,26.5,19.655948638916016,6242500.0
2017-03-02,MEGA.BK,26.75,27.0,26.25,26.5,19.655948638916016,3049400.0
2017-03-03,MEGA.BK,26.5,26.75,26.0,26.75,19.841379165649414,1564900.0
2017-03-06,MEGA.BK,26.75,27.0,26.0,26.5,19.655948638916016,3704000.0
2017-03-07,MEGA.BK,26.75,27.0,26.25,26.5,19.655948638916016,2347400.0
2017-03-08,MEGA.BK,26.25,26.5,25.25,26.5,19.83559226989746,2359100.0
2017-03-09,MEGA.BK,26.75,26.75,26.25,26.5,19.83559226989746,973100.0
2017-03-10,MEGA.BK,26.5,26.5,25.75,26.0,19.46133041381836,928300.0
2017-03-13,MEGA.BK,25.75,26.0,25.0,25.25,18.89995002746582,881400.0
2017-03-14,MEGA.BK,24.799999237060547,25.75,24.799999237060547,25.5,19.087074279785156,1956000.0
2017-03-15,MEGA.BK,25.75,26.0,25.25,25.5,19.087074279785156,1254600.0
2017-03-16,MEGA.BK,25.5,26.75,25.25,26.5,19.83559226989746,3289000.0
2017-03-17,MEGA.BK,26.75,27.0,26.25,26.75,20.022716522216797,2348200.0
2017-03-20,MEGA.BK,27.0,27.5,26.75,27.0,20.2098445892334,4023200.0
2017-03-21,MEGA.BK,27.0,27.0,26.0,26.25,19.648460388183594,1186200.0
2017-03-22,MEGA.BK,26.25,26.75,26.25,26.25,19.648460388183594,858900.0
2017-03-23,MEGA.BK,26.25,26.5,26.0,26.0,19.46133041381836,1548100.0
2017-03-24,MEGA.BK,26.25,26.5,25.5,25.5,19.087074279785156,1027000.0
2017-03-27,MEGA.BK,25.75,26.75,25.5,26.5,19.83559226989746,2139600.0
2017-03-28,MEGA.BK,26.5,26.5,25.75,26.0,19.46133041381836,1475800.0
2017-03-29,MEGA.BK,26.0,26.5,26.0,26.5,19.83559226989746,1759700.0
2017-03-30,MEGA.BK,26.25,27.0,26.25,27.0,20.2098445892334,2694000.0
2017-03-31,MEGA.BK,27.0,27.0,26.5,26.5,19.83559226989746,1261000.0
2017-04-03,MEGA.BK,26.75,27.0,26.0,26.5,19.83559226989746,1239800.0
2017-04-04,MEGA.BK,26.25,27.0,26.25,26.75,20.022716522216797,1535200.0
2017-04-05,MEGA.BK,26.75,26.75,26.5,26.5,19.83559226989746,1486700.0
2017-04-07,MEGA.BK,26.5,27.75,26.5,27.5,20.58409881591797,3400400.0
2017-04-10,MEGA.BK,27.5,27.75,27.0,27.5,20.58409881591797,2153700.0
2017-04-11,MEGA.BK,27.5,28.25,27.25,27.5,20.58409881591797,4255900.0
2017-04-12,MEGA.BK,27.5,27.75,27.25,27.75,20.771230697631836,1719100.0
2017-04-17,MEGA.BK,27.5,27.75,26.75,26.75,20.022716522216797,4696700.0
2017-04-18,MEGA.BK,27.0,27.75,27.0,27.75,20.771230697631836,764500.0
2017-04-19,MEGA.BK,27.25,27.25,26.75,26.75,20.022716522216797,654000.0
2017-04-20,MEGA.BK,26.75,27.0,26.75,26.75,20.022716522216797,206700.0
2017-04-21,MEGA.BK,27.0,27.0,26.75,27.0,20.2098445892334,916200.0
2017-04-24,MEGA.BK,27.0,27.0,26.75,27.0,20.2098445892334,415600.0
2017-04-25,MEGA.BK,26.75,27.0,25.75,26.0,19.46133041381836,1430200.0
2017-04-26,MEGA.BK,26.0,26.25,25.5,25.75,19.274200439453125,1627500.0
2017-04-27,MEGA.BK,25.75,25.75,25.25,25.25,18.89995002746582,1048500.0
2017-04-28,MEGA.BK,25.25,25.75,25.0,25.75,19.274200439453125,3137300.0
2017-05-02,MEGA.BK,25.75,26.0,25.5,26.0,19.46133041381836,1064100.0
2017-05-03,MEGA.BK,25.75,26.25,25.75,25.75,19.274200439453125,719200.0
2017-05-04,MEGA.BK,26.25,27.0,25.75,26.75,20.022716522216797,1317500.0
2017-05-08,MEGA.BK,26.0,26.5,26.0,26.25,19.648460388183594,365600.0
2017-05-09,MEGA.BK,26.5,26.5,25.75,25.75,19.274200439453125,646900.0
2017-05-11,MEGA.BK,25.75,26.0,24.799999237060547,25.0,18.712820053100586,2632200.0
2017-05-12,MEGA.BK,25.0,25.75,25.0,25.5,19.087074279785156,1043500.0
2017-05-15,MEGA.BK,25.5,25.5,25.5,25.5,19.087074279785156,7000.0
2017-05-16,MEGA.BK,25.5,26.75,25.5,26.25,19.648460388183594,827000.0
2017-05-17,MEGA.BK,26.25,27.0,26.0,26.25,19.648460388183594,2494300.0
2017-05-18,MEGA.BK,26.25,27.25,26.25,26.5,19.83559226989746,1974400.0
2017-05-19,MEGA.BK,26.5,27.25,26.5,26.75,20.022716522216797,1299900.0
2017-05-22,MEGA.BK,26.5,27.5,26.5,27.5,20.58409881591797,1236100.0
2017-05-23,MEGA.BK,27.5,27.5,26.75,27.0,20.2098445892334,1211600.0
2017-05-24,MEGA.BK,27.0,27.0,26.5,26.5,19.83559226989746,604600.0
2017-05-25,MEGA.BK,26.5,27.0,26.5,26.75,20.022716522216797,254000.0
2017-05-26,MEGA.BK,26.75,27.0,26.5,27.0,20.2098445892334,757500.0
2017-05-29,MEGA.BK,27.0,27.25,26.25,26.5,19.83559226989746,781000.0
2017-05-30,MEGA.BK,26.75,26.75,26.25,26.5,19.83559226989746,293700.0
2017-05-31,MEGA.BK,26.5,26.75,25.75,26.25,19.648460388183594,1773100.0
2017-06-01,MEGA.BK,26.25,26.75,26.0,26.25,19.648460388183594,606900.0
2017-06-02,MEGA.BK,26.25,26.75,26.25,26.75,20.022716522216797,1914500.0
2017-06-05,MEGA.BK,26.75,29.25,26.5,29.25,21.893999099731445,13214200.0
2017-06-06,MEGA.BK,29.0,29.5,28.0,28.25,21.14548683166504,11539500.0
2017-06-07,MEGA.BK,28.5,28.75,27.5,27.5,20.58409881591797,7382200.0
2017-06-08,MEGA.BK,27.5,29.5,27.5,28.75,21.519739151000977,14665400.0
2017-06-09,MEGA.BK,29.25,31.0,29.25,30.75,23.016767501831055,18553600.0
2017-06-12,MEGA.BK,30.75,30.75,29.75,30.25,22.64250946044922,4182100.0
2017-06-13,MEGA.BK,30.25,31.5,30.25,30.75,23.016767501831055,5289500.0
2017-06-14,MEGA.BK,31.25,31.25,29.75,30.0,22.455381393432617,3567500.0
2017-06-15,MEGA.BK,30.0,30.5,29.5,29.75,22.26825523376465,4655300.0
2017-06-16,MEGA.BK,29.75,30.5,29.0,29.25,21.893999099731445,3512100.0
2017-06-19,MEGA.BK,29.5,30.5,29.25,30.5,22.829635620117188,6414100.0
2017-06-20,MEGA.BK,30.5,31.0,30.25,30.5,22.829635620117188,2994000.0
2017-06-21,MEGA.BK,30.5,31.75,30.25,30.5,22.829635620117188,10375900.0
2017-06-22,MEGA.BK,30.25,30.75,29.5,30.0,22.455381393432617,3760900.0
2017-06-23,MEGA.BK,30.0,30.0,29.25,29.5,22.081127166748047,3685800.0
2017-06-26,MEGA.BK,29.5,29.75,28.5,29.5,22.081127166748047,4763100.0
2017-06-27,MEGA.BK,29.5,29.75,28.5,28.75,21.519739151000977,5233700.0
2017-06-28,MEGA.BK,29.0,29.25,27.75,28.0,20.958354949951172,7690400.0
2017-06-29,MEGA.BK,28.25,29.0,28.0,28.25,21.14548683166504,4814400.0
2017-06-30,MEGA.BK,28.0,28.25,27.5,28.0,20.958354949951172,4852800.0
2017-07-03,MEGA.BK,27.75,28.5,27.75,28.25,21.14548683166504,2308700.0
2017-07-04,MEGA.BK,28.5,29.25,28.25,28.25,21.14548683166504,4762800.0
2017-07-05,MEGA.BK,28.5,29.0,28.25,28.25,21.14548683166504,2297100.0
2017-07-06,MEGA.BK,28.25,28.75,28.0,28.0,20.958354949951172,2171400.0
2017-07-07,MEGA.BK,28.0,28.0,26.25,26.75,20.022716522216797,11790700.0
2017-07-11,MEGA.BK,26.75,26.75,26.0,26.0,19.46133041381836,4220400.0
2017-07-12,MEGA.BK,26.25,27.25,26.0,27.0,20.2098445892334,5711300.0
2017-07-13,MEGA.BK,27.0,27.5,26.75,27.0,20.2098445892334,2878200.0
2017-07-14,MEGA.BK,27.25,27.25,26.5,27.0,20.2098445892334,5145700.0
2017-07-17,MEGA.BK,27.25,27.75,26.75,26.75,20.022716522216797,5956700.0
2017-07-18,MEGA.BK,27.0,27.25,26.75,27.0,20.2098445892334,2275800.0
2017-07-19,MEGA.BK,27.0,27.75,27.0,27.5,20.58409881591797,2790000.0
2017-07-20,MEGA.BK,27.5,27.5,27.25,27.25,20.39697265625,1383200.0
2017-07-21,MEGA.BK,27.25,27.5,27.0,27.25,20.39697265625,1840600.0
2017-07-24,MEGA.BK,27.25,29.0,27.25,29.0,21.706867218017578,11831800.0
2017-07-25,MEGA.BK,29.0,30.0,28.5,30.0,22.455381393432617,9644500.0
2017-07-26,MEGA.BK,30.0,30.0,28.5,28.75,21.519739151000977,3058300.0
2017-07-27,MEGA.BK,28.75,28.75,28.0,28.25,21.14548683166504,2115000.0
2017-07-31,MEGA.BK,28.25,28.75,27.5,28.0,20.958354949951172,3513500.0
2017-08-01,MEGA.BK,28.0,28.25,27.5,28.0,20.958354949951172,2248500.0
2017-08-02,MEGA.BK,28.25,28.75,28.0,28.0,20.958354949951172,3181100.0
2017-08-03,MEGA.BK,28.25,28.5,28.0,28.25,21.14548683166504,1121000.0
2017-08-04,MEGA.BK,28.5,28.5,27.75,28.0,20.958354949951172,1863700.0
2017-08-07,MEGA.BK,28.25,28.25,27.5,27.75,20.771230697631836,1644400.0
2017-08-08,MEGA.BK,27.75,28.25,27.5,27.75,20.771230697631836,1988100.0
2017-08-09,MEGA.BK,27.75,28.25,27.5,28.0,20.958354949951172,1808200.0
2017-08-10,MEGA.BK,28.0,28.0,27.75,28.0,20.958354949951172,1629600.0
2017-08-11,MEGA.BK,28.0,28.0,27.25,27.5,20.58409881591797,2638700.0
2017-08-15,MEGA.BK,28.25,29.5,28.25,29.0,21.706867218017578,7652300.0
2017-08-16,MEGA.BK,29.0,30.25,28.75,30.0,22.455381393432617,7445400.0
2017-08-17,MEGA.BK,29.75,29.75,28.75,28.75,21.519739151000977,5485800.0
2017-08-18,MEGA.BK,28.75,29.5,28.5,29.25,21.893999099731445,2000100.0
2017-08-21,MEGA.BK,29.0,30.0,29.0,29.75,22.26825523376465,2945800.0
2017-08-22,MEGA.BK,29.75,30.0,29.5,29.75,22.26825523376465,2862000.0
2017-08-23,MEGA.BK,29.75,30.25,29.75,29.75,22.26825523376465,3491300.0
2017-08-24,MEGA.BK,29.75,31.75,29.75,31.0,23.203895568847656,13503700.0
2017-08-25,MEGA.BK,30.5,31.0,30.25,30.75,23.24168586730957,3840600.0
2017-08-28,MEGA.BK,31.0,31.0,31.0,31.0,23.430641174316406,726600.0
2017-08-29,MEGA.BK,30.75,31.0,30.5,30.75,23.24168586730957,3441900.0
2017-08-30,MEGA.BK,30.75,31.0,29.75,30.75,23.24168586730957,2518000.0
2017-08-31,MEGA.BK,30.75,31.25,30.75,31.25,23.619600296020508,1801700.0
2017-09-01,MEGA.BK,31.5,32.5,31.5,31.75,23.997516632080078,5711300.0
2017-09-04,MEGA.BK,31.5,34.25,31.5,33.5,25.32021141052246,6546900.0
2017-09-05,MEGA.BK,33.5,34.0,32.25,32.5,24.56438636779785,2846900.0
2017-09-06,MEGA.BK,32.75,33.0,32.5,33.0,24.942296981811523,1855100.0
2017-09-07,MEGA.BK,33.0,36.5,32.75,34.5,26.076034545898438,11677900.0
2017-09-08,MEGA.BK,34.5,36.25,34.5,35.0,26.45395278930664,4033000.0
2017-09-11,MEGA.BK,35.0,35.5,34.0,35.5,26.831859588623047,3472800.0
2017-09-12,MEGA.BK,35.5,38.75,35.5,38.25,28.910390853881836,9329400.0
2017-09-13,MEGA.BK,38.0,38.75,37.25,37.5,28.343521118164062,3085400.0
2017-09-14,MEGA.BK,37.25,38.25,37.0,37.75,28.5324764251709,3754800.0
2017-09-15,MEGA.BK,37.75,38.5,37.0,37.25,28.15456199645996,3062400.0
2017-09-18,MEGA.BK,37.25,37.5,35.25,35.5,26.831859588623047,4514600.0
2017-09-19,MEGA.BK,35.75,36.5,34.25,34.75,26.264995574951172,7188800.0
2017-09-20,MEGA.BK,34.75,36.25,34.5,34.5,26.076034545898438,10780000.0
2017-09-21,MEGA.BK,34.75,36.25,34.5,36.25,27.39873695373535,5666600.0
2017-09-22,MEGA.BK,36.25,37.75,36.0,37.75,28.5324764251709,6529400.0
2017-09-25,MEGA.BK,37.5,38.5,36.5,37.0,27.965608596801758,4980500.0
2017-09-26,MEGA.BK,36.75,37.75,36.75,37.0,27.965608596801758,2145900.0
2017-09-27,MEGA.BK,37.5,37.75,36.0,36.25,27.39873695373535,2442500.0
2017-09-28,MEGA.BK,36.25,37.25,36.0,36.5,27.587688446044922,1226000.0
2017-09-29,MEGA.BK,36.5,37.75,36.25,37.75,28.5324764251709,2314200.0
2017-10-02,MEGA.BK,38.0,38.25,37.25,37.75,28.5324764251709,2546100.0
2017-10-03,MEGA.BK,38.25,40.75,37.5,39.75,30.044130325317383,10159800.0
2017-10-04,MEGA.BK,39.5,41.0,39.25,39.75,30.044130325317383,8341800.0
2017-10-05,MEGA.BK,39.75,41.0,39.75,39.75,30.044130325317383,1956100.0
2017-10-06,MEGA.BK,40.0,40.25,39.0,40.0,30.23309326171875,2870300.0
2017-10-09,MEGA.BK,40.25,40.25,38.5,39.0,29.477264404296875,1644500.0
2017-10-10,MEGA.BK,39.0,39.5,38.0,38.75,29.288301467895508,2913100.0
2017-10-11,MEGA.BK,39.0,41.0,38.5,41.0,30.988910675048828,5788600.0
2017-10-12,MEGA.BK,41.0,42.0,40.0,41.25,31.177867889404297,3672500.0
2017-10-16,MEGA.BK,40.5,40.5,40.5,40.5,30.61100196838379,152500.0
2017-10-17,MEGA.BK,40.75,42.0,40.25,40.25,30.422040939331055,3964500.0
2017-10-18,MEGA.BK,40.5,40.75,40.0,40.0,30.23309326171875,1671000.0
2017-10-19,MEGA.BK,40.25,41.25,39.0,39.5,29.85517120361328,1834700.0
2017-10-20,MEGA.BK,39.5,40.5,39.5,40.5,30.61100196838379,1390000.0
2017-10-24,MEGA.BK,40.0,42.0,40.0,41.75,31.555782318115234,2715600.0
2017-10-25,MEGA.BK,42.0,43.25,42.0,43.0,32.50056457519531,2707400.0
2017-10-27,MEGA.BK,43.25,43.5,42.5,43.0,32.50056457519531,1148800.0
2017-10-30,MEGA.BK,43.5,43.5,42.5,42.5,32.12265396118164,1160800.0
2017-10-31,MEGA.BK,42.75,42.75,41.5,42.0,31.744739532470703,1305600.0
2017-11-01,MEGA.BK,42.0,42.75,41.25,42.25,31.93370246887207,2525800.0
2017-11-02,MEGA.BK,42.0,44.25,42.0,42.75,32.311614990234375,2513400.0
2017-11-03,MEGA.BK,42.75,42.75,41.5,41.5,31.366825103759766,1978700.0
2017-11-06,MEGA.BK,41.75,42.25,40.75,42.0,31.744739532470703,1349800.0
2017-11-07,MEGA.BK,42.0,42.25,41.25,41.25,31.177867889404297,916300.0
2017-11-08,MEGA.BK,42.0,43.5,41.75,42.5,32.12265396118164,2860200.0
2017-11-09,MEGA.BK,42.5,43.25,42.0,42.25,31.93370246887207,1634300.0
2017-11-10,MEGA.BK,42.75,42.75,41.25,42.0,31.744739532470703,1905500.0
2017-11-13,MEGA.BK,42.75,42.75,41.75,42.25,31.93370246887207,1928700.0
2017-11-14,MEGA.BK,42.5,44.25,41.75,43.5,32.878482818603516,3632800.0
2017-11-15,MEGA.BK,43.25,45.5,43.25,44.0,33.25639343261719,3111900.0
2017-11-16,MEGA.BK,43.75,45.25,43.75,45.0,34.01222610473633,1055600.0
2017-11-17,MEGA.BK,45.25,45.5,44.25,44.5,33.63431167602539,1616400.0
2017-11-20,MEGA.BK,44.25,48.0,44.25,46.0,34.76805114746094,3248000.0
2017-11-21,MEGA.BK,47.0,47.0,47.0,47.0,35.52387237548828,3231600.0
2017-11-22,MEGA.BK,47.5,47.5,45.5,46.0,34.76805114746094,2949800.0
2017-11-23,MEGA.BK,46.5,47.0,45.5,45.5,34.39013671875,1721800.0
2017-11-24,MEGA.BK,45.5,45.75,42.75,44.25,33.44535827636719,3462100.0
2017-11-27,MEGA.BK,44.25,45.0,40.25,42.5,32.12265396118164,5591000.0
2017-11-28,MEGA.BK,42.0,43.5,41.25,42.75,32.311614990234375,3662600.0
2017-11-29,MEGA.BK,43.0,43.75,41.25,41.5,31.366825103759766,2579200.0
2017-11-30,MEGA.BK,41.25,41.75,39.25,40.75,30.79995346069336,4063300.0
2017-12-01,MEGA.BK,40.75,42.25,40.75,42.25,31.93370246887207,2450000.0
2017-12-04,MEGA.BK,42.25,43.75,41.5,43.75,33.06743621826172,2574700.0
2017-12-06,MEGA.BK,43.0,43.5,41.25,43.0,32.50056457519531,3024800.0
2017-12-07,MEGA.BK,42.25,43.25,42.0,42.25,31.93370246887207,1451100.0
2017-12-08,MEGA.BK,42.25,42.5,41.25,41.75,31.555782318115234,1948400.0
2017-12-12,MEGA.BK,42.0,42.0,39.5,40.0,30.23309326171875,2798800.0
2017-12-13,MEGA.BK,40.0,40.0,38.0,39.5,29.85517120361328,5014600.0
2017-12-14,MEGA.BK,39.5,40.5,39.0,39.25,29.66621971130371,2129700.0
2017-12-15,MEGA.BK,39.25,39.5,38.0,38.5,29.09935188293457,2238900.0
2017-12-18,MEGA.BK,38.25,40.5,37.5,40.5,30.61100196838379,5745800.0
2017-12-19,MEGA.BK,40.5,41.75,40.0,41.75,31.555782318115234,4023800.0
2017-12-20,MEGA.BK,41.75,44.0,41.25,44.0,33.25639343261719,4748900.0
2017-12-21,MEGA.BK,44.0,44.25,42.5,43.25,32.68952560424805,1654700.0
2017-12-22,MEGA.BK,43.25,44.0,42.5,43.25,32.68952560424805,1942500.0
2017-12-25,MEGA.BK,43.25,43.5,41.5,41.75,31.555782318115234,2315600.0
2017-12-26,MEGA.BK,41.75,42.75,41.75,42.25,31.93370246887207,813600.0
2017-12-27,MEGA.BK,42.5,43.0,41.5,43.0,32.50056457519531,2375700.0
2017-12-28,MEGA.BK,43.5,43.5,42.0,42.0,31.744739532470703,1024300.0
2017-12-29,MEGA.BK,42.0,44.5,42.0,44.0,33.25639343261719,5709700.0
2018-01-03,MEGA.BK,44.25,45.25,44.0,45.25,34.20117950439453,2896200.0
2018-01-04,MEGA.BK,45.5,45.5,44.0,44.5,33.63431167602539,4221600.0
2018-01-05,MEGA.BK,44.5,45.25,42.75,42.75,32.311614990234375,2694300.0
2018-01-08,MEGA.BK,42.25,43.0,40.75,40.75,30.79995346069336,4844200.0
2018-01-09,MEGA.BK,41.0,41.0,41.0,41.0,30.988910675048828,451400.0
2018-01-10,MEGA.BK,41.25,41.5,40.75,41.25,31.177867889404297,1771600.0
2018-01-11,MEGA.BK,40.75,42.0,40.75,41.25,31.177867889404297,1976000.0
2018-01-12,MEGA.BK,41.25,41.75,41.0,41.25,31.177867889404297,1215800.0
2018-01-15,MEGA.BK,41.5,43.75,41.5,43.25,32.68952560424805,6031200.0
2018-01-16,MEGA.BK,43.5,44.5,42.0,42.0,31.744739532470703,3912900.0
2018-01-17,MEGA.BK,42.0,43.0,41.5,42.75,32.311614990234375,1183600.0
2018-01-18,MEGA.BK,43.0,44.0,42.75,44.0,33.25639343261719,2534700.0
2018-01-19,MEGA.BK,44.5,45.25,42.5,44.0,33.25639343261719,5715900.0
2018-01-22,MEGA.BK,44.25,44.25,43.75,44.25,33.44535827636719,798700.0
2018-01-23,MEGA.BK,44.25,44.5,43.5,43.5,32.878482818603516,1560500.0
2018-01-24,MEGA.BK,43.5,43.75,42.75,42.75,32.311614990234375,1420700.0
2018-01-25,MEGA.BK,43.25,43.75,42.75,42.75,32.311614990234375,1654200.0
2018-01-26,MEGA.BK,42.75,43.25,42.0,43.25,32.68952560424805,923200.0
2018-01-29,MEGA.BK,43.5,45.0,43.25,44.0,33.25639343261719,2116500.0
2018-01-30,MEGA.BK,43.5,44.25,43.0,44.0,33.25639343261719,1691700.0
2018-01-31,MEGA.BK,44.0,46.5,43.5,46.5,35.14596176147461,6582100.0
2018-02-01,MEGA.BK,46.5,47.0,45.25,45.5,34.39013671875,4621100.0
2018-02-02,MEGA.BK,45.75,46.25,44.25,44.5,33.63431167602539,3352600.0
2018-02-05,MEGA.BK,43.0,44.25,43.0,43.5,32.878482818603516,2101400.0
2018-02-06,MEGA.BK,42.5,44.0,41.5,43.5,32.878482818603516,3266400.0
2018-02-07,MEGA.BK,44.0,44.25,42.25,42.25,31.93370246887207,2059800.0
2018-02-08,MEGA.BK,42.0,43.25,42.0,43.0,32.50056457519531,2252700.0
2018-02-09,MEGA.BK,42.0,42.75,41.5,42.25,31.93370246887207,2993300.0
2018-02-12,MEGA.BK,42.5,42.5,41.5,41.75,31.555782318115234,2326000.0
2018-02-13,MEGA.BK,42.0,42.75,40.75,41.5,31.366825103759766,4375100.0
2018-02-14,MEGA.BK,41.25,41.75,39.75,40.0,30.23309326171875,2873900.0
2018-02-15,MEGA.BK,40.0,42.0,38.5,42.0,31.744739532470703,5135900.0
2018-02-16,MEGA.BK,42.0,42.25,41.5,41.75,31.555782318115234,2562400.0
2018-02-19,MEGA.BK,42.0,42.0,41.0,41.25,31.177867889404297,1256500.0
2018-02-20,MEGA.BK,41.5,41.5,40.25,40.25,30.422040939331055,1312100.0
2018-02-21,MEGA.BK,40.5,40.5,39.5,39.5,29.85517120361328,2023800.0
2018-02-22,MEGA.BK,39.0,40.5,39.0,39.75,30.044130325317383,2551800.0
2018-02-23,MEGA.BK,41.25,43.0,40.75,42.5,32.12265396118164,7930800.0
2018-02-26,MEGA.BK,42.75,44.0,42.5,43.75,33.06743621826172,3757100.0
2018-02-27,MEGA.BK,44.0,44.0,43.0,44.0,33.25639343261719,2377800.0
2018-02-28,MEGA.BK,44.25,45.25,43.75,44.5,33.63431167602539,3077000.0
2018-03-02,MEGA.BK,43.75,43.75,41.5,42.25,31.93370246887207,5700100.0
2018-03-05,MEGA.BK,42.0,44.25,42.0,43.25,32.68952560424805,3091800.0
2018-03-06,MEGA.BK,43.25,43.25,43.25,43.25,32.68952560424805,281700.0
2018-03-07,MEGA.BK,43.25,43.75,42.5,42.5,32.12265396118164,1981100.0
2018-03-08,MEGA.BK,43.0,43.0,42.0,42.0,31.744739532470703,1178600.0
2018-03-09,MEGA.BK,41.75,42.5,41.5,42.5,32.431522369384766,1101900.0
2018-03-12,MEGA.BK,43.0,45.0,42.5,44.0,33.576171875,2450000.0
2018-03-13,MEGA.BK,44.25,44.75,43.5,44.5,33.95771789550781,2470700.0
2018-03-14,MEGA.BK,44.25,45.75,44.25,45.0,34.33926773071289,4349000.0
2018-03-15,MEGA.BK,45.25,45.5,44.5,44.75,34.14849090576172,1798300.0
2018-03-16,MEGA.BK,44.75,44.75,43.75,44.25,33.766944885253906,1040600.0
2018-03-19,MEGA.BK,43.75,45.0,43.0,44.5,33.95771789550781,2291600.0
2018-03-20,MEGA.BK,44.0,44.75,43.75,44.0,33.576171875,650100.0
2018-03-21,MEGA.BK,44.5,45.75,44.0,45.25,34.5300407409668,3054900.0
2018-03-22,MEGA.BK,45.5,46.25,44.5,44.75,34.14849090576172,1804100.0
2018-03-23,MEGA.BK,44.0,45.0,44.0,44.25,33.766944885253906,804800.0
2018-03-26,MEGA.BK,44.25,45.5,44.0,45.5,34.7208137512207,1841400.0
2018-03-27,MEGA.BK,45.5,47.75,45.5,47.25,36.05623245239258,5528800.0
2018-03-28,MEGA.BK,47.0,47.5,45.25,45.75,34.911582946777344,1967800.0
2018-03-29,MEGA.BK,45.75,46.0,43.5,44.25,33.766944885253906,3941800.0
2018-03-30,MEGA.BK,43.5,44.5,41.0,41.5,31.668434143066406,9548100.0
2018-04-02,MEGA.BK,41.5,42.75,40.75,40.75,31.096111297607422,5235400.0
2018-04-03,MEGA.BK,41.0,41.75,40.5,40.75,31.096111297607422,5308000.0
2018-04-04,MEGA.BK,40.75,41.25,39.0,39.75,30.3330135345459,3378300.0
2018-04-05,MEGA.BK,39.75,42.25,39.25,42.25,32.24074935913086,5217400.0
2018-04-09,MEGA.BK,42.5,42.5,40.5,41.0,31.286880493164062,1716200.0
2018-04-10,MEGA.BK,41.5,41.5,39.75,41.0,31.286880493164062,2303900.0
2018-04-11,MEGA.BK,40.75,41.0,39.75,39.75,30.3330135345459,4546700.0
2018-04-12,MEGA.BK,40.0,40.75,39.25,40.25,30.71455955505371,2809500.0
2018-04-17,MEGA.BK,40.25,41.75,40.0,41.25,31.4776611328125,3603100.0
2018-04-18,MEGA.BK,41.5,41.5,40.25,40.75,31.096111297607422,2690700.0
2018-04-19,MEGA.BK,41.0,41.5,40.5,41.25,31.4776611328125,2399000.0
2018-04-20,MEGA.BK,41.25,42.0,40.25,40.5,30.905336380004883,4008300.0
2018-04-23,MEGA.BK,40.25,41.0,40.0,40.0,30.52379035949707,1872500.0
2018-04-24,MEGA.BK,40.5,41.25,40.0,40.75,31.096111297607422,1846100.0
2018-04-25,MEGA.BK,40.5,41.5,40.5,41.0,31.286880493164062,2017300.0
2018-04-26,MEGA.BK,41.25,41.5,40.75,41.0,31.286880493164062,770900.0
2018-04-27,MEGA.BK,41.0,41.25,40.75,41.0,31.286880493164062,668800.0
2018-04-30,MEGA.BK,41.25,41.5,41.0,41.25,31.4776611328125,1065600.0
2018-05-02,MEGA.BK,41.5,42.75,41.25,42.5,32.431522369384766,3740200.0
2018-05-03,MEGA.BK,42.5,42.75,41.75,42.0,32.04997253417969,1374200.0
2018-05-04,MEGA.BK,42.0,42.5,41.5,41.75,31.859207153320312,699600.0
2018-05-07,MEGA.BK,42.5,42.5,41.75,41.75,31.859207153320312,839000.0
2018-05-08,MEGA.BK,42.0,42.0,40.75,41.0,31.286880493164062,1291500.0
2018-05-09,MEGA.BK,41.25,41.5,40.25,41.25,31.4776611328125,1078400.0
2018-05-10,MEGA.BK,41.5,41.5,39.25,40.0,30.52379035949707,2861600.0
2018-05-11,MEGA.BK,40.5,41.75,40.25,41.75,31.859207153320312,1913900.0
2018-05-14,MEGA.BK,41.75,42.0,41.5,41.5,31.668434143066406,1076200.0
2018-05-15,MEGA.BK,42.25,43.25,41.25,42.5,32.431522369384766,5440300.0
2018-05-16,MEGA.BK,42.25,42.5,41.5,42.25,32.24074935913086,1618400.0
2018-05-17,MEGA.BK,42.25,42.25,41.25,42.0,32.04997253417969,2052100.0
2018-05-18,MEGA.BK,42.0,42.75,41.75,42.0,32.04997253417969,2074900.0
2018-05-21,MEGA.BK,42.5,42.75,41.75,42.0,32.04997253417969,1100200.0
2018-05-22,MEGA.BK,42.0,42.25,41.75,41.75,31.859207153320312,622000.0
2018-05-23,MEGA.BK,41.75,42.0,41.25,41.5,31.668434143066406,645900.0
2018-05-24,MEGA.BK,41.5,42.5,40.75,41.5,31.668434143066406,1698100.0
2018-05-25,MEGA.BK,41.0,42.0,40.75,41.75,31.859207153320312,1295300.0
2018-05-28,MEGA.BK,41.75,42.25,41.5,42.0,32.04997253417969,1065700.0
2018-05-30,MEGA.BK,41.5,42.0,40.5,41.0,31.286880493164062,1710400.0
2018-05-31,MEGA.BK,40.75,41.5,39.75,41.5,31.668434143066406,3548000.0
2018-06-01,MEGA.BK,41.0,41.25,40.25,41.0,31.286880493164062,1520500.0
2018-06-04,MEGA.BK,40.75,41.0,40.25,40.75,31.096111297607422,1194200.0
2018-06-05,MEGA.BK,40.5,40.75,39.25,40.5,30.905336380004883,2833800.0
2018-06-06,MEGA.BK,40.75,41.5,40.25,40.25,30.71455955505371,1365000.0
2018-06-07,MEGA.BK,40.75,41.0,40.5,40.75,31.096111297607422,1747700.0
2018-06-08,MEGA.BK,41.0,42.5,40.75,41.75,31.859207153320312,3821200.0
2018-06-11,MEGA.BK,42.0,42.5,41.75,41.75,31.859207153320312,805700.0
2018-06-12,MEGA.BK,42.0,42.75,42.0,42.25,32.24074935913086,973300.0
2018-06-13,MEGA.BK,42.5,42.75,40.5,41.25,31.4776611328125,2200600.0
2018-06-14,MEGA.BK,41.25,41.5,40.75,41.5,31.668434143066406,1191000.0
2018-06-15,MEGA.BK,41.5,41.5,40.5,41.5,31.668434143066406,976200.0
2018-06-18,MEGA.BK,41.25,41.25,40.5,40.75,31.096111297607422,651700.0
2018-06-19,MEGA.BK,40.5,41.0,39.25,40.0,30.52379035949707,1526400.0
2018-06-20,MEGA.BK,40.25,40.5,39.5,40.0,30.52379035949707,728600.0
2018-06-21,MEGA.BK,40.0,40.25,39.5,39.5,30.142248153686523,948200.0
2018-06-22,MEGA.BK,39.5,39.75,39.25,39.5,30.142248153686523,853100.0
2018-06-25,MEGA.BK,40.75,40.75,39.25,39.25,29.95147132873535,799300.0
2018-06-26,MEGA.BK,39.25,40.0,39.0,39.5,30.142248153686523,573600.0
2018-06-27,MEGA.BK,39.5,41.5,39.5,41.0,31.286880493164062,2525600.0
2018-06-28,MEGA.BK,41.0,41.0,38.0,38.0,28.997602462768555,1733300.0
2018-06-29,MEGA.BK,37.5,39.75,36.75,39.75,30.3330135345459,4139300.0
2018-07-02,MEGA.BK,39.25,41.25,39.25,41.25,31.4776611328125,2039300.0
2018-07-03,MEGA.BK,41.5,41.5,40.5,41.25,31.4776611328125,939400.0
2018-07-04,MEGA.BK,41.25,41.25,40.5,40.5,30.905336380004883,784900.0
2018-07-05,MEGA.BK,40.5,40.75,38.75,39.25,29.95147132873535,1380400.0
2018-07-06,MEGA.BK,39.5,41.0,39.0,40.75,31.096111297607422,1319800.0
2018-07-09,MEGA.BK,40.75,41.25,40.0,41.0,31.286880493164062,1217600.0
2018-07-10,MEGA.BK,41.25,42.25,41.25,42.0,32.04997253417969,2416300.0
2018-07-11,MEGA.BK,42.0,42.0,40.75,41.0,31.286880493164062,799500.0
2018-07-12,MEGA.BK,41.5,41.75,40.75,41.0,31.286880493164062,530600.0
2018-07-13,MEGA.BK,41.5,42.0,41.25,41.5,31.668434143066406,877400.0
2018-07-16,MEGA.BK,41.5,42.5,41.25,41.25,31.4776611328125,1271400.0
2018-07-17,MEGA.BK,40.75,41.25,39.5,41.0,31.286880493164062,1998900.0
2018-07-18,MEGA.BK,41.0,41.25,40.25,40.5,30.905336380004883,1117100.0
2018-07-19,MEGA.BK,40.75,41.25,40.25,40.5,30.905336380004883,1212000.0
2018-07-20,MEGA.BK,41.0,41.5,40.75,41.5,31.668434143066406,429300.0
2018-07-23,MEGA.BK,41.0,41.25,40.5,41.0,31.286880493164062,646600.0
2018-07-24,MEGA.BK,40.75,42.0,40.5,40.75,31.096111297607422,1713700.0
2018-07-25,MEGA.BK,41.0,41.25,40.75,40.75,31.096111297607422,384800.0
2018-07-26,MEGA.BK,41.0,41.0,40.75,41.0,31.286880493164062,355600.0
2018-07-31,MEGA.BK,41.0,41.25,40.5,40.75,31.096111297607422,625200.0
2018-08-01,MEGA.BK,40.75,41.0,40.0,40.5,30.905336380004883,4695000.0
2018-08-02,MEGA.BK,40.75,41.0,40.25,40.5,30.905336380004883,1201100.0
2018-08-03,MEGA.BK,40.5,41.25,40.25,40.5,30.905336380004883,1661600.0
2018-08-06,MEGA.BK,40.5,40.75,40.0,40.25,30.71455955505371,785800.0
2018-08-07,MEGA.BK,40.25,40.5,40.25,40.5,30.905336380004883,664800.0
2018-08-08,MEGA.BK,40.5,40.5,39.75,40.0,30.52379035949707,1527300.0
2018-08-09,MEGA.BK,40.25,40.25,39.5,39.5,30.142248153686523,1222700.0
2018-08-10,MEGA.BK,39.5,40.5,39.5,39.75,30.3330135345459,691900.0
2018-08-14,MEGA.BK,39.75,40.25,39.5,40.0,30.52379035949707,828600.0
2018-08-15,MEGA.BK,37.75,38.5,34.25,34.75,26.517541885375977,11475400.0
2018-08-16,MEGA.BK,35.0,36.75,34.0,36.25,27.662185668945312,5723200.0
2018-08-17,MEGA.BK,36.75,37.0,36.25,36.5,27.85295867919922,1726800.0
2018-08-20,MEGA.BK,36.5,36.75,35.5,36.5,27.85295867919922,2855300.0
2018-08-21,MEGA.BK,36.5,36.75,36.0,36.0,27.471412658691406,1478300.0
2018-08-22,MEGA.BK,36.0,36.5,36.0,36.25,27.662185668945312,653100.0
2018-08-23,MEGA.BK,36.25,36.5,36.0,36.0,27.471412658691406,773100.0
2018-08-24,MEGA.BK,36.25,36.25,36.0,36.0,27.471412658691406,844200.0
2018-08-27,MEGA.BK,36.0,36.25,35.5,35.75,27.280641555786133,1732400.0
2018-08-28,MEGA.BK,35.5,35.5,34.5,35.0,26.941940307617188,3047400.0
2018-08-29,MEGA.BK,35.0,35.75,35.0,35.5,27.326820373535156,925300.0
2018-08-30,MEGA.BK,35.5,35.5,35.0,35.0,26.941940307617188,1798500.0
2018-08-31,MEGA.BK,35.0,36.0,35.0,35.25,27.134387969970703,2283700.0
2018-09-03,MEGA.BK,35.5,35.5,35.0,35.0,26.941940307617188,743700.0
2018-09-04,MEGA.BK,35.25,35.25,35.0,35.0,26.941940307617188,1174000.0
2018-09-05,MEGA.BK,35.0,35.25,34.25,34.5,26.557052612304688,2069500.0
2018-09-06,MEGA.BK,34.5,35.25,34.25,35.0,26.941940307617188,1888900.0
2018-09-07,MEGA.BK,35.0,35.25,34.75,35.0,26.941940307617188,542100.0
2018-09-10,MEGA.BK,35.0,35.75,34.5,35.75,27.519269943237305,1313800.0
2018-09-11,MEGA.BK,36.0,36.0,35.25,35.25,27.134387969970703,1036300.0
2018-09-12,MEGA.BK,35.25,36.0,35.0,35.75,27.519269943237305,2293500.0
2018-09-13,MEGA.BK,35.75,36.5,35.5,36.0,27.71170997619629,2425200.0
2018-09-14,MEGA.BK,36.25,36.75,35.75,36.75,28.289039611816406,1047100.0
2018-09-17,MEGA.BK,36.5,38.0,36.5,37.5,28.866361618041992,4315600.0
2018-09-18,MEGA.BK,37.5,38.0,37.0,37.25,28.673921585083008,3125800.0
2018-09-19,MEGA.BK,37.5,37.75,37.0,37.25,28.673921585083008,2132800.0
2018-09-20,MEGA.BK,37.25,37.25,36.5,37.0,28.481477737426758,1429900.0
2018-09-21,MEGA.BK,37.25,37.5,36.75,37.0,28.481477737426758,1806000.0
2018-09-24,MEGA.BK,37.0,37.25,36.75,36.75,28.289039611816406,658400.0
2018-09-25,MEGA.BK,37.0,37.0,36.25,36.25,27.90415382385254,903100.0
2018-09-26,MEGA.BK,36.5,37.0,36.5,36.75,28.289039611816406,785300.0
2018-09-27,MEGA.BK,37.0,37.0,35.75,36.25,27.90415382385254,1415700.0
2018-09-28,MEGA.BK,36.25,37.25,35.75,37.25,28.673921585083008,2253100.0
2018-10-01,MEGA.BK,38.0,39.25,37.75,38.5,29.636133193969727,7525800.0
2018-10-02,MEGA.BK,38.5,38.75,38.0,38.0,29.251245498657227,1184200.0
2018-10-03,MEGA.BK,38.5,39.25,38.25,38.25,29.44369125366211,3134900.0
2018-10-04,MEGA.BK,38.25,38.5,37.5,37.75,29.05880355834961,2181800.0
2018-10-05,MEGA.BK,38.0,38.25,37.25,37.25,28.673921585083008,1105600.0
2018-10-08,MEGA.BK,37.5,38.0,36.0,36.0,27.71170997619629,1344500.0
2018-10-09,MEGA.BK,36.0,36.5,35.5,35.75,27.519269943237305,731400.0
2018-10-10,MEGA.BK,36.0,37.5,35.75,37.25,28.673921585083008,2574200.0
2018-10-11,MEGA.BK,35.75,37.0,35.75,36.75,28.289039611816406,1305700.0
2018-10-12,MEGA.BK,37.0,37.25,36.25,36.75,28.289039611816406,885800.0
2018-10-16,MEGA.BK,37.0,37.25,36.5,36.75,28.289039611816406,973000.0
2018-10-17,MEGA.BK,37.25,38.25,37.25,37.5,28.866361618041992,1383000.0
2018-10-18,MEGA.BK,37.25,37.75,37.0,37.0,28.481477737426758,732700.0
2018-10-19,MEGA.BK,37.0,37.25,36.25,37.0,28.481477737426758,1791800.0
2018-10-22,MEGA.BK,36.75,37.25,36.25,36.25,27.90415382385254,1139200.0
2018-10-24,MEGA.BK,35.5,36.0,34.75,35.0,26.941940307617188,1171600.0
2018-10-25,MEGA.BK,34.0,36.0,34.0,36.0,27.71170997619629,1058600.0
2018-10-26,MEGA.BK,36.0,36.0,35.25,35.5,27.326820373535156,342700.0
2018-10-29,MEGA.BK,35.25,36.0,35.25,35.25,27.134387969970703,411500.0
2018-10-30,MEGA.BK,35.5,36.25,35.25,36.0,27.71170997619629,254800.0
2018-10-31,MEGA.BK,36.75,37.5,36.25,37.5,28.866361618041992,1398800.0
2018-11-01,MEGA.BK,37.5,37.5,36.5,36.75,28.289039611816406,343400.0
2018-11-02,MEGA.BK,37.25,37.5,36.5,36.75,28.289039611816406,1135400.0
2018-11-05,MEGA.BK,36.5,36.75,36.25,36.5,28.09659767150879,341700.0
2018-11-06,MEGA.BK,36.75,37.0,36.5,36.75,28.289039611816406,1058900.0
2018-11-07,MEGA.BK,36.25,36.75,36.25,36.5,28.09659767150879,373900.0
2018-11-08,MEGA.BK,36.5,36.75,36.25,36.5,28.09659767150879,294900.0
2018-11-09,MEGA.BK,35.75,36.5,35.75,36.0,27.71170997619629,670200.0
2018-11-12,MEGA.BK,36.0,36.5,35.25,35.5,27.326820373535156,881100.0
2018-11-13,MEGA.BK,35.25,36.0,35.25,35.75,27.519269943237305,538100.0
2018-11-14,MEGA.BK,36.0,36.5,35.75,36.0,27.71170997619629,384100.0
2018-11-15,MEGA.BK,35.25,36.5,33.5,33.5,25.78728485107422,3180000.0
2018-11-16,MEGA.BK,33.5,34.0,31.25,31.5,24.24774742126465,3686200.0
2018-11-19,MEGA.BK,31.75,32.5,31.25,31.5,24.24774742126465,1477400.0
2018-11-20,MEGA.BK,31.25,31.5,30.0,30.5,23.477975845336914,1802100.0
2018-11-21,MEGA.BK,30.5,31.0,29.75,30.5,23.477975845336914,3165300.0
2018-11-22,MEGA.BK,30.5,31.5,30.5,30.75,23.67041778564453,2276200.0
2018-11-23,MEGA.BK,30.75,32.25,30.5,31.75,24.440187454223633,1760300.0
2018-11-26,MEGA.BK,31.75,31.75,30.75,31.0,23.86286163330078,1019400.0
2018-11-27,MEGA.BK,31.25,31.5,31.25,31.5,24.24774742126465,466700.0
2018-11-28,MEGA.BK,31.25,31.75,31.25,31.75,24.440187454223633,1381300.0
2018-11-29,MEGA.BK,32.0,32.75,31.5,32.75,25.209959030151367,1455800.0
2018-11-30,MEGA.BK,32.75,33.25,32.5,32.5,25.017515182495117,1401900.0
2018-12-03,MEGA.BK,33.0,33.25,32.75,32.75,25.209959030151367,2004900.0
2018-12-04,MEGA.BK,32.75,33.75,32.75,33.75,25.9797306060791,1573400.0
2018-12-06,MEGA.BK,33.25,33.75,33.0,33.25,25.59484100341797,970700.0
2018-12-07,MEGA.BK,33.75,34.0,33.25,33.75,25.9797306060791,565900.0
2018-12-11,MEGA.BK,33.25,33.25,32.25,32.25,24.8250675201416,1625500.0
2018-12-12,MEGA.BK,32.5,32.5,31.5,32.0,24.632631301879883,1244700.0
2018-12-13,MEGA.BK,32.0,32.25,30.75,31.75,24.440187454223633,1268200.0
2018-12-14,MEGA.BK,31.75,31.75,30.25,31.0,23.86286163330078,1305400.0
2018-12-17,MEGA.BK,30.75,31.25,30.5,30.5,23.477975845336914,630900.0
2018-12-18,MEGA.BK,30.75,30.75,29.25,30.0,23.093090057373047,1810500.0
2018-12-19,MEGA.BK,30.0,30.25,29.5,30.0,23.093090057373047,562700.0
2018-12-20,MEGA.BK,30.0,30.25,29.5,30.0,23.093090057373047,224500.0
2018-12-21,MEGA.BK,30.0,30.5,29.25,29.75,22.900646209716797,855100.0
2018-12-24,MEGA.BK,30.0,30.0,29.5,29.5,22.708206176757812,124500.0
2018-12-25,MEGA.BK,28.75,29.25,28.25,28.25,21.745994567871094,382300.0
2018-12-26,MEGA.BK,28.25,29.25,28.25,29.0,22.32332420349121,385800.0
2018-12-27,MEGA.BK,29.5,30.0,28.5,28.5,21.938434600830078,249000.0
2018-12-28,MEGA.BK,28.75,29.5,28.75,28.75,22.130878448486328,567100.0
2019-01-02,MEGA.BK,28.5,29.5,28.5,29.0,22.32332420349121,402300.0
2019-01-03,MEGA.BK,29.0,29.5,29.0,29.25,22.515766143798828,304800.0
2019-01-04,MEGA.BK,29.25,29.5,28.5,29.25,22.515766143798828,573800.0
2019-01-07,MEGA.BK,29.5,30.0,29.5,29.75,22.900646209716797,849200.0
2019-01-08,MEGA.BK,29.75,30.0,29.5,29.5,22.708206176757812,215100.0
2019-01-09,MEGA.BK,29.75,30.5,29.25,29.5,22.708206176757812,1944900.0
2019-01-10,MEGA.BK,29.5,29.75,29.25,29.5,22.708206176757812,1239900.0
2019-01-11,MEGA.BK,29.25,29.5,29.25,29.25,22.515766143798828,188400.0
2019-01-14,MEGA.BK,29.5,29.5,28.5,28.75,22.130878448486328,1226200.0
2019-01-15,MEGA.BK,28.75,29.0,28.25,29.0,22.32332420349121,1419800.0
2019-01-16,MEGA.BK,28.75,29.5,28.75,29.25,22.515766143798828,419100.0
2019-01-17,MEGA.BK,29.25,29.5,29.0,29.25,22.515766143798828,2305900.0
2019-01-18,MEGA.BK,29.25,29.5,28.75,28.75,22.130878448486328,928600.0
2019-01-21,MEGA.BK,29.0,30.25,29.0,29.25,22.515766143798828,1778300.0
2019-01-22,MEGA.BK,29.5,29.75,29.0,29.5,22.708206176757812,3387900.0
2019-01-23,MEGA.BK,29.5,30.75,29.5,30.5,23.477975845336914,3872000.0
2019-01-24,MEGA.BK,30.75,30.75,29.75,30.0,23.093090057373047,3132500.0
2019-01-25,MEGA.BK,30.25,31.5,30.0,30.75,23.67041778564453,3330500.0
2019-01-28,MEGA.BK,31.25,32.25,31.0,31.75,24.440187454223633,2546600.0
2019-01-29,MEGA.BK,31.5,32.75,31.5,32.25,24.8250675201416,1901000.0
2019-01-30,MEGA.BK,32.75,33.25,32.5,32.75,25.209959030151367,2269100.0
2019-01-31,MEGA.BK,33.0,33.75,32.5,32.75,25.209959030151367,2371000.0
2019-02-01,MEGA.BK,33.0,34.25,33.0,34.0,26.172170639038086,3076900.0
2019-02-04,MEGA.BK,33.5,34.75,33.5,34.5,26.557052612304688,1392300.0
2019-02-05,MEGA.BK,34.25,34.25,33.5,33.75,25.9797306060791,1935900.0
2019-02-06,MEGA.BK,33.75,34.25,33.25,34.25,26.36461067199707,678200.0
2019-02-07,MEGA.BK,34.25,34.5,34.0,34.5,26.557052612304688,1007300.0
2019-02-08,MEGA.BK,34.0,34.0,33.25,33.75,25.9797306060791,948200.0
2019-02-11,MEGA.BK,33.5,33.5,32.5,33.0,25.40239906311035,1061200.0
2019-02-12,MEGA.BK,32.75,34.75,32.75,34.5,26.557052612304688,2954600.0
2019-02-13,MEGA.BK,34.5,35.75,34.25,35.25,27.134387969970703,1979500.0
2019-02-14,MEGA.BK,35.5,35.5,34.25,34.5,26.557052612304688,745200.0
2019-02-15,MEGA.BK,34.75,35.25,34.25,34.75,26.74949073791504,1267200.0
2019-02-18,MEGA.BK,35.0,35.25,33.25,33.5,25.78728485107422,937400.0
2019-02-20,MEGA.BK,33.5,34.75,33.5,34.25,26.36461067199707,991300.0
2019-02-21,MEGA.BK,34.0,34.25,33.5,33.5,25.78728485107422,1316500.0
2019-02-22,MEGA.BK,33.5,34.25,33.5,34.0,26.172170639038086,683700.0
2019-02-25,MEGA.BK,34.0,35.5,34.0,35.0,26.941940307617188,2848400.0
2019-02-26,MEGA.BK,35.0,35.0,34.75,34.75,26.74949073791504,1584300.0
2019-02-27,MEGA.BK,34.75,34.75,33.25,33.5,25.78728485107422,1973500.0
2019-02-28,MEGA.BK,33.5,33.5,32.75,33.25,25.59484100341797,1618700.0
2019-03-01,MEGA.BK,33.5,33.75,33.0,33.25,25.59484100341797,492600.0
2019-03-04,MEGA.BK,33.5,33.5,32.75,32.75,25.209959030151367,293200.0
2019-03-05,MEGA.BK,32.5,33.0,31.5,32.75,25.209959030151367,1341200.0
2019-03-06,MEGA.BK,32.5,32.5,31.75,31.75,24.440187454223633,947900.0
2019-03-07,MEGA.BK,31.75,32.0,31.25,32.0,24.632631301879883,906600.0
2019-03-08,MEGA.BK,31.75,32.0,31.5,32.0,24.632631301879883,343600.0
2019-03-11,MEGA.BK,31.5,32.25,31.5,32.25,25.139310836791992,848100.0
2019-03-12,MEGA.BK,32.0,32.0,31.5,31.5,24.55467987060547,417600.0
2019-03-13,MEGA.BK,31.5,32.25,31.5,32.0,24.944438934326172,256300.0
2019-03-14,MEGA.BK,32.0,32.25,31.5,31.75,24.749557495117188,598200.0
2019-03-15,MEGA.BK,31.75,33.25,31.5,33.25,25.918825149536133,2916000.0
2019-03-18,MEGA.BK,33.5,33.5,32.25,32.75,25.529071807861328,1225600.0
2019-03-19,MEGA.BK,32.75,33.0,32.25,32.5,25.33419418334961,678100.0
2019-03-20,MEGA.BK,32.75,32.75,32.25,32.5,25.33419418334961,301500.0
2019-03-21,MEGA.BK,32.5,33.0,32.25,32.5,25.33419418334961,848600.0
2019-03-22,MEGA.BK,32.25,32.75,32.25,32.5,25.33419418334961,520600.0
2019-03-25,MEGA.BK,32.25,32.5,31.75,31.75,24.749557495117188,553900.0
2019-03-26,MEGA.BK,31.75,32.5,31.75,32.25,25.139310836791992,256600.0
2019-03-27,MEGA.BK,32.25,33.0,32.25,33.0,25.723949432373047,620900.0
2019-03-28,MEGA.BK,33.0,33.25,31.75,33.25,25.918825149536133,1248000.0
2019-03-29,MEGA.BK,33.25,33.25,32.5,32.5,25.33419418334961,942500.0
2019-04-01,MEGA.BK,32.75,34.25,32.5,34.25,26.69834327697754,2446500.0
2019-04-02,MEGA.BK,34.25,34.25,33.75,34.25,26.69834327697754,1654100.0
2019-04-03,MEGA.BK,34.0,34.5,34.0,34.0,26.503461837768555,867900.0
2019-04-04,MEGA.BK,34.0,34.25,33.75,34.0,26.503461837768555,1372300.0
2019-04-05,MEGA.BK,34.0,34.25,33.75,34.25,26.69834327697754,1028600.0
2019-04-09,MEGA.BK,34.25,34.75,34.0,34.0,26.503461837768555,2461200.0
2019-04-10,MEGA.BK,34.25,34.75,34.0,34.5,26.893218994140625,1653800.0
2019-04-11,MEGA.BK,34.5,34.5,34.0,34.0,26.503461837768555,719300.0
2019-04-12,MEGA.BK,34.0,34.25,33.75,34.0,26.503461837768555,636000.0
2019-04-17,MEGA.BK,34.25,34.5,34.0,34.25,26.69834327697754,2007200.0
2019-04-18,MEGA.BK,34.25,35.25,34.0,34.5,26.893218994140625,3892400.0
2019-04-19,MEGA.BK,34.5,35.5,34.5,35.5,27.6727294921875,2613000.0
2019-04-22,MEGA.BK,35.5,35.5,35.0,35.0,27.282978057861328,1397700.0
2019-04-23,MEGA.BK,35.0,35.25,34.5,35.0,27.282978057861328,1357000.0
2019-04-24,MEGA.BK,34.75,35.5,34.5,35.5,27.6727294921875,1571400.0
2019-04-25,MEGA.BK,35.5,37.0,35.0,37.0,28.842002868652344,2730300.0
2019-04-26,MEGA.BK,36.5,36.75,35.75,36.5,28.452251434326172,2451900.0
2019-04-29,MEGA.BK,36.25,36.75,36.0,36.25,28.257368087768555,692800.0
2019-04-30,MEGA.BK,36.25,36.5,35.75,36.0,28.062490463256836,676200.0
2019-05-02,MEGA.BK,36.25,38.0,35.75,38.0,29.62151527404785,2508600.0
2019-05-03,MEGA.BK,38.0,38.25,37.0,37.25,29.036884307861328,2023100.0
2019-05-07,MEGA.BK,37.0,37.0,36.0,36.0,28.062490463256836,1224800.0
2019-05-08,MEGA.BK,36.0,36.25,35.0,36.0,28.062490463256836,1461900.0
2019-05-09,MEGA.BK,35.5,35.75,34.25,34.25,26.69834327697754,822700.0
2019-05-10,MEGA.BK,34.0,34.25,33.0,33.5,26.113706588745117,2007400.0
2019-05-13,MEGA.BK,33.5,33.5,32.25,32.5,25.33419418334961,1190100.0
2019-05-14,MEGA.BK,32.0,33.5,32.0,33.25,25.918825149536133,2546300.0
2019-05-15,MEGA.BK,33.25,34.0,33.25,33.25,25.918825149536133,1499100.0
2019-05-16,MEGA.BK,33.75,34.0,33.25,33.75,26.308584213256836,1894900.0
2019-05-17,MEGA.BK,33.75,34.25,33.75,34.0,26.503461837768555,1493100.0
2019-05-21,MEGA.BK,33.75,34.0,33.25,33.75,26.308584213256836,548500.0
2019-05-22,MEGA.BK,34.0,35.0,33.75,34.75,27.088098526000977,2011000.0
2019-05-23,MEGA.BK,34.5,35.0,34.0,34.25,26.69834327697754,960900.0
2019-05-24,MEGA.BK,34.0,34.75,34.0,34.75,27.088098526000977,402300.0
2019-05-27,MEGA.BK,35.0,35.0,34.0,34.75,27.088098526000977,1628500.0
2019-05-28,MEGA.BK,34.75,36.75,34.0,36.75,28.647127151489258,2746800.0
2019-05-29,MEGA.BK,36.0,36.0,35.0,35.5,27.6727294921875,2421200.0
2019-05-30,MEGA.BK,35.75,35.75,34.75,34.75,27.088098526000977,1092200.0
2019-05-31,MEGA.BK,34.75,35.5,34.75,35.0,27.282978057861328,465100.0
2019-06-04,MEGA.BK,35.25,35.5,35.0,35.5,27.6727294921875,492200.0
2019-06-05,MEGA.BK,35.75,36.0,35.5,35.75,27.86761474609375,1086900.0
2019-06-06,MEGA.BK,35.5,36.0,35.25,35.5,27.6727294921875,698400.0
2019-06-07,MEGA.BK,35.75,37.0,35.75,36.5,28.452251434326172,2019000.0
2019-06-10,MEGA.BK,36.75,37.5,36.25,37.25,29.036884307861328,2300200.0
2019-06-11,MEGA.BK,37.25,37.5,36.5,37.0,28.842002868652344,2673200.0
2019-06-12,MEGA.BK,37.0,37.25,36.5,37.0,28.842002868652344,1261500.0
2019-06-13,MEGA.BK,36.75,37.25,36.5,36.75,28.647127151489258,866100.0
2019-06-14,MEGA.BK,37.0,37.0,35.75,36.0,28.062490463256836,971600.0
2019-06-17,MEGA.BK,36.0,36.5,36.0,36.0,28.062490463256836,404100.0
2019-06-18,MEGA.BK,36.25,36.5,36.0,36.25,28.257368087768555,258300.0
2019-06-19,MEGA.BK,36.5,38.25,36.25,37.25,29.036884307861328,3635200.0
2019-06-20,MEGA.BK,37.25,37.5,36.25,36.5,28.452251434326172,2292500.0
2019-06-21,MEGA.BK,36.75,36.75,35.75,36.25,28.257368087768555,1672300.0
2019-06-24,MEGA.BK,36.25,36.25,35.0,35.25,27.477861404418945,1347900.0
2019-06-25,MEGA.BK,35.25,36.0,35.0,35.5,27.6727294921875,589700.0
2019-06-26,MEGA.BK,35.5,36.25,35.5,35.5,27.6727294921875,1165700.0
2019-06-27,MEGA.BK,35.75,36.0,35.5,35.75,27.86761474609375,659300.0
2019-06-28,MEGA.BK,35.5,36.0,34.75,35.0,27.282978057861328,2025700.0
2019-07-01,MEGA.BK,35.25,35.75,34.75,35.0,27.282978057861328,1441700.0
2019-07-02,MEGA.BK,35.25,36.0,34.0,34.5,26.893218994140625,2730300.0
2019-07-03,MEGA.BK,34.25,35.0,34.25,34.75,27.088098526000977,1008200.0
2019-07-04,MEGA.BK,34.75,35.5,34.75,35.0,27.282978057861328,1684900.0
2019-07-05,MEGA.BK,35.25,35.25,34.75,35.0,27.282978057861328,723000.0
2019-07-08,MEGA.BK,34.75,35.0,34.5,34.5,26.893218994140625,713000.0
2019-07-09,MEGA.BK,34.5,35.0,34.5,34.5,26.893218994140625,878500.0
2019-07-10,MEGA.BK,34.5,36.0,34.5,35.25,27.477861404418945,2059500.0
2019-07-11,MEGA.BK,35.25,35.5,35.0,35.25,27.477861404418945,1385500.0
2019-07-12,MEGA.BK,35.5,35.5,34.75,35.0,27.282978057861328,949700.0
2019-07-15,MEGA.BK,35.0,35.0,34.5,34.75,27.088098526000977,736100.0
2019-07-17,MEGA.BK,34.5,34.75,34.25,34.75,27.088098526000977,639600.0
2019-07-18,MEGA.BK,34.75,35.0,34.5,34.75,27.088098526000977,920200.0
2019-07-19,MEGA.BK,35.25,36.5,35.25,36.0,28.062490463256836,3203600.0
2019-07-22,MEGA.BK,36.25,36.25,35.5,36.0,28.062490463256836,815800.0
2019-07-23,MEGA.BK,36.0,36.25,35.5,35.5,27.6727294921875,590300.0
2019-07-24,MEGA.BK,35.5,36.5,35.5,36.25,28.257368087768555,1137700.0
2019-07-25,MEGA.BK,36.5,36.75,36.0,36.0,28.062490463256836,942700.0
2019-07-26,MEGA.BK,36.0,36.25,35.25,36.0,28.062490463256836,2122300.0
2019-07-30,MEGA.BK,36.0,36.0,35.0,35.0,27.282978057861328,583000.0
2019-07-31,MEGA.BK,35.0,35.5,34.75,35.25,27.477861404418945,230300.0
2019-08-01,MEGA.BK,35.5,35.5,35.0,35.0,27.282978057861328,241800.0
2019-08-02,MEGA.BK,34.25,35.25,34.0,34.75,27.088098526000977,893400.0
2019-08-05,MEGA.BK,34.5,35.0,34.0,34.0,26.503461837768555,755700.0
2019-08-06,MEGA.BK,32.75,34.0,32.5,33.75,26.308584213256836,1829100.0
2019-08-07,MEGA.BK,33.75,34.5,33.25,33.25,25.918825149536133,865300.0
2019-08-08,MEGA.BK,33.25,33.75,33.0,33.0,25.723949432373047,993000.0
2019-08-09,MEGA.BK,33.5,33.5,32.0,32.0,24.944438934326172,1187500.0
2019-08-13,MEGA.BK,32.0,32.0,31.25,31.5,24.55467987060547,1500000.0
2019-08-14,MEGA.BK,31.75,32.0,30.5,30.75,23.970043182373047,1036100.0
2019-08-15,MEGA.BK,29.5,29.75,28.25,29.5,22.995649337768555,4658800.0
2019-08-16,MEGA.BK,29.75,30.5,29.25,30.0,23.38541030883789,4104300.0
2019-08-19,MEGA.BK,30.25,30.5,30.0,30.25,23.580289840698242,3326300.0
2019-08-20,MEGA.BK,30.25,30.5,29.5,29.75,23.19053077697754,1407300.0
2019-08-21,MEGA.BK,29.5,29.75,29.25,29.5,22.995649337768555,1928500.0
2019-08-22,MEGA.BK,29.5,30.5,29.5,29.5,22.995649337768555,3237400.0
2019-08-23,MEGA.BK,29.5,30.0,29.5,30.0,23.38541030883789,1046400.0
2019-08-26,MEGA.BK,29.5,29.5,28.5,29.25,22.800777435302734,3985900.0
2019-08-27,MEGA.BK,29.25,29.5,28.75,29.0,22.605894088745117,1580200.0
2019-08-28,MEGA.BK,28.5,29.75,28.5,29.5,23.244123458862305,871300.0
2019-08-29,MEGA.BK,29.75,30.5,29.75,30.5,24.032058715820312,1745200.0
2019-08-30,MEGA.BK,30.75,32.25,30.5,31.25,24.62301254272461,3934900.0
2019-09-02,MEGA.BK,31.5,32.25,30.75,32.25,25.410947799682617,1732600.0
2019-09-03,MEGA.BK,32.25,33.5,32.0,32.25,25.410947799682617,2742800.0
2019-09-04,MEGA.BK,33.0,33.25,32.25,33.0,26.00189971923828,1600600.0
2019-09-05,MEGA.BK,33.0,34.0,33.0,33.5,26.395870208740234,1635500.0
2019-09-06,MEGA.BK,33.75,34.25,33.5,34.0,26.789838790893555,2165000.0
2019-09-09,MEGA.BK,34.0,34.0,32.75,33.25,26.198883056640625,1737700.0
2019-09-10,MEGA.BK,33.25,34.0,33.25,33.75,26.592853546142578,835300.0
2019-09-11,MEGA.BK,34.0,34.0,33.25,33.5,26.395870208740234,843000.0
2019-09-12,MEGA.BK,33.75,33.75,32.75,33.0,26.00189971923828,776400.0
2019-09-13,MEGA.BK,33.5,33.75,33.0,33.0,26.00189971923828,453400.0
2019-09-16,MEGA.BK,33.0,33.75,32.75,33.75,26.592853546142578,800900.0
2019-09-17,MEGA.BK,34.0,34.0,33.25,33.25,26.198883056640625,400200.0
2019-09-18,MEGA.BK,33.75,33.75,32.75,33.0,26.00189971923828,628000.0
2019-09-19,MEGA.BK,33.0,33.0,31.25,31.75,25.01698112487793,1584200.0
2019-09-20,MEGA.BK,31.75,32.25,31.5,31.5,24.819995880126953,922400.0
2019-09-23,MEGA.BK,31.5,31.5,31.25,31.25,24.62301254272461,287700.0
2019-09-24,MEGA.BK,31.25,31.5,31.0,31.0,24.426029205322266,1289600.0
2019-09-25,MEGA.BK,30.75,31.25,30.75,30.75,24.229042053222656,634100.0
2019-09-26,MEGA.BK,31.0,32.25,31.0,31.75,25.01698112487793,1175400.0
2019-09-27,MEGA.BK,31.75,32.0,31.25,31.75,25.01698112487793,948200.0
2019-09-30,MEGA.BK,31.5,32.0,31.0,31.25,24.62301254272461,610100.0
2019-10-01,MEGA.BK,31.25,31.5,30.75,30.75,24.229042053222656,1847400.0
2019-10-02,MEGA.BK,30.75,31.0,30.25,30.5,24.032058715820312,1247500.0
2019-10-03,MEGA.BK,30.25,30.25,29.75,30.0,23.638092041015625,1269700.0
2019-10-04,MEGA.BK,30.0,30.25,29.5,29.5,23.244123458862305,1373000.0
2019-10-07,MEGA.BK,29.5,30.25,29.5,30.0,23.638092041015625,1170400.0
2019-10-08,MEGA.BK,30.25,30.25,29.75,29.75,23.44110679626465,496800.0
2019-10-09,MEGA.BK,30.0,30.25,29.5,30.0,23.638092041015625,559000.0
2019-10-10,MEGA.BK,30.25,30.25,29.5,30.0,23.638092041015625,299300.0
2019-10-11,MEGA.BK,30.0,30.5,29.75,30.0,23.638092041015625,474300.0
2019-10-15,MEGA.BK,30.0,30.25,29.75,29.75,23.44110679626465,460600.0
2019-10-16,MEGA.BK,30.0,30.0,29.25,29.5,23.244123458862305,957900.0
2019-10-17,MEGA.BK,29.75,29.75,29.25,29.25,23.047143936157227,673200.0
2019-10-18,MEGA.BK,29.5,30.0,29.5,29.75,23.44110679626465,767700.0
2019-10-21,MEGA.BK,29.75,30.0,29.5,29.75,23.44110679626465,581700.0
2019-10-22,MEGA.BK,29.5,30.0,29.5,30.0,23.638092041015625,644400.0
2019-10-24,MEGA.BK,29.75,30.0,29.25,29.5,23.244123458862305,539400.0
2019-10-25,MEGA.BK,29.25,29.5,28.5,28.5,22.45618438720703,1066800.0
2019-10-28,MEGA.BK,28.75,28.75,28.0,28.25,22.259199142456055,896700.0
2019-10-29,MEGA.BK,28.5,29.5,28.5,28.75,22.65317153930664,1245700.0
2019-10-30,MEGA.BK,29.0,29.0,28.0,28.75,22.65317153930664,738600.0
2019-10-31,MEGA.BK,29.0,29.5,28.25,28.75,22.65317153930664,1478600.0
2019-11-01,MEGA.BK,28.75,29.0,28.0,28.5,22.45618438720703,964800.0
2019-11-04,MEGA.BK,28.75,29.5,28.5,29.5,23.244123458862305,1722600.0
2019-11-05,MEGA.BK,29.75,30.5,29.75,30.0,23.638092041015625,2646200.0
2019-11-06,MEGA.BK,30.25,30.25,29.75,29.75,23.44110679626465,604600.0
2019-11-07,MEGA.BK,30.0,31.25,29.75,31.25,24.62301254272461,2522900.0
2019-11-08,MEGA.BK,31.0,31.5,30.75,31.25,24.62301254272461,1265900.0
2019-11-11,MEGA.BK,31.25,31.25,30.5,31.0,24.426029205322266,621600.0
2019-11-12,MEGA.BK,31.0,31.0,29.25,29.75,23.44110679626465,1336400.0
2019-11-13,MEGA.BK,29.25,29.5,29.0,29.5,23.244123458862305,746300.0
2019-11-14,MEGA.BK,29.25,29.5,28.5,29.25,23.047143936157227,920200.0
2019-11-15,MEGA.BK,30.5,31.25,30.25,30.75,24.229042053222656,3317600.0
2019-11-18,MEGA.BK,31.0,31.5,30.5,31.25,24.62301254272461,1688200.0
2019-11-19,MEGA.BK,31.0,31.5,30.75,31.5,24.819995880126953,2613900.0
2019-11-20,MEGA.BK,31.25,31.25,30.5,31.0,24.426029205322266,1665300.0
2019-11-21,MEGA.BK,30.5,31.0,30.25,30.75,24.229042053222656,1466000.0
2019-11-22,MEGA.BK,30.75,31.0,30.5,30.75,24.229042053222656,781800.0
2019-11-25,MEGA.BK,30.75,30.75,30.5,30.75,24.229042053222656,542400.0
2019-11-26,MEGA.BK,30.75,31.0,30.25,31.0,24.426029205322266,1276700.0
2019-11-27,MEGA.BK,31.0,31.75,30.75,31.0,24.426029205322266,1612600.0
2019-11-28,MEGA.BK,31.25,31.25,30.5,30.5,24.032058715820312,839600.0
2019-11-29,MEGA.BK,30.25,30.5,30.0,30.5,24.032058715820312,573200.0
2019-12-02,MEGA.BK,30.5,30.5,29.5,30.25,23.8350772857666,1017800.0
2019-12-03,MEGA.BK,29.75,30.25,29.5,30.0,23.638092041015625,383300.0
2019-12-04,MEGA.BK,29.75,30.0,29.5,30.0,23.638092041015625,477500.0
2019-12-06,MEGA.BK,29.75,30.0,28.5,28.75,22.65317153930664,2446800.0
2019-12-09,MEGA.BK,29.0,29.25,28.75,29.0,22.850156784057617,604900.0
2019-12-11,MEGA.BK,28.75,29.25,28.5,28.5,22.45618438720703,705900.0
2019-12-12,MEGA.BK,28.5,29.0,28.25,28.25,22.259199142456055,1522600.0
2019-12-13,MEGA.BK,28.75,29.25,28.5,29.0,22.850156784057617,1012800.0
2019-12-16,MEGA.BK,29.0,29.0,28.5,28.75,22.65317153930664,535200.0
2019-12-17,MEGA.BK,29.0,29.5,28.75,29.5,23.244123458862305,910400.0
2019-12-18,MEGA.BK,29.25,29.5,29.0,29.0,22.850156784057617,344200.0
2019-12-19,MEGA.BK,29.0,29.0,28.5,29.0,22.850156784057617,372600.0
2019-12-20,MEGA.BK,28.75,29.0,28.75,28.75,22.65317153930664,254800.0
2019-12-23,MEGA.BK,28.5,28.5,26.0,27.0,21.274282455444336,3896500.0
2019-12-24,MEGA.BK,26.75,27.25,26.5,26.5,20.88031578063965,934000.0
2019-12-25,MEGA.BK,26.75,27.0,26.0,26.75,21.07729721069336,1280900.0
2019-12-26,MEGA.BK,26.75,27.0,26.5,27.0,21.274282455444336,560600.0
2019-12-27,MEGA.BK,27.0,27.25,26.75,27.0,21.274282455444336,229700.0
2019-12-30,MEGA.BK,27.0,27.25,26.0,26.0,20.486345291137695,1219200.0
2020-01-02,MEGA.BK,26.25,27.25,26.0,27.25,21.47126579284668,1156900.0
2020-01-03,MEGA.BK,27.25,28.25,26.75,27.75,21.865236282348633,2220100.0
2020-01-06,MEGA.BK,27.0,27.5,26.75,27.0,21.274282455444336,1560500.0
2020-01-07,MEGA.BK,27.25,27.75,27.0,27.5,21.66825294494629,655300.0
2020-01-08,MEGA.BK,27.0,27.25,26.75,26.75,21.07729721069336,662500.0
2020-01-09,MEGA.BK,27.25,27.25,26.5,26.75,21.07729721069336,1451600.0
2020-01-10,MEGA.BK,27.0,27.75,27.0,27.5,21.66825294494629,1492400.0
2020-01-13,MEGA.BK,27.75,28.0,27.0,27.25,21.47126579284668,952900.0
2020-01-14,MEGA.BK,27.75,28.25,27.5,27.75,21.865236282348633,628200.0
2020-01-15,MEGA.BK,28.0,28.25,27.5,28.0,22.062217712402344,672900.0
2020-01-16,MEGA.BK,28.25,28.25,27.75,28.0,22.062217712402344,945800.0
2020-01-17,MEGA.BK,28.25,29.25,28.25,29.0,22.850156784057617,1946100.0
2020-01-20,MEGA.BK,29.0,29.5,28.5,28.75,22.65317153930664,1240100.0
2020-01-21,MEGA.BK,29.0,29.25,28.75,28.75,22.65317153930664,536200.0
2020-01-22,MEGA.BK,28.75,29.0,28.25,28.5,22.45618438720703,374700.0
2020-01-23,MEGA.BK,28.25,28.5,28.0,28.0,22.062217712402344,873200.0
2020-01-24,MEGA.BK,29.0,29.0,28.25,28.25,22.259199142456055,927400.0
2020-01-27,MEGA.BK,28.25,28.25,27.25,27.5,21.66825294494629,1001600.0
2020-01-28,MEGA.BK,27.5,28.25,27.25,27.5,21.66825294494629,1129100.0
2020-01-29,MEGA.BK,27.75,27.75,27.0,27.25,21.47126579284668,1210400.0
2020-01-30,MEGA.BK,27.5,28.0,27.25,27.75,21.865236282348633,2058400.0
2020-01-31,MEGA.BK,28.0,28.0,27.25,27.25,21.47126579284668,862800.0
2020-02-03,MEGA.BK,27.0,27.25,26.0,26.0,20.486345291137695,1387600.0
2020-02-04,MEGA.BK,26.5,27.0,26.25,26.25,20.68332862854004,2165900.0
2020-02-05,MEGA.BK,26.25,26.75,26.0,26.75,21.07729721069336,2023000.0
2020-02-06,MEGA.BK,26.75,27.75,26.5,27.25,21.47126579284668,4484500.0
2020-02-07,MEGA.BK,27.25,27.5,27.0,27.25,21.47126579284668,3056000.0
2020-02-11,MEGA.BK,27.25,27.5,26.5,27.25,21.47126579284668,2396800.0
2020-02-12,MEGA.BK,27.25,27.25,26.75,27.0,21.274282455444336,1752800.0
2020-02-13,MEGA.BK,27.25,28.25,27.0,27.75,21.865236282348633,4764500.0
2020-02-14,MEGA.BK,28.0,29.5,28.0,29.25,23.047143936157227,5289300.0
2020-02-17,MEGA.BK,29.0,29.5,28.75,29.5,23.244123458862305,1748000.0
2020-02-18,MEGA.BK,29.5,29.5,29.0,29.25,23.047143936157227,2090200.0
2020-02-19,MEGA.BK,29.5,30.75,28.75,29.0,22.850156784057617,5038800.0
2020-02-20,MEGA.BK,28.75,28.75,27.5,28.25,22.259199142456055,1890200.0
2020-02-21,MEGA.BK,27.75,28.5,27.25,28.5,22.45618438720703,1014400.0
2020-02-24,MEGA.BK,27.75,27.75,26.5,27.0,21.274282455444336,2593200.0
2020-02-25,MEGA.BK,27.0,27.0,24.100000381469727,25.25,19.89539337158203,6450000.0
2020-02-26,MEGA.BK,25.0,25.25,24.0,24.799999237060547,19.540821075439453,3482700.0
2020-02-27,MEGA.BK,24.799999237060547,26.25,24.600000381469727,26.25,20.68332862854004,2191900.0
2020-02-28,MEGA.BK,25.0,25.5,24.899999618530273,25.0,19.69841194152832,2127900.0
2020-03-02,MEGA.BK,25.25,25.5,24.399999618530273,24.799999237060547,19.540821075439453,1769100.0
2020-03-03,MEGA.BK,25.25,26.25,25.0,25.75,20.28936004638672,1643000.0
2020-03-04,MEGA.BK,25.5,26.25,25.25,25.75,20.28936004638672,898400.0
2020-03-05,MEGA.BK,26.25,27.0,26.0,26.25,20.68332862854004,1796900.0
2020-03-06,MEGA.BK,25.75,26.25,25.25,25.75,20.28936004638672,1498800.0
2020-03-09,MEGA.BK,23.5,24.5,23.200000762939453,23.799999237060547,19.056304931640625,2501400.0
2020-03-10,MEGA.BK,23.899999618530273,24.299999237060547,23.700000762939453,24.299999237060547,19.456647872924805,1802400.0
2020-03-11,MEGA.BK,24.299999237060547,24.799999237060547,24.0,24.200000762939453,19.37657928466797,696500.0
2020-03-12,MEGA.BK,23.0,23.299999237060547,20.299999237060547,21.200000762939453,16.974523544311523,2429300.0
2020-03-13,MEGA.BK,20.700000762939453,21.5,18.700000762939453,21.5,17.214731216430664,2076300.0
2020-03-16,MEGA.BK,20.200000762939453,20.899999618530273,19.200000762939453,19.600000381469727,15.693429946899414,2545500.0
2020-03-17,MEGA.BK,19.0,19.5,18.200000762939453,18.200000762939453,14.572468757629395,3007200.0
2020-03-18,MEGA.BK,18.5,19.100000381469727,17.899999618530273,18.299999237060547,14.652538299560547,1514300.0
2020-03-19,MEGA.BK,18.0,19.100000381469727,18.0,19.0,15.213017463684082,1085300.0
2020-03-20,MEGA.BK,19.5,21.0,19.299999237060547,20.899999618530273,16.734317779541016,2831500.0
2020-03-23,MEGA.BK,18.700000762939453,19.299999237060547,18.5,19.0,15.213017463684082,1866800.0
2020-03-24,MEGA.BK,19.600000381469727,19.899999618530273,18.5,18.5,14.812675476074219,2148800.0
2020-03-25,MEGA.BK,18.799999237060547,19.899999618530273,18.600000381469727,19.299999237060547,15.453222274780273,1387000.0
2020-03-26,MEGA.BK,19.100000381469727,20.200000762939453,19.100000381469727,20.200000762939453,16.173839569091797,1918500.0
2020-03-27,MEGA.BK,20.5,22.799999237060547,20.5,22.0,17.61507225036621,2501700.0
2020-03-30,MEGA.BK,21.5,21.5,21.5,21.5,17.214731216430664,59000.0
2020-03-31,MEGA.BK,21.899999618530273,22.399999618530273,21.799999237060547,22.200000762939453,17.775209426879883,1442700.0
2020-04-01,MEGA.BK,22.399999618530273,23.299999237060547,21.899999618530273,22.0,17.61507225036621,970800.0
2020-04-02,MEGA.BK,22.200000762939453,22.399999618530273,21.399999618530273,22.100000381469727,17.695146560668945,1131000.0
2020-04-03,MEGA.BK,22.399999618530273,22.399999618530273,22.0,22.100000381469727,17.695146560668945,448500.0
2020-04-07,MEGA.BK,23.899999618530273,24.0,23.100000381469727,23.799999237060547,19.056304931640625,1050900.0
2020-04-08,MEGA.BK,23.799999237060547,24.799999237060547,23.600000381469727,24.600000381469727,19.696855545043945,910200.0
2020-04-09,MEGA.BK,24.700000762939453,25.75,24.700000762939453,25.5,20.41747283935547,2323700.0
2020-04-10,MEGA.BK,25.5,26.5,25.5,26.5,21.218154907226562,747600.0
2020-04-13,MEGA.BK,26.75,27.75,26.0,27.5,22.018844604492188,2568000.0
2020-04-14,MEGA.BK,28.0,28.0,25.5,26.25,21.017986297607422,1628800.0
2020-04-15,MEGA.BK,26.5,26.75,26.25,26.5,21.218154907226562,1614800.0
2020-04-16,MEGA.BK,26.5,26.75,25.0,25.75,20.61764144897461,1723500.0
2020-04-17,MEGA.BK,26.75,27.0,26.0,27.0,21.618501663208008,849200.0
2020-04-20,MEGA.BK,27.25,27.5,27.0,27.25,21.81867027282715,625200.0
2020-04-21,MEGA.BK,27.25,27.25,26.0,26.25,21.017986297607422,468800.0
2020-04-22,MEGA.BK,26.0,26.25,25.25,25.25,20.217302322387695,1372500.0
2020-04-23,MEGA.BK,25.25,26.75,25.25,26.5,21.218154907226562,2663500.0
2020-04-24,MEGA.BK,26.5,26.75,25.5,26.25,21.017986297607422,1457100.0
2020-04-27,MEGA.BK,26.25,26.5,25.5,25.75,20.61764144897461,816100.0
2020-04-28,MEGA.BK,26.0,26.25,25.25,26.0,20.81781578063965,1291900.0
2020-04-29,MEGA.BK,26.0,27.75,26.0,27.5,22.018844604492188,1703000.0
2020-04-30,MEGA.BK,28.0,29.0,28.0,29.0,23.21986961364746,2011800.0
2020-05-05,MEGA.BK,28.75,29.5,27.5,29.0,23.21986961364746,2790100.0
2020-05-07,MEGA.BK,29.25,29.25,27.5,27.5,22.018844604492188,3984700.0
2020-05-08,MEGA.BK,27.75,28.25,27.75,27.75,22.219011306762695,2103300.0
2020-05-11,MEGA.BK,28.0,29.25,27.75,28.75,23.019699096679688,1740500.0
2020-05-12,MEGA.BK,29.0,29.0,28.5,28.75,23.019699096679688,798000.0
2020-05-13,MEGA.BK,28.75,29.25,28.0,28.75,23.019699096679688,1993200.0
2020-05-14,MEGA.BK,28.75,28.75,28.0,28.25,22.619354248046875,1592700.0
2020-05-15,MEGA.BK,29.0,31.75,28.5,30.5,24.4208984375,7248500.0
2020-05-18,MEGA.BK,30.25,34.75,30.25,32.25,25.822093963623047,11124000.0
2020-05-19,MEGA.BK,33.5,34.75,33.5,34.25,27.423465728759766,5293700.0
2020-05-20,MEGA.BK,34.25,35.25,33.25,34.75,27.823810577392578,4827700.0
2020-05-21,MEGA.BK,35.0,35.0,33.5,34.0,27.223297119140625,3260800.0
2020-05-22,MEGA.BK,33.5,34.5,33.25,34.5,27.62363624572754,3569400.0
2020-05-25,MEGA.BK,35.25,36.0,34.75,35.0,28.02397918701172,3242000.0
2020-05-26,MEGA.BK,35.75,36.0,35.25,35.25,28.22415542602539,2045700.0
2020-05-27,MEGA.BK,35.5,36.75,34.5,34.5,27.62363624572754,7214800.0
2020-05-28,MEGA.BK,34.5,34.5,33.5,33.75,27.02312469482422,4085400.0
2020-05-29,MEGA.BK,33.75,35.0,33.5,34.25,27.423465728759766,3915100.0
2020-06-01,MEGA.BK,34.5,35.5,34.5,35.5,28.42432403564453,1690500.0
2020-06-02,MEGA.BK,35.75,36.0,34.75,35.5,28.42432403564453,4475700.0
2020-06-04,MEGA.BK,35.75,35.75,34.0,34.5,27.62363624572754,4851200.0
2020-06-05,MEGA.BK,34.75,35.25,34.25,35.0,28.02397918701172,3560400.0
2020-06-08,MEGA.BK,34.5,35.5,34.5,35.5,28.42432403564453,3244300.0
2020-06-09,MEGA.BK,35.75,36.75,34.5,34.75,27.823810577392578,2968100.0
2020-06-10,MEGA.BK,34.75,35.75,33.75,35.0,28.02397918701172,2389300.0
2020-06-11,MEGA.BK,35.0,35.5,34.5,35.25,28.22415542602539,1546200.0
2020-06-12,MEGA.BK,34.0,34.75,33.75,34.25,27.423465728759766,3238200.0
2020-06-15,MEGA.BK,34.0,34.5,33.25,33.5,26.822954177856445,1462000.0
2020-06-16,MEGA.BK,34.25,35.5,34.0,35.25,28.22415542602539,2339400.0
2020-06-17,MEGA.BK,35.0,38.75,34.75,37.5,30.025693893432617,6119800.0
2020-06-18,MEGA.BK,37.5,37.5,36.25,36.75,29.425182342529297,3561800.0
2020-06-19,MEGA.BK,37.0,38.5,36.75,37.25,29.82552146911621,2326000.0
2020-06-22,MEGA.BK,37.5,38.75,36.75,37.25,29.82552146911621,2344800.0
2020-06-23,MEGA.BK,37.5,38.5,37.0,38.0,30.426034927368164,1395500.0
2020-06-24,MEGA.BK,38.25,38.5,35.5,36.0,28.82466697692871,2234500.0
2020-06-25,MEGA.BK,35.25,36.25,35.0,36.0,28.82466697692871,1399800.0
2020-06-26,MEGA.BK,36.75,36.75,35.75,36.25,29.024837493896484,420100.0
2020-06-29,MEGA.BK,36.0,36.75,35.5,36.75,29.425182342529297,643100.0
2020-06-30,MEGA.BK,37.0,37.25,36.5,37.25,29.82552146911621,1331400.0
2020-07-01,MEGA.BK,38.0,38.0,36.25,36.5,29.225004196166992,2302500.0
2020-07-02,MEGA.BK,36.75,37.25,36.25,36.5,29.225004196166992,916200.0
2020-07-03,MEGA.BK,36.75,37.75,36.5,37.75,30.22586441040039,1662700.0
2020-07-07,MEGA.BK,38.0,38.25,36.75,37.0,29.625350952148438,2367200.0
2020-07-08,MEGA.BK,37.0,37.25,36.5,36.5,29.225004196166992,1032800.0
2020-07-09,MEGA.BK,36.75,37.75,36.5,37.75,30.22586441040039,1018300.0
2020-07-10,MEGA.BK,37.5,37.75,37.0,37.25,29.82552146911621,652000.0
2020-07-13,MEGA.BK,37.25,41.25,37.25,40.75,32.62791442871094,10899100.0
2020-07-14,MEGA.BK,40.5,40.5,36.75,38.5,30.826377868652344,7086900.0
2020-07-15,MEGA.BK,39.0,39.0,38.0,38.5,30.826377868652344,1894600.0
2020-07-16,MEGA.BK,38.5,38.5,37.25,38.0,30.426034927368164,2349800.0
2020-07-17,MEGA.BK,38.0,39.5,37.75,38.25,30.626205444335938,2297900.0
2020-07-20,MEGA.BK,38.25,39.5,38.25,38.75,31.026546478271484,1413500.0
2020-07-21,MEGA.BK,39.0,39.5,38.0,38.0,30.426034927368164,2243600.0
2020-07-22,MEGA.BK,38.25,38.5,37.0,37.0,29.625350952148438,2446300.0
2020-07-23,MEGA.BK,37.5,37.5,34.5,36.25,29.024837493896484,4299600.0
2020-07-24,MEGA.BK,35.75,37.0,35.25,36.25,29.024837493896484,1192200.0
2020-07-29,MEGA.BK,36.5,36.75,35.25,35.5,28.42432403564453,1338800.0
2020-07-30,MEGA.BK,36.0,36.25,33.25,34.0,27.223297119140625,2901300.0
2020-07-31,MEGA.BK,33.75,35.5,33.0,33.75,27.02312469482422,3664200.0
2020-08-03,MEGA.BK,33.75,36.0,32.75,35.75,28.624492645263672,3712900.0
2020-08-04,MEGA.BK,36.0,36.75,35.75,36.25,29.024837493896484,2094500.0
2020-08-05,MEGA.BK,36.5,36.75,35.75,36.25,29.024837493896484,1434300.0
2020-08-06,MEGA.BK,36.75,38.75,36.75,38.25,30.626205444335938,4275000.0
2020-08-07,MEGA.BK,37.75,38.0,36.5,37.5,30.025693893432617,1964500.0
2020-08-10,MEGA.BK,37.5,38.0,37.25,37.75,30.22586441040039,1405000.0
2020-08-11,MEGA.BK,38.25,39.0,37.75,38.0,30.426034927368164,3780800.0
2020-08-13,MEGA.BK,38.25,38.5,35.75,36.0,28.82466697692871,3024500.0
2020-08-14,MEGA.BK,36.0,36.75,35.25,35.75,28.624492645263672,742700.0
2020-08-17,MEGA.BK,36.25,38.5,36.25,38.0,30.426034927368164,4344100.0
2020-08-18,MEGA.BK,39.0,39.25,37.0,37.25,29.82552146911621,1970600.0
2020-08-19,MEGA.BK,37.25,37.75,36.5,37.5,30.025693893432617,2803400.0
2020-08-20,MEGA.BK,37.0,37.25,36.0,36.5,29.225004196166992,1913600.0
2020-08-21,MEGA.BK,36.75,36.75,36.0,36.75,29.425182342529297,745700.0
2020-08-24,MEGA.BK,37.25,38.0,37.0,37.5,30.025693893432617,2318200.0
2020-08-25,MEGA.BK,37.5,38.5,37.25,37.75,30.22586441040039,3067400.0
2020-08-26,MEGA.BK,38.0,38.25,36.75,37.25,29.82552146911621,1955500.0
2020-08-27,MEGA.BK,36.75,38.5,36.75,38.5,31.127208709716797,2486400.0
2020-08-28,MEGA.BK,38.5,38.75,37.5,37.5,30.318702697753906,887900.0
2020-08-31,MEGA.BK,37.5,38.0,36.75,37.75,30.520828247070312,1473500.0
2020-09-01,MEGA.BK,37.5,37.75,35.25,35.75,28.903833389282227,2929700.0
2020-09-02,MEGA.BK,35.75,36.5,35.25,35.75,28.903833389282227,1157200.0
2020-09-03,MEGA.BK,36.0,36.75,35.75,36.0,29.105955123901367,1903100.0
2020-09-08,MEGA.BK,35.75,35.75,33.5,33.5,27.084707260131836,3178600.0
2020-09-09,MEGA.BK,33.0,35.75,33.0,35.75,28.903833389282227,1427500.0
2020-09-10,MEGA.BK,35.75,35.75,34.5,35.0,28.29745864868164,787300.0
2020-09-11,MEGA.BK,35.0,35.5,34.0,34.5,27.89320945739746,1165500.0
2020-09-14,MEGA.BK,35.0,35.75,35.0,35.5,28.701709747314453,1466600.0
2020-09-15,MEGA.BK,35.75,36.5,35.0,36.25,29.308086395263672,1302200.0
2020-09-16,MEGA.BK,36.25,37.5,36.0,37.25,30.11658477783203,2191700.0
2020-09-17,MEGA.BK,37.25,38.0,36.75,37.25,30.11658477783203,1986400.0
2020-09-18,MEGA.BK,37.5,38.0,36.75,36.75,29.712331771850586,7886000.0
2020-09-21,MEGA.BK,37.0,37.5,36.5,37.0,29.91445541381836,747000.0
2020-09-22,MEGA.BK,37.0,37.0,35.75,36.25,29.308086395263672,723600.0
2020-09-23,MEGA.BK,36.25,37.0,35.75,37.0,29.91445541381836,1481500.0
2020-09-24,MEGA.BK,36.75,37.75,36.0,37.5,30.318702697753906,2113400.0
2020-09-25,MEGA.BK,37.5,38.25,36.75,37.0,29.91445541381836,1210100.0
2020-09-28,MEGA.BK,37.5,37.75,35.5,36.25,29.308086395263672,2544000.0
2020-09-29,MEGA.BK,36.5,36.5,35.5,35.75,28.903833389282227,1056400.0
2020-09-30,MEGA.BK,36.0,36.0,34.5,34.75,28.095335006713867,1339000.0
2020-10-01,MEGA.BK,35.0,35.5,34.5,35.25,28.499584197998047,1554500.0
2020-10-02,MEGA.BK,36.0,36.0,35.25,35.25,28.499584197998047,2184800.0
2020-10-05,MEGA.BK,35.5,36.25,35.25,36.0,29.105955123901367,928300.0
2020-10-06,MEGA.BK,36.25,36.25,35.5,35.5,28.701709747314453,882100.0
2020-10-07,MEGA.BK,35.5,36.0,35.25,35.5,28.701709747314453,1487400.0
2020-10-08,MEGA.BK,35.75,36.5,35.75,35.75,28.903833389282227,886500.0
2020-10-09,MEGA.BK,35.75,36.25,35.25,35.25,28.499584197998047,958700.0
2020-10-12,MEGA.BK,35.25,35.75,34.5,35.0,28.29745864868164,1012300.0
2020-10-14,MEGA.BK,35.0,35.25,34.0,34.25,27.691083908081055,1238900.0
2020-10-15,MEGA.BK,34.25,34.5,33.5,33.75,27.286834716796875,2106300.0
2020-10-16,MEGA.BK,33.75,34.5,33.5,33.75,27.286834716796875,800700.0
2020-10-19,MEGA.BK,33.75,34.0,32.5,33.0,26.680461883544922,683500.0
2020-10-20,MEGA.BK,33.0,33.75,32.75,33.25,26.882583618164062,600700.0
2020-10-21,MEGA.BK,33.75,35.0,33.5,34.5,27.89320945739746,1178200.0
2020-10-22,MEGA.BK,34.5,35.5,34.5,35.25,28.499584197998047,1523600.0
2020-10-26,MEGA.BK,35.0,35.25,34.0,34.0,27.48896026611328,1456900.0
2020-10-27,MEGA.BK,34.0,34.5,33.75,34.25,27.691083908081055,787000.0
2020-10-28,MEGA.BK,34.25,34.5,33.5,33.75,27.286834716796875,1004400.0
2020-10-29,MEGA.BK,33.75,34.25,33.5,34.0,27.48896026611328,431100.0
2020-10-30,MEGA.BK,34.0,35.75,34.0,34.75,28.095335006713867,1715000.0
2020-11-02,MEGA.BK,34.75,35.0,33.75,34.5,27.89320945739746,1388000.0
2020-11-03,MEGA.BK,34.75,35.0,34.0,34.0,27.48896026611328,1092800.0
2020-11-04,MEGA.BK,34.25,35.5,34.25,35.5,28.701709747314453,932400.0
2020-11-05,MEGA.BK,35.5,36.0,34.75,35.25,28.499584197998047,1736500.0
2020-11-06,MEGA.BK,35.5,36.0,33.75,34.25,27.691083908081055,2461000.0
2020-11-09,MEGA.BK,34.75,34.75,33.75,33.75,27.286834716796875,1152800.0
2020-11-10,MEGA.BK,33.0,33.25,30.75,32.0,25.87196159362793,7026000.0
2020-11-11,MEGA.BK,32.0,32.75,31.75,32.25,26.074087142944336,1624100.0
2020-11-12,MEGA.BK,32.5,32.75,31.5,31.75,25.669837951660156,1136000.0
2020-11-13,MEGA.BK,33.0,34.5,32.75,34.0,27.48896026611328,4678400.0
2020-11-16,MEGA.BK,33.75,34.5,33.75,34.5,27.89320945739746,1302100.0
2020-11-17,MEGA.BK,34.75,36.0,34.25,35.5,28.701709747314453,5012100.0
2020-11-18,MEGA.BK,35.5,36.75,35.5,35.75,28.903833389282227,2330300.0
2020-11-19,MEGA.BK,35.5,36.25,35.5,35.75,28.903833389282227,1226300.0
2020-11-20,MEGA.BK,35.75,35.75,34.75,35.0,28.29745864868164,1785800.0
2020-11-23,MEGA.BK,35.25,36.5,35.0,35.25,28.499584197998047,3361100.0
2020-11-24,MEGA.BK,35.5,37.25,35.5,36.75,29.712331771850586,5436700.0
2020-11-25,MEGA.BK,36.75,37.0,36.0,36.5,29.510202407836914,1596900.0
2020-11-26,MEGA.BK,36.5,37.0,35.75,36.25,29.308086395263672,2531900.0
2020-11-27,MEGA.BK,36.25,36.5,35.75,36.0,29.105955123901367,1554500.0
2020-11-30,MEGA.BK,36.25,36.75,35.75,36.25,29.308086395263672,1393900.0
2020-12-01,MEGA.BK,36.25,36.5,35.75,36.0,29.105955123901367,1063500.0
2020-12-02,MEGA.BK,36.0,36.25,35.25,35.5,28.701709747314453,1412100.0
2020-12-03,MEGA.BK,36.0,37.75,35.75,37.0,29.91445541381836,3602000.0
2020-12-04,MEGA.BK,37.25,38.0,36.0,36.25,29.308086395263672,2502500.0
2020-12-08,MEGA.BK,36.75,37.75,36.5,37.5,30.318702697753906,2469400.0
2020-12-09,MEGA.BK,38.0,38.0,36.75,37.25,30.11658477783203,1557000.0
2020-12-14,MEGA.BK,37.25,37.5,36.0,36.5,29.510202407836914,1294100.0
2020-12-15,MEGA.BK,36.5,36.75,35.25,35.75,28.903833389282227,2470500.0
2020-12-16,MEGA.BK,36.25,37.75,36.25,37.0,29.91445541381836,1771400.0
2020-12-17,MEGA.BK,37.25,37.75,36.75,37.0,29.91445541381836,1161400.0
2020-12-18,MEGA.BK,37.0,37.25,36.25,37.0,29.91445541381836,1773700.0
2020-12-21,MEGA.BK,35.75,37.25,35.75,37.0,29.91445541381836,2521700.0
2020-12-22,MEGA.BK,37.0,37.5,36.25,36.5,29.510202407836914,2478200.0
2020-12-23,MEGA.BK,36.75,38.75,36.75,37.25,30.11658477783203,5357400.0
2020-12-24,MEGA.BK,37.5,37.5,36.75,37.0,29.91445541381836,1349000.0
2020-12-25,MEGA.BK,37.0,37.75,36.25,36.75,29.712331771850586,1871500.0
2020-12-28,MEGA.BK,36.75,37.25,36.5,36.5,29.510202407836914,1352900.0
2020-12-29,MEGA.BK,36.5,36.75,35.5,36.0,29.105955123901367,2679700.0
2020-12-30,MEGA.BK,36.0,36.5,35.5,35.75,28.903833389282227,1226000.0
2021-01-04,MEGA.BK,35.5,39.0,35.5,39.0,31.53145408630371,4405900.0
2021-01-05,MEGA.BK,39.0,40.75,38.75,40.0,32.33995056152344,4820500.0
2021-01-06,MEGA.BK,40.0,40.0,38.75,38.75,31.329328536987305,2241300.0
2021-01-07,MEGA.BK,39.0,40.25,38.25,39.0,31.53145408630371,2723400.0
2021-01-08,MEGA.BK,39.25,39.25,37.0,37.75,30.520828247070312,3270400.0
2021-01-11,MEGA.BK,37.5,38.75,37.25,38.25,30.925077438354492,2688500.0
2021-01-12,MEGA.BK,38.25,38.75,38.0,38.0,30.722959518432617,1013500.0
2021-01-13,MEGA.BK,38.25,40.75,38.0,40.25,32.542083740234375,9303700.0
2021-01-14,MEGA.BK,40.25,41.25,39.25,40.0,32.33995056152344,6368000.0
2021-01-15,MEGA.BK,40.0,40.5,39.25,39.25,31.73358154296875,2789400.0
2021-01-18,MEGA.BK,39.25,40.5,38.5,39.75,32.13782501220703,4285900.0
2021-01-19,MEGA.BK,40.0,41.75,39.75,40.5,32.74420166015625,6410300.0
2021-01-20,MEGA.BK,40.75,42.0,40.25,40.25,32.542083740234375,3925400.0
2021-01-21,MEGA.BK,40.5,42.0,40.5,41.75,33.75482177734375,5951700.0
2021-01-22,MEGA.BK,41.75,42.75,41.0,41.25,33.35057830810547,3816000.0
2021-01-25,MEGA.BK,41.5,42.0,41.25,41.5,33.55270767211914,1376400.0
2021-01-26,MEGA.BK,41.75,42.0,40.5,41.5,33.55270767211914,1667100.0
2021-01-27,MEGA.BK,41.75,43.0,41.25,41.5,33.55270767211914,2160700.0
2021-01-28,MEGA.BK,40.5,42.0,39.5,40.25,32.542083740234375,6025700.0
2021-01-29,MEGA.BK,41.0,41.5,40.25,40.5,32.74420166015625,7967100.0
2021-02-01,MEGA.BK,40.25,40.5,38.0,39.75,32.13782501220703,11731700.0
2021-02-02,MEGA.BK,39.75,40.5,38.75,39.0,31.53145408630371,4677100.0
2021-02-03,MEGA.BK,39.5,40.75,39.25,40.5,32.74420166015625,3941600.0
2021-02-04,MEGA.BK,40.0,40.75,39.0,39.5,31.935701370239258,4313700.0
2021-02-05,MEGA.BK,39.5,40.0,39.0,39.5,31.935701370239258,2051200.0
2021-02-08,MEGA.BK,40.0,40.25,38.75,39.0,31.53145408630371,4717500.0
2021-02-09,MEGA.BK,39.0,39.75,38.75,39.0,31.53145408630371,3260600.0
2021-02-10,MEGA.BK,39.25,39.75,39.0,39.25,31.73358154296875,2498100.0
2021-02-11,MEGA.BK,39.25,39.5,38.0,38.75,31.329328536987305,4846800.0
2021-02-15,MEGA.BK,38.75,38.75,37.75,38.25,30.925077438354492,2349400.0
2021-02-16,MEGA.BK,38.5,39.5,38.0,39.25,31.73358154296875,2463700.0
2021-02-17,MEGA.BK,39.25,39.25,38.25,38.75,31.329328536987305,3022100.0
2021-02-18,MEGA.BK,38.5,39.5,38.5,38.75,31.329328536987305,3373300.0
2021-02-19,MEGA.BK,39.0,39.0,37.5,37.75,30.520828247070312,3234800.0
2021-02-22,MEGA.BK,37.75,37.75,36.5,36.75,29.712331771850586,3386900.0
2021-02-23,MEGA.BK,37.25,38.5,37.25,38.25,30.925077438354492,3591700.0
2021-02-24,MEGA.BK,38.75,39.5,38.5,39.0,31.53145408630371,3668300.0
2021-02-25,MEGA.BK,39.5,40.5,39.5,39.75,32.13782501220703,5576800.0
2021-03-01,MEGA.BK,39.0,39.75,38.5,39.75,32.13782501220703,4263300.0
2021-03-02,MEGA.BK,39.25,39.5,37.75,38.75,31.329328536987305,4272900.0
2021-03-03,MEGA.BK,38.75,40.0,38.5,39.5,31.935701370239258,3908700.0
2021-03-04,MEGA.BK,39.25,39.5,38.25,38.5,31.127208709716797,5268900.0
2021-03-05,MEGA.BK,38.5,38.75,38.0,38.5,31.127208709716797,3304700.0
2021-03-08,MEGA.BK,38.5,38.5,37.25,37.25,30.545011520385742,3063600.0
2021-03-09,MEGA.BK,37.25,37.75,37.25,37.5,30.750003814697266,1033700.0
2021-03-10,MEGA.BK,37.75,38.25,37.5,37.75,30.954999923706055,1959700.0
2021-03-11,MEGA.BK,37.75,38.0,37.0,37.25,30.545011520385742,3320400.0
2021-03-12,MEGA.BK,37.5,37.5,36.5,37.0,30.340003967285156,3785400.0
2021-03-15,MEGA.BK,37.0,37.25,36.5,36.5,29.930002212524414,3703900.0
2021-03-16,MEGA.BK,36.75,36.75,35.0,35.5,29.11000633239746,11372500.0
2021-03-17,MEGA.BK,35.75,37.0,35.75,36.5,29.930002212524414,8401700.0
2021-03-18,MEGA.BK,36.75,36.75,35.5,36.0,29.520009994506836,4698400.0
2021-03-19,MEGA.BK,35.75,36.5,35.75,36.5,29.930002212524414,3266200.0
2021-03-22,MEGA.BK,36.75,36.75,36.0,36.0,29.520009994506836,1416100.0
2021-03-23,MEGA.BK,36.5,36.5,35.5,35.5,29.11000633239746,3476400.0
2021-03-24,MEGA.BK,35.25,35.75,35.0,35.75,29.315004348754883,3366400.0
2021-03-25,MEGA.BK,35.5,35.75,35.25,35.5,29.11000633239746,2623400.0
2021-03-26,MEGA.BK,35.75,36.0,35.25,35.25,28.905006408691406,3092600.0
2021-03-29,MEGA.BK,35.25,35.5,34.25,34.75,28.49500846862793,5058200.0
2021-03-30,MEGA.BK,34.75,35.25,34.25,34.5,28.290002822875977,8013500.0
2021-03-31,MEGA.BK,34.75,34.75,33.75,34.25,28.085004806518555,7664400.0
2021-04-01,MEGA.BK,34.5,35.25,34.25,35.25,28.905006408691406,12268600.0
2021-04-02,MEGA.BK,35.5,35.5,34.5,35.0,28.70000457763672,5323900.0
2021-04-05,MEGA.BK,35.0,35.0,34.0,34.25,28.085004806518555,4374500.0
2021-04-07,MEGA.BK,33.75,34.5,32.5,33.5,27.470006942749023,7744500.0
2021-04-08,MEGA.BK,33.5,34.25,33.25,33.5,27.470006942749023,4458200.0
2021-04-09,MEGA.BK,33.75,34.5,33.5,33.75,27.67500877380371,4046300.0
2021-04-12,MEGA.BK,34.0,34.25,33.5,34.0,27.8800048828125,2443700.0
2021-04-16,MEGA.BK,34.0,34.25,33.5,34.0,27.8800048828125,3573200.0
2021-04-19,MEGA.BK,34.0,35.0,33.75,34.75,28.49500846862793,3894700.0
2021-04-20,MEGA.BK,34.75,34.75,34.0,34.25,28.085004806518555,1979000.0
2021-04-21,MEGA.BK,34.25,34.75,34.25,34.25,28.085004806518555,2244500.0
2021-04-22,MEGA.BK,34.25,34.5,33.5,33.5,27.470006942749023,4188000.0
2021-04-23,MEGA.BK,33.25,34.25,33.25,33.5,27.470006942749023,3735900.0
2021-04-26,MEGA.BK,33.5,34.0,33.5,33.5,27.470006942749023,4605700.0
2021-04-27,MEGA.BK,33.75,34.5,33.0,33.25,27.265003204345703,3833400.0
2021-04-28,MEGA.BK,33.25,33.5,32.75,33.25,27.265003204345703,3499400.0
2021-04-29,MEGA.BK,33.5,34.25,33.5,33.75,27.67500877380371,2707300.0
2021-04-30,MEGA.BK,34.0,35.0,34.0,34.75,28.49500846862793,5831000.0
2021-05-05,MEGA.BK,35.25,35.25,33.75,34.0,27.8800048828125,4113100.0
2021-05-06,MEGA.BK,34.0,34.0,33.5,33.75,27.67500877380371,2919700.0
2021-05-07,MEGA.BK,34.5,35.0,34.5,34.75,28.49500846862793,3496900.0
2021-05-10,MEGA.BK,35.0,35.5,34.25,35.25,28.905006408691406,4675700.0
2021-05-11,MEGA.BK,35.25,35.5,34.5,35.0,28.70000457763672,6525400.0
2021-05-12,MEGA.BK,35.0,35.0,34.5,35.0,28.70000457763672,1548100.0
2021-05-13,MEGA.BK,34.5,34.75,32.25,33.75,27.67500877380371,6165700.0
2021-05-14,MEGA.BK,34.25,35.75,34.0,35.5,29.11000633239746,8428200.0
2021-05-17,MEGA.BK,35.5,37.25,34.75,37.0,30.340003967285156,14645300.0
2021-05-18,MEGA.BK,37.5,37.75,36.25,36.5,29.930002212524414,7343900.0
2021-05-19,MEGA.BK,36.5,37.0,36.0,37.0,30.340003967285156,3634400.0
2021-05-20,MEGA.BK,37.0,37.0,36.0,36.25,29.725008010864258,2936200.0
2021-05-21,MEGA.BK,36.25,36.5,35.5,35.75,29.315004348754883,5620400.0
2021-05-24,MEGA.BK,36.0,36.75,35.75,36.5,29.930002212524414,3333400.0
2021-05-25,MEGA.BK,36.5,37.0,36.25,36.5,29.930002212524414,2833900.0
2021-05-27,MEGA.BK,36.5,37.0,36.0,37.0,30.340003967285156,3683500.0
2021-05-28,MEGA.BK,37.0,37.0,36.0,36.25,29.725008010864258,2883000.0
2021-05-31,MEGA.BK,36.25,36.75,36.0,36.25,29.725008010864258,1315500.0
2021-06-01,MEGA.BK,36.25,36.5,36.0,36.0,29.520009994506836,1802700.0
2021-06-02,MEGA.BK,36.0,36.25,35.5,35.5,29.11000633239746,2918900.0
2021-06-04,MEGA.BK,35.5,36.0,35.0,35.0,28.70000457763672,2925800.0
2021-06-07,MEGA.BK,35.0,36.5,35.0,36.25,29.725008010864258,3671300.0
2021-06-08,MEGA.BK,36.25,36.25,35.0,35.25,28.905006408691406,4883700.0
2021-06-09,MEGA.BK,35.25,36.0,35.25,35.5,29.11000633239746,1874500.0
2021-06-10,MEGA.BK,35.75,35.75,34.5,35.0,28.70000457763672,3010300.0
2021-06-11,MEGA.BK,35.0,35.25,34.75,35.0,28.70000457763672,1667700.0
2021-06-14,MEGA.BK,35.25,36.0,35.0,36.0,29.520009994506836,3273100.0
2021-06-15,MEGA.BK,36.25,37.5,36.0,37.25,30.545011520385742,17917700.0
2021-06-16,MEGA.BK,37.5,37.5,37.0,37.5,30.750003814697266,4749700.0
2021-06-17,MEGA.BK,37.5,37.75,36.75,37.25,30.545011520385742,5760000.0
2021-06-18,MEGA.BK,37.5,38.0,37.0,38.0,31.160003662109375,5348000.0
2021-06-21,MEGA.BK,37.5,38.75,37.25,37.5,30.750003814697266,7629700.0
2021-06-22,MEGA.BK,38.0,38.25,37.0,37.0,30.340003967285156,3693300.0
2021-06-23,MEGA.BK,37.0,37.75,36.5,37.0,30.340003967285156,4234800.0
2021-06-24,MEGA.BK,37.0,37.75,36.5,37.25,30.545011520385742,3496700.0
2021-06-25,MEGA.BK,37.25,37.75,36.5,37.0,30.340003967285156,1274100.0
2021-06-28,MEGA.BK,36.75,37.0,36.25,36.75,30.13500213623047,5164200.0
2021-06-29,MEGA.BK,36.75,37.5,36.75,36.75,30.13500213623047,2074800.0
2021-06-30,MEGA.BK,36.75,38.25,36.75,38.25,31.365005493164062,6145000.0
2021-07-01,MEGA.BK,38.25,38.5,37.25,37.75,30.954999923706055,3620000.0
2021-07-02,MEGA.BK,38.25,38.5,37.75,38.0,31.160003662109375,3672200.0
2021-07-05,MEGA.BK,38.0,38.25,36.5,37.5,30.750003814697266,5494200.0
2021-07-06,MEGA.BK,37.75,39.25,37.5,38.75,31.775007247924805,4735900.0
2021-07-07,MEGA.BK,39.0,39.5,38.5,38.5,31.57000732421875,5870500.0
2021-07-08,MEGA.BK,38.25,38.75,37.25,37.5,30.750003814697266,6874100.0
2021-07-09,MEGA.BK,37.5,38.25,37.0,37.25,30.545011520385742,5775500.0
2021-07-12,MEGA.BK,37.5,39.0,37.5,38.5,31.57000732421875,5055700.0
2021-07-13,MEGA.BK,38.75,39.25,38.0,38.75,31.775007247924805,3726700.0
2021-07-14,MEGA.BK,38.75,39.25,38.5,38.5,31.57000732421875,1621900.0
2021-07-15,MEGA.BK,38.5,39.25,37.5,37.75,30.954999923706055,3642900.0
2021-07-16,MEGA.BK,38.25,38.5,37.0,37.5,30.750003814697266,4776700.0
2021-07-19,MEGA.BK,37.25,38.5,37.25,38.0,31.160003662109375,1766900.0
2021-07-20,MEGA.BK,37.75,40.25,37.75,40.0,32.80000686645508,8890500.0
2021-07-21,MEGA.BK,40.75,42.5,40.0,41.75,34.235008239746094,12947400.0
2021-07-22,MEGA.BK,41.75,42.25,40.5,41.5,34.029998779296875,4535400.0
2021-07-23,MEGA.BK,41.5,42.0,40.75,41.25,33.82501220703125,2350100.0
2021-07-27,MEGA.BK,42.0,42.25,41.0,41.5,34.029998779296875,3370500.0
2021-07-29,MEGA.BK,41.5,42.0,39.5,39.75,32.595008850097656,7736700.0
2021-07-30,MEGA.BK,39.75,40.0,38.75,39.75,32.595008850097656,7987300.0
2021-08-02,MEGA.BK,40.0,41.0,39.5,39.5,32.38999938964844,5890900.0
2021-08-03,MEGA.BK,40.25,43.0,40.25,42.0,34.44000244140625,16140500.0
2021-08-04,MEGA.BK,42.0,42.75,41.5,41.75,34.235008239746094,6475400.0
2021-08-05,MEGA.BK,42.0,42.25,40.25,41.25,33.82501220703125,6509600.0
2021-08-06,MEGA.BK,41.5,41.75,40.0,41.0,33.62000274658203,2711100.0
2021-08-09,MEGA.BK,41.5,41.75,39.75,40.0,32.80000686645508,5859600.0
2021-08-10,MEGA.BK,40.5,41.5,40.25,40.5,33.21000289916992,4132800.0
2021-08-11,MEGA.BK,40.75,41.0,39.75,40.25,33.005001068115234,3234600.0
2021-08-13,MEGA.BK,40.25,40.75,38.75,39.75,32.595008850097656,4741500.0
2021-08-16,MEGA.BK,39.5,40.5,39.0,40.0,32.80000686645508,2964100.0
2021-08-17,MEGA.BK,42.5,46.75,42.25,43.75,35.87500762939453,41190300.0
2021-08-18,MEGA.BK,44.5,45.75,43.75,45.0,36.90000534057617,14933600.0
2021-08-19,MEGA.BK,45.5,48.0,45.0,47.25,38.744998931884766,22370000.0
2021-08-20,MEGA.BK,47.25,48.25,45.75,46.75,38.33500671386719,11293300.0
2021-08-23,MEGA.BK,47.0,47.75,45.0,46.25,37.92500686645508,12682600.0
2021-08-24,MEGA.BK,46.25,51.25,46.25,49.0,40.18000793457031,30286000.0
2021-08-25,MEGA.BK,49.5,53.0,49.25,52.5,43.05000305175781,19998500.0
2021-08-26,MEGA.BK,51.5,52.0,50.5,50.75,41.61500549316406,9323500.0
2021-08-27,MEGA.BK,50.25,52.25,49.0,50.5,41.83869934082031,12937200.0
2021-08-30,MEGA.BK,50.75,51.0,48.25,49.5,41.01020812988281,7551900.0
2021-08-31,MEGA.BK,49.75,51.25,48.75,49.0,40.59596633911133,7623100.0
2021-09-01,MEGA.BK,49.25,51.0,49.0,49.5,41.01020812988281,9908600.0
2021-09-02,MEGA.BK,49.75,50.0,49.25,49.25,40.80308532714844,4404100.0
2021-09-03,MEGA.BK,49.5,50.25,49.25,49.5,41.01020812988281,5047700.0
2021-09-06,MEGA.BK,49.75,50.0,48.5,49.0,40.59596633911133,5331900.0
2021-09-07,MEGA.BK,48.75,51.0,48.75,50.25,41.63157653808594,9619500.0
2021-09-08,MEGA.BK,50.0,50.0,47.0,48.5,40.18172073364258,13551600.0
2021-09-09,MEGA.BK,48.5,50.0,48.25,49.0,40.59596633911133,7850400.0
2021-09-10,MEGA.BK,49.25,50.5,49.0,49.0,40.59596633911133,6639800.0
2021-09-13,MEGA.BK,49.25,49.75,48.75,49.5,41.01020812988281,3385900.0
2021-09-14,MEGA.BK,49.75,50.5,49.25,49.25,40.80308532714844,4830400.0
2021-09-15,MEGA.BK,49.5,49.75,48.25,49.0,40.59596633911133,3290100.0
2021-09-16,MEGA.BK,49.0,52.75,49.0,49.75,41.21732711791992,12751500.0
2021-09-17,MEGA.BK,49.25,49.75,48.5,48.5,40.18172073364258,7880900.0
2021-09-20,MEGA.BK,48.5,49.75,48.25,48.75,40.38883972167969,3741600.0
2021-09-21,MEGA.BK,48.75,50.25,48.5,49.0,40.59596633911133,5162400.0
2021-09-22,MEGA.BK,49.0,50.0,48.75,49.75,41.21732711791992,4507500.0
2021-09-23,MEGA.BK,49.75,50.0,48.0,48.5,40.18172073364258,2918400.0
2021-09-27,MEGA.BK,48.5,49.5,48.5,48.75,40.38883972167969,2909200.0
2021-09-28,MEGA.BK,49.0,49.25,48.25,48.5,40.18172073364258,2769500.0
2021-09-29,MEGA.BK,48.5,50.0,48.5,49.5,41.01020812988281,5307200.0
2021-09-30,MEGA.BK,49.5,51.75,48.75,50.0,41.42445373535156,12751000.0
2021-10-01,MEGA.BK,49.5,49.75,45.0,45.5,37.696258544921875,22477700.0
2021-10-04,MEGA.BK,44.25,46.25,44.25,45.75,37.90336990356445,9308900.0
2021-10-05,MEGA.BK,45.5,46.25,43.75,44.5,36.867767333984375,7508100.0
2021-10-06,MEGA.BK,44.5,45.0,43.75,43.75,36.246395111083984,4039500.0
2021-10-07,MEGA.BK,44.25,45.25,44.0,44.75,37.07488250732422,8287100.0
2021-10-08,MEGA.BK,44.75,45.25,44.0,44.5,36.867767333984375,3550500.0
2021-10-11,MEGA.BK,44.5,45.0,44.0,44.0,36.45351791381836,4030300.0
2021-10-12,MEGA.BK,44.0,44.25,42.5,44.0,36.45351791381836,8162400.0
2021-10-14,MEGA.BK,44.0,45.25,43.75,44.75,37.07488250732422,4264900.0
2021-10-15,MEGA.BK,44.75,45.0,44.0,44.5,36.867767333984375,1933700.0
2021-10-18,MEGA.BK,44.5,44.5,43.25,44.0,36.45351791381836,2430000.0
2021-10-19,MEGA.BK,44.0,46.0,43.75,45.5,37.696258544921875,6670500.0
2021-10-20,MEGA.BK,45.5,46.25,44.5,45.5,37.696258544921875,5359400.0
2021-10-21,MEGA.BK,45.5,46.5,45.0,45.25,37.489131927490234,5713700.0
2021-10-25,MEGA.BK,46.75,49.25,46.0,46.75,38.73186492919922,16086400.0
2021-10-26,MEGA.BK,46.75,46.75,45.75,46.25,38.317623138427734,6866300.0
2021-10-27,MEGA.BK,46.25,46.5,45.25,46.0,38.110496520996094,5211700.0
2021-10-28,MEGA.BK,46.0,46.75,45.5,46.25,38.317623138427734,3752700.0
2021-10-29,MEGA.BK,46.5,47.5,45.75,46.5,38.524742126464844,5700000.0
2021-11-01,MEGA.BK,47.0,47.5,46.25,46.75,38.73186492919922,8486600.0
2021-11-02,MEGA.BK,47.0,47.25,45.75,46.75,38.73186492919922,5385300.0
2021-11-03,MEGA.BK,47.0,48.5,46.75,47.25,39.14610290527344,6529100.0
2021-11-04,MEGA.BK,47.75,47.75,46.5,47.25,39.14610290527344,3274000.0
2021-11-05,MEGA.BK,47.5,47.5,46.75,47.0,38.93898391723633,2165200.0
2021-11-08,MEGA.BK,47.25,47.75,46.25,47.0,38.93898391723633,2085200.0
2021-11-09,MEGA.BK,47.0,47.75,46.25,46.5,38.524742126464844,2561400.0
2021-11-10,MEGA.BK,46.75,47.0,46.25,46.5,38.524742126464844,877900.0
2021-11-11,MEGA.BK,46.75,47.75,46.75,47.75,39.56035232543945,2958400.0
2021-11-12,MEGA.BK,47.75,48.25,47.0,47.5,39.353233337402344,3565600.0
2021-11-15,MEGA.BK,47.5,48.0,46.25,47.5,39.353233337402344,4009900.0
2021-11-16,MEGA.BK,50.25,53.75,49.75,52.75,43.702796936035156,35041100.0
2021-11-17,MEGA.BK,53.0,54.5,53.0,53.25,44.117042541503906,10162900.0
2021-11-18,MEGA.BK,53.5,55.0,52.5,54.25,44.94552993774414,9467700.0
2021-11-19,MEGA.BK,54.0,55.5,53.75,54.25,44.94552993774414,6797300.0
2021-11-22,MEGA.BK,54.75,56.5,54.5,55.5,45.981143951416016,6242100.0
2021-11-23,MEGA.BK,55.25,55.25,52.25,52.5,43.49568176269531,11482000.0
2021-11-24,MEGA.BK,53.25,55.0,52.75,54.0,44.7384147644043,5835500.0
2021-11-25,MEGA.BK,54.0,54.75,53.5,53.75,44.53128433227539,2082800.0
2021-11-26,MEGA.BK,53.75,55.5,53.0,53.25,44.117042541503906,3060200.0
2021-11-29,MEGA.BK,53.75,56.0,53.25,53.75,44.53128433227539,5415800.0
2021-11-30,MEGA.BK,54.25,55.0,52.0,53.0,43.90991973876953,5151100.0
2021-12-01,MEGA.BK,53.25,54.0,52.5,53.25,44.117042541503906,3726000.0
2021-12-02,MEGA.BK,53.0,54.0,52.75,54.0,44.7384147644043,1876300.0
2021-12-03,MEGA.BK,54.0,54.25,53.25,53.25,44.117042541503906,1078200.0
2021-12-07,MEGA.BK,53.25,53.75,51.0,52.5,43.49568176269531,6078600.0
2021-12-08,MEGA.BK,52.25,53.5,51.25,51.75,42.87431716918945,4568200.0
2021-12-09,MEGA.BK,51.75,53.25,51.5,51.75,42.87431716918945,6444300.0
2021-12-13,MEGA.BK,52.0,53.25,51.75,52.0,43.08142852783203,2906000.0
2021-12-14,MEGA.BK,52.25,54.75,52.25,52.5,43.49568176269531,6012800.0
2021-12-15,MEGA.BK,52.25,53.0,51.5,52.25,43.28855514526367,2454900.0
2021-12-16,MEGA.BK,52.5,53.0,52.25,52.5,43.49568176269531,1747700.0
2021-12-17,MEGA.BK,52.5,52.75,51.75,51.75,42.87431716918945,2550100.0
2021-12-20,MEGA.BK,52.0,52.5,51.5,51.5,42.66718673706055,2561600.0
2021-12-21,MEGA.BK,51.75,52.0,51.0,51.25,42.46006774902344,2069400.0
2021-12-22,MEGA.BK,51.0,52.0,51.0,51.75,42.87431716918945,1173700.0
2021-12-23,MEGA.BK,51.75,53.25,51.75,51.75,42.87431716918945,2707100.0
2021-12-24,MEGA.BK,52.25,52.75,51.5,51.75,42.87431716918945,1246300.0
2021-12-27,MEGA.BK,52.0,52.0,51.25,51.75,42.87431716918945,1528600.0
2021-12-28,MEGA.BK,52.25,52.25,51.5,52.0,43.08142852783203,1763000.0
2021-12-29,MEGA.BK,52.0,52.25,51.25,52.0,43.08142852783203,2237200.0
2021-12-30,MEGA.BK,52.0,52.0,50.0,50.5,41.83869934082031,4012100.0
2022-01-04,MEGA.BK,50.25,50.5,48.25,48.75,40.38883972167969,8582300.0
2022-01-05,MEGA.BK,48.25,49.0,48.25,48.75,40.38883972167969,4905800.0
2022-01-06,MEGA.BK,48.75,49.75,48.5,48.5,40.18172073364258,3538400.0
2022-01-07,MEGA.BK,48.5,48.75,47.5,48.25,39.9745979309082,3476900.0
2022-01-10,MEGA.BK,48.0,49.0,48.0,48.25,39.9745979309082,4712300.0
2022-01-11,MEGA.BK,48.25,50.0,48.25,49.5,41.01020812988281,6614400.0
2022-01-12,MEGA.BK,49.75,51.0,49.25,50.25,41.63157653808594,4654400.0
2022-01-13,MEGA.BK,50.5,50.75,49.0,49.5,41.01020812988281,3578900.0
2022-01-14,MEGA.BK,49.5,49.75,48.5,48.75,40.38883972167969,3264400.0
2022-01-17,MEGA.BK,49.25,49.25,48.0,48.75,40.38883972167969,1614200.0
2022-01-18,MEGA.BK,49.25,50.0,48.5,48.5,40.18172073364258,3203400.0
2022-01-19,MEGA.BK,48.5,49.0,47.5,48.75,40.38883972167969,2718800.0
2022-01-20,MEGA.BK,49.0,49.25,47.5,47.5,39.353233337402344,2236800.0
2022-01-21,MEGA.BK,47.25,47.5,47.0,47.5,39.353233337402344,1096800.0
2022-01-24,MEGA.BK,47.5,48.25,46.5,46.75,38.73186492919922,3676000.0
2022-01-25,MEGA.BK,46.75,47.0,45.25,45.25,37.489131927490234,3984900.0
2022-01-26,MEGA.BK,45.5,45.75,44.25,45.0,37.282005310058594,3241800.0
2022-01-27,MEGA.BK,44.75,45.75,43.25,45.75,37.90336990356445,5114700.0
2022-01-28,MEGA.BK,46.25,46.25,45.5,45.5,37.696258544921875,3208100.0
2022-01-31,MEGA.BK,46.0,46.75,46.0,46.5,38.524742126464844,2585000.0
2022-02-01,MEGA.BK,46.5,47.5,45.75,47.0,38.93898391723633,3142000.0
2022-02-02,MEGA.BK,47.0,47.0,45.75,46.0,38.110496520996094,2474100.0
2022-02-03,MEGA.BK,46.5,46.5,45.5,45.5,37.696258544921875,2096200.0
2022-02-04,MEGA.BK,45.5,45.75,45.0,45.25,37.489131927490234,1274100.0
2022-02-07,MEGA.BK,45.5,45.75,45.0,45.25,37.489131927490234,1384900.0
2022-02-08,MEGA.BK,45.25,46.0,45.25,45.75,37.90336990356445,2227000.0
2022-02-09,MEGA.BK,46.0,46.25,45.25,45.5,37.696258544921875,3866700.0
2022-02-10,MEGA.BK,45.5,46.0,45.25,45.25,37.489131927490234,1866000.0
2022-02-11,MEGA.BK,45.0,45.25,43.0,44.25,36.66063690185547,6838800.0
2022-02-14,MEGA.BK,44.0,44.25,43.0,43.25,35.832157135009766,2778900.0
2022-02-15,MEGA.BK,43.5,43.75,42.75,43.25,35.832157135009766,4710900.0
2022-02-17,MEGA.BK,43.5,44.25,43.0,43.5,36.039276123046875,4141900.0
2022-02-18,MEGA.BK,43.75,44.0,43.25,43.5,36.039276123046875,1818000.0
2022-02-21,MEGA.BK,43.5,43.5,43.0,43.25,35.832157135009766,2676900.0
2022-02-22,MEGA.BK,43.25,43.25,42.25,42.75,35.417903900146484,3701300.0
2022-02-23,MEGA.BK,43.25,46.0,43.25,46.0,38.110496520996094,8422400.0
2022-02-24,MEGA.BK,44.0,44.5,42.75,42.75,35.417903900146484,10610500.0
2022-02-25,MEGA.BK,43.5,44.0,43.0,43.25,35.832157135009766,5057200.0
2022-02-28,MEGA.BK,42.75,43.5,42.25,43.0,35.62502670288086,3986000.0
2022-03-01,MEGA.BK,43.25,45.25,43.25,44.75,37.07488250732422,4550400.0
2022-03-02,MEGA.BK,44.5,45.0,43.25,43.5,36.039276123046875,8986800.0
2022-03-03,MEGA.BK,43.75,45.0,43.75,44.5,36.867767333984375,4441200.0
2022-03-04,MEGA.BK,44.5,44.75,43.25,43.75,36.246395111083984,2263500.0
2022-03-07,MEGA.BK,43.5,43.5,41.0,41.5,34.382293701171875,5221200.0
2022-03-08,MEGA.BK,40.5,42.0,40.25,41.5,35.1098747253418,6070300.0
2022-03-09,MEGA.BK,42.0,44.0,41.5,43.75,37.0134162902832,6597700.0
2022-03-10,MEGA.BK,43.75,44.0,43.0,43.5,36.801918029785156,6099800.0
2022-03-11,MEGA.BK,43.5,43.75,42.5,43.5,36.801918029785156,3264000.0
2022-03-14,MEGA.BK,43.5,43.5,42.5,42.75,36.16740036010742,3246500.0
2022-03-15,MEGA.BK,43.0,43.75,42.5,42.5,35.95589065551758,2515400.0
2022-03-16,MEGA.BK,42.75,43.5,42.5,43.25,36.59040832519531,1975300.0
2022-03-17,MEGA.BK,43.5,44.75,43.25,43.75,37.0134162902832,2963500.0
2022-03-18,MEGA.BK,43.75,45.0,43.5,45.0,38.070945739746094,7249600.0
2022-03-21,MEGA.BK,45.75,46.0,44.5,45.75,38.705467224121094,9831900.0
2022-03-22,MEGA.BK,45.5,45.75,44.5,45.0,38.070945739746094,6239600.0
2022-03-23,MEGA.BK,45.0,45.0,44.25,44.75,37.85944366455078,3512400.0
2022-03-24,MEGA.BK,44.75,46.25,44.75,46.0,38.916969299316406,8822200.0
2022-03-25,MEGA.BK,46.0,46.0,45.0,45.0,38.070945739746094,4725600.0
2022-03-28,MEGA.BK,45.25,45.25,44.75,45.0,38.070945739746094,1285800.0
2022-03-29,MEGA.BK,45.25,45.25,44.25,44.25,37.436431884765625,2935700.0
2022-03-30,MEGA.BK,44.25,45.5,44.25,45.0,38.070945739746094,3399900.0
2022-03-31,MEGA.BK,45.0,45.5,44.5,45.5,38.49395751953125,3392100.0
2022-04-01,MEGA.BK,45.25,45.75,45.25,45.5,38.49395751953125,1648800.0
2022-04-04,MEGA.BK,45.75,47.5,45.75,46.75,39.55147933959961,6555600.0
2022-04-05,MEGA.BK,47.0,48.0,46.75,47.0,39.76299285888672,5538300.0
2022-04-07,MEGA.BK,47.0,47.0,45.75,46.5,39.3399772644043,6385500.0
2022-04-08,MEGA.BK,46.5,46.75,45.75,46.5,39.3399772644043,2025800.0
2022-04-11,MEGA.BK,46.25,48.0,45.75,48.0,40.6090087890625,6617400.0
2022-04-12,MEGA.BK,47.5,48.25,47.0,47.75,40.39750671386719,5719200.0
2022-04-18,MEGA.BK,47.75,47.75,47.0,47.75,40.39750671386719,1774600.0
2022-04-19,MEGA.BK,48.0,49.75,48.0,48.5,41.03201675415039,8938100.0
2022-04-20,MEGA.BK,48.5,48.75,48.0,48.5,41.03201675415039,2599900.0
2022-04-21,MEGA.BK,48.75,49.25,48.0,48.75,41.2435302734375,4587000.0
2022-04-22,MEGA.BK,48.5,49.5,48.25,48.75,41.2435302734375,3794400.0
2022-04-25,MEGA.BK,48.25,49.75,48.25,49.0,41.45502853393555,2313500.0
2022-04-26,MEGA.BK,49.0,50.5,49.0,50.0,42.30105209350586,4157700.0
2022-04-27,MEGA.BK,49.5,50.5,49.25,49.5,41.8780403137207,3846000.0
2022-04-28,MEGA.BK,49.5,50.0,49.0,49.5,41.8780403137207,2219200.0
2022-04-29,MEGA.BK,49.25,50.0,48.25,49.0,41.45502853393555,6278900.0
2022-05-03,MEGA.BK,48.5,49.25,47.75,48.25,40.82051467895508,5649800.0
2022-05-05,MEGA.BK,48.5,48.5,47.0,47.5,40.186004638671875,5268800.0
2022-05-06,MEGA.BK,46.5,48.0,46.5,47.75,40.39750671386719,4220000.0
2022-05-09,MEGA.BK,47.75,48.0,46.5,47.0,39.76299285888672,1983300.0
2022-05-10,MEGA.BK,46.75,48.5,46.5,48.5,41.03201675415039,3739100.0
2022-05-11,MEGA.BK,47.75,48.75,47.5,48.25,40.82051467895508,4081900.0
2022-05-12,MEGA.BK,48.5,48.75,47.25,48.25,40.82051467895508,2717900.0
2022-05-13,MEGA.BK,48.5,48.5,47.5,48.5,41.03201675415039,1678000.0
2022-05-17,MEGA.BK,52.0,55.25,52.0,54.0,45.68513488769531,16006100.0
2022-05-18,MEGA.BK,53.25,54.75,52.75,53.5,45.26212692260742,10241800.0
2022-05-19,MEGA.BK,51.5,53.25,51.0,53.0,44.83911895751953,5782400.0
2022-05-20,MEGA.BK,53.5,54.5,52.5,53.0,44.83911895751953,6388200.0
2022-05-23,MEGA.BK,53.0,54.25,53.0,54.0,45.68513488769531,2476600.0
2022-05-24,MEGA.BK,54.0,54.25,53.25,53.75,45.47362518310547,1849700.0
2022-05-25,MEGA.BK,53.75,54.25,53.25,53.5,45.26212692260742,2200700.0
2022-05-26,MEGA.BK,53.25,53.5,52.5,53.0,44.83911895751953,2875400.0
2022-05-27,MEGA.BK,53.0,53.5,52.25,52.75,44.62761306762695,2001700.0
2022-05-30,MEGA.BK,52.75,53.75,52.25,52.5,44.41610336303711,3838600.0
2022-05-31,MEGA.BK,52.5,52.75,51.5,52.0,43.99309158325195,4386600.0
2022-06-01,MEGA.BK,52.5,52.5,50.5,51.25,43.358577728271484,4323900.0
2022-06-02,MEGA.BK,50.75,51.25,50.0,50.5,42.724063873291016,5488700.0
2022-06-06,MEGA.BK,50.25,51.25,50.25,51.25,43.358577728271484,1464200.0
2022-06-07,MEGA.BK,51.0,52.75,51.0,51.75,43.78158950805664,3659300.0
2022-06-08,MEGA.BK,51.75,52.75,51.5,52.25,44.20459747314453,1238400.0
2022-06-09,MEGA.BK,52.5,52.75,51.5,51.5,43.57008361816406,1246500.0
2022-06-10,MEGA.BK,51.75,52.0,51.0,51.75,43.78158950805664,845700.0
2022-06-13,MEGA.BK,50.75,51.25,50.25,50.75,42.93556594848633,1691500.0
2022-06-14,MEGA.BK,50.5,52.25,50.5,51.5,43.57008361816406,2110700.0
2022-06-15,MEGA.BK,52.5,53.0,51.75,51.75,43.78158950805664,3086700.0
2022-06-16,MEGA.BK,52.25,52.5,51.25,51.75,43.78158950805664,2088300.0
2022-06-17,MEGA.BK,51.75,52.75,49.0,49.0,41.45502853393555,4916900.0
2022-06-20,MEGA.BK,49.0,50.5,48.75,50.0,42.30105209350586,4280000.0
2022-06-21,MEGA.BK,50.0,50.25,49.5,50.0,42.30105209350586,1302700.0
2022-06-22,MEGA.BK,50.25,50.25,48.75,49.5,41.8780403137207,5206900.0
2022-06-23,MEGA.BK,49.25,49.75,48.75,49.25,41.66653060913086,2755200.0
2022-06-24,MEGA.BK,49.25,50.0,49.0,49.25,41.66653060913086,2198800.0
2022-06-27,MEGA.BK,49.75,50.25,49.5,49.75,42.08955001831055,2244300.0
2022-06-28,MEGA.BK,49.75,51.0,49.5,50.75,42.93556594848633,2849500.0
2022-06-29,MEGA.BK,50.75,51.0,50.25,50.5,42.724063873291016,2806200.0
2022-06-30,MEGA.BK,50.5,50.75,48.5,50.5,42.724063873291016,8016100.0
2022-07-01,MEGA.BK,49.75,50.0,48.5,48.75,41.2435302734375,3508300.0
2022-07-04,MEGA.BK,48.75,48.75,47.25,47.25,39.97449493408203,4538500.0
2022-07-05,MEGA.BK,47.25,48.5,46.5,47.75,40.39750671386719,4103100.0
2022-07-06,MEGA.BK,47.75,49.5,47.5,49.25,41.66653060913086,4647100.0
2022-07-07,MEGA.BK,49.25,51.5,49.25,50.25,42.5125617980957,6868000.0
2022-07-08,MEGA.BK,50.25,50.75,49.5,50.5,42.724063873291016,2972100.0
2022-07-11,MEGA.BK,51.25,51.25,50.0,50.75,42.93556594848633,1943000.0
2022-07-12,MEGA.BK,51.0,51.0,49.5,50.0,42.30105209350586,2141700.0
2022-07-14,MEGA.BK,50.0,51.75,50.0,51.5,43.57008361816406,3002100.0
2022-07-15,MEGA.BK,52.0,53.0,51.5,52.75,44.62761306762695,3152400.0
2022-07-18,MEGA.BK,52.75,52.75,47.5,47.5,40.186004638671875,11263100.0
2022-07-19,MEGA.BK,46.5,47.5,45.75,47.25,39.97449493408203,8984500.0
2022-07-20,MEGA.BK,47.5,48.0,46.75,47.25,39.97449493408203,3422200.0
2022-07-21,MEGA.BK,47.75,49.75,47.0,49.75,42.08955001831055,4719100.0
2022-07-22,MEGA.BK,49.75,49.75,48.5,49.0,41.45502853393555,1924100.0
2022-07-25,MEGA.BK,48.75,49.25,48.25,48.75,41.2435302734375,1856200.0
2022-07-26,MEGA.BK,48.75,49.5,48.75,48.75,41.2435302734375,1521200.0
2022-07-27,MEGA.BK,48.5,49.5,48.5,48.75,41.2435302734375,2400900.0
2022-08-01,MEGA.BK,48.75,50.5,48.75,50.0,42.30105209350586,2996700.0
2022-08-02,MEGA.BK,50.0,50.5,49.5,49.75,42.08955001831055,2149600.0
2022-08-03,MEGA.BK,49.75,50.5,49.5,49.75,42.08955001831055,1439300.0
2022-08-04,MEGA.BK,49.75,50.25,49.25,49.5,41.8780403137207,1018300.0
2022-08-05,MEGA.BK,49.25,49.75,49.0,49.25,41.66653060913086,962300.0
2022-08-08,MEGA.BK,49.25,49.5,48.5,49.25,41.66653060913086,1029100.0
2022-08-09,MEGA.BK,49.5,50.25,49.25,49.25,41.66653060913086,2218400.0
2022-08-10,MEGA.BK,49.25,50.0,48.75,49.0,41.45502853393555,1775300.0
2022-08-11,MEGA.BK,49.25,49.5,48.75,48.75,41.2435302734375,1985700.0
2022-08-15,MEGA.BK,48.75,49.25,47.75,48.5,41.03201675415039,3075700.0
2022-08-16,MEGA.BK,48.5,49.25,48.0,48.0,40.6090087890625,2343200.0
2022-08-17,MEGA.BK,48.25,50.25,48.25,49.0,41.45502853393555,3837800.0
2022-08-18,MEGA.BK,49.25,49.75,49.0,49.5,41.8780403137207,1021100.0
2022-08-19,MEGA.BK,49.75,50.0,48.75,49.0,41.45502853393555,1174300.0
2022-08-22,MEGA.BK,49.0,49.75,49.0,49.0,41.45502853393555,1987700.0
2022-08-23,MEGA.BK,49.0,49.75,48.75,49.25,41.66653060913086,1849100.0
2022-08-24,MEGA.BK,49.0,49.0,48.25,48.5,41.66653060913086,2509400.0
2022-08-25,MEGA.BK,48.5,49.5,48.5,49.25,42.31085968017578,1992200.0
2022-08-26,MEGA.BK,49.25,50.5,49.25,49.75,42.740421295166016,3911800.0
2022-08-29,MEGA.BK,49.5,50.0,49.0,49.0,42.09608840942383,2028000.0
2022-08-30,MEGA.BK,49.75,50.0,49.25,49.25,42.31085968017578,2009600.0
2022-08-31,MEGA.BK,49.25,49.75,49.0,49.25,42.31085968017578,2152400.0
2022-09-01,MEGA.BK,49.25,49.75,48.75,49.25,42.31085968017578,3165200.0
2022-09-02,MEGA.BK,49.25,51.0,49.25,50.25,43.16997146606445,4303500.0
2022-09-05,MEGA.BK,50.5,51.5,50.25,51.25,44.02907180786133,4255600.0
2022-09-06,MEGA.BK,51.0,51.75,50.75,50.75,43.599517822265625,3295500.0
2022-09-07,MEGA.BK,50.75,51.25,50.25,51.0,43.814300537109375,3683100.0
2022-09-08,MEGA.BK,51.5,51.75,50.5,50.5,43.384742736816406,2788100.0
2022-09-09,MEGA.BK,51.0,51.25,50.5,51.0,43.814300537109375,2929200.0
2022-09-12,MEGA.BK,51.25,51.25,50.75,50.75,43.599517822265625,815900.0
2022-09-13,MEGA.BK,50.75,51.25,50.5,50.75,43.599517822265625,2216400.0
2022-09-14,MEGA.BK,50.0,51.25,50.0,51.0,43.814300537109375,1442700.0
2022-09-15,MEGA.BK,51.0,51.25,49.25,50.25,43.16997146606445,4266500.0
2022-09-16,MEGA.BK,50.75,50.75,48.5,48.5,41.66653060913086,4166800.0
2022-09-19,MEGA.BK,49.25,49.25,48.0,48.5,41.66653060913086,2098300.0
2022-09-20,MEGA.BK,48.75,48.75,47.25,48.0,41.23698425292969,4230800.0
2022-09-21,MEGA.BK,47.75,48.25,47.25,47.75,41.02220916748047,3415300.0
2022-09-22,MEGA.BK,48.0,48.25,47.5,47.75,41.02220916748047,2182100.0
2022-09-23,MEGA.BK,47.75,48.0,47.0,47.5,40.80743408203125,2652700.0
2022-09-26,MEGA.BK,47.0,47.5,46.75,47.25,40.592655181884766,2056400.0
2022-09-27,MEGA.BK,46.75,47.25,45.5,45.5,39.089229583740234,3018600.0
2022-09-28,MEGA.BK,45.5,46.75,44.5,46.25,39.73354721069336,2907100.0
2022-09-29,MEGA.BK,46.5,46.75,46.25,46.25,39.73354721069336,976500.0
2022-09-30,MEGA.BK,46.25,46.5,46.25,46.25,39.73354721069336,1636100.0
2022-10-03,MEGA.BK,46.0,46.25,44.75,45.25,38.874446868896484,3321300.0
2022-10-04,MEGA.BK,45.75,46.75,45.5,46.5,39.948326110839844,2218900.0
2022-10-05,MEGA.BK,46.5,47.0,45.0,45.25,38.874446868896484,2277500.0
2022-10-06,MEGA.BK,45.0,45.5,44.0,44.25,38.015342712402344,3899800.0
2022-10-07,MEGA.BK,44.25,44.75,43.5,44.5,38.23012161254883,2998900.0
2022-10-10,MEGA.BK,43.5,44.5,43.5,44.0,37.800567626953125,1310300.0
2022-10-11,MEGA.BK,44.25,44.75,43.75,44.25,38.015342712402344,786600.0
2022-10-12,MEGA.BK,44.25,45.5,44.25,45.25,38.874446868896484,937300.0
2022-10-17,MEGA.BK,45.25,46.25,45.25,45.5,39.089229583740234,2036400.0
2022-10-18,MEGA.BK,46.0,47.25,46.0,47.25,40.592655181884766,2874800.0
2022-10-19,MEGA.BK,47.0,48.0,47.0,48.0,41.23698425292969,2535100.0
2022-10-20,MEGA.BK,48.25,49.25,47.25,49.25,42.31085968017578,3036200.0
2022-10-21,MEGA.BK,48.5,49.25,45.75,46.0,39.51877975463867,5860900.0
2022-10-25,MEGA.BK,46.0,46.0,44.0,44.25,38.015342712402344,4307100.0
2022-10-26,MEGA.BK,44.75,45.25,44.5,44.75,38.44490051269531,4279900.0
2022-10-27,MEGA.BK,44.75,45.0,43.75,43.75,37.585792541503906,3279900.0
2022-10-28,MEGA.BK,44.0,44.25,43.5,43.75,37.585792541503906,3675100.0
2022-10-31,MEGA.BK,44.0,44.5,43.75,44.25,38.015342712402344,849600.0
2022-11-01,MEGA.BK,44.25,45.5,44.25,45.25,38.874446868896484,3169000.0
2022-11-02,MEGA.BK,45.25,45.75,45.0,45.25,38.874446868896484,1530300.0
2022-11-03,MEGA.BK,45.25,46.25,45.25,45.25,38.874446868896484,2176200.0
2022-11-04,MEGA.BK,45.25,46.0,45.25,45.5,39.089229583740234,2109000.0
2022-11-07,MEGA.BK,45.5,45.5,44.0,44.25,38.015342712402344,3274700.0
2022-11-08,MEGA.BK,44.0,44.5,43.75,44.0,37.800567626953125,2247600.0
2022-11-09,MEGA.BK,44.5,44.5,43.5,43.75,37.585792541503906,2458400.0
2022-11-10,MEGA.BK,43.75,45.5,43.75,44.75,38.44490051269531,6209900.0
2022-11-11,MEGA.BK,45.0,46.25,44.75,45.75,39.30400466918945,4040100.0
2022-11-14,MEGA.BK,45.25,46.0,45.0,45.75,39.30400466918945,1628800.0
2022-11-15,MEGA.BK,46.5,47.75,46.25,46.5,39.948326110839844,9884100.0
2022-11-16,MEGA.BK,46.5,47.0,45.25,46.75,40.16310501098633,5390000.0
2022-11-17,MEGA.BK,46.5,46.5,45.75,46.0,39.51877975463867,1940900.0
2022-11-18,MEGA.BK,46.0,47.0,46.0,46.5,39.948326110839844,3047300.0
2022-11-21,MEGA.BK,46.75,47.0,46.25,46.75,40.16310501098633,721300.0
2022-11-22,MEGA.BK,46.5,46.75,45.0,45.25,38.874446868896484,4709400.0
2022-11-23,MEGA.BK,45.25,46.75,45.25,46.0,39.51877975463867,2439700.0
2022-11-24,MEGA.BK,46.25,46.5,46.0,46.25,39.73354721069336,705000.0
2022-11-25,MEGA.BK,46.25,46.25,45.75,45.75,39.30400466918945,314300.0
2022-11-28,MEGA.BK,45.75,46.0,45.25,45.75,39.30400466918945,839500.0
2022-11-29,MEGA.BK,45.5,46.75,45.25,45.75,39.30400466918945,1605500.0
2022-11-30,MEGA.BK,45.5,47.25,45.5,46.75,40.16310501098633,3273300.0
2022-12-01,MEGA.BK,47.0,47.25,46.0,46.25,39.73354721069336,2144100.0
2022-12-02,MEGA.BK,46.5,46.75,46.0,46.0,39.51877975463867,578400.0
2022-12-06,MEGA.BK,46.0,46.25,45.25,45.25,38.874446868896484,1703200.0
2022-12-07,MEGA.BK,45.5,46.0,45.25,45.25,38.874446868896484,856300.0
2022-12-08,MEGA.BK,45.5,45.75,45.25,45.25,38.874446868896484,1118100.0
2022-12-09,MEGA.BK,45.5,46.75,45.5,46.0,39.51877975463867,1648800.0
2022-12-13,MEGA.BK,46.25,47.25,46.25,46.75,40.16310501098633,1912400.0
2022-12-14,MEGA.BK,47.0,47.25,46.5,46.5,39.948326110839844,1033300.0
2022-12-15,MEGA.BK,46.5,46.75,46.0,46.5,39.948326110839844,1104300.0
2022-12-16,MEGA.BK,46.25,46.5,45.5,45.5,39.089229583740234,3356700.0
2022-12-19,MEGA.BK,45.5,46.0,45.25,45.25,38.874446868896484,1072800.0
2022-12-20,MEGA.BK,45.75,45.75,44.25,44.75,38.44490051269531,2489100.0
2022-12-21,MEGA.BK,44.75,45.25,44.75,45.0,38.65967559814453,1043400.0
2022-12-22,MEGA.BK,45.0,45.75,45.0,45.25,38.874446868896484,907400.0
2022-12-23,MEGA.BK,45.0,45.25,44.75,45.25,38.874446868896484,980400.0
2022-12-26,MEGA.BK,45.25,46.0,45.25,45.5,39.089229583740234,924900.0
2022-12-27,MEGA.BK,46.0,46.0,45.5,45.5,39.089229583740234,992200.0
2022-12-28,MEGA.BK,45.75,45.75,45.0,45.5,39.089229583740234,1924600.0
2022-12-29,MEGA.BK,46.5,48.0,46.0,46.5,39.948326110839844,8748000.0
2022-12-30,MEGA.BK,46.75,47.0,46.25,46.75,40.16310501098633,1615200.0
2023-01-03,MEGA.BK,48.0,50.5,47.75,49.75,42.740421295166016,10933200.0
2023-01-04,MEGA.BK,49.5,50.0,49.0,49.25,42.31085968017578,3581100.0
2023-01-05,MEGA.BK,49.5,50.0,49.25,49.5,42.52564239501953,5591700.0
2023-01-06,MEGA.BK,49.5,50.75,49.5,50.0,42.95519256591797,4246200.0
2023-01-09,MEGA.BK,50.5,50.75,49.75,49.75,42.740421295166016,2742600.0
2023-01-10,MEGA.BK,50.0,50.25,49.0,49.5,42.52564239501953,3508700.0
2023-01-11,MEGA.BK,50.0,50.0,48.75,49.0,42.09608840942383,1772200.0
2023-01-12,MEGA.BK,49.0,50.0,48.5,49.75,42.740421295166016,3292900.0
2023-01-13,MEGA.BK,50.25,50.25,48.75,49.0,42.09608840942383,2497600.0
2023-01-16,MEGA.BK,49.5,50.0,49.25,49.5,42.52564239501953,3129100.0
2023-01-17,MEGA.BK,49.5,50.0,49.25,49.75,42.740421295166016,2108400.0
2023-01-18,MEGA.BK,50.0,50.5,49.5,49.75,42.740421295166016,2158300.0
2023-01-19,MEGA.BK,50.0,50.0,49.25,49.5,42.52564239501953,1548100.0
2023-01-20,MEGA.BK,49.5,50.0,48.75,49.75,42.740421295166016,1887600.0
2023-01-23,MEGA.BK,49.75,50.0,49.0,50.0,42.95519256591797,1900300.0
2023-01-24,MEGA.BK,50.0,50.5,49.5,50.0,42.95519256591797,2905700.0
2023-01-25,MEGA.BK,50.0,51.25,50.0,50.75,43.599517822265625,4123100.0
2023-01-26,MEGA.BK,51.0,51.25,50.25,51.0,43.814300537109375,2922800.0
2023-01-27,MEGA.BK,50.75,51.5,50.5,51.0,43.814300537109375,2403900.0
2023-01-30,MEGA.BK,51.25,51.75,51.0,51.5,44.24384689331055,2828100.0
2023-01-31,MEGA.BK,51.75,52.5,51.75,52.25,44.888179779052734,2980500.0
2023-02-01,MEGA.BK,52.0,52.25,51.0,51.75,44.45862579345703,1697300.0
2023-02-02,MEGA.BK,51.5,52.25,51.5,52.0,44.673404693603516,3056400.0
2023-02-03,MEGA.BK,52.0,52.0,51.25,51.25,44.02907180786133,1374000.0
2023-02-06,MEGA.BK,51.5,52.0,51.5,51.75,44.45862579345703,1434300.0
2023-02-07,MEGA.BK,51.75,52.0,50.5,51.5,44.24384689331055,2419500.0
2023-02-08,MEGA.BK,51.5,52.0,50.75,50.75,43.599517822265625,1412300.0
2023-02-09,MEGA.BK,50.75,52.25,50.75,52.0,44.673404693603516,2295800.0
2023-02-10,MEGA.BK,51.75,52.0,51.25,51.5,44.24384689331055,1597800.0
2023-02-13,MEGA.BK,51.5,51.5,50.0,50.75,43.599517822265625,2508600.0
2023-02-14,MEGA.BK,50.0,50.25,48.5,49.0,42.09608840942383,4449900.0
2023-02-15,MEGA.BK,48.5,48.75,47.25,48.0,41.23698425292969,3256000.0
2023-02-16,MEGA.BK,47.75,48.5,47.5,48.0,41.23698425292969,1581900.0
2023-02-17,MEGA.BK,47.75,48.5,47.25,47.5,40.80743408203125,1368500.0
2023-02-20,MEGA.BK,47.5,48.25,47.25,48.0,41.23698425292969,1616000.0
2023-02-21,MEGA.BK,48.0,48.75,48.0,48.5,41.66653060913086,2586200.0
2023-02-22,MEGA.BK,48.25,49.0,48.25,48.25,41.451759338378906,3352600.0
2023-02-23,MEGA.BK,48.5,49.0,47.75,48.0,41.23698425292969,3350500.0
2023-02-24,MEGA.BK,46.25,47.75,46.25,47.5,40.80743408203125,7008500.0
2023-02-27,MEGA.BK,47.5,47.75,45.75,46.25,39.73354721069336,6888000.0
2023-02-28,MEGA.BK,46.5,46.5,45.0,46.0,39.51877975463867,3268000.0
2023-03-01,MEGA.BK,46.0,47.0,46.0,46.25,39.73354721069336,5066500.0
2023-03-02,MEGA.BK,46.25,46.75,45.75,45.75,39.30400466918945,1327900.0
2023-03-03,MEGA.BK,45.75,46.5,45.75,46.25,39.73354721069336,2239200.0
2023-03-07,MEGA.BK,46.25,46.75,46.0,46.25,39.73354721069336,2052600.0
2023-03-08,MEGA.BK,45.75,45.75,45.25,45.5,39.821075439453125,1102400.0
2023-03-09,MEGA.BK,45.5,45.5,44.25,44.5,38.945884704589844,3720200.0
2023-03-10,MEGA.BK,44.0,44.5,43.75,43.75,38.289493560791016,3975600.0
2023-03-13,MEGA.BK,43.75,45.0,43.75,44.0,38.5082893371582,3360200.0
2023-03-14,MEGA.BK,44.0,44.25,43.0,43.25,37.851905822753906,3041700.0
2023-03-15,MEGA.BK,44.0,45.0,43.75,44.5,38.945884704589844,1206100.0
2023-03-16,MEGA.BK,44.25,44.5,43.75,44.25,38.72708511352539,1084100.0
2023-03-17,MEGA.BK,44.5,45.0,43.75,43.75,38.289493560791016,3196300.0
2023-03-20,MEGA.BK,44.5,44.5,43.5,44.25,38.72708511352539,3385300.0
2023-03-21,MEGA.BK,44.25,44.25,43.25,43.75,38.289493560791016,3660500.0
2023-03-22,MEGA.BK,44.25,44.5,43.0,43.75,38.289493560791016,3598300.0
2023-03-23,MEGA.BK,43.5,43.75,43.0,43.75,38.289493560791016,3380600.0
2023-03-24,MEGA.BK,43.75,43.75,42.5,42.75,37.414302825927734,4336600.0
2023-03-27,MEGA.BK,42.75,43.0,41.5,41.75,36.53911590576172,5243400.0
2023-03-28,MEGA.BK,42.25,42.75,42.0,42.25,36.97671127319336,2369500.0
2023-03-29,MEGA.BK,42.5,43.25,42.25,42.75,37.414302825927734,3255100.0
2023-03-30,MEGA.BK,43.25,43.25,42.0,42.0,36.75790786743164,1921300.0
2023-03-31,MEGA.BK,42.25,42.25,41.5,41.75,36.53911590576172,2481000.0
2023-04-03,MEGA.BK,41.75,42.5,41.5,42.25,36.97671127319336,1907000.0
2023-04-04,MEGA.BK,42.25,43.0,42.0,42.25,36.97671127319336,2889200.0
2023-04-05,MEGA.BK,42.5,42.5,41.0,41.5,36.320316314697266,3459400.0
2023-04-07,MEGA.BK,41.0,42.25,41.0,41.5,36.320316314697266,1550600.0
2023-04-10,MEGA.BK,41.75,42.25,41.5,42.25,36.97671127319336,438200.0
2023-04-11,MEGA.BK,42.25,43.5,42.25,43.25,37.851905822753906,4313200.0
2023-04-12,MEGA.BK,43.25,43.5,42.5,43.25,37.851905822753906,1891100.0
2023-04-17,MEGA.BK,43.25,43.75,42.5,43.25,37.851905822753906,2793200.0
2023-04-18,MEGA.BK,43.25,43.75,43.0,43.75,38.289493560791016,2237100.0
2023-04-19,MEGA.BK,43.5,43.75,43.0,43.25,37.851905822753906,1700400.0
2023-04-20,MEGA.BK,43.5,43.5,42.0,42.25,36.97671127319336,2793500.0
2023-04-21,MEGA.BK,42.25,43.0,41.75,42.0,36.75790786743164,2150700.0
2023-04-24,MEGA.BK,42.0,42.75,42.0,42.25,36.97671127319336,1726800.0
2023-04-25,MEGA.BK,42.25,42.75,41.5,41.75,36.53911590576172,3005100.0
2023-04-26,MEGA.BK,41.75,42.0,41.25,41.75,36.53911590576172,1420600.0
2023-04-27,MEGA.BK,42.0,42.0,40.5,40.75,35.6639289855957,1352200.0
2023-04-28,MEGA.BK,41.0,41.25,40.0,41.0,35.88272476196289,1666000.0
2023-05-02,MEGA.BK,41.0,41.25,40.5,41.0,35.88272476196289,882400.0
2023-05-03,MEGA.BK,41.0,42.0,40.75,41.75,36.53911590576172,2414400.0
2023-05-08,MEGA.BK,41.5,41.75,40.5,41.25,36.101524353027344,1901500.0
2023-05-09,MEGA.BK,41.5,41.75,40.75,41.0,35.88272476196289,3459900.0
2023-05-10,MEGA.BK,40.75,41.75,40.5,41.5,36.320316314697266,1824800.0
2023-05-11,MEGA.BK,41.25,42.0,41.25,41.25,36.101524353027344,591700.0
2023-05-12,MEGA.BK,41.5,42.0,41.25,41.5,36.320316314697266,1682200.0
2023-05-15,MEGA.BK,41.5,41.75,40.5,41.0,35.88272476196289,722200.0
2023-05-16,MEGA.BK,40.25,40.75,37.5,37.75,33.038360595703125,7307200.0
2023-05-17,MEGA.BK,38.25,39.0,38.0,38.75,33.91354751586914,2688400.0
2023-05-18,MEGA.BK,39.25,39.75,38.0,38.25,33.47595977783203,2564300.0
2023-05-19,MEGA.BK,38.5,38.75,37.75,38.5,33.69475173950195,2508000.0
2023-05-22,MEGA.BK,38.5,39.25,38.0,39.0,34.13235092163086,2320400.0
2023-05-23,MEGA.BK,39.0,39.5,38.5,39.5,34.56993865966797,2649600.0
2023-05-24,MEGA.BK,39.25,39.5,38.0,38.5,33.69475173950195,5113200.0
2023-05-25,MEGA.BK,38.5,39.25,38.0,38.75,33.91354751586914,3012000.0
2023-05-26,MEGA.BK,38.75,38.75,37.75,38.5,33.69475173950195,2797600.0
2023-05-29,MEGA.BK,38.5,39.75,38.5,39.0,34.13235092163086,3207400.0
2023-05-30,MEGA.BK,39.25,39.75,38.5,39.25,34.351139068603516,4021200.0
2023-05-31,MEGA.BK,39.25,39.5,39.0,39.0,34.13235092163086,1068000.0
2023-06-01,MEGA.BK,39.25,40.75,39.0,40.25,35.2263298034668,2956800.0
2023-06-02,MEGA.BK,40.5,41.0,39.5,40.0,35.00753402709961,2638300.0
2023-06-06,MEGA.BK,40.25,40.5,39.0,39.25,34.351139068603516,2513900.0
2023-06-07,MEGA.BK,39.25,39.5,39.0,39.75,34.788734436035156,442700.0
2023-06-08,MEGA.BK,39.75,40.0,39.0,39.75,34.788734436035156,1382100.0
2023-06-09,MEGA.BK,39.75,40.0,39.25,39.75,34.788734436035156,1996400.0
2023-06-12,MEGA.BK,39.75,40.0,39.5,39.75,34.788734436035156,750100.0
2023-06-13,MEGA.BK,40.25,40.5,39.5,39.75,34.788734436035156,1185500.0
2023-06-14,MEGA.BK,39.75,40.5,39.75,40.5,35.44512939453125,1875600.0
2023-06-15,MEGA.BK,40.5,40.5,39.5,39.5,34.56993865966797,945700.0
2023-06-16,MEGA.BK,39.75,40.0,39.0,39.25,34.351139068603516,701000.0
2023-06-19,MEGA.BK,39.0,39.5,38.5,39.25,34.351139068603516,1072400.0
2023-06-20,MEGA.BK,39.25,39.75,38.75,39.0,34.13235092163086,1202800.0
2023-06-21,MEGA.BK,39.0,39.25,38.0,38.5,33.69475173950195,1184800.0
2023-06-22,MEGA.BK,37.75,37.75,34.75,35.5,31.069190979003906,17122000.0
2023-06-23,MEGA.BK,35.75,37.5,35.25,37.0,32.38197326660156,5270500.0
2023-06-26,MEGA.BK,37.0,37.75,37.0,37.25,32.600765228271484,4095400.0
2023-06-27,MEGA.BK,37.0,37.25,36.0,36.25,31.7255802154541,1698300.0
2023-06-28,MEGA.BK,36.5,36.5,35.5,36.0,31.506784439086914,1742300.0
2023-06-29,MEGA.BK,35.75,37.0,35.75,36.5,31.94437599182129,1145000.0
2023-06-30,MEGA.BK,37.0,37.75,37.0,37.5,32.81956481933594,1340000.0
2023-07-03,MEGA.BK,37.75,38.25,37.5,37.75,33.038360595703125,1007000.0
2023-07-04,MEGA.BK,38.25,38.5,37.75,38.25,33.47595977783203,629500.0
2023-07-05,MEGA.BK,38.25,38.5,38.0,38.25,33.47595977783203,793400.0
2023-07-06,MEGA.BK,38.0,38.0,37.0,37.75,33.038360595703125,1746300.0
2023-07-07,MEGA.BK,37.75,38.0,37.25,37.75,33.038360595703125,320600.0
2023-07-10,MEGA.BK,37.75,38.5,37.75,38.25,33.47595977783203,1885400.0
2023-07-11,MEGA.BK,38.75,38.75,38.25,38.25,33.47595977783203,751300.0
2023-07-12,MEGA.BK,38.5,39.25,38.0,38.0,33.257164001464844,1301000.0
2023-07-13,MEGA.BK,38.0,39.0,38.0,38.25,33.47595977783203,1117500.0
2023-07-14,MEGA.BK,38.75,39.0,38.5,38.75,33.91354751586914,771500.0
2023-07-17,MEGA.BK,39.0,39.75,38.75,39.25,34.351139068603516,1314600.0
2023-07-18,MEGA.BK,39.25,40.0,38.75,38.75,33.91354751586914,1500300.0
2023-07-19,MEGA.BK,39.0,40.0,38.75,39.5,34.56993865966797,1148300.0
2023-07-20,MEGA.BK,39.5,39.5,38.25,38.75,33.91354751586914,2022400.0
2023-07-21,MEGA.BK,38.75,39.0,38.25,38.5,33.69475173950195,538700.0
2023-07-24,MEGA.BK,38.75,39.25,38.0,38.25,33.47595977783203,547100.0
2023-07-25,MEGA.BK,38.25,38.5,37.5,38.0,33.257164001464844,841100.0
2023-07-26,MEGA.BK,37.75,38.0,36.75,37.0,32.38197326660156,1646300.0
2023-07-27,MEGA.BK,37.0,38.0,36.5,37.75,33.038360595703125,1547300.0
2023-07-31,MEGA.BK,38.5,39.0,38.0,38.75,33.91354751586914,561000.0
2023-08-02,MEGA.BK,39.0,39.0,38.0,38.5,33.69475173950195,1124000.0
2023-08-03,MEGA.BK,38.0,38.5,37.5,38.25,33.47595977783203,885600.0
2023-08-04,MEGA.BK,38.25,38.75,38.0,38.5,33.69475173950195,1050500.0
2023-08-07,MEGA.BK,38.5,39.0,38.0,38.75,33.91354751586914,708000.0
2023-08-08,MEGA.BK,39.0,39.0,38.25,38.5,33.69475173950195,451900.0
2023-08-09,MEGA.BK,38.25,39.0,38.0,39.0,34.13235092163086,897800.0
2023-08-10,MEGA.BK,39.0,39.25,38.5,39.0,34.13235092163086,668000.0
2023-08-11,MEGA.BK,39.0,39.25,38.75,39.0,34.13235092163086,814900.0
2023-08-15,MEGA.BK,41.0,42.0,40.5,41.25,36.101524353027344,4462100.0
2023-08-16,MEGA.BK,41.25,42.5,41.25,42.0,36.75790786743164,4567100.0
2023-08-17,MEGA.BK,42.5,42.5,41.5,41.75,36.53911590576172,2129500.0
2023-08-18,MEGA.BK,41.75,42.75,41.75,42.5,37.19550704956055,2673400.0
2023-08-21,MEGA.BK,42.5,43.0,42.0,42.5,37.19550704956055,3201800.0
2023-08-22,MEGA.BK,42.75,42.75,42.25,42.75,37.414302825927734,1869600.0
2023-08-23,MEGA.BK,42.5,42.75,42.0,42.5,37.19550704956055,1026900.0
2023-08-24,MEGA.BK,42.0,42.75,41.75,42.25,37.68609619140625,1713500.0
2023-08-25,MEGA.BK,42.0,42.5,41.75,42.25,37.68609619140625,1198800.0
2023-08-28,MEGA.BK,42.25,42.75,42.0,42.25,37.68609619140625,782800.0
2023-08-29,MEGA.BK,42.5,42.5,41.75,42.5,37.909088134765625,1412400.0
2023-08-30,MEGA.BK,42.25,43.5,42.25,43.5,38.80106735229492,2713300.0
2023-08-31,MEGA.BK,43.5,43.75,43.0,43.75,39.02406311035156,2083200.0
2023-09-01,MEGA.BK,43.75,44.0,42.75,43.25,38.57807922363281,2719000.0
2023-09-04,MEGA.BK,43.25,43.5,42.5,42.75,38.132080078125,1836800.0
2023-09-05,MEGA.BK,42.75,43.75,42.75,43.25,38.57807922363281,1908300.0
2023-09-06,MEGA.BK,43.0,43.5,41.75,42.0,37.463096618652344,7445400.0
2023-09-07,MEGA.BK,42.0,42.5,41.25,41.75,37.24010467529297,1961300.0
2023-09-08,MEGA.BK,41.75,42.0,41.5,41.5,37.01710891723633,776900.0
2023-09-11,MEGA.BK,41.75,42.25,41.5,42.0,37.463096618652344,2084800.0
2023-09-12,MEGA.BK,42.5,43.75,42.5,43.0,38.355079650878906,5334000.0
2023-09-13,MEGA.BK,43.0,43.75,42.75,43.5,38.80106735229492,2284500.0
2023-09-14,MEGA.BK,43.75,44.75,43.75,44.5,39.69304656982422,3548700.0
2023-09-15,MEGA.BK,44.75,44.75,44.0,44.25,39.47004699707031,2822400.0
2023-09-18,MEGA.BK,44.5,44.5,43.75,44.0,39.2470588684082,1256200.0
2023-09-19,MEGA.BK,44.0,45.25,44.0,44.75,39.916038513183594,4007800.0
2023-09-20,MEGA.BK,44.25,44.5,43.5,44.0,39.2470588684082,1618100.0
2023-09-21,MEGA.BK,44.0,46.25,43.75,45.75,40.808021545410156,4654300.0
2023-09-22,MEGA.BK,45.75,46.0,45.25,45.75,40.808021545410156,2886300.0
2023-09-25,MEGA.BK,46.0,46.75,45.75,46.25,41.254005432128906,2202300.0
2023-09-26,MEGA.BK,46.25,46.25,44.5,44.75,39.916038513183594,2718000.0
2023-09-27,MEGA.BK,44.5,45.0,44.25,44.75,39.916038513183594,1080200.0
2023-09-28,MEGA.BK,45.0,45.25,43.75,44.0,39.2470588684082,1873200.0
2023-09-29,MEGA.BK,44.0,45.0,44.0,44.5,39.69304656982422,2640500.0
2023-10-02,MEGA.BK,44.75,45.0,44.25,44.25,39.47004699707031,1895400.0
2023-10-03,MEGA.BK,44.25,44.5,43.75,44.0,39.2470588684082,2088700.0
2023-10-04,MEGA.BK,43.5,45.5,43.25,45.25,40.362030029296875,3230500.0
2023-10-05,MEGA.BK,45.75,45.75,44.5,45.5,40.58502960205078,1844700.0
2023-10-06,MEGA.BK,45.75,45.75,44.75,44.75,39.916038513183594,1931400.0
2023-10-09,MEGA.BK,44.75,45.25,43.75,45.25,40.362030029296875,4460100.0
2023-10-10,MEGA.BK,45.25,45.75,44.75,45.5,40.58502960205078,1867700.0
2023-10-11,MEGA.BK,45.75,46.0,45.0,45.5,40.58502960205078,1906600.0
2023-10-12,MEGA.BK,45.5,46.25,44.75,45.5,40.58502960205078,1025800.0
2023-10-16,MEGA.BK,44.5,45.5,43.75,44.25,39.47004699707031,5632300.0
2023-10-17,MEGA.BK,44.75,45.5,44.5,44.75,39.916038513183594,1480100.0
2023-10-18,MEGA.BK,45.25,45.25,44.5,44.75,39.916038513183594,1016800.0
2023-10-19,MEGA.BK,45.25,45.25,44.0,44.5,39.69304656982422,2232900.0
2023-10-20,MEGA.BK,44.5,44.5,43.5,44.0,39.2470588684082,6102400.0
2023-10-24,MEGA.BK,44.0,45.75,43.75,45.25,40.362030029296875,4816600.0
2023-10-25,MEGA.BK,45.5,46.0,44.5,44.5,39.69304656982422,2349800.0
2023-10-26,MEGA.BK,44.5,45.0,41.25,43.25,38.57807922363281,7808600.0
2023-10-27,MEGA.BK,42.25,42.5,41.25,41.75,37.24010467529297,4014600.0
2023-10-30,MEGA.BK,41.25,41.75,40.5,41.25,36.79411697387695,2824500.0
2023-10-31,MEGA.BK,41.5,41.5,40.0,40.75,36.34812927246094,3279800.0
2023-11-01,MEGA.BK,40.5,41.25,40.5,40.5,36.1251335144043,1251400.0
2023-11-02,MEGA.BK,40.75,41.5,40.25,40.75,36.34812927246094,2619300.0
2023-11-03,MEGA.BK,41.0,41.25,40.5,40.75,36.34812927246094,1118400.0
2023-11-06,MEGA.BK,41.0,42.0,40.75,40.75,36.34812927246094,1496700.0
2023-11-07,MEGA.BK,40.75,41.25,40.5,40.75,36.34812927246094,1014500.0
2023-11-08,MEGA.BK,41.0,42.0,41.0,41.5,37.01710891723633,1119600.0
2023-11-09,MEGA.BK,41.75,42.25,41.25,42.0,37.463096618652344,1797300.0
2023-11-10,MEGA.BK,41.75,41.75,41.0,41.5,37.01710891723633,1143300.0
2023-11-13,MEGA.BK,41.5,41.75,40.5,41.5,37.01710891723633,1263500.0
2023-11-14,MEGA.BK,41.0,41.25,38.75,40.0,35.679141998291016,5931700.0
2023-11-15,MEGA.BK,40.25,41.75,39.75,41.5,37.01710891723633,2076000.0
2023-11-16,MEGA.BK,41.5,42.0,40.5,40.75,36.34812927246094,1518300.0
2023-11-17,MEGA.BK,41.0,42.25,40.5,42.0,37.463096618652344,2227500.0
2023-11-20,MEGA.BK,42.0,42.75,41.75,42.0,37.463096618652344,1382000.0
2023-11-21,MEGA.BK,42.0,42.25,41.5,42.0,37.463096618652344,1126500.0
2023-11-22,MEGA.BK,41.75,41.75,41.0,41.0,36.57112121582031,796400.0
2023-11-23,MEGA.BK,41.25,41.5,40.25,40.5,36.1251335144043,1176700.0
2023-11-24,MEGA.BK,40.75,41.0,40.25,40.75,36.34812927246094,635200.0
2023-11-27,MEGA.BK,40.5,40.75,40.0,40.25,35.902137756347656,884200.0
2023-11-28,MEGA.BK,40.75,40.75,40.0,40.0,35.679141998291016,1515400.0
2023-11-29,MEGA.BK,40.25,41.0,40.25,40.5,36.1251335144043,970900.0
2023-11-30,MEGA.BK,40.25,40.5,39.5,39.75,35.456146240234375,2122200.0
2023-12-01,MEGA.BK,40.0,40.25,39.0,39.0,34.78717041015625,3646000.0
2023-12-04,MEGA.BK,39.5,40.25,39.5,40.0,35.679141998291016,1274500.0
2023-12-06,MEGA.BK,39.75,40.5,39.75,40.25,35.902137756347656,967400.0
2023-12-07,MEGA.BK,40.0,40.5,40.0,40.0,35.679141998291016,528600.0
2023-12-08,MEGA.BK,40.0,40.25,38.75,38.75,34.564170837402344,4304200.0
2023-12-12,MEGA.BK,39.0,39.5,38.75,39.0,34.78717041015625,1252500.0
2023-12-13,MEGA.BK,39.0,39.0,38.75,38.75,34.564170837402344,657800.0
2023-12-14,MEGA.BK,39.0,39.75,39.0,39.0,34.78717041015625,853200.0
2023-12-15,MEGA.BK,39.5,40.75,39.5,40.25,35.902137756347656,2158000.0
2023-12-18,MEGA.BK,40.25,40.5,39.0,39.25,35.010154724121094,1400100.0
2023-12-19,MEGA.BK,39.25,39.5,38.75,39.25,35.010154724121094,866200.0
2023-12-20,MEGA.BK,39.5,40.25,39.5,39.75,35.456146240234375,1220700.0
2023-12-21,MEGA.BK,40.0,40.5,39.75,40.0,35.679141998291016,717900.0
2023-12-22,MEGA.BK,40.0,40.25,39.75,40.25,35.902137756347656,453000.0
2023-12-25,MEGA.BK,40.5,41.25,40.25,41.0,36.57112121582031,1049900.0
2023-12-26,MEGA.BK,41.0,41.0,40.25,40.5,36.1251335144043,825500.0
2023-12-27,MEGA.BK,40.5,41.0,40.25,40.5,36.1251335144043,653800.0
2023-12-28,MEGA.BK,40.75,40.75,40.0,40.25,35.902137756347656,970700.0
2024-01-03,MEGA.BK,42.25,42.5,41.75,42.0,37.463096618652344,1552700.0
2024-01-04,MEGA.BK,42.0,42.5,41.75,42.25,37.68609619140625,665100.0
2024-01-05,MEGA.BK,42.25,42.5,40.75,41.0,36.57112121582031,2085500.0
2024-01-08,MEGA.BK,41.25,41.5,40.5,41.5,37.01710891723633,834800.0
2024-01-09,MEGA.BK,41.5,42.5,41.5,42.25,37.68609619140625,1814300.0
2024-01-10,MEGA.BK,42.25,42.5,41.5,42.5,37.909088134765625,1104900.0
2024-01-11,MEGA.BK,42.5,42.75,41.5,41.5,37.01710891723633,563900.0
2024-01-12,MEGA.BK,41.5,42.0,41.25,41.75,37.24010467529297,1052900.0
2024-01-15,MEGA.BK,42.75,42.75,41.5,41.75,37.24010467529297,952400.0
2024-01-16,MEGA.BK,41.5,42.0,41.0,41.25,36.79411697387695,776600.0
2024-01-17,MEGA.BK,41.25,41.5,41.0,41.0,36.57112121582031,933500.0
2024-01-18,MEGA.BK,41.5,43.25,41.5,42.5,37.909088134765625,3278800.0
2024-01-19,MEGA.BK,42.75,43.75,42.25,43.0,38.355079650878906,2727400.0
2024-01-22,MEGA.BK,43.25,43.25,42.25,42.5,37.909088134765625,1658600.0
2024-01-23,MEGA.BK,43.0,43.5,42.0,42.5,37.909088134765625,1428600.0
2024-01-24,MEGA.BK,43.0,43.25,42.5,43.25,38.57807922363281,682900.0
2024-01-25,MEGA.BK,43.25,44.0,43.0,44.0,39.2470588684082,1241200.0
2024-01-26,MEGA.BK,44.0,44.25,43.5,43.5,38.80106735229492,1490400.0
2024-01-29,MEGA.BK,43.5,43.5,42.75,42.75,38.132080078125,872100.0
2024-01-30,MEGA.BK,42.75,42.75,42.25,42.5,37.909088134765625,624900.0
2024-01-31,MEGA.BK,42.75,43.0,42.0,43.0,38.355079650878906,2202900.0
2024-02-01,MEGA.BK,42.5,42.75,42.0,42.25,37.68609619140625,1407300.0
2024-02-02,MEGA.BK,42.25,42.75,42.0,42.0,37.463096618652344,1265000.0
2024-02-05,MEGA.BK,42.25,42.5,41.75,41.75,37.24010467529297,826500.0
2024-02-06,MEGA.BK,41.75,42.5,41.5,42.25,37.68609619140625,711800.0
2024-02-07,MEGA.BK,42.25,42.75,41.75,42.0,37.463096618652344,920200.0
2024-02-08,MEGA.BK,42.25,42.25,41.25,41.5,37.01710891723633,952200.0
2024-02-09,MEGA.BK,41.5,41.5,40.5,40.75,36.34812927246094,2138200.0
2024-02-12,MEGA.BK,40.75,41.5,40.75,41.5,37.01710891723633,474300.0
2024-02-13,MEGA.BK,41.25,42.0,41.25,41.5,37.01710891723633,396100.0
2024-02-14,MEGA.BK,41.5,41.5,41.0,41.25,36.79411697387695,460200.0
2024-02-15,MEGA.BK,41.25,41.5,40.25,40.5,36.1251335144043,790700.0
2024-02-16,MEGA.BK,40.25,40.75,40.0,40.0,35.679141998291016,1160300.0
2024-02-19,MEGA.BK,40.0,40.5,40.0,40.5,36.1251335144043,379600.0
2024-02-20,MEGA.BK,40.5,40.5,39.75,40.0,35.679141998291016,644500.0
2024-02-21,MEGA.BK,40.0,40.5,40.0,40.25,35.902137756347656,624500.0
2024-02-22,MEGA.BK,40.25,40.5,40.0,40.25,35.902137756347656,614400.0
2024-02-23,MEGA.BK,41.5,42.25,41.25,41.75,37.24010467529297,1569300.0
2024-02-27,MEGA.BK,41.75,41.75,40.5,41.5,37.01710891723633,1426400.0
2024-02-28,MEGA.BK,41.75,42.0,41.0,41.5,37.01710891723633,838200.0
2024-02-29,MEGA.BK,41.25,42.0,41.0,41.5,37.01710891723633,1256900.0
2024-03-01,MEGA.BK,42.0,43.0,41.5,41.5,37.01710891723633,1468200.0
2024-03-04,MEGA.BK,41.5,42.5,41.0,42.25,37.68609619140625,1722800.0
2024-03-05,MEGA.BK,42.0,43.0,41.75,42.5,37.909088134765625,1828400.0
2024-03-06,MEGA.BK,41.75,41.75,41.0,41.0,37.27272415161133,1049500.0
2024-03-07,MEGA.BK,41.0,41.5,40.5,40.75,37.04545211791992,1021600.0
2024-03-08,MEGA.BK,41.0,41.25,40.25,41.25,37.499996185302734,1087100.0
2024-03-11,MEGA.BK,41.0,41.0,40.5,40.75,37.04545211791992,674600.0
2024-03-12,MEGA.BK,40.75,40.75,40.75,40.75,37.04545211791992,0.0
2024-03-13,MEGA.BK,40.5,41.75,40.5,41.25,37.499996185302734,1417800.0
2024-03-14,MEGA.BK,41.25,41.5,40.75,41.0,37.27272415161133,540400.0
2024-03-15,MEGA.BK,41.0,41.0,41.0,41.0,37.27272415161133,0.0
2024-03-18,MEGA.BK,40.75,41.0,40.25,41.0,37.27272415161133,1155600.0
2024-03-19,MEGA.BK,41.0,41.25,40.5,40.75,37.04545211791992,889700.0
2024-03-20,MEGA.BK,41.0,41.0,40.25,40.5,36.818180084228516,1268400.0
2024-03-21,MEGA.BK,40.75,41.0,40.5,40.75,37.04545211791992,683100.0
2024-03-22,MEGA.BK,40.75,40.75,40.75,40.75,37.04545211791992,0.0
2024-03-25,MEGA.BK,40.75,41.25,40.5,41.0,37.27272415161133,1484900.0
2024-03-26,MEGA.BK,41.0,41.0,41.0,41.0,37.27272415161133,0.0
2024-03-27,MEGA.BK,41.5,41.75,41.25,41.5,37.727272033691406,561700.0
2024-03-28,MEGA.BK,41.5,41.5,41.5,41.5,37.727272033691406,0.0
2024-03-29,MEGA.BK,41.5,42.0,41.25,42.0,38.18181228637695,1008200.0
2024-04-01,MEGA.BK,42.0,43.5,41.75,43.0,39.09090805053711,1925400.0
2024-04-02,MEGA.BK,43.0,43.75,43.0,43.25,39.31818389892578,1680300.0
2024-04-03,MEGA.BK,43.25,43.75,43.0,43.25,39.31818389892578,1146600.0
2024-04-04,MEGA.BK,43.25,43.25,42.25,42.5,38.63636016845703,1254700.0
2024-04-05,MEGA.BK,42.5,42.75,42.0,42.25,38.409088134765625,777900.0
2024-04-09,MEGA.BK,42.0,42.25,41.25,41.25,37.499996185302734,1286300.0
2024-04-10,MEGA.BK,41.25,42.0,41.0,41.0,37.27272415161133,1912300.0
2024-04-11,MEGA.BK,41.0,41.25,40.5,41.0,37.27272415161133,1263400.0
2024-04-17,MEGA.BK,40.5,41.25,39.5,40.75,37.04545211791992,3178500.0
2024-04-18,MEGA.BK,40.75,40.75,40.75,40.75,37.04545211791992,0.0
2024-04-19,MEGA.BK,40.75,40.75,40.75,40.75,37.04545211791992,0.0
2024-04-22,MEGA.BK,41.5,41.5,40.75,40.75,37.04545211791992,727200.0
2024-04-23,MEGA.BK,41.25,41.25,40.5,41.0,37.27272415161133,440300.0
2024-04-24,MEGA.BK,41.0,41.0,41.0,41.0,37.27272415161133,0.0
2024-04-25,MEGA.BK,40.5,41.25,40.5,41.25,37.499996185302734,527200.0
2024-04-26,MEGA.BK,41.0,41.25,40.25,40.5,36.818180084228516,617300.0
2024-04-29,MEGA.BK,40.5,41.25,40.25,41.0,37.27272415161133,768800.0
2024-04-30,MEGA.BK,41.0,41.0,40.5,41.0,37.27272415161133,829800.0
2024-05-02,MEGA.BK,41.0,41.25,40.5,40.5,36.818180084228516,579400.0
2024-05-03,MEGA.BK,40.75,40.75,39.25,40.0,36.36363220214844,3007600.0
2024-05-07,MEGA.BK,40.0,40.0,40.0,40.0,36.36363220214844,0.0
2024-05-08,MEGA.BK,40.5,41.0,40.25,40.75,37.04545211791992,769400.0
2024-05-09,MEGA.BK,40.75,41.0,40.0,40.25,36.590904235839844,723700.0
2024-05-10,MEGA.BK,40.5,40.75,40.25,40.5,36.818180084228516,744500.0
2024-05-13,MEGA.BK,40.5,40.75,40.25,40.5,36.818180084228516,456100.0
2024-05-14,MEGA.BK,40.25,41.0,40.0,40.5,36.818180084228516,2286700.0
2024-05-15,MEGA.BK,40.5,40.75,40.0,40.5,36.818180084228516,1510800.0
2024-05-16,MEGA.BK,40.5,40.5,40.5,40.5,36.818180084228516,0.0
2024-05-17,MEGA.BK,40.25,40.5,40.0,40.25,36.590904235839844,1312500.0
2024-05-20,MEGA.BK,40.25,40.25,40.25,40.25,36.590904235839844,0.0
2024-05-21,MEGA.BK,40.5,40.75,40.25,40.25,36.590904235839844,666000.0
2024-05-23,MEGA.BK,40.25,40.75,40.25,40.25,36.590904235839844,298000.0
2024-05-24,MEGA.BK,40.25,40.25,40.25,40.25,36.590904235839844,0.0
2024-05-27,MEGA.BK,40.5,40.5,40.0,40.25,36.590904235839844,1038400.0
2024-05-28,MEGA.BK,40.0,40.25,39.75,39.75,36.13636016845703,1229000.0
2024-05-29,MEGA.BK,39.75,40.0,39.5,39.75,36.13636016845703,1456500.0
2024-05-30,MEGA.BK,39.75,39.75,39.75,39.75,36.13636016845703,0.0
2024-05-31,MEGA.BK,39.75,39.75,39.75,39.75,36.13636016845703,0.0
2024-06-04,MEGA.BK,40.0,40.0,39.25,39.75,36.13636016845703,1379300.0
2024-06-05,MEGA.BK,39.75,39.75,39.75,39.75,36.13636016845703,0.0
2024-06-06,MEGA.BK,39.0,39.25,38.25,39.0,35.45454406738281,1288000.0
2024-06-07,MEGA.BK,38.75,38.75,38.0,38.25,34.772727966308594,1240700.0
2024-06-10,MEGA.BK,38.75,38.75,38.0,38.5,34.999996185302734,1522600.0
2024-06-11,MEGA.BK,38.5,38.75,38.25,38.25,34.772727966308594,923100.0
2024-06-12,MEGA.BK,38.25,38.5,37.5,38.0,34.54545593261719,1169500.0
2024-06-13,MEGA.BK,38.25,38.25,37.25,37.25,33.86363220214844,967200.0
2024-06-14,MEGA.BK,37.5,37.5,37.0,37.5,34.090904235839844,942700.0
2024-06-17,MEGA.BK,37.5,37.5,36.75,36.75,33.409088134765625,680200.0
2024-06-18,MEGA.BK,36.75,36.75,36.75,36.75,33.409088134765625,0.0
2024-06-19,MEGA.BK,36.75,36.75,36.75,36.75,33.409088134765625,0.0
2024-06-20,MEGA.BK,36.5,37.0,36.25,36.25,32.95454406738281,1741600.0
2024-06-21,MEGA.BK,36.5,37.0,36.5,36.5,33.18181228637695,1149200.0
2024-06-24,MEGA.BK,36.5,36.75,36.0,36.75,33.409088134765625,3255500.0
2024-06-25,MEGA.BK,36.75,36.75,36.75,36.75,33.409088134765625,0.0
2024-06-26,MEGA.BK,36.75,36.75,36.75,36.75,33.409088134765625,0.0
2024-06-27,MEGA.BK,37.5,37.75,37.25,37.5,34.090904235839844,2151800.0
2024-06-28,MEGA.BK,37.75,38.5,37.5,38.25,34.772727966308594,3957600.0
2024-07-01,MEGA.BK,38.25,38.5,38.0,38.0,34.54545593261719,1085300.0
2024-07-02,MEGA.BK,37.75,38.0,37.25,37.25,33.86363220214844,663300.0
2024-07-03,MEGA.BK,37.25,37.5,37.0,37.5,34.090904235839844,234100.0
2024-07-04,MEGA.BK,37.5,38.0,37.25,37.5,34.090904235839844,664200.0
2024-07-05,MEGA.BK,37.5,37.75,37.25,37.5,34.090904235839844,826300.0
2024-07-08,MEGA.BK,37.5,38.25,37.5,38.25,34.772727966308594,1637000.0
2024-07-09,MEGA.BK,38.25,38.25,38.25,38.25,34.772727966308594,0.0
2024-07-10,MEGA.BK,37.75,37.75,37.0,37.25,33.86363220214844,1671400.0
2024-07-11,MEGA.BK,37.25,37.25,36.75,36.75,33.409088134765625,868500.0
2024-07-12,MEGA.BK,36.75,36.75,36.75,36.75,33.409088134765625,0.0
2024-07-15,MEGA.BK,36.75,36.75,36.75,36.75,33.409088134765625,0.0
2024-07-16,MEGA.BK,36.75,36.75,36.25,36.25,32.95454406738281,928900.0
2024-07-17,MEGA.BK,36.5,36.5,36.0,36.25,32.95454406738281,1764200.0
2024-07-18,MEGA.BK,36.5,36.5,36.0,36.25,32.95454406738281,800300.0
2024-07-19,MEGA.BK,36.5,37.5,36.5,37.0,33.63636016845703,1733600.0
2024-07-23,MEGA.BK,37.25,37.5,37.0,37.25,33.86363220214844,2900200.0
2024-07-24,MEGA.BK,37.0,37.0,36.75,37.0,33.63636016845703,548000.0
2024-07-25,MEGA.BK,36.75,37.0,36.5,36.5,33.18181228637695,524400.0
2024-07-26,MEGA.BK,36.75,37.0,36.5,37.0,33.63636016845703,732700.0
2024-07-30,MEGA.BK,37.0,37.0,37.0,37.0,33.63636016845703,0.0
2024-07-31,MEGA.BK,37.25,37.25,36.5,36.5,33.18181228637695,938800.0
2024-08-01,MEGA.BK,36.5,37.0,36.5,36.75,33.409088134765625,559000.0
2024-08-02,MEGA.BK,36.75,37.25,36.75,37.25,33.86363220214844,200800.0
2024-08-05,MEGA.BK,36.5,36.75,35.0,35.75,32.5,2028800.0
2024-08-06,MEGA.BK,35.5,36.25,35.5,36.0,32.727272033691406,2021200.0
2024-08-07,MEGA.BK,36.0,36.75,36.0,36.5,33.18181228637695,464200.0
2024-08-08,MEGA.BK,36.5,38.0,35.75,37.5,34.090904235839844,1695800.0
2024-08-09,MEGA.BK,37.5,38.75,37.25,38.75,35.22726821899414,969000.0
2024-08-13,MEGA.BK,38.75,39.0,37.5,37.75,34.31817626953125,979900.0
2024-08-14,MEGA.BK,37.75,38.25,37.0,37.75,34.31817626953125,1631400.0
2024-08-15,MEGA.BK,38.0,38.25,37.75,38.25,34.772727966308594,810900.0
2024-08-16,MEGA.BK,38.5,38.75,38.25,38.75,35.22726821899414,441500.0
2024-08-19,MEGA.BK,38.75,38.75,38.75,38.75,35.22726821899414,0.0
2024-08-20,MEGA.BK,38.75,39.0,38.25,38.5,34.999996185302734,614100.0
2024-08-21,MEGA.BK,38.5,39.0,38.5,38.75,35.22726821899414,410200.0
2024-08-22,MEGA.BK,38.75,39.25,38.75,39.25,35.68181610107422,374500.0
2024-08-23,MEGA.BK,38.0,38.5,38.0,38.25,35.496212005615234,741000.0
2024-08-26,MEGA.BK,38.5,38.5,37.75,37.75,35.03221130371094,721300.0
2024-08-27,MEGA.BK,38.0,38.25,37.5,38.0,35.264217376708984,598100.0
2024-08-28,MEGA.BK,38.0,38.25,37.5,38.0,35.264217376708984,292200.0
2024-08-29,MEGA.BK,38.0,38.25,37.5,37.75,35.03221130371094,508000.0
2024-08-30,MEGA.BK,37.75,38.25,37.75,37.75,35.03221130371094,545400.0
2024-09-02,MEGA.BK,37.75,37.75,37.75,37.75,35.03221130371094,0.0
2024-09-03,MEGA.BK,37.75,37.75,37.75,37.75,35.03221130371094,0.0
2024-09-04,MEGA.BK,37.25,37.75,37.0,37.25,34.56821060180664,816000.0
2024-09-05,MEGA.BK,37.5,38.25,37.25,38.25,35.496212005615234,1146200.0
2024-09-06,MEGA.BK,38.25,39.5,38.25,39.5,36.656219482421875,2488200.0
2024-09-09,MEGA.BK,39.5,39.5,39.5,39.5,36.656219482421875,0.0
2024-09-10,MEGA.BK,40.25,40.25,39.25,39.25,36.42422103881836,1091400.0
2024-09-11,MEGA.BK,39.25,40.0,38.75,39.0,36.19221878051758,583400.0
2024-09-12,MEGA.BK,39.0,39.5,39.0,39.0,36.19221878051758,525900.0
2024-09-13,MEGA.BK,39.0,39.5,39.0,39.0,36.19221878051758,322500.0
2024-09-16,MEGA.BK,39.0,40.25,39.0,39.5,36.656219482421875,662300.0
2024-09-17,MEGA.BK,39.5,40.25,39.0,40.25,37.35222625732422,1026600.0
2024-09-18,MEGA.BK,40.5,40.5,40.0,40.25,37.35222625732422,363000.0
2024-09-19,MEGA.BK,40.25,40.75,40.0,40.5,37.584228515625,1039900.0
2024-09-20,MEGA.BK,40.5,40.5,40.0,40.25,37.35222625732422,558600.0
2024-09-23,MEGA.BK,40.25,40.75,39.5,40.0,37.12022399902344,1201000.0
2024-09-24,MEGA.BK,40.25,40.5,40.0,40.25,37.35222625732422,219300.0
2024-09-25,MEGA.BK,40.25,40.25,39.25,39.5,36.656219482421875,603600.0
2024-09-26,MEGA.BK,39.25,39.75,39.0,39.0,36.19221878051758,549900.0
2024-09-27,MEGA.BK,39.0,39.0,39.0,39.0,36.19221878051758,0.0
2024-09-30,MEGA.BK,39.0,39.5,39.0,39.25,36.42422103881836,470700.0
2024-10-01,MEGA.BK,39.5,40.0,39.25,39.75,36.888221740722656,457600.0
2024-10-02,MEGA.BK,39.75,40.25,39.0,39.0,36.19221878051758,1159100.0
2024-10-03,MEGA.BK,39.0,39.25,38.5,38.75,35.9602165222168,334000.0
2024-10-04,MEGA.BK,38.75,38.75,38.0,38.5,35.72821807861328,666500.0
2024-10-07,MEGA.BK,38.5,38.5,38.5,38.5,35.72821807861328,0.0
2024-10-08,MEGA.BK,40.5,40.5,39.75,40.0,37.12022399902344,829300.0
2024-10-09,MEGA.BK,39.0,40.0,39.0,39.5,36.656219482421875,854100.0
2024-10-10,MEGA.BK,39.5,40.0,39.25,39.5,36.656219482421875,988800.0
2024-10-11,MEGA.BK,39.25,39.75,39.0,39.0,36.19221878051758,765900.0
2024-10-15,MEGA.BK,39.5,40.5,39.0,39.5,36.656219482421875,1232000.0
2024-10-16,MEGA.BK,39.5,39.5,39.5,39.5,36.656219482421875,0.0
2024-10-17,MEGA.BK,41.0,41.0,40.0,40.0,37.12022399902344,383600.0
2024-10-18,MEGA.BK,40.75,40.75,40.0,40.0,37.12022399902344,751300.0
2024-10-21,MEGA.BK,40.0,40.5,39.75,40.0,37.12022399902344,375800.0
2024-10-22,MEGA.BK,40.0,40.0,40.0,40.0,37.12022399902344,0.0
2024-10-24,MEGA.BK,39.5,39.5,39.0,39.0,36.19221878051758,265100.0
2024-10-25,MEGA.BK,39.0,39.25,39.0,39.0,36.19221878051758,255200.0
2024-10-28,MEGA.BK,39.25,39.25,38.25,38.25,35.496212005615234,480300.0
2024-10-29,MEGA.BK,38.0,38.5,38.0,38.25,35.496212005615234,503300.0
2024-10-30,MEGA.BK,39.5,40.0,38.25,39.0,36.19221878051758,1806200.0
2024-10-31,MEGA.BK,38.5,39.5,38.5,39.5,36.656219482421875,565400.0
2024-11-01,MEGA.BK,39.25,39.25,38.75,39.0,36.19221878051758,241800.0
2024-11-04,MEGA.BK,38.75,38.75,38.25,38.5,35.72821807861328,380200.0
2024-11-05,MEGA.BK,38.25,38.75,38.0,38.25,35.496212005615234,459800.0
2024-11-06,MEGA.BK,38.25,38.5,38.0,38.0,35.264217376708984,503200.0
2024-11-07,MEGA.BK,38.0,38.25,37.5,37.5,34.800209045410156,480700.0
2024-11-08,MEGA.BK,37.5,38.5,37.5,38.25,35.496212005615234,200500.0
2024-11-11,MEGA.BK,38.0,38.5,38.0,38.25,35.496212005615234,266200.0
2024-11-12,MEGA.BK,38.25,38.5,37.5,37.5,34.800209045410156,296500.0
2024-11-13,MEGA.BK,37.25,38.0,37.25,37.5,34.800209045410156,976400.0
2024-11-14,MEGA.BK,37.5,37.5,36.5,36.5,33.8722038269043,1373900.0
2024-11-15,MEGA.BK,36.5,36.75,35.5,36.0,33.408199310302734,1344600.0
2024-11-18,MEGA.BK,36.0,36.5,36.0,36.0,33.408199310302734,454100.0
2024-11-19,MEGA.BK,36.0,36.25,36.0,36.25,33.64020538330078,363200.0
2024-11-20,MEGA.BK,36.0,36.25,35.0,35.25,32.712196350097656,1417000.0
2024-11-21,MEGA.BK,35.25,35.5,35.0,35.5,32.94419860839844,325200.0
2024-11-22,MEGA.BK,35.75,35.75,35.0,35.25,32.712196350097656,609000.0
2024-11-25,MEGA.BK,35.25,35.25,33.25,33.5,31.088186264038086,2720900.0
2024-11-26,MEGA.BK,33.75,34.25,33.5,34.0,31.55219078063965,3734000.0
2024-11-27,MEGA.BK,34.25,34.75,33.25,34.25,31.784191131591797,765700.0
2024-11-28,MEGA.BK,34.25,36.5,34.0,35.5,32.94419860839844,2514300.0
2024-11-29,MEGA.BK,35.75,36.0,35.25,35.25,32.712196350097656,414800.0
2024-12-02,MEGA.BK,35.0,35.25,34.5,34.75,32.248191833496094,626900.0
2024-12-03,MEGA.BK,35.0,35.25,34.75,35.0,32.48019790649414,331400.0
2024-12-04,MEGA.BK,35.0,35.5,34.75,34.75,32.248191833496094,872400.0
2024-12-06,MEGA.BK,34.75,35.25,34.5,34.75,32.248191833496094,1186300.0
2024-12-09,MEGA.BK,34.5,35.0,34.25,34.75,32.248191833496094,1167000.0
2024-12-11,MEGA.BK,34.75,35.25,34.5,34.5,32.016197204589844,658300.0
2024-12-12,MEGA.BK,34.5,35.0,34.25,34.75,32.248191833496094,957000.0
2024-12-13,MEGA.BK,34.5,34.5,33.25,33.25,30.85618782043457,1586000.0
2024-12-16,MEGA.BK,33.5,33.5,32.5,33.25,30.85618782043457,1197800.0
2024-12-17,MEGA.BK,33.0,33.25,32.0,32.5,30.16018295288086,2161700.0
2024-12-18,MEGA.BK,32.75,33.0,32.0,32.75,30.392183303833008,958200.0
2024-12-19,MEGA.BK,32.75,33.25,32.5,33.0,30.624183654785156,1230000.0
2024-12-20,MEGA.BK,33.0,33.75,32.5,33.75,31.320188522338867,1792800.0
2024-12-23,MEGA.BK,33.5,33.75,32.25,32.75,30.392183303833008,1722000.0
2024-12-24,MEGA.BK,32.5,33.0,32.25,32.5,30.16018295288086,1386500.0
2024-12-25,MEGA.BK,32.5,33.25,32.25,33.0,30.624183654785156,1796300.0
2024-12-26,MEGA.BK,33.5,34.25,33.5,34.0,31.55219078063965,1533900.0
2024-12-27,MEGA.BK,33.75,34.25,33.5,34.0,31.55219078063965,1400100.0
2024-12-30,MEGA.BK,34.0,34.0,32.5,33.25,30.85618782043457,1656200.0
2025-01-02,MEGA.BK,33.25,34.25,33.0,33.75,31.320188522338867,1216100.0
2025-01-03,MEGA.BK,34.25,34.5,33.75,34.25,31.784191131591797,805900.0
2025-01-06,MEGA.BK,34.25,35.0,34.0,34.5,32.016197204589844,1220600.0
2025-01-07,MEGA.BK,34.5,35.5,34.0,35.0,32.48019790649414,1143000.0
2025-01-08,MEGA.BK,34.75,35.25,34.0,34.5,32.016197204589844,1280100.0
2025-01-09,MEGA.BK,34.75,34.75,33.75,34.0,31.55219078063965,703300.0
2025-01-10,MEGA.BK,34.0,34.5,33.25,34.5,32.016197204589844,892700.0
2025-01-13,MEGA.BK,34.0,34.75,33.75,34.0,31.55219078063965,1005200.0
2025-01-14,MEGA.BK,34.0,34.25,33.25,33.25,30.85618782043457,708400.0
2025-01-15,MEGA.BK,33.25,34.0,33.0,33.75,31.320188522338867,761300.0
2025-01-16,MEGA.BK,33.75,34.5,33.5,34.25,31.784191131591797,779400.0
2025-01-17,MEGA.BK,34.25,34.25,33.5,33.75,31.320188522338867,697000.0
2025-01-20,MEGA.BK,33.75,34.0,32.25,32.75,30.392183303833008,957300.0
2025-01-21,MEGA.BK,32.75,33.25,32.75,33.0,30.624183654785156,654500.0
2025-01-22,MEGA.BK,33.5,34.0,33.5,33.5,31.088186264038086,495300.0
2025-01-23,MEGA.BK,33.75,34.0,32.75,33.0,30.624183654785156,536500.0
2025-01-24,MEGA.BK,32.75,33.0,32.75,33.0,30.624183654785156,159400.0
2025-01-27,MEGA.BK,33.0,33.0,32.25,32.5,30.16018295288086,483000.0
2025-01-28,MEGA.BK,32.5,33.0,32.5,33.0,30.624183654785156,208700.0
2025-01-29,MEGA.BK,33.0,33.25,32.75,32.75,30.392183303833008,241300.0
2025-01-30,MEGA.BK,33.0,33.0,32.75,33.0,30.624183654785156,86500.0
2025-01-31,MEGA.BK,33.0,33.0,31.0,31.5,29.232177734375,1100800.0
2025-02-03,MEGA.BK,31.0,31.75,30.0,31.75,29.46417808532715,1201200.0
2025-02-04,MEGA.BK,32.0,32.75,32.0,32.75,30.392183303833008,678300.0
2025-02-05,MEGA.BK,32.75,32.75,32.0,32.0,29.696178436279297,299800.0
2025-02-06,MEGA.BK,32.0,32.0,30.0,30.0,27.840167999267578,905800.0
2025-02-07,MEGA.BK,30.25,31.5,30.25,31.25,29.00017547607422,1014300.0
2025-02-10,MEGA.BK,31.0,31.25,30.0,30.0,27.840167999267578,550700.0
2025-02-11,MEGA.BK,30.0,30.75,29.75,30.5,28.304170608520508,505100.0
2025-02-13,MEGA.BK,30.5,30.75,30.0,30.25,28.072168350219727,622300.0
2025-02-14,MEGA.BK,30.25,30.75,30.0,30.5,28.304170608520508,711400.0
2025-02-17,MEGA.BK,30.5,30.5,30.0,30.5,28.304170608520508,1110300.0
2025-02-18,MEGA.BK,30.5,32.25,30.5,31.75,29.46417808532715,675400.0
2025-02-19,MEGA.BK,31.75,32.25,31.75,32.0,29.696178436279297,268400.0
2025-02-20,MEGA.BK,32.5,33.0,31.75,32.25,29.928180694580078,1272000.0
2025-02-21,MEGA.BK,32.25,33.75,31.75,33.25,30.85618782043457,1347900.0
2025-02-24,MEGA.BK,33.25,33.75,32.5,33.75,31.320188522338867,727100.0
2025-02-25,MEGA.BK,34.0,34.75,33.0,33.75,31.320188522338867,1309300.0
2025-02-26,MEGA.BK,33.25,34.25,33.0,33.75,31.320188522338867,2536900.0
2025-02-27,MEGA.BK,33.5,33.75,32.75,33.0,30.624183654785156,753000.0
2025-02-28,MEGA.BK,32.75,33.25,31.5,32.5,30.16018295288086,3410800.0
2025-03-03,MEGA.BK,32.75,34.0,32.75,33.0,30.624183654785156,1323100.0
2025-03-04,MEGA.BK,33.0,33.75,32.75,33.5,31.088186264038086,1437500.0
2025-03-05,MEGA.BK,33.5,33.75,33.0,33.25,30.85618782043457,1228200.0
2025-03-06,MEGA.BK,33.25,34.0,32.75,33.25,30.85618782043457,1420300.0
2025-03-07,MEGA.BK,32.25,32.5,32.0,32.5,30.903730392456055,824000.0
2025-03-10,MEGA.BK,32.5,32.5,31.25,31.25,29.715126037597656,659000.0
2025-03-11,MEGA.BK,31.25,33.0,31.25,32.5,30.903730392456055,789700.0
2025-03-12,MEGA.BK,32.5,32.75,32.0,32.0,30.428287506103516,317600.0
2025-03-13,MEGA.BK,32.0,33.0,32.0,32.75,31.141450881958008,1028500.0
2025-03-14,MEGA.BK,32.75,33.25,32.5,32.75,31.141450881958008,458600.0
2025-03-17,MEGA.BK,32.75,33.5,31.75,33.0,31.37917137145996,928100.0
2025-03-18,MEGA.BK,33.0,33.5,32.5,33.25,31.616893768310547,984200.0
2025-03-19,MEGA.BK,33.0,33.25,33.0,33.0,31.37917137145996,222600.0
2025-03-20,MEGA.BK,33.25,33.25,32.25,32.5,30.903730392456055,649600.0
2025-03-21,MEGA.BK,32.5,32.5,31.5,32.0,30.428287506103516,591500.0
2025-03-24,MEGA.BK,31.75,32.0,31.75,31.75,30.190567016601562,442400.0
2025-03-25,MEGA.BK,31.75,32.5,31.5,32.25,30.66600799560547,465200.0
2025-03-26,MEGA.BK,32.25,32.25,31.5,32.0,30.428287506103516,503300.0
2025-03-27,MEGA.BK,31.75,31.75,31.0,31.0,29.477405548095703,446500.0
2025-03-28,MEGA.BK,30.5,31.0,30.5,30.5,29.00196075439453,351500.0
2025-03-31,MEGA.BK,29.0,30.5,28.75,29.25,27.813358306884766,1768800.0
2025-04-01,MEGA.BK,29.75,30.25,29.5,30.0,28.526519775390625,548300.0
2025-04-02,MEGA.BK,30.0,31.0,30.0,30.25,28.764240264892578,359200.0
2025-04-03,MEGA.BK,30.25,30.25,29.5,30.25,28.764240264892578,352900.0
2025-04-04,MEGA.BK,30.0,30.0,28.5,29.5,28.05107879638672,1144400.0
2025-04-08,MEGA.BK,28.25,29.0,28.0,28.25,26.862472534179688,945500.0
2025-04-09,MEGA.BK,28.25,28.75,27.75,28.25,26.862472534179688,769700.0
2025-04-10,MEGA.BK,28.75,29.0,28.0,28.0,26.624752044677734,984700.0
2025-04-11,MEGA.BK,28.0,28.0,27.25,27.5,26.149311065673828,638000.0
2025-04-16,MEGA.BK,27.5,28.0,27.25,27.5,26.149311065673828,1279000.0
2025-04-17,MEGA.BK,27.5,28.0,26.75,27.0,25.67386817932129,1946900.0
2025-04-18,MEGA.BK,27.0,27.5,26.5,27.5,26.149311065673828,1931400.0
2025-04-21,MEGA.BK,27.5,28.0,27.0,27.0,25.67386817932129,841900.0
2025-04-22,MEGA.BK,27.0,27.5,26.75,27.25,25.911590576171875,721400.0
2025-04-23,MEGA.BK,27.5,28.0,27.25,27.75,26.38703155517578,1353200.0
2025-04-24,MEGA.BK,27.75,28.0,27.25,27.5,26.149311065673828,2069000.0
2025-04-25,MEGA.BK,27.75,28.5,27.75,28.5,27.10019302368164,1070000.0
2025-04-28,MEGA.BK,28.5,29.75,28.5,29.75,28.288799285888672,1489400.0
2025-04-29,MEGA.BK,29.75,30.0,29.25,29.5,28.05107879638672,1133400.0
2025-04-30,MEGA.BK,30.0,30.75,29.75,30.25,28.764240264892578,1255400.0
2025-05-02,MEGA.BK,30.25,30.5,29.25,29.25,27.813358306884766,1037600.0
2025-05-06,MEGA.BK,29.25,29.5,28.75,29.0,27.57563591003418,946500.0
2025-05-07,MEGA.BK,29.0,31.25,29.0,30.5,29.00196075439453,2358900.0
2025-05-08,MEGA.BK,30.25,30.5,29.25,29.5,28.05107879638672,736900.0
2025-05-09,MEGA.BK,29.5,29.75,29.0,29.5,28.05107879638672,876700.0
2025-05-13,MEGA.BK,29.75,30.25,29.75,30.25,28.764240264892578,587900.0
2025-05-14,MEGA.BK,30.25,30.5,29.75,30.0,28.526519775390625,518100.0
2025-05-15,MEGA.BK,29.5,29.75,28.5,28.5,27.10019302368164,1216100.0
2025-05-16,MEGA.BK,28.75,29.0,27.25,27.5,26.149311065673828,1094300.0
2025-05-19,MEGA.BK,27.5,27.5,26.5,26.75,25.436145782470703,1301200.0
2025-05-20,MEGA.BK,27.0,27.0,26.5,26.75,25.436145782470703,608400.0
2025-05-21,MEGA.BK,26.75,27.0,25.5,25.75,24.48526382446289,2147800.0
2025-05-22,MEGA.BK,25.75,25.75,25.0,25.25,24.00982093811035,919000.0
2025-05-23,MEGA.BK,25.25,25.5,25.0,25.25,24.00982093811035,1699700.0
2025-05-26,MEGA.BK,25.25,25.5,24.700000762939453,25.0,23.772098541259766,4394100.0
2025-05-27,MEGA.BK,25.0,25.25,24.799999237060547,24.899999618530273,23.67700958251953,1645200.0
2025-05-28,MEGA.BK,24.700000762939453,25.25,24.299999237060547,24.5,23.29665756225586,2637700.0
2025-05-29,MEGA.BK,24.700000762939453,25.25,24.5,25.0,23.772098541259766,2466800.0
2025-05-30,MEGA.BK,25.0,25.75,25.0,25.5,24.247543334960938,1501500.0
2025-06-04,MEGA.BK,25.5,25.75,25.0,25.0,23.772098541259766,731000.0
2025-06-05,MEGA.BK,25.25,25.75,25.0,25.25,24.00982093811035,1197000.0
2025-06-06,MEGA.BK,25.25,25.5,25.0,25.25,24.00982093811035,401100.0
2025-06-09,MEGA.BK,25.5,26.0,25.5,25.75,24.48526382446289,1150600.0
2025-06-10,MEGA.BK,25.75,26.0,25.0,25.0,23.772098541259766,2213400.0
2025-06-11,MEGA.BK,25.25,26.0,25.25,25.75,24.48526382446289,1109100.0
2025-06-12,MEGA.BK,25.75,26.0,25.25,25.75,24.48526382446289,1296600.0
2025-06-13,MEGA.BK,25.75,26.0,25.25,26.0,24.722984313964844,1509600.0
2025-06-16,MEGA.BK,26.0,26.25,25.5,25.5,24.247543334960938,1058800.0
2025-06-17,MEGA.BK,25.75,26.5,25.5,26.0,24.722984313964844,1565700.0
2025-06-18,MEGA.BK,26.25,26.75,26.0,26.0,24.722984313964844,1477200.0
2025-06-19,MEGA.BK,25.75,26.0,25.25,25.5,24.247543334960938,1277900.0
2025-06-20,MEGA.BK,25.5,25.75,25.0,25.0,23.772098541259766,1468500.0
2025-06-23,MEGA.BK,24.899999618530273,25.75,24.600000381469727,25.5,24.247543334960938,1252000.0
2025-06-24,MEGA.BK,25.5,26.0,25.5,26.0,24.722984313964844,592900.0
2025-06-25,MEGA.BK,25.75,26.25,25.25,26.25,24.960704803466797,1355200.0
2025-06-26,MEGA.BK,26.0,26.5,25.75,26.0,24.722984313964844,1091400.0
2025-06-27,MEGA.BK,26.25,26.25,25.25,25.75,24.48526382446289,678100.0
2025-06-30,MEGA.BK,25.75,25.75,25.0,25.75,24.48526382446289,1452700.0
2025-07-01,MEGA.BK,26.0,26.75,25.25,26.75,25.436145782470703,995200.0
2025-07-02,MEGA.BK,26.75,27.0,26.25,26.5,25.19842529296875,1131900.0
2025-07-03,MEGA.BK,26.5,27.25,26.25,26.75,25.436145782470703,885200.0
2025-07-04,MEGA.BK,26.75,26.75,26.25,26.75,25.436145782470703,402600.0
2025-07-07,MEGA.BK,27.0,27.5,26.5,27.25,25.911590576171875,986200.0
2025-07-08,MEGA.BK,26.75,27.0,26.5,27.0,25.67386817932129,558700.0
2025-07-09,MEGA.BK,27.0,27.0,26.0,26.0,24.722984313964844,852200.0
2025-07-11,MEGA.BK,26.0,26.5,25.75,26.5,25.19842529296875,692200.0
2025-07-14,MEGA.BK,26.5,27.0,26.5,27.0,25.67386817932129,574700.0
2025-07-15,MEGA.BK,27.0,27.5,26.75,27.25,25.911590576171875,766400.0
2025-07-16,MEGA.BK,27.25,27.5,26.75,27.0,25.67386817932129,703600.0
2025-07-17,MEGA.BK,26.75,28.25,26.75,28.0,26.624752044677734,1243100.0
2025-07-18,MEGA.BK,28.25,28.5,27.75,28.25,26.862472534179688,754800.0
2025-07-21,MEGA.BK,28.25,29.0,28.0,28.5,27.10019302368164,1124900.0
2025-07-22,MEGA.BK,28.5,29.0,28.0,28.5,27.10019302368164,819800.0
2025-07-23,MEGA.BK,28.25,29.25,28.25,29.25,27.813358306884766,724900.0
2025-07-24,MEGA.BK,29.0,29.5,28.75,28.75,27.337913513183594,825700.0
2025-07-25,MEGA.BK,28.75,29.5,28.5,29.25,27.813358306884766,1317200.0
2025-07-29,MEGA.BK,29.75,30.5,29.5,29.75,28.288799285888672,1568100.0
2025-07-30,MEGA.BK,29.75,29.75,29.0,29.0,27.57563591003418,1570000.0
2025-07-31,MEGA.BK,29.0,30.75,28.25,30.75,29.239683151245117,3837400.0
2025-08-01,MEGA.BK,30.5,30.5,30.0,30.25,28.764240264892578,1302000.0
2025-08-04,MEGA.BK,30.25,30.5,29.25,30.0,28.526519775390625,1120200.0
2025-08-05,MEGA.BK,30.0,30.5,30.0,30.5,29.00196075439453,393200.0
2025-08-06,MEGA.BK,30.5,30.5,30.0,30.5,29.00196075439453,651100.0
2025-08-07,MEGA.BK,30.5,31.0,30.25,30.5,29.00196075439453,1260300.0
2025-08-08,MEGA.BK,30.5,30.75,30.5,30.5,29.00196075439453,173400.0
2025-08-13,MEGA.BK,30.75,31.25,30.5,31.0,29.477405548095703,897500.0
2025-08-14,MEGA.BK,30.75,31.25,30.5,31.25,29.715126037597656,946300.0
2025-08-15,MEGA.BK,29.5,30.75,29.5,30.75,29.239683151245117,1414800.0
2025-08-18,MEGA.BK,30.0,30.5,29.75,30.0,28.526519775390625,1446400.0
2025-08-19,MEGA.BK,29.75,30.0,29.5,29.5,28.05107879638672,533600.0
2025-08-20,MEGA.BK,29.75,30.0,29.5,29.75,28.288799285888672,837600.0
2025-08-21,MEGA.BK,29.75,30.0,29.25,29.5,28.05107879638672,692200.0
2025-08-22,MEGA.BK,29.5,29.75,29.25,29.5,28.05107879638672,375500.0
2025-08-25,MEGA.BK,29.75,30.25,29.25,29.75,28.288799285888672,717500.0
2025-08-26,MEGA.BK,29.5,30.0,29.25,29.25,27.813358306884766,865900.0
2025-08-27,MEGA.BK,28.5,28.75,28.0,28.25,27.61783218383789,852600.0
2025-08-28,MEGA.BK,28.25,28.25,28.0,28.25,27.61783218383789,315300.0
2025-08-29,MEGA.BK,28.25,28.25,28.0,28.0,27.37342643737793,270200.0
2025-09-01,MEGA.BK,28.0,28.5,28.0,28.0,27.37342643737793,308200.0
2025-09-02,MEGA.BK,28.25,28.5,28.0,28.25,27.61783218383789,199600.0
2025-09-03,MEGA.BK,28.0,28.75,28.0,28.75,28.106643676757812,374000.0
2025-09-04,MEGA.BK,28.75,29.5,28.75,29.5,28.839860916137695,508300.0
2025-09-05,MEGA.BK,29.75,29.75,29.5,29.75,29.084266662597656,514000.0
2025-09-08,MEGA.BK,30.0,32.0,29.75,32.0,31.283916473388672,1699700.0
2025-09-09,MEGA.BK,32.75,32.75,31.5,32.0,31.283916473388672,1007500.0
2025-09-10,MEGA.BK,32.0,32.25,31.5,32.0,31.283916473388672,528700.0
2025-09-11,MEGA.BK,32.0,32.75,32.0,32.5,31.772727966308594,1623800.0
2025-09-12,MEGA.BK,32.5,32.75,32.0,32.0,31.283916473388672,921900.0
2025-09-15,MEGA.BK,32.0,32.5,31.75,32.25,31.528322219848633,955800.0
2025-09-16,MEGA.BK,32.5,32.5,31.0,31.5,30.79510498046875,1684800.0
2025-09-17,MEGA.BK,31.25,31.5,31.0,31.5,30.79510498046875,332800.0
2025-09-18,MEGA.BK,31.5,31.75,31.25,31.25,30.55069923400879,322300.0
2025-09-19,MEGA.BK,31.5,31.75,31.25,31.5,30.79510498046875,397600.0
2025-09-22,MEGA.BK,31.75,31.75,30.75,31.0,30.306293487548828,801700.0
2025-09-23,MEGA.BK,31.0,31.25,30.25,30.5,29.817481994628906,958100.0
2025-09-24,MEGA.BK,30.5,31.0,30.25,31.0,30.306293487548828,454400.0
2025-09-25,MEGA.BK,31.25,31.5,31.0,31.25,30.55069923400879,205500.0
2025-09-26,MEGA.BK,31.25,31.25,30.5,30.75,30.061887741088867,1283900.0
2025-09-29,MEGA.BK,30.75,31.25,30.75,31.0,30.306293487548828,240600.0
2025-09-30,MEGA.BK,31.0,31.25,30.5,31.0,30.306293487548828,738700.0
2025-10-01,MEGA.BK,31.0,31.75,31.0,31.0,30.306293487548828,715700.0
2025-10-02,MEGA.BK,31.25,31.5,30.75,31.0,30.306293487548828,841000.0
2025-10-03,MEGA.BK,31.0,31.5,31.0,31.5,30.79510498046875,334500.0
2025-10-06,MEGA.BK,31.75,31.75,30.0,30.0,29.328672409057617,1418600.0
2025-10-07,MEGA.BK,30.0,30.0,30.0,30.0,29.328672409057617,0.0
2025-10-08,MEGA.BK,30.5,30.5,30.0,30.25,29.573078155517578,733500.0
2025-10-09,MEGA.BK,30.25,30.5,30.0,30.25,29.573078155517578,432900.0
2025-10-10,MEGA.BK,30.0,30.5,30.0,30.5,29.817481994628906,542800.0
2025-10-14,MEGA.BK,30.25,30.25,28.5,28.75,28.106643676757812,1218100.0
2025-10-15,MEGA.BK,28.5,29.0,27.75,27.75,27.12902069091797,1809200.0
2025-10-16,MEGA.BK,28.0,29.25,28.0,29.0,28.351049423217773,455700.0
2025-10-17,MEGA.BK,29.0,29.25,29.0,29.25,28.595455169677734,618200.0
2025-10-20,MEGA.BK,29.5,29.5,28.75,29.0,28.351049423217773,402500.0
2025-10-21,MEGA.BK,29.0,29.0,28.5,28.75,28.106643676757812,616800.0
2025-10-22,MEGA.BK,28.75,29.0,28.25,29.0,28.351049423217773,556400.0
2025-10-24,MEGA.BK,29.0,29.25,28.75,29.0,28.351049423217773,166500.0
2025-10-27,MEGA.BK,28.75,29.0,28.75,28.75,28.106643676757812,274400.0
2025-10-28,MEGA.BK,29.0,29.25,28.5,28.75,28.106643676757812,414100.0
2025-10-29,MEGA.BK,28.75,29.5,28.75,29.0,28.351049423217773,262900.0
2025-10-30,MEGA.BK,29.25,30.25,29.0,29.5,28.839860916137695,704300.0
2025-10-31,MEGA.BK,29.75,29.75,29.0,29.5,28.839860916137695,289200.0
2025-11-03,MEGA.BK,29.5,30.75,29.0,29.75,29.084266662597656,1240100.0
2025-11-04,MEGA.BK,29.5,29.75,29.25,29.5,28.839860916137695,210400.0
2025-11-05,MEGA.BK,29.75,29.75,28.75,29.0,28.351049423217773,377500.0
2025-11-06,MEGA.BK,29.0,29.5,29.0,29.25,28.595455169677734,314600.0
2025-11-07,MEGA.BK,29.25,29.25,29.0,29.25,28.595455169677734,111500.0
2025-11-10,MEGA.BK,29.25,30.5,29.25,30.5,29.817481994628906,432700.0
2025-11-11,MEGA.BK,30.5,30.5,29.75,29.75,29.084266662597656,323200.0
2025-11-12,MEGA.BK,30.0,30.25,29.5,29.75,29.084266662597656,251400.0
2025-11-13,MEGA.BK,30.0,30.0,29.25,29.25,28.595455169677734,298200.0
2025-11-14,MEGA.BK,29.75,30.75,29.75,30.5,29.817481994628906,1036400.0
2025-11-17,MEGA.BK,30.25,31.5,30.0,31.0,30.306293487548828,1311000.0
2025-11-18,MEGA.BK,31.0,31.5,30.75,30.75,30.061887741088867,502700.0
2025-11-19,MEGA.BK,30.75,31.5,30.5,31.5,30.79510498046875,894200.0
2025-11-20,MEGA.BK,31.5,31.5,31.0,31.0,30.306293487548828,292300.0
2025-11-21,MEGA.BK,31.0,31.0,30.5,31.0,30.306293487548828,968200.0
2025-11-24,MEGA.BK,31.0,31.5,30.75,31.5,30.79510498046875,313600.0
2025-11-25,MEGA.BK,31.5,32.0,31.0,32.0,31.283916473388672,856700.0
2025-11-26,MEGA.BK,31.75,32.0,31.25,32.0,31.283916473388672,624300.0
2025-11-27,MEGA.BK,31.75,32.0,31.5,32.0,31.283916473388672,184300.0
2025-11-28,MEGA.BK,31.75,31.75,31.25,31.5,30.79510498046875,335400.0
2025-12-01,MEGA.BK,31.75,33.5,31.75,33.5,32.75035095214844,883700.0
2025-12-02,MEGA.BK,33.5,33.5,32.0,33.5,32.75035095214844,1320800.0
2025-12-03,MEGA.BK,33.25,34.0,32.75,34.0,33.23916244506836,583800.0
2025-12-04,MEGA.BK,34.0,34.25,33.5,34.0,33.23916244506836,912000.0
2025-12-08,MEGA.BK,34.0,34.75,33.75,34.25,33.48356628417969,866900.0
2025-12-09,MEGA.BK,34.25,34.5,33.5,34.25,33.48356628417969,903600.0
2025-12-11,MEGA.BK,34.25,34.5,33.75,34.25,33.48356628417969,773600.0
2025-12-12,MEGA.BK,34.25,34.25,33.25,33.75,32.994754791259766,458400.0
2025-12-15,MEGA.BK,33.5,33.75,32.75,33.0,32.261539459228516,730100.0
2025-12-16,MEGA.BK,32.75,33.0,32.25,33.0,32.261539459228516,620500.0
2025-12-17,MEGA.BK,33.0,33.25,32.0,33.0,32.261539459228516,1119900.0
2025-12-18,MEGA.BK,33.0,33.25,32.75,33.25,32.505943298339844,417900.0
2025-12-19,MEGA.BK,33.25,33.25,32.75,33.25,32.505943298339844,914000.0
2025-12-22,MEGA.BK,33.0,33.75,33.0,33.0,32.261539459228516,495800.0
2025-12-23,MEGA.BK,32.75,32.75,32.0,32.25,31.528322219848633,700200.0
2025-12-24,MEGA.BK,32.25,32.75,32.25,32.5,31.772727966308594,200600.0
2025-12-25,MEGA.BK,32.5,32.75,32.25,32.25,31.528322219848633,286800.0
2025-12-26,MEGA.BK,32.25,32.75,32.0,32.5,31.772727966308594,324900.0
2025-12-29,MEGA.BK,32.25,32.75,31.75,32.25,31.528322219848633,869700.0
2025-12-30,MEGA.BK,32.5,33.75,32.5,33.5,32.75035095214844,720200.0
2026-01-05,MEGA.BK,33.5,35.0,33.0,34.75,33.97237777709961,2417800.0
2026-01-06,MEGA.BK,34.75,36.25,34.0,36.0,35.19440460205078,1818100.0
2026-01-07,MEGA.BK,36.0,37.25,36.0,36.5,35.6832160949707,2225500.0
2026-01-08,MEGA.BK,36.5,37.0,36.25,37.0,36.172027587890625,1408800.0
2026-01-09,MEGA.BK,37.0,37.25,36.25,36.75,35.9276237487793,709800.0
2026-01-12,MEGA.BK,36.75,36.75,35.75,36.0,35.19440460205078,648700.0
2026-01-13,MEGA.BK,36.0,36.0,34.5,35.25,34.46118927001953,817400.0
2026-01-14,MEGA.BK,35.0,35.5,34.25,34.75,33.97237777709961,1365300.0
2026-01-15,MEGA.BK,34.75,35.25,34.25,34.75,33.97237777709961,943800.0
2026-01-16,MEGA.BK,35.0,35.25,34.25,35.25,34.46118927001953,583800.0
2026-01-19,MEGA.BK,35.25,35.5,34.5,35.0,34.2167854309082,578000.0
2026-01-20,MEGA.BK,34.75,35.25,34.0,34.0,33.23916244506836,1562000.0
2026-01-21,MEGA.BK,34.0,36.0,34.0,35.75,34.95000076293945,2518900.0
2026-01-22,MEGA.BK,35.5,36.0,34.75,34.75,33.97237777709961,1293100.0
2026-01-23,MEGA.BK,35.0,36.5,34.5,36.25,35.438812255859375,2484000.0
2026-01-26,MEGA.BK,36.25,36.5,35.25,35.5,34.70559310913086,1405300.0
2026-01-27,MEGA.BK,35.5,36.25,35.25,36.0,35.19440460205078,1624000.0
2026-01-28,MEGA.BK,36.0,36.5,35.5,36.0,35.19440460205078,1314900.0
2026-01-29,MEGA.BK,35.75,36.0,34.5,36.0,35.19440460205078,1804700.0
2026-01-30,MEGA.BK,36.0,36.0,35.75,36.0,35.19440460205078,390300.0
2026-02-02,MEGA.BK,36.0,37.75,35.75,37.75,36.90524673461914,2448800.0
2026-02-03,MEGA.BK,37.75,38.5,36.5,37.0,36.172027587890625,2645100.0
2026-02-04,MEGA.BK,37.0,38.0,37.0,37.5,36.66083908081055,2594300.0
2026-02-05,MEGA.BK,37.5,38.0,37.5,37.75,36.90524673461914,813200.0
2026-02-06,MEGA.BK,37.75,38.25,36.75,38.0,37.14965057373047,3174900.0
2026-02-09,MEGA.BK,38.5,39.5,38.25,39.0,38.12727355957031,3107800.0
2026-02-10,MEGA.BK,39.0,39.75,39.0,39.75,38.86048889160156,1134900.0
2026-02-11,MEGA.BK,39.75,40.0,39.25,39.75,38.86048889160156,856500.0
2026-02-12,MEGA.BK,39.75,40.0,38.75,39.5,38.616085052490234,1132700.0
2026-02-13,MEGA.BK,39.0,39.5,38.5,39.5,38.616085052490234,1855700.0
2026-02-16,MEGA.BK,39.25,39.25,38.0,38.25,37.39405822753906,1603700.0
2026-02-17,MEGA.BK,38.25,39.0,38.0,39.0,38.12727355957031,1396300.0
2026-02-18,MEGA.BK,39.0,39.5,38.75,39.5,38.616085052490234,2031100.0
2026-02-19,MEGA.BK,39.5,39.5,38.75,38.75,37.88286590576172,1608900.0
2026-02-20,MEGA.BK,38.75,39.0,38.25,38.75,37.88286590576172,719100.0
2026-02-23,MEGA.BK,38.75,39.0,38.5,38.5,37.63846206665039,711200.0
2026-02-24,MEGA.BK,38.5,39.25,38.5,38.5,37.63846206665039,443300.0
2026-02-25,MEGA.BK,38.5,38.75,36.25,36.5,35.6832160949707,2414100.0
2026-02-26,MEGA.BK,36.5,38.0,36.5,38.0,37.14965057373047,1207100.0
2026-02-27,MEGA.BK,37.75,38.0,37.25,38.0,37.14965057373047,1207300.0
2026-03-02,MEGA.BK,36.0,36.25,34.25,34.25,33.48356628417969,1985500.0
2026-03-04,MEGA.BK,32.5,34.0,32.25,33.5,32.75035095214844,3272700.0
2026-03-05,MEGA.BK,34.5,35.0,33.5,35.0,34.2167854309082,1423700.0
2026-03-06,MEGA.BK,34.5,35.75,33.75,35.75,34.95000076293945,1172300.0
2026-03-09,MEGA.BK,34.25,34.25,33.0,33.5,33.5,1065000.0
2026-03-10,MEGA.BK,34.0,34.25,33.5,34.0,34.0,819300.0
2026-03-11,MEGA.BK,34.0,36.0,33.75,35.25,35.25,1249900.0
2026-03-12,MEGA.BK,34.75,34.75,34.25,34.5,34.5,748900.0
2026-03-13,MEGA.BK,34.5,34.75,34.0,34.0,34.0,816700.0
2026-03-16,MEGA.BK,33.25,33.75,33.0,33.5,33.5,911700.0
2026-03-17,MEGA.BK,33.5,34.0,33.25,33.75,33.75,873800.0
2026-03-18,MEGA.BK,33.5,34.0,33.5,33.75,33.75,565500.0
2026-03-19,MEGA.BK,33.5,33.5,32.5,32.75,32.75,849200.0
2026-03-20,MEGA.BK,32.5,33.25,32.5,33.0,33.0,247200.0
2026-03-23,MEGA.BK,32.5,32.5,31.5,31.5,31.5,662000.0
2026-03-24,MEGA.BK,31.75,32.5,31.5,32.25,32.25,595000.0
2026-03-25,MEGA.BK,32.5,33.75,32.5,33.5,33.5,817600.0
2026-03-26,MEGA.BK,33.5,34.25,33.5,33.75,33.75,829300.0
2026-03-27,MEGA.BK,34.0,34.25,33.75,34.25,34.25,484500.0
2026-03-30,MEGA.BK,34.0,34.25,33.75,34.25,34.25,418900.0
2026-03-31,MEGA.BK,34.25,35.0,33.25,34.0,34.0,1448700.0
2026-04-01,MEGA.BK,34.0,34.75,34.0,34.25,34.25,254600.0
2026-04-02,MEGA.BK,34.0,34.75,33.75,34.5,34.5,579500.0
2026-04-03,MEGA.BK,34.25,34.25,33.25,33.25,33.25,607700.0
2026-04-07,MEGA.BK,33.0,33.5,32.5,33.5,33.5,1285200.0
2026-04-08,MEGA.BK,33.75,34.25,33.5,34.0,34.0,409900.0
2026-04-09,MEGA.BK,34.0,34.0,33.5,33.75,33.75,375800.0
2026-04-10,MEGA.BK,33.75,34.5,33.75,34.25,34.25,359400.0
