Date,Ticker,Open,High,Low,Close,Adj Close,Volume
2016-04-11,XPG.BK,0.4318560063838959,0.4318560063838959,0.4281010031700134,0.4318560063838959,0.3765624761581421,673452.0
2016-04-12,XPG.BK,0.4318560063838959,0.43936699628829956,0.4318560063838959,0.43936699628829956,0.38311177492141724,741889.0
2016-04-18,XPG.BK,0.4356110095977783,0.44687700271606445,0.4281010031700134,0.443121999502182,0.3863860070705414,2626172.0
2016-04-19,XPG.BK,0.443121999502182,0.44687700271606445,0.4318560063838959,0.44687700271606445,0.38966020941734314,3639680.0
2016-04-20,XPG.BK,0.44687700271606445,0.4506320059299469,0.43936699628829956,0.443121999502182,0.3863860070705414,2220343.0
2016-04-21,XPG.BK,0.44687700271606445,0.44687700271606445,0.43936699628829956,0.443121999502182,0.3863860070705414,4482228.0
2016-04-22,XPG.BK,0.443121999502182,0.443121999502182,0.4318560063838959,0.4318560063838959,0.3765624761581421,4099833.0
2016-04-25,XPG.BK,0.4281010031700134,0.43936699628829956,0.4281010031700134,0.4318560063838959,0.3765624761581421,1165027.0
2016-04-26,XPG.BK,0.4281010031700134,0.43936699628829956,0.4281010031700134,0.4356110095977783,0.37983667850494385,2767573.0
2016-04-27,XPG.BK,0.4318560063838959,0.4318560063838959,0.4318560063838959,0.4318560063838959,0.3765624761581421,314490.0
2016-04-28,XPG.BK,0.4318560063838959,0.4318560063838959,0.4281010031700134,0.4318560063838959,0.3765624761581421,331799.0
2016-04-29,XPG.BK,0.4318560063838959,0.4318560063838959,0.4281010031700134,0.4318560063838959,0.3765624761581421,177350.0
2016-05-03,XPG.BK,0.4356110095977783,0.4356110095977783,0.4318560063838959,0.4318560063838959,0.3765624761581421,629514.0
2016-05-04,XPG.BK,0.4281010031700134,0.4318560063838959,0.4281010031700134,0.4318560063838959,0.3765624761581421,403698.0
2016-05-09,XPG.BK,0.424345999956131,0.4356110095977783,0.424345999956131,0.4318560063838959,0.3765624761581421,487314.0
2016-05-10,XPG.BK,0.4318560063838959,0.4356110095977783,0.4281010031700134,0.4318560063838959,0.3765624761581421,573593.0
2016-05-11,XPG.BK,0.4318560063838959,0.4318560063838959,0.424345999956131,0.424345999956131,0.3700140416622162,2205697.0
2016-05-12,XPG.BK,0.4281010031700134,0.4281010031700134,0.42059001326560974,0.42059001326560974,0.3667389452457428,2883677.0
2016-05-13,XPG.BK,0.424345999956131,0.4281010031700134,0.41308000683784485,0.41308000683784485,0.3601905107498169,4605255.0
2016-05-16,XPG.BK,0.4168350100517273,0.424345999956131,0.41308000683784485,0.42059001326560974,0.3667389452457428,3337172.0
2016-05-17,XPG.BK,0.424345999956131,0.424345999956131,0.4168350100517273,0.4168350100517273,0.36346471309661865,2872492.0
2016-05-18,XPG.BK,0.42059001326560974,0.42059001326560974,0.4168350100517273,0.42059001326560974,0.3667389452457428,1167957.0
2016-05-19,XPG.BK,0.42059001326560974,0.42059001326560974,0.4168350100517273,0.42059001326560974,0.3667389452457428,319550.0
2016-05-23,XPG.BK,0.42059001326560974,0.424345999956131,0.4168350100517273,0.42059001326560974,0.3667389452457428,633242.0
2016-05-24,XPG.BK,0.42059001326560974,0.42059001326560974,0.4168350100517273,0.42059001326560974,0.3667389452457428,53524.0
2016-05-25,XPG.BK,0.42059001326560974,0.42059001326560974,0.41308000683784485,0.4168350100517273,0.36346471309661865,4165873.0
2016-05-26,XPG.BK,0.42059001326560974,0.42059001326560974,0.4168350100517273,0.42059001326560974,0.3667389452457428,2599277.0
2016-05-27,XPG.BK,0.42059001326560974,0.424345999956131,0.4168350100517273,0.42059001326560974,0.3667389452457428,709402.0
2016-05-30,XPG.BK,0.42059001326560974,0.424345999956131,0.4168350100517273,0.424345999956131,0.3700140416622162,414616.0
2016-05-31,XPG.BK,0.424345999956131,0.424345999956131,0.4168350100517273,0.42059001326560974,0.3667389452457428,670789.0
2016-06-01,XPG.BK,0.42059001326560974,0.424345999956131,0.4168350100517273,0.42059001326560974,0.3667389452457428,613803.0
2016-06-02,XPG.BK,0.42059001326560974,0.424345999956131,0.42059001326560974,0.424345999956131,0.3700140416622162,268688.0
2016-06-03,XPG.BK,0.424345999956131,0.4318560063838959,0.424345999956131,0.4281010031700134,0.37328824400901794,2052046.0
2016-06-06,XPG.BK,0.4318560063838959,0.4356110095977783,0.424345999956131,0.424345999956131,0.3700140416622162,2564925.0
2016-06-07,XPG.BK,0.424345999956131,0.4318560063838959,0.424345999956131,0.424345999956131,0.3700140416622162,527790.0
2016-06-08,XPG.BK,0.4281010031700134,0.4318560063838959,0.424345999956131,0.4318560063838959,0.3765624761581421,483053.0
2016-06-09,XPG.BK,0.4318560063838959,0.4318560063838959,0.424345999956131,0.4281010031700134,0.37328824400901794,1698144.0
2016-06-10,XPG.BK,0.4281010031700134,0.4318560063838959,0.42059001326560974,0.424345999956131,0.3700140416622162,10759532.0
2016-06-13,XPG.BK,0.424345999956131,0.424345999956131,0.42059001326560974,0.424345999956131,0.3700140416622162,1092596.0
2016-06-14,XPG.BK,0.4281010031700134,0.4281010031700134,0.42059001326560974,0.4281010031700134,0.37328824400901794,637236.0
2016-06-15,XPG.BK,0.4281010031700134,0.4318560063838959,0.4281010031700134,0.4318560063838959,0.3765624761581421,1585503.0
2016-06-16,XPG.BK,0.4318560063838959,0.4318560063838959,0.424345999956131,0.424345999956131,0.3700140416622162,2208094.0
2016-06-17,XPG.BK,0.42059001326560974,0.4281010031700134,0.42059001326560974,0.4281010031700134,0.37328824400901794,551757.0
2016-06-20,XPG.BK,0.4281010031700134,0.4356110095977783,0.42059001326560974,0.4356110095977783,0.37983667850494385,5108015.0
2016-06-21,XPG.BK,0.43936699628829956,0.43936699628829956,0.4318560063838959,0.4356110095977783,0.37983667850494385,2155634.0
2016-06-22,XPG.BK,0.4318560063838959,0.4356110095977783,0.4281010031700134,0.4318560063838959,0.3765624761581421,463880.0
2016-06-23,XPG.BK,0.43936699628829956,0.43936699628829956,0.4281010031700134,0.4356110095977783,0.37983667850494385,803669.0
2016-06-24,XPG.BK,0.4281010031700134,0.4318560063838959,0.42059001326560974,0.4281010031700134,0.37328824400901794,1253170.0
2016-06-27,XPG.BK,0.4318560063838959,0.4318560063838959,0.4281010031700134,0.4318560063838959,0.3765624761581421,53524.0
2016-06-28,XPG.BK,0.4318560063838959,0.4318560063838959,0.424345999956131,0.4281010031700134,0.37328824400901794,1101117.0
2016-06-29,XPG.BK,0.4318560063838959,0.4318560063838959,0.4281010031700134,0.4318560063838959,0.3765624761581421,510481.0
2016-06-30,XPG.BK,0.4318560063838959,0.4318560063838959,0.4168350100517273,0.4281010031700134,0.37328824400901794,4013554.0
2016-07-04,XPG.BK,0.4281010031700134,0.4318560063838959,0.424345999956131,0.4281010031700134,0.37328824400901794,1145854.0
2016-07-05,XPG.BK,0.4318560063838959,0.4318560063838959,0.4281010031700134,0.4318560063838959,0.3765624761581421,388253.0
2016-07-06,XPG.BK,0.4281010031700134,0.4356110095977783,0.4281010031700134,0.4356110095977783,0.37983667850494385,1286190.0
2016-07-07,XPG.BK,0.4318560063838959,0.43936699628829956,0.4318560063838959,0.4356110095977783,0.37983667850494385,2400889.0
2016-07-08,XPG.BK,0.4356110095977783,0.4356110095977783,0.4318560063838959,0.4356110095977783,0.37983667850494385,485983.0
2016-07-11,XPG.BK,0.4356110095977783,0.4356110095977783,0.4318560063838959,0.4356110095977783,0.37983667850494385,1033745.0
2016-07-12,XPG.BK,0.4356110095977783,0.43936699628829956,0.4356110095977783,0.43936699628829956,0.38311177492141724,2194513.0
2016-07-13,XPG.BK,0.43936699628829956,0.43936699628829956,0.4356110095977783,0.43936699628829956,0.38311177492141724,1707997.0
2016-07-14,XPG.BK,0.43936699628829956,0.43936699628829956,0.4318560063838959,0.43936699628829956,0.38311177492141724,1360752.0
2016-07-15,XPG.BK,0.43936699628829956,0.43936699628829956,0.4356110095977783,0.43936699628829956,0.38311177492141724,1759924.0
2016-07-20,XPG.BK,0.43936699628829956,0.44687700271606445,0.43936699628829956,0.44687700271606445,0.38966020941734314,4058025.0
2016-07-21,XPG.BK,0.443121999502182,0.4506320059299469,0.443121999502182,0.443121999502182,0.3863860070705414,2041128.0
2016-07-22,XPG.BK,0.443121999502182,0.4506320059299469,0.443121999502182,0.44687700271606445,0.38966020941734314,1975887.0
2016-07-25,XPG.BK,0.44687700271606445,0.4506320059299469,0.44687700271606445,0.44687700271606445,0.38966020941734314,1675243.0
2016-07-26,XPG.BK,0.44687700271606445,0.4506320059299469,0.443121999502182,0.44687700271606445,0.38966020941734314,1187396.0
2016-07-27,XPG.BK,0.44687700271606445,0.4694089889526367,0.44687700271606445,0.46189799904823303,0.4027579724788666,8129365.0
2016-07-28,XPG.BK,0.4656539857387543,0.4656539857387543,0.45438799262046814,0.46189799904823303,0.4027579724788666,3299092.0
2016-07-29,XPG.BK,0.46189799904823303,0.4656539857387543,0.45438799262046814,0.4581429958343506,0.39948371052742004,1973224.0
2016-08-01,XPG.BK,0.45438799262046814,0.4581429958343506,0.4506320059299469,0.4581429958343506,0.39948371052742004,1601480.0
2016-08-02,XPG.BK,0.4581429958343506,0.4581429958343506,0.4506320059299469,0.4506320059299469,0.3929344415664673,2155368.0
2016-08-03,XPG.BK,0.4506320059299469,0.45438799262046814,0.4506320059299469,0.4506320059299469,0.3929344415664673,581581.0
2016-08-04,XPG.BK,0.45438799262046814,0.45438799262046814,0.4506320059299469,0.45438799262046814,0.3962095081806183,1048391.0
2016-08-05,XPG.BK,0.4506320059299469,0.45438799262046814,0.4506320059299469,0.45438799262046814,0.3962095081806183,739493.0
2016-08-08,XPG.BK,0.45438799262046814,0.46189799904823303,0.45438799262046814,0.45438799262046814,0.3962095081806183,2709522.0
2016-08-09,XPG.BK,0.45438799262046814,0.4581429958343506,0.45438799262046814,0.4581429958343506,0.39948371052742004,1177543.0
2016-08-10,XPG.BK,0.45438799262046814,0.4581429958343506,0.4506320059299469,0.4581429958343506,0.39948371052742004,1615860.0
2016-08-11,XPG.BK,0.45438799262046814,0.4581429958343506,0.4506320059299469,0.45438799262046814,0.3962095081806183,2026482.0
2016-08-15,XPG.BK,0.45438799262046814,0.4581429958343506,0.4506320059299469,0.4581429958343506,0.39948371052742004,746416.0
2016-08-16,XPG.BK,0.45438799262046814,0.4581429958343506,0.45438799262046814,0.45438799262046814,0.3962095081806183,579185.0
2016-08-17,XPG.BK,0.45438799262046814,0.45438799262046814,0.4506320059299469,0.45438799262046814,0.3962095081806183,224750.0
2016-08-18,XPG.BK,0.4506320059299469,0.46189799904823303,0.4506320059299469,0.46189799904823303,0.4027579724788666,1157838.0
2016-08-19,XPG.BK,0.45438799262046814,0.4581429958343506,0.45438799262046814,0.45438799262046814,0.3962095081806183,405829.0
2016-08-22,XPG.BK,0.4581429958343506,0.46189799904823303,0.45438799262046814,0.46189799904823303,0.4027579724788666,1806791.0
2016-08-23,XPG.BK,0.4581429958343506,0.46189799904823303,0.45438799262046814,0.45438799262046814,0.3962095081806183,527258.0
2016-08-24,XPG.BK,0.4581429958343506,0.46189799904823303,0.45438799262046814,0.4581429958343506,0.39948371052742004,996731.0
2016-08-25,XPG.BK,0.4581429958343506,0.4656539857387543,0.45438799262046814,0.4581429958343506,0.39948371052742004,4395417.0
2016-08-26,XPG.BK,0.4656539857387543,0.4656539857387543,0.4581429958343506,0.4581429958343506,0.39948371052742004,4293161.0
2016-08-29,XPG.BK,0.4581429958343506,0.4581429958343506,0.4506320059299469,0.45438799262046814,0.3962095081806183,3613583.0
2016-08-30,XPG.BK,0.4506320059299469,0.45438799262046814,0.4506320059299469,0.4506320059299469,0.3929344415664673,805001.0
2016-08-31,XPG.BK,0.45438799262046814,0.46189799904823303,0.45438799262046814,0.46189799904823303,0.4027579724788666,1672048.0
2016-09-01,XPG.BK,0.4581429958343506,0.46189799904823303,0.4581429958343506,0.46189799904823303,0.4027579724788666,545632.0
2016-09-02,XPG.BK,0.4581429958343506,0.4581429958343506,0.4506320059299469,0.45438799262046814,0.3962095081806183,1943666.0
2016-09-05,XPG.BK,0.45438799262046814,0.45438799262046814,0.43936699628829956,0.443121999502182,0.3863860070705414,4215137.0
2016-09-06,XPG.BK,0.443121999502182,0.4506320059299469,0.443121999502182,0.4506320059299469,0.3929344415664673,1377795.0
2016-09-07,XPG.BK,0.443121999502182,0.45438799262046814,0.443121999502182,0.4506320059299469,0.3929344415664673,1290984.0
2016-09-08,XPG.BK,0.44687700271606445,0.45438799262046814,0.4318560063838959,0.443121999502182,0.3863860070705414,3811172.0
2016-09-09,XPG.BK,0.43936699628829956,0.443121999502182,0.4318560063838959,0.43936699628829956,0.38311177492141724,2185192.0
2016-09-12,XPG.BK,0.4356110095977783,0.4356110095977783,0.424345999956131,0.424345999956131,0.3700140416622162,2379586.0
2016-09-13,XPG.BK,0.4281010031700134,0.43936699628829956,0.4281010031700134,0.43936699628829956,0.38311177492141724,1066766.0
2016-09-14,XPG.BK,0.43936699628829956,0.443121999502182,0.4356110095977783,0.443121999502182,0.3863860070705414,916577.0
2016-09-15,XPG.BK,0.443121999502182,0.443121999502182,0.4356110095977783,0.443121999502182,0.3863860070705414,1602545.0
2016-09-16,XPG.BK,0.443121999502182,0.44687700271606445,0.43936699628829956,0.443121999502182,0.3863860070705414,592233.0
2016-09-19,XPG.BK,0.43936699628829956,0.44687700271606445,0.43936699628829956,0.44687700271606445,0.38966020941734314,1385517.0
2016-09-20,XPG.BK,0.44687700271606445,0.44687700271606445,0.43936699628829956,0.443121999502182,0.3863860070705414,1112035.0
2016-09-21,XPG.BK,0.43936699628829956,0.4581429958343506,0.43936699628829956,0.44687700271606445,0.38966020941734314,2069888.0
2016-09-22,XPG.BK,0.44687700271606445,0.46189799904823303,0.44687700271606445,0.4581429958343506,0.39948371052742004,1549021.0
2016-09-23,XPG.BK,0.46189799904823303,0.46189799904823303,0.4506320059299469,0.4506320059299469,0.3929344415664673,1121888.0
2016-09-26,XPG.BK,0.4506320059299469,0.4694089889526367,0.443121999502182,0.46189799904823303,0.4027579724788666,2515927.0
2016-09-27,XPG.BK,0.4694089889526367,0.4694089889526367,0.4581429958343506,0.46189799904823303,0.4027579724788666,956521.0
2016-09-28,XPG.BK,0.46189799904823303,0.4656539857387543,0.4581429958343506,0.4656539857387543,0.4060330390930176,3132660.0
2016-09-29,XPG.BK,0.4694089889526367,0.4694089889526367,0.46189799904823303,0.4694089889526367,0.40930724143981934,2142586.0
2016-09-30,XPG.BK,0.4694089889526367,0.4694089889526367,0.4581429958343506,0.46189799904823303,0.4027579724788666,1722111.0
2016-10-03,XPG.BK,0.4581429958343506,0.46189799904823303,0.4581429958343506,0.46189799904823303,0.4027579724788666,262297.0
2016-10-04,XPG.BK,0.46189799904823303,0.4656539857387543,0.4581429958343506,0.4656539857387543,0.4060330390930176,466011.0
2016-10-05,XPG.BK,0.46189799904823303,0.4656539857387543,0.46189799904823303,0.4656539857387543,0.4060330390930176,569865.0
2016-10-06,XPG.BK,0.46189799904823303,0.4656539857387543,0.46189799904823303,0.4656539857387543,0.4060330390930176,561876.0
2016-10-07,XPG.BK,0.46189799904823303,0.4656539857387543,0.4581429958343506,0.4656539857387543,0.4060330390930176,362423.0
2016-10-10,XPG.BK,0.4581429958343506,0.4581429958343506,0.443121999502182,0.443121999502182,0.3863860070705414,4047639.0
2016-10-11,XPG.BK,0.443121999502182,0.4506320059299469,0.43936699628829956,0.443121999502182,0.3863860070705414,4533889.0
2016-10-12,XPG.BK,0.443121999502182,0.443121999502182,0.4168350100517273,0.4318560063838959,0.3765624761581421,12554873.0
2016-10-13,XPG.BK,0.42059001326560974,0.4281010031700134,0.4168350100517273,0.4281010031700134,0.37328824400901794,4093708.0
2016-10-14,XPG.BK,0.424345999956131,0.4506320059299469,0.424345999956131,0.4506320059299469,0.3929344415664673,3250627.0
2016-10-17,XPG.BK,0.45438799262046814,0.45438799262046814,0.44687700271606445,0.4506320059299469,0.3929344415664673,885687.0
2016-10-18,XPG.BK,0.44687700271606445,0.4581429958343506,0.4356110095977783,0.45438799262046814,0.3962095081806183,3575237.0
2016-10-19,XPG.BK,0.4506320059299469,0.45438799262046814,0.44687700271606445,0.4506320059299469,0.3929344415664673,655078.0
2016-10-20,XPG.BK,0.4506320059299469,0.45438799262046814,0.44687700271606445,0.45438799262046814,0.3962095081806183,957320.0
2016-10-21,XPG.BK,0.45438799262046814,0.45438799262046814,0.44687700271606445,0.4506320059299469,0.3929344415664673,2192382.0
2016-10-25,XPG.BK,0.4506320059299469,0.45438799262046814,0.44687700271606445,0.45438799262046814,0.3962095081806183,822842.0
2016-10-26,XPG.BK,0.4506320059299469,0.45438799262046814,0.44687700271606445,0.44687700271606445,0.38966020941734314,1463008.0
2016-10-27,XPG.BK,0.4506320059299469,0.4506320059299469,0.44687700271606445,0.4506320059299469,0.3929344415664673,1177809.0
2016-10-28,XPG.BK,0.4506320059299469,0.4506320059299469,0.44687700271606445,0.4506320059299469,0.3929344415664673,1461677.0
2016-10-31,XPG.BK,0.44687700271606445,0.4844299852848053,0.44687700271606445,0.47316399216651917,0.41258150339126587,21296710.0
2016-11-01,XPG.BK,0.5069620013237,0.5069620013237,0.48067501187324524,0.48067501187324524,0.419130802154541,20529789.0
2016-11-02,XPG.BK,0.4844299852848053,0.4844299852848053,0.4769189953804016,0.4844299852848053,0.42240503430366516,5327972.0
2016-11-03,XPG.BK,0.4844299852848053,0.48818498849868774,0.48067501187324524,0.4844299852848053,0.42240503430366516,1724773.0
2016-11-04,XPG.BK,0.4844299852848053,0.4844299852848053,0.47316399216651917,0.4769189953804016,0.41585573554039,1587100.0
2016-11-07,XPG.BK,0.4844299852848053,0.4844299852848053,0.4769189953804016,0.4769189953804016,0.41585573554039,2130070.0
2016-11-08,XPG.BK,0.4769189953804016,0.48067501187324524,0.4769189953804016,0.48067501187324524,0.419130802154541,1793477.0
2016-11-09,XPG.BK,0.4769189953804016,0.4769189953804016,0.46189799904823303,0.4769189953804016,0.41585573554039,5450999.0
2016-11-10,XPG.BK,0.4769189953804016,0.48818498849868774,0.4694089889526367,0.4844299852848053,0.42240503430366516,6326834.0
2016-11-11,XPG.BK,0.4844299852848053,0.48818498849868774,0.4769189953804016,0.48067501187324524,0.419130802154541,4314198.0
2016-11-14,XPG.BK,0.48067501187324524,0.48067501187324524,0.4694089889526367,0.4769189953804016,0.41585573554039,5381763.0
2016-11-15,XPG.BK,0.47316399216651917,0.4769189953804016,0.47316399216651917,0.4769189953804016,0.41585573554039,1761255.0
2016-11-16,XPG.BK,0.48067501187324524,0.48067501187324524,0.4769189953804016,0.48067501187324524,0.419130802154541,478260.0
2016-11-17,XPG.BK,0.4769189953804016,0.48067501187324524,0.47316399216651917,0.4769189953804016,0.41585573554039,5913016.0
2016-11-18,XPG.BK,0.4769189953804016,0.4769189953804016,0.47316399216651917,0.4769189953804016,0.41585573554039,527790.0
2016-11-21,XPG.BK,0.4769189953804016,0.48067501187324524,0.47316399216651917,0.48067501187324524,0.419130802154541,2088262.0
2016-11-22,XPG.BK,0.48067501187324524,0.48067501187324524,0.47316399216651917,0.4769189953804016,0.41585573554039,4706979.0
2016-11-23,XPG.BK,0.4769189953804016,0.4844299852848053,0.4769189953804016,0.4769189953804016,0.41585573554039,1235062.0
2016-11-24,XPG.BK,0.48067501187324524,0.48067501187324524,0.4769189953804016,0.4769189953804016,0.41585573554039,2420328.0
2016-11-25,XPG.BK,0.4769189953804016,0.48067501187324524,0.4769189953804016,0.4769189953804016,0.41585573554039,1529848.0
2016-11-28,XPG.BK,0.48067501187324524,0.4844299852848053,0.48067501187324524,0.4844299852848053,0.42240503430366516,3923814.0
2016-11-29,XPG.BK,0.4844299852848053,0.4844299852848053,0.4769189953804016,0.48067501187324524,0.419130802154541,5905293.0
2016-11-30,XPG.BK,0.4769189953804016,0.48067501187324524,0.4769189953804016,0.48067501187324524,0.419130802154541,1807324.0
2016-12-01,XPG.BK,0.48067501187324524,0.5032060146331787,0.48067501187324524,0.5032060146331787,0.43877702951431274,19992944.0
2016-12-02,XPG.BK,0.51071697473526,0.5144720077514648,0.4956960082054138,0.49945101141929626,0.435502827167511,15438817.0
2016-12-06,XPG.BK,0.5032060146331787,0.5032060146331787,0.4956960082054138,0.4956960082054138,0.43222859501838684,1566862.0
2016-12-07,XPG.BK,0.4956960082054138,0.49945101141929626,0.4956960082054138,0.49945101141929626,0.435502827167511,3268735.0
2016-12-08,XPG.BK,0.49945101141929626,0.5032060146331787,0.49945101141929626,0.49945101141929626,0.435502827167511,3856442.0
2016-12-09,XPG.BK,0.49945101141929626,0.5032060146331787,0.49945101141929626,0.5032060146331787,0.43877702951431274,1809987.0
2016-12-13,XPG.BK,0.49945101141929626,0.5219830274581909,0.49945101141929626,0.5219830274581909,0.45514988899230957,10293521.0
2016-12-14,XPG.BK,0.5219830274581909,0.5219830274581909,0.5144720077514648,0.5219830274581909,0.45514988899230957,8445187.0
2016-12-15,XPG.BK,0.5219830274581909,0.5745570063591003,0.5219830274581909,0.5482699871063232,0.4780711233615875,45669361.0
2016-12-16,XPG.BK,0.5520250201225281,0.5632910132408142,0.544514000415802,0.5632910132408142,0.49116891622543335,16510909.0
2016-12-19,XPG.BK,0.5895779728889465,0.6008430123329163,0.559535026550293,0.559535026550293,0.48789381980895996,79715339.0
2016-12-20,XPG.BK,0.559535026550293,0.559535026550293,0.5407590270042419,0.5482699871063232,0.4780711233615875,21714789.0
2016-12-21,XPG.BK,0.5520250201225281,0.5708010196685791,0.5520250201225281,0.5632910132408142,0.49116891622543335,28593646.0
2016-12-22,XPG.BK,0.559535026550293,0.5670459866523743,0.559535026550293,0.559535026550293,0.48789381980895996,9796087.0
2016-12-23,XPG.BK,0.559535026550293,0.5632910132408142,0.544514000415802,0.5520250201225281,0.48134535551071167,76380030.0
2016-12-26,XPG.BK,0.5520250201225281,0.5520250201225281,0.5407590270042419,0.5482699871063232,0.4780711233615875,16030251.0
2016-12-27,XPG.BK,0.544514000415802,0.5557799935340881,0.544514000415802,0.544514000415802,0.47479602694511414,5085380.0
2016-12-28,XPG.BK,0.544514000415802,0.5520250201225281,0.544514000415802,0.5482699871063232,0.4780711233615875,1297375.0
2016-12-29,XPG.BK,0.544514000415802,0.5482699871063232,0.544514000415802,0.5482699871063232,0.4780711233615875,2038466.0
2016-12-30,XPG.BK,0.5482699871063232,0.5520250201225281,0.544514000415802,0.5482699871063232,0.4780711233615875,1936209.0
2017-01-04,XPG.BK,0.5520250201225281,0.5557799935340881,0.5482699871063232,0.5482699871063232,0.4780711233615875,4970608.0
2017-01-05,XPG.BK,0.5520250201225281,0.5557799935340881,0.5482699871063232,0.5557799935340881,0.4846195876598358,4717630.0
2017-01-06,XPG.BK,0.544514000415802,0.5520250201225281,0.5407590270042419,0.5482699871063232,0.4780711233615875,12141588.0
2017-01-09,XPG.BK,0.544514000415802,0.5482699871063232,0.5370039939880371,0.5370039939880371,0.46824759244918823,8169575.0
2017-01-10,XPG.BK,0.525738000869751,0.544514000415802,0.525738000869751,0.544514000415802,0.47479602694511414,7141421.0
2017-01-11,XPG.BK,0.5407590270042419,0.5407590270042419,0.533249020576477,0.5407590270042419,0.47152185440063477,10433058.0
2017-01-12,XPG.BK,0.5370039939880371,0.5407590270042419,0.533249020576477,0.5370039939880371,0.46824759244918823,8789237.0
2017-01-16,XPG.BK,0.529492974281311,0.533249020576477,0.525738000869751,0.529492974281311,0.4616982936859131,4502200.0
2017-01-17,XPG.BK,0.529492974281311,0.5370039939880371,0.529492974281311,0.533249020576477,0.46497341990470886,5067272.0
2017-01-18,XPG.BK,0.5370039939880371,0.5370039939880371,0.525738000869751,0.525738000869751,0.45842409133911133,10225084.0
2017-01-19,XPG.BK,0.525738000869751,0.525738000869751,0.5182269811630249,0.525738000869751,0.45842409133911133,4935457.0
2017-01-20,XPG.BK,0.5219830274581909,0.525738000869751,0.5069620013237,0.51071697473526,0.4453263282775879,27290146.0
2017-01-23,XPG.BK,0.51071697473526,0.51071697473526,0.5032060146331787,0.5069620013237,0.44205212593078613,13243771.0
2017-01-24,XPG.BK,0.5069620013237,0.51071697473526,0.5032060146331787,0.5069620013237,0.44205212593078613,19674991.0
2017-01-25,XPG.BK,0.51071697473526,0.5182269811630249,0.5032060146331787,0.5069620013237,0.44205212593078613,53292239.0
2017-01-26,XPG.BK,0.51071697473526,0.5144720077514648,0.5032060146331787,0.5032060146331787,0.43877702951431274,36487876.0
2017-01-27,XPG.BK,0.5032060146331787,0.559535026550293,0.5032060146331787,0.544514000415802,0.47479602694511414,113323532.0
2017-01-30,XPG.BK,0.5407590270042419,0.5520250201225281,0.5407590270042419,0.544514000415802,0.47479602694511414,26048959.0
2017-01-31,XPG.BK,0.544514000415802,0.544514000415802,0.5407590270042419,0.5407590270042419,0.47152185440063477,9901805.0
2017-02-01,XPG.BK,0.544514000415802,0.544514000415802,0.5407590270042419,0.544514000415802,0.47479602694511414,6125517.0
2017-02-02,XPG.BK,0.544514000415802,0.5482699871063232,0.5407590270042419,0.5407590270042419,0.47152185440063477,10780835.0
2017-02-03,XPG.BK,0.544514000415802,0.5482699871063232,0.5407590270042419,0.544514000415802,0.47479602694511414,6117528.0
2017-02-06,XPG.BK,0.544514000415802,0.5482699871063232,0.544514000415802,0.544514000415802,0.47479602694511414,6920132.0
2017-02-07,XPG.BK,0.5482699871063232,0.5482699871063232,0.5370039939880371,0.5407590270042419,0.47152185440063477,13863699.0
2017-02-08,XPG.BK,0.5407590270042419,0.544514000415802,0.5407590270042419,0.5407590270042419,0.47152185440063477,4439621.0
2017-02-09,XPG.BK,0.544514000415802,0.544514000415802,0.5407590270042419,0.5407590270042419,0.47152185440063477,2654133.0
2017-02-10,XPG.BK,0.544514000415802,0.544514000415802,0.5407590270042419,0.544514000415802,0.47479602694511414,4432432.0
2017-02-14,XPG.BK,0.544514000415802,0.544514000415802,0.5407590270042419,0.5407590270042419,0.47152185440063477,4181851.0
2017-02-15,XPG.BK,0.5407590270042419,0.544514000415802,0.5407590270042419,0.5407590270042419,0.47152185440063477,3184320.0
2017-02-16,XPG.BK,0.544514000415802,0.544514000415802,0.5370039939880371,0.544514000415802,0.47479602694511414,3031735.0
2017-02-17,XPG.BK,0.544514000415802,0.544514000415802,0.5407590270042419,0.544514000415802,0.47479602694511414,5495736.0
2017-02-20,XPG.BK,0.544514000415802,0.544514000415802,0.5407590270042419,0.5407590270042419,0.47152185440063477,1501887.0
2017-02-21,XPG.BK,0.5407590270042419,0.544514000415802,0.533249020576477,0.5370039939880371,0.46824759244918823,4822017.0
2017-02-22,XPG.BK,0.5370039939880371,0.5407590270042419,0.533249020576477,0.5407590270042419,0.47152185440063477,2321534.0
2017-02-23,XPG.BK,0.5407590270042419,0.544514000415802,0.5370039939880371,0.5370039939880371,0.46824759244918823,5411055.0
2017-02-24,XPG.BK,0.5370039939880371,0.5407590270042419,0.5370039939880371,0.5370039939880371,0.46824759244918823,5726345.0
2017-02-27,XPG.BK,0.5407590270042419,0.5407590270042419,0.533249020576477,0.533249020576477,0.46497341990470886,13673300.0
2017-02-28,XPG.BK,0.533249020576477,0.5407590270042419,0.525738000869751,0.529492974281311,0.4616982936859131,37158665.0
2017-03-01,XPG.BK,0.525738000869751,0.525738000869751,0.5144720077514648,0.5182269811630249,0.4518747627735138,33199434.0
2017-03-02,XPG.BK,0.5182269811630249,0.525738000869751,0.51071697473526,0.525738000869751,0.45842409133911133,25797047.0
2017-03-03,XPG.BK,0.525738000869751,0.533249020576477,0.525738000869751,0.533249020576477,0.46497341990470886,10349176.0
2017-03-06,XPG.BK,0.533249020576477,0.5370039939880371,0.529492974281311,0.529492974281311,0.4616982936859131,21175547.0
2017-03-07,XPG.BK,0.533249020576477,0.533249020576477,0.525738000869751,0.529492974281311,0.4616982936859131,6778199.0
2017-03-08,XPG.BK,0.533249020576477,0.533249020576477,0.5219830274581909,0.529492974281311,0.4616982936859131,8971380.0
2017-03-09,XPG.BK,0.529492974281311,0.529492974281311,0.525738000869751,0.529492974281311,0.4616982936859131,8002077.0
2017-03-10,XPG.BK,0.529492974281311,0.533249020576477,0.525738000869751,0.525738000869751,0.45842409133911133,20232607.0
2017-03-13,XPG.BK,0.525738000869751,0.529492974281311,0.5219830274581909,0.525738000869751,0.45842409133911133,36550721.0
2017-03-14,XPG.BK,0.48067501187324524,0.4844299852848053,0.4769189953804016,0.48067501187324524,0.4513719379901886,24962221.0
2017-03-15,XPG.BK,0.48067501187324524,0.4844299852848053,0.4769189953804016,0.4769189953804016,0.44784489274024963,4450007.0
2017-03-16,XPG.BK,0.48067501187324524,0.48818498849868774,0.4769189953804016,0.48818498849868774,0.45842409133911133,6836517.0
2017-03-17,XPG.BK,0.48067501187324524,0.48818498849868774,0.48067501187324524,0.48067501187324524,0.4513719379901886,8475811.0
2017-03-20,XPG.BK,0.4844299852848053,0.48818498849868774,0.48067501187324524,0.4844299852848053,0.45489799976348877,15002364.0
2017-03-21,XPG.BK,0.4844299852848053,0.48818498849868774,0.4844299852848053,0.48818498849868774,0.45842409133911133,4553594.0
2017-03-22,XPG.BK,0.48818498849868774,0.4919399917125702,0.4844299852848053,0.4919399917125702,0.4619501531124115,11820706.0
2017-03-23,XPG.BK,0.4919399917125702,0.4919399917125702,0.48818498849868774,0.4919399917125702,0.4619501531124115,2114891.0
2017-03-24,XPG.BK,0.4919399917125702,0.4956960082054138,0.4919399917125702,0.4956960082054138,0.46547722816467285,3688678.0
2017-03-27,XPG.BK,0.4956960082054138,0.49945101141929626,0.4919399917125702,0.4919399917125702,0.4619501531124115,2986998.0
2017-03-28,XPG.BK,0.4956960082054138,0.49945101141929626,0.4919399917125702,0.4919399917125702,0.4619501531124115,3866294.0
2017-03-29,XPG.BK,0.4919399917125702,0.4956960082054138,0.48818498849868774,0.4956960082054138,0.46547722816467285,2185991.0
2017-03-30,XPG.BK,0.4956960082054138,0.4956960082054138,0.4919399917125702,0.4956960082054138,0.46547722816467285,3644473.0
2017-03-31,XPG.BK,0.4956960082054138,0.4956960082054138,0.4919399917125702,0.4919399917125702,0.4619501531124115,2933740.0
2017-04-03,XPG.BK,0.4919399917125702,0.4956960082054138,0.4919399917125702,0.4919399917125702,0.4619501531124115,1334922.0
2017-04-04,XPG.BK,0.4919399917125702,0.4956960082054138,0.4919399917125702,0.4956960082054138,0.46547722816467285,1268349.0
2017-04-05,XPG.BK,0.4956960082054138,0.49945101141929626,0.4919399917125702,0.4919399917125702,0.4619501531124115,4500336.0
2017-04-07,XPG.BK,0.4956960082054138,0.4956960082054138,0.4919399917125702,0.4956960082054138,0.46547722816467285,3201097.0
2017-04-10,XPG.BK,0.4956960082054138,0.4956960082054138,0.48818498849868774,0.48818498849868774,0.45842409133911133,2310350.0
2017-04-11,XPG.BK,0.4919399917125702,0.4919399917125702,0.48818498849868774,0.4919399917125702,0.4619501531124115,1671515.0
2017-04-12,XPG.BK,0.48818498849868774,0.4956960082054138,0.48818498849868774,0.48818498849868774,0.45842409133911133,1062239.0
2017-04-17,XPG.BK,0.48818498849868774,0.4919399917125702,0.4844299852848053,0.48818498849868774,0.45842409133911133,2764644.0
2017-04-18,XPG.BK,0.48818498849868774,0.4919399917125702,0.4844299852848053,0.48818498849868774,0.45842409133911133,2485836.0
2017-04-19,XPG.BK,0.48818498849868774,0.4919399917125702,0.4844299852848053,0.4844299852848053,0.45489799976348877,2328724.0
2017-04-20,XPG.BK,0.4844299852848053,0.4919399917125702,0.4844299852848053,0.4919399917125702,0.4619501531124115,3603997.0
2017-04-21,XPG.BK,0.4919399917125702,0.4919399917125702,0.48818498849868774,0.4919399917125702,0.4619501531124115,1661928.0
2017-04-24,XPG.BK,0.4919399917125702,0.4919399917125702,0.48818498849868774,0.48818498849868774,0.45842409133911133,5198288.0
2017-04-25,XPG.BK,0.48818498849868774,0.4919399917125702,0.48067501187324524,0.4844299852848053,0.45489799976348877,5283501.0
2017-04-26,XPG.BK,0.48818498849868774,0.48818498849868774,0.4844299852848053,0.4844299852848053,0.45489799976348877,833494.0
2017-04-27,XPG.BK,0.4844299852848053,0.48818498849868774,0.4844299852848053,0.4844299852848053,0.45489799976348877,1528250.0
2017-04-28,XPG.BK,0.48818498849868774,0.5407590270042419,0.4844299852848053,0.5219830274581909,0.4901617169380188,120498506.0
2017-05-02,XPG.BK,0.533249020576477,0.533249020576477,0.5219830274581909,0.525738000869751,0.4936877489089966,51789819.0
2017-05-03,XPG.BK,0.5219830274581909,0.529492974281311,0.5219830274581909,0.5219830274581909,0.4901617169380188,17862075.0
2017-05-04,XPG.BK,0.5219830274581909,0.525738000869751,0.5182269811630249,0.5219830274581909,0.4901617169380188,9392388.0
2017-05-08,XPG.BK,0.5219830274581909,0.529492974281311,0.5182269811630249,0.5219830274581909,0.4901617169380188,22021025.0
2017-05-09,XPG.BK,0.5219830274581909,0.525738000869751,0.5182269811630249,0.5182269811630249,0.48663467168807983,16632338.0
2017-05-11,XPG.BK,0.5219830274581909,0.5219830274581909,0.5144720077514648,0.5219830274581909,0.4901617169380188,12280060.0
2017-05-12,XPG.BK,0.5182269811630249,0.5219830274581909,0.5144720077514648,0.5144720077514648,0.4831085801124573,9624595.0
2017-05-15,XPG.BK,0.5219830274581909,0.5219830274581909,0.5219830274581909,0.5219830274581909,0.4901617169380188,401834.0
2017-05-16,XPG.BK,0.5219830274581909,0.525738000869751,0.5219830274581909,0.5219830274581909,0.4901617169380188,6605908.0
2017-05-17,XPG.BK,0.5219830274581909,0.5482699871063232,0.5219830274581909,0.5482699871063232,0.51484614610672,81243855.0
2017-05-18,XPG.BK,0.5482699871063232,0.5520250201225281,0.5407590270042419,0.5482699871063232,0.51484614610672,26183703.0
2017-05-19,XPG.BK,0.5482699871063232,0.5482699871063232,0.5407590270042419,0.544514000415802,0.5113191604614258,15100093.0
2017-05-22,XPG.BK,0.5482699871063232,0.5520250201225281,0.544514000415802,0.544514000415802,0.5113191604614258,18001345.0
2017-05-23,XPG.BK,0.544514000415802,0.5520250201225281,0.544514000415802,0.5482699871063232,0.51484614610672,13328718.0
2017-05-24,XPG.BK,0.5482699871063232,0.559535026550293,0.5482699871063232,0.5520250201225281,0.5183722376823425,25282038.0
2017-05-25,XPG.BK,0.559535026550293,0.559535026550293,0.5520250201225281,0.5557799935340881,0.5218983292579651,19292862.0
2017-05-26,XPG.BK,0.559535026550293,0.559535026550293,0.544514000415802,0.5482699871063232,0.51484614610672,23998776.0
2017-05-29,XPG.BK,0.5482699871063232,0.5632910132408142,0.5482699871063232,0.5557799935340881,0.5218983292579651,20563608.0
2017-05-30,XPG.BK,0.5557799935340881,0.559535026550293,0.5557799935340881,0.5557799935340881,0.5218983292579651,5075527.0
2017-05-31,XPG.BK,0.559535026550293,0.559535026550293,0.5520250201225281,0.5557799935340881,0.5218983292579651,17602440.0
2017-06-01,XPG.BK,0.559535026550293,0.559535026550293,0.5557799935340881,0.559535026550293,0.5254244804382324,7888637.0
2017-06-02,XPG.BK,0.559535026550293,0.559535026550293,0.5557799935340881,0.559535026550293,0.5254244804382324,4522438.0
2017-06-05,XPG.BK,0.559535026550293,0.559535026550293,0.5520250201225281,0.559535026550293,0.5254244804382324,15634808.0
2017-06-06,XPG.BK,0.559535026550293,0.559535026550293,0.544514000415802,0.5482699871063232,0.51484614610672,26638263.0
2017-06-07,XPG.BK,0.5520250201225281,0.5557799935340881,0.5482699871063232,0.5520250201225281,0.5183722376823425,7979442.0
2017-06-08,XPG.BK,0.5520250201225281,0.5520250201225281,0.5482699871063232,0.5482699871063232,0.51484614610672,9080826.0
2017-06-09,XPG.BK,0.5482699871063232,0.5520250201225281,0.544514000415802,0.5482699871063232,0.51484614610672,7437538.0
2017-06-12,XPG.BK,0.5482699871063232,0.5482699871063232,0.5407590270042419,0.5407590270042419,0.5077930688858032,14015752.0
2017-06-13,XPG.BK,0.5407590270042419,0.5482699871063232,0.5407590270042419,0.544514000415802,0.5113191604614258,4710707.0
2017-06-14,XPG.BK,0.5482699871063232,0.5482699871063232,0.544514000415802,0.5482699871063232,0.51484614610672,3045316.0
2017-06-15,XPG.BK,0.5482699871063232,0.5482699871063232,0.544514000415802,0.544514000415802,0.5113191604614258,6147619.0
2017-06-16,XPG.BK,0.544514000415802,0.5482699871063232,0.5407590270042419,0.544514000415802,0.5113191604614258,13471184.0
2017-06-19,XPG.BK,0.5407590270042419,0.5482699871063232,0.5407590270042419,0.544514000415802,0.5113191604614258,6954218.0
2017-06-20,XPG.BK,0.5482699871063232,0.5482699871063232,0.544514000415802,0.544514000415802,0.5113191604614258,6789117.0
2017-06-21,XPG.BK,0.544514000415802,0.5482699871063232,0.5407590270042419,0.5482699871063232,0.51484614610672,11066034.0
2017-06-22,XPG.BK,0.5482699871063232,0.5520250201225281,0.544514000415802,0.544514000415802,0.5113191604614258,5875735.0
2017-06-23,XPG.BK,0.5482699871063232,0.5520250201225281,0.544514000415802,0.544514000415802,0.5113191604614258,4246027.0
2017-06-26,XPG.BK,0.5482699871063232,0.5520250201225281,0.544514000415802,0.5520250201225281,0.5183722376823425,3278322.0
2017-06-27,XPG.BK,0.5482699871063232,0.5520250201225281,0.5482699871063232,0.5482699871063232,0.51484614610672,1453954.0
2017-06-28,XPG.BK,0.5482699871063232,0.5520250201225281,0.544514000415802,0.5482699871063232,0.51484614610672,4534688.0
2017-06-29,XPG.BK,0.5482699871063232,0.5520250201225281,0.5407590270042419,0.5482699871063232,0.51484614610672,14128127.0
2017-06-30,XPG.BK,0.5482699871063232,0.5482699871063232,0.5407590270042419,0.5482699871063232,0.51484614610672,10022968.0
2017-07-03,XPG.BK,0.5482699871063232,0.5482699871063232,0.544514000415802,0.5482699871063232,0.51484614610672,2279726.0
2017-07-04,XPG.BK,0.5482699871063232,0.5482699871063232,0.544514000415802,0.5482699871063232,0.51484614610672,6361718.0
2017-07-05,XPG.BK,0.5482699871063232,0.5482699871063232,0.544514000415802,0.5482699871063232,0.51484614610672,1308825.0
2017-07-06,XPG.BK,0.5482699871063232,0.5482699871063232,0.544514000415802,0.5482699871063232,0.51484614610672,3641011.0
2017-07-07,XPG.BK,0.5482699871063232,0.5482699871063232,0.544514000415802,0.5482699871063232,0.51484614610672,4470778.0
2017-07-11,XPG.BK,0.544514000415802,0.5482699871063232,0.544514000415802,0.5482699871063232,0.51484614610672,2781953.0
2017-07-12,XPG.BK,0.544514000415802,0.5482699871063232,0.5407590270042419,0.5482699871063232,0.51484614610672,4901106.0
2017-07-13,XPG.BK,0.5482699871063232,0.5482699871063232,0.544514000415802,0.544514000415802,0.5113191604614258,2692479.0
2017-07-14,XPG.BK,0.544514000415802,0.5482699871063232,0.544514000415802,0.544514000415802,0.5113191604614258,3078336.0
2017-07-17,XPG.BK,0.544514000415802,0.5482699871063232,0.544514000415802,0.5482699871063232,0.51484614610672,6096225.0
2017-07-18,XPG.BK,0.5482699871063232,0.5482699871063232,0.544514000415802,0.544514000415802,0.5113191604614258,2663986.0
2017-07-19,XPG.BK,0.544514000415802,0.5482699871063232,0.5407590270042419,0.544514000415802,0.5113191604614258,1787618.0
2017-07-20,XPG.BK,0.544514000415802,0.5482699871063232,0.5407590270042419,0.5482699871063232,0.51484614610672,2240315.0
2017-07-21,XPG.BK,0.544514000415802,0.5482699871063232,0.5407590270042419,0.5407590270042419,0.5077930688858032,9615008.0
2017-07-24,XPG.BK,0.5407590270042419,0.544514000415802,0.5407590270042419,0.544514000415802,0.5113191604614258,4437225.0
2017-07-25,XPG.BK,0.5407590270042419,0.544514000415802,0.5407590270042419,0.544514000415802,0.5113191604614258,1706666.0
2017-07-26,XPG.BK,0.544514000415802,0.544514000415802,0.5407590270042419,0.544514000415802,0.5113191604614258,937348.0
2017-07-27,XPG.BK,0.544514000415802,0.544514000415802,0.5407590270042419,0.544514000415802,0.5113191604614258,3092716.0
2017-07-31,XPG.BK,0.544514000415802,0.544514000415802,0.4844299852848053,0.4956960082054138,0.46547722816467285,48877382.0
2017-08-01,XPG.BK,0.48818498849868774,0.4956960082054138,0.48818498849868774,0.48818498849868774,0.45842409133911133,20489313.0
2017-08-02,XPG.BK,0.48818498849868774,0.48818498849868774,0.48067501187324524,0.48818498849868774,0.45842409133911133,8896286.0
2017-08-03,XPG.BK,0.48818498849868774,0.4956960082054138,0.4844299852848053,0.4919399917125702,0.4619501531124115,4909361.0
2017-08-04,XPG.BK,0.4919399917125702,0.4956960082054138,0.48818498849868774,0.48818498849868774,0.45842409133911133,5462982.0
2017-08-07,XPG.BK,0.48818498849868774,0.4956960082054138,0.48818498849868774,0.4919399917125702,0.4619501531124115,2078409.0
2017-08-08,XPG.BK,0.4919399917125702,0.4956960082054138,0.4919399917125702,0.4956960082054138,0.46547722816467285,1853126.0
2017-08-09,XPG.BK,0.4956960082054138,0.4956960082054138,0.48818498849868774,0.4919399917125702,0.4619501531124115,2734553.0
2017-08-10,XPG.BK,0.4919399917125702,0.4956960082054138,0.4844299852848053,0.4844299852848053,0.45489799976348877,7095885.0
2017-08-11,XPG.BK,0.48818498849868774,0.48818498849868774,0.4769189953804016,0.4844299852848053,0.45489799976348877,15154417.0
2017-08-15,XPG.BK,0.48067501187324524,0.48818498849868774,0.48067501187324524,0.48067501187324524,0.4513719379901886,6125250.0
2017-08-16,XPG.BK,0.4844299852848053,0.4844299852848053,0.48067501187324524,0.4844299852848053,0.45489799976348877,3359807.0
2017-08-17,XPG.BK,0.48067501187324524,0.4844299852848053,0.48067501187324524,0.48067501187324524,0.4513719379901886,1962040.0
2017-08-18,XPG.BK,0.4844299852848053,0.4844299852848053,0.48067501187324524,0.4844299852848053,0.45489799976348877,2177204.0
2017-08-21,XPG.BK,0.4844299852848053,0.4844299852848053,0.48067501187324524,0.4844299852848053,0.45489799976348877,6269581.0
2017-08-22,XPG.BK,0.4844299852848053,0.4844299852848053,0.48067501187324524,0.48067501187324524,0.4513719379901886,2629900.0
2017-08-23,XPG.BK,0.4844299852848053,0.48818498849868774,0.48067501187324524,0.4844299852848053,0.45489799976348877,9206783.0
2017-08-24,XPG.BK,0.4844299852848053,0.48818498849868774,0.4844299852848053,0.4844299852848053,0.45489799976348877,4975401.0
2017-08-25,XPG.BK,0.4844299852848053,0.48818498849868774,0.4844299852848053,0.4844299852848053,0.45489799976348877,2642949.0
2017-08-28,XPG.BK,0.4844299852848053,0.4844299852848053,0.4844299852848053,0.4844299852848053,0.45489799976348877,165367.0
2017-08-29,XPG.BK,0.4844299852848053,0.4919399917125702,0.48067501187324524,0.4919399917125702,0.4619501531124115,9659213.0
2017-08-30,XPG.BK,0.48818498849868774,0.4919399917125702,0.4844299852848053,0.48818498849868774,0.45842409133911133,7858279.0
2017-08-31,XPG.BK,0.48818498849868774,0.4919399917125702,0.4844299852848053,0.48818498849868774,0.45842409133911133,5101890.0
2017-09-01,XPG.BK,0.48818498849868774,0.4919399917125702,0.4844299852848053,0.48818498849868774,0.45842409133911133,5384958.0
2017-09-04,XPG.BK,0.48818498849868774,0.48818498849868774,0.4844299852848053,0.4844299852848053,0.45489799976348877,5134910.0
2017-09-05,XPG.BK,0.4844299852848053,0.48818498849868774,0.48067501187324524,0.48818498849868774,0.45842409133911133,4855303.0
2017-09-06,XPG.BK,0.4844299852848053,0.48818498849868774,0.4844299852848053,0.48818498849868774,0.45842409133911133,7905147.0
2017-09-07,XPG.BK,0.48818498849868774,0.48818498849868774,0.4844299852848053,0.4844299852848053,0.45489799976348877,4146167.0
2017-09-08,XPG.BK,0.48818498849868774,0.4919399917125702,0.4844299852848053,0.4919399917125702,0.4619501531124115,16452058.0
2017-09-11,XPG.BK,0.48818498849868774,0.4919399917125702,0.48818498849868774,0.4919399917125702,0.4619501531124115,2985134.0
2017-09-12,XPG.BK,0.4919399917125702,0.4919399917125702,0.48818498849868774,0.4919399917125702,0.4619501531124115,2229131.0
2017-09-13,XPG.BK,0.4919399917125702,0.4919399917125702,0.4844299852848053,0.48818498849868774,0.45842409133911133,15465978.0
2017-09-14,XPG.BK,0.48818498849868774,0.4956960082054138,0.48818498849868774,0.4919399917125702,0.4619501531124115,14507593.0
2017-09-15,XPG.BK,0.4956960082054138,0.49945101141929626,0.4919399917125702,0.4956960082054138,0.46547722816467285,13610189.0
2017-09-18,XPG.BK,0.4956960082054138,0.5032060146331787,0.4919399917125702,0.5032060146331787,0.47252941131591797,13250961.0
2017-09-19,XPG.BK,0.5032060146331787,0.5069620013237,0.49945101141929626,0.5032060146331787,0.47252941131591797,5476829.0
2017-09-20,XPG.BK,0.5032060146331787,0.5069620013237,0.49945101141929626,0.5069620013237,0.47605639696121216,3948046.0
2017-09-21,XPG.BK,0.5069620013237,0.5069620013237,0.5032060146331787,0.5032060146331787,0.47252941131591797,4403406.0
2017-09-22,XPG.BK,0.5032060146331787,0.5069620013237,0.49945101141929626,0.49945101141929626,0.4690033197402954,9747356.0
2017-09-25,XPG.BK,0.5032060146331787,0.5032060146331787,0.49945101141929626,0.5032060146331787,0.47252941131591797,6403259.0
2017-09-26,XPG.BK,0.5032060146331787,0.5069620013237,0.49945101141929626,0.49945101141929626,0.4690033197402954,2656263.0
2017-09-27,XPG.BK,0.49945101141929626,0.5032060146331787,0.49945101141929626,0.49945101141929626,0.4690033197402954,4385298.0
2017-09-28,XPG.BK,0.49945101141929626,0.5032060146331787,0.49945101141929626,0.5032060146331787,0.47252941131591797,6546258.0
2017-09-29,XPG.BK,0.5032060146331787,0.5069620013237,0.49945101141929626,0.5032060146331787,0.47252941131591797,8177297.0
2017-10-02,XPG.BK,0.5032060146331787,0.5069620013237,0.5032060146331787,0.5032060146331787,0.47252941131591797,2113560.0
2017-10-03,XPG.BK,0.5069620013237,0.5069620013237,0.5032060146331787,0.5032060146331787,0.47252941131591797,3722763.0
2017-10-04,XPG.BK,0.5032060146331787,0.51071697473526,0.5032060146331787,0.5069620013237,0.47605639696121216,7418631.0
2017-10-05,XPG.BK,0.5069620013237,0.51071697473526,0.5069620013237,0.51071697473526,0.4795824885368347,17442398.0
2017-10-06,XPG.BK,0.51071697473526,0.51071697473526,0.5032060146331787,0.51071697473526,0.4795824885368347,10832496.0
2017-10-09,XPG.BK,0.51071697473526,0.51071697473526,0.5032060146331787,0.5032060146331787,0.47252941131591797,10780569.0
2017-10-10,XPG.BK,0.5032060146331787,0.5069620013237,0.5032060146331787,0.5069620013237,0.47605639696121216,3196570.0
2017-10-11,XPG.BK,0.51071697473526,0.51071697473526,0.5069620013237,0.5069620013237,0.47605639696121216,13726026.0
2017-10-12,XPG.BK,0.5069620013237,0.51071697473526,0.5069620013237,0.5069620013237,0.47605639696121216,8165847.0
2017-10-16,XPG.BK,0.51071697473526,0.51071697473526,0.51071697473526,0.51071697473526,0.4795824885368347,156846.0
2017-10-17,XPG.BK,0.5144720077514648,0.5219830274581909,0.51071697473526,0.5182269811630249,0.48663467168807983,17889769.0
2017-10-18,XPG.BK,0.5182269811630249,0.5219830274581909,0.5182269811630249,0.5182269811630249,0.48663467168807983,9506894.0
2017-10-19,XPG.BK,0.5182269811630249,0.5219830274581909,0.51071697473526,0.51071697473526,0.4795824885368347,12688019.0
2017-10-20,XPG.BK,0.51071697473526,0.5144720077514648,0.5069620013237,0.5144720077514648,0.4831085801124573,4521373.0
2017-10-24,XPG.BK,0.5182269811630249,0.5182269811630249,0.51071697473526,0.51071697473526,0.4795824885368347,7854019.0
2017-10-25,XPG.BK,0.5144720077514648,0.5182269811630249,0.51071697473526,0.5144720077514648,0.4831085801124573,3863099.0
2017-10-27,XPG.BK,0.5144720077514648,0.5144720077514648,0.51071697473526,0.5144720077514648,0.4831085801124573,6628542.0
2017-10-30,XPG.BK,0.5144720077514648,0.5144720077514648,0.51071697473526,0.51071697473526,0.4795824885368347,4338697.0
2017-10-31,XPG.BK,0.51071697473526,0.5144720077514648,0.51071697473526,0.5144720077514648,0.4831085801124573,2462935.0
2017-11-01,XPG.BK,0.5144720077514648,0.5144720077514648,0.51071697473526,0.51071697473526,0.4795824885368347,4883264.0
2017-11-02,XPG.BK,0.51071697473526,0.5144720077514648,0.5069620013237,0.51071697473526,0.4795824885368347,2746803.0
2017-11-03,XPG.BK,0.51071697473526,0.51071697473526,0.5069620013237,0.51071697473526,0.4795824885368347,3846323.0
2017-11-06,XPG.BK,0.51071697473526,0.51071697473526,0.5069620013237,0.51071697473526,0.4795824885368347,1738354.0
2017-11-07,XPG.BK,0.5069620013237,0.5182269811630249,0.5069620013237,0.51071697473526,0.4795824885368347,4471843.0
2017-11-08,XPG.BK,0.51071697473526,0.5144720077514648,0.5069620013237,0.51071697473526,0.4795824885368347,3763506.0
2017-11-09,XPG.BK,0.51071697473526,0.5144720077514648,0.5069620013237,0.51071697473526,0.4795824885368347,3605595.0
2017-11-10,XPG.BK,0.4769189953804016,0.48067501187324524,0.4656539857387543,0.4769189953804016,0.44784489274024963,50115640.0
2017-11-13,XPG.BK,0.4769189953804016,0.4769189953804016,0.4581429958343506,0.4656539857387543,0.43726664781570435,26358657.0
2017-11-14,XPG.BK,0.46189799904823303,0.4656539857387543,0.4506320059299469,0.46189799904823303,0.4337396025657654,12039332.0
2017-11-15,XPG.BK,0.4656539857387543,0.4694089889526367,0.46189799904823303,0.46189799904823303,0.4337396025657654,3983996.0
2017-11-16,XPG.BK,0.4656539857387543,0.4694089889526367,0.46189799904823303,0.4656539857387543,0.43726664781570435,6408851.0
2017-11-17,XPG.BK,0.4694089889526367,0.47316399216651917,0.4656539857387543,0.47316399216651917,0.4443188011646271,6307660.0
2017-11-20,XPG.BK,0.47316399216651917,0.47316399216651917,0.4694089889526367,0.47316399216651917,0.4443188011646271,3180060.0
2017-11-21,XPG.BK,0.47316399216651917,0.47316399216651917,0.47316399216651917,0.47316399216651917,0.4443188011646271,1818775.0
2017-11-22,XPG.BK,0.47316399216651917,0.47316399216651917,0.4656539857387543,0.4694089889526367,0.4407927393913269,6190226.0
2017-11-23,XPG.BK,0.4694089889526367,0.47316399216651917,0.4656539857387543,0.4656539857387543,0.43726664781570435,2366271.0
2017-11-24,XPG.BK,0.4656539857387543,0.4694089889526367,0.46189799904823303,0.4694089889526367,0.4407927393913269,4573833.0
2017-11-27,XPG.BK,0.4694089889526367,0.4694089889526367,0.46189799904823303,0.4656539857387543,0.43726664781570435,2474652.0
2017-11-28,XPG.BK,0.4694089889526367,0.4694089889526367,0.4656539857387543,0.4694089889526367,0.4407927393913269,1623582.0
2017-11-29,XPG.BK,0.4694089889526367,0.47316399216651917,0.4656539857387543,0.4656539857387543,0.43726664781570435,1564199.0
2017-11-30,XPG.BK,0.4694089889526367,0.4694089889526367,0.46189799904823303,0.46189799904823303,0.4337396025657654,1601214.0
2017-12-01,XPG.BK,0.4694089889526367,0.4694089889526367,0.46189799904823303,0.4656539857387543,0.43726664781570435,2468794.0
2017-12-04,XPG.BK,0.4694089889526367,0.4694089889526367,0.46189799904823303,0.46189799904823303,0.4337396025657654,3947514.0
2017-12-06,XPG.BK,0.4656539857387543,0.4656539857387543,0.4581429958343506,0.46189799904823303,0.4337396025657654,4918148.0
2017-12-07,XPG.BK,0.4656539857387543,0.4656539857387543,0.4581429958343506,0.46189799904823303,0.4337396025657654,2560931.0
2017-12-08,XPG.BK,0.4656539857387543,0.4656539857387543,0.4506320059299469,0.46189799904823303,0.4337396025657654,4767693.0
2017-12-12,XPG.BK,0.46189799904823303,0.46189799904823303,0.45438799262046814,0.46189799904823303,0.4337396025657654,4268662.0
2017-12-13,XPG.BK,0.46189799904823303,0.46189799904823303,0.45438799262046814,0.46189799904823303,0.4337396025657654,3987457.0
2017-12-14,XPG.BK,0.46189799904823303,0.46189799904823303,0.45438799262046814,0.45438799262046814,0.42668741941452026,6507646.0
2017-12-15,XPG.BK,0.45438799262046814,0.4581429958343506,0.45438799262046814,0.45438799262046814,0.42668741941452026,1690954.0
2017-12-18,XPG.BK,0.4581429958343506,0.4581429958343506,0.4506320059299469,0.45438799262046814,0.42668741941452026,12159696.0
2017-12-19,XPG.BK,0.45438799262046814,0.4581429958343506,0.4506320059299469,0.4506320059299469,0.4231604337692261,4787133.0
2017-12-20,XPG.BK,0.45438799262046814,0.4581429958343506,0.4506320059299469,0.45438799262046814,0.42668741941452026,4145635.0
2017-12-21,XPG.BK,0.45438799262046814,0.4581429958343506,0.4506320059299469,0.45438799262046814,0.42668741941452026,1901858.0
2017-12-22,XPG.BK,0.45438799262046814,0.45438799262046814,0.4506320059299469,0.4506320059299469,0.4231604337692261,2425921.0
2017-12-25,XPG.BK,0.45438799262046814,0.45438799262046814,0.4506320059299469,0.4506320059299469,0.4231604337692261,5925531.0
2017-12-26,XPG.BK,0.45438799262046814,0.45438799262046814,0.4506320059299469,0.45438799262046814,0.42668741941452026,2546551.0
2017-12-27,XPG.BK,0.45438799262046814,0.45438799262046814,0.4506320059299469,0.45438799262046814,0.42668741941452026,6255734.0
2017-12-28,XPG.BK,0.45438799262046814,0.45438799262046814,0.4506320059299469,0.4506320059299469,0.4231604337692261,5356731.0
2017-12-29,XPG.BK,0.45438799262046814,0.45438799262046814,0.4506320059299469,0.45438799262046814,0.42668741941452026,1065700.0
2018-01-03,XPG.BK,0.45438799262046814,0.45438799262046814,0.4506320059299469,0.45438799262046814,0.42668741941452026,14226655.0
2018-01-04,XPG.BK,0.45438799262046814,0.45438799262046814,0.4506320059299469,0.4506320059299469,0.4231604337692261,7963198.0
2018-01-05,XPG.BK,0.4506320059299469,0.45438799262046814,0.4506320059299469,0.4506320059299469,0.4231604337692261,2100778.0
2018-01-08,XPG.BK,0.45438799262046814,0.46189799904823303,0.4506320059299469,0.4581429958343506,0.4302135109901428,8529335.0
2018-01-09,XPG.BK,0.4581429958343506,0.4581429958343506,0.4581429958343506,0.4581429958343506,0.4302135109901428,267889.0
2018-01-10,XPG.BK,0.4581429958343506,0.46189799904823303,0.45438799262046814,0.4581429958343506,0.4302135109901428,3672434.0
2018-01-11,XPG.BK,0.46189799904823303,0.46189799904823303,0.45438799262046814,0.4581429958343506,0.4302135109901428,5515974.0
2018-01-12,XPG.BK,0.4581429958343506,0.4581429958343506,0.45438799262046814,0.4581429958343506,0.4302135109901428,3162218.0
2018-01-15,XPG.BK,0.4581429958343506,0.46189799904823303,0.4581429958343506,0.4581429958343506,0.4302135109901428,6655438.0
2018-01-16,XPG.BK,0.4581429958343506,0.46189799904823303,0.45438799262046814,0.46189799904823303,0.4337396025657654,2937734.0
2018-01-17,XPG.BK,0.46189799904823303,0.4694089889526367,0.4581429958343506,0.4656539857387543,0.43726664781570435,5976393.0
2018-01-18,XPG.BK,0.4656539857387543,0.49945101141929626,0.46189799904823303,0.4769189953804016,0.44784489274024963,39585385.0
2018-01-19,XPG.BK,0.48067501187324524,0.48067501187324524,0.47316399216651917,0.48067501187324524,0.4513719379901886,3253823.0
2018-01-22,XPG.BK,0.48067501187324524,0.48067501187324524,0.47316399216651917,0.4769189953804016,0.44784489274024963,2551344.0
2018-01-23,XPG.BK,0.4769189953804016,0.48067501187324524,0.4694089889526367,0.4769189953804016,0.44784489274024963,6187563.0
2018-01-24,XPG.BK,0.4844299852848053,0.4844299852848053,0.47316399216651917,0.47316399216651917,0.4443188011646271,3533163.0
2018-01-25,XPG.BK,0.4769189953804016,0.48067501187324524,0.47316399216651917,0.4769189953804016,0.44784489274024963,4154955.0
2018-01-26,XPG.BK,0.4769189953804016,0.4769189953804016,0.47316399216651917,0.47316399216651917,0.4443188011646271,1581508.0
2018-01-29,XPG.BK,0.47316399216651917,0.4844299852848053,0.47316399216651917,0.4769189953804016,0.44784489274024963,3030670.0
2018-01-30,XPG.BK,0.48067501187324524,0.48067501187324524,0.47316399216651917,0.47316399216651917,0.4443188011646271,2401954.0
2018-01-31,XPG.BK,0.4769189953804016,0.48067501187324524,0.47316399216651917,0.48067501187324524,0.4513719379901886,4610315.0
2018-02-01,XPG.BK,0.48067501187324524,0.48067501187324524,0.47316399216651917,0.47316399216651917,0.4443188011646271,2828554.0
2018-02-02,XPG.BK,0.47316399216651917,0.48067501187324524,0.47316399216651917,0.4769189953804016,0.44784489274024963,2914567.0
2018-02-05,XPG.BK,0.4694089889526367,0.4694089889526367,0.4656539857387543,0.4656539857387543,0.43726664781570435,2810713.0
2018-02-06,XPG.BK,0.4656539857387543,0.47316399216651917,0.4581429958343506,0.4656539857387543,0.43726664781570435,7363242.0
2018-02-07,XPG.BK,0.4694089889526367,0.47316399216651917,0.4656539857387543,0.4656539857387543,0.43726664781570435,3272463.0
2018-02-08,XPG.BK,0.4656539857387543,0.4694089889526367,0.46189799904823303,0.4694089889526367,0.4407927393913269,1906118.0
2018-02-09,XPG.BK,0.46189799904823303,0.4694089889526367,0.46189799904823303,0.4694089889526367,0.4407927393913269,1625979.0
2018-02-12,XPG.BK,0.4694089889526367,0.4694089889526367,0.4656539857387543,0.4694089889526367,0.4407927393913269,713396.0
2018-02-13,XPG.BK,0.4694089889526367,0.4694089889526367,0.4656539857387543,0.4656539857387543,0.43726664781570435,1095259.0
2018-02-14,XPG.BK,0.4656539857387543,0.4694089889526367,0.46189799904823303,0.4656539857387543,0.43726664781570435,1015371.0
2018-02-15,XPG.BK,0.4656539857387543,0.4694089889526367,0.46189799904823303,0.46189799904823303,0.4337396025657654,4418851.0
2018-02-16,XPG.BK,0.4656539857387543,0.4656539857387543,0.46189799904823303,0.4656539857387543,0.43726664781570435,743753.0
2018-02-19,XPG.BK,0.46189799904823303,0.4694089889526367,0.46189799904823303,0.4656539857387543,0.43726664781570435,6080780.0
2018-02-20,XPG.BK,0.4656539857387543,0.4694089889526367,0.46189799904823303,0.4694089889526367,0.4407927393913269,1342112.0
2018-02-21,XPG.BK,0.4656539857387543,0.4656539857387543,0.46189799904823303,0.4656539857387543,0.43726664781570435,1197781.0
2018-02-22,XPG.BK,0.46189799904823303,0.4656539857387543,0.45438799262046814,0.4581429958343506,0.4302135109901428,5737529.0
2018-02-23,XPG.BK,0.46189799904823303,0.4656539857387543,0.4581429958343506,0.4656539857387543,0.43726664781570435,4150961.0
2018-02-26,XPG.BK,0.4656539857387543,0.4694089889526367,0.46189799904823303,0.4656539857387543,0.43726664781570435,1895200.0
2018-02-27,XPG.BK,0.4656539857387543,0.4694089889526367,0.4581429958343506,0.46189799904823303,0.4337396025657654,8892025.0
2018-02-28,XPG.BK,0.46189799904823303,0.46189799904823303,0.4581429958343506,0.46189799904823303,0.4337396025657654,2988063.0
2018-03-02,XPG.BK,0.46189799904823303,0.46189799904823303,0.4581429958343506,0.46189799904823303,0.4337396025657654,1997989.0
2018-03-05,XPG.BK,0.46189799904823303,0.46189799904823303,0.45438799262046814,0.4581429958343506,0.4302135109901428,3998642.0
2018-03-06,XPG.BK,0.46189799904823303,0.46189799904823303,0.46189799904823303,0.46189799904823303,0.4337396025657654,271617.0
2018-03-07,XPG.BK,0.46189799904823303,0.46189799904823303,0.45438799262046814,0.45438799262046814,0.42668741941452026,2434708.0
2018-03-08,XPG.BK,0.45438799262046814,0.46189799904823303,0.45438799262046814,0.45438799262046814,0.42668741941452026,924033.0
2018-03-09,XPG.BK,0.45438799262046814,0.4581429958343506,0.45438799262046814,0.4581429958343506,0.4302135109901428,1797737.0
2018-03-12,XPG.BK,0.4581429958343506,0.46189799904823303,0.45438799262046814,0.4581429958343506,0.4302135109901428,2623243.0
2018-03-13,XPG.BK,0.45438799262046814,0.4581429958343506,0.4506320059299469,0.4581429958343506,0.4302135109901428,17801360.0
2018-03-14,XPG.BK,0.4356110095977783,0.443121999502182,0.4318560063838959,0.443121999502182,0.43389031291007996,6606973.0
2018-03-15,XPG.BK,0.443121999502182,0.4506320059299469,0.443121999502182,0.44687700271606445,0.4375670850276947,995932.0
2018-03-16,XPG.BK,0.44687700271606445,0.4506320059299469,0.443121999502182,0.443121999502182,0.43389031291007996,1567927.0
2018-03-19,XPG.BK,0.443121999502182,0.44687700271606445,0.443121999502182,0.443121999502182,0.43389031291007996,524861.0
2018-03-20,XPG.BK,0.44687700271606445,0.44687700271606445,0.43936699628829956,0.443121999502182,0.43389031291007996,2910838.0
2018-03-21,XPG.BK,0.44687700271606445,0.44687700271606445,0.43936699628829956,0.43936699628829956,0.4302135407924652,5497866.0
2018-03-22,XPG.BK,0.43936699628829956,0.43936699628829956,0.4356110095977783,0.43936699628829956,0.4302135407924652,920039.0
2018-03-23,XPG.BK,0.43936699628829956,0.43936699628829956,0.4318560063838959,0.4356110095977783,0.42653578519821167,1993995.0
2018-03-26,XPG.BK,0.43936699628829956,0.43936699628829956,0.4318560063838959,0.4318560063838959,0.4228590130805969,1078483.0
2018-03-27,XPG.BK,0.4356110095977783,0.43936699628829956,0.4318560063838959,0.43936699628829956,0.4302135407924652,2541225.0
2018-03-28,XPG.BK,0.4356110095977783,0.43936699628829956,0.4318560063838959,0.4356110095977783,0.42653578519821167,1947394.0
2018-03-29,XPG.BK,0.4356110095977783,0.4356110095977783,0.4318560063838959,0.4318560063838959,0.4228590130805969,1798270.0
2018-03-30,XPG.BK,0.4318560063838959,0.43936699628829956,0.4318560063838959,0.4356110095977783,0.42653578519821167,2128206.0
2018-04-02,XPG.BK,0.43936699628829956,0.43936699628829956,0.4318560063838959,0.4356110095977783,0.42653578519821167,150188.0
2018-04-03,XPG.BK,0.4356110095977783,0.4356110095977783,0.4318560063838959,0.4318560063838959,0.4228590130805969,532317.0
2018-04-04,XPG.BK,0.4318560063838959,0.4318560063838959,0.424345999956131,0.424345999956131,0.41550546884536743,5356199.0
2018-04-05,XPG.BK,0.4168350100517273,0.4281010031700134,0.4168350100517273,0.424345999956131,0.41550546884536743,1744745.0
2018-04-09,XPG.BK,0.424345999956131,0.4318560063838959,0.424345999956131,0.424345999956131,0.41550546884536743,1002589.0
2018-04-10,XPG.BK,0.4281010031700134,0.4281010031700134,0.424345999956131,0.4281010031700134,0.4191822409629822,569066.0
2018-04-11,XPG.BK,0.4281010031700134,0.4318560063838959,0.4281010031700134,0.4318560063838959,0.4228590130805969,1371138.0
2018-04-12,XPG.BK,0.4318560063838959,0.4356110095977783,0.4281010031700134,0.4318560063838959,0.4228590130805969,873970.0
2018-04-17,XPG.BK,0.4356110095977783,0.4356110095977783,0.424345999956131,0.4281010031700134,0.4191822409629822,2101843.0
2018-04-18,XPG.BK,0.4281010031700134,0.4318560063838959,0.4281010031700134,0.4281010031700134,0.4191822409629822,986345.0
2018-04-19,XPG.BK,0.4318560063838959,0.4318560063838959,0.4281010031700134,0.4318560063838959,0.4228590130805969,1068363.0
2018-04-20,XPG.BK,0.4318560063838959,0.4318560063838959,0.4281010031700134,0.4318560063838959,0.4228590130805969,401568.0
2018-04-23,XPG.BK,0.4281010031700134,0.4318560063838959,0.424345999956131,0.4318560063838959,0.4228590130805969,609808.0
2018-04-24,XPG.BK,0.4318560063838959,0.4318560063838959,0.424345999956131,0.4318560063838959,0.4228590130805969,864916.0
2018-04-25,XPG.BK,0.4318560063838959,0.4318560063838959,0.424345999956131,0.4318560063838959,0.4228590130805969,610075.0
2018-04-26,XPG.BK,0.4318560063838959,0.4318560063838959,0.424345999956131,0.4281010031700134,0.4191822409629822,4112348.0
2018-04-27,XPG.BK,0.4281010031700134,0.4281010031700134,0.42059001326560974,0.424345999956131,0.41550546884536743,4357870.0
2018-04-30,XPG.BK,0.424345999956131,0.4281010031700134,0.42059001326560974,0.424345999956131,0.41550546884536743,1510675.0
2018-05-02,XPG.BK,0.424345999956131,0.424345999956131,0.42059001326560974,0.42059001326560974,0.4118277430534363,3620241.0
2018-05-03,XPG.BK,0.42059001326560974,0.424345999956131,0.42059001326560974,0.424345999956131,0.41550546884536743,4412193.0
2018-05-04,XPG.BK,0.424345999956131,0.424345999956131,0.42059001326560974,0.424345999956131,0.41550546884536743,1124551.0
2018-05-07,XPG.BK,0.424345999956131,0.424345999956131,0.42059001326560974,0.42059001326560974,0.4118277430534363,220223.0
2018-05-08,XPG.BK,0.42059001326560974,0.424345999956131,0.4168350100517273,0.424345999956131,0.41550546884536743,904061.0
2018-05-09,XPG.BK,0.424345999956131,0.424345999956131,0.4168350100517273,0.424345999956131,0.41550546884536743,1718649.0
2018-05-10,XPG.BK,0.424345999956131,0.424345999956131,0.41308000683784485,0.41308000683784485,0.4044741690158844,2297301.0
2018-05-11,XPG.BK,0.41308000683784485,0.42059001326560974,0.4018140137195587,0.42059001326560974,0.4118277430534363,9363096.0
2018-05-14,XPG.BK,0.41308000683784485,0.42059001326560974,0.4093239903450012,0.42059001326560974,0.4118277430534363,4840125.0
2018-05-15,XPG.BK,0.42059001326560974,0.42059001326560974,0.4168350100517273,0.42059001326560974,0.4118277430534363,1235861.0
2018-05-16,XPG.BK,0.42059001326560974,0.424345999956131,0.4168350100517273,0.42059001326560974,0.4118277430534363,1384718.0
2018-05-17,XPG.BK,0.42059001326560974,0.42059001326560974,0.4168350100517273,0.42059001326560974,0.4118277430534363,1274740.0
2018-05-18,XPG.BK,0.42059001326560974,0.424345999956131,0.41308000683784485,0.42059001326560974,0.4118277430534363,4422046.0
2018-05-21,XPG.BK,0.42059001326560974,0.424345999956131,0.42059001326560974,0.424345999956131,0.41550546884536743,2709788.0
2018-05-22,XPG.BK,0.424345999956131,0.4281010031700134,0.42059001326560974,0.424345999956131,0.41550546884536743,1814780.0
2018-05-23,XPG.BK,0.424345999956131,0.4281010031700134,0.424345999956131,0.4281010031700134,0.4191822409629822,2785149.0
2018-05-24,XPG.BK,0.4281010031700134,0.4318560063838959,0.4281010031700134,0.4281010031700134,0.4191822409629822,2647476.0
2018-05-25,XPG.BK,0.4281010031700134,0.4356110095977783,0.4281010031700134,0.4356110095977783,0.42653578519821167,3051707.0
2018-05-28,XPG.BK,0.4356110095977783,0.4356110095977783,0.424345999956131,0.4356110095977783,0.42653578519821167,2654665.0
2018-05-30,XPG.BK,0.4318560063838959,0.4318560063838959,0.4281010031700134,0.4318560063838959,0.4228590130805969,1424130.0
2018-05-31,XPG.BK,0.4318560063838959,0.4318560063838959,0.424345999956131,0.4281010031700134,0.4191822409629822,1262490.0
2018-06-01,XPG.BK,0.4318560063838959,0.4318560063838959,0.4281010031700134,0.4318560063838959,0.4228590130805969,214365.0
2018-06-04,XPG.BK,0.4318560063838959,0.4318560063838959,0.424345999956131,0.424345999956131,0.41550546884536743,844678.0
2018-06-05,XPG.BK,0.4318560063838959,0.4318560063838959,0.42059001326560974,0.4281010031700134,0.4191822409629822,716592.0
2018-06-06,XPG.BK,0.4281010031700134,0.4318560063838959,0.424345999956131,0.4318560063838959,0.4228590130805969,1415076.0
2018-06-07,XPG.BK,0.4281010031700134,0.4318560063838959,0.424345999956131,0.424345999956131,0.41550546884536743,708869.0
2018-06-08,XPG.BK,0.424345999956131,0.4281010031700134,0.42059001326560974,0.42059001326560974,0.4118277430534363,871574.0
2018-06-11,XPG.BK,0.42059001326560974,0.424345999956131,0.41308000683784485,0.424345999956131,0.41550546884536743,9202522.0
2018-06-12,XPG.BK,0.424345999956131,0.424345999956131,0.42059001326560974,0.424345999956131,0.41550546884536743,271085.0
2018-06-13,XPG.BK,0.42059001326560974,0.424345999956131,0.4168350100517273,0.424345999956131,0.41550546884536743,422871.0
2018-06-14,XPG.BK,0.424345999956131,0.424345999956131,0.42059001326560974,0.42059001326560974,0.4118277430534363,800207.0
2018-06-15,XPG.BK,0.4168350100517273,0.42059001326560974,0.4168350100517273,0.4168350100517273,0.40815094113349915,142998.0
2018-06-18,XPG.BK,0.42059001326560974,0.42059001326560974,0.4168350100517273,0.4168350100517273,0.40815094113349915,1722909.0
2018-06-19,XPG.BK,0.42059001326560974,0.42059001326560974,0.4093239903450012,0.41308000683784485,0.4044741690158844,4336300.0
2018-06-20,XPG.BK,0.4093239903450012,0.4168350100517273,0.4093239903450012,0.4168350100517273,0.40815094113349915,577321.0
2018-06-21,XPG.BK,0.4168350100517273,0.4168350100517273,0.4055689871311188,0.4093239903450012,0.40079641342163086,1848333.0
2018-06-22,XPG.BK,0.4093239903450012,0.41308000683784485,0.4055689871311188,0.4055689871311188,0.3971196413040161,1093661.0
2018-06-25,XPG.BK,0.4093239903450012,0.4093239903450012,0.4018140137195587,0.4055689871311188,0.3971196413040161,1688025.0
2018-06-26,XPG.BK,0.4055689871311188,0.41308000683784485,0.4018140137195587,0.4018140137195587,0.39344289898872375,1982810.0
2018-06-27,XPG.BK,0.4018140137195587,0.4093239903450012,0.4018140137195587,0.4018140137195587,0.39344289898872375,1815313.0
2018-06-28,XPG.BK,0.4055689871311188,0.4055689871311188,0.3905479907989502,0.39805901050567627,0.389766126871109,1506414.0
2018-06-29,XPG.BK,0.39805901050567627,0.39805901050567627,0.38679298758506775,0.3905479907989502,0.38241156935691833,5595329.0
2018-07-02,XPG.BK,0.3905479907989502,0.39430299401283264,0.38679298758506775,0.39430299401283264,0.3860883414745331,1425994.0
2018-07-03,XPG.BK,0.39430299401283264,0.39430299401283264,0.38679298758506775,0.3905479907989502,0.38241156935691833,898735.0
2018-07-04,XPG.BK,0.38679298758506775,0.3905479907989502,0.3830380141735077,0.3905479907989502,0.38241156935691833,964509.0
2018-07-05,XPG.BK,0.3905479907989502,0.3905479907989502,0.37928199768066406,0.3830380141735077,0.37505805492401123,1516000.0
2018-07-06,XPG.BK,0.3830380141735077,0.38679298758506775,0.3755269944667816,0.3830380141735077,0.37505805492401123,2011570.0
2018-07-09,XPG.BK,0.3830380141735077,0.3830380141735077,0.3755269944667816,0.3830380141735077,0.37505805492401123,1311222.0
2018-07-10,XPG.BK,0.3830380141735077,0.3905479907989502,0.3830380141735077,0.38679298758506775,0.3787347972393036,1485111.0
2018-07-11,XPG.BK,0.3830380141735077,0.38679298758506775,0.3830380141735077,0.38679298758506775,0.3787347972393036,1187929.0
2018-07-12,XPG.BK,0.38679298758506775,0.3905479907989502,0.3830380141735077,0.38679298758506775,0.3787347972393036,306768.0
2018-07-13,XPG.BK,0.38679298758506775,0.3905479907989502,0.3830380141735077,0.38679298758506775,0.3787347972393036,689430.0
2018-07-16,XPG.BK,0.38679298758506775,0.3905479907989502,0.3830380141735077,0.3830380141735077,0.37505805492401123,807131.0
2018-07-17,XPG.BK,0.3830380141735077,0.38679298758506775,0.3830380141735077,0.38679298758506775,0.3787347972393036,4154156.0
2018-07-18,XPG.BK,0.38679298758506775,0.3905479907989502,0.38679298758506775,0.3905479907989502,0.38241156935691833,1391376.0
2018-07-19,XPG.BK,0.3905479907989502,0.3905479907989502,0.38679298758506775,0.38679298758506775,0.3787347972393036,350174.0
2018-07-20,XPG.BK,0.38679298758506775,0.3905479907989502,0.38679298758506775,0.38679298758506775,0.3787347972393036,543502.0
2018-07-23,XPG.BK,0.38679298758506775,0.38679298758506775,0.3830380141735077,0.38679298758506775,0.3787347972393036,619928.0
2018-07-24,XPG.BK,0.3830380141735077,0.38679298758506775,0.3830380141735077,0.38679298758506775,0.3787347972393036,833494.0
2018-07-25,XPG.BK,0.38679298758506775,0.3905479907989502,0.38679298758506775,0.38679298758506775,0.3787347972393036,723249.0
2018-07-26,XPG.BK,0.38679298758506775,0.3905479907989502,0.38679298758506775,0.3905479907989502,0.38241156935691833,681175.0
2018-07-31,XPG.BK,0.3905479907989502,0.3905479907989502,0.38679298758506775,0.3905479907989502,0.38241156935691833,458554.0
2018-08-01,XPG.BK,0.38679298758506775,0.3905479907989502,0.3830380141735077,0.38679298758506775,0.3787347972393036,2141254.0
2018-08-02,XPG.BK,0.38679298758506775,0.3905479907989502,0.38679298758506775,0.3905479907989502,0.38241156935691833,576256.0
2018-08-03,XPG.BK,0.3905479907989502,0.3905479907989502,0.38679298758506775,0.38679298758506775,0.3787347972393036,775442.0
2018-08-06,XPG.BK,0.3905479907989502,0.3905479907989502,0.38679298758506775,0.38679298758506775,0.3787347972393036,683039.0
2018-08-07,XPG.BK,0.38679298758506775,0.38679298758506775,0.37928199768066406,0.38679298758506775,0.3787347972393036,1558607.0
2018-08-08,XPG.BK,0.38679298758506775,0.3905479907989502,0.3830380141735077,0.3905479907989502,0.38241156935691833,519003.0
2018-08-09,XPG.BK,0.3905479907989502,0.3905479907989502,0.38679298758506775,0.3905479907989502,0.38241156935691833,1644886.0
2018-08-10,XPG.BK,0.3905479907989502,0.3905479907989502,0.38679298758506775,0.3905479907989502,0.38241156935691833,271085.0
2018-08-14,XPG.BK,0.38679298758506775,0.3905479907989502,0.3830380141735077,0.3905479907989502,0.38241156935691833,467076.0
2018-08-15,XPG.BK,0.38679298758506775,0.3905479907989502,0.3830380141735077,0.38679298758506775,0.3787347972393036,492107.0
2018-08-16,XPG.BK,0.38679298758506775,0.38679298758506775,0.3830380141735077,0.3830380141735077,0.37505805492401123,550958.0
2018-08-17,XPG.BK,0.38679298758506775,0.38679298758506775,0.3830380141735077,0.38679298758506775,0.3787347972393036,579451.0
2018-08-20,XPG.BK,0.38679298758506775,0.38679298758506775,0.3830380141735077,0.38679298758506775,0.3787347972393036,283068.0
2018-08-21,XPG.BK,0.38679298758506775,0.38679298758506775,0.3830380141735077,0.38679298758506775,0.3787347972393036,227147.0
2018-08-22,XPG.BK,0.38679298758506775,0.38679298758506775,0.3830380141735077,0.3830380141735077,0.37505805492401123,283601.0
2018-08-23,XPG.BK,0.3830380141735077,0.38679298758506775,0.3830380141735077,0.3830380141735077,0.37505805492401123,74828.0
2018-08-24,XPG.BK,0.38679298758506775,0.3905479907989502,0.38679298758506775,0.38679298758506775,0.3787347972393036,4615374.0
2018-08-27,XPG.BK,0.42059001326560974,0.46189799904823303,0.42059001326560974,0.4318560063838959,0.4228590130805969,35899636.0
2018-08-28,XPG.BK,0.44687700271606445,0.44687700271606445,0.4356110095977783,0.43936699628829956,0.4302135407924652,22829754.0
2018-08-29,XPG.BK,0.43936699628829956,0.43936699628829956,0.4318560063838959,0.4356110095977783,0.42653578519821167,2336180.0
2018-08-30,XPG.BK,0.4356110095977783,0.4356110095977783,0.4318560063838959,0.4318560063838959,0.4228590130805969,7577341.0
2018-08-31,XPG.BK,0.4318560063838959,0.4356110095977783,0.4318560063838959,0.4318560063838959,0.4228590130805969,2655731.0
2018-09-03,XPG.BK,0.4356110095977783,0.4356110095977783,0.4281010031700134,0.4318560063838959,0.4228590130805969,7231161.0
2018-09-04,XPG.BK,0.4318560063838959,0.43936699628829956,0.4318560063838959,0.4356110095977783,0.42653578519821167,1868305.0
2018-09-05,XPG.BK,0.4356110095977783,0.4356110095977783,0.4318560063838959,0.4318560063838959,0.4228590130805969,11888877.0
2018-09-06,XPG.BK,0.4356110095977783,0.4356110095977783,0.4318560063838959,0.4318560063838959,0.4228590130805969,8141614.0
2018-09-07,XPG.BK,0.4318560063838959,0.4356110095977783,0.4318560063838959,0.4318560063838959,0.4228590130805969,5839253.0
2018-09-10,XPG.BK,0.4356110095977783,0.4356110095977783,0.4318560063838959,0.4356110095977783,0.42653578519821167,4084121.0
2018-09-11,XPG.BK,0.4318560063838959,0.4356110095977783,0.4318560063838959,0.4318560063838959,0.4228590130805969,5010552.0
2018-09-12,XPG.BK,0.4356110095977783,0.4356110095977783,0.4318560063838959,0.4356110095977783,0.42653578519821167,1868837.0
2018-09-13,XPG.BK,0.4356110095977783,0.4356110095977783,0.4318560063838959,0.4318560063838959,0.4228590130805969,1338650.0
2018-09-14,XPG.BK,0.4318560063838959,0.4356110095977783,0.4318560063838959,0.4318560063838959,0.4228590130805969,3164082.0
2018-09-17,XPG.BK,0.4318560063838959,0.4356110095977783,0.4318560063838959,0.4356110095977783,0.42653578519821167,2264281.0
2018-09-18,XPG.BK,0.4356110095977783,0.4356110095977783,0.4318560063838959,0.4356110095977783,0.42653578519821167,1791080.0
2018-09-19,XPG.BK,0.4356110095977783,0.4356110095977783,0.4318560063838959,0.4356110095977783,0.42653578519821167,7785315.0
2018-09-20,XPG.BK,0.4356110095977783,0.4356110095977783,0.4318560063838959,0.4318560063838959,0.4228590130805969,3273262.0
2018-09-21,XPG.BK,0.4318560063838959,0.4356110095977783,0.4318560063838959,0.4356110095977783,0.42653578519821167,1061174.0
2018-09-24,XPG.BK,0.4356110095977783,0.4356110095977783,0.4318560063838959,0.4356110095977783,0.42653578519821167,1857653.0
2018-09-25,XPG.BK,0.4356110095977783,0.4356110095977783,0.4318560063838959,0.4356110095977783,0.42653578519821167,596494.0
2018-09-26,XPG.BK,0.4356110095977783,0.4356110095977783,0.4318560063838959,0.4318560063838959,0.4228590130805969,500895.0
2018-09-27,XPG.BK,0.4356110095977783,0.4356110095977783,0.4318560063838959,0.4356110095977783,0.42653578519821167,631112.0
2018-09-28,XPG.BK,0.4356110095977783,0.43936699628829956,0.4318560063838959,0.4318560063838959,0.4228590130805969,3160354.0
2018-10-01,XPG.BK,0.4318560063838959,0.4356110095977783,0.4318560063838959,0.4318560063838959,0.4228590130805969,572261.0
2018-10-02,XPG.BK,0.4318560063838959,0.4356110095977783,0.4318560063838959,0.4318560063838959,0.4228590130805969,644959.0
2018-10-03,XPG.BK,0.4356110095977783,0.4356110095977783,0.4318560063838959,0.4318560063838959,0.4228590130805969,2677300.0
2018-10-04,XPG.BK,0.4318560063838959,0.4356110095977783,0.41308000683784485,0.41308000683784485,0.4044741690158844,3678026.0
2018-10-05,XPG.BK,0.4318560063838959,0.4318560063838959,0.424345999956131,0.424345999956131,0.41550546884536743,524062.0
2018-10-08,XPG.BK,0.424345999956131,0.4281010031700134,0.41308000683784485,0.42059001326560974,0.4118277430534363,1480850.0
2018-10-09,XPG.BK,0.42059001326560974,0.424345999956131,0.42059001326560974,0.42059001326560974,0.4118277430534363,240728.0
2018-10-10,XPG.BK,0.424345999956131,0.424345999956131,0.4168350100517273,0.424345999956131,0.41550546884536743,1126948.0
2018-10-11,XPG.BK,0.424345999956131,0.424345999956131,0.4168350100517273,0.424345999956131,0.41550546884536743,1847268.0
2018-10-12,XPG.BK,0.42059001326560974,0.424345999956131,0.42059001326560974,0.424345999956131,0.41550546884536743,315023.0
2018-10-16,XPG.BK,0.42059001326560974,0.424345999956131,0.42059001326560974,0.424345999956131,0.41550546884536743,140335.0
2018-10-17,XPG.BK,0.42059001326560974,0.424345999956131,0.42059001326560974,0.424345999956131,0.41550546884536743,227946.0
2018-10-18,XPG.BK,0.424345999956131,0.424345999956131,0.4168350100517273,0.424345999956131,0.41550546884536743,652681.0
2018-10-19,XPG.BK,0.42059001326560974,0.424345999956131,0.42059001326560974,0.42059001326560974,0.4118277430534363,225016.0
2018-10-22,XPG.BK,0.4168350100517273,0.42059001326560974,0.41308000683784485,0.4168350100517273,0.40815094113349915,568799.0
2018-10-24,XPG.BK,0.42059001326560974,0.42059001326560974,0.41308000683784485,0.41308000683784485,0.4044741690158844,260167.0
2018-10-25,XPG.BK,0.41308000683784485,0.41308000683784485,0.39805901050567627,0.4055689871311188,0.3971196413040161,1818508.0
2018-10-26,XPG.BK,0.41308000683784485,0.41308000683784485,0.4018140137195587,0.4093239903450012,0.40079641342163086,770116.0
2018-10-29,XPG.BK,0.4055689871311188,0.4093239903450012,0.39805901050567627,0.39805901050567627,0.389766126871109,436186.0
2018-10-30,XPG.BK,0.4018140137195587,0.4055689871311188,0.39805901050567627,0.4055689871311188,0.3971196413040161,105185.0
2018-10-31,XPG.BK,0.4055689871311188,0.4055689871311188,0.4055689871311188,0.4055689871311188,0.3971196413040161,95598.0
2018-11-01,XPG.BK,0.4055689871311188,0.4055689871311188,0.4018140137195587,0.4055689871311188,0.3971196413040161,697152.0
2018-11-02,XPG.BK,0.39805901050567627,0.4093239903450012,0.39805901050567627,0.4093239903450012,0.40079641342163086,520334.0
2018-11-05,XPG.BK,0.39805901050567627,0.4055689871311188,0.39805901050567627,0.4055689871311188,0.3971196413040161,513943.0
2018-11-06,XPG.BK,0.4055689871311188,0.4055689871311188,0.4018140137195587,0.4055689871311188,0.3971196413040161,184007.0
2018-11-07,XPG.BK,0.4055689871311188,0.4055689871311188,0.39430299401283264,0.4018140137195587,0.39344289898872375,1397767.0
2018-11-08,XPG.BK,0.4018140137195587,0.4018140137195587,0.39430299401283264,0.39805901050567627,0.389766126871109,739759.0
2018-11-09,XPG.BK,0.39805901050567627,0.4018140137195587,0.39430299401283264,0.39805901050567627,0.389766126871109,340587.0
2018-11-12,XPG.BK,0.39805901050567627,0.4018140137195587,0.3905479907989502,0.39805901050567627,0.389766126871109,327006.0
2018-11-13,XPG.BK,0.39805901050567627,0.39805901050567627,0.39430299401283264,0.39430299401283264,0.3860883414745331,110244.0
2018-11-14,XPG.BK,0.39805901050567627,0.39805901050567627,0.3905479907989502,0.3905479907989502,0.38241156935691833,831630.0
2018-11-15,XPG.BK,0.39430299401283264,0.39430299401283264,0.3830380141735077,0.3830380141735077,0.37505805492401123,2303959.0
2018-11-16,XPG.BK,0.38679298758506775,0.3905479907989502,0.3830380141735077,0.3905479907989502,0.38241156935691833,280671.0
2018-11-19,XPG.BK,0.3830380141735077,0.3905479907989502,0.3830380141735077,0.3905479907989502,0.38241156935691833,314490.0
2018-11-20,XPG.BK,0.3830380141735077,0.3905479907989502,0.3830380141735077,0.3830380141735077,0.37505805492401123,1383653.0
2018-11-21,XPG.BK,0.37928199768066406,0.37928199768066406,0.37177199125289917,0.37177199125289917,0.3640267550945282,5015345.0
2018-11-22,XPG.BK,0.37177199125289917,0.37928199768066406,0.37177199125289917,0.37928199768066406,0.3713802993297577,1601746.0
2018-11-23,XPG.BK,0.37928199768066406,0.3830380141735077,0.3755269944667816,0.37928199768066406,0.3713802993297577,536045.0
2018-11-26,XPG.BK,0.3755269944667816,0.39805901050567627,0.3755269944667816,0.3905479907989502,0.38241156935691833,1403625.0
2018-11-27,XPG.BK,0.39805901050567627,0.39805901050567627,0.37928199768066406,0.38679298758506775,0.3787347972393036,673985.0
2018-11-28,XPG.BK,0.39430299401283264,0.42059001326560974,0.3905479907989502,0.4018140137195587,0.39344289898872375,2171079.0
2018-11-29,XPG.BK,0.4055689871311188,0.4055689871311188,0.39805901050567627,0.39805901050567627,0.389766126871109,746683.0
2018-11-30,XPG.BK,0.4018140137195587,0.4018140137195587,0.3830380141735077,0.39805901050567627,0.389766126871109,560278.0
2018-12-03,XPG.BK,0.39805901050567627,0.424345999956131,0.39430299401283264,0.41308000683784485,0.4044741690158844,3992783.0
2018-12-04,XPG.BK,0.41308000683784485,0.42059001326560974,0.4093239903450012,0.41308000683784485,0.4044741690158844,588239.0
2018-12-06,XPG.BK,0.4093239903450012,0.42059001326560974,0.39805901050567627,0.4018140137195587,0.39344289898872375,1852327.0
2018-12-07,XPG.BK,0.4055689871311188,0.4093239903450012,0.4018140137195587,0.4018140137195587,0.39344289898872375,1521060.0
2018-12-11,XPG.BK,0.4055689871311188,0.4055689871311188,0.39805901050567627,0.4018140137195587,0.39344289898872375,2356685.0
2018-12-12,XPG.BK,0.39805901050567627,0.4055689871311188,0.39430299401283264,0.4018140137195587,0.39344289898872375,233804.0
2018-12-13,XPG.BK,0.39805901050567627,0.4018140137195587,0.39430299401283264,0.39805901050567627,0.389766126871109,72431.0
2018-12-14,XPG.BK,0.39805901050567627,0.39805901050567627,0.38679298758506775,0.39430299401283264,0.3860883414745331,1254768.0
2018-12-17,XPG.BK,0.39430299401283264,0.39430299401283264,0.38679298758506775,0.38679298758506775,0.3787347972393036,237266.0
2018-12-18,XPG.BK,0.38679298758506775,0.3905479907989502,0.3830380141735077,0.38679298758506775,0.3787347972393036,737895.0
2018-12-19,XPG.BK,0.3830380141735077,0.38679298758506775,0.3830380141735077,0.38679298758506775,0.3787347972393036,352304.0
2018-12-20,XPG.BK,0.38679298758506775,0.38679298758506775,0.37928199768066406,0.3830380141735077,0.37505805492401123,382661.0
2018-12-21,XPG.BK,0.38679298758506775,0.38679298758506775,0.3830380141735077,0.38679298758506775,0.3787347972393036,46867.0
2018-12-24,XPG.BK,0.3830380141735077,0.3905479907989502,0.3755269944667816,0.3830380141735077,0.37505805492401123,995666.0
2018-12-25,XPG.BK,0.3830380141735077,0.3830380141735077,0.36801600456237793,0.37928199768066406,0.3713802993297577,1273675.0
2018-12-26,XPG.BK,0.37928199768066406,0.37928199768066406,0.3755269944667816,0.37928199768066406,0.3713802993297577,345647.0
2018-12-27,XPG.BK,0.37928199768066406,0.38679298758506775,0.3755269944667816,0.3830380141735077,0.37505805492401123,738161.0
2018-12-28,XPG.BK,0.3830380141735077,0.3830380141735077,0.37177199125289917,0.3755269944667816,0.36770352721214294,2407280.0
2019-01-02,XPG.BK,0.3755269944667816,0.3755269944667816,0.36801600456237793,0.37177199125289917,0.3640267550945282,2260021.0
2019-01-03,XPG.BK,0.3755269944667816,0.3755269944667816,0.36801600456237793,0.36801600456237793,0.36034899950027466,1799335.0
2019-01-04,XPG.BK,0.37177199125289917,0.3755269944667816,0.36801600456237793,0.37177199125289917,0.3640267550945282,854265.0
2019-01-07,XPG.BK,0.3755269944667816,0.3755269944667816,0.37177199125289917,0.37177199125289917,0.3640267550945282,378933.0
2019-01-08,XPG.BK,0.37177199125289917,0.3755269944667816,0.37177199125289917,0.3755269944667816,0.36770352721214294,204512.0
2019-01-09,XPG.BK,0.3755269944667816,0.3755269944667816,0.37177199125289917,0.3755269944667816,0.36770352721214294,643628.0
2019-01-10,XPG.BK,0.3755269944667816,0.3755269944667816,0.36801600456237793,0.3755269944667816,0.36770352721214294,1073423.0
2019-01-11,XPG.BK,0.3755269944667816,0.3755269944667816,0.37177199125289917,0.37177199125289917,0.3640267550945282,608743.0
2019-01-14,XPG.BK,0.37177199125289917,0.37177199125289917,0.36801600456237793,0.37177199125289917,0.3640267550945282,376803.0
2019-01-15,XPG.BK,0.37177199125289917,0.3755269944667816,0.37177199125289917,0.3755269944667816,0.36770352721214294,249781.0
2019-01-16,XPG.BK,0.3755269944667816,0.3755269944667816,0.37177199125289917,0.37177199125289917,0.3640267550945282,149123.0
2019-01-17,XPG.BK,0.3755269944667816,0.3755269944667816,0.37177199125289917,0.3755269944667816,0.36770352721214294,359494.0
2019-01-18,XPG.BK,0.37177199125289917,0.3755269944667816,0.37177199125289917,0.3755269944667816,0.36770352721214294,542703.0
2019-01-21,XPG.BK,0.3755269944667816,0.3755269944667816,0.37177199125289917,0.37177199125289917,0.3640267550945282,439381.0
2019-01-22,XPG.BK,0.3755269944667816,0.3755269944667816,0.37177199125289917,0.3755269944667816,0.36770352721214294,684903.0
2019-01-23,XPG.BK,0.3755269944667816,0.3755269944667816,0.36801600456237793,0.3755269944667816,0.36770352721214294,662801.0
2019-01-24,XPG.BK,0.3755269944667816,0.3755269944667816,0.37177199125289917,0.3755269944667816,0.36770352721214294,275612.0
2019-01-25,XPG.BK,0.37177199125289917,0.3755269944667816,0.37177199125289917,0.3755269944667816,0.36770352721214294,1559672.0
2019-01-28,XPG.BK,0.3755269944667816,0.37928199768066406,0.37177199125289917,0.3755269944667816,0.36770352721214294,1688558.0
2019-01-29,XPG.BK,0.37177199125289917,0.3755269944667816,0.37177199125289917,0.37177199125289917,0.3640267550945282,1358888.0
2019-01-30,XPG.BK,0.37177199125289917,0.3755269944667816,0.37177199125289917,0.37177199125289917,0.3640267550945282,591967.0
2019-01-31,XPG.BK,0.3755269944667816,0.37928199768066406,0.37177199125289917,0.3755269944667816,0.36770352721214294,2113027.0
2019-02-01,XPG.BK,0.3755269944667816,0.3830380141735077,0.3755269944667816,0.37928199768066406,0.3713802993297577,480124.0
2019-02-04,XPG.BK,0.3755269944667816,0.37928199768066406,0.3755269944667816,0.37928199768066406,0.3713802993297577,2306622.0
2019-02-05,XPG.BK,0.37928199768066406,0.3830380141735077,0.3755269944667816,0.3830380141735077,0.37505805492401123,2536698.0
2019-02-06,XPG.BK,0.3830380141735077,0.38679298758506775,0.37928199768066406,0.3830380141735077,0.37505805492401123,1353030.0
2019-02-07,XPG.BK,0.3830380141735077,0.42059001326560974,0.3830380141735077,0.39805901050567627,0.389766126871109,29652424.0
2019-02-08,XPG.BK,0.39805901050567627,0.41308000683784485,0.38679298758506775,0.41308000683784485,0.4044741690158844,13091452.0
2019-02-11,XPG.BK,0.41308000683784485,0.41308000683784485,0.39805901050567627,0.39805901050567627,0.389766126871109,7653501.0
2019-02-12,XPG.BK,0.4018140137195587,0.4018140137195587,0.39805901050567627,0.4018140137195587,0.39344289898872375,1574318.0
2019-02-13,XPG.BK,0.4018140137195587,0.41308000683784485,0.39805901050567627,0.4018140137195587,0.39344289898872375,8572741.0
2019-02-14,XPG.BK,0.4018140137195587,0.42059001326560974,0.4018140137195587,0.4018140137195587,0.39344289898872375,32876688.0
2019-02-15,XPG.BK,0.4018140137195587,0.4018140137195587,0.3905479907989502,0.39430299401283264,0.3860883414745331,4260673.0
2019-02-18,XPG.BK,0.39430299401283264,0.4055689871311188,0.3905479907989502,0.3905479907989502,0.38241156935691833,5920472.0
2019-02-20,XPG.BK,0.3905479907989502,0.39430299401283264,0.3905479907989502,0.39430299401283264,0.3860883414745331,904327.0
2019-02-21,XPG.BK,0.39430299401283264,0.39430299401283264,0.3830380141735077,0.38679298758506775,0.3787347972393036,3050376.0
2019-02-22,XPG.BK,0.38679298758506775,0.3905479907989502,0.3830380141735077,0.3830380141735077,0.37505805492401123,2911371.0
2019-02-25,XPG.BK,0.3830380141735077,0.38679298758506775,0.37928199768066406,0.3830380141735077,0.37505805492401123,4876340.0
2019-02-26,XPG.BK,0.3830380141735077,0.38679298758506775,0.37928199768066406,0.3830380141735077,0.37505805492401123,2566789.0
2019-02-27,XPG.BK,0.3830380141735077,0.38679298758506775,0.3830380141735077,0.38679298758506775,0.3787347972393036,5915412.0
2019-02-28,XPG.BK,0.38679298758506775,0.3905479907989502,0.3830380141735077,0.38679298758506775,0.3787347972393036,1071026.0
2019-03-01,XPG.BK,0.38679298758506775,0.39430299401283264,0.38679298758506775,0.3905479907989502,0.38241156935691833,1821970.0
2019-03-04,XPG.BK,0.39430299401283264,0.39805901050567627,0.3905479907989502,0.39430299401283264,0.3860883414745331,1850463.0
2019-03-05,XPG.BK,0.3905479907989502,0.4018140137195587,0.3905479907989502,0.39430299401283264,0.3860883414745331,1781760.0
2019-03-06,XPG.BK,0.39805901050567627,0.4018140137195587,0.38679298758506775,0.38679298758506775,0.3787347972393036,2789676.0
2019-03-07,XPG.BK,0.3905479907989502,0.39805901050567627,0.3905479907989502,0.39430299401283264,0.3860883414745331,2078143.0
2019-03-08,XPG.BK,0.38679298758506775,0.39805901050567627,0.38679298758506775,0.39430299401283264,0.3860883414745331,1194053.0
2019-03-11,XPG.BK,0.39430299401283264,0.4055689871311188,0.39430299401283264,0.4018140137195587,0.39344289898872375,5998762.0
2019-03-12,XPG.BK,0.4055689871311188,0.4093239903450012,0.39805901050567627,0.4018140137195587,0.39344289898872375,5388953.0
2019-03-13,XPG.BK,0.4018140137195587,0.4055689871311188,0.4018140137195587,0.4055689871311188,0.3971196413040161,1495762.0
2019-03-14,XPG.BK,0.4055689871311188,0.4055689871311188,0.39805901050567627,0.4055689871311188,0.3971196413040161,1540499.0
2019-03-15,XPG.BK,0.4055689871311188,0.4055689871311188,0.39805901050567627,0.4018140137195587,0.39344289898872375,2769970.0
2019-03-18,XPG.BK,0.4055689871311188,0.4093239903450012,0.39805901050567627,0.4018140137195587,0.39344289898872375,1585503.0
2019-03-19,XPG.BK,0.4018140137195587,0.4055689871311188,0.39805901050567627,0.4055689871311188,0.3971196413040161,385324.0
2019-03-20,XPG.BK,0.4055689871311188,0.4055689871311188,0.4018140137195587,0.4018140137195587,0.39344289898872375,442843.0
2019-03-21,XPG.BK,0.4018140137195587,0.4055689871311188,0.39430299401283264,0.4018140137195587,0.39344289898872375,1980946.0
2019-03-22,XPG.BK,0.4018140137195587,0.4055689871311188,0.39805901050567627,0.4055689871311188,0.3971196413040161,3104699.0
2019-03-25,XPG.BK,0.4018140137195587,0.4093239903450012,0.39805901050567627,0.4093239903450012,0.40079641342163086,703277.0
2019-03-26,XPG.BK,0.4055689871311188,0.4093239903450012,0.4018140137195587,0.4093239903450012,0.40079641342163086,619395.0
2019-03-27,XPG.BK,0.4055689871311188,0.4093239903450012,0.4018140137195587,0.4055689871311188,0.3971196413040161,2206762.0
2019-03-28,XPG.BK,0.4055689871311188,0.41308000683784485,0.4018140137195587,0.4093239903450012,0.40079641342163086,4281710.0
2019-03-29,XPG.BK,0.4018140137195587,0.4018140137195587,0.39805901050567627,0.4018140137195587,0.39344289898872375,1141594.0
2019-04-01,XPG.BK,0.39805901050567627,0.4055689871311188,0.39805901050567627,0.4018140137195587,0.39344289898872375,366684.0
2019-04-02,XPG.BK,0.39805901050567627,0.39805901050567627,0.39430299401283264,0.39805901050567627,0.389766126871109,857194.0
2019-04-03,XPG.BK,0.4018140137195587,0.4018140137195587,0.3905479907989502,0.39805901050567627,0.389766126871109,293453.0
2019-04-04,XPG.BK,0.39805901050567627,0.4018140137195587,0.39430299401283264,0.4018140137195587,0.39344289898872375,69502.0
2019-04-05,XPG.BK,0.39430299401283264,0.4018140137195587,0.39430299401283264,0.4018140137195587,0.39344289898872375,206908.0
2019-04-09,XPG.BK,0.4018140137195587,0.4018140137195587,0.39430299401283264,0.39805901050567627,0.389766126871109,619129.0
2019-04-10,XPG.BK,0.4018140137195587,0.4018140137195587,0.3905479907989502,0.39805901050567627,0.389766126871109,932022.0
2019-04-11,XPG.BK,0.4018140137195587,0.4018140137195587,0.39430299401283264,0.4018140137195587,0.39344289898872375,84680.0
2019-04-12,XPG.BK,0.39805901050567627,0.39805901050567627,0.39430299401283264,0.39805901050567627,0.389766126871109,133146.0
2019-04-17,XPG.BK,0.39430299401283264,0.39805901050567627,0.3905479907989502,0.3905479907989502,0.38241156935691833,2190518.0
2019-04-18,XPG.BK,0.3905479907989502,0.39430299401283264,0.3905479907989502,0.39430299401283264,0.3860883414745331,497699.0
2019-04-19,XPG.BK,0.3905479907989502,0.39430299401283264,0.38679298758506775,0.39430299401283264,0.3860883414745331,1951388.0
2019-04-22,XPG.BK,0.39430299401283264,0.39805901050567627,0.3905479907989502,0.39805901050567627,0.389766126871109,1795873.0
2019-04-23,XPG.BK,0.39805901050567627,0.4018140137195587,0.39430299401283264,0.39805901050567627,0.389766126871109,3021083.0
2019-04-24,XPG.BK,0.39805901050567627,0.4018140137195587,0.39430299401283264,0.39805901050567627,0.389766126871109,3209618.0
2019-04-25,XPG.BK,0.39805901050567627,0.4018140137195587,0.39430299401283264,0.4018140137195587,0.39344289898872375,2604336.0
2019-04-26,XPG.BK,0.39805901050567627,0.4018140137195587,0.39430299401283264,0.39805901050567627,0.389766126871109,1468334.0
2019-04-29,XPG.BK,0.39430299401283264,0.39430299401283264,0.38679298758506775,0.39430299401283264,0.3860883414745331,1669917.0
2019-04-30,XPG.BK,0.39430299401283264,0.39805901050567627,0.38679298758506775,0.39805901050567627,0.389766126871109,3019486.0
2019-05-02,XPG.BK,0.39430299401283264,0.39430299401283264,0.3905479907989502,0.39430299401283264,0.3860883414745331,415415.0
2019-05-03,XPG.BK,0.39430299401283264,0.39805901050567627,0.3905479907989502,0.39805901050567627,0.389766126871109,989807.0
2019-05-07,XPG.BK,0.39430299401283264,0.39805901050567627,0.3905479907989502,0.39430299401283264,0.3860883414745331,1015904.0
2019-05-08,XPG.BK,0.3905479907989502,0.39430299401283264,0.3905479907989502,0.3905479907989502,0.38241156935691833,676648.0
2019-05-09,XPG.BK,0.3905479907989502,0.39430299401283264,0.38679298758506775,0.3905479907989502,0.38241156935691833,262031.0
2019-05-10,XPG.BK,0.3830380141735077,0.38679298758506775,0.37177199125289917,0.37928199768066406,0.3713802993297577,6010212.0
2019-05-13,XPG.BK,0.37928199768066406,0.38679298758506775,0.3755269944667816,0.37928199768066406,0.3713802993297577,892611.0
2019-05-14,XPG.BK,0.37928199768066406,0.37928199768066406,0.36801600456237793,0.3755269944667816,0.36770352721214294,2382249.0
2019-05-15,XPG.BK,0.37177199125289917,0.3755269944667816,0.3567509949207306,0.37177199125289917,0.3640267550945282,2414736.0
2019-05-16,XPG.BK,0.36801600456237793,0.3755269944667816,0.36801600456237793,0.3755269944667816,0.36770352721214294,926163.0
2019-05-17,XPG.BK,0.3755269944667816,0.3755269944667816,0.37177199125289917,0.3755269944667816,0.36770352721214294,133146.0
2019-05-21,XPG.BK,0.3755269944667816,0.3755269944667816,0.36050599813461304,0.36050599813461304,0.35299545526504517,2689816.0
2019-05-22,XPG.BK,0.3642610013484955,0.36801600456237793,0.3567509949207306,0.3642610013484955,0.3566722273826599,2886606.0
2019-05-23,XPG.BK,0.3642610013484955,0.3642610013484955,0.3567509949207306,0.36050599813461304,0.35299545526504517,1575384.0
2019-05-24,XPG.BK,0.36050599813461304,0.3642610013484955,0.35299500823020935,0.3567509949207306,0.3493186831474304,1511473.0
2019-05-27,XPG.BK,0.35299500823020935,0.3642610013484955,0.35299500823020935,0.36050599813461304,0.35299545526504517,5622491.0
2019-05-28,XPG.BK,0.36050599813461304,0.3642610013484955,0.3567509949207306,0.3642610013484955,0.3566722273826599,487048.0
2019-05-29,XPG.BK,0.3642610013484955,0.3642610013484955,0.3567509949207306,0.36050599813461304,0.35299545526504517,1317080.0
2019-05-30,XPG.BK,0.36050599813461304,0.36050599813461304,0.35299500823020935,0.36050599813461304,0.35299545526504517,1457949.0
2019-05-31,XPG.BK,0.36050599813461304,0.3642610013484955,0.3567509949207306,0.36050599813461304,0.35299545526504517,839885.0
2019-06-04,XPG.BK,0.36050599813461304,0.36801600456237793,0.36050599813461304,0.3642610013484955,0.3566722273826599,1606007.0
2019-06-05,XPG.BK,0.3642610013484955,0.36801600456237793,0.36050599813461304,0.3642610013484955,0.3566722273826599,606347.0
2019-06-06,XPG.BK,0.3642610013484955,0.3830380141735077,0.3642610013484955,0.36801600456237793,0.36034899950027466,2702864.0
2019-06-07,XPG.BK,0.36801600456237793,0.36801600456237793,0.3567509949207306,0.36050599813461304,0.35299545526504517,3728089.0
2019-06-10,XPG.BK,0.36050599813461304,0.3642610013484955,0.3567509949207306,0.36050599813461304,0.35299545526504517,1063304.0
2019-06-11,XPG.BK,0.36050599813461304,0.36050599813461304,0.3567509949207306,0.3567509949207306,0.3493186831474304,1687493.0
2019-06-12,XPG.BK,0.3567509949207306,0.36050599813461304,0.35299500823020935,0.3567509949207306,0.3493186831474304,3213879.0
2019-06-13,XPG.BK,0.3567509949207306,0.3567509949207306,0.35299500823020935,0.3567509949207306,0.3493186831474304,2681561.0
2019-06-14,XPG.BK,0.3567509949207306,0.3567509949207306,0.35299500823020935,0.35299500823020935,0.34564095735549927,1398566.0
2019-06-17,XPG.BK,0.35299500823020935,0.35299500823020935,0.33797401189804077,0.33797401189804077,0.3309328854084015,13359874.0
2019-06-18,XPG.BK,0.33797401189804077,0.34548500180244446,0.33797401189804077,0.341729998588562,0.33461064100265503,4137114.0
2019-06-19,XPG.BK,0.341729998588562,0.34548500180244446,0.341729998588562,0.34548500180244446,0.3382874131202698,3228259.0
2019-06-20,XPG.BK,0.34548500180244446,0.3492400050163269,0.341729998588562,0.34548500180244446,0.3382874131202698,1715720.0
2019-06-21,XPG.BK,0.34548500180244446,0.3492400050163269,0.341729998588562,0.34548500180244446,0.3382874131202698,2294106.0
2019-06-24,XPG.BK,0.34548500180244446,0.3492400050163269,0.341729998588562,0.3492400050163269,0.3419641852378845,2159096.0
2019-06-25,XPG.BK,0.3492400050163269,0.3492400050163269,0.341729998588562,0.3492400050163269,0.3419641852378845,385324.0
2019-06-26,XPG.BK,0.3492400050163269,0.3492400050163269,0.34548500180244446,0.34548500180244446,0.3382874131202698,1001790.0
2019-06-27,XPG.BK,0.34548500180244446,0.34548500180244446,0.341729998588562,0.34548500180244446,0.3382874131202698,440713.0
2019-06-28,XPG.BK,0.34548500180244446,0.34548500180244446,0.341729998588562,0.34548500180244446,0.3382874131202698,2540959.0
2019-07-01,XPG.BK,0.34548500180244446,0.34548500180244446,0.341729998588562,0.34548500180244446,0.3382874131202698,1475258.0
2019-07-02,XPG.BK,0.341729998588562,0.34548500180244446,0.33797401189804077,0.341729998588562,0.33461064100265503,2414470.0
2019-07-03,XPG.BK,0.341729998588562,0.341729998588562,0.33797401189804077,0.341729998588562,0.33461064100265503,1151180.0
2019-07-04,XPG.BK,0.33797401189804077,0.35299500823020935,0.33797401189804077,0.341729998588562,0.33461064100265503,9879436.0
2019-07-05,XPG.BK,0.341729998588562,0.34548500180244446,0.33797401189804077,0.341729998588562,0.33461064100265503,1341313.0
2019-07-08,XPG.BK,0.341729998588562,0.341729998588562,0.3342190086841583,0.341729998588562,0.33461064100265503,6532944.0
2019-07-09,XPG.BK,0.341729998588562,0.341729998588562,0.33797401189804077,0.341729998588562,0.33461064100265503,1718382.0
2019-07-10,XPG.BK,0.341729998588562,0.3567509949207306,0.33797401189804077,0.34548500180244446,0.3382874131202698,7811678.0
2019-07-11,XPG.BK,0.34548500180244446,0.3492400050163269,0.341729998588562,0.341729998588562,0.33461064100265503,2018227.0
2019-07-12,XPG.BK,0.341729998588562,0.34548500180244446,0.341729998588562,0.34548500180244446,0.3382874131202698,1952453.0
2019-07-15,XPG.BK,0.341729998588562,0.34548500180244446,0.341729998588562,0.341729998588562,0.33461064100265503,1214025.0
2019-07-17,XPG.BK,0.341729998588562,0.34548500180244446,0.341729998588562,0.341729998588562,0.33461064100265503,1221481.0
2019-07-18,XPG.BK,0.341729998588562,0.34548500180244446,0.341729998588562,0.341729998588562,0.33461064100265503,857194.0
2019-07-19,XPG.BK,0.341729998588562,0.34548500180244446,0.341729998588562,0.34548500180244446,0.3382874131202698,226614.0
2019-07-22,XPG.BK,0.34548500180244446,0.34548500180244446,0.33797401189804077,0.341729998588562,0.33461064100265503,2092523.0
2019-07-23,XPG.BK,0.341729998588562,0.341729998588562,0.33797401189804077,0.341729998588562,0.33461064100265503,559479.0
2019-07-24,XPG.BK,0.341729998588562,0.341729998588562,0.33797401189804077,0.341729998588562,0.33461064100265503,120896.0
2019-07-25,XPG.BK,0.33797401189804077,0.341729998588562,0.33797401189804077,0.33797401189804077,0.3309328854084015,769850.0
2019-07-26,XPG.BK,0.33797401189804077,0.341729998588562,0.33797401189804077,0.341729998588562,0.33461064100265503,2362277.0
2019-07-30,XPG.BK,0.341729998588562,0.341729998588562,0.33797401189804077,0.341729998588562,0.33461064100265503,1654206.0
2019-07-31,XPG.BK,0.341729998588562,0.341729998588562,0.3342190086841583,0.341729998588562,0.33461064100265503,935217.0
2019-08-01,XPG.BK,0.341729998588562,0.341729998588562,0.3342190086841583,0.341729998588562,0.33461064100265503,1157838.0
2019-08-02,XPG.BK,0.341729998588562,0.341729998588562,0.3342190086841583,0.33797401189804077,0.3309328854084015,1632636.0
2019-08-05,XPG.BK,0.33797401189804077,0.33797401189804077,0.3304640054702759,0.33797401189804077,0.3309328854084015,669192.0
2019-08-06,XPG.BK,0.3342190086841583,0.33797401189804077,0.3304640054702759,0.33797401189804077,0.3309328854084015,865981.0
2019-08-07,XPG.BK,0.3342190086841583,0.33797401189804077,0.3304640054702759,0.3304640054702759,0.323579341173172,982884.0
2019-08-08,XPG.BK,0.3342190086841583,0.3342190086841583,0.31919801235198975,0.3304640054702759,0.323579341173172,3723029.0
2019-08-09,XPG.BK,0.32670798897743225,0.33797401189804077,0.3154430091381073,0.33797401189804077,0.3309328854084015,6818142.0
2019-08-13,XPG.BK,0.3304640054702759,0.3304640054702759,0.3154430091381073,0.3154430091381073,0.3088712990283966,1825166.0
2019-08-14,XPG.BK,0.31919801235198975,0.31919801235198975,0.31168699264526367,0.3154430091381073,0.3088712990283966,779436.0
2019-08-15,XPG.BK,0.31168699264526367,0.31919801235198975,0.3079319894313812,0.3154430091381073,0.3088712990283966,1118426.0
2019-08-16,XPG.BK,0.31168699264526367,0.32670798897743225,0.31168699264526367,0.3229529857635498,0.3162248134613037,1795075.0
2019-08-19,XPG.BK,0.3229529857635498,0.32670798897743225,0.3229529857635498,0.32670798897743225,0.31990158557891846,214897.0
2019-08-20,XPG.BK,0.32670798897743225,0.32670798897743225,0.3229529857635498,0.3229529857635498,0.3162248134613037,872905.0
2019-08-21,XPG.BK,0.3229529857635498,0.32670798897743225,0.31919801235198975,0.3229529857635498,0.3162248134613037,717124.0
2019-08-22,XPG.BK,0.31919801235198975,0.32670798897743225,0.31919801235198975,0.3229529857635498,0.3162248134613037,781034.0
2019-08-23,XPG.BK,0.3229529857635498,0.3229529857635498,0.31919801235198975,0.3229529857635498,0.3162248134613037,390117.0
2019-08-26,XPG.BK,0.3154430091381073,0.31919801235198975,0.30042099952697754,0.3079319894313812,0.30151674151420593,4460925.0
2019-08-27,XPG.BK,0.31168699264526367,0.3154430091381073,0.3041769862174988,0.3041769862174988,0.2978399693965912,2587826.0
2019-08-28,XPG.BK,0.3041769862174988,0.31168699264526367,0.3041769862174988,0.3041769862174988,0.2978399693965912,704076.0
2019-08-29,XPG.BK,0.3041769862174988,0.31168699264526367,0.3041769862174988,0.3079319894313812,0.30151674151420593,786626.0
2019-08-30,XPG.BK,0.3079319894313812,0.31168699264526367,0.3079319894313812,0.31168699264526367,0.3051935136318207,553354.0
2019-09-02,XPG.BK,0.31168699264526367,0.31168699264526367,0.3079319894313812,0.31168699264526367,0.3051935136318207,386123.0
2019-09-03,XPG.BK,0.31168699264526367,0.31168699264526367,0.3041769862174988,0.3079319894313812,0.30151674151420593,337924.0
2019-09-04,XPG.BK,0.31168699264526367,0.31168699264526367,0.3079319894313812,0.3079319894313812,0.30151674151420593,318219.0
2019-09-05,XPG.BK,0.3079319894313812,0.31168699264526367,0.3079319894313812,0.31168699264526367,0.3051935136318207,3824753.0
2019-09-06,XPG.BK,0.3079319894313812,0.31168699264526367,0.3041769862174988,0.31168699264526367,0.3051935136318207,344848.0
2019-09-09,XPG.BK,0.3079319894313812,0.31168699264526367,0.3041769862174988,0.31168699264526367,0.3051935136318207,194393.0
2019-09-10,XPG.BK,0.31168699264526367,0.33797401189804077,0.3079319894313812,0.3342190086841583,0.32725611329078674,8943952.0
2019-09-11,XPG.BK,0.3342190086841583,0.3342190086841583,0.32670798897743225,0.32670798897743225,0.31990158557891846,765323.0
2019-09-12,XPG.BK,0.3304640054702759,0.3304640054702759,0.31919801235198975,0.31919801235198975,0.31254807114601135,1045729.0
2019-09-13,XPG.BK,0.3342190086841583,0.34548500180244446,0.3342190086841583,0.34548500180244446,0.3382874131202698,5644061.0
2019-09-16,XPG.BK,0.34548500180244446,0.34548500180244446,0.3304640054702759,0.3304640054702759,0.323579341173172,2385977.0
2019-09-17,XPG.BK,0.33797401189804077,0.3567509949207306,0.33797401189804077,0.341729998588562,0.33461064100265503,3014160.0
2019-09-18,XPG.BK,0.341729998588562,0.34548500180244446,0.341729998588562,0.34548500180244446,0.3382874131202698,1615860.0
2019-09-19,XPG.BK,0.34548500180244446,0.3492400050163269,0.341729998588562,0.3492400050163269,0.3419641852378845,1830758.0
2019-09-20,XPG.BK,0.341729998588562,0.3492400050163269,0.341729998588562,0.34548500180244446,0.3382874131202698,562675.0
2019-09-23,XPG.BK,0.341729998588562,0.3492400050163269,0.341729998588562,0.34548500180244446,0.3382874131202698,349108.0
2019-09-24,XPG.BK,0.341729998588562,0.34548500180244446,0.33797401189804077,0.341729998588562,0.33461064100265503,290258.0
2019-09-25,XPG.BK,0.33797401189804077,0.33797401189804077,0.31919801235198975,0.3304640054702759,0.323579341173172,1562602.0
2019-09-26,XPG.BK,0.3304640054702759,0.3342190086841583,0.3304640054702759,0.3342190086841583,0.32725611329078674,391715.0
2019-09-27,XPG.BK,0.3304640054702759,0.33797401189804077,0.3304640054702759,0.33797401189804077,0.3309328854084015,532317.0
2019-09-30,XPG.BK,0.3342190086841583,0.33797401189804077,0.3304640054702759,0.3342190086841583,0.32725611329078674,321414.0
2019-10-01,XPG.BK,0.341729998588562,0.34548500180244446,0.3342190086841583,0.33797401189804077,0.3309328854084015,502493.0
2019-10-02,XPG.BK,0.3342190086841583,0.3342190086841583,0.32670798897743225,0.3304640054702759,0.323579341173172,565071.0
2019-10-03,XPG.BK,0.3229529857635498,0.3304640054702759,0.3229529857635498,0.3304640054702759,0.323579341173172,150455.0
2019-10-04,XPG.BK,0.3229529857635498,0.3304640054702759,0.3229529857635498,0.3229529857635498,0.3162248134613037,268422.0
2019-10-07,XPG.BK,0.3229529857635498,0.32670798897743225,0.31919801235198975,0.32670798897743225,0.31990158557891846,321414.0
2019-10-08,XPG.BK,0.32670798897743225,0.32670798897743225,0.31919801235198975,0.32670798897743225,0.31990158557891846,199985.0
2019-10-09,XPG.BK,0.31919801235198975,0.32670798897743225,0.3154430091381073,0.3229529857635498,0.3162248134613037,896339.0
2019-10-10,XPG.BK,0.31919801235198975,0.3229529857635498,0.31168699264526367,0.3229529857635498,0.3162248134613037,1923427.0
2019-10-11,XPG.BK,0.3229529857635498,0.3229529857635498,0.3154430091381073,0.3229529857635498,0.3162248134613037,786626.0
2019-10-15,XPG.BK,0.31919801235198975,0.31919801235198975,0.3154430091381073,0.31919801235198975,0.31254807114601135,636704.0
2019-10-16,XPG.BK,0.31919801235198975,0.3229529857635498,0.3154430091381073,0.3229529857635498,0.3162248134613037,857726.0
2019-10-17,XPG.BK,0.3229529857635498,0.3229529857635498,0.3154430091381073,0.3229529857635498,0.3162248134613037,242858.0
2019-10-18,XPG.BK,0.31919801235198975,0.3229529857635498,0.31168699264526367,0.31919801235198975,0.31254807114601135,1230802.0
2019-10-21,XPG.BK,0.31919801235198975,0.3229529857635498,0.3079319894313812,0.3154430091381073,0.3088712990283966,675316.0
2019-10-22,XPG.BK,0.31168699264526367,0.3154430091381073,0.31168699264526367,0.31168699264526367,0.3051935136318207,350972.0
2019-10-24,XPG.BK,0.3154430091381073,0.3154430091381073,0.3079319894313812,0.31168699264526367,0.3051935136318207,1471263.0
2019-10-25,XPG.BK,0.3079319894313812,0.3079319894313812,0.2891559898853302,0.29291099309921265,0.28680869936943054,4121935.0
2019-10-28,XPG.BK,0.2891559898853302,0.30042099952697754,0.28540000319480896,0.28540000319480896,0.27945417165756226,1790548.0
2019-10-29,XPG.BK,0.2891559898853302,0.2891559898853302,0.28540000319480896,0.28540000319480896,0.27945417165756226,334995.0
2019-10-30,XPG.BK,0.28540000319480896,0.2891559898853302,0.27788999676704407,0.2816449999809265,0.2757773995399475,1218286.0
2019-10-31,XPG.BK,0.28540000319480896,0.28540000319480896,0.2816449999809265,0.28540000319480896,0.27945417165756226,727510.0
2019-11-01,XPG.BK,0.28540000319480896,0.28540000319480896,0.27788999676704407,0.2816449999809265,0.2757773995399475,756269.0
2019-11-04,XPG.BK,0.2816449999809265,0.28540000319480896,0.2741349935531616,0.2741349935531616,0.268423855304718,1287788.0
2019-11-05,XPG.BK,0.27788999676704407,0.2816449999809265,0.2741349935531616,0.27788999676704407,0.27210062742233276,1085939.0
2019-11-06,XPG.BK,0.27788999676704407,0.27788999676704407,0.2741349935531616,0.27788999676704407,0.27210062742233276,1265686.0
2019-11-07,XPG.BK,0.2741349935531616,0.28540000319480896,0.2741349935531616,0.28540000319480896,0.27945417165756226,1472062.0
2019-11-08,XPG.BK,0.28540000319480896,0.2891559898853302,0.27788999676704407,0.28540000319480896,0.27945417165756226,748014.0
2019-11-11,XPG.BK,0.2816449999809265,0.2816449999809265,0.26662400364875793,0.2741349935531616,0.268423855304718,2645612.0
2019-11-12,XPG.BK,0.27788999676704407,0.2816449999809265,0.2741349935531616,0.2816449999809265,0.2757773995399475,663599.0
2019-11-13,XPG.BK,0.2816449999809265,0.2816449999809265,0.2703790068626404,0.27788999676704407,0.27210062742233276,910985.0
2019-11-14,XPG.BK,0.2703790068626404,0.27788999676704407,0.2703790068626404,0.27788999676704407,0.27210062742233276,591168.0
2019-11-15,XPG.BK,0.2703790068626404,0.27788999676704407,0.2703790068626404,0.2741349935531616,0.268423855304718,2538296.0
2019-11-18,XPG.BK,0.2703790068626404,0.2741349935531616,0.2703790068626404,0.2703790068626404,0.26474612951278687,212501.0
2019-11-19,XPG.BK,0.2703790068626404,0.2741349935531616,0.26662400364875793,0.2741349935531616,0.268423855304718,567734.0
2019-11-20,XPG.BK,0.2703790068626404,0.2741349935531616,0.2628690004348755,0.2741349935531616,0.268423855304718,3219737.0
2019-11-21,XPG.BK,0.2703790068626404,0.2703790068626404,0.2628690004348755,0.2628690004348755,0.257392555475235,883024.0
2019-11-22,XPG.BK,0.2628690004348755,0.26662400364875793,0.2628690004348755,0.26662400364875793,0.26106932759284973,774111.0
2019-11-25,XPG.BK,0.26662400364875793,0.2703790068626404,0.2628690004348755,0.26662400364875793,0.26106932759284973,967705.0
2019-11-26,XPG.BK,0.26662400364875793,0.2703790068626404,0.26662400364875793,0.2703790068626404,0.26474612951278687,175220.0
2019-11-27,XPG.BK,0.26662400364875793,0.2741349935531616,0.26662400364875793,0.2741349935531616,0.268423855304718,3032001.0
2019-11-28,XPG.BK,0.2741349935531616,0.2741349935531616,0.26662400364875793,0.2703790068626404,0.26474612951278687,751742.0
2019-11-29,XPG.BK,0.2703790068626404,0.2741349935531616,0.2628690004348755,0.2741349935531616,0.268423855304718,741623.0
2019-12-02,XPG.BK,0.2741349935531616,0.2741349935531616,0.2628690004348755,0.26662400364875793,0.26106932759284973,3055435.0
2019-12-03,XPG.BK,0.2628690004348755,0.26662400364875793,0.25911301374435425,0.2628690004348755,0.257392555475235,2532704.0
2019-12-04,XPG.BK,0.2628690004348755,0.2628690004348755,0.25911301374435425,0.2628690004348755,0.257392555475235,336060.0
2019-12-06,XPG.BK,0.2628690004348755,0.2628690004348755,0.25911301374435425,0.25911301374435425,0.25371482968330383,1060641.0
2019-12-09,XPG.BK,0.25911301374435425,0.25911301374435425,0.24409200251102448,0.24409200251102448,0.23900675773620605,3473780.0
2019-12-11,XPG.BK,0.24409200251102448,0.2478480041027069,0.23658199608325958,0.24033699929714203,0.2353299856185913,2457077.0
2019-12-12,XPG.BK,0.24033699929714203,0.2478480041027069,0.23658199608325958,0.24033699929714203,0.2353299856185913,1910912.0
2019-12-13,XPG.BK,0.24033699929714203,0.24409200251102448,0.23658199608325958,0.23658199608325958,0.23165321350097656,1169022.0
2019-12-16,XPG.BK,0.24033699929714203,0.24409200251102448,0.23658199608325958,0.23658199608325958,0.23165321350097656,1027088.0
2019-12-17,XPG.BK,0.23658199608325958,0.23658199608325958,0.2290710061788559,0.23658199608325958,0.23165321350097656,544034.0
2019-12-18,XPG.BK,0.23282699286937714,0.24033699929714203,0.23282699286937714,0.24033699929714203,0.2353299856185913,293986.0
2019-12-19,XPG.BK,0.24033699929714203,0.24409200251102448,0.23658199608325958,0.24033699929714203,0.2353299856185913,255906.0
2019-12-20,XPG.BK,0.24033699929714203,0.24409200251102448,0.23658199608325958,0.24409200251102448,0.23900675773620605,225016.0
2019-12-23,XPG.BK,0.24033699929714203,0.2478480041027069,0.24033699929714203,0.2478480041027069,0.2426845133304596,1460079.0
2019-12-24,XPG.BK,0.2478480041027069,0.2478480041027069,0.24033699929714203,0.24409200251102448,0.23900675773620605,687832.0
2019-12-25,XPG.BK,0.24409200251102448,0.24409200251102448,0.23658199608325958,0.24033699929714203,0.2353299856185913,1729034.0
2019-12-26,XPG.BK,0.24033699929714203,0.24033699929714203,0.24033699929714203,0.24033699929714203,0.2353299856185913,573593.0
2019-12-27,XPG.BK,0.24409200251102448,0.25160300731658936,0.24033699929714203,0.25160300731658936,0.24636128544807434,2768372.0
2019-12-30,XPG.BK,0.2478480041027069,0.28540000319480896,0.24409200251102448,0.28540000319480896,0.27945417165756226,6786454.0
2020-01-02,XPG.BK,0.27788999676704407,0.31168699264526367,0.2703790068626404,0.2891559898853302,0.2831319272518158,2498885.0
2020-01-03,XPG.BK,0.2891559898853302,0.3154430091381073,0.27788999676704407,0.3041769862174988,0.2978399693965912,3392827.0
2020-01-06,XPG.BK,0.3041769862174988,0.3041769862174988,0.2816449999809265,0.2966659963130951,0.2904854714870453,467608.0
2020-01-07,XPG.BK,0.30042099952697754,0.32670798897743225,0.28540000319480896,0.3154430091381073,0.3088712990283966,7860143.0
2020-01-08,XPG.BK,0.3154430091381073,0.3154430091381073,0.30042099952697754,0.3079319894313812,0.30151674151420593,739493.0
2020-01-09,XPG.BK,0.3304640054702759,0.3304640054702759,0.31168699264526367,0.3154430091381073,0.3088712990283966,1588432.0
2020-01-10,XPG.BK,0.3304640054702759,0.3304640054702759,0.3154430091381073,0.3229529857635498,0.3162248134613037,2596081.0
2020-01-13,XPG.BK,0.3154430091381073,0.31919801235198975,0.3079319894313812,0.31168699264526367,0.3051935136318207,953858.0
2020-01-14,XPG.BK,0.3154430091381073,0.3154430091381073,0.30042099952697754,0.3041769862174988,0.2978399693965912,932288.0
2020-01-15,XPG.BK,0.30042099952697754,0.3229529857635498,0.29291099309921265,0.31168699264526367,0.3051935136318207,2864770.0
2020-01-16,XPG.BK,0.3079319894313812,0.3304640054702759,0.3079319894313812,0.3229529857635498,0.3162248134613037,3854311.0
2020-01-17,XPG.BK,0.3229529857635498,0.3229529857635498,0.30042099952697754,0.3079319894313812,0.30151674151420593,3660451.0
2020-01-20,XPG.BK,0.3079319894313812,0.3079319894313812,0.3079319894313812,0.3079319894313812,0.30151674151420593,215962.0
2020-01-21,XPG.BK,0.3041769862174988,0.3041769862174988,0.2816449999809265,0.2816449999809265,0.2757773995399475,1539700.0
2020-01-22,XPG.BK,0.28540000319480896,0.29291099309921265,0.2816449999809265,0.2891559898853302,0.2831319272518158,2093588.0
2020-01-23,XPG.BK,0.2891559898853302,0.29291099309921265,0.2816449999809265,0.2816449999809265,0.2757773995399475,811658.0
2020-01-24,XPG.BK,0.2891559898853302,0.2891559898853302,0.2741349935531616,0.2741349935531616,0.268423855304718,414883.0
2020-01-27,XPG.BK,0.2741349935531616,0.2741349935531616,0.2553580105304718,0.26662400364875793,0.26106932759284973,2853319.0
2020-01-28,XPG.BK,0.2628690004348755,0.26662400364875793,0.25911301374435425,0.2628690004348755,0.257392555475235,855330.0
2020-01-29,XPG.BK,0.2553580105304718,0.2628690004348755,0.2553580105304718,0.2628690004348755,0.257392555475235,832961.0
2020-01-30,XPG.BK,0.2628690004348755,0.2628690004348755,0.2553580105304718,0.2553580105304718,0.2500380575656891,1595888.0
2020-01-31,XPG.BK,0.25911301374435425,0.2628690004348755,0.25911301374435425,0.25911301374435425,0.25371482968330383,823907.0
2020-02-03,XPG.BK,0.2553580105304718,0.2628690004348755,0.25160300731658936,0.2628690004348755,0.257392555475235,1090199.0
2020-02-04,XPG.BK,0.25911301374435425,0.2628690004348755,0.2553580105304718,0.2628690004348755,0.257392555475235,284399.0
2020-02-05,XPG.BK,0.2628690004348755,0.2628690004348755,0.2553580105304718,0.2628690004348755,0.257392555475235,307034.0
2020-02-06,XPG.BK,0.2628690004348755,0.2628690004348755,0.25911301374435425,0.2628690004348755,0.257392555475235,137406.0
2020-02-07,XPG.BK,0.25911301374435425,0.25911301374435425,0.2553580105304718,0.25911301374435425,0.25371482968330383,506487.0
2020-02-11,XPG.BK,0.25911301374435425,0.25911301374435425,0.25160300731658936,0.25160300731658936,0.24636128544807434,597026.0
2020-02-12,XPG.BK,0.2553580105304718,0.25911301374435425,0.25160300731658936,0.25911301374435425,0.25371482968330383,632976.0
2020-02-13,XPG.BK,0.25911301374435425,0.2628690004348755,0.25160300731658936,0.2628690004348755,0.257392555475235,910186.0
2020-02-14,XPG.BK,0.2628690004348755,0.2628690004348755,0.25911301374435425,0.25911301374435425,0.25371482968330383,626052.0
2020-02-17,XPG.BK,0.2628690004348755,0.2628690004348755,0.2553580105304718,0.25911301374435425,0.25371482968330383,257770.0
2020-02-18,XPG.BK,0.25911301374435425,0.25911301374435425,0.2553580105304718,0.2553580105304718,0.2500380575656891,192262.0
2020-02-19,XPG.BK,0.2553580105304718,0.25911301374435425,0.2553580105304718,0.25911301374435425,0.25371482968330383,723249.0
2020-02-20,XPG.BK,0.25911301374435425,0.25911301374435425,0.25160300731658936,0.25160300731658936,0.24636128544807434,1377795.0
2020-02-21,XPG.BK,0.25160300731658936,0.25911301374435425,0.25160300731658936,0.25911301374435425,0.25371482968330383,423138.0
2020-02-24,XPG.BK,0.24409200251102448,0.25160300731658936,0.22531600296497345,0.2478480041027069,0.2426845133304596,7631931.0
2020-02-25,XPG.BK,0.23658199608325958,0.24033699929714203,0.21404999494552612,0.24033699929714203,0.2353299856185913,8200997.0
2020-02-26,XPG.BK,0.23282699286937714,0.24033699929714203,0.21780499815940857,0.24033699929714203,0.2353299856185913,6183302.0
2020-02-27,XPG.BK,0.23282699286937714,0.23282699286937714,0.22531600296497345,0.2290710061788559,0.22429870069026947,1741816.0
2020-02-28,XPG.BK,0.22531600296497345,0.22531600296497345,0.21029500663280487,0.21029500663280487,0.20591387152671814,3995712.0
2020-03-02,XPG.BK,0.21029500663280487,0.21404999494552612,0.20654000341892242,0.21404999494552612,0.2095906287431717,2462669.0
2020-03-03,XPG.BK,0.22531600296497345,0.22531600296497345,0.21029500663280487,0.21029500663280487,0.20591387152671814,689163.0
2020-03-04,XPG.BK,0.21780499815940857,0.21780499815940857,0.21029500663280487,0.21780499815940857,0.21326740086078644,574392.0
2020-03-05,XPG.BK,0.21780499815940857,0.24033699929714203,0.21404999494552612,0.24033699929714203,0.2353299856185913,1393240.0
2020-03-06,XPG.BK,0.23282699286937714,0.24409200251102448,0.22531600296497345,0.23658199608325958,0.23165321350097656,2491695.0
2020-03-09,XPG.BK,0.2290710061788559,0.2290710061788559,0.1877630054950714,0.221560999751091,0.21694515645503998,3852714.0
2020-03-10,XPG.BK,0.221560999751091,0.22531600296497345,0.21404999494552612,0.22531600296497345,0.22062192857265472,1047859.0
2020-03-11,XPG.BK,0.22531600296497345,0.22531600296497345,0.21404999494552612,0.221560999751091,0.21694515645503998,689430.0
2020-03-12,XPG.BK,0.221560999751091,0.221560999751091,0.19151900708675385,0.1952739953994751,0.19120578467845917,2035536.0
2020-03-13,XPG.BK,0.1877630054950714,0.19902899861335754,0.18025299906730652,0.1952739953994751,0.19120578467845917,9141008.0
2020-03-16,XPG.BK,0.1952739953994751,0.1952739953994751,0.18400800228118896,0.19151900708675385,0.18752902746200562,7873458.0
2020-03-17,XPG.BK,0.1877630054950714,0.1877630054950714,0.17274199426174164,0.1877630054950714,0.18385128676891327,1812384.0
2020-03-18,XPG.BK,0.19151900708675385,0.1952739953994751,0.18025299906730652,0.19151900708675385,0.18752902746200562,1777766.0
2020-03-19,XPG.BK,0.1877630054950714,0.1877630054950714,0.18025299906730652,0.18025299906730652,0.17649772763252258,1833687.0
2020-03-20,XPG.BK,0.1877630054950714,0.1877630054950714,0.18025299906730652,0.18025299906730652,0.17649772763252258,2619781.0
2020-03-23,XPG.BK,0.16898700594902039,0.18025299906730652,0.16898700594902039,0.17649699747562408,0.17281998693943024,1250507.0
2020-03-24,XPG.BK,0.17649699747562408,0.17649699747562408,0.1614760011434555,0.1614760011434555,0.15811191499233246,4309405.0
2020-03-25,XPG.BK,0.17649699747562408,0.18025299906730652,0.1614760011434555,0.16898700594902039,0.16546644270420074,4218865.0
2020-03-26,XPG.BK,0.16898700594902039,0.16898700594902039,0.1614760011434555,0.16898700594902039,0.16546644270420074,2218479.0
2020-03-27,XPG.BK,0.16898700594902039,0.17274199426174164,0.16523200273513794,0.17274199426174164,0.1691431999206543,3034664.0
2020-03-30,XPG.BK,0.17649699747562408,0.17649699747562408,0.17649699747562408,0.17649699747562408,0.17281998693943024,23966.0
2020-03-31,XPG.BK,0.17274199426174164,0.18025299906730652,0.17274199426174164,0.17649699747562408,0.17281998693943024,2553741.0
2020-04-01,XPG.BK,0.17649699747562408,0.18025299906730652,0.17649699747562408,0.18025299906730652,0.17649772763252258,1975088.0
2020-04-02,XPG.BK,0.17274199426174164,0.18025299906730652,0.17274199426174164,0.18025299906730652,0.17649772763252258,3358742.0
2020-04-03,XPG.BK,0.18025299906730652,0.18025299906730652,0.17649699747562408,0.18025299906730652,0.17649772763252258,2606733.0
2020-04-07,XPG.BK,0.18025299906730652,0.1877630054950714,0.17649699747562408,0.18400800228118896,0.18017449975013733,2783551.0
2020-04-08,XPG.BK,0.18400800228118896,0.18400800228118896,0.17649699747562408,0.18025299906730652,0.17649772763252258,1336520.0
2020-04-09,XPG.BK,0.18400800228118896,0.19151900708675385,0.18025299906730652,0.18400800228118896,0.18017449975013733,4601261.0
2020-04-10,XPG.BK,0.18400800228118896,0.1877630054950714,0.18025299906730652,0.18400800228118896,0.18017449975013733,2573713.0
2020-04-13,XPG.BK,0.18400800228118896,0.1877630054950714,0.17649699747562408,0.1877630054950714,0.18385128676891327,1339981.0
2020-04-14,XPG.BK,0.1877630054950714,0.19151900708675385,0.1877630054950714,0.19151900708675385,0.18752902746200562,1866973.0
2020-04-15,XPG.BK,0.1877630054950714,0.19151900708675385,0.1877630054950714,0.19151900708675385,0.18752902746200562,2336180.0
2020-04-16,XPG.BK,0.1877630054950714,0.19151900708675385,0.18400800228118896,0.18400800228118896,0.18017449975013733,2370798.0
2020-04-17,XPG.BK,0.18400800228118896,0.1877630054950714,0.18400800228118896,0.1877630054950714,0.18385128676891327,351239.0
2020-04-20,XPG.BK,0.1877630054950714,0.19151900708675385,0.1877630054950714,0.19151900708675385,0.18752902746200562,2240581.0
2020-04-21,XPG.BK,0.1877630054950714,0.19151900708675385,0.18400800228118896,0.19151900708675385,0.18752902746200562,1047060.0
2020-04-22,XPG.BK,0.1877630054950714,0.19151900708675385,0.18025299906730652,0.19151900708675385,0.18752902746200562,3094846.0
2020-04-23,XPG.BK,0.1877630054950714,0.19151900708675385,0.1877630054950714,0.19151900708675385,0.18752902746200562,1516267.0
2020-04-24,XPG.BK,0.19151900708675385,0.19151900708675385,0.18025299906730652,0.1877630054950714,0.18385128676891327,6085839.0
2020-04-27,XPG.BK,0.19151900708675385,0.21404999494552612,0.19151900708675385,0.21404999494552612,0.2095906287431717,14046641.0
2020-04-28,XPG.BK,0.221560999751091,0.22531600296497345,0.19902899861335754,0.21780499815940857,0.21326740086078644,17087697.0
2020-04-29,XPG.BK,0.21780499815940857,0.21780499815940857,0.20654000341892242,0.21404999494552612,0.2095906287431717,2169748.0
2020-04-30,XPG.BK,0.21404999494552612,0.21780499815940857,0.21029500663280487,0.21780499815940857,0.21326740086078644,2221941.0
2020-05-05,XPG.BK,0.21404999494552612,0.21780499815940857,0.20654000341892242,0.21404999494552612,0.2095906287431717,1689357.0
2020-05-07,XPG.BK,0.21404999494552612,0.21404999494552612,0.20278400182724,0.21029500663280487,0.20591387152671814,1469932.0
2020-05-08,XPG.BK,0.20654000341892242,0.21029500663280487,0.20654000341892242,0.20654000341892242,0.2022370845079422,2234989.0
2020-05-11,XPG.BK,0.21029500663280487,0.21029500663280487,0.20654000341892242,0.21029500663280487,0.20591387152671814,584244.0
2020-05-12,XPG.BK,0.20654000341892242,0.21029500663280487,0.20654000341892242,0.21029500663280487,0.20591387152671814,928294.0
2020-05-13,XPG.BK,0.21029500663280487,0.21404999494552612,0.21029500663280487,0.21404999494552612,0.2095906287431717,1305896.0
2020-05-14,XPG.BK,0.21404999494552612,0.21404999494552612,0.19902899861335754,0.21029500663280487,0.20591387152671814,5714362.0
2020-05-15,XPG.BK,0.21029500663280487,0.21029500663280487,0.20654000341892242,0.20654000341892242,0.2022370845079422,2747069.0
2020-05-18,XPG.BK,0.21029500663280487,0.21029500663280487,0.20654000341892242,0.20654000341892242,0.2022370845079422,288128.0
2020-05-19,XPG.BK,0.20654000341892242,0.21404999494552612,0.20278400182724,0.21029500663280487,0.20591387152671814,2642949.0
2020-05-20,XPG.BK,0.21029500663280487,0.21780499815940857,0.20654000341892242,0.20654000341892242,0.2022370845079422,1656869.0
2020-05-21,XPG.BK,0.21404999494552612,0.21404999494552612,0.20654000341892242,0.21029500663280487,0.20591387152671814,2108767.0
2020-05-22,XPG.BK,0.21029500663280487,0.21029500663280487,0.20654000341892242,0.21029500663280487,0.20591387152671814,1439042.0
2020-05-25,XPG.BK,0.21029500663280487,0.21780499815940857,0.20654000341892242,0.21404999494552612,0.2095906287431717,6494864.0
2020-05-26,XPG.BK,0.21404999494552612,0.22531600296497345,0.21404999494552612,0.21780499815940857,0.21326740086078644,9604090.0
2020-05-27,XPG.BK,0.21780499815940857,0.221560999751091,0.21780499815940857,0.221560999751091,0.21694515645503998,2502613.0
2020-05-28,XPG.BK,0.221560999751091,0.221560999751091,0.21780499815940857,0.221560999751091,0.21694515645503998,1506414.0
2020-05-29,XPG.BK,0.221560999751091,0.221560999751091,0.21404999494552612,0.221560999751091,0.21694515645503998,2054976.0
2020-06-01,XPG.BK,0.22531600296497345,0.22531600296497345,0.21780499815940857,0.21780499815940857,0.21326740086078644,1970028.0
2020-06-02,XPG.BK,0.221560999751091,0.221560999751091,0.21404999494552612,0.21780499815940857,0.21326740086078644,1983609.0
2020-06-04,XPG.BK,0.21780499815940857,0.23282699286937714,0.21780499815940857,0.2290710061788559,0.22429870069026947,9759339.0
2020-06-05,XPG.BK,0.23282699286937714,0.24033699929714203,0.22531600296497345,0.23658199608325958,0.23165321350097656,8112322.0
2020-06-08,XPG.BK,0.24409200251102448,0.2628690004348755,0.24033699929714203,0.25911301374435425,0.25371482968330383,11819641.0
2020-06-09,XPG.BK,0.25911301374435425,0.26662400364875793,0.2478480041027069,0.25911301374435425,0.25371482968330383,14985055.0
2020-06-10,XPG.BK,0.2553580105304718,0.25911301374435425,0.25160300731658936,0.25911301374435425,0.25371482968330383,3040256.0
2020-06-11,XPG.BK,0.25911301374435425,0.2966659963130951,0.25911301374435425,0.2891559898853302,0.2831319272518158,71424867.0
2020-06-12,XPG.BK,0.27788999676704407,0.28540000319480896,0.26662400364875793,0.26662400364875793,0.26106932759284973,43275129.0
2020-06-15,XPG.BK,0.2703790068626404,0.28540000319480896,0.26662400364875793,0.2703790068626404,0.26474612951278687,15098495.0
2020-06-16,XPG.BK,0.2741349935531616,0.2816449999809265,0.26662400364875793,0.2741349935531616,0.268423855304718,9203853.0
2020-06-17,XPG.BK,0.2703790068626404,0.2741349935531616,0.26662400364875793,0.2741349935531616,0.268423855304718,5089108.0
2020-06-18,XPG.BK,0.2703790068626404,0.2741349935531616,0.26662400364875793,0.2741349935531616,0.268423855304718,5766289.0
2020-06-19,XPG.BK,0.2741349935531616,0.29291099309921265,0.2703790068626404,0.27788999676704407,0.27210062742233276,21740353.0
2020-06-22,XPG.BK,0.2816449999809265,0.2891559898853302,0.2703790068626404,0.2816449999809265,0.2757773995399475,11917636.0
2020-06-23,XPG.BK,0.27788999676704407,0.28540000319480896,0.2741349935531616,0.2816449999809265,0.2757773995399475,2184926.0
2020-06-24,XPG.BK,0.2816449999809265,0.2816449999809265,0.26662400364875793,0.26662400364875793,0.26106932759284973,5939911.0
2020-06-25,XPG.BK,0.26662400364875793,0.26662400364875793,0.25911301374435425,0.26662400364875793,0.26106932759284973,4023141.0
2020-06-26,XPG.BK,0.26662400364875793,0.2703790068626404,0.25911301374435425,0.2628690004348755,0.257392555475235,2236321.0
2020-06-29,XPG.BK,0.2628690004348755,0.2628690004348755,0.25911301374435425,0.2628690004348755,0.257392555475235,813788.0
2020-06-30,XPG.BK,0.25911301374435425,0.2703790068626404,0.25911301374435425,0.2628690004348755,0.257392555475235,9452570.0
2020-07-01,XPG.BK,0.2628690004348755,0.2628690004348755,0.25160300731658936,0.25160300731658936,0.24636128544807434,5966274.0
2020-07-02,XPG.BK,0.25160300731658936,0.25911301374435425,0.2478480041027069,0.25160300731658936,0.24636128544807434,4792192.0
2020-07-03,XPG.BK,0.2553580105304718,0.2553580105304718,0.2478480041027069,0.25160300731658936,0.24636128544807434,3935797.0
2020-07-07,XPG.BK,0.25160300731658936,0.25911301374435425,0.25160300731658936,0.2553580105304718,0.2500380575656891,2138858.0
2020-07-08,XPG.BK,0.2553580105304718,0.2553580105304718,0.2478480041027069,0.25160300731658936,0.24636128544807434,1710127.0
2020-07-09,XPG.BK,0.2553580105304718,0.2553580105304718,0.2478480041027069,0.2478480041027069,0.2426845133304596,2761449.0
2020-07-10,XPG.BK,0.2478480041027069,0.2553580105304718,0.2478480041027069,0.2553580105304718,0.2500380575656891,1715187.0
2020-07-13,XPG.BK,0.2553580105304718,0.25911301374435425,0.25160300731658936,0.2553580105304718,0.2500380575656891,966107.0
2020-07-14,XPG.BK,0.2553580105304718,0.2553580105304718,0.2478480041027069,0.25160300731658936,0.24636128544807434,689430.0
2020-07-15,XPG.BK,0.25160300731658936,0.2703790068626404,0.25160300731658936,0.2628690004348755,0.257392555475235,7820732.0
2020-07-16,XPG.BK,0.2628690004348755,0.2628690004348755,0.2553580105304718,0.25911301374435425,0.25371482968330383,2581701.0
2020-07-17,XPG.BK,0.25911301374435425,0.2703790068626404,0.25160300731658936,0.2628690004348755,0.257392555475235,5011883.0
2020-07-20,XPG.BK,0.2628690004348755,0.26662400364875793,0.25911301374435425,0.2628690004348755,0.257392555475235,2875155.0
2020-07-21,XPG.BK,0.2628690004348755,0.2628690004348755,0.2553580105304718,0.25911301374435425,0.25371482968330383,3769364.0
2020-07-22,XPG.BK,0.25911301374435425,0.2628690004348755,0.25160300731658936,0.2553580105304718,0.2500380575656891,2077344.0
2020-07-23,XPG.BK,0.2553580105304718,0.25911301374435425,0.2553580105304718,0.2553580105304718,0.2500380575656891,934152.0
2020-07-24,XPG.BK,0.2553580105304718,0.25911301374435425,0.25160300731658936,0.25160300731658936,0.24636128544807434,4043911.0
2020-07-29,XPG.BK,0.2553580105304718,0.2553580105304718,0.25160300731658936,0.2553580105304718,0.2500380575656891,893942.0
2020-07-30,XPG.BK,0.2553580105304718,0.2553580105304718,0.24409200251102448,0.24409200251102448,0.23900675773620605,2960102.0
2020-07-31,XPG.BK,0.24409200251102448,0.25160300731658936,0.24409200251102448,0.25160300731658936,0.24636128544807434,4726418.0
2020-08-03,XPG.BK,0.25160300731658936,0.27788999676704407,0.25160300731658936,0.2628690004348755,0.257392555475235,23403347.0
2020-08-04,XPG.BK,0.26662400364875793,0.2703790068626404,0.2628690004348755,0.2628690004348755,0.257392555475235,6161732.0
2020-08-05,XPG.BK,0.26662400364875793,0.26662400364875793,0.2628690004348755,0.26662400364875793,0.26106932759284973,1187130.0
2020-08-06,XPG.BK,0.26662400364875793,0.26662400364875793,0.2628690004348755,0.2628690004348755,0.257392555475235,1431852.0
2020-08-07,XPG.BK,0.2628690004348755,0.26662400364875793,0.25911301374435425,0.2628690004348755,0.257392555475235,1747408.0
2020-08-10,XPG.BK,0.2628690004348755,0.2628690004348755,0.2553580105304718,0.25911301374435425,0.25371482968330383,1010312.0
2020-08-11,XPG.BK,0.2628690004348755,0.2628690004348755,0.25911301374435425,0.2628690004348755,0.257392555475235,1093395.0
2020-08-13,XPG.BK,0.2628690004348755,0.26662400364875793,0.2628690004348755,0.26662400364875793,0.26106932759284973,1303766.0
2020-08-14,XPG.BK,0.26662400364875793,0.26662400364875793,0.25911301374435425,0.2628690004348755,0.257392555475235,995133.0
2020-08-17,XPG.BK,0.25911301374435425,0.25911301374435425,0.24409200251102448,0.2553580105304718,0.2500380575656891,2648274.0
2020-08-18,XPG.BK,0.2478480041027069,0.2553580105304718,0.2478480041027069,0.2478480041027069,0.2426845133304596,1184733.0
2020-08-19,XPG.BK,0.25160300731658936,0.25160300731658936,0.24033699929714203,0.24409200251102448,0.23900675773620605,4504863.0
2020-08-20,XPG.BK,0.24033699929714203,0.2478480041027069,0.24033699929714203,0.24409200251102448,0.23900675773620605,691560.0
2020-08-21,XPG.BK,0.24409200251102448,0.25160300731658936,0.24409200251102448,0.2478480041027069,0.2426845133304596,1553281.0
2020-08-24,XPG.BK,0.25160300731658936,0.25160300731658936,0.2478480041027069,0.25160300731658936,0.24636128544807434,131282.0
2020-08-25,XPG.BK,0.25160300731658936,0.25160300731658936,0.2478480041027069,0.2478480041027069,0.2426845133304596,435653.0
2020-08-26,XPG.BK,0.25160300731658936,0.2553580105304718,0.2478480041027069,0.25160300731658936,0.24636128544807434,1275805.0
2020-08-27,XPG.BK,0.2553580105304718,0.2553580105304718,0.2478480041027069,0.2478480041027069,0.2426845133304596,1284593.0
2020-08-28,XPG.BK,0.2478480041027069,0.25160300731658936,0.2478480041027069,0.25160300731658936,0.24636128544807434,1029485.0
2020-08-31,XPG.BK,0.25160300731658936,0.25160300731658936,0.24409200251102448,0.24409200251102448,0.23900675773620605,1927422.0
2020-09-01,XPG.BK,0.24409200251102448,0.24409200251102448,0.23658199608325958,0.24409200251102448,0.23900675773620605,2211023.0
2020-09-02,XPG.BK,0.24033699929714203,0.24033699929714203,0.23658199608325958,0.23658199608325958,0.23165321350097656,4002370.0
2020-09-03,XPG.BK,0.23658199608325958,0.24033699929714203,0.2290710061788559,0.23282699286937714,0.22797644138336182,3631957.0
2020-09-08,XPG.BK,0.23282699286937714,0.23282699286937714,0.22531600296497345,0.22531600296497345,0.22062192857265472,2507140.0
2020-09-09,XPG.BK,0.23658199608325958,0.23658199608325958,0.2290710061788559,0.23282699286937714,0.22797644138336182,893409.0
2020-09-10,XPG.BK,0.2290710061788559,0.23282699286937714,0.2290710061788559,0.23282699286937714,0.22797644138336182,457223.0
2020-09-11,XPG.BK,0.23282699286937714,0.23658199608325958,0.2290710061788559,0.23282699286937714,0.22797644138336182,302241.0
2020-09-14,XPG.BK,0.23282699286937714,0.23658199608325958,0.2290710061788559,0.23282699286937714,0.22797644138336182,619129.0
2020-09-15,XPG.BK,0.2290710061788559,0.23658199608325958,0.2290710061788559,0.23658199608325958,0.23165321350097656,214631.0
2020-09-16,XPG.BK,0.2290710061788559,0.23658199608325958,0.2290710061788559,0.23282699286937714,0.22797644138336182,325675.0
2020-09-17,XPG.BK,0.23658199608325958,0.23658199608325958,0.2290710061788559,0.2290710061788559,0.22429870069026947,558414.0
2020-09-18,XPG.BK,0.2290710061788559,0.23282699286937714,0.2290710061788559,0.23282699286937714,0.22797644138336182,317952.0
2020-09-21,XPG.BK,0.23282699286937714,0.23282699286937714,0.2290710061788559,0.23282699286937714,0.22797644138336182,136607.0
2020-09-22,XPG.BK,0.2290710061788559,0.2290710061788559,0.221560999751091,0.221560999751091,0.21694515645503998,896339.0
2020-09-23,XPG.BK,0.221560999751091,0.2290710061788559,0.221560999751091,0.221560999751091,0.21694515645503998,1358622.0
2020-09-24,XPG.BK,0.221560999751091,0.22531600296497345,0.221560999751091,0.22531600296497345,0.22062192857265472,218625.0
2020-09-25,XPG.BK,0.22531600296497345,0.2290710061788559,0.221560999751091,0.2290710061788559,0.22429870069026947,212234.0
2020-09-28,XPG.BK,0.22531600296497345,0.2290710061788559,0.221560999751091,0.2290710061788559,0.22429870069026947,968238.0
2020-09-29,XPG.BK,0.2290710061788559,0.2290710061788559,0.221560999751091,0.22531600296497345,0.22062192857265472,599956.0
2020-09-30,XPG.BK,0.22531600296497345,0.22531600296497345,0.221560999751091,0.22531600296497345,0.22062192857265472,43938.0
2020-10-01,XPG.BK,0.221560999751091,0.22531600296497345,0.21780499815940857,0.221560999751091,0.21694515645503998,1662195.0
2020-10-02,XPG.BK,0.221560999751091,0.22531600296497345,0.221560999751091,0.22531600296497345,0.22062192857265472,678245.0
2020-10-05,XPG.BK,0.22531600296497345,0.22531600296497345,0.221560999751091,0.22531600296497345,0.22062192857265472,500629.0
2020-10-06,XPG.BK,0.22531600296497345,0.23282699286937714,0.221560999751091,0.22531600296497345,0.22062192857265472,751476.0
2020-10-07,XPG.BK,0.22531600296497345,0.22531600296497345,0.221560999751091,0.22531600296497345,0.22062192857265472,47133.0
2020-10-08,XPG.BK,0.22531600296497345,0.22531600296497345,0.221560999751091,0.22531600296497345,0.22062192857265472,497433.0
2020-10-09,XPG.BK,0.221560999751091,0.22531600296497345,0.21780499815940857,0.221560999751091,0.21694515645503998,1670450.0
2020-10-12,XPG.BK,0.221560999751091,0.22531600296497345,0.221560999751091,0.221560999751091,0.21694515645503998,1043066.0
2020-10-14,XPG.BK,0.221560999751091,0.22531600296497345,0.221560999751091,0.221560999751091,0.21694515645503998,133412.0
2020-10-15,XPG.BK,0.22531600296497345,0.22531600296497345,0.221560999751091,0.22531600296497345,0.22062192857265472,10385.0
2020-10-16,XPG.BK,0.22531600296497345,0.22531600296497345,0.21780499815940857,0.21780499815940857,0.21326740086078644,794881.0
2020-10-19,XPG.BK,0.21029500663280487,0.21404999494552612,0.20654000341892242,0.21404999494552612,0.2095906287431717,1093395.0
2020-10-20,XPG.BK,0.21404999494552612,0.21780499815940857,0.21029500663280487,0.21780499815940857,0.21326740086078644,581848.0
2020-10-21,XPG.BK,0.21780499815940857,0.221560999751091,0.21404999494552612,0.221560999751091,0.21694515645503998,218892.0
2020-10-22,XPG.BK,0.221560999751091,0.221560999751091,0.21780499815940857,0.21780499815940857,0.21326740086078644,382661.0
2020-10-26,XPG.BK,0.21780499815940857,0.221560999751091,0.21780499815940857,0.21780499815940857,0.21326740086078644,388253.0
2020-10-27,XPG.BK,0.221560999751091,0.221560999751091,0.21780499815940857,0.21780499815940857,0.21326740086078644,189333.0
2020-10-28,XPG.BK,0.221560999751091,0.221560999751091,0.21780499815940857,0.21780499815940857,0.21326740086078644,384525.0
2020-10-29,XPG.BK,0.21404999494552612,0.21780499815940857,0.21404999494552612,0.21780499815940857,0.21326740086078644,40476.0
2020-10-30,XPG.BK,0.221560999751091,0.221560999751091,0.21404999494552612,0.221560999751091,0.21694515645503998,107315.0
2020-11-02,XPG.BK,0.221560999751091,0.221560999751091,0.21780499815940857,0.221560999751091,0.21694515645503998,79887.0
2020-11-03,XPG.BK,0.221560999751091,0.221560999751091,0.21780499815940857,0.21780499815940857,0.21326740086078644,188534.0
2020-11-04,XPG.BK,0.221560999751091,0.23282699286937714,0.221560999751091,0.221560999751091,0.21694515645503998,2351625.0
2020-11-05,XPG.BK,0.221560999751091,0.22531600296497345,0.21404999494552612,0.21404999494552612,0.2095906287431717,1277669.0
2020-11-06,XPG.BK,0.21780499815940857,0.221560999751091,0.21404999494552612,0.21780499815940857,0.21326740086078644,472135.0
2020-11-09,XPG.BK,0.221560999751091,0.221560999751091,0.21780499815940857,0.221560999751091,0.21694515645503998,611140.0
2020-11-10,XPG.BK,0.221560999751091,0.22531600296497345,0.221560999751091,0.22531600296497345,0.22062192857265472,744819.0
2020-11-11,XPG.BK,0.22531600296497345,0.2290710061788559,0.22531600296497345,0.2290710061788559,0.22429870069026947,579185.0
2020-11-12,XPG.BK,0.2290710061788559,0.23282699286937714,0.22531600296497345,0.2290710061788559,0.22429870069026947,1139463.0
2020-11-13,XPG.BK,0.2290710061788559,0.23282699286937714,0.22531600296497345,0.23282699286937714,0.22797644138336182,1608404.0
2020-11-16,XPG.BK,0.23282699286937714,0.23658199608325958,0.22531600296497345,0.23658199608325958,0.23165321350097656,1005518.0
2020-11-17,XPG.BK,0.23282699286937714,0.24033699929714203,0.23282699286937714,0.24033699929714203,0.2353299856185913,1030017.0
2020-11-18,XPG.BK,0.24033699929714203,0.24409200251102448,0.23282699286937714,0.24033699929714203,0.2353299856185913,1179407.0
2020-11-19,XPG.BK,0.24033699929714203,0.24409200251102448,0.23282699286937714,0.24033699929714203,0.2353299856185913,627117.0
2020-11-20,XPG.BK,0.24033699929714203,0.25911301374435425,0.24033699929714203,0.25911301374435425,0.25371482968330383,9177224.0
2020-11-23,XPG.BK,0.2628690004348755,0.2628690004348755,0.2553580105304718,0.25911301374435425,0.25371482968330383,2449354.0
2020-11-24,XPG.BK,0.2553580105304718,0.2628690004348755,0.2553580105304718,0.2628690004348755,0.257392555475235,3422386.0
2020-11-25,XPG.BK,0.2628690004348755,0.2703790068626404,0.2628690004348755,0.2703790068626404,0.26474612951278687,2464533.0
2020-11-26,XPG.BK,0.2703790068626404,0.2703790068626404,0.2628690004348755,0.26662400364875793,0.26106932759284973,1408685.0
2020-11-27,XPG.BK,0.26662400364875793,0.2703790068626404,0.2628690004348755,0.26662400364875793,0.26106932759284973,836423.0
2020-11-30,XPG.BK,0.2628690004348755,0.2628690004348755,0.25911301374435425,0.2628690004348755,0.257392555475235,1549287.0
2020-12-01,XPG.BK,0.25911301374435425,0.2628690004348755,0.2553580105304718,0.2628690004348755,0.257392555475235,3683618.0
2020-12-02,XPG.BK,0.2628690004348755,0.26662400364875793,0.25911301374435425,0.25911301374435425,0.25371482968330383,1639027.0
2020-12-03,XPG.BK,0.25911301374435425,0.2628690004348755,0.25911301374435425,0.2628690004348755,0.257392555475235,617265.0
2020-12-04,XPG.BK,0.2628690004348755,0.26662400364875793,0.25911301374435425,0.2628690004348755,0.257392555475235,1933014.0
2020-12-08,XPG.BK,0.2628690004348755,0.26662400364875793,0.25911301374435425,0.26662400364875793,0.26106932759284973,4149896.0
2020-12-09,XPG.BK,0.26662400364875793,0.26662400364875793,0.2628690004348755,0.26662400364875793,0.26106932759284973,1573786.0
2020-12-14,XPG.BK,0.26662400364875793,0.2703790068626404,0.2628690004348755,0.26662400364875793,0.26106932759284973,1580443.0
2020-12-15,XPG.BK,0.26662400364875793,0.2703790068626404,0.2628690004348755,0.2703790068626404,0.26474612951278687,5306402.0
2020-12-16,XPG.BK,0.26662400364875793,0.2741349935531616,0.2628690004348755,0.2741349935531616,0.268423855304718,4966880.0
2020-12-17,XPG.BK,0.2741349935531616,0.27788999676704407,0.2703790068626404,0.27788999676704407,0.27210062742233276,4462789.0
2020-12-18,XPG.BK,0.27788999676704407,0.27788999676704407,0.2703790068626404,0.2703790068626404,0.26474612951278687,2438436.0
2020-12-21,XPG.BK,0.26662400364875793,0.2703790068626404,0.22531600296497345,0.2628690004348755,0.257392555475235,2847461.0
2020-12-22,XPG.BK,0.25911301374435425,0.27788999676704407,0.25911301374435425,0.2741349935531616,0.268423855304718,2523117.0
2020-12-23,XPG.BK,0.2741349935531616,0.28540000319480896,0.2703790068626404,0.2816449999809265,0.2757773995399475,5819281.0
2020-12-24,XPG.BK,0.2816449999809265,0.3342190086841583,0.2816449999809265,0.32670798897743225,0.31990158557891846,96032920.0
2020-12-25,XPG.BK,0.3492400050163269,0.3905479907989502,0.33797401189804077,0.38679298758506775,0.3787347972393036,90952066.0
2020-12-28,XPG.BK,0.38679298758506775,0.4168350100517273,0.37928199768066406,0.4018140137195587,0.39344289898872375,55614572.0
2020-12-29,XPG.BK,0.4018140137195587,0.4093239903450012,0.39430299401283264,0.4018140137195587,0.39344289898872375,17072785.0
2020-12-30,XPG.BK,0.39805901050567627,0.4018140137195587,0.39430299401283264,0.4018140137195587,0.39344289898872375,13338304.0
2021-01-04,XPG.BK,0.4018140137195587,0.4018140137195587,0.39430299401283264,0.39805901050567627,0.389766126871109,9428870.0
2021-01-05,XPG.BK,0.4018140137195587,0.4018140137195587,0.39805901050567627,0.39805901050567627,0.389766126871109,2712717.0
2021-01-06,XPG.BK,0.39805901050567627,0.4018140137195587,0.39430299401283264,0.39430299401283264,0.3860883414745331,25267125.0
2021-01-07,XPG.BK,0.39805901050567627,0.42059001326560974,0.39430299401283264,0.41308000683784485,0.4044741690158844,16839779.0
2021-01-08,XPG.BK,0.4168350100517273,0.4769189953804016,0.4168350100517273,0.47316399216651917,0.4633064270019531,81301907.0
2021-01-11,XPG.BK,0.4694089889526367,0.47316399216651917,0.443121999502182,0.4506320059299469,0.44124385714530945,19939952.0
2021-01-12,XPG.BK,0.4506320059299469,0.46189799904823303,0.43936699628829956,0.43936699628829956,0.4302135407924652,12346633.0
2021-01-13,XPG.BK,0.4281010031700134,0.443121999502182,0.4281010031700134,0.4318560063838959,0.4228590130805969,5985181.0
2021-01-14,XPG.BK,0.4318560063838959,0.4356110095977783,0.42059001326560974,0.4356110095977783,0.42653578519821167,7620214.0
2021-01-15,XPG.BK,0.4318560063838959,0.4318560063838959,0.37928199768066406,0.3830380141735077,0.37505805492401123,21582708.0
2021-01-18,XPG.BK,0.38679298758506775,0.39430299401283264,0.3755269944667816,0.38679298758506775,0.3787347972393036,5056088.0
2021-01-19,XPG.BK,0.38679298758506775,0.3905479907989502,0.37928199768066406,0.38679298758506775,0.3787347972393036,3438097.0
2021-01-20,XPG.BK,0.3830380141735077,0.3905479907989502,0.3830380141735077,0.3905479907989502,0.38241156935691833,1787086.0
2021-01-21,XPG.BK,0.3905479907989502,0.3905479907989502,0.3830380141735077,0.38679298758506775,0.3787347972393036,1391109.0
2021-01-22,XPG.BK,0.38679298758506775,0.39805901050567627,0.3755269944667816,0.3830380141735077,0.37505805492401123,5758300.0
2021-01-25,XPG.BK,0.3830380141735077,0.38679298758506775,0.36801600456237793,0.37928199768066406,0.3713802993297577,12448889.0
2021-01-26,XPG.BK,0.37928199768066406,0.3830380141735077,0.3755269944667816,0.3830380141735077,0.37505805492401123,8116050.0
2021-01-27,XPG.BK,0.3830380141735077,0.3830380141735077,0.37928199768066406,0.37928199768066406,0.3713802993297577,1644353.0
2021-01-28,XPG.BK,0.37928199768066406,0.3830380141735077,0.37928199768066406,0.37928199768066406,0.3713802993297577,4607652.0
2021-01-29,XPG.BK,0.37928199768066406,0.3830380141735077,0.37928199768066406,0.3830380141735077,0.37505805492401123,3521979.0
2021-02-01,XPG.BK,0.3755269944667816,0.37928199768066406,0.37177199125289917,0.3755269944667816,0.36770352721214294,3674298.0
2021-02-02,XPG.BK,0.37177199125289917,0.37928199768066406,0.37177199125289917,0.37928199768066406,0.3713802993297577,3450879.0
2021-02-03,XPG.BK,0.37928199768066406,0.37928199768066406,0.3755269944667816,0.37928199768066406,0.3713802993297577,1422266.0
2021-02-04,XPG.BK,0.39430299401283264,0.4318560063838959,0.39430299401283264,0.424345999956131,0.41550546884536743,27501849.0
2021-02-05,XPG.BK,0.424345999956131,0.46189799904823303,0.4168350100517273,0.44687700271606445,0.4375670850276947,46100222.0
2021-02-08,XPG.BK,0.44687700271606445,0.4919399917125702,0.4356110095977783,0.4844299852848053,0.47433769702911377,46222982.0
2021-02-09,XPG.BK,0.51071697473526,0.544514000415802,0.5069620013237,0.5370039939880371,0.5258164405822754,109520614.0
2021-02-10,XPG.BK,0.5482699871063232,0.6534169912338257,0.544514000415802,0.5632910132408142,0.5515558123588562,354692555.0
2021-02-11,XPG.BK,0.5632910132408142,0.6008430123329163,0.5632910132408142,0.5820670127868652,0.5699406266212463,109359241.0
2021-02-15,XPG.BK,0.6008430123329163,0.6233749985694885,0.5895779728889465,0.6008430123329163,0.5883254408836365,117676875.0
2021-02-16,XPG.BK,0.6008430123329163,0.7059910297393799,0.5933330059051514,0.6646829843521118,0.6508354544639587,688026354.0
2021-02-17,XPG.BK,0.675948977470398,0.7322779893875122,0.6721940040588379,0.6872149705886841,0.67289799451828,510378368.0
2021-02-18,XPG.BK,0.702235996723175,0.7285230159759521,0.6797040104866028,0.7135019898414612,0.6986373662948608,277765827.0
2021-02-19,XPG.BK,0.7135019898414612,0.8637130260467529,0.6909700036048889,0.8411809802055359,0.8236563801765442,600870282.0
2021-02-22,XPG.BK,0.8336700201034546,0.8937550187110901,0.8111389875411987,0.871222972869873,0.8530725240707397,202862653.0
2021-02-23,XPG.BK,0.886243999004364,0.886243999004364,0.8336700201034546,0.8637130260467529,0.845719039440155,94636484.0
2021-02-24,XPG.BK,0.8411809802055359,0.848691999912262,0.7135019898414612,0.8336700201034546,0.8163018822669983,185032000.0
2021-02-25,XPG.BK,0.8186489939689636,0.871222972869873,0.7961180210113525,0.8562020063400269,0.8383644819259644,97280764.0
2021-03-01,XPG.BK,0.8411809802055359,0.9538390040397644,0.8411809802055359,0.8562020063400269,0.8383644819259644,293856527.0
2021-03-02,XPG.BK,0.9688599705696106,1.239240050315857,0.9688599705696106,1.239240050315857,1.2134225368499756,552385946.0
2021-03-03,XPG.BK,1.351897954940796,1.359408974647522,1.201686978340149,1.3368769884109497,1.3090254068374634,254702268.0
2021-03-04,XPG.BK,1.3218560218811035,1.734935998916626,1.1491140127182007,1.2918139696121216,1.2649011611938477,986220781.0
2021-03-05,XPG.BK,1.3218560218811035,1.40447199344635,1.0890289545059204,1.39696204662323,1.367858648300171,509535287.0
2021-03-08,XPG.BK,1.40447199344635,1.6222779750823975,1.351897954940796,1.5697040557861328,1.5370019674301147,424065908.0
2021-03-09,XPG.BK,1.6222779750823975,1.6748520135879517,1.554682970046997,1.6147680282592773,1.5811270475387573,154200168.0
2021-03-10,XPG.BK,1.584725022315979,1.6147680282592773,1.5021090507507324,1.5621939897537231,1.5296483039855957,87438875.0
2021-03-11,XPG.BK,1.5621939897537231,1.6072570085525513,1.5246410369873047,1.5772149562835693,1.544356346130371,83064228.0
2021-03-12,XPG.BK,1.5621939897537231,1.5697040557861328,1.4270039796829224,1.4945989847183228,1.4634615182876587,104529768.0
2021-03-15,XPG.BK,1.4495359659194946,1.5321520566940308,1.4495359659194946,1.4870879650115967,1.4561070203781128,58776258.0
2021-03-16,XPG.BK,1.4870879650115967,1.5321520566940308,1.4495359659194946,1.4795780181884766,1.4487534761428833,61126286.0
2021-03-17,XPG.BK,1.4720669984817505,1.5246410369873047,1.4570460319519043,1.4945989847183228,1.4634615182876587,51994065.0
2021-03-18,XPG.BK,1.5021090507507324,1.7574679851531982,1.4870879650115967,1.7574679851531982,1.7208541631698608,346250829.0
2021-03-19,XPG.BK,1.592236042022705,1.697383999824524,1.547173023223877,1.6523200273513794,1.6178966760635376,112781095.0
2021-03-22,XPG.BK,1.6898729801177979,1.7274260520935059,1.5997469425201416,1.6598310470581055,1.625251293182373,63999578.0
2021-03-23,XPG.BK,1.6748520135879517,1.704893946647644,1.6523200273513794,1.704893946647644,1.6693753004074097,29222628.0
2021-03-24,XPG.BK,1.6898729801177979,1.8701260089874268,1.6898729801177979,1.8250629901885986,1.7870408296585083,78486667.0
2021-03-25,XPG.BK,1.8701260089874268,1.8776370286941528,1.7875100374221802,1.8325740098953247,1.7943954467773438,33460401.0
2021-03-26,XPG.BK,1.8701260089874268,1.8776370286941528,1.6898729801177979,1.7950210571289062,1.757624864578247,86307932.0
2021-03-29,XPG.BK,1.7875100374221802,1.8551050424575806,1.7649790048599243,1.847594976425171,1.8091034889221191,42829888.0
2021-03-30,XPG.BK,1.847594976425171,2.046623945236206,1.8025310039520264,1.862615942955017,1.8238115310668945,165157555.0
2021-03-31,XPG.BK,1.8325740098953247,1.8701260089874268,1.8175519704818726,1.847594976425171,1.8091034889221191,37866736.0
2021-04-01,XPG.BK,1.847594976425171,1.862615942955017,1.8400839567184448,1.847594976425171,1.8091034889221191,13555865.0
2021-04-02,XPG.BK,1.847594976425171,1.8551050424575806,1.8175519704818726,1.8400839567184448,1.8017488718032837,19817458.0
2021-04-05,XPG.BK,1.8400839567184448,1.862615942955017,1.7875100374221802,1.8325740098953247,1.7943954467773438,40710469.0
2021-04-07,XPG.BK,1.8175519704818726,1.8325740098953247,1.7799999713897705,1.7875100374221802,1.7502702474594116,22117422.0
2021-04-08,XPG.BK,1.8025310039520264,1.8025310039520264,1.6297889947891235,1.7499580383300781,1.7135006189346313,115959291.0
2021-04-09,XPG.BK,1.697383999824524,1.742447018623352,1.6748520135879517,1.6823630332946777,1.6473138332366943,34417987.0
2021-04-12,XPG.BK,1.6673409938812256,1.6673409938812256,1.4119830131530762,1.4495359659194946,1.419337272644043,161230546.0
2021-04-16,XPG.BK,1.351897954940796,1.509619951248169,1.3143459558486938,1.4645570516586304,1.434045433998108,76691059.0
2021-04-19,XPG.BK,1.4645570516586304,1.6147680282592773,1.4270039796829224,1.592236042022705,1.559064507484436,73020223.0
2021-04-20,XPG.BK,1.5697040557861328,1.6598310470581055,1.5697040557861328,1.6072570085525513,1.5737725496292114,47970125.0
2021-04-21,XPG.BK,1.592236042022705,1.6297889947891235,1.5697040557861328,1.6147680282592773,1.5811270475387573,20344183.0
2021-04-22,XPG.BK,1.6147680282592773,1.6523200273513794,1.5772149562835693,1.6222779750823975,1.5884805917739868,19666736.0
2021-04-23,XPG.BK,1.6072570085525513,1.6072570085525513,1.5246410369873047,1.5697040557861328,1.5370019674301147,25451932.0
2021-04-26,XPG.BK,1.5621939897537231,1.5697040557861328,1.5021090507507324,1.5396620035171509,1.5075857639312744,12005513.0
2021-04-27,XPG.BK,1.5321520566940308,1.5621939897537231,1.4945989847183228,1.517130970954895,1.48552405834198,21315883.0
2021-04-28,XPG.BK,1.509619951248169,1.5772149562835693,1.5021090507507324,1.554682970046997,1.5222938060760498,26714157.0
2021-04-29,XPG.BK,1.5697040557861328,1.6222779750823975,1.5396620035171509,1.5997469425201416,1.5664188861846924,38104269.0
2021-04-30,XPG.BK,1.5772149562835693,1.6072570085525513,1.517130970954895,1.592236042022705,1.559064507484436,29270295.0
2021-05-05,XPG.BK,1.5697040557861328,1.7499580383300781,1.554682970046997,1.7124049663543701,1.6767299175262451,91550957.0
2021-05-06,XPG.BK,1.697383999824524,1.8175519704818726,1.6898729801177979,1.8100420236587524,1.7723329067230225,62453486.0
2021-05-07,XPG.BK,1.8325740098953247,1.8551050424575806,1.7199150323867798,1.7875100374221802,1.7502702474594116,42224074.0
2021-05-10,XPG.BK,1.7875100374221802,1.8025310039520264,1.734935998916626,1.7499580383300781,1.7135006189346313,28171041.0
2021-05-11,XPG.BK,1.734935998916626,1.8325740098953247,1.7124049663543701,1.8025310039520264,1.764978289604187,39569408.0
2021-05-12,XPG.BK,1.7950210571289062,1.8325740098953247,1.7649790048599243,1.7875100374221802,1.7502702474594116,30929827.0
2021-05-13,XPG.BK,1.7649790048599243,1.7875100374221802,1.5246410369873047,1.6898729801177979,1.6546673774719238,59463558.0
2021-05-14,XPG.BK,1.697383999824524,2.009071111679077,1.5396620035171509,1.9527419805526733,1.9120599031448364,225666044.0
2021-05-17,XPG.BK,2.2156119346618652,2.5348100662231445,2.1592819690704346,2.5348100662231445,2.482001543045044,250394727.0
2021-05-18,XPG.BK,2.6662449836730957,2.7976789474487305,2.3470458984375,2.6286919116973877,2.573927640914917,191134616.0
2021-05-19,XPG.BK,2.609915018081665,2.8727850914001465,2.591139078140259,2.7976789474487305,2.739393949508667,126134845.0
2021-05-20,XPG.BK,2.7037971019744873,2.741349935531616,2.5723628997802734,2.647468090057373,2.5923125743865967,81352769.0
2021-05-21,XPG.BK,2.685020923614502,2.7601261138916016,2.647468090057373,2.7037971019744873,2.647468090057373,58212251.0
2021-05-24,XPG.BK,2.6662449836730957,2.741349935531616,2.591139078140259,2.647468090057373,2.5923125743865967,32520922.0
2021-05-25,XPG.BK,2.6662449836730957,2.72257399559021,2.6286919116973877,2.6662449836730957,2.6106982231140137,23737544.0
2021-05-27,XPG.BK,2.685020923614502,3.04177188873291,2.6662449836730957,3.04177188873291,2.9784016609191895,139831579.0
2021-05-28,XPG.BK,3.1356539726257324,3.285865068435669,3.0042190551757812,3.248311996459961,3.1806387901306152,133383848.0
2021-05-31,XPG.BK,3.3609700202941895,3.867932081222534,3.3609700202941895,3.7552740573883057,3.67703914642334,163801862.0
2021-06-01,XPG.BK,4.018143177032471,4.130802154541016,3.7928268909454346,4.130802154541016,4.04474401473999,110444115.0
2021-06-02,XPG.BK,3.943037986755371,4.205906867980957,3.7364981174468994,3.943037986755371,3.860891342163086,125289101.0
2021-06-04,XPG.BK,3.943037986755371,4.0556960105896,3.867932081222534,3.943037986755371,3.860891342163086,38195074.0
2021-06-07,XPG.BK,3.905484914779663,3.943037986755371,3.4924049377441406,3.6613919734954834,3.585113048553467,103456611.0
2021-06-08,XPG.BK,3.5675110816955566,3.5675110816955566,2.8164560794830322,3.079324960708618,3.0151724815368652,203376064.0
2021-06-09,XPG.BK,3.0042190551757812,3.323417901992798,3.0042190551757812,3.2670888900756836,3.1990246772766113,79714806.0
2021-06-10,XPG.BK,3.304641008377075,3.379746913909912,3.1356539726257324,3.1544299125671387,3.088712692260742,42234459.0
2021-06-11,XPG.BK,3.1732070446014404,3.248311996459961,3.04177188873291,3.116878032684326,3.051943063735962,36204541.0
2021-06-14,XPG.BK,3.022995948791504,3.116878032684326,2.8164560794830322,2.9666669368743896,2.9048614501953125,50172360.0
2021-06-15,XPG.BK,3.04177188873291,3.1732070446014404,2.985443115234375,3.1732070446014404,3.1070985794067383,36375767.0
2021-06-16,XPG.BK,3.0981009006500244,3.1732070446014404,3.04177188873291,3.079324960708618,3.0151724815368652,33473183.0
2021-06-17,XPG.BK,3.0605480670928955,3.0981009006500244,2.9666669368743896,3.0042190551757812,2.941631317138672,26747177.0
2021-06-18,XPG.BK,2.985443115234375,3.0605480670928955,2.8727850914001465,3.0042190551757812,2.941631317138672,35071734.0
2021-06-21,XPG.BK,2.9291141033172607,3.4548521041870117,2.9291141033172607,3.41729998588562,3.3461062908172607,94725958.0
2021-06-22,XPG.BK,3.4736289978027344,3.4924049377441406,3.342194080352783,3.41729998588562,3.3461062908172607,70407897.0
2021-06-23,XPG.BK,3.379746913909912,3.4360759258270264,3.323417901992798,3.3609700202941895,3.290949821472168,30477663.0
2021-06-24,XPG.BK,3.342194080352783,3.342194080352783,2.9666669368743896,3.304641008377075,3.2357943058013916,71033417.0
2021-06-25,XPG.BK,3.323417901992798,3.4924049377441406,3.2295360565185547,3.41729998588562,3.3461062908172607,64451742.0
2021-06-28,XPG.BK,3.379746913909912,3.4736289978027344,3.323417901992798,3.4360759258270264,3.3644909858703613,26637465.0
2021-06-29,XPG.BK,3.4360759258270264,3.6989450454711914,3.4360759258270264,3.680169105529785,3.603498935699463,74919950.0
2021-06-30,XPG.BK,3.6989450454711914,3.8303799629211426,3.605062961578369,3.7928268909454346,3.7138097286224365,82134869.0
2021-07-01,XPG.BK,3.7552740573883057,3.7552740573883057,3.285865068435669,3.4924049377441406,3.4196465015411377,113537631.0
2021-07-02,XPG.BK,3.342194080352783,3.41729998588562,3.04177188873291,3.2670888900756836,3.1990246772766113,113947454.0
2021-07-05,XPG.BK,3.2295360565185547,3.3985230922698975,3.1356539726257324,3.285865068435669,3.217409610748291,40195993.0
2021-07-06,XPG.BK,3.285865068435669,3.3609700202941895,3.2670888900756836,3.304641008377075,3.2357943058013916,12586029.0
2021-07-07,XPG.BK,3.304641008377075,3.304641008377075,3.0605480670928955,3.0981009006500244,3.033557176589966,41243054.0
2021-07-08,XPG.BK,2.9666669368743896,3.04177188873291,2.7976789474487305,2.8164560794830322,2.757780075073242,107098688.0
2021-07-09,XPG.BK,2.778903007507324,3.022995948791504,2.778903007507324,3.0042190551757812,2.941631317138672,56129847.0
2021-07-12,XPG.BK,2.985443115234375,3.0981009006500244,2.947890043258667,3.022995948791504,2.960016965866089,29298788.0
2021-07-13,XPG.BK,3.04177188873291,3.04177188873291,2.8164560794830322,3.022995948791504,2.960016965866089,101320149.0
2021-07-14,XPG.BK,2.985443115234375,3.248311996459961,2.9666669368743896,3.210758924484253,3.1438682079315186,44630822.0
2021-07-15,XPG.BK,3.1732070446014404,3.210758924484253,3.0981009006500244,3.1544299125671387,3.088712692260742,24714569.0
2021-07-16,XPG.BK,3.1919829845428467,3.1919829845428467,2.985443115234375,3.04177188873291,2.9784016609191895,45102425.0
2021-07-19,XPG.BK,3.0042190551757812,3.022995948791504,2.9291141033172607,3.0042190551757812,2.941631317138672,22689418.0
2021-07-20,XPG.BK,2.985443115234375,3.04177188873291,2.910336971282959,3.0042190551757812,2.941631317138672,25567237.0
2021-07-21,XPG.BK,3.0042190551757812,3.022995948791504,2.9666669368743896,3.0042190551757812,2.941631317138672,25198688.0
2021-07-22,XPG.BK,3.0042190551757812,3.1356539726257324,2.9666669368743896,3.022995948791504,2.960016965866089,65940581.0
2021-07-23,XPG.BK,2.9666669368743896,3.04177188873291,2.8540079593658447,2.9666669368743896,2.9048614501953125,92854990.0
2021-07-27,XPG.BK,3.180000066757202,3.859999895095825,3.180000066757202,3.859999895095825,3.779583215713501,79001000.0
2021-07-29,XPG.BK,4.519999980926514,5.0,4.119999885559082,4.460000038146973,4.367083549499512,175390700.0
2021-07-30,XPG.BK,4.460000038146973,4.480000019073486,3.8399999141693115,4.0,3.9166667461395264,60883500.0
2021-08-02,XPG.BK,3.9000000953674316,3.9600000381469727,3.740000009536743,3.940000057220459,3.857916831970215,22134200.0
2021-08-03,XPG.BK,3.940000057220459,4.059999942779541,3.859999895095825,3.9800000190734863,3.8970835208892822,27669300.0
2021-08-04,XPG.BK,3.9800000190734863,4.0,3.859999895095825,3.940000057220459,3.857916831970215,16870100.0
2021-08-05,XPG.BK,3.9000000953674316,3.940000057220459,3.8399999141693115,3.880000114440918,3.7991669178009033,10122900.0
2021-08-06,XPG.BK,3.859999895095825,3.880000114440918,3.740000009536743,3.759999990463257,3.681666851043701,10339600.0
2021-08-09,XPG.BK,3.819999933242798,3.819999933242798,3.5999999046325684,3.640000104904175,3.564166784286499,12061500.0
2021-08-10,XPG.BK,3.619999885559082,3.619999885559082,3.259999990463257,3.4000000953674316,3.329166889190674,31235400.0
2021-08-11,XPG.BK,3.440000057220459,3.559999942779541,3.380000114440918,3.5199999809265137,3.446666717529297,24988300.0
2021-08-13,XPG.BK,3.299999952316284,3.5,3.299999952316284,3.3399999141693115,3.270416736602783,14987200.0
2021-08-16,XPG.BK,3.2799999713897705,3.559999942779541,3.2200000286102295,3.5199999809265137,3.446666717529297,23158000.0
2021-08-17,XPG.BK,3.5799999237060547,3.940000057220459,3.5799999237060547,3.819999933242798,3.7404167652130127,75932800.0
2021-08-18,XPG.BK,3.9000000953674316,3.9800000190734863,3.8399999141693115,3.859999895095825,3.779583215713501,31771500.0
2021-08-19,XPG.BK,3.799999952316284,3.9200000762939453,3.759999990463257,3.819999933242798,3.7404167652130127,17008400.0
2021-08-20,XPG.BK,3.819999933242798,3.859999895095825,3.7799999713897705,3.819999933242798,3.7404167652130127,10548400.0
2021-08-23,XPG.BK,3.819999933242798,3.859999895095825,3.7200000286102295,3.819999933242798,3.7404167652130127,12508000.0
2021-08-24,XPG.BK,3.819999933242798,4.300000190734863,3.7799999713897705,4.28000020980835,4.190833568572998,100573600.0
2021-08-25,XPG.BK,4.320000171661377,4.360000133514404,4.139999866485596,4.28000020980835,4.190833568572998,50689300.0
2021-08-26,XPG.BK,4.28000020980835,4.440000057220459,4.179999828338623,4.380000114440918,4.288750171661377,33866400.0
2021-08-27,XPG.BK,4.400000095367432,4.539999961853027,4.340000152587891,4.460000038146973,4.367083549499512,55843100.0
2021-08-30,XPG.BK,4.519999980926514,4.519999980926514,4.099999904632568,4.28000020980835,4.190833568572998,40653400.0
2021-08-31,XPG.BK,4.28000020980835,4.380000114440918,4.21999979019165,4.340000152587891,4.249583721160889,19356300.0
2021-09-01,XPG.BK,4.380000114440918,4.380000114440918,4.239999771118164,4.300000190734863,4.210416793823242,15654800.0
2021-09-02,XPG.BK,4.260000228881836,4.28000020980835,4.139999866485596,4.179999828338623,4.092916488647461,26047200.0
2021-09-03,XPG.BK,4.179999828338623,4.21999979019165,4.119999885559082,4.159999847412109,4.073333263397217,12885200.0
2021-09-06,XPG.BK,4.119999885559082,4.139999866485596,3.9200000762939453,3.9800000190734863,3.8970835208892822,31933700.0
2021-09-07,XPG.BK,4.0,4.019999980926514,3.9000000953674316,3.940000057220459,3.857916831970215,11668100.0
2021-09-08,XPG.BK,3.9000000953674316,3.940000057220459,3.759999990463257,3.880000114440918,3.7991669178009033,29584600.0
2021-09-09,XPG.BK,3.880000114440918,4.21999979019165,3.799999952316284,3.8399999141693115,3.759999990463257,99344900.0
2021-09-10,XPG.BK,3.640000104904175,3.9800000190734863,3.640000104904175,3.9000000953674316,3.8187501430511475,120497300.0
2021-09-13,XPG.BK,3.9000000953674316,4.0,3.819999933242798,3.9000000953674316,3.8187501430511475,41046000.0
2021-09-14,XPG.BK,3.9000000953674316,3.9200000762939453,3.7200000286102295,3.759999990463257,3.681666851043701,45656100.0
2021-09-15,XPG.BK,3.740000009536743,3.7799999713897705,3.700000047683716,3.740000009536743,3.662083387374878,32767200.0
2021-09-16,XPG.BK,3.740000009536743,3.8399999141693115,3.700000047683716,3.7799999713897705,3.7012500762939453,29248200.0
2021-09-17,XPG.BK,3.819999933242798,3.859999895095825,3.759999990463257,3.819999933242798,3.7404167652130127,23623700.0
2021-09-20,XPG.BK,3.819999933242798,3.819999933242798,3.5799999237060547,3.740000009536743,3.662083387374878,44495000.0
2021-09-21,XPG.BK,3.7799999713897705,3.7799999713897705,3.5799999237060547,3.7200000286102295,3.642500162124634,25882200.0
2021-09-22,XPG.BK,3.700000047683716,3.740000009536743,3.6600000858306885,3.740000009536743,3.662083387374878,18739700.0
2021-09-23,XPG.BK,3.9200000762939453,3.940000057220459,3.7200000286102295,3.7200000286102295,3.642500162124634,116310200.0
2021-09-27,XPG.BK,3.7200000286102295,3.7200000286102295,2.700000047683716,2.9200000762939453,2.8591668605804443,816896600.0
2021-09-28,XPG.BK,3.0399999618530273,3.240000009536743,2.9800000190734863,3.180000066757202,3.1137502193450928,334351600.0
2021-09-29,XPG.BK,3.119999885559082,3.2200000286102295,3.059999942779541,3.0799999237060547,3.0158333778381348,79450400.0
2021-09-30,XPG.BK,3.0999999046325684,3.140000104904175,3.0199999809265137,3.0399999618530273,2.9766666889190674,49061200.0
2021-10-01,XPG.BK,3.059999942779541,3.1600000858306885,2.9800000190734863,3.0999999046325684,3.035416603088379,54718200.0
2021-10-04,XPG.BK,3.140000104904175,3.240000009536743,3.0799999237060547,3.0999999046325684,3.035416603088379,68436700.0
2021-10-05,XPG.BK,3.119999885559082,3.180000066757202,3.0999999046325684,3.140000104904175,3.0745835304260254,78068600.0
2021-10-06,XPG.BK,3.140000104904175,3.7200000286102295,3.140000104904175,3.5799999237060547,3.5054166316986084,536279100.0
2021-10-07,XPG.BK,3.5799999237060547,3.7799999713897705,3.5799999237060547,3.640000104904175,3.564166784286499,219284800.0
2021-10-08,XPG.BK,3.5999999046325684,3.6600000858306885,3.5399999618530273,3.5399999618530273,3.466249942779541,112047200.0
2021-10-11,XPG.BK,3.5,3.5199999809265137,3.359999895095825,3.359999895095825,3.2899999618530273,98181800.0
2021-10-12,XPG.BK,3.4000000953674316,3.5199999809265137,3.2799999713897705,3.440000057220459,3.368333339691162,101899400.0
2021-10-14,XPG.BK,3.4800000190734863,3.5399999618530273,3.359999895095825,3.4600000381469727,3.3879168033599854,94826700.0
2021-10-15,XPG.BK,3.4800000190734863,3.5,3.3399999141693115,3.3399999141693115,3.270416736602783,61242700.0
2021-10-18,XPG.BK,3.299999952316284,3.4600000381469727,3.299999952316284,3.380000114440918,3.3095834255218506,28589700.0
2021-10-19,XPG.BK,3.380000114440918,3.4200000762939453,3.299999952316284,3.299999952316284,3.231250047683716,25699000.0
2021-10-20,XPG.BK,3.3399999141693115,3.4000000953674316,3.319999933242798,3.359999895095825,3.2899999618530273,20703200.0
2021-10-21,XPG.BK,3.440000057220459,3.4600000381469727,3.3399999141693115,3.3399999141693115,3.270416736602783,37369000.0
2021-10-25,XPG.BK,3.359999895095825,3.380000114440918,3.319999933242798,3.319999933242798,3.25083327293396,12077700.0
2021-10-26,XPG.BK,3.3399999141693115,3.380000114440918,3.240000009536743,3.259999990463257,3.1920833587646484,32333800.0
2021-10-27,XPG.BK,3.240000009536743,3.240000009536743,3.180000066757202,3.200000047683716,3.133333444595337,25808700.0
2021-10-28,XPG.BK,3.180000066757202,3.2200000286102295,3.0399999618530273,3.119999885559082,3.055000066757202,45049600.0
2021-10-29,XPG.BK,3.180000066757202,3.180000066757202,3.0799999237060547,3.119999885559082,3.055000066757202,19364900.0
2021-11-01,XPG.BK,3.119999885559082,3.1600000858306885,3.0,3.059999942779541,2.9962499141693115,38880700.0
2021-11-02,XPG.BK,3.0399999618530273,3.140000104904175,2.9800000190734863,3.059999942779541,2.9962499141693115,55339000.0
2021-11-03,XPG.BK,3.119999885559082,3.240000009536743,3.0199999809265137,3.0399999618530273,2.9766666889190674,131262700.0
2021-11-04,XPG.BK,3.059999942779541,3.180000066757202,3.0399999618530273,3.119999885559082,3.055000066757202,91872600.0
2021-11-05,XPG.BK,3.140000104904175,3.140000104904175,3.059999942779541,3.0999999046325684,3.035416603088379,20589900.0
2021-11-08,XPG.BK,3.0999999046325684,3.119999885559082,3.059999942779541,3.0999999046325684,3.035416603088379,22762600.0
2021-11-09,XPG.BK,3.0999999046325684,3.200000047683716,3.0799999237060547,3.140000104904175,3.0745835304260254,101070100.0
2021-11-10,XPG.BK,3.119999885559082,3.140000104904175,3.059999942779541,3.0999999046325684,3.035416603088379,45104800.0
2021-11-11,XPG.BK,3.0999999046325684,3.180000066757202,3.0999999046325684,3.140000104904175,3.0745835304260254,33074200.0
2021-11-12,XPG.BK,3.1600000858306885,3.1600000858306885,3.0999999046325684,3.0999999046325684,3.035416603088379,28114800.0
2021-11-15,XPG.BK,3.059999942779541,3.0999999046325684,3.0,3.0199999809265137,2.9570834636688232,55783100.0
2021-11-16,XPG.BK,3.0199999809265137,3.119999885559082,2.9800000190734863,3.0199999809265137,2.9570834636688232,86465100.0
2021-11-17,XPG.BK,3.0,3.0399999618530273,3.0,3.0,2.9375,34422100.0
2021-11-18,XPG.BK,3.0199999809265137,3.0199999809265137,2.9600000381469727,2.9600000381469727,2.8983333110809326,41582100.0
2021-11-19,XPG.BK,2.9800000190734863,3.119999885559082,2.9600000381469727,3.0999999046325684,3.035416603088379,94039900.0
2021-11-22,XPG.BK,3.140000104904175,3.140000104904175,3.0199999809265137,3.0199999809265137,2.9570834636688232,48229000.0
2021-11-23,XPG.BK,3.0399999618530273,3.059999942779541,3.0,3.0399999618530273,2.9766666889190674,26126000.0
2021-11-24,XPG.BK,3.0399999618530273,3.059999942779541,2.9800000190734863,2.9800000190734863,2.917916774749756,52984100.0
2021-11-25,XPG.BK,3.0,3.0199999809265137,2.9800000190734863,2.9800000190734863,2.917916774749756,21325300.0
2021-11-26,XPG.BK,2.9800000190734863,3.0,2.9600000381469727,2.9600000381469727,2.8983333110809326,30272900.0
2021-11-29,XPG.BK,2.940000057220459,2.9800000190734863,2.8399999141693115,2.8399999141693115,2.7808332443237305,48519600.0
2021-11-30,XPG.BK,3.0799999237060547,3.0799999237060547,2.8399999141693115,2.8399999141693115,2.7808332443237305,128297400.0
2021-12-01,XPG.BK,2.9000000953674316,3.0399999618530273,2.859999895095825,3.0,2.9375,143194000.0
2021-12-02,XPG.BK,2.940000057220459,3.0,2.8399999141693115,2.940000057220459,2.8787500858306885,123191500.0
2021-12-03,XPG.BK,2.9600000381469727,3.0399999618530273,2.940000057220459,2.9600000381469727,2.8983333110809326,63433500.0
2021-12-07,XPG.BK,2.9800000190734863,2.9800000190734863,2.9000000953674316,2.940000057220459,2.8787500858306885,41586300.0
2021-12-08,XPG.BK,2.9800000190734863,3.0,2.9200000762939453,3.0,2.9375,81301400.0
2021-12-09,XPG.BK,3.0,3.059999942779541,2.9600000381469727,2.9600000381469727,2.8983333110809326,100805600.0
2021-12-13,XPG.BK,2.9600000381469727,3.0,2.9200000762939453,2.9200000762939453,2.8591668605804443,33288600.0
2021-12-14,XPG.BK,2.9200000762939453,2.940000057220459,2.880000114440918,2.9000000953674316,2.839583396911621,44303100.0
2021-12-15,XPG.BK,2.9000000953674316,2.9200000762939453,2.859999895095825,2.880000114440918,2.820000171661377,38013000.0
2021-12-16,XPG.BK,2.9000000953674316,2.9200000762939453,2.880000114440918,2.880000114440918,2.820000171661377,27660600.0
2021-12-17,XPG.BK,2.880000114440918,2.940000057220459,2.880000114440918,2.9000000953674316,2.839583396911621,33634600.0
2021-12-20,XPG.BK,2.9000000953674316,2.9200000762939453,2.819999933242798,2.8399999141693115,2.7808332443237305,35475900.0
2021-12-21,XPG.BK,2.859999895095825,2.880000114440918,2.8399999141693115,2.880000114440918,2.820000171661377,27960700.0
2021-12-22,XPG.BK,2.9000000953674316,2.9200000762939453,2.8399999141693115,2.8399999141693115,2.7808332443237305,30685100.0
2021-12-23,XPG.BK,2.859999895095825,2.880000114440918,2.859999895095825,2.859999895095825,2.8004167079925537,9926500.0
2021-12-24,XPG.BK,2.9200000762939453,2.9200000762939453,2.859999895095825,2.880000114440918,2.820000171661377,25622900.0
2021-12-27,XPG.BK,2.9000000953674316,2.9000000953674316,2.8399999141693115,2.8399999141693115,2.7808332443237305,17955100.0
2021-12-28,XPG.BK,2.859999895095825,2.859999895095825,2.799999952316284,2.799999952316284,2.741666793823242,27224400.0
2021-12-29,XPG.BK,2.819999933242798,2.859999895095825,2.7799999713897705,2.8399999141693115,2.7808332443237305,25789400.0
2021-12-30,XPG.BK,2.8399999141693115,2.9600000381469727,2.8399999141693115,2.9000000953674316,2.839583396911621,47483300.0
2022-01-04,XPG.BK,2.9200000762939453,2.9200000762939453,2.8399999141693115,2.9000000953674316,2.839583396911621,27823400.0
2022-01-05,XPG.BK,2.9000000953674316,2.9000000953674316,2.8399999141693115,2.8399999141693115,2.7808332443237305,32715700.0
2022-01-06,XPG.BK,2.8399999141693115,2.859999895095825,2.799999952316284,2.799999952316284,2.741666793823242,36244700.0
2022-01-07,XPG.BK,2.819999933242798,3.200000047683716,2.819999933242798,3.200000047683716,3.133333444595337,522792500.0
2022-01-10,XPG.BK,3.259999990463257,3.2799999713897705,3.0999999046325684,3.140000104904175,3.0745835304260254,244938800.0
2022-01-11,XPG.BK,3.119999885559082,3.180000066757202,2.9800000190734863,3.0199999809265137,2.9570834636688232,197348100.0
2022-01-12,XPG.BK,3.0,3.1600000858306885,2.9800000190734863,3.0399999618530273,2.9766666889190674,234995500.0
2022-01-13,XPG.BK,3.0799999237060547,3.200000047683716,3.0399999618530273,3.1600000858306885,3.0941667556762695,246478300.0
2022-01-14,XPG.BK,3.1600000858306885,3.180000066757202,3.0399999618530273,3.0399999618530273,2.9766666889190674,160711000.0
2022-01-17,XPG.BK,3.059999942779541,3.1600000858306885,3.0399999618530273,3.0799999237060547,3.0158333778381348,130537200.0
2022-01-18,XPG.BK,3.0799999237060547,3.0999999046325684,2.9000000953674316,2.9000000953674316,2.839583396911621,203095500.0
2022-01-19,XPG.BK,2.9200000762939453,2.9600000381469727,2.799999952316284,2.799999952316284,2.741666793823242,145733300.0
2022-01-20,XPG.BK,2.819999933242798,2.880000114440918,2.799999952316284,2.799999952316284,2.741666793823242,75330900.0
2022-01-21,XPG.BK,2.819999933242798,2.8399999141693115,2.740000009536743,2.759999990463257,2.702500104904175,94528000.0
2022-01-24,XPG.BK,2.759999990463257,2.799999952316284,2.640000104904175,2.640000104904175,2.5850000381469727,77516300.0
2022-01-25,XPG.BK,2.619999885559082,2.700000047683716,2.5799999237060547,2.5799999237060547,2.526249885559082,74282500.0
2022-01-26,XPG.BK,2.5399999618530273,2.5799999237060547,2.259999990463257,2.259999990463257,2.212916612625122,229328600.0
2022-01-27,XPG.BK,2.2799999713897705,2.299999952316284,2.0,2.180000066757202,2.1345834732055664,405783800.0
2022-01-28,XPG.BK,2.180000066757202,2.240000009536743,2.059999942779541,2.119999885559082,2.075833320617676,149821800.0
2022-01-31,XPG.BK,2.140000104904175,2.299999952316284,2.140000104904175,2.240000009536743,2.193333387374878,216477900.0
2022-02-01,XPG.BK,2.240000009536743,2.3399999141693115,2.2200000286102295,2.319999933242798,2.2716667652130127,112113500.0
2022-02-02,XPG.BK,2.319999933242798,2.7200000286102295,2.299999952316284,2.619999885559082,2.5654165744781494,426650300.0
2022-02-03,XPG.BK,2.5799999237060547,2.680000066757202,2.5199999809265137,2.5999999046325684,2.5458333492279053,175240700.0
2022-02-04,XPG.BK,2.5999999046325684,2.700000047683716,2.5799999237060547,2.6600000858306885,2.604583501815796,130910800.0
2022-02-07,XPG.BK,2.680000066757202,2.7200000286102295,2.619999885559082,2.680000066757202,2.62416672706604,110488100.0
2022-02-08,XPG.BK,2.680000066757202,2.799999952316284,2.680000066757202,2.680000066757202,2.62416672706604,97726400.0
2022-02-09,XPG.BK,2.700000047683716,2.759999990463257,2.680000066757202,2.7200000286102295,2.6633334159851074,88558600.0
2022-02-10,XPG.BK,2.7200000286102295,2.740000009536743,2.4600000381469727,2.5,2.4479167461395264,123020100.0
2022-02-11,XPG.BK,2.5199999809265137,2.6600000858306885,2.5,2.619999885559082,2.5654165744781494,59754400.0
2022-02-14,XPG.BK,2.5799999237060547,2.5999999046325684,2.4200000762939453,2.440000057220459,2.389166831970215,82597300.0
2022-02-15,XPG.BK,2.4800000190734863,2.5399999618530273,2.259999990463257,2.299999952316284,2.2520833015441895,156184700.0
2022-02-17,XPG.BK,2.319999933242798,2.4200000762939453,2.319999933242798,2.3399999141693115,2.291249990463257,63553000.0
2022-02-18,XPG.BK,2.3399999141693115,2.4000000953674316,2.299999952316284,2.3399999141693115,2.291249990463257,37675700.0
2022-02-21,XPG.BK,2.299999952316284,2.299999952316284,2.200000047683716,2.200000047683716,2.1541666984558105,65956500.0
2022-02-22,XPG.BK,2.1600000858306885,2.2799999713897705,2.140000104904175,2.259999990463257,2.212916612625122,62265900.0
2022-02-23,XPG.BK,2.259999990463257,2.259999990463257,2.140000104904175,2.1600000858306885,2.115000009536743,87211000.0
2022-02-24,XPG.BK,2.1600000858306885,2.1600000858306885,2.0399999618530273,2.059999942779541,2.0170834064483643,111398600.0
2022-02-25,XPG.BK,2.0999999046325684,2.1600000858306885,2.059999942779541,2.0999999046325684,2.0562498569488525,59428500.0
2022-02-28,XPG.BK,2.119999885559082,2.200000047683716,2.059999942779541,2.0799999237060547,2.0366666316986084,79081800.0
2022-03-01,XPG.BK,2.0999999046325684,2.140000104904175,2.0799999237060547,2.119999885559082,2.075833320617676,49080600.0
2022-03-02,XPG.BK,2.0999999046325684,2.119999885559082,2.0399999618530273,2.059999942779541,2.0170834064483643,43181000.0
2022-03-03,XPG.BK,2.0799999237060547,2.119999885559082,2.0399999618530273,2.119999885559082,2.075833320617676,82529000.0
2022-03-04,XPG.BK,2.1600000858306885,2.319999933242798,2.0999999046325684,2.140000104904175,2.095416784286499,232553400.0
2022-03-07,XPG.BK,2.0799999237060547,2.119999885559082,1.9800000190734863,1.9900000095367432,1.9485417604446411,250865500.0
2022-03-08,XPG.BK,2.0,2.0199999809265137,1.7200000286102295,1.8700000047683716,1.831041693687439,278312400.0
2022-03-09,XPG.BK,1.909999966621399,2.0399999618530273,1.8700000047683716,2.0199999809265137,1.9779167175292969,128663800.0
2022-03-10,XPG.BK,2.059999942779541,2.0799999237060547,1.9900000095367432,2.0,1.9583333730697632,98310900.0
2022-03-11,XPG.BK,1.9900000095367432,2.140000104904175,1.9800000190734863,2.059999942779541,2.0170834064483643,105108200.0
2022-03-14,XPG.BK,2.0399999618530273,2.0799999237060547,2.0,2.0199999809265137,1.9779167175292969,30855900.0
2022-03-15,XPG.BK,2.0399999618530273,2.059999942779541,1.9700000286102295,1.9900000095367432,1.9485417604446411,44908600.0
2022-03-16,XPG.BK,2.0199999809265137,2.0399999618530273,2.0,2.0199999809265137,1.9779167175292969,23157300.0
2022-03-17,XPG.BK,2.0199999809265137,2.0799999237060547,2.0199999809265137,2.0199999809265137,1.9779167175292969,31826200.0
2022-03-18,XPG.BK,2.0199999809265137,2.0399999618530273,2.0,2.0199999809265137,1.9779167175292969,26760200.0
2022-03-21,XPG.BK,2.0199999809265137,2.140000104904175,2.0199999809265137,2.0399999618530273,1.9975000619888306,72344200.0
2022-03-22,XPG.BK,2.0399999618530273,2.0999999046325684,2.0199999809265137,2.0799999237060547,2.0366666316986084,53713000.0
2022-03-23,XPG.BK,2.0799999237060547,2.0799999237060547,2.0,2.0199999809265137,1.9779167175292969,62005200.0
2022-03-24,XPG.BK,2.0399999618530273,2.0399999618530273,1.9800000190734863,1.9900000095367432,1.9485417604446411,91492900.0
2022-03-25,XPG.BK,2.0,2.0199999809265137,1.9700000286102295,1.9700000286102295,1.9289584159851074,58309800.0
2022-03-28,XPG.BK,2.0,2.0199999809265137,1.9800000190734863,2.0,1.9583333730697632,34425800.0
2022-03-29,XPG.BK,2.0,2.059999942779541,2.0,2.0199999809265137,1.9779167175292969,51507600.0
2022-03-30,XPG.BK,2.0399999618530273,2.0399999618530273,2.0,2.0,1.9583333730697632,38184000.0
2022-03-31,XPG.BK,2.0199999809265137,2.059999942779541,1.9900000095367432,2.0399999618530273,1.9975000619888306,53119900.0
2022-04-01,XPG.BK,2.0199999809265137,2.0399999618530273,1.9700000286102295,1.9900000095367432,1.9485417604446411,77983200.0
2022-04-04,XPG.BK,1.9900000095367432,2.0,1.9800000190734863,1.9900000095367432,1.9485417604446411,27726600.0
2022-04-05,XPG.BK,1.9900000095367432,2.0799999237060547,1.9900000095367432,2.0199999809265137,1.9779167175292969,98517100.0
2022-04-07,XPG.BK,2.0199999809265137,2.0199999809265137,1.9700000286102295,1.9700000286102295,1.9289584159851074,80286800.0
2022-04-08,XPG.BK,1.9800000190734863,2.0,1.9600000381469727,1.9600000381469727,1.9191666841506958,49386900.0
2022-04-11,XPG.BK,1.9600000381469727,1.9600000381469727,1.899999976158142,1.909999966621399,1.8702083826065063,45495600.0
2022-04-12,XPG.BK,1.899999976158142,1.9600000381469727,1.899999976158142,1.899999976158142,1.8604166507720947,37055900.0
2022-04-18,XPG.BK,1.909999966621399,1.9199999570846558,1.8600000143051147,1.8799999952316284,1.8408334255218506,46475600.0
2022-04-19,XPG.BK,1.8899999856948853,2.0199999809265137,1.8899999856948853,1.940000057220459,1.8995834589004517,143330000.0
2022-04-20,XPG.BK,1.9600000381469727,2.0199999809265137,1.9500000476837158,1.9500000476837158,1.9093750715255737,71699800.0
2022-04-21,XPG.BK,1.9700000286102295,2.200000047683716,1.9600000381469727,2.200000047683716,2.1541666984558105,438809000.0
2022-04-22,XPG.BK,2.1600000858306885,2.200000047683716,2.0399999618530273,2.0799999237060547,2.0366666316986084,247341600.0
2022-04-25,XPG.BK,2.0199999809265137,2.0799999237060547,2.0199999809265137,2.059999942779541,2.0170834064483643,91686400.0
2022-04-26,XPG.BK,2.059999942779541,2.119999885559082,2.0199999809265137,2.0399999618530273,1.9975000619888306,73796600.0
2022-04-27,XPG.BK,2.0199999809265137,2.0399999618530273,1.9600000381469727,1.9800000190734863,1.9387500286102295,101899700.0
2022-04-28,XPG.BK,2.0,2.0399999618530273,1.9900000095367432,2.0,1.9583333730697632,38837900.0
2022-04-29,XPG.BK,2.0,2.059999942779541,1.9900000095367432,1.9900000095367432,1.9485417604446411,27226600.0
2022-05-03,XPG.BK,2.0,2.0199999809265137,1.940000057220459,1.9500000476837158,1.9093750715255737,39281300.0
2022-05-05,XPG.BK,1.9800000190734863,1.9900000095367432,1.9299999475479126,1.9299999475479126,1.8897916078567505,22625300.0
2022-05-06,XPG.BK,1.909999966621399,1.9500000476837158,1.899999976158142,1.9199999570846558,1.8799999952316284,28454200.0
2022-05-09,XPG.BK,1.9199999570846558,1.9199999570846558,1.8700000047683716,1.8799999952316284,1.8408334255218506,29561800.0
2022-05-10,XPG.BK,1.8700000047683716,1.9199999570846558,1.850000023841858,1.899999976158142,1.8604166507720947,24881200.0
2022-05-11,XPG.BK,1.899999976158142,1.9199999570846558,1.8700000047683716,1.8700000047683716,1.831041693687439,14936100.0
2022-05-12,XPG.BK,1.8700000047683716,1.8799999952316284,1.75,1.7599999904632568,1.7233333587646484,58557200.0
2022-05-13,XPG.BK,1.7899999618530273,1.7999999523162842,1.6200000047683716,1.649999976158142,1.615625023841858,77887300.0
2022-05-17,XPG.BK,1.649999976158142,1.7300000190734863,1.649999976158142,1.7200000286102295,1.684166669845581,38235900.0
2022-05-18,XPG.BK,1.7200000286102295,1.7300000190734863,1.690000057220459,1.7000000476837158,1.664583444595337,10363100.0
2022-05-19,XPG.BK,1.6699999570846558,1.7100000381469727,1.649999976158142,1.7000000476837158,1.664583444595337,17477800.0
2022-05-20,XPG.BK,1.7100000381469727,1.75,1.690000057220459,1.7200000286102295,1.684166669845581,30532800.0
2022-05-23,XPG.BK,1.7200000286102295,1.7799999713897705,1.7100000381469727,1.7599999904632568,1.7233333587646484,23165200.0
2022-05-24,XPG.BK,1.7699999809265137,1.840000033378601,1.7300000190734863,1.7799999713897705,1.7429167032241821,39694500.0
2022-05-25,XPG.BK,1.7799999713897705,1.809999942779541,1.7599999904632568,1.7599999904632568,1.7233333587646484,29756700.0
2022-05-26,XPG.BK,1.7699999809265137,1.8200000524520874,1.7699999809265137,1.7999999523162842,1.7625000476837158,24120500.0
2022-05-27,XPG.BK,1.809999942779541,1.8200000524520874,1.7699999809265137,1.7999999523162842,1.7625000476837158,14363100.0
2022-05-30,XPG.BK,1.8200000524520874,1.8799999952316284,1.7999999523162842,1.8700000047683716,1.831041693687439,39833700.0
2022-05-31,XPG.BK,1.8700000047683716,1.909999966621399,1.840000033378601,1.8700000047683716,1.831041693687439,27063600.0
2022-06-01,XPG.BK,1.8799999952316284,1.9199999570846558,1.8700000047683716,1.899999976158142,1.8604166507720947,21304300.0
2022-06-02,XPG.BK,1.899999976158142,1.9299999475479126,1.8799999952316284,1.909999966621399,1.8702083826065063,21910600.0
2022-06-06,XPG.BK,1.899999976158142,1.9199999570846558,1.8799999952316284,1.899999976158142,1.8604166507720947,48354300.0
2022-06-07,XPG.BK,1.899999976158142,1.9500000476837158,1.8799999952316284,1.899999976158142,1.8604166507720947,22478400.0
2022-06-08,XPG.BK,1.909999966621399,2.0199999809265137,1.899999976158142,1.899999976158142,1.8604166507720947,102872500.0
2022-06-09,XPG.BK,1.899999976158142,1.940000057220459,1.8799999952316284,1.899999976158142,1.8604166507720947,31275000.0
2022-06-10,XPG.BK,1.899999976158142,1.9199999570846558,1.8899999856948853,1.909999966621399,1.8702083826065063,10748400.0
2022-06-13,XPG.BK,1.850000023841858,1.8600000143051147,1.7799999713897705,1.7799999713897705,1.7429167032241821,26804000.0
2022-06-14,XPG.BK,1.7300000190734863,1.7899999618530273,1.7300000190734863,1.7400000095367432,1.7037500143051147,19756500.0
2022-06-15,XPG.BK,1.75,1.7799999713897705,1.7200000286102295,1.7200000286102295,1.684166669845581,9504900.0
2022-06-16,XPG.BK,1.7400000095367432,1.7799999713897705,1.7000000476837158,1.7000000476837158,1.664583444595337,16240600.0
2022-06-17,XPG.BK,1.690000057220459,1.7400000095367432,1.6699999570846558,1.7200000286102295,1.684166669845581,10065700.0
2022-06-20,XPG.BK,1.7200000286102295,1.7200000286102295,1.690000057220459,1.7100000381469727,1.674375057220459,6936700.0
2022-06-21,XPG.BK,1.7100000381469727,1.75,1.7000000476837158,1.7100000381469727,1.674375057220459,18911600.0
2022-06-22,XPG.BK,1.7100000381469727,1.7200000286102295,1.6799999475479126,1.690000057220459,1.6547917127609253,13563300.0
2022-06-23,XPG.BK,1.690000057220459,1.7200000286102295,1.6799999475479126,1.7000000476837158,1.664583444595337,10549700.0
2022-06-24,XPG.BK,1.7100000381469727,1.7200000286102295,1.7000000476837158,1.7100000381469727,1.674375057220459,10021500.0
2022-06-27,XPG.BK,1.7200000286102295,1.7899999618530273,1.7200000286102295,1.75,1.7135417461395264,17758200.0
2022-06-28,XPG.BK,1.7400000095367432,1.7799999713897705,1.7400000095367432,1.7599999904632568,1.7233333587646484,10260200.0
2022-06-29,XPG.BK,1.7599999904632568,1.7699999809265137,1.7300000190734863,1.75,1.7135417461395264,15583200.0
2022-06-30,XPG.BK,1.7400000095367432,1.7599999904632568,1.7100000381469727,1.7200000286102295,1.684166669845581,9905800.0
2022-07-01,XPG.BK,1.7100000381469727,1.7400000095367432,1.7100000381469727,1.7200000286102295,1.684166669845581,3770900.0
2022-07-04,XPG.BK,1.7200000286102295,1.7200000286102295,1.6699999570846558,1.6699999570846558,1.6352083683013916,7875100.0
2022-07-05,XPG.BK,1.6799999475479126,1.690000057220459,1.559999942779541,1.559999942779541,1.527500033378601,31670900.0
2022-07-06,XPG.BK,1.5700000524520874,1.6100000143051147,1.5099999904632568,1.600000023841858,1.5666667222976685,24797800.0
2022-07-07,XPG.BK,1.600000023841858,1.6200000047683716,1.5800000429153442,1.6100000143051147,1.5764583349227905,4297900.0
2022-07-08,XPG.BK,1.6200000047683716,1.6299999952316284,1.5800000429153442,1.5800000429153442,1.5470833778381348,5719900.0
2022-07-11,XPG.BK,1.600000023841858,1.7200000286102295,1.600000023841858,1.690000057220459,1.6547917127609253,60129200.0
2022-07-12,XPG.BK,1.690000057220459,1.7000000476837158,1.6299999952316284,1.649999976158142,1.615625023841858,14157300.0
2022-07-14,XPG.BK,1.649999976158142,1.649999976158142,1.5700000524520874,1.5700000524520874,1.5372917652130127,22975100.0
2022-07-15,XPG.BK,1.5700000524520874,1.600000023841858,1.5399999618530273,1.5700000524520874,1.5372917652130127,10750600.0
2022-07-18,XPG.BK,1.5800000429153442,1.600000023841858,1.5499999523162842,1.5800000429153442,1.5470833778381348,9986700.0
2022-07-19,XPG.BK,1.5800000429153442,1.5800000429153442,1.4800000190734863,1.4800000190734863,1.4491666555404663,52680000.0
2022-07-20,XPG.BK,1.5099999904632568,1.5299999713897705,1.4900000095367432,1.5,1.46875,18682700.0
2022-07-21,XPG.BK,1.5,1.5,1.3799999952316284,1.399999976158142,1.370833396911621,69688100.0
2022-07-22,XPG.BK,1.3799999952316284,1.4299999475479126,1.3700000047683716,1.399999976158142,1.370833396911621,36644200.0
2022-07-25,XPG.BK,1.399999976158142,1.4600000381469727,1.3899999856948853,1.440000057220459,1.4100000858306885,38162400.0
2022-07-26,XPG.BK,1.440000057220459,1.4900000095367432,1.440000057220459,1.4800000190734863,1.4491666555404663,21499400.0
2022-07-27,XPG.BK,1.4600000381469727,1.5199999809265137,1.4600000381469727,1.5,1.46875,21186200.0
2022-08-01,XPG.BK,1.5,1.5499999523162842,1.4900000095367432,1.5499999523162842,1.5177083015441895,17772300.0
2022-08-02,XPG.BK,1.5399999618530273,1.559999942779541,1.4800000190734863,1.5199999809265137,1.4883333444595337,24215200.0
2022-08-03,XPG.BK,1.5,1.5299999713897705,1.5,1.5299999713897705,1.4981249570846558,7952800.0
2022-08-04,XPG.BK,1.5299999713897705,1.559999942779541,1.5099999904632568,1.5399999618530273,1.5079166889190674,13490200.0
2022-08-05,XPG.BK,1.5299999713897705,1.6399999856948853,1.5299999713897705,1.5499999523162842,1.5177083015441895,40028700.0
2022-08-08,XPG.BK,1.5299999713897705,1.6799999475479126,1.5299999713897705,1.6399999856948853,1.6058334112167358,44361000.0
2022-08-09,XPG.BK,1.6299999952316284,1.6699999570846558,1.6200000047683716,1.649999976158142,1.615625023841858,18942700.0
2022-08-10,XPG.BK,1.649999976158142,1.649999976158142,1.590000033378601,1.600000023841858,1.5666667222976685,11972400.0
2022-08-11,XPG.BK,1.6299999952316284,1.6299999952316284,1.559999942779541,1.5800000429153442,1.5470833778381348,17579000.0
2022-08-15,XPG.BK,1.559999942779541,1.7200000286102295,1.559999942779541,1.690000057220459,1.6547917127609253,54693800.0
2022-08-16,XPG.BK,1.649999976158142,1.690000057220459,1.5800000429153442,1.600000023841858,1.5666667222976685,27889500.0
2022-08-17,XPG.BK,1.600000023841858,1.6200000047683716,1.590000033378601,1.6200000047683716,1.5862500667572021,15519900.0
2022-08-18,XPG.BK,1.6200000047683716,1.6799999475479126,1.600000023841858,1.6399999856948853,1.6058334112167358,16025300.0
2022-08-19,XPG.BK,1.6399999856948853,1.649999976158142,1.5800000429153442,1.6100000143051147,1.5764583349227905,23326400.0
2022-08-22,XPG.BK,1.600000023841858,1.6299999952316284,1.600000023841858,1.600000023841858,1.5666667222976685,8297500.0
2022-08-23,XPG.BK,1.590000033378601,1.6699999570846558,1.590000033378601,1.6399999856948853,1.6058334112167358,22245000.0
2022-08-24,XPG.BK,1.6399999856948853,1.659999966621399,1.6100000143051147,1.6399999856948853,1.6058334112167358,10269700.0
2022-08-25,XPG.BK,1.649999976158142,1.6799999475479126,1.600000023841858,1.649999976158142,1.615625023841858,27171200.0
2022-08-26,XPG.BK,1.649999976158142,1.7999999523162842,1.6399999856948853,1.75,1.7135417461395264,130420000.0
2022-08-29,XPG.BK,1.7000000476837158,1.7300000190734863,1.690000057220459,1.690000057220459,1.6547917127609253,37231000.0
2022-08-30,XPG.BK,1.7000000476837158,1.7100000381469727,1.6399999856948853,1.690000057220459,1.6547917127609253,37790900.0
2022-08-31,XPG.BK,1.690000057220459,1.7400000095367432,1.6699999570846558,1.690000057220459,1.6547917127609253,36799800.0
2022-09-01,XPG.BK,1.6799999475479126,1.7000000476837158,1.659999966621399,1.6699999570846558,1.6352083683013916,34147300.0
2022-09-02,XPG.BK,1.6799999475479126,1.6799999475479126,1.649999976158142,1.649999976158142,1.615625023841858,10486000.0
2022-09-05,XPG.BK,1.659999966621399,1.7100000381469727,1.649999976158142,1.659999966621399,1.62541663646698,16259500.0
2022-09-06,XPG.BK,1.659999966621399,1.6799999475479126,1.6399999856948853,1.659999966621399,1.62541663646698,18174300.0
2022-09-07,XPG.BK,1.6399999856948853,1.6699999570846558,1.6399999856948853,1.649999976158142,1.615625023841858,12778900.0
2022-09-08,XPG.BK,1.659999966621399,1.6699999570846558,1.6399999856948853,1.649999976158142,1.615625023841858,14948900.0
2022-09-09,XPG.BK,1.659999966621399,1.7100000381469727,1.649999976158142,1.649999976158142,1.615625023841858,32221500.0
2022-09-12,XPG.BK,1.659999966621399,1.659999966621399,1.6399999856948853,1.649999976158142,1.615625023841858,19293800.0
2022-09-13,XPG.BK,1.649999976158142,1.7000000476837158,1.649999976158142,1.6699999570846558,1.6352083683013916,27684500.0
2022-09-14,XPG.BK,1.649999976158142,1.6699999570846558,1.6399999856948853,1.659999966621399,1.62541663646698,17393700.0
2022-09-15,XPG.BK,1.659999966621399,1.6699999570846558,1.649999976158142,1.659999966621399,1.62541663646698,27260100.0
2022-09-16,XPG.BK,1.649999976158142,1.6699999570846558,1.6399999856948853,1.649999976158142,1.615625023841858,30782000.0
2022-09-19,XPG.BK,1.649999976158142,1.7000000476837158,1.6200000047683716,1.6799999475479126,1.6449999809265137,50273500.0
2022-09-20,XPG.BK,1.6799999475479126,1.75,1.6699999570846558,1.7000000476837158,1.664583444595337,46478200.0
2022-09-21,XPG.BK,1.690000057220459,1.7000000476837158,1.659999966621399,1.659999966621399,1.62541663646698,10343800.0
2022-09-22,XPG.BK,1.659999966621399,1.690000057220459,1.649999976158142,1.659999966621399,1.62541663646698,12174600.0
2022-09-23,XPG.BK,1.6799999475479126,1.690000057220459,1.6299999952316284,1.6399999856948853,1.6058334112167358,28952200.0
2022-09-26,XPG.BK,1.649999976158142,1.649999976158142,1.5800000429153442,1.5800000429153442,1.5470833778381348,20937500.0
2022-09-27,XPG.BK,1.590000033378601,1.6100000143051147,1.5,1.5,1.46875,23907500.0
2022-09-28,XPG.BK,1.5,1.5299999713897705,1.5,1.5,1.46875,7791100.0
2022-09-29,XPG.BK,1.5299999713897705,1.5499999523162842,1.5,1.5099999904632568,1.4785417318344116,8795200.0
2022-09-30,XPG.BK,1.5099999904632568,1.5099999904632568,1.4800000190734863,1.5099999904632568,1.4785417318344116,4656800.0
2022-10-03,XPG.BK,1.5099999904632568,1.5199999809265137,1.4900000095367432,1.4900000095367432,1.458958387374878,6285600.0
2022-10-04,XPG.BK,1.5099999904632568,1.5499999523162842,1.5099999904632568,1.5199999809265137,1.4883333444595337,4910000.0
2022-10-05,XPG.BK,1.5299999713897705,1.5700000524520874,1.5099999904632568,1.5099999904632568,1.4785417318344116,7988400.0
2022-10-06,XPG.BK,1.5199999809265137,1.5399999618530273,1.5099999904632568,1.5099999904632568,1.4785417318344116,4924500.0
2022-10-07,XPG.BK,1.5199999809265137,1.5199999809265137,1.4800000190734863,1.5,1.46875,13367000.0
2022-10-10,XPG.BK,1.5,1.5,1.440000057220459,1.4600000381469727,1.4295834302902222,15509800.0
2022-10-11,XPG.BK,1.4700000286102295,1.4700000286102295,1.4199999570846558,1.4299999475479126,1.4002083539962769,8477700.0
2022-10-12,XPG.BK,1.4199999570846558,1.440000057220459,1.409999966621399,1.4199999570846558,1.3904166221618652,3366900.0
2022-10-17,XPG.BK,1.4299999475479126,1.4900000095367432,1.4199999570846558,1.4500000476837158,1.4197916984558105,15950500.0
2022-10-18,XPG.BK,1.4600000381469727,1.5199999809265137,1.4600000381469727,1.5199999809265137,1.4883333444595337,13330200.0
2022-10-19,XPG.BK,1.5299999713897705,1.5399999618530273,1.4900000095367432,1.5,1.46875,7596500.0
2022-10-20,XPG.BK,1.5099999904632568,1.5299999713897705,1.4900000095367432,1.5,1.46875,8043300.0
2022-10-21,XPG.BK,1.5099999904632568,1.5099999904632568,1.4600000381469727,1.4600000381469727,1.4295834302902222,5323600.0
2022-10-25,XPG.BK,1.4700000286102295,1.4800000190734863,1.440000057220459,1.4500000476837158,1.4197916984558105,4739000.0
2022-10-26,XPG.BK,1.4500000476837158,1.4700000286102295,1.4299999475479126,1.4299999475479126,1.4002083539962769,4846400.0
2022-10-27,XPG.BK,1.440000057220459,1.4700000286102295,1.4299999475479126,1.4600000381469727,1.4295834302902222,6381000.0
2022-10-28,XPG.BK,1.4600000381469727,1.4700000286102295,1.4500000476837158,1.4500000476837158,1.4197916984558105,5506200.0
2022-10-31,XPG.BK,1.4500000476837158,1.4800000190734863,1.440000057220459,1.440000057220459,1.4100000858306885,3786500.0
2022-11-01,XPG.BK,1.440000057220459,1.4700000286102295,1.440000057220459,1.4600000381469727,1.4295834302902222,2611900.0
2022-11-02,XPG.BK,1.4700000286102295,1.4700000286102295,1.4500000476837158,1.4700000286102295,1.4393750429153442,3837400.0
2022-11-03,XPG.BK,1.4700000286102295,1.4700000286102295,1.4500000476837158,1.4600000381469727,1.4295834302902222,4418500.0
2022-11-04,XPG.BK,1.4700000286102295,1.559999942779541,1.4700000286102295,1.5199999809265137,1.4883333444595337,54496700.0
2022-11-07,XPG.BK,1.5199999809265137,1.5299999713897705,1.5,1.5199999809265137,1.4883333444595337,6963300.0
2022-11-08,XPG.BK,1.5199999809265137,1.559999942779541,1.5199999809265137,1.5399999618530273,1.5079166889190674,13809700.0
2022-11-09,XPG.BK,1.5399999618530273,1.5399999618530273,1.4600000381469727,1.4800000190734863,1.4491666555404663,14223200.0
2022-11-10,XPG.BK,1.4700000286102295,1.4700000286102295,1.440000057220459,1.4700000286102295,1.4393750429153442,12306900.0
2022-11-11,XPG.BK,1.4800000190734863,1.5,1.4500000476837158,1.4600000381469727,1.4295834302902222,6332300.0
2022-11-14,XPG.BK,1.4199999570846558,1.4500000476837158,1.409999966621399,1.4299999475479126,1.4002083539962769,9179500.0
2022-11-15,XPG.BK,1.440000057220459,1.4700000286102295,1.440000057220459,1.4500000476837158,1.4197916984558105,4143200.0
2022-11-16,XPG.BK,1.4500000476837158,1.4500000476837158,1.409999966621399,1.4299999475479126,1.4002083539962769,9018900.0
2022-11-17,XPG.BK,1.4299999475479126,1.4500000476837158,1.4199999570846558,1.440000057220459,1.4100000858306885,5135600.0
2022-11-18,XPG.BK,1.440000057220459,1.4500000476837158,1.4199999570846558,1.4299999475479126,1.4002083539962769,6783400.0
2022-11-21,XPG.BK,1.4299999475479126,1.4500000476837158,1.4199999570846558,1.4299999475479126,1.4002083539962769,20524100.0
2022-11-22,XPG.BK,1.4299999475479126,1.440000057220459,1.409999966621399,1.4199999570846558,1.3904166221618652,25168100.0
2022-11-23,XPG.BK,1.4299999475479126,1.440000057220459,1.4199999570846558,1.4199999570846558,1.3904166221618652,10519700.0
2022-11-24,XPG.BK,1.4199999570846558,1.440000057220459,1.4199999570846558,1.4199999570846558,1.3904166221618652,15994700.0
2022-11-25,XPG.BK,1.4199999570846558,1.4900000095367432,1.4199999570846558,1.440000057220459,1.4100000858306885,17157500.0
2022-11-28,XPG.BK,1.4299999475479126,1.440000057220459,1.4199999570846558,1.4199999570846558,1.3904166221618652,10599300.0
2022-11-29,XPG.BK,1.4199999570846558,1.4299999475479126,1.409999966621399,1.4299999475479126,1.4002083539962769,4903900.0
2022-11-30,XPG.BK,1.4199999570846558,1.5700000524520874,1.409999966621399,1.5199999809265137,1.4883333444595337,84697000.0
2022-12-01,XPG.BK,1.5199999809265137,1.6299999952316284,1.4900000095367432,1.600000023841858,1.5666667222976685,95170300.0
2022-12-02,XPG.BK,1.600000023841858,1.6200000047683716,1.5700000524520874,1.5800000429153442,1.5470833778381348,43605200.0
2022-12-06,XPG.BK,1.5800000429153442,1.590000033378601,1.4600000381469727,1.4700000286102295,1.4393750429153442,63612000.0
2022-12-07,XPG.BK,1.4800000190734863,1.5099999904632568,1.4700000286102295,1.4900000095367432,1.458958387374878,19204100.0
2022-12-08,XPG.BK,1.5,1.5700000524520874,1.5,1.5499999523162842,1.5177083015441895,43585200.0
2022-12-09,XPG.BK,1.5399999618530273,1.5499999523162842,1.4900000095367432,1.5099999904632568,1.4785417318344116,31477200.0
2022-12-13,XPG.BK,1.5199999809265137,1.5299999713897705,1.5,1.5,1.46875,10895000.0
2022-12-14,XPG.BK,1.5099999904632568,1.5399999618530273,1.5,1.5,1.46875,17037000.0
2022-12-15,XPG.BK,1.5099999904632568,1.5199999809265137,1.4600000381469727,1.4600000381469727,1.4295834302902222,11805200.0
2022-12-16,XPG.BK,1.4600000381469727,1.4800000190734863,1.4500000476837158,1.4700000286102295,1.4393750429153442,10906100.0
2022-12-19,XPG.BK,1.4700000286102295,1.5,1.4700000286102295,1.5,1.46875,10869200.0
2022-12-20,XPG.BK,1.4800000190734863,1.5,1.4600000381469727,1.4600000381469727,1.4295834302902222,7459200.0
2022-12-21,XPG.BK,1.4700000286102295,1.4800000190734863,1.4500000476837158,1.4600000381469727,1.4295834302902222,9360800.0
2022-12-22,XPG.BK,1.4600000381469727,1.5,1.4600000381469727,1.5,1.46875,7218400.0
2022-12-23,XPG.BK,1.5,1.5399999618530273,1.5,1.5399999618530273,1.5079166889190674,65431600.0
2022-12-26,XPG.BK,1.559999942779541,1.659999966621399,1.559999942779541,1.5700000524520874,1.5372917652130127,246387100.0
2022-12-27,XPG.BK,1.5800000429153442,1.590000033378601,1.4900000095367432,1.5099999904632568,1.4785417318344116,69781500.0
2022-12-28,XPG.BK,1.5099999904632568,1.5199999809265137,1.4700000286102295,1.5,1.46875,33829400.0
2022-12-29,XPG.BK,1.4900000095367432,1.5299999713897705,1.4800000190734863,1.5199999809265137,1.4883333444595337,25144800.0
2022-12-30,XPG.BK,1.5499999523162842,1.590000033378601,1.5,1.5399999618530273,1.5079166889190674,139993000.0
2023-01-03,XPG.BK,1.5299999713897705,1.5299999713897705,1.409999966621399,1.4199999570846558,1.3904166221618652,143234000.0
2023-01-04,XPG.BK,1.4299999475479126,1.4500000476837158,1.409999966621399,1.4299999475479126,1.4002083539962769,27765800.0
2023-01-05,XPG.BK,1.440000057220459,1.4500000476837158,1.399999976158142,1.4199999570846558,1.3904166221618652,50282100.0
2023-01-06,XPG.BK,1.4199999570846558,1.440000057220459,1.4199999570846558,1.4299999475479126,1.4002083539962769,14164200.0
2023-01-09,XPG.BK,1.4299999475479126,1.440000057220459,1.4199999570846558,1.440000057220459,1.4100000858306885,13750400.0
2023-01-10,XPG.BK,1.4500000476837158,1.4600000381469727,1.4299999475479126,1.440000057220459,1.4100000858306885,13797400.0
2023-01-11,XPG.BK,1.4299999475479126,1.4600000381469727,1.4299999475479126,1.4500000476837158,1.4197916984558105,19385900.0
2023-01-12,XPG.BK,1.4500000476837158,1.4700000286102295,1.4299999475479126,1.4299999475479126,1.4002083539962769,17324000.0
2023-01-13,XPG.BK,1.440000057220459,1.4500000476837158,1.4199999570846558,1.4299999475479126,1.4002083539962769,21946600.0
2023-01-16,XPG.BK,1.4500000476837158,1.5,1.4500000476837158,1.4700000286102295,1.4393750429153442,97901500.0
2023-01-17,XPG.BK,1.4800000190734863,1.5099999904632568,1.4600000381469727,1.4700000286102295,1.4393750429153442,82721600.0
2023-01-18,XPG.BK,1.4800000190734863,1.4900000095367432,1.4500000476837158,1.4700000286102295,1.4393750429153442,18257000.0
2023-01-19,XPG.BK,1.4700000286102295,1.4700000286102295,1.440000057220459,1.440000057220459,1.4100000858306885,17546400.0
2023-01-20,XPG.BK,1.4500000476837158,1.4500000476837158,1.4199999570846558,1.440000057220459,1.4100000858306885,33173200.0
2023-01-23,XPG.BK,1.4500000476837158,1.4800000190734863,1.440000057220459,1.4600000381469727,1.4295834302902222,31109500.0
2023-01-24,XPG.BK,1.4600000381469727,1.4700000286102295,1.4199999570846558,1.4199999570846558,1.3904166221618652,31776900.0
2023-01-25,XPG.BK,1.4199999570846558,1.440000057220459,1.409999966621399,1.409999966621399,1.3806250095367432,12850500.0
2023-01-26,XPG.BK,1.4199999570846558,1.4299999475479126,1.409999966621399,1.4299999475479126,1.4002083539962769,15682100.0
2023-01-27,XPG.BK,1.4199999570846558,1.4299999475479126,1.4199999570846558,1.4299999475479126,1.4002083539962769,5046800.0
2023-01-30,XPG.BK,1.440000057220459,1.440000057220459,1.4199999570846558,1.4299999475479126,1.4002083539962769,7211500.0
2023-01-31,XPG.BK,1.4299999475479126,1.4700000286102295,1.4199999570846558,1.4500000476837158,1.4197916984558105,30539900.0
2023-02-01,XPG.BK,1.440000057220459,1.4600000381469727,1.440000057220459,1.4500000476837158,1.4197916984558105,11665000.0
2023-02-02,XPG.BK,1.4500000476837158,1.4900000095367432,1.4500000476837158,1.4500000476837158,1.4197916984558105,37274000.0
2023-02-03,XPG.BK,1.4600000381469727,1.4600000381469727,1.440000057220459,1.440000057220459,1.4100000858306885,7254400.0
2023-02-06,XPG.BK,1.440000057220459,1.4500000476837158,1.4299999475479126,1.4299999475479126,1.4002083539962769,8979100.0
2023-02-07,XPG.BK,1.4199999570846558,1.440000057220459,1.4199999570846558,1.4299999475479126,1.4002083539962769,16048100.0
2023-02-08,XPG.BK,1.4500000476837158,1.4500000476837158,1.399999976158142,1.399999976158142,1.370833396911621,25496600.0
2023-02-09,XPG.BK,1.409999966621399,1.4299999475479126,1.399999976158142,1.409999966621399,1.3806250095367432,12074600.0
2023-02-10,XPG.BK,1.409999966621399,1.4199999570846558,1.399999976158142,1.409999966621399,1.3806250095367432,6767000.0
2023-02-13,XPG.BK,1.409999966621399,1.409999966621399,1.399999976158142,1.409999966621399,1.3806250095367432,4827800.0
2023-02-14,XPG.BK,1.409999966621399,1.409999966621399,1.3200000524520874,1.3200000524520874,1.2925000190734863,60196400.0
2023-02-15,XPG.BK,1.3200000524520874,1.3600000143051147,1.309999942779541,1.309999942779541,1.2827082872390747,14931000.0
2023-02-16,XPG.BK,1.3300000429153442,1.350000023841858,1.3200000524520874,1.340000033378601,1.31208336353302,9793400.0
2023-02-17,XPG.BK,1.340000033378601,1.350000023841858,1.2999999523162842,1.309999942779541,1.2827082872390747,12493600.0
2023-02-20,XPG.BK,1.309999942779541,1.3200000524520874,1.2899999618530273,1.309999942779541,1.2827082872390747,10471300.0
2023-02-21,XPG.BK,1.309999942779541,1.3300000429153442,1.2999999523162842,1.3300000429153442,1.302291750907898,6969700.0
2023-02-22,XPG.BK,1.3200000524520874,1.3300000429153442,1.309999942779541,1.309999942779541,1.2827082872390747,5084000.0
2023-02-23,XPG.BK,1.309999942779541,1.3300000429153442,1.2999999523162842,1.2999999523162842,1.2729166746139526,4725300.0
2023-02-24,XPG.BK,1.2999999523162842,1.309999942779541,1.2799999713897705,1.2999999523162842,1.2729166746139526,8029300.0
2023-02-27,XPG.BK,1.2799999713897705,1.2799999713897705,1.2100000381469727,1.2599999904632568,1.2337499856948853,34147800.0
2023-02-28,XPG.BK,1.25,1.2699999809265137,1.25,1.2599999904632568,1.2337499856948853,7265600.0
2023-03-01,XPG.BK,1.25,1.2599999904632568,1.2100000381469727,1.2300000190734863,1.2043750286102295,15291300.0
2023-03-02,XPG.BK,1.2300000190734863,1.2400000095367432,1.190000057220459,1.2000000476837158,1.1750000715255737,16877900.0
2023-03-03,XPG.BK,1.2000000476837158,1.2200000286102295,1.1799999475479126,1.190000057220459,1.1652084589004517,13438100.0
2023-03-07,XPG.BK,1.190000057220459,1.2000000476837158,1.1699999570846558,1.190000057220459,1.1652084589004517,13088200.0
2023-03-08,XPG.BK,1.190000057220459,1.2000000476837158,1.1699999570846558,1.190000057220459,1.1652084589004517,8704700.0
2023-03-09,XPG.BK,1.190000057220459,1.2100000381469727,1.190000057220459,1.190000057220459,1.1652084589004517,4240500.0
2023-03-10,XPG.BK,1.190000057220459,1.190000057220459,1.1399999856948853,1.1699999570846558,1.1456249952316284,12920600.0
2023-03-13,XPG.BK,1.149999976158142,1.159999966621399,1.059999942779541,1.0700000524520874,1.0477083921432495,23065700.0
2023-03-14,XPG.BK,1.0499999523162842,1.0800000429153442,0.8899999856948853,0.9100000262260437,0.8910416960716248,113636700.0
2023-03-15,XPG.BK,0.9399999976158142,0.9800000190734863,0.9200000166893005,0.9599999785423279,0.9399999976158142,69920600.0
2023-03-16,XPG.BK,0.9399999976158142,0.9599999785423279,0.9200000166893005,0.9300000071525574,0.9106250405311584,31999800.0
2023-03-17,XPG.BK,0.949999988079071,0.9599999785423279,0.9100000262260437,0.9200000166893005,0.9008333683013916,22991400.0
2023-03-20,XPG.BK,0.9200000166893005,1.190000057220459,0.9200000166893005,1.1399999856948853,1.1162500381469727,308037000.0
2023-03-21,XPG.BK,1.159999966621399,1.2400000095367432,1.1200000047683716,1.190000057220459,1.1652084589004517,358583300.0
2023-03-22,XPG.BK,1.1699999570846558,1.190000057220459,1.149999976158142,1.149999976158142,1.1260416507720947,72037900.0
2023-03-23,XPG.BK,1.1399999856948853,1.1399999856948853,1.100000023841858,1.1299999952316284,1.106458306312561,44975800.0
2023-03-24,XPG.BK,1.1399999856948853,1.1799999475479126,1.1200000047683716,1.1299999952316284,1.106458306312561,47374400.0
2023-03-27,XPG.BK,1.1399999856948853,1.149999976158142,1.1100000143051147,1.1200000047683716,1.096666693687439,14192100.0
2023-03-28,XPG.BK,1.100000023841858,1.1200000047683716,1.0700000524520874,1.090000033378601,1.0672917366027832,43883500.0
2023-03-29,XPG.BK,1.100000023841858,1.2200000286102295,1.0700000524520874,1.2100000381469727,1.1847916841506958,102076700.0
2023-03-30,XPG.BK,1.2100000381469727,1.2599999904632568,1.149999976158142,1.159999966621399,1.1358333826065063,189936200.0
2023-03-31,XPG.BK,1.149999976158142,1.1799999475479126,1.1299999952316284,1.1299999952316284,1.106458306312561,52999100.0
2023-04-03,XPG.BK,1.1399999856948853,1.159999966621399,1.1200000047683716,1.1299999952316284,1.106458306312561,19777700.0
2023-04-04,XPG.BK,1.1299999952316284,1.149999976158142,1.100000023841858,1.1100000143051147,1.086875081062317,17661500.0
2023-04-05,XPG.BK,1.1200000047683716,1.1699999570846558,1.0700000524520874,1.0800000429153442,1.0575000047683716,96806200.0
2023-04-07,XPG.BK,1.0800000429153442,1.0800000429153442,1.0499999523162842,1.059999942779541,1.037916660308838,21326600.0
2023-04-10,XPG.BK,1.059999942779541,1.090000033378601,1.059999942779541,1.0800000429153442,1.0575000047683716,14189500.0
2023-04-11,XPG.BK,1.149999976158142,1.159999966621399,1.090000033378601,1.1100000143051147,1.086875081062317,88296600.0
2023-04-12,XPG.BK,1.090000033378601,1.1100000143051147,1.0800000429153442,1.100000023841858,1.0770833492279053,22393700.0
2023-04-17,XPG.BK,1.100000023841858,1.1699999570846558,1.100000023841858,1.149999976158142,1.1260416507720947,65999100.0
2023-04-18,XPG.BK,1.1399999856948853,1.159999966621399,1.1299999952316284,1.159999966621399,1.1358333826065063,40388000.0
2023-04-19,XPG.BK,1.149999976158142,1.1799999475479126,1.1299999952316284,1.1399999856948853,1.1162500381469727,33888500.0
2023-04-20,XPG.BK,1.1399999856948853,1.1399999856948853,1.100000023841858,1.1200000047683716,1.096666693687439,36906500.0
2023-04-21,XPG.BK,1.1100000143051147,1.1399999856948853,1.1100000143051147,1.1200000047683716,1.096666693687439,19162200.0
2023-04-24,XPG.BK,1.1200000047683716,1.1299999952316284,1.100000023841858,1.100000023841858,1.0770833492279053,10114400.0
2023-04-25,XPG.BK,1.100000023841858,1.100000023841858,1.0099999904632568,1.0399999618530273,1.0183333158493042,28445300.0
2023-04-26,XPG.BK,1.0700000524520874,1.090000033378601,1.0499999523162842,1.0700000524520874,1.0477083921432495,10521000.0
2023-04-27,XPG.BK,1.0800000429153442,1.0800000429153442,1.0399999618530273,1.059999942779541,1.037916660308838,12844500.0
2023-04-28,XPG.BK,1.059999942779541,1.0700000524520874,1.0399999618530273,1.0499999523162842,1.0281249284744263,9363400.0
2023-05-02,XPG.BK,1.0199999809265137,1.0499999523162842,1.0099999904632568,1.0199999809265137,0.9987500309944153,6503400.0
2023-05-03,XPG.BK,1.0299999713897705,1.0700000524520874,1.0099999904632568,1.0499999523162842,1.0281249284744263,8133700.0
2023-05-08,XPG.BK,1.0499999523162842,1.100000023841858,1.0399999618530273,1.0700000524520874,1.0477083921432495,8033500.0
2023-05-09,XPG.BK,1.059999942779541,1.090000033378601,1.0499999523162842,1.0700000524520874,1.0477083921432495,8599400.0
2023-05-10,XPG.BK,1.0700000524520874,1.1100000143051147,1.059999942779541,1.0800000429153442,1.0575000047683716,18811400.0
2023-05-11,XPG.BK,1.0800000429153442,1.0800000429153442,1.0299999713897705,1.0399999618530273,1.0183333158493042,13202700.0
2023-05-12,XPG.BK,1.0499999523162842,1.059999942779541,1.0299999713897705,1.0499999523162842,1.0281249284744263,6034200.0
2023-05-15,XPG.BK,1.0700000524520874,1.0700000524520874,1.0099999904632568,1.0299999713897705,1.0085417032241821,12430500.0
2023-05-16,XPG.BK,1.0299999713897705,1.0499999523162842,1.0199999809265137,1.0299999713897705,1.0085417032241821,4314000.0
2023-05-17,XPG.BK,1.0299999713897705,1.0700000524520874,1.0199999809265137,1.0499999523162842,1.0281249284744263,14098200.0
2023-05-18,XPG.BK,1.059999942779541,1.059999942779541,1.0299999713897705,1.0399999618530273,1.0183333158493042,11857000.0
2023-05-19,XPG.BK,1.0399999618530273,1.0499999523162842,1.0299999713897705,1.0399999618530273,1.0183333158493042,11551100.0
2023-05-22,XPG.BK,1.0399999618530273,1.0499999523162842,1.0099999904632568,1.0499999523162842,1.0281249284744263,16661900.0
2023-05-23,XPG.BK,1.0399999618530273,1.0399999618530273,1.0199999809265137,1.0299999713897705,1.0085417032241821,5583600.0
2023-05-24,XPG.BK,1.0299999713897705,1.059999942779541,1.0299999713897705,1.0399999618530273,1.0183333158493042,6230000.0
2023-05-25,XPG.BK,1.0499999523162842,1.0499999523162842,0.9900000095367432,1.0099999904632568,0.9889583587646484,17711000.0
2023-05-26,XPG.BK,1.0099999904632568,1.0199999809265137,1.0,1.0099999904632568,0.9889583587646484,59949800.0
2023-05-29,XPG.BK,1.0199999809265137,1.059999942779541,1.0099999904632568,1.0199999809265137,0.9987500309944153,13856300.0
2023-05-30,XPG.BK,1.0199999809265137,1.0399999618530273,1.0099999904632568,1.0099999904632568,0.9889583587646484,12762600.0
2023-05-31,XPG.BK,1.0099999904632568,1.0199999809265137,1.0099999904632568,1.0099999904632568,0.9889583587646484,2643400.0
2023-06-01,XPG.BK,1.0199999809265137,1.0199999809265137,0.9800000190734863,0.9800000190734863,0.9595833420753479,12543700.0
2023-06-02,XPG.BK,1.0,1.0099999904632568,0.9800000190734863,0.9900000095367432,0.9693750143051147,3429600.0
2023-06-06,XPG.BK,1.0,1.0,0.9700000286102295,0.9700000286102295,0.9497917294502258,7989700.0
2023-06-07,XPG.BK,0.9700000286102295,1.0,0.949999988079071,0.9599999785423279,0.9399999976158142,19112600.0
2023-06-08,XPG.BK,0.9700000286102295,1.0,0.949999988079071,0.9900000095367432,0.9693750143051147,21980800.0
2023-06-09,XPG.BK,0.9900000095367432,1.0299999713897705,0.9800000190734863,1.0199999809265137,0.9987500309944153,27431300.0
2023-06-12,XPG.BK,1.0099999904632568,1.0299999713897705,1.0,1.0099999904632568,0.9889583587646484,3641100.0
2023-06-13,XPG.BK,1.0099999904632568,1.0199999809265137,0.9900000095367432,1.0,0.9791666865348816,5314000.0
2023-06-14,XPG.BK,1.0,1.0099999904632568,0.9800000190734863,0.9900000095367432,0.9693750143051147,7032300.0
2023-06-15,XPG.BK,1.0,1.0099999904632568,0.9599999785423279,0.9599999785423279,0.9399999976158142,10791200.0
2023-06-16,XPG.BK,0.9700000286102295,0.9800000190734863,0.9599999785423279,0.9599999785423279,0.9399999976158142,7866500.0
2023-06-19,XPG.BK,0.9599999785423279,0.9700000286102295,0.9300000071525574,0.9399999976158142,0.9204167127609253,7544200.0
2023-06-20,XPG.BK,0.9399999976158142,0.9599999785423279,0.9300000071525574,0.949999988079071,0.9302083253860474,8031400.0
2023-06-21,XPG.BK,0.9700000286102295,1.0099999904632568,0.9399999976158142,0.949999988079071,0.9302083253860474,21506400.0
2023-06-22,XPG.BK,0.9599999785423279,0.9800000190734863,0.9399999976158142,0.9599999785423279,0.9399999976158142,10894600.0
2023-06-23,XPG.BK,0.949999988079071,0.9700000286102295,0.9300000071525574,0.9599999785423279,0.9399999976158142,8957900.0
2023-06-26,XPG.BK,0.9700000286102295,0.9800000190734863,0.9399999976158142,0.949999988079071,0.9302083253860474,9980200.0
2023-06-27,XPG.BK,0.949999988079071,0.9900000095367432,0.9399999976158142,0.9700000286102295,0.9497917294502258,10230900.0
2023-06-28,XPG.BK,0.9700000286102295,0.9700000286102295,0.9300000071525574,0.9399999976158142,0.9204167127609253,64774700.0
2023-06-29,XPG.BK,0.9300000071525574,0.9599999785423279,0.9300000071525574,0.949999988079071,0.9302083253860474,3806500.0
2023-06-30,XPG.BK,0.949999988079071,1.0199999809265137,0.949999988079071,1.0,0.9791666865348816,32621400.0
2023-07-03,XPG.BK,1.0,1.0099999904632568,0.9700000286102295,0.9800000190734863,0.9595833420753479,9189200.0
2023-07-04,XPG.BK,0.9900000095367432,1.0499999523162842,0.9800000190734863,1.0399999618530273,1.0183333158493042,31552600.0
2023-07-05,XPG.BK,1.0299999713897705,1.059999942779541,1.0299999713897705,1.0399999618530273,1.0183333158493042,12646400.0
2023-07-06,XPG.BK,1.0399999618530273,1.0399999618530273,0.9900000095367432,1.0,0.9791666865348816,15825500.0
2023-07-07,XPG.BK,1.0,1.0099999904632568,0.9700000286102295,0.9599999785423279,0.9399999976158142,10866600.0
2023-07-10,XPG.BK,0.9700000286102295,0.9800000190734863,0.9399999976158142,0.9599999785423279,0.9399999976158142,18149000.0
2023-07-11,XPG.BK,0.9599999785423279,0.9900000095367432,0.9599999785423279,0.9800000190734863,0.9595833420753479,9239400.0
2023-07-12,XPG.BK,0.9800000190734863,0.9800000190734863,0.9100000262260437,0.9300000071525574,0.9106250405311584,39468900.0
2023-07-13,XPG.BK,0.9300000071525574,0.9399999976158142,0.9100000262260437,0.9300000071525574,0.9106250405311584,5927200.0
2023-07-14,XPG.BK,0.949999988079071,0.9700000286102295,0.9399999976158142,0.9599999785423279,0.9399999976158142,14904400.0
2023-07-17,XPG.BK,0.9700000286102295,1.2200000286102295,0.9700000286102295,1.190000057220459,1.1652084589004517,316575400.0
2023-07-18,XPG.BK,1.190000057220459,1.2200000286102295,1.159999966621399,1.2000000476837158,1.1750000715255737,175893600.0
2023-07-19,XPG.BK,1.190000057220459,1.2000000476837158,1.1399999856948853,1.159999966621399,1.1358333826065063,140773600.0
2023-07-20,XPG.BK,1.1699999570846558,1.2400000095367432,1.159999966621399,1.159999966621399,1.1358333826065063,235084700.0
2023-07-21,XPG.BK,1.149999976158142,1.1799999475479126,1.100000023841858,1.159999966621399,1.1358333826065063,134887300.0
2023-07-24,XPG.BK,1.149999976158142,1.159999966621399,1.1100000143051147,1.1200000047683716,1.096666693687439,47229400.0
2023-07-25,XPG.BK,1.1200000047683716,1.1399999856948853,1.1100000143051147,1.1100000143051147,1.086875081062317,38048800.0
2023-07-26,XPG.BK,1.1200000047683716,1.2000000476837158,1.1200000047683716,1.2000000476837158,1.1750000715255737,112912800.0
2023-07-27,XPG.BK,1.2000000476837158,1.2100000381469727,1.149999976158142,1.1799999475479126,1.1554166078567505,136922400.0
2023-07-31,XPG.BK,1.1699999570846558,1.2899999618530273,1.159999966621399,1.2599999904632568,1.2337499856948853,157730600.0
2023-08-02,XPG.BK,1.2400000095367432,1.3700000047683716,1.1799999475479126,1.2200000286102295,1.1945834159851074,660028900.0
2023-08-03,XPG.BK,1.2100000381469727,1.2400000095367432,1.149999976158142,1.159999966621399,1.1358333826065063,109724200.0
2023-08-04,XPG.BK,1.159999966621399,1.2100000381469727,1.1200000047683716,1.190000057220459,1.1652084589004517,99063400.0
2023-08-07,XPG.BK,1.1799999475479126,1.2200000286102295,1.159999966621399,1.2000000476837158,1.1750000715255737,104247400.0
2023-08-08,XPG.BK,1.2000000476837158,1.2200000286102295,1.149999976158142,1.1399999856948853,1.1162500381469727,40225900.0
2023-08-09,XPG.BK,1.159999966621399,1.190000057220459,1.1399999856948853,1.1799999475479126,1.1554166078567505,67939500.0
2023-08-10,XPG.BK,1.1799999475479126,1.2599999904632568,1.1699999570846558,1.2599999904632568,1.2337499856948853,149575000.0
2023-08-11,XPG.BK,1.25,1.2999999523162842,1.2200000286102295,1.2599999904632568,1.2337499856948853,232233900.0
2023-08-15,XPG.BK,1.2599999904632568,1.2899999618530273,1.2400000095367432,1.2699999809265137,1.2435417175292969,102661100.0
2023-08-16,XPG.BK,1.2699999809265137,1.340000033378601,1.2400000095367432,1.3200000524520874,1.2925000190734863,251202800.0
2023-08-17,XPG.BK,1.309999942779541,1.3200000524520874,1.2899999618530273,1.2899999618530273,1.263124942779541,102539100.0
2023-08-18,XPG.BK,1.2899999618530273,1.3700000047683716,1.2799999713897705,1.340000033378601,1.31208336353302,370010500.0
2023-08-21,XPG.BK,1.3600000143051147,1.3799999952316284,1.309999942779541,1.309999942779541,1.2827082872390747,221612600.0
2023-08-22,XPG.BK,1.350000023841858,1.5,1.3300000429153442,1.4600000381469727,1.4295834302902222,524133700.0
2023-08-23,XPG.BK,1.4800000190734863,1.4900000095367432,1.409999966621399,1.4299999475479126,1.4002083539962769,330289800.0
2023-08-24,XPG.BK,1.440000057220459,1.4700000286102295,1.3700000047683716,1.3899999856948853,1.3610416650772095,214362600.0
2023-08-25,XPG.BK,1.399999976158142,1.440000057220459,1.3899999856948853,1.440000057220459,1.4100000858306885,114088600.0
2023-08-28,XPG.BK,1.4500000476837158,1.4700000286102295,1.399999976158142,1.399999976158142,1.370833396911621,102508700.0
2023-08-29,XPG.BK,1.409999966621399,1.4500000476837158,1.3799999952316284,1.4500000476837158,1.4197916984558105,170791900.0
2023-08-30,XPG.BK,1.4199999570846558,1.4700000286102295,1.409999966621399,1.4199999570846558,1.3904166221618652,126819700.0
2023-08-31,XPG.BK,1.4199999570846558,1.600000023841858,1.399999976158142,1.5099999904632568,1.4785417318344116,389626900.0
2023-09-01,XPG.BK,1.4900000095367432,1.5199999809265137,1.4600000381469727,1.4800000190734863,1.4491666555404663,183110600.0
2023-09-04,XPG.BK,1.5,1.559999942779541,1.5,1.5099999904632568,1.4785417318344116,226232500.0
2023-09-05,XPG.BK,1.5099999904632568,1.6299999952316284,1.5,1.6100000143051147,1.5764583349227905,282416100.0
2023-09-06,XPG.BK,1.6100000143051147,1.659999966621399,1.5499999523162842,1.5800000429153442,1.5470833778381348,414248300.0
2023-09-07,XPG.BK,1.590000033378601,1.6299999952316284,1.5800000429153442,1.6200000047683716,1.5862500667572021,131053100.0
2023-09-08,XPG.BK,1.6299999952316284,1.649999976158142,1.6100000143051147,1.6299999952316284,1.5960416793823242,174996500.0
2023-09-11,XPG.BK,1.6299999952316284,1.6399999856948853,1.5800000429153442,1.6100000143051147,1.5764583349227905,106380100.0
2023-09-12,XPG.BK,1.6100000143051147,1.6699999570846558,1.5700000524520874,1.5800000429153442,1.5470833778381348,253059400.0
2023-09-13,XPG.BK,1.5800000429153442,1.6100000143051147,1.4800000190734863,1.4900000095367432,1.458958387374878,198337200.0
2023-09-14,XPG.BK,1.5099999904632568,1.5800000429153442,1.5099999904632568,1.559999942779541,1.527500033378601,106808800.0
2023-09-15,XPG.BK,1.5800000429153442,1.590000033378601,1.5499999523162842,1.5499999523162842,1.5177083015441895,57856700.0
2023-09-18,XPG.BK,1.5499999523162842,1.559999942779541,1.5099999904632568,1.5199999809265137,1.4883333444595337,38188300.0
2023-09-19,XPG.BK,1.5199999809265137,1.559999942779541,1.5199999809265137,1.5399999618530273,1.5079166889190674,42105900.0
2023-09-20,XPG.BK,1.5399999618530273,1.5499999523162842,1.4700000286102295,1.4800000190734863,1.4491666555404663,74765300.0
2023-09-21,XPG.BK,1.4900000095367432,1.5199999809265137,1.4800000190734863,1.5099999904632568,1.4785417318344116,46266400.0
2023-09-22,XPG.BK,1.5,1.5199999809265137,1.4800000190734863,1.5,1.46875,41548800.0
2023-09-25,XPG.BK,1.4900000095367432,1.5099999904632568,1.3899999856948853,1.3899999856948853,1.3610416650772095,103837500.0
2023-09-26,XPG.BK,1.3899999856948853,1.4199999570846558,1.3300000429153442,1.340000033378601,1.31208336353302,129104600.0
2023-09-27,XPG.BK,1.3799999952316284,1.3799999952316284,1.350000023841858,1.3700000047683716,1.3414583206176758,21640500.0
2023-09-28,XPG.BK,1.3799999952316284,1.3799999952316284,1.2400000095367432,1.2599999904632568,1.2337499856948853,208181200.0
2023-09-29,XPG.BK,1.2799999713897705,1.2999999523162842,1.2300000190734863,1.2699999809265137,1.2435417175292969,159340200.0
2023-10-02,XPG.BK,1.2699999809265137,1.2899999618530273,1.190000057220459,1.2100000381469727,1.1847916841506958,149829000.0
2023-10-03,XPG.BK,1.2200000286102295,1.2699999809265137,1.1799999475479126,1.2300000190734863,1.2043750286102295,109326400.0
2023-10-04,XPG.BK,1.2000000476837158,1.2599999904632568,1.190000057220459,1.2400000095367432,1.2141666412353516,121741400.0
2023-10-05,XPG.BK,1.2400000095367432,1.25,1.100000023841858,1.100000023841858,1.0770833492279053,234684100.0
2023-10-06,XPG.BK,1.1200000047683716,1.1299999952316284,1.0800000429153442,1.0800000429153442,1.0575000047683716,73712400.0
2023-10-09,XPG.BK,1.0700000524520874,1.1200000047683716,1.059999942779541,1.100000023841858,1.0770833492279053,127990900.0
2023-10-10,XPG.BK,1.1200000047683716,1.1299999952316284,1.100000023841858,1.100000023841858,1.0770833492279053,34892900.0
2023-10-11,XPG.BK,1.100000023841858,1.2100000381469727,1.100000023841858,1.2000000476837158,1.1750000715255737,177376800.0
2023-10-12,XPG.BK,1.190000057220459,1.2300000190734863,1.1699999570846558,1.2000000476837158,1.1750000715255737,95009600.0
2023-10-16,XPG.BK,1.2000000476837158,1.2000000476837158,1.0800000429153442,1.1200000047683716,1.096666693687439,153850100.0
2023-10-17,XPG.BK,1.1299999952316284,1.1399999856948853,1.1100000143051147,1.1100000143051147,1.086875081062317,23543800.0
2023-10-18,XPG.BK,1.1200000047683716,1.1200000047683716,1.0800000429153442,1.0800000429153442,1.0575000047683716,31113500.0
2023-10-19,XPG.BK,1.0800000429153442,1.090000033378601,1.059999942779541,1.0700000524520874,1.0477083921432495,21517900.0
2023-10-20,XPG.BK,1.0700000524520874,1.0700000524520874,1.0099999904632568,1.0099999904632568,0.9889583587646484,47366300.0
2023-10-24,XPG.BK,1.0299999713897705,1.0700000524520874,1.0199999809265137,1.0399999618530273,1.0183333158493042,62853900.0
2023-10-25,XPG.BK,1.0399999618530273,1.059999942779541,1.0,1.0099999904632568,0.9889583587646484,46077700.0
2023-10-26,XPG.BK,1.0099999904632568,1.0099999904632568,0.8899999856948853,0.9100000262260437,0.8910416960716248,117871100.0
2023-10-27,XPG.BK,0.9100000262260437,0.949999988079071,0.8500000238418579,0.949999988079071,0.9302083253860474,103746900.0
2023-10-30,XPG.BK,0.9200000166893005,0.9300000071525574,0.8899999856948853,0.9100000262260437,0.8910416960716248,44178300.0
2023-10-31,XPG.BK,0.9100000262260437,0.9200000166893005,0.8700000047683716,0.8799999952316284,0.8616666793823242,31841600.0
2023-11-01,XPG.BK,0.8799999952316284,0.9399999976158142,0.8799999952316284,0.9100000262260437,0.8910416960716248,57720600.0
2023-11-02,XPG.BK,0.9399999976158142,1.0,0.9300000071525574,0.9900000095367432,0.9693750143051147,76449900.0
2023-11-03,XPG.BK,1.0,1.0199999809265137,0.9800000190734863,0.9900000095367432,0.9693750143051147,35704400.0
2023-11-06,XPG.BK,1.0,1.0499999523162842,1.0,1.0299999713897705,1.0085417032241821,38976700.0
2023-11-07,XPG.BK,1.0299999713897705,1.0499999523162842,0.9900000095367432,0.9900000095367432,0.9693750143051147,67897900.0
2023-11-08,XPG.BK,1.0,1.059999942779541,1.0,1.0499999523162842,1.0281249284744263,82744800.0
2023-11-09,XPG.BK,1.0499999523162842,1.0499999523162842,1.0,1.0399999618530273,1.0183333158493042,84914900.0
2023-11-10,XPG.BK,1.0399999618530273,1.059999942779541,0.9599999785423279,0.9700000286102295,0.9497917294502258,129632500.0
2023-11-13,XPG.BK,1.0,1.0099999904632568,0.9700000286102295,0.9900000095367432,0.9693750143051147,50054500.0
2023-11-14,XPG.BK,0.9900000095367432,1.0099999904632568,0.9700000286102295,0.9900000095367432,0.9693750143051147,26630800.0
2023-11-15,XPG.BK,1.0099999904632568,1.0499999523162842,0.9900000095367432,1.0499999523162842,1.0281249284744263,65758500.0
2023-11-16,XPG.BK,1.0399999618530273,1.0700000524520874,1.0199999809265137,1.0299999713897705,1.0085417032241821,43690100.0
2023-11-17,XPG.BK,1.0099999904632568,1.0299999713897705,0.9900000095367432,1.0099999904632568,0.9889583587646484,33804200.0
2023-11-20,XPG.BK,1.0099999904632568,1.0299999713897705,0.9900000095367432,1.0099999904632568,0.9889583587646484,48214800.0
2023-11-21,XPG.BK,1.0199999809265137,1.059999942779541,1.0099999904632568,1.0499999523162842,1.0281249284744263,58896700.0
2023-11-22,XPG.BK,1.0399999618530273,1.0499999523162842,1.0099999904632568,1.0299999713897705,1.0085417032241821,37566800.0
2023-11-23,XPG.BK,1.0299999713897705,1.1100000143051147,1.0199999809265137,1.090000033378601,1.0672917366027832,140685700.0
2023-11-24,XPG.BK,1.0800000429153442,1.090000033378601,1.0299999713897705,1.0299999713897705,1.0085417032241821,83713100.0
2023-11-27,XPG.BK,1.0299999713897705,1.0299999713897705,1.0,1.0099999904632568,0.9889583587646484,48797700.0
2023-11-28,XPG.BK,1.0099999904632568,1.059999942779541,1.0099999904632568,1.0499999523162842,1.0281249284744263,54794100.0
2023-11-29,XPG.BK,1.0499999523162842,1.059999942779541,1.0199999809265137,1.0199999809265137,0.9987500309944153,47222100.0
2023-11-30,XPG.BK,1.0199999809265137,1.0299999713897705,1.0,1.0099999904632568,0.9889583587646484,32461600.0
2023-12-01,XPG.BK,1.0199999809265137,1.0299999713897705,1.0099999904632568,1.0199999809265137,0.9987500309944153,18798200.0
2023-12-04,XPG.BK,1.0499999523162842,1.090000033378601,1.0499999523162842,1.0700000524520874,1.0477083921432495,52415900.0
2023-12-06,XPG.BK,1.090000033378601,1.149999976158142,1.0700000524520874,1.1200000047683716,1.096666693687439,143436800.0
2023-12-07,XPG.BK,1.1100000143051147,1.1299999952316284,1.090000033378601,1.090000033378601,1.0672917366027832,55653600.0
2023-12-08,XPG.BK,1.100000023841858,1.1200000047683716,1.059999942779541,1.0800000429153442,1.0575000047683716,61396100.0
2023-12-12,XPG.BK,1.0800000429153442,1.090000033378601,1.0199999809265137,1.0199999809265137,0.9987500309944153,45063800.0
2023-12-13,XPG.BK,1.0199999809265137,1.0399999618530273,0.9599999785423279,0.9700000286102295,0.9497917294502258,106329400.0
2023-12-14,XPG.BK,0.9900000095367432,1.0299999713897705,0.9800000190734863,1.0199999809265137,0.9987500309944153,64512600.0
2023-12-15,XPG.BK,1.0199999809265137,1.0700000524520874,1.0099999904632568,1.0299999713897705,1.0085417032241821,142654200.0
2023-12-18,XPG.BK,1.0199999809265137,1.059999942779541,1.0199999809265137,1.0499999523162842,1.0281249284744263,33827700.0
2023-12-19,XPG.BK,1.059999942779541,1.059999942779541,1.0299999713897705,1.0499999523162842,1.0281249284744263,30309600.0
2023-12-20,XPG.BK,1.0499999523162842,1.090000033378601,1.0499999523162842,1.0700000524520874,1.0477083921432495,56556100.0
2023-12-21,XPG.BK,1.059999942779541,1.2999999523162842,1.059999942779541,1.2400000095367432,1.2141666412353516,469081700.0
2023-12-22,XPG.BK,1.2100000381469727,1.2400000095367432,1.1399999856948853,1.2300000190734863,1.2043750286102295,126002200.0
2023-12-25,XPG.BK,1.2000000476837158,1.2999999523162842,1.2000000476837158,1.2999999523162842,1.2729166746139526,41520300.0
2023-12-26,XPG.BK,1.2799999713897705,1.2999999523162842,1.25,1.2699999809265137,1.2435417175292969,48924400.0
2023-12-27,XPG.BK,1.2599999904632568,1.350000023841858,1.2100000381469727,1.3300000429153442,1.302291750907898,122398600.0
2023-12-28,XPG.BK,1.309999942779541,1.3600000143051147,1.309999942779541,1.3300000429153442,1.302291750907898,50344500.0
2024-01-03,XPG.BK,1.3899999856948853,1.399999976158142,1.3300000429153442,1.3600000143051147,1.3316667079925537,39965800.0
2024-01-04,XPG.BK,1.3300000429153442,1.340000033378601,1.25,1.2999999523162842,1.2729166746139526,61330900.0
2024-01-05,XPG.BK,1.309999942779541,1.3200000524520874,1.2400000095367432,1.25,1.2239583730697632,59822800.0
2024-01-08,XPG.BK,1.25,1.2999999523162842,1.2300000190734863,1.2799999713897705,1.253333330154419,30369000.0
2024-01-09,XPG.BK,1.2999999523162842,1.3200000524520874,1.2400000095367432,1.2799999713897705,1.253333330154419,30719000.0
2024-01-10,XPG.BK,1.2699999809265137,1.2799999713897705,1.2300000190734863,1.25,1.2239583730697632,21685500.0
2024-01-11,XPG.BK,1.2599999904632568,1.2799999713897705,1.1699999570846558,1.2300000190734863,1.2043750286102295,78373500.0
2024-01-12,XPG.BK,1.2300000190734863,1.309999942779541,1.2100000381469727,1.2899999618530273,1.263124942779541,86668600.0
2024-01-15,XPG.BK,1.2899999618530273,1.2899999618530273,1.2899999618530273,1.2899999618530273,1.263124942779541,0.0
2024-01-16,XPG.BK,1.2400000095367432,1.2799999713897705,1.2300000190734863,1.2699999809265137,1.2435417175292969,31863900.0
2024-01-17,XPG.BK,1.2599999904632568,1.2599999904632568,1.0800000429153442,1.1200000047683716,1.096666693687439,159482900.0
2024-01-18,XPG.BK,1.1200000047683716,1.1699999570846558,1.1100000143051147,1.1200000047683716,1.096666693687439,87010500.0
2024-01-19,XPG.BK,1.1200000047683716,1.1299999952316284,1.0700000524520874,1.100000023841858,1.0770833492279053,58228000.0
2024-01-22,XPG.BK,1.090000033378601,1.1200000047683716,1.059999942779541,1.0700000524520874,1.0477083921432495,59020100.0
2024-01-23,XPG.BK,1.0700000524520874,1.0800000429153442,1.0199999809265137,1.0199999809265137,0.9987500309944153,65115200.0
2024-01-24,XPG.BK,1.0299999713897705,1.1100000143051147,1.0199999809265137,1.090000033378601,1.0672917366027832,57494800.0
2024-01-25,XPG.BK,1.0800000429153442,1.100000023841858,1.059999942779541,1.090000033378601,1.0672917366027832,24766400.0
2024-01-26,XPG.BK,1.0800000429153442,1.1100000143051147,1.0499999523162842,1.059999942779541,1.037916660308838,36278800.0
2024-01-29,XPG.BK,1.0700000524520874,1.1100000143051147,1.059999942779541,1.090000033378601,1.0672917366027832,50748000.0
2024-01-30,XPG.BK,1.100000023841858,1.149999976158142,1.100000023841858,1.1100000143051147,1.086875081062317,76582700.0
2024-01-31,XPG.BK,1.1100000143051147,1.1100000143051147,1.0499999523162842,1.0700000524520874,1.0477083921432495,62419600.0
2024-02-01,XPG.BK,1.059999942779541,1.100000023841858,1.059999942779541,1.0800000429153442,1.0575000047683716,15340700.0
2024-02-02,XPG.BK,1.090000033378601,1.1200000047683716,1.0800000429153442,1.090000033378601,1.0672917366027832,30773800.0
2024-02-05,XPG.BK,1.0800000429153442,1.1299999952316284,1.0800000429153442,1.1100000143051147,1.086875081062317,40770800.0
2024-02-06,XPG.BK,1.1200000047683716,1.2000000476837158,1.1100000143051147,1.149999976158142,1.1260416507720947,130036600.0
2024-02-07,XPG.BK,1.159999966621399,1.190000057220459,1.149999976158142,1.159999966621399,1.1358333826065063,107654100.0
2024-02-08,XPG.BK,1.1799999475479126,1.1799999475479126,1.1299999952316284,1.1399999856948853,1.1162500381469727,48081800.0
2024-02-09,XPG.BK,1.149999976158142,1.159999966621399,1.1299999952316284,1.1399999856948853,1.1162500381469727,30097900.0
2024-02-12,XPG.BK,1.2000000476837158,1.2200000286102295,1.1699999570846558,1.190000057220459,1.1652084589004517,106345200.0
2024-02-13,XPG.BK,1.2200000286102295,1.2300000190734863,1.1799999475479126,1.190000057220459,1.1652084589004517,80877400.0
2024-02-14,XPG.BK,1.1699999570846558,1.2100000381469727,1.159999966621399,1.2000000476837158,1.1750000715255737,80084200.0
2024-02-15,XPG.BK,1.2100000381469727,1.2100000381469727,1.1699999570846558,1.1799999475479126,1.1554166078567505,58979500.0
2024-02-16,XPG.BK,1.190000057220459,1.190000057220459,1.1299999952316284,1.1299999952316284,1.106458306312561,56139100.0
2024-02-19,XPG.BK,1.1399999856948853,1.159999966621399,1.1299999952316284,1.149999976158142,1.1260416507720947,23478700.0
2024-02-20,XPG.BK,1.149999976158142,1.149999976158142,1.100000023841858,1.1200000047683716,1.096666693687439,35659600.0
2024-02-21,XPG.BK,1.1200000047683716,1.1699999570846558,1.1200000047683716,1.159999966621399,1.1358333826065063,29891100.0
2024-02-22,XPG.BK,1.159999966621399,1.190000057220459,1.149999976158142,1.1699999570846558,1.1456249952316284,30973800.0
2024-02-23,XPG.BK,1.1699999570846558,1.1799999475479126,1.149999976158142,1.149999976158142,1.1260416507720947,10796000.0
2024-02-27,XPG.BK,1.190000057220459,1.2899999618530273,1.1799999475479126,1.2699999809265137,1.2435417175292969,391343600.0
2024-02-28,XPG.BK,1.25,1.2699999809265137,1.2200000286102295,1.25,1.2239583730697632,141660200.0
2024-02-29,XPG.BK,1.2699999809265137,1.2999999523162842,1.2100000381469727,1.2200000286102295,1.1945834159851074,205655200.0
2024-03-01,XPG.BK,1.2200000286102295,1.2300000190734863,1.1799999475479126,1.2300000190734863,1.2043750286102295,58839700.0
2024-03-04,XPG.BK,1.2400000095367432,1.2599999904632568,1.2200000286102295,1.2599999904632568,1.2337499856948853,65213000.0
2024-03-05,XPG.BK,1.2699999809265137,1.2899999618530273,1.2400000095367432,1.2599999904632568,1.2337499856948853,84669100.0
2024-03-06,XPG.BK,1.25,1.2799999713897705,1.2300000190734863,1.2699999809265137,1.2435417175292969,67409900.0
2024-03-07,XPG.BK,1.2599999904632568,1.2699999809265137,1.2400000095367432,1.2599999904632568,1.2337499856948853,31068200.0
2024-03-08,XPG.BK,1.2599999904632568,1.3300000429153442,1.2599999904632568,1.309999942779541,1.2827082872390747,177550600.0
2024-03-11,XPG.BK,1.309999942779541,1.340000033378601,1.2899999618530273,1.2999999523162842,1.2729166746139526,84977500.0
2024-03-12,XPG.BK,1.2999999523162842,1.2999999523162842,1.2999999523162842,1.2999999523162842,1.2729166746139526,0.0
2024-03-13,XPG.BK,1.3600000143051147,1.3700000047683716,1.2899999618530273,1.340000033378601,1.31208336353302,179691700.0
2024-03-14,XPG.BK,1.350000023841858,1.3600000143051147,1.3200000524520874,1.3300000429153442,1.302291750907898,76380100.0
2024-03-15,XPG.BK,1.3300000429153442,1.3300000429153442,1.3300000429153442,1.3300000429153442,1.302291750907898,0.0
2024-03-18,XPG.BK,1.2999999523162842,1.2999999523162842,1.25,1.2599999904632568,1.2337499856948853,76686000.0
2024-03-19,XPG.BK,1.2599999904632568,1.2799999713897705,1.2400000095367432,1.2400000095367432,1.2141666412353516,40182300.0
2024-03-20,XPG.BK,1.2400000095367432,1.2400000095367432,1.2400000095367432,1.2400000095367432,1.2141666412353516,0.0
2024-03-21,XPG.BK,1.2300000190734863,1.2799999713897705,1.1699999570846558,1.1799999475479126,1.1554166078567505,250654200.0
2024-03-22,XPG.BK,1.1799999475479126,1.1799999475479126,1.1799999475479126,1.1799999475479126,1.1554166078567505,0.0
2024-03-25,XPG.BK,1.2000000476837158,1.2300000190734863,1.190000057220459,1.2000000476837158,1.1750000715255737,69718000.0
2024-03-26,XPG.BK,1.2000000476837158,1.2000000476837158,1.2000000476837158,1.2000000476837158,1.1750000715255737,0.0
2024-03-27,XPG.BK,1.4299999475479126,1.440000057220459,1.350000023841858,1.4199999570846558,1.3904166221618652,181259400.0
2024-03-28,XPG.BK,1.4199999570846558,1.4199999570846558,1.4199999570846558,1.4199999570846558,1.3904166221618652,0.0
2024-03-29,XPG.BK,1.3799999952316284,1.3899999856948853,1.350000023841858,1.3899999856948853,1.3610416650772095,31060200.0
2024-04-01,XPG.BK,1.3799999952316284,1.399999976158142,1.3600000143051147,1.3899999856948853,1.3610416650772095,23715000.0
2024-04-02,XPG.BK,1.3799999952316284,1.409999966621399,1.3300000429153442,1.3600000143051147,1.3316667079925537,35744200.0
2024-04-03,XPG.BK,1.340000033378601,1.3600000143051147,1.2799999713897705,1.309999942779541,1.2827082872390747,33960200.0
2024-04-04,XPG.BK,1.309999942779541,1.309999942779541,1.309999942779541,1.309999942779541,1.2827082872390747,0.0
2024-04-05,XPG.BK,1.309999942779541,1.3300000429153442,1.2799999713897705,1.309999942779541,1.2827082872390747,16048700.0
2024-04-09,XPG.BK,1.309999942779541,1.309999942779541,1.309999942779541,1.309999942779541,1.2827082872390747,0.0
2024-04-10,XPG.BK,1.3899999856948853,1.4199999570846558,1.3600000143051147,1.3799999952316284,1.3512500524520874,80963000.0
2024-04-11,XPG.BK,1.3700000047683716,1.3899999856948853,1.340000033378601,1.3600000143051147,1.3316667079925537,33149100.0
2024-04-17,XPG.BK,1.3600000143051147,1.3600000143051147,1.3600000143051147,1.3600000143051147,1.3316667079925537,0.0
2024-04-18,XPG.BK,1.3600000143051147,1.3600000143051147,1.3600000143051147,1.3600000143051147,1.3316667079925537,0.0
2024-04-19,XPG.BK,1.3600000143051147,1.3600000143051147,1.3600000143051147,1.3600000143051147,1.3316667079925537,0.0
2024-04-22,XPG.BK,1.0800000429153442,1.1399999856948853,1.059999942779541,1.0800000429153442,1.0575000047683716,287025800.0
2024-04-23,XPG.BK,1.090000033378601,1.1299999952316284,1.0800000429153442,1.100000023841858,1.0770833492279053,174977700.0
2024-04-24,XPG.BK,1.100000023841858,1.100000023841858,1.100000023841858,1.100000023841858,1.0770833492279053,0.0
2024-04-25,XPG.BK,1.090000033378601,1.190000057220459,1.090000033378601,1.159999966621399,1.1358333826065063,236861800.0
2024-04-26,XPG.BK,1.190000057220459,1.2100000381469727,1.1399999856948853,1.159999966621399,1.1358333826065063,264289300.0
2024-04-29,XPG.BK,1.1699999570846558,1.1799999475479126,1.1299999952316284,1.149999976158142,1.1260416507720947,95819800.0
2024-04-30,XPG.BK,1.149999976158142,1.149999976158142,1.149999976158142,1.149999976158142,1.1260416507720947,0.0
2024-05-02,XPG.BK,1.1399999856948853,1.1399999856948853,1.1100000143051147,1.1200000047683716,1.096666693687439,58538000.0
2024-05-03,XPG.BK,1.1299999952316284,1.1699999570846558,1.1299999952316284,1.1699999570846558,1.1456249952316284,93984100.0
2024-05-07,XPG.BK,1.1699999570846558,1.1699999570846558,1.1699999570846558,1.1699999570846558,1.1456249952316284,0.0
2024-05-08,XPG.BK,1.159999966621399,1.190000057220459,1.149999976158142,1.1799999475479126,1.1554166078567505,49650200.0
2024-05-09,XPG.BK,1.1699999570846558,1.2000000476837158,1.1399999856948853,1.159999966621399,1.1358333826065063,103530600.0
2024-05-10,XPG.BK,1.2000000476837158,1.2699999809265137,1.1799999475479126,1.25,1.2239583730697632,383833200.0
2024-05-13,XPG.BK,1.25,1.2699999809265137,1.2200000286102295,1.2400000095367432,1.2141666412353516,179321800.0
2024-05-14,XPG.BK,1.2799999713897705,1.2899999618530273,1.2200000286102295,1.2200000286102295,1.1945834159851074,240276900.0
2024-05-15,XPG.BK,1.2200000286102295,1.2200000286102295,1.2200000286102295,1.2200000286102295,1.1945834159851074,0.0
2024-05-16,XPG.BK,1.2200000286102295,1.2200000286102295,1.2200000286102295,1.2200000286102295,1.1945834159851074,0.0
2024-05-17,XPG.BK,1.2300000190734863,1.2699999809265137,1.2300000190734863,1.2599999904632568,1.2337499856948853,158435200.0
2024-05-20,XPG.BK,1.2599999904632568,1.2599999904632568,1.2599999904632568,1.2599999904632568,1.2337499856948853,0.0
2024-05-21,XPG.BK,1.2599999904632568,1.2599999904632568,1.2599999904632568,1.2599999904632568,1.2337499856948853,0.0
2024-05-23,XPG.BK,1.2200000286102295,1.2300000190734863,1.1799999475479126,1.190000057220459,1.1652084589004517,106516800.0
2024-05-24,XPG.BK,1.190000057220459,1.190000057220459,1.190000057220459,1.190000057220459,1.1652084589004517,0.0
2024-05-27,XPG.BK,1.159999966621399,1.2000000476837158,1.159999966621399,1.1799999475479126,1.1554166078567505,46303500.0
2024-05-28,XPG.BK,1.1799999475479126,1.190000057220459,1.159999966621399,1.159999966621399,1.1358333826065063,27544100.0
2024-05-29,XPG.BK,1.159999966621399,1.1799999475479126,1.149999976158142,1.159999966621399,1.1358333826065063,27973300.0
2024-05-30,XPG.BK,1.159999966621399,1.159999966621399,1.159999966621399,1.159999966621399,1.1358333826065063,0.0
2024-05-31,XPG.BK,1.159999966621399,1.159999966621399,1.159999966621399,1.159999966621399,1.1358333826065063,0.0
2024-06-04,XPG.BK,1.1200000047683716,1.1399999856948853,1.0700000524520874,1.0800000429153442,1.0575000047683716,69877000.0
2024-06-05,XPG.BK,1.0800000429153442,1.0800000429153442,1.0800000429153442,1.0800000429153442,1.0575000047683716,0.0
2024-06-06,XPG.BK,1.1100000143051147,1.1200000047683716,1.0800000429153442,1.090000033378601,1.0672917366027832,35008600.0
2024-06-07,XPG.BK,1.090000033378601,1.090000033378601,1.090000033378601,1.090000033378601,1.0672917366027832,0.0
2024-06-10,XPG.BK,1.090000033378601,1.090000033378601,1.0499999523162842,1.059999942779541,1.037916660308838,33049300.0
2024-06-11,XPG.BK,1.059999942779541,1.059999942779541,1.059999942779541,1.059999942779541,1.037916660308838,0.0
2024-06-12,XPG.BK,1.0800000429153442,1.0800000429153442,1.059999942779541,1.0700000524520874,1.0477083921432495,30631600.0
2024-06-13,XPG.BK,1.059999942779541,1.0700000524520874,1.0399999618530273,1.059999942779541,1.037916660308838,31207300.0
2024-06-14,XPG.BK,1.0499999523162842,1.059999942779541,1.0399999618530273,1.0399999618530273,1.0183333158493042,17649600.0
2024-06-17,XPG.BK,1.0399999618530273,1.0399999618530273,1.0399999618530273,1.0399999618530273,1.0183333158493042,0.0
2024-06-18,XPG.BK,1.0399999618530273,1.0399999618530273,1.0399999618530273,1.0399999618530273,1.0183333158493042,0.0
2024-06-19,XPG.BK,1.0399999618530273,1.0399999618530273,1.0399999618530273,1.0399999618530273,1.0183333158493042,0.0
2024-06-20,XPG.BK,0.9900000095367432,1.0099999904632568,0.9800000190734863,1.0,0.9791666865348816,33429200.0
2024-06-21,XPG.BK,1.0,1.0499999523162842,0.9800000190734863,1.0499999523162842,1.0281249284744263,83559800.0
2024-06-24,XPG.BK,1.0299999713897705,1.0499999523162842,0.9900000095367432,1.0399999618530273,1.0183333158493042,81772900.0
2024-06-25,XPG.BK,1.0399999618530273,1.0399999618530273,1.0399999618530273,1.0399999618530273,1.0183333158493042,0.0
2024-06-26,XPG.BK,1.0399999618530273,1.0399999618530273,1.0399999618530273,1.0399999618530273,1.0183333158493042,0.0
2024-06-27,XPG.BK,1.0299999713897705,1.0399999618530273,1.0099999904632568,1.0199999809265137,0.9987500309944153,20607000.0
2024-06-28,XPG.BK,1.0199999809265137,1.0199999809265137,0.9900000095367432,1.0099999904632568,0.9889583587646484,50817000.0
2024-07-01,XPG.BK,1.0099999904632568,1.0099999904632568,1.0099999904632568,1.0099999904632568,0.9889583587646484,0.0
2024-07-02,XPG.BK,1.0099999904632568,1.0099999904632568,1.0099999904632568,1.0099999904632568,0.9889583587646484,0.0
2024-07-03,XPG.BK,0.9800000190734863,0.9800000190734863,0.949999988079071,0.9599999785423279,0.9399999976158142,26127100.0
2024-07-04,XPG.BK,0.9700000286102295,0.9900000095367432,0.9399999976158142,0.949999988079071,0.9302083253860474,61740900.0
2024-07-05,XPG.BK,0.949999988079071,1.0,0.9200000166893005,0.9700000286102295,0.9497917294502258,84559700.0
2024-07-08,XPG.BK,0.9700000286102295,0.9900000095367432,0.9599999785423279,0.9900000095367432,0.9693750143051147,22079300.0
2024-07-09,XPG.BK,0.9900000095367432,0.9900000095367432,0.9900000095367432,0.9900000095367432,0.9693750143051147,0.0
2024-07-10,XPG.BK,0.9900000095367432,0.9900000095367432,0.9900000095367432,0.9900000095367432,0.9693750143051147,0.0
2024-07-11,XPG.BK,0.9900000095367432,0.9900000095367432,0.9900000095367432,0.9900000095367432,0.9693750143051147,0.0
2024-07-12,XPG.BK,0.9900000095367432,0.9900000095367432,0.9900000095367432,0.9900000095367432,0.9693750143051147,0.0
2024-07-15,XPG.BK,0.9900000095367432,0.9900000095367432,0.9900000095367432,0.9900000095367432,0.9693750143051147,0.0
2024-07-16,XPG.BK,0.9599999785423279,0.9800000190734863,0.949999988079071,0.949999988079071,0.9302083253860474,30128500.0
2024-07-17,XPG.BK,0.949999988079071,0.949999988079071,0.949999988079071,0.949999988079071,0.9302083253860474,0.0
2024-07-18,XPG.BK,0.949999988079071,0.9599999785423279,0.9399999976158142,0.9399999976158142,0.9204167127609253,13702100.0
2024-07-19,XPG.BK,0.9399999976158142,0.949999988079071,0.9300000071525574,0.9300000071525574,0.9106250405311584,14575700.0
2024-07-23,XPG.BK,0.9300000071525574,0.9300000071525574,0.9300000071525574,0.9300000071525574,0.9106250405311584,0.0
2024-07-24,XPG.BK,0.8899999856948853,0.9700000286102295,0.8899999856948853,0.949999988079071,0.9302083253860474,60282400.0
2024-07-25,XPG.BK,0.9300000071525574,0.9399999976158142,0.9100000262260437,0.9100000262260437,0.8910416960716248,19300800.0
2024-07-26,XPG.BK,0.9200000166893005,0.949999988079071,0.9100000262260437,0.949999988079071,0.9302083253860474,24552100.0
2024-07-30,XPG.BK,0.949999988079071,0.949999988079071,0.949999988079071,0.949999988079071,0.9302083253860474,0.0
2024-07-31,XPG.BK,0.9200000166893005,0.9700000286102295,0.9200000166893005,0.9599999785423279,0.9399999976158142,37415900.0
2024-08-01,XPG.BK,0.9599999785423279,0.9599999785423279,0.9300000071525574,0.9399999976158142,0.9204167127609253,24493300.0
2024-08-02,XPG.BK,0.9399999976158142,0.9399999976158142,0.9399999976158142,0.9399999976158142,0.9204167127609253,0.0
2024-08-05,XPG.BK,0.9100000262260437,0.9100000262260437,0.8600000143051147,0.8600000143051147,0.8420833349227905,52420600.0
2024-08-06,XPG.BK,0.8700000047683716,0.8799999952316284,0.8399999737739563,0.8500000238418579,0.8322917222976685,32033200.0
2024-08-07,XPG.BK,0.8600000143051147,0.8700000047683716,0.8500000238418579,0.8600000143051147,0.8420833349227905,16686300.0
2024-08-08,XPG.BK,0.8600000143051147,0.8600000143051147,0.8600000143051147,0.8600000143051147,0.8420833349227905,0.0
2024-08-09,XPG.BK,0.8899999856948853,0.9200000166893005,0.8799999952316284,0.8999999761581421,0.8812500238418579,41327100.0
2024-08-13,XPG.BK,0.8899999856948853,0.8899999856948853,0.8700000047683716,0.8799999952316284,0.8616666793823242,20502300.0
2024-08-14,XPG.BK,0.8700000047683716,0.8999999761581421,0.800000011920929,0.8100000023841858,0.7931250333786011,82887300.0
2024-08-15,XPG.BK,0.8100000023841858,0.8100000023841858,0.8100000023841858,0.8100000023841858,0.7931250333786011,0.0
2024-08-16,XPG.BK,0.7900000214576721,0.8299999833106995,0.7900000214576721,0.8299999833106995,0.81270831823349,22346500.0
2024-08-19,XPG.BK,0.8299999833106995,0.8299999833106995,0.8299999833106995,0.8299999833106995,0.81270831823349,0.0
2024-08-20,XPG.BK,0.8799999952316284,0.9100000262260437,0.8799999952316284,0.9100000262260437,0.8910416960716248,27631600.0
2024-08-21,XPG.BK,0.9100000262260437,0.9100000262260437,0.9100000262260437,0.9100000262260437,0.8910416960716248,0.0
2024-08-22,XPG.BK,0.9100000262260437,0.9100000262260437,0.9100000262260437,0.9100000262260437,0.8910416960716248,0.0
2024-08-23,XPG.BK,0.9100000262260437,1.0,0.8999999761581421,0.9800000190734863,0.9595833420753479,98005200.0
2024-08-26,XPG.BK,0.9800000190734863,0.9900000095367432,0.9599999785423279,0.9700000286102295,0.9497917294502258,47377200.0
2024-08-27,XPG.BK,0.9700000286102295,0.9700000286102295,0.9700000286102295,0.9700000286102295,0.9497917294502258,0.0
2024-08-28,XPG.BK,0.9700000286102295,0.9700000286102295,0.9700000286102295,0.9700000286102295,0.9497917294502258,0.0
2024-08-29,XPG.BK,0.8999999761581421,0.8999999761581421,0.8700000047683716,0.8799999952316284,0.8616666793823242,25489100.0
2024-08-30,XPG.BK,0.8799999952316284,0.8799999952316284,0.8799999952316284,0.8799999952316284,0.8616666793823242,0.0
2024-09-02,XPG.BK,0.8799999952316284,0.8799999952316284,0.8799999952316284,0.8799999952316284,0.8616666793823242,0.0
2024-09-03,XPG.BK,0.8799999952316284,0.8799999952316284,0.8799999952316284,0.8799999952316284,0.8616666793823242,0.0
2024-09-04,XPG.BK,0.8799999952316284,0.8799999952316284,0.8799999952316284,0.8799999952316284,0.8616666793823242,0.0
2024-09-05,XPG.BK,0.9399999976158142,0.9800000190734863,0.9300000071525574,0.9700000286102295,0.9497917294502258,76272200.0
2024-09-06,XPG.BK,0.9800000190734863,1.0099999904632568,0.9599999785423279,1.0099999904632568,0.9889583587646484,100628900.0
2024-09-09,XPG.BK,1.0099999904632568,1.0099999904632568,1.0099999904632568,1.0099999904632568,0.9889583587646484,0.0
2024-09-10,XPG.BK,1.0299999713897705,1.0499999523162842,1.0099999904632568,1.0099999904632568,0.9889583587646484,41493800.0
2024-09-11,XPG.BK,1.0099999904632568,1.0099999904632568,1.0099999904632568,1.0099999904632568,0.9889583587646484,0.0
2024-09-12,XPG.BK,0.9800000190734863,1.0099999904632568,0.9800000190734863,1.0,0.9791666865348816,34046900.0
2024-09-13,XPG.BK,1.0,1.0199999809265137,0.9900000095367432,0.9900000095367432,0.9693750143051147,35096600.0
2024-09-16,XPG.BK,0.9900000095367432,0.9900000095367432,0.9900000095367432,0.9900000095367432,0.9693750143051147,0.0
2024-09-17,XPG.BK,0.9900000095367432,0.9900000095367432,0.9900000095367432,0.9900000095367432,0.9693750143051147,0.0
2024-09-18,XPG.BK,0.9900000095367432,0.9900000095367432,0.9900000095367432,0.9900000095367432,0.9693750143051147,0.0
2024-09-19,XPG.BK,0.9900000095367432,0.9900000095367432,0.9900000095367432,0.9900000095367432,0.9693750143051147,0.0
2024-09-20,XPG.BK,0.9900000095367432,0.9900000095367432,0.9900000095367432,0.9900000095367432,0.9693750143051147,0.0
2024-09-23,XPG.BK,1.0299999713897705,1.0399999618530273,0.9900000095367432,1.0099999904632568,0.9889583587646484,54875400.0
2024-09-24,XPG.BK,1.0099999904632568,1.0099999904632568,0.9800000190734863,1.0,0.9791666865348816,29335200.0
2024-09-25,XPG.BK,1.0,1.0299999713897705,1.0,1.0,0.9791666865348816,51284700.0
2024-09-26,XPG.BK,1.0099999904632568,1.0099999904632568,0.9800000190734863,0.9900000095367432,0.9693750143051147,28246100.0
2024-09-27,XPG.BK,0.9900000095367432,0.9900000095367432,0.9900000095367432,0.9900000095367432,0.9693750143051147,0.0
2024-09-30,XPG.BK,0.9800000190734863,1.0,0.9700000286102295,1.0,0.9791666865348816,16195200.0
2024-10-01,XPG.BK,1.0,1.0,1.0,1.0,0.9791666865348816,0.0
2024-10-02,XPG.BK,0.9900000095367432,1.0,0.9599999785423279,0.9599999785423279,0.9399999976158142,41993100.0
2024-10-03,XPG.BK,0.9599999785423279,0.9599999785423279,0.9599999785423279,0.9599999785423279,0.9399999976158142,0.0
2024-10-04,XPG.BK,0.9599999785423279,0.9599999785423279,0.9599999785423279,0.9599999785423279,0.9399999976158142,0.0
2024-10-07,XPG.BK,0.9599999785423279,0.9599999785423279,0.9399999976158142,0.9399999976158142,0.9204167127609253,11293500.0
2024-10-08,XPG.BK,0.9399999976158142,0.9599999785423279,0.9300000071525574,0.9399999976158142,0.9204167127609253,12348600.0
2024-10-09,XPG.BK,0.9300000071525574,0.9599999785423279,0.9300000071525574,0.9300000071525574,0.9106250405311584,20632700.0
2024-10-10,XPG.BK,0.9399999976158142,0.9800000190734863,0.9300000071525574,0.9700000286102295,0.9497917294502258,30967400.0
2024-10-11,XPG.BK,0.9700000286102295,0.9700000286102295,0.9700000286102295,0.9700000286102295,0.9497917294502258,0.0
2024-10-15,XPG.BK,0.9800000190734863,0.9900000095367432,0.9399999976158142,0.9399999976158142,0.9204167127609253,17693300.0
2024-10-16,XPG.BK,0.9399999976158142,0.9399999976158142,0.9399999976158142,0.9399999976158142,0.9204167127609253,0.0
2024-10-17,XPG.BK,1.0,1.0,0.949999988079071,0.9599999785423279,0.9399999976158142,44865800.0
2024-10-18,XPG.BK,0.9599999785423279,0.9800000190734863,0.949999988079071,0.9599999785423279,0.9399999976158142,23348500.0
2024-10-21,XPG.BK,0.9599999785423279,1.0299999713897705,0.9599999785423279,1.0099999904632568,0.9889583587646484,92145800.0
2024-10-22,XPG.BK,1.0099999904632568,1.0099999904632568,1.0099999904632568,1.0099999904632568,0.9889583587646484,0.0
2024-10-24,XPG.BK,0.9700000286102295,0.9800000190734863,0.9399999976158142,0.949999988079071,0.9302083253860474,36475300.0
2024-10-25,XPG.BK,0.949999988079071,0.949999988079071,0.949999988079071,0.949999988079071,0.9302083253860474,0.0
2024-10-28,XPG.BK,0.949999988079071,0.9700000286102295,0.949999988079071,0.949999988079071,0.9302083253860474,10449300.0
2024-10-29,XPG.BK,0.949999988079071,0.949999988079071,0.949999988079071,0.949999988079071,0.9302083253860474,0.0
2024-10-30,XPG.BK,0.9900000095367432,1.0099999904632568,0.9700000286102295,0.9800000190734863,0.9595833420753479,32972800.0
2024-10-31,XPG.BK,0.9800000190734863,0.9800000190734863,0.9800000190734863,0.9800000190734863,0.9595833420753479,0.0
2024-11-01,XPG.BK,0.9700000286102295,0.9800000190734863,0.9599999785423279,0.9700000286102295,0.9497917294502258,19915300.0
2024-11-04,XPG.BK,0.9800000190734863,0.9900000095367432,0.9599999785423279,0.9800000190734863,0.9595833420753479,13394500.0
2024-11-05,XPG.BK,0.9700000286102295,0.9800000190734863,0.9599999785423279,0.9800000190734863,0.9595833420753479,14535100.0
2024-11-06,XPG.BK,1.0,1.0199999809265137,0.9599999785423279,0.9700000286102295,0.9497917294502258,92601400.0
2024-11-07,XPG.BK,0.9700000286102295,0.9900000095367432,0.9599999785423279,0.9599999785423279,0.9399999976158142,24076500.0
2024-11-08,XPG.BK,0.9700000286102295,0.9800000190734863,0.9599999785423279,0.9800000190734863,0.9595833420753479,23436700.0
2024-11-11,XPG.BK,0.9900000095367432,1.0099999904632568,0.8299999833106995,0.8799999952316284,0.8616666793823242,487639400.0
2024-11-12,XPG.BK,0.8999999761581421,0.9200000166893005,0.8899999856948853,0.8899999856948853,0.8714583516120911,52280200.0
2024-11-13,XPG.BK,0.9100000262260437,0.9200000166893005,0.8899999856948853,0.9100000262260437,0.8910416960716248,21280000.0
2024-11-14,XPG.BK,0.9200000166893005,0.9200000166893005,0.8999999761581421,0.9100000262260437,0.8910416960716248,16939500.0
2024-11-15,XPG.BK,0.9100000262260437,0.9200000166893005,0.8899999856948853,0.8999999761581421,0.8812500238418579,17349100.0
2024-11-18,XPG.BK,0.8999999761581421,0.9100000262260437,0.8899999856948853,0.8899999856948853,0.8714583516120911,11762500.0
2024-11-19,XPG.BK,0.8999999761581421,0.9200000166893005,0.8899999856948853,0.8899999856948853,0.8714583516120911,19199800.0
2024-11-20,XPG.BK,0.8899999856948853,0.8999999761581421,0.8799999952316284,0.8999999761581421,0.8812500238418579,7864400.0
2024-11-21,XPG.BK,0.8999999761581421,0.9100000262260437,0.8899999856948853,0.8999999761581421,0.8812500238418579,10704800.0
2024-11-22,XPG.BK,0.9100000262260437,0.9300000071525574,0.8999999761581421,0.8999999761581421,0.8812500238418579,27313400.0
2024-11-25,XPG.BK,0.9100000262260437,0.9100000262260437,0.8899999856948853,0.8999999761581421,0.8812500238418579,18629800.0
2024-11-26,XPG.BK,0.8999999761581421,0.9100000262260437,0.8899999856948853,0.8999999761581421,0.8812500238418579,5145200.0
2024-11-27,XPG.BK,0.8999999761581421,0.8999999761581421,0.8799999952316284,0.8899999856948853,0.8714583516120911,11699700.0
2024-11-28,XPG.BK,0.8899999856948853,0.8999999761581421,0.8799999952316284,0.8999999761581421,0.8812500238418579,10158800.0
2024-11-29,XPG.BK,0.8999999761581421,0.949999988079071,0.8899999856948853,0.949999988079071,0.9302083253860474,50868100.0
2024-12-02,XPG.BK,0.9399999976158142,0.9399999976158142,0.9200000166893005,0.9300000071525574,0.9106250405311584,15712300.0
2024-12-03,XPG.BK,0.9300000071525574,0.9599999785423279,0.9200000166893005,0.9399999976158142,0.9204167127609253,14785100.0
2024-12-04,XPG.BK,0.9399999976158142,0.949999988079071,0.9300000071525574,0.9399999976158142,0.9204167127609253,5348700.0
2024-12-06,XPG.BK,0.949999988079071,0.949999988079071,0.9200000166893005,0.9300000071525574,0.9106250405311584,12395000.0
2024-12-09,XPG.BK,0.9300000071525574,0.9300000071525574,0.9100000262260437,0.9200000166893005,0.9008333683013916,8934100.0
2024-12-11,XPG.BK,0.9100000262260437,0.9300000071525574,0.8999999761581421,0.8999999761581421,0.8812500238418579,24203500.0
2024-12-12,XPG.BK,0.9100000262260437,0.9200000166893005,0.8999999761581421,0.9100000262260437,0.8910416960716248,6553500.0
2024-12-13,XPG.BK,0.9100000262260437,0.9100000262260437,0.8999999761581421,0.8999999761581421,0.8812500238418579,11070400.0
2024-12-16,XPG.BK,0.8999999761581421,0.9100000262260437,0.8899999856948853,0.8899999856948853,0.8714583516120911,11311000.0
2024-12-17,XPG.BK,0.8899999856948853,0.9100000262260437,0.8799999952316284,0.8999999761581421,0.8812500238418579,17633900.0
2024-12-18,XPG.BK,0.8999999761581421,0.8999999761581421,0.8700000047683716,0.8899999856948853,0.8714583516120911,13815700.0
2024-12-19,XPG.BK,0.8899999856948853,0.8999999761581421,0.8700000047683716,0.8899999856948853,0.8714583516120911,21203200.0
2024-12-20,XPG.BK,0.8899999856948853,0.8999999761581421,0.8799999952316284,0.8799999952316284,0.8616666793823242,11033700.0
2024-12-23,XPG.BK,0.8899999856948853,0.9100000262260437,0.8799999952316284,0.9100000262260437,0.8910416960716248,8353200.0
2024-12-24,XPG.BK,0.8999999761581421,0.9100000262260437,0.8999999761581421,0.8999999761581421,0.8812500238418579,11016800.0
2024-12-25,XPG.BK,0.8999999761581421,0.9100000262260437,0.8899999856948853,0.8899999856948853,0.8714583516120911,16300900.0
2024-12-26,XPG.BK,0.8899999856948853,0.9100000262260437,0.8899999856948853,0.8999999761581421,0.8812500238418579,13563900.0
2024-12-27,XPG.BK,0.9100000262260437,0.9100000262260437,0.8999999761581421,0.8999999761581421,0.8812500238418579,22639000.0
2024-12-30,XPG.BK,0.8999999761581421,0.9100000262260437,0.8999999761581421,0.9100000262260437,0.8910416960716248,14750000.0
2025-01-02,XPG.BK,0.8999999761581421,0.9100000262260437,0.8999999761581421,0.8999999761581421,0.8812500238418579,10130700.0
2025-01-03,XPG.BK,0.8999999761581421,0.9100000262260437,0.8899999856948853,0.8899999856948853,0.8714583516120911,7119600.0
2025-01-06,XPG.BK,0.8899999856948853,0.9100000262260437,0.8899999856948853,0.8999999761581421,0.8812500238418579,15522600.0
2025-01-07,XPG.BK,0.8999999761581421,0.9200000166893005,0.8999999761581421,0.8999999761581421,0.8812500238418579,11669700.0
2025-01-08,XPG.BK,0.8999999761581421,0.9100000262260437,0.8899999856948853,0.8999999761581421,0.8812500238418579,11202600.0
2025-01-09,XPG.BK,0.8999999761581421,0.9100000262260437,0.8799999952316284,0.8999999761581421,0.8812500238418579,32896100.0
2025-01-10,XPG.BK,0.8999999761581421,0.9100000262260437,0.8899999856948853,0.8999999761581421,0.8812500238418579,8749900.0
2025-01-13,XPG.BK,0.8999999761581421,0.9100000262260437,0.8899999856948853,0.8999999761581421,0.8812500238418579,9353200.0
2025-01-14,XPG.BK,0.9100000262260437,0.9100000262260437,0.8999999761581421,0.8999999761581421,0.8812500238418579,8737700.0
2025-01-15,XPG.BK,0.8999999761581421,0.9100000262260437,0.8999999761581421,0.8999999761581421,0.8812500238418579,6266300.0
2025-01-16,XPG.BK,0.9100000262260437,0.9100000262260437,0.8700000047683716,0.8999999761581421,0.8812500238418579,19614300.0
2025-01-17,XPG.BK,0.8999999761581421,0.9100000262260437,0.8899999856948853,0.8999999761581421,0.8812500238418579,7791600.0
2025-01-20,XPG.BK,0.8999999761581421,0.9100000262260437,0.8999999761581421,0.8999999761581421,0.8812500238418579,7348800.0
2025-01-21,XPG.BK,0.8999999761581421,0.9399999976158142,0.8999999761581421,0.9200000166893005,0.9008333683013916,44807600.0
2025-01-22,XPG.BK,0.9200000166893005,0.9700000286102295,0.9100000262260437,0.9599999785423279,0.9399999976158142,52397800.0
2025-01-23,XPG.BK,0.9599999785423279,0.9700000286102295,0.9399999976158142,0.949999988079071,0.9302083253860474,17359000.0
2025-01-24,XPG.BK,0.949999988079071,1.0700000524520874,0.949999988079071,1.0499999523162842,1.0281249284744263,147189600.0
2025-01-27,XPG.BK,1.0399999618530273,1.0499999523162842,1.0099999904632568,1.0099999904632568,0.9889583587646484,52554100.0
2025-01-28,XPG.BK,1.0099999904632568,1.0399999618530273,1.0,1.0199999809265137,0.9987500309944153,37095200.0
2025-01-29,XPG.BK,1.0299999713897705,1.0499999523162842,1.0099999904632568,1.0399999618530273,1.0183333158493042,29561000.0
2025-01-30,XPG.BK,1.0399999618530273,1.0499999523162842,0.9700000286102295,0.9800000190734863,0.9595833420753479,49493100.0
2025-01-31,XPG.BK,0.9800000190734863,0.9900000095367432,0.9300000071525574,0.949999988079071,0.9302083253860474,45993200.0
2025-02-03,XPG.BK,0.9200000166893005,0.9200000166893005,0.8899999856948853,0.9100000262260437,0.8910416960716248,34256000.0
2025-02-04,XPG.BK,0.9200000166893005,0.9300000071525574,0.8999999761581421,0.9100000262260437,0.8910416960716248,23689100.0
2025-02-05,XPG.BK,0.9100000262260437,0.9200000166893005,0.8899999856948853,0.8999999761581421,0.8812500238418579,17223600.0
2025-02-06,XPG.BK,0.9100000262260437,0.9100000262260437,0.8700000047683716,0.8899999856948853,0.8714583516120911,32794200.0
2025-02-07,XPG.BK,0.8899999856948853,0.8999999761581421,0.8600000143051147,0.8899999856948853,0.8714583516120911,22579300.0
2025-02-10,XPG.BK,0.8799999952316284,0.8899999856948853,0.8700000047683716,0.8799999952316284,0.8616666793823242,13358700.0
2025-02-11,XPG.BK,0.8899999856948853,0.9100000262260437,0.8799999952316284,0.8999999761581421,0.8812500238418579,6539500.0
2025-02-13,XPG.BK,0.8899999856948853,0.8999999761581421,0.8799999952316284,0.8899999856948853,0.8714583516120911,9557600.0
2025-02-14,XPG.BK,0.8899999856948853,0.8999999761581421,0.8799999952316284,0.8799999952316284,0.8616666793823242,11027200.0
2025-02-17,XPG.BK,0.8899999856948853,0.8899999856948853,0.8700000047683716,0.8799999952316284,0.8616666793823242,11906500.0
2025-02-18,XPG.BK,0.8899999856948853,0.9200000166893005,0.8799999952316284,0.8999999761581421,0.8812500238418579,16412100.0
2025-02-19,XPG.BK,0.9100000262260437,0.9200000166893005,0.8999999761581421,0.9100000262260437,0.8910416960716248,4222500.0
2025-02-20,XPG.BK,0.8999999761581421,0.9100000262260437,0.8799999952316284,0.8899999856948853,0.8714583516120911,10273000.0
2025-02-21,XPG.BK,0.8899999856948853,0.9100000262260437,0.8899999856948853,0.8899999856948853,0.8714583516120911,7026500.0
2025-02-24,XPG.BK,0.8799999952316284,0.8999999761581421,0.8799999952316284,0.8999999761581421,0.8812500238418579,6960100.0
2025-02-25,XPG.BK,0.8899999856948853,0.8999999761581421,0.8600000143051147,0.8700000047683716,0.8518750071525574,16027600.0
2025-02-26,XPG.BK,0.8899999856948853,0.8899999856948853,0.8700000047683716,0.8799999952316284,0.8616666793823242,6915600.0
2025-02-27,XPG.BK,0.8799999952316284,0.8799999952316284,0.8600000143051147,0.8700000047683716,0.8518750071525574,14288300.0
2025-02-28,XPG.BK,0.8700000047683716,0.8700000047683716,0.8399999737739563,0.8600000143051147,0.8420833349227905,11548600.0
2025-03-03,XPG.BK,0.8600000143051147,0.8700000047683716,0.8399999737739563,0.8500000238418579,0.8322917222976685,10457500.0
2025-03-04,XPG.BK,0.8500000238418579,0.8500000238418579,0.8199999928474426,0.8299999833106995,0.81270831823349,13187400.0
2025-03-05,XPG.BK,0.8399999737739563,0.8600000143051147,0.8299999833106995,0.8399999737739563,0.8224999904632568,31921000.0
2025-03-06,XPG.BK,0.8500000238418579,0.8500000238418579,0.8100000023841858,0.8100000023841858,0.7931250333786011,15794600.0
2025-03-07,XPG.BK,0.8100000023841858,0.8199999928474426,0.7799999713897705,0.8199999928474426,0.8029167056083679,21274500.0
2025-03-10,XPG.BK,0.8100000023841858,0.8199999928474426,0.7900000214576721,0.8199999928474426,0.8029167056083679,7839400.0
2025-03-11,XPG.BK,0.8100000023841858,0.8199999928474426,0.7900000214576721,0.8199999928474426,0.8029167056083679,8474400.0
2025-03-12,XPG.BK,0.8100000023841858,0.8199999928474426,0.7900000214576721,0.8100000023841858,0.7931250333786011,12455200.0
2025-03-13,XPG.BK,0.800000011920929,0.8199999928474426,0.800000011920929,0.8199999928474426,0.8029167056083679,4743500.0
2025-03-14,XPG.BK,0.8100000023841858,0.8299999833106995,0.8100000023841858,0.8100000023841858,0.7931250333786011,10011900.0
2025-03-17,XPG.BK,0.8100000023841858,0.8199999928474426,0.7900000214576721,0.7900000214576721,0.7735416889190674,7271600.0
2025-03-18,XPG.BK,0.800000011920929,0.8100000023841858,0.7799999713897705,0.8100000023841858,0.7931250333786011,13852600.0
2025-03-19,XPG.BK,0.800000011920929,0.8399999737739563,0.800000011920929,0.8100000023841858,0.7931250333786011,13412100.0
2025-03-20,XPG.BK,0.8100000023841858,0.8399999737739563,0.8100000023841858,0.8100000023841858,0.7931250333786011,24028200.0
2025-03-21,XPG.BK,0.8199999928474426,0.8199999928474426,0.800000011920929,0.8100000023841858,0.7931250333786011,4500400.0
2025-03-24,XPG.BK,0.800000011920929,0.8100000023841858,0.7900000214576721,0.8100000023841858,0.7931250333786011,7127300.0
2025-03-25,XPG.BK,0.8100000023841858,0.8100000023841858,0.800000011920929,0.8100000023841858,0.7931250333786011,1646700.0
2025-03-26,XPG.BK,0.8100000023841858,0.8100000023841858,0.800000011920929,0.8100000023841858,0.7931250333786011,1834700.0
2025-03-27,XPG.BK,0.800000011920929,0.8100000023841858,0.7900000214576721,0.800000011920929,0.7833333611488342,2488500.0
2025-03-28,XPG.BK,0.7900000214576721,0.8100000023841858,0.7900000214576721,0.800000011920929,0.7833333611488342,1469700.0
2025-03-31,XPG.BK,0.7799999713897705,0.8100000023841858,0.7799999713897705,0.8100000023841858,0.7931250333786011,10720300.0
2025-04-01,XPG.BK,0.8100000023841858,0.8100000023841858,0.7900000214576721,0.8100000023841858,0.7931250333786011,5433300.0
2025-04-02,XPG.BK,0.800000011920929,0.8100000023841858,0.7900000214576721,0.8100000023841858,0.7931250333786011,4293900.0
2025-04-03,XPG.BK,0.800000011920929,0.8100000023841858,0.7900000214576721,0.8100000023841858,0.7931250333786011,15141300.0
2025-04-04,XPG.BK,0.800000011920929,0.8100000023841858,0.7799999713897705,0.8100000023841858,0.7931250333786011,16980800.0
2025-04-08,XPG.BK,0.7900000214576721,0.7900000214576721,0.7099999785423279,0.7699999809265137,0.7539583444595337,26630800.0
2025-04-09,XPG.BK,0.7599999904632568,0.7900000214576721,0.7400000095367432,0.7699999809265137,0.7539583444595337,9481800.0
2025-04-10,XPG.BK,0.7900000214576721,0.800000011920929,0.7699999809265137,0.7699999809265137,0.7539583444595337,16996600.0
2025-04-11,XPG.BK,0.7699999809265137,0.7699999809265137,0.7599999904632568,0.7699999809265137,0.7539583444595337,5427900.0
2025-04-16,XPG.BK,0.7699999809265137,0.8100000023841858,0.7699999809265137,0.8100000023841858,0.7931250333786011,10563600.0
2025-04-17,XPG.BK,0.800000011920929,0.8100000023841858,0.7900000214576721,0.800000011920929,0.7833333611488342,8331900.0
2025-04-18,XPG.BK,0.8100000023841858,0.8299999833106995,0.8100000023841858,0.8199999928474426,0.8029167056083679,13170500.0
2025-04-21,XPG.BK,0.8199999928474426,0.8299999833106995,0.800000011920929,0.8100000023841858,0.7931250333786011,9223000.0
2025-04-22,XPG.BK,0.8100000023841858,0.8199999928474426,0.800000011920929,0.8199999928474426,0.8029167056083679,3388200.0
2025-04-23,XPG.BK,0.8199999928474426,0.8399999737739563,0.8100000023841858,0.8299999833106995,0.81270831823349,15673700.0
2025-04-24,XPG.BK,0.8299999833106995,0.8399999737739563,0.8199999928474426,0.8199999928474426,0.8029167056083679,3789200.0
2025-04-25,XPG.BK,0.8299999833106995,0.8399999737739563,0.8100000023841858,0.8100000023841858,0.7931250333786011,10548600.0
2025-04-28,XPG.BK,0.8199999928474426,0.8199999928474426,0.7799999713897705,0.800000011920929,0.7833333611488342,14816700.0
2025-04-29,XPG.BK,0.800000011920929,0.8100000023841858,0.7900000214576721,0.8100000023841858,0.7931250333786011,9731800.0
2025-04-30,XPG.BK,0.8100000023841858,0.8100000023841858,0.7799999713897705,0.800000011920929,0.7833333611488342,10142400.0
2025-05-02,XPG.BK,0.800000011920929,0.8100000023841858,0.7900000214576721,0.7900000214576721,0.7735416889190674,11669700.0
2025-05-06,XPG.BK,0.800000011920929,0.8100000023841858,0.7799999713897705,0.800000011920929,0.7833333611488342,16544800.0
2025-05-07,XPG.BK,0.800000011920929,0.8199999928474426,0.7900000214576721,0.8199999928474426,0.8029167056083679,22213400.0
2025-05-08,XPG.BK,0.8199999928474426,0.8199999928474426,0.800000011920929,0.8100000023841858,0.7931250333786011,6574400.0
2025-05-09,XPG.BK,0.8199999928474426,0.8500000238418579,0.800000011920929,0.8100000023841858,0.7931250333786011,36706500.0
2025-05-13,XPG.BK,0.8100000023841858,0.8199999928474426,0.800000011920929,0.800000011920929,0.7833333611488342,9913600.0
2025-05-14,XPG.BK,0.800000011920929,0.8100000023841858,0.7900000214576721,0.800000011920929,0.7833333611488342,4245700.0
2025-05-15,XPG.BK,0.800000011920929,0.800000011920929,0.7799999713897705,0.7900000214576721,0.7735416889190674,13243900.0
2025-05-16,XPG.BK,0.7900000214576721,0.800000011920929,0.7799999713897705,0.800000011920929,0.7833333611488342,5147300.0
2025-05-19,XPG.BK,0.800000011920929,0.800000011920929,0.7799999713897705,0.800000011920929,0.7833333611488342,5394500.0
2025-05-20,XPG.BK,0.800000011920929,0.800000011920929,0.7799999713897705,0.7900000214576721,0.7735416889190674,10500800.0
2025-05-21,XPG.BK,0.7900000214576721,0.800000011920929,0.7799999713897705,0.7900000214576721,0.7735416889190674,4009800.0
2025-05-22,XPG.BK,0.7900000214576721,0.8299999833106995,0.7900000214576721,0.800000011920929,0.7833333611488342,39796500.0
2025-05-23,XPG.BK,0.800000011920929,0.800000011920929,0.7900000214576721,0.800000011920929,0.7833333611488342,3998600.0
2025-05-26,XPG.BK,0.800000011920929,0.800000011920929,0.7799999713897705,0.7900000214576721,0.7735416889190674,7397400.0
2025-05-27,XPG.BK,0.7900000214576721,0.800000011920929,0.7699999809265137,0.800000011920929,0.7833333611488342,12523100.0
2025-05-28,XPG.BK,0.800000011920929,0.800000011920929,0.7900000214576721,0.800000011920929,0.7833333611488342,8788500.0
2025-05-29,XPG.BK,0.7900000214576721,0.800000011920929,0.7900000214576721,0.7900000214576721,0.7735416889190674,4681100.0
2025-05-30,XPG.BK,0.800000011920929,0.800000011920929,0.7900000214576721,0.800000011920929,0.7833333611488342,5227400.0
2025-06-04,XPG.BK,0.800000011920929,0.800000011920929,0.7799999713897705,0.800000011920929,0.7833333611488342,6919800.0
2025-06-05,XPG.BK,0.800000011920929,0.800000011920929,0.7900000214576721,0.7900000214576721,0.7735416889190674,1614500.0
2025-06-06,XPG.BK,0.800000011920929,0.800000011920929,0.7799999713897705,0.7799999713897705,0.7637500166893005,4371400.0
2025-06-09,XPG.BK,0.7900000214576721,0.7900000214576721,0.7799999713897705,0.7900000214576721,0.7735416889190674,5645600.0
2025-06-10,XPG.BK,0.7900000214576721,0.800000011920929,0.7799999713897705,0.7900000214576721,0.7735416889190674,8623400.0
2025-06-11,XPG.BK,0.7900000214576721,0.7900000214576721,0.7699999809265137,0.7900000214576721,0.7735416889190674,10396400.0
2025-06-12,XPG.BK,0.7799999713897705,0.7900000214576721,0.7699999809265137,0.7900000214576721,0.7735416889190674,7492800.0
2025-06-13,XPG.BK,0.7799999713897705,0.7900000214576721,0.7699999809265137,0.7699999809265137,0.7539583444595337,4324400.0
2025-06-16,XPG.BK,0.7799999713897705,0.7799999713897705,0.75,0.7599999904632568,0.7441666722297668,6868900.0
2025-06-17,XPG.BK,0.7599999904632568,0.7699999809265137,0.7599999904632568,0.7599999904632568,0.7441666722297668,3693400.0
2025-06-18,XPG.BK,0.7699999809265137,0.7699999809265137,0.75,0.75,0.734375,7228700.0
2025-06-19,XPG.BK,0.7300000190734863,0.7400000095367432,0.699999988079071,0.699999988079071,0.6854166984558105,9391500.0
2025-06-20,XPG.BK,0.699999988079071,0.7200000286102295,0.699999988079071,0.7099999785423279,0.6952083110809326,5592000.0
2025-06-23,XPG.BK,0.699999988079071,0.699999988079071,0.6000000238418579,0.6000000238418579,0.5875000357627869,38113900.0
2025-06-24,XPG.BK,0.5,0.5099999904632568,0.5,0.5,0.4895833432674408,28638500.0
2025-06-25,XPG.BK,0.44999998807907104,0.5299999713897705,0.36000001430511475,0.44999998807907104,0.44062501192092896,2603920900.0
2025-06-26,XPG.BK,0.4699999988079071,0.5099999904632568,0.44999998807907104,0.46000000834465027,0.4504166841506958,835985900.0
2025-06-27,XPG.BK,0.4699999988079071,0.49000000953674316,0.44999998807907104,0.4699999988079071,0.46020835638046265,284918500.0
2025-06-30,XPG.BK,0.4699999988079071,0.5099999904632568,0.4699999988079071,0.49000000953674316,0.47979167103767395,360079700.0
2025-07-01,XPG.BK,0.5,0.5099999904632568,0.47999998927116394,0.5099999904632568,0.49937501549720764,181482700.0
2025-07-02,XPG.BK,0.5,0.5099999904632568,0.49000000953674316,0.5,0.4895833432674408,75533200.0
2025-07-03,XPG.BK,0.5099999904632568,0.5400000214576721,0.5,0.5299999713897705,0.518958330154419,250511700.0
2025-07-04,XPG.BK,0.5400000214576721,0.5699999928474426,0.5299999713897705,0.550000011920929,0.5385416746139526,194627200.0
2025-07-07,XPG.BK,0.550000011920929,0.5600000023841858,0.5299999713897705,0.550000011920929,0.5385416746139526,129875400.0
2025-07-08,XPG.BK,0.5400000214576721,0.550000011920929,0.5199999809265137,0.5400000214576721,0.5287500023841858,114616200.0
2025-07-09,XPG.BK,0.550000011920929,0.550000011920929,0.5199999809265137,0.5299999713897705,0.518958330154419,82231100.0
2025-07-11,XPG.BK,0.5299999713897705,0.550000011920929,0.5299999713897705,0.5400000214576721,0.5287500023841858,111926500.0
2025-07-14,XPG.BK,0.5400000214576721,0.5600000023841858,0.5299999713897705,0.5600000023841858,0.5483333468437195,95875200.0
2025-07-15,XPG.BK,0.550000011920929,0.5699999928474426,0.5400000214576721,0.5600000023841858,0.5483333468437195,98133400.0
2025-07-16,XPG.BK,0.5600000023841858,0.5699999928474426,0.5400000214576721,0.550000011920929,0.5385416746139526,72615700.0
2025-07-17,XPG.BK,0.550000011920929,0.5600000023841858,0.5400000214576721,0.5400000214576721,0.5287500023841858,60700500.0
2025-07-18,XPG.BK,0.550000011920929,0.5799999833106995,0.550000011920929,0.5699999928474426,0.5581250190734863,184151600.0
2025-07-21,XPG.BK,0.5699999928474426,0.5799999833106995,0.5600000023841858,0.5600000023841858,0.5483333468437195,69403700.0
2025-07-22,XPG.BK,0.5600000023841858,0.5699999928474426,0.5299999713897705,0.5299999713897705,0.518958330154419,110905900.0
2025-07-23,XPG.BK,0.5400000214576721,0.550000011920929,0.5400000214576721,0.550000011920929,0.5385416746139526,26354100.0
2025-07-24,XPG.BK,0.550000011920929,0.550000011920929,0.5299999713897705,0.5400000214576721,0.5287500023841858,48314700.0
2025-07-25,XPG.BK,0.5400000214576721,0.550000011920929,0.5299999713897705,0.5299999713897705,0.518958330154419,30486600.0
2025-07-29,XPG.BK,0.5400000214576721,0.5400000214576721,0.5199999809265137,0.5400000214576721,0.5287500023841858,41223200.0
2025-07-30,XPG.BK,0.5400000214576721,0.550000011920929,0.5299999713897705,0.5400000214576721,0.5287500023841858,35865600.0
2025-07-31,XPG.BK,0.5400000214576721,0.5400000214576721,0.5199999809265137,0.5299999713897705,0.518958330154419,37738800.0
2025-08-01,XPG.BK,0.5400000214576721,0.5400000214576721,0.5099999904632568,0.5199999809265137,0.5091666579246521,57717100.0
2025-08-04,XPG.BK,0.5199999809265137,0.5199999809265137,0.5099999904632568,0.5099999904632568,0.49937501549720764,11960000.0
2025-08-05,XPG.BK,0.5099999904632568,0.5400000214576721,0.5099999904632568,0.5400000214576721,0.5287500023841858,46981000.0
2025-08-06,XPG.BK,0.5400000214576721,0.5699999928474426,0.5400000214576721,0.5600000023841858,0.5483333468437195,205705200.0
2025-08-07,XPG.BK,0.5600000023841858,0.5699999928474426,0.550000011920929,0.5600000023841858,0.5483333468437195,101068600.0
2025-08-08,XPG.BK,0.5699999928474426,0.5799999833106995,0.5600000023841858,0.5699999928474426,0.5581250190734863,47437300.0
2025-08-13,XPG.BK,0.5699999928474426,0.5799999833106995,0.5600000023841858,0.5799999833106995,0.5679166913032532,54889800.0
2025-08-14,XPG.BK,0.5600000023841858,0.5600000023841858,0.5199999809265137,0.5199999809265137,0.5091666579246521,130345000.0
2025-08-15,XPG.BK,0.5299999713897705,0.5400000214576721,0.5199999809265137,0.5299999713897705,0.518958330154419,45764300.0
2025-08-18,XPG.BK,0.5400000214576721,0.5400000214576721,0.5,0.5199999809265137,0.5091666579246521,104710700.0
2025-08-19,XPG.BK,0.5199999809265137,0.5600000023841858,0.5099999904632568,0.550000011920929,0.5385416746139526,97463200.0
2025-08-20,XPG.BK,0.5600000023841858,0.5600000023841858,0.5400000214576721,0.550000011920929,0.5385416746139526,79539500.0
2025-08-21,XPG.BK,0.550000011920929,0.5699999928474426,0.550000011920929,0.550000011920929,0.5385416746139526,69738600.0
2025-08-22,XPG.BK,0.550000011920929,0.5600000023841858,0.5400000214576721,0.550000011920929,0.5385416746139526,43579600.0
2025-08-25,XPG.BK,0.550000011920929,0.5600000023841858,0.5400000214576721,0.550000011920929,0.5385416746139526,37014200.0
2025-08-26,XPG.BK,0.550000011920929,0.5799999833106995,0.5400000214576721,0.550000011920929,0.5385416746139526,161080700.0
2025-08-27,XPG.BK,0.550000011920929,0.550000011920929,0.5299999713897705,0.5299999713897705,0.518958330154419,120213900.0
2025-08-28,XPG.BK,0.5400000214576721,0.5400000214576721,0.5299999713897705,0.5299999713897705,0.518958330154419,31222900.0
2025-08-29,XPG.BK,0.5299999713897705,0.5400000214576721,0.5199999809265137,0.5299999713897705,0.518958330154419,53979500.0
2025-09-01,XPG.BK,0.5299999713897705,0.5299999713897705,0.5199999809265137,0.5199999809265137,0.5091666579246521,8779200.0
2025-09-02,XPG.BK,0.5299999713897705,0.5299999713897705,0.5199999809265137,0.5299999713897705,0.518958330154419,30264200.0
2025-09-03,XPG.BK,0.5299999713897705,0.550000011920929,0.5199999809265137,0.5400000214576721,0.5287500023841858,63915800.0
2025-09-04,XPG.BK,0.5299999713897705,0.550000011920929,0.5299999713897705,0.5400000214576721,0.5287500023841858,124146900.0
2025-09-05,XPG.BK,0.5400000214576721,0.550000011920929,0.5199999809265137,0.5299999713897705,0.518958330154419,104156800.0
2025-09-08,XPG.BK,0.5400000214576721,0.550000011920929,0.5299999713897705,0.5299999713897705,0.518958330154419,33496100.0
2025-09-09,XPG.BK,0.5400000214576721,0.550000011920929,0.5299999713897705,0.5400000214576721,0.5287500023841858,34930500.0
2025-09-10,XPG.BK,0.550000011920929,0.550000011920929,0.5400000214576721,0.5400000214576721,0.5287500023841858,24831300.0
2025-09-11,XPG.BK,0.5400000214576721,0.5600000023841858,0.5400000214576721,0.5400000214576721,0.5287500023841858,75315900.0
2025-09-12,XPG.BK,0.550000011920929,0.550000011920929,0.5400000214576721,0.5400000214576721,0.5287500023841858,19191400.0
2025-09-15,XPG.BK,0.550000011920929,0.550000011920929,0.5299999713897705,0.5299999713897705,0.518958330154419,29261600.0
2025-09-16,XPG.BK,0.5400000214576721,0.550000011920929,0.5299999713897705,0.5400000214576721,0.5287500023841858,31780300.0
2025-09-17,XPG.BK,0.550000011920929,0.550000011920929,0.5299999713897705,0.5400000214576721,0.5287500023841858,30359800.0
2025-09-18,XPG.BK,0.5400000214576721,0.5400000214576721,0.5299999713897705,0.5299999713897705,0.518958330154419,13465000.0
2025-09-19,XPG.BK,0.5299999713897705,0.5600000023841858,0.5299999713897705,0.5600000023841858,0.5483333468437195,137100900.0
2025-09-22,XPG.BK,0.5600000023841858,0.5600000023841858,0.5400000214576721,0.550000011920929,0.5385416746139526,125111300.0
2025-09-23,XPG.BK,0.550000011920929,0.5600000023841858,0.4699999988079071,0.49000000953674316,0.47979167103767395,283251000.0
2025-09-24,XPG.BK,0.49000000953674316,0.5099999904632568,0.47999998927116394,0.5,0.4895833432674408,69948300.0
2025-09-25,XPG.BK,0.5099999904632568,0.5099999904632568,0.49000000953674316,0.5,0.4895833432674408,40664500.0
2025-09-26,XPG.BK,0.5,0.5099999904632568,0.5,0.5,0.4895833432674408,19740100.0
2025-09-29,XPG.BK,0.5,0.5099999904632568,0.49000000953674316,0.5,0.4895833432674408,33399800.0
2025-09-30,XPG.BK,0.5,0.5099999904632568,0.49000000953674316,0.49000000953674316,0.47979167103767395,28379000.0
2025-10-01,XPG.BK,0.5,0.5099999904632568,0.49000000953674316,0.49000000953674316,0.47979167103767395,31844200.0
2025-10-02,XPG.BK,0.5,0.5099999904632568,0.5,0.5,0.4895833432674408,14915800.0
2025-10-03,XPG.BK,0.5,0.5099999904632568,0.5,0.5099999904632568,0.49937501549720764,33763800.0
2025-10-06,XPG.BK,0.5099999904632568,0.5199999809265137,0.5,0.5199999809265137,0.5091666579246521,38194500.0
2025-10-07,XPG.BK,0.5199999809265137,0.5199999809265137,0.5199999809265137,0.5199999809265137,0.5091666579246521,0.0
2025-10-08,XPG.BK,0.5099999904632568,0.5199999809265137,0.5,0.5,0.4895833432674408,25841800.0
2025-10-09,XPG.BK,0.5,0.5099999904632568,0.49000000953674316,0.5,0.4895833432674408,30613100.0
2025-10-10,XPG.BK,0.5,0.5099999904632568,0.5,0.5,0.4895833432674408,24490200.0
2025-10-14,XPG.BK,0.5,0.5,0.49000000953674316,0.49000000953674316,0.47979167103767395,18723000.0
2025-10-15,XPG.BK,0.49000000953674316,0.5099999904632568,0.49000000953674316,0.5,0.4895833432674408,12755100.0
2025-10-16,XPG.BK,0.5,0.5,0.49000000953674316,0.5,0.4895833432674408,3769100.0
2025-10-17,XPG.BK,0.5,0.5,0.47999998927116394,0.47999998927116394,0.4699999988079071,11071300.0
2025-10-20,XPG.BK,0.49000000953674316,0.49000000953674316,0.4699999988079071,0.47999998927116394,0.4699999988079071,27519500.0
2025-10-21,XPG.BK,0.47999998927116394,0.49000000953674316,0.47999998927116394,0.47999998927116394,0.4699999988079071,4315600.0
2025-10-22,XPG.BK,0.49000000953674316,0.5099999904632568,0.47999998927116394,0.5,0.4895833432674408,27766500.0
2025-10-24,XPG.BK,0.5,0.5199999809265137,0.5,0.5099999904632568,0.49937501549720764,14715500.0
2025-10-27,XPG.BK,0.5099999904632568,0.5199999809265137,0.49000000953674316,0.49000000953674316,0.47979167103767395,19979900.0
2025-10-28,XPG.BK,0.49000000953674316,0.5,0.47999998927116394,0.49000000953674316,0.47979167103767395,20760900.0
2025-10-29,XPG.BK,0.47999998927116394,0.49000000953674316,0.47999998927116394,0.47999998927116394,0.4699999988079071,7948800.0
2025-10-30,XPG.BK,0.47999998927116394,0.49000000953674316,0.47999998927116394,0.49000000953674316,0.47979167103767395,3298600.0
2025-10-31,XPG.BK,0.49000000953674316,0.49000000953674316,0.47999998927116394,0.47999998927116394,0.4699999988079071,16637000.0
2025-11-03,XPG.BK,0.49000000953674316,0.49000000953674316,0.47999998927116394,0.47999998927116394,0.4699999988079071,2063800.0
2025-11-04,XPG.BK,0.47999998927116394,0.49000000953674316,0.47999998927116394,0.47999998927116394,0.4699999988079071,5493400.0
2025-11-05,XPG.BK,0.47999998927116394,0.49000000953674316,0.4699999988079071,0.47999998927116394,0.4699999988079071,8952000.0
2025-11-06,XPG.BK,0.47999998927116394,0.49000000953674316,0.4699999988079071,0.49000000953674316,0.47979167103767395,11242600.0
2025-11-07,XPG.BK,0.47999998927116394,0.49000000953674316,0.47999998927116394,0.47999998927116394,0.4699999988079071,2653700.0
2025-11-10,XPG.BK,0.47999998927116394,0.49000000953674316,0.4699999988079071,0.47999998927116394,0.4699999988079071,15555200.0
2025-11-11,XPG.BK,0.47999998927116394,0.49000000953674316,0.4699999988079071,0.4699999988079071,0.46020835638046265,5067400.0
2025-11-12,XPG.BK,0.47999998927116394,0.47999998927116394,0.46000000834465027,0.46000000834465027,0.4504166841506958,32593400.0
2025-11-13,XPG.BK,0.46000000834465027,0.4699999988079071,0.44999998807907104,0.46000000834465027,0.4504166841506958,36033200.0
2025-11-14,XPG.BK,0.46000000834465027,0.46000000834465027,0.4300000071525574,0.4399999976158142,0.4308333396911621,58196300.0
2025-11-17,XPG.BK,0.4399999976158142,0.44999998807907104,0.4300000071525574,0.4399999976158142,0.4308333396911621,24563600.0
2025-11-18,XPG.BK,0.4399999976158142,0.44999998807907104,0.4399999976158142,0.4399999976158142,0.4308333396911621,13025700.0
2025-11-19,XPG.BK,0.4399999976158142,0.44999998807907104,0.4300000071525574,0.4399999976158142,0.4308333396911621,7354700.0
2025-11-20,XPG.BK,0.4399999976158142,0.44999998807907104,0.4300000071525574,0.4399999976158142,0.4308333396911621,14896400.0
2025-11-21,XPG.BK,0.4399999976158142,0.44999998807907104,0.4300000071525574,0.4399999976158142,0.4308333396911621,12541500.0
2025-11-24,XPG.BK,0.4399999976158142,0.44999998807907104,0.4300000071525574,0.4300000071525574,0.42104166746139526,8822500.0
2025-11-25,XPG.BK,0.4399999976158142,0.44999998807907104,0.4300000071525574,0.4300000071525574,0.42104166746139526,14163100.0
2025-11-26,XPG.BK,0.4300000071525574,0.4399999976158142,0.4300000071525574,0.4300000071525574,0.42104166746139526,3862300.0
2025-11-27,XPG.BK,0.4399999976158142,0.44999998807907104,0.4300000071525574,0.4399999976158142,0.4308333396911621,10649800.0
2025-11-28,XPG.BK,0.4399999976158142,0.44999998807907104,0.4300000071525574,0.4399999976158142,0.4308333396911621,4011000.0
2025-12-01,XPG.BK,0.4399999976158142,0.44999998807907104,0.4300000071525574,0.44999998807907104,0.44062501192092896,6423300.0
2025-12-02,XPG.BK,0.4399999976158142,0.44999998807907104,0.4399999976158142,0.44999998807907104,0.44062501192092896,3563300.0
2025-12-03,XPG.BK,0.44999998807907104,0.44999998807907104,0.4300000071525574,0.4399999976158142,0.4308333396911621,4423700.0
2025-12-04,XPG.BK,0.44999998807907104,0.44999998807907104,0.4300000071525574,0.4300000071525574,0.42104166746139526,4769300.0
2025-12-08,XPG.BK,0.4300000071525574,0.4399999976158142,0.4300000071525574,0.4300000071525574,0.42104166746139526,6479400.0
2025-12-09,XPG.BK,0.4399999976158142,0.44999998807907104,0.4300000071525574,0.44999998807907104,0.44062501192092896,8362800.0
2025-12-11,XPG.BK,0.4399999976158142,0.44999998807907104,0.4300000071525574,0.44999998807907104,0.44062501192092896,6351700.0
2025-12-12,XPG.BK,0.44999998807907104,0.44999998807907104,0.4399999976158142,0.44999998807907104,0.44062501192092896,4608900.0
2025-12-15,XPG.BK,0.4399999976158142,0.44999998807907104,0.4300000071525574,0.44999998807907104,0.44062501192092896,12806400.0
2025-12-16,XPG.BK,0.4399999976158142,0.44999998807907104,0.4300000071525574,0.44999998807907104,0.44062501192092896,4180600.0
2025-12-17,XPG.BK,0.44999998807907104,0.44999998807907104,0.4300000071525574,0.4399999976158142,0.4308333396911621,1692700.0
2025-12-18,XPG.BK,0.4399999976158142,0.4399999976158142,0.4300000071525574,0.4399999976158142,0.4308333396911621,3992100.0
2025-12-19,XPG.BK,0.4399999976158142,0.44999998807907104,0.4300000071525574,0.4399999976158142,0.4308333396911621,9769900.0
2025-12-22,XPG.BK,0.4399999976158142,0.4399999976158142,0.4300000071525574,0.4399999976158142,0.4308333396911621,4593200.0
2025-12-23,XPG.BK,0.4399999976158142,0.4699999988079071,0.4300000071525574,0.46000000834465027,0.4504166841506958,17338600.0
2025-12-24,XPG.BK,0.44999998807907104,0.46000000834465027,0.4399999976158142,0.44999998807907104,0.44062501192092896,10563100.0
2025-12-25,XPG.BK,0.44999998807907104,0.46000000834465027,0.4399999976158142,0.44999998807907104,0.44062501192092896,6194600.0
2025-12-26,XPG.BK,0.44999998807907104,0.46000000834465027,0.4399999976158142,0.44999998807907104,0.44062501192092896,7144200.0
2025-12-29,XPG.BK,0.44999998807907104,0.44999998807907104,0.4300000071525574,0.4399999976158142,0.4308333396911621,16439000.0
2025-12-30,XPG.BK,0.4399999976158142,0.4399999976158142,0.4300000071525574,0.4300000071525574,0.42104166746139526,14220700.0
2026-01-05,XPG.BK,0.4300000071525574,0.44999998807907104,0.4300000071525574,0.4399999976158142,0.4308333396911621,8707900.0
2026-01-06,XPG.BK,0.4300000071525574,0.44999998807907104,0.4300000071525574,0.4399999976158142,0.4308333396911621,7177800.0
2026-01-07,XPG.BK,0.4399999976158142,0.46000000834465027,0.4300000071525574,0.4399999976158142,0.4308333396911621,19389600.0
2026-01-08,XPG.BK,0.4399999976158142,0.44999998807907104,0.4300000071525574,0.4399999976158142,0.4308333396911621,9740000.0
2026-01-09,XPG.BK,0.44999998807907104,0.44999998807907104,0.4300000071525574,0.4399999976158142,0.4308333396911621,6015700.0
2026-01-12,XPG.BK,0.4399999976158142,0.4399999976158142,0.41999998688697815,0.4300000071525574,0.42104166746139526,27491200.0
2026-01-13,XPG.BK,0.4300000071525574,0.4399999976158142,0.3799999952316284,0.41999998688697815,0.4112499952316284,72423600.0
2026-01-14,XPG.BK,0.41999998688697815,0.41999998688697815,0.4000000059604645,0.4099999964237213,0.40145835280418396,15731000.0
2026-01-15,XPG.BK,0.4099999964237213,0.4300000071525574,0.4099999964237213,0.4300000071525574,0.42104166746139526,5145200.0
2026-01-16,XPG.BK,0.4300000071525574,0.44999998807907104,0.41999998688697815,0.4399999976158142,0.4308333396911621,20187200.0
2026-01-19,XPG.BK,0.4399999976158142,0.44999998807907104,0.4300000071525574,0.4399999976158142,0.4308333396911621,11987300.0
2026-01-20,XPG.BK,0.4399999976158142,0.4699999988079071,0.4399999976158142,0.46000000834465027,0.4504166841506958,11047500.0
2026-01-21,XPG.BK,0.44999998807907104,0.4699999988079071,0.44999998807907104,0.4699999988079071,0.46020835638046265,10660500.0
2026-01-22,XPG.BK,0.46000000834465027,0.4699999988079071,0.44999998807907104,0.44999998807907104,0.44062501192092896,8944200.0
2026-01-23,XPG.BK,0.44999998807907104,0.46000000834465027,0.44999998807907104,0.44999998807907104,0.44062501192092896,4014900.0
2026-01-26,XPG.BK,0.44999998807907104,0.4699999988079071,0.44999998807907104,0.46000000834465027,0.4504166841506958,10461000.0
2026-01-27,XPG.BK,0.44999998807907104,0.46000000834465027,0.44999998807907104,0.46000000834465027,0.4504166841506958,9991500.0
2026-01-28,XPG.BK,0.46000000834465027,0.46000000834465027,0.4399999976158142,0.44999998807907104,0.44062501192092896,10469700.0
2026-01-29,XPG.BK,0.44999998807907104,0.46000000834465027,0.44999998807907104,0.46000000834465027,0.4504166841506958,5317700.0
2026-01-30,XPG.BK,0.44999998807907104,0.4699999988079071,0.44999998807907104,0.46000000834465027,0.4504166841506958,19515500.0
2026-02-02,XPG.BK,0.46000000834465027,0.4699999988079071,0.44999998807907104,0.46000000834465027,0.4504166841506958,6760900.0
2026-02-03,XPG.BK,0.46000000834465027,0.47999998927116394,0.44999998807907104,0.4699999988079071,0.46020835638046265,17053500.0
2026-02-04,XPG.BK,0.4699999988079071,0.47999998927116394,0.46000000834465027,0.47999998927116394,0.4699999988079071,7672400.0
2026-02-05,XPG.BK,0.4699999988079071,0.47999998927116394,0.46000000834465027,0.47999998927116394,0.4699999988079071,2029600.0
2026-02-06,XPG.BK,0.4699999988079071,0.47999998927116394,0.46000000834465027,0.4699999988079071,0.46020835638046265,4107900.0
2026-02-09,XPG.BK,0.4699999988079071,0.5099999904632568,0.4699999988079071,0.49000000953674316,0.47979167103767395,46442200.0
2026-02-10,XPG.BK,0.49000000953674316,0.5099999904632568,0.49000000953674316,0.5099999904632568,0.49937501549720764,18036100.0
2026-02-11,XPG.BK,0.5199999809265137,0.5199999809265137,0.49000000953674316,0.5,0.4895833432674408,17371900.0
2026-02-12,XPG.BK,0.49000000953674316,0.5199999809265137,0.49000000953674316,0.5199999809265137,0.5091666579246521,11313800.0
2026-02-13,XPG.BK,0.5199999809265137,0.5400000214576721,0.5,0.5099999904632568,0.49937501549720764,37608900.0
2026-02-16,XPG.BK,0.5099999904632568,0.5299999713897705,0.5099999904632568,0.5099999904632568,0.49937501549720764,18559300.0
2026-02-17,XPG.BK,0.5199999809265137,0.5199999809265137,0.5,0.5199999809265137,0.5091666579246521,14327900.0
2026-02-18,XPG.BK,0.5199999809265137,0.5400000214576721,0.5099999904632568,0.5199999809265137,0.5091666579246521,72920800.0
2026-02-19,XPG.BK,0.5299999713897705,0.550000011920929,0.5299999713897705,0.5299999713897705,0.518958330154419,110775100.0
2026-02-20,XPG.BK,0.5400000214576721,0.550000011920929,0.5199999809265137,0.5199999809265137,0.5091666579246521,41296800.0
2026-02-23,XPG.BK,0.5199999809265137,0.5299999713897705,0.47999998927116394,0.49000000953674316,0.47979167103767395,73200000.0
2026-02-24,XPG.BK,0.49000000953674316,0.5099999904632568,0.49000000953674316,0.5,0.4895833432674408,14318000.0
2026-02-25,XPG.BK,0.5,0.5099999904632568,0.5,0.5,0.4895833432674408,3678100.0
2026-02-26,XPG.BK,0.5099999904632568,0.5099999904632568,0.49000000953674316,0.5,0.4895833432674408,14873000.0
2026-02-27,XPG.BK,0.5099999904632568,0.5299999713897705,0.5,0.5099999904632568,0.49937501549720764,27004900.0
2026-03-02,XPG.BK,0.49000000953674316,0.5,0.4699999988079071,0.47999998927116394,0.4699999988079071,41842500.0
2026-03-04,XPG.BK,0.44999998807907104,0.46000000834465027,0.4300000071525574,0.46000000834465027,0.4504166841506958,55008100.0
2026-03-05,XPG.BK,0.46000000834465027,0.4699999988079071,0.44999998807907104,0.44999998807907104,0.44062501192092896,14587300.0
2026-03-06,XPG.BK,0.44999998807907104,0.47999998927116394,0.44999998807907104,0.4699999988079071,0.46020835638046265,17791800.0
2026-03-09,XPG.BK,0.4399999976158142,0.46000000834465027,0.4399999976158142,0.46000000834465027,0.4504166841506958,23459600.0
2026-03-10,XPG.BK,0.46000000834465027,0.47999998927116394,0.46000000834465027,0.4699999988079071,0.46020835638046265,20715500.0
2026-03-11,XPG.BK,0.4699999988079071,0.47999998927116394,0.46000000834465027,0.4699999988079071,0.46020835638046265,18482800.0
2026-03-12,XPG.BK,0.4699999988079071,0.49000000953674316,0.46000000834465027,0.49000000953674316,0.47979167103767395,9531700.0
2026-03-13,XPG.BK,0.49000000953674316,0.49000000953674316,0.4699999988079071,0.47999998927116394,0.4699999988079071,9157000.0
2026-03-16,XPG.BK,0.4699999988079071,0.47999998927116394,0.46000000834465027,0.4699999988079071,0.4699999988079071,5412100.0
2026-03-17,XPG.BK,0.4699999988079071,0.47999998927116394,0.46000000834465027,0.4699999988079071,0.4699999988079071,9073300.0
2026-03-18,XPG.BK,0.47999998927116394,0.47999998927116394,0.46000000834465027,0.46000000834465027,0.46000000834465027,8454600.0
2026-03-19,XPG.BK,0.4699999988079071,0.4699999988079071,0.44999998807907104,0.46000000834465027,0.46000000834465027,12336600.0
2026-03-20,XPG.BK,0.46000000834465027,0.47999998927116394,0.46000000834465027,0.47999998927116394,0.47999998927116394,8164400.0
2026-03-23,XPG.BK,0.4699999988079071,0.4699999988079071,0.44999998807907104,0.44999998807907104,0.44999998807907104,12849700.0
2026-03-24,XPG.BK,0.44999998807907104,0.46000000834465027,0.4399999976158142,0.44999998807907104,0.44999998807907104,9668300.0
2026-03-25,XPG.BK,0.44999998807907104,0.5,0.44999998807907104,0.49000000953674316,0.49000000953674316,24590200.0
2026-03-26,XPG.BK,0.47999998927116394,0.47999998927116394,0.46000000834465027,0.46000000834465027,0.46000000834465027,10604900.0
2026-03-27,XPG.BK,0.46000000834465027,0.4699999988079071,0.46000000834465027,0.46000000834465027,0.46000000834465027,3384400.0
2026-03-30,XPG.BK,0.46000000834465027,0.47999998927116394,0.46000000834465027,0.4699999988079071,0.4699999988079071,7401600.0
2026-03-31,XPG.BK,0.4699999988079071,0.49000000953674316,0.46000000834465027,0.4699999988079071,0.4699999988079071,17645100.0
2026-04-01,XPG.BK,0.47999998927116394,0.49000000953674316,0.4699999988079071,0.47999998927116394,0.47999998927116394,35208500.0
2026-04-02,XPG.BK,0.47999998927116394,0.49000000953674316,0.4699999988079071,0.47999998927116394,0.47999998927116394,7724800.0
2026-04-03,XPG.BK,0.47999998927116394,0.47999998927116394,0.46000000834465027,0.47999998927116394,0.47999998927116394,22376300.0
2026-04-07,XPG.BK,0.47999998927116394,0.49000000953674316,0.46000000834465027,0.4699999988079071,0.4699999988079071,8755100.0
2026-04-08,XPG.BK,0.4699999988079071,0.49000000953674316,0.46000000834465027,0.47999998927116394,0.47999998927116394,48624300.0
2026-04-09,XPG.BK,0.4699999988079071,0.47999998927116394,0.44999998807907104,0.46000000834465027,0.46000000834465027,43539400.0
2026-04-10,XPG.BK,0.46000000834465027,0.4699999988079071,0.44999998807907104,0.46000000834465027,0.46000000834465027,16097100.0
