Date,Ticker,Open,High,Low,Close,Adj Close,Volume
2016-04-11,ASIAN.BK,2.088887929916382,2.1422219276428223,2.088887929916382,2.1422219276428223,1.1883054971694946,3168450.0
2016-04-12,ASIAN.BK,2.1333329677581787,2.1866660118103027,2.1333329677581787,2.1688880920410156,1.2030973434448242,1818225.0
2016-04-18,ASIAN.BK,2.1688880920410156,2.2888879776000977,2.1688880920410156,2.2888879776000977,1.2696619033813477,9197100.0
2016-04-19,ASIAN.BK,2.3555550575256348,2.3555550575256348,2.2666659355163574,2.3111109733581543,1.2819894552230835,3522150.0
2016-04-20,ASIAN.BK,2.2888879776000977,2.4000000953674316,2.2888879776000977,2.377777099609375,1.3189692497253418,3555225.0
2016-04-21,ASIAN.BK,2.377777099609375,2.377777099609375,2.2666659355163574,2.2666659355163574,1.2573354244232178,3483900.0
2016-04-22,ASIAN.BK,2.2666659355163574,2.2888879776000977,2.20444393157959,2.20444393157959,1.2228204011917114,2334825.0
2016-04-25,ASIAN.BK,2.20444393157959,2.2133328914642334,2.177777051925659,2.1955549716949463,1.2178895473480225,2034450.0
2016-04-26,ASIAN.BK,2.1600000858306885,2.177777051925659,2.151110887527466,2.1688880920410156,1.2030973434448242,1920825.0
2016-04-27,ASIAN.BK,2.1600000858306885,2.177777051925659,2.1600000858306885,2.1688880920410156,1.2030973434448242,337950.0
2016-04-28,ASIAN.BK,2.1600000858306885,2.1866660118103027,2.088887929916382,2.088887929916382,1.1587204933166504,3279150.0
2016-04-29,ASIAN.BK,2.071110963821411,2.1155550479888916,2.071110963821411,2.106666088104248,1.1685824394226074,2493450.0
2016-05-03,ASIAN.BK,2.0,2.0444440841674805,1.9466660022735596,1.9466660022735596,1.1399530172348022,3685050.0
2016-05-04,ASIAN.BK,1.9199999570846558,1.9555549621582031,1.9199999570846558,1.937777042388916,1.134747862815857,2182950.0
2016-05-09,ASIAN.BK,1.937777042388916,1.9555549621582031,1.928887963294983,1.928887963294983,1.1295424699783325,892800.0
2016-05-10,ASIAN.BK,1.928887963294983,1.928887963294983,1.9111109972000122,1.9111109972000122,1.119132399559021,730350.0
2016-05-11,ASIAN.BK,1.9111109972000122,1.928887963294983,1.9111109972000122,1.9111109972000122,1.119132399559021,598950.0
2016-05-12,ASIAN.BK,1.9199999570846558,1.928887963294983,1.7599999904632568,1.7599999904632568,1.0306429862976074,15005925.0
2016-05-13,ASIAN.BK,1.768887996673584,1.7866660356521606,1.71555495262146,1.71555495262146,1.0046162605285645,3295575.0
2016-05-16,ASIAN.BK,1.7066659927368164,1.7333329916000366,1.6888879537582397,1.6888879537582397,0.9890003800392151,851400.0
2016-05-17,ASIAN.BK,1.6977770328521729,1.71555495262146,1.6977770328521729,1.6977770328521729,0.99420565366745,710325.0
2016-05-18,ASIAN.BK,1.7066659927368164,1.768887996673584,1.7066659927368164,1.7333329916000366,1.0150271654129028,1451700.0
2016-05-19,ASIAN.BK,1.7511110305786133,1.7599999904632568,1.724444031715393,1.7422219514846802,1.0202323198318481,940275.0
2016-05-23,ASIAN.BK,1.7511110305786133,1.7599999904632568,1.7066659927368164,1.71555495262146,1.0046162605285645,1684575.0
2016-05-24,ASIAN.BK,1.71555495262146,1.7511110305786133,1.6977770328521729,1.71555495262146,1.0046162605285645,2015100.0
2016-05-25,ASIAN.BK,1.724444031715393,1.7333329916000366,1.71555495262146,1.7333329916000366,1.0150271654129028,1628325.0
2016-05-26,ASIAN.BK,1.7333329916000366,1.7422219514846802,1.7333329916000366,1.7333329916000366,1.0150271654129028,1065600.0
2016-05-27,ASIAN.BK,1.7333329916000366,1.7866660356521606,1.7333329916000366,1.7777769565582275,1.0410531759262085,2376900.0
2016-05-30,ASIAN.BK,1.7777769565582275,1.8133330345153809,1.7777769565582275,1.8133330345153809,1.061874508857727,1064700.0
2016-05-31,ASIAN.BK,1.8222219944000244,1.840000033378601,1.8133330345153809,1.8222219944000244,1.0670796632766724,1417275.0
2016-06-01,ASIAN.BK,1.831110954284668,1.831110954284668,1.8044439554214478,1.8133330345153809,1.061874508857727,1863450.0
2016-06-02,ASIAN.BK,1.8133330345153809,1.840000033378601,1.8044439554214478,1.831110954284668,1.0722850561141968,931050.0
2016-06-03,ASIAN.BK,1.831110954284668,1.831110954284668,1.8222219944000244,1.8222219944000244,1.0670796632766724,686925.0
2016-06-06,ASIAN.BK,1.8222219944000244,1.831110954284668,1.7777769565582275,1.7777769565582275,1.0410531759262085,1997550.0
2016-06-07,ASIAN.BK,1.7777769565582275,1.7955549955368042,1.7777769565582275,1.7866660356521606,1.0462584495544434,941625.0
2016-06-08,ASIAN.BK,1.7955549955368042,1.7955549955368042,1.7866660356521606,1.7866660356521606,1.0462584495544434,444375.0
2016-06-09,ASIAN.BK,1.7777769565582275,1.8044439554214478,1.7777769565582275,1.7866660356521606,1.0462584495544434,886275.0
2016-06-10,ASIAN.BK,1.7866660356521606,1.8133330345153809,1.7866660356521606,1.8133330345153809,1.061874508857727,795150.0
2016-06-13,ASIAN.BK,1.8133330345153809,1.840000033378601,1.8133330345153809,1.840000033378601,1.0774905681610107,1046475.0
2016-06-14,ASIAN.BK,1.840000033378601,1.9911110401153564,1.840000033378601,1.884443998336792,1.1035164594650269,2283975.0
2016-06-15,ASIAN.BK,1.884443998336792,1.884443998336792,1.8577769994735718,1.8577769994735718,1.0879005193710327,1034550.0
2016-06-16,ASIAN.BK,1.8577769994735718,1.8666659593582153,1.840000033378601,1.840000033378601,1.0774905681610107,953550.0
2016-06-17,ASIAN.BK,1.840000033378601,1.8488880395889282,1.831110954284668,1.840000033378601,1.0774905681610107,2489400.0
2016-06-20,ASIAN.BK,1.8488880395889282,1.8577769994735718,1.831110954284668,1.831110954284668,1.0722850561141968,1733175.0
2016-06-21,ASIAN.BK,1.840000033378601,1.9111109972000122,1.8222219944000244,1.8222219944000244,1.0670796632766724,2938725.0
2016-06-22,ASIAN.BK,1.831110954284668,1.840000033378601,1.8222219944000244,1.831110954284668,1.0722850561141968,298350.0
2016-06-23,ASIAN.BK,1.840000033378601,1.840000033378601,1.831110954284668,1.831110954284668,1.0722850561141968,265050.0
2016-06-24,ASIAN.BK,1.8222219944000244,1.831110954284668,1.7955549955368042,1.8222219944000244,1.0670796632766724,675900.0
2016-06-27,ASIAN.BK,1.831110954284668,1.8488880395889282,1.8222219944000244,1.8488880395889282,1.0826950073242188,1422450.0
2016-06-28,ASIAN.BK,1.8577769994735718,1.884443998336792,1.8488880395889282,1.8755550384521484,1.098311185836792,1750050.0
2016-06-29,ASIAN.BK,1.9022220373153687,1.9111109972000122,1.884443998336792,1.884443998336792,1.1035164594650269,1345275.0
2016-06-30,ASIAN.BK,1.9022220373153687,2.0177769660949707,1.9022220373153687,2.0,1.1711852550506592,6944400.0
2016-07-04,ASIAN.BK,2.035554885864258,2.035554885864258,1.9555549621582031,1.9555549621582031,1.1451584100723267,2122200.0
2016-07-05,ASIAN.BK,1.9644440412521362,1.9822219610214233,1.937777042388916,1.9466660022735596,1.1399530172348022,2055600.0
2016-07-06,ASIAN.BK,1.928887963294983,1.9555549621582031,1.928887963294983,1.937777042388916,1.134747862815857,910350.0
2016-07-07,ASIAN.BK,1.937777042388916,1.937777042388916,1.9111109972000122,1.928887963294983,1.1295424699783325,1417050.0
2016-07-08,ASIAN.BK,1.928887963294983,1.9555549621582031,1.9199999570846558,1.928887963294983,1.1295424699783325,886725.0
2016-07-11,ASIAN.BK,1.9466660022735596,1.9555549621582031,1.937777042388916,1.9466660022735596,1.1399530172348022,913275.0
2016-07-12,ASIAN.BK,1.9555549621582031,1.9911110401153564,1.9466660022735596,1.9555549621582031,1.1451584100723267,2041425.0
2016-07-13,ASIAN.BK,1.9466660022735596,1.9733330011367798,1.9466660022735596,1.9644440412521362,1.1503639221191406,1665225.0
2016-07-14,ASIAN.BK,1.9733330011367798,1.9733330011367798,1.937777042388916,1.9466660022735596,1.1399530172348022,1217475.0
2016-07-15,ASIAN.BK,1.9466660022735596,1.9555549621582031,1.9466660022735596,1.9466660022735596,1.1399530172348022,35550.0
2016-07-20,ASIAN.BK,1.9466660022735596,1.9466660022735596,1.928887963294983,1.937777042388916,1.134747862815857,924750.0
2016-07-21,ASIAN.BK,1.937777042388916,1.9466660022735596,1.9199999570846558,1.928887963294983,1.1295424699783325,695925.0
2016-07-22,ASIAN.BK,1.928887963294983,2.0,1.9111109972000122,1.9199999570846558,1.1243377923965454,3260925.0
2016-07-25,ASIAN.BK,1.9199999570846558,1.9199999570846558,1.9022220373153687,1.9199999570846558,1.1243377923965454,929250.0
2016-07-26,ASIAN.BK,1.9199999570846558,1.928887963294983,1.9022220373153687,1.9022220373153687,1.1139273643493652,727875.0
2016-07-27,ASIAN.BK,1.9022220373153687,1.9111109972000122,1.8488880395889282,1.8933329582214355,1.1087218523025513,1919475.0
2016-07-28,ASIAN.BK,1.8933329582214355,1.9111109972000122,1.884443998336792,1.9111109972000122,1.119132399559021,1498950.0
2016-07-29,ASIAN.BK,1.9199999570846558,1.9911110401153564,1.9199999570846558,1.9555549621582031,1.1451584100723267,5951925.0
2016-08-01,ASIAN.BK,1.9644440412521362,1.9822219610214233,1.937777042388916,1.937777042388916,1.134747862815857,3701700.0
2016-08-02,ASIAN.BK,1.937777042388916,1.9555549621582031,1.928887963294983,1.928887963294983,1.1295424699783325,2976300.0
2016-08-03,ASIAN.BK,1.9199999570846558,1.928887963294983,1.9199999570846558,1.9199999570846558,1.1243377923965454,477225.0
2016-08-04,ASIAN.BK,1.928887963294983,1.928887963294983,1.9199999570846558,1.9199999570846558,1.1243377923965454,1044450.0
2016-08-05,ASIAN.BK,1.9199999570846558,1.9555549621582031,1.9199999570846558,1.9466660022735596,1.1399530172348022,2101050.0
2016-08-08,ASIAN.BK,1.9555549621582031,1.9644440412521362,1.9466660022735596,1.9644440412521362,1.1503639221191406,1640250.0
2016-08-09,ASIAN.BK,1.9555549621582031,1.9644440412521362,1.937777042388916,1.9466660022735596,1.1399530172348022,771975.0
2016-08-10,ASIAN.BK,1.9466660022735596,1.9555549621582031,1.768887996673584,1.7955549955368042,1.0514637231826782,12076650.0
2016-08-11,ASIAN.BK,1.8133330345153809,1.8577769994735718,1.7866660356521606,1.7955549955368042,1.0514637231826782,4582350.0
2016-08-15,ASIAN.BK,1.7955549955368042,1.7955549955368042,1.7333329916000366,1.7422219514846802,1.0202323198318481,2103750.0
2016-08-16,ASIAN.BK,1.7333329916000366,1.7599999904632568,1.71555495262146,1.71555495262146,1.0046162605285645,1691325.0
2016-08-17,ASIAN.BK,1.7333329916000366,1.7422219514846802,1.724444031715393,1.7333329916000366,1.0150271654129028,451125.0
2016-08-18,ASIAN.BK,1.7333329916000366,1.7599999904632568,1.7333329916000366,1.7422219514846802,1.0202323198318481,938700.0
2016-08-19,ASIAN.BK,1.7511110305786133,1.7511110305786133,1.724444031715393,1.7333329916000366,1.0150271654129028,360675.0
2016-08-22,ASIAN.BK,1.7333329916000366,1.7422219514846802,1.724444031715393,1.7333329916000366,1.0150271654129028,668700.0
2016-08-23,ASIAN.BK,1.7333329916000366,1.7511110305786133,1.7333329916000366,1.7422219514846802,1.0202323198318481,170100.0
2016-08-24,ASIAN.BK,1.7422219514846802,1.7599999904632568,1.7422219514846802,1.7511110305786133,1.025437831878662,738675.0
2016-08-25,ASIAN.BK,1.7599999904632568,1.8044439554214478,1.7511110305786133,1.7777769565582275,1.0410531759262085,3570300.0
2016-08-26,ASIAN.BK,1.7777769565582275,1.7955549955368042,1.7599999904632568,1.768887996673584,1.035847783088684,290700.0
2016-08-29,ASIAN.BK,1.7777769565582275,1.840000033378601,1.7777769565582275,1.7777769565582275,1.0410531759262085,4196700.0
2016-08-30,ASIAN.BK,1.7777769565582275,1.884443998336792,1.7777769565582275,1.8755550384521484,1.098311185836792,12237300.0
2016-08-31,ASIAN.BK,1.8488880395889282,1.8933329582214355,1.8222219944000244,1.8755550384521484,1.098311185836792,5695425.0
2016-09-01,ASIAN.BK,1.884443998336792,1.9733330011367798,1.884443998336792,1.9111109972000122,1.119132399559021,10838025.0
2016-09-02,ASIAN.BK,1.9199999570846558,1.9199999570846558,1.8666659593582153,1.8666659593582153,1.0931057929992676,2800125.0
2016-09-05,ASIAN.BK,1.8755550384521484,1.884443998336792,1.7866660356521606,1.8666659593582153,1.0931057929992676,3174300.0
2016-09-06,ASIAN.BK,1.8577769994735718,1.8755550384521484,1.8488880395889282,1.8755550384521484,1.098311185836792,1265850.0
2016-09-07,ASIAN.BK,1.884443998336792,1.9466660022735596,1.8666659593582153,1.8755550384521484,1.098311185836792,4638825.0
2016-09-08,ASIAN.BK,1.8666659593582153,1.9199999570846558,1.7777769565582275,1.7955549955368042,1.0514637231826782,14140800.0
2016-09-09,ASIAN.BK,1.7866660356521606,1.8044439554214478,1.7599999904632568,1.7777769565582275,1.0410531759262085,4788450.0
2016-09-12,ASIAN.BK,1.768887996673584,1.7777769565582275,1.7422219514846802,1.7422219514846802,1.0202323198318481,1545750.0
2016-09-13,ASIAN.BK,1.7333329916000366,1.7777769565582275,1.7333329916000366,1.7599999904632568,1.0306429862976074,1350900.0
2016-09-14,ASIAN.BK,1.7599999904632568,1.7777769565582275,1.7599999904632568,1.768887996673584,1.035847783088684,176625.0
2016-09-15,ASIAN.BK,1.7866660356521606,1.8044439554214478,1.7866660356521606,1.7955549955368042,1.0514637231826782,776025.0
2016-09-16,ASIAN.BK,1.7955549955368042,1.8044439554214478,1.7866660356521606,1.7866660356521606,1.0462584495544434,437625.0
2016-09-19,ASIAN.BK,1.8044439554214478,1.840000033378601,1.7955549955368042,1.840000033378601,1.0774905681610107,754200.0
2016-09-20,ASIAN.BK,1.8222219944000244,1.8222219944000244,1.7955549955368042,1.8044439554214478,1.0566691160202026,898650.0
2016-09-21,ASIAN.BK,1.7777769565582275,1.8133330345153809,1.7777769565582275,1.8044439554214478,1.0566691160202026,102375.0
2016-09-22,ASIAN.BK,1.8044439554214478,1.831110954284668,1.8044439554214478,1.8222219944000244,1.0670796632766724,319725.0
2016-09-23,ASIAN.BK,1.8133330345153809,1.8222219944000244,1.7866660356521606,1.7866660356521606,1.0462584495544434,1314450.0
2016-09-26,ASIAN.BK,1.7777769565582275,1.8133330345153809,1.7777769565582275,1.7955549955368042,1.0514637231826782,119475.0
2016-09-27,ASIAN.BK,1.7955549955368042,1.8044439554214478,1.768887996673584,1.8044439554214478,1.0566691160202026,475875.0
2016-09-28,ASIAN.BK,1.8044439554214478,1.8044439554214478,1.7866660356521606,1.8044439554214478,1.0566691160202026,13950.0
2016-09-29,ASIAN.BK,1.7777769565582275,1.7955549955368042,1.7777769565582275,1.7866660356521606,1.0462584495544434,159525.0
2016-09-30,ASIAN.BK,1.768887996673584,1.7955549955368042,1.768887996673584,1.7866660356521606,1.0462584495544434,121950.0
2016-10-03,ASIAN.BK,1.7955549955368042,1.8044439554214478,1.768887996673584,1.7866660356521606,1.0462584495544434,74925.0
2016-10-04,ASIAN.BK,1.7777769565582275,1.7955549955368042,1.7777769565582275,1.7955549955368042,1.0514637231826782,147150.0
2016-10-05,ASIAN.BK,1.8044439554214478,1.8044439554214478,1.768887996673584,1.7866660356521606,1.0462584495544434,594225.0
2016-10-06,ASIAN.BK,1.7777769565582275,1.7955549955368042,1.7777769565582275,1.7955549955368042,1.0514637231826782,48825.0
2016-10-07,ASIAN.BK,1.7866660356521606,1.7955549955368042,1.7777769565582275,1.7955549955368042,1.0514637231826782,13275.0
2016-10-10,ASIAN.BK,1.7066659927368164,1.768887996673584,1.7066659927368164,1.7422219514846802,1.0202323198318481,480375.0
2016-10-11,ASIAN.BK,1.7511110305786133,1.7511110305786133,1.6888879537582397,1.7066659927368164,0.9994109272956848,314325.0
2016-10-12,ASIAN.BK,1.71555495262146,1.71555495262146,1.208888053894043,1.5377769470214844,0.900510847568512,1326825.0
2016-10-13,ASIAN.BK,1.5288879871368408,1.6444439888000488,1.5288879871368408,1.5466660261154175,0.9057160019874573,765675.0
2016-10-14,ASIAN.BK,1.600000023841858,1.71555495262146,1.5733330249786377,1.6977770328521729,0.99420565366745,442800.0
2016-10-17,ASIAN.BK,1.671110987663269,1.6888879537582397,1.671110987663269,1.6888879537582397,0.9890003800392151,219825.0
2016-10-18,ASIAN.BK,1.6888879537582397,1.724444031715393,1.6888879537582397,1.6977770328521729,0.99420565366745,176400.0
2016-10-19,ASIAN.BK,1.7066659927368164,1.768887996673584,1.7066659927368164,1.71555495262146,1.0046162605285645,70200.0
2016-10-20,ASIAN.BK,1.724444031715393,1.768887996673584,1.71555495262146,1.7511110305786133,1.025437831878662,234450.0
2016-10-21,ASIAN.BK,1.7511110305786133,1.768887996673584,1.7511110305786133,1.7511110305786133,1.025437831878662,77625.0
2016-10-25,ASIAN.BK,1.7599999904632568,1.7599999904632568,1.7333329916000366,1.7511110305786133,1.025437831878662,127350.0
2016-10-26,ASIAN.BK,1.7511110305786133,1.7511110305786133,1.7333329916000366,1.7511110305786133,1.025437831878662,171900.0
2016-10-27,ASIAN.BK,1.7511110305786133,1.7511110305786133,1.7333329916000366,1.7511110305786133,1.025437831878662,45675.0
2016-10-28,ASIAN.BK,1.7333329916000366,1.7511110305786133,1.7333329916000366,1.7511110305786133,1.025437831878662,76500.0
2016-10-31,ASIAN.BK,1.7511110305786133,1.7511110305786133,1.7511110305786133,1.7511110305786133,1.025437831878662,4725.0
2016-11-01,ASIAN.BK,1.7422219514846802,1.7599999904632568,1.7422219514846802,1.7422219514846802,1.0202323198318481,381825.0
2016-11-02,ASIAN.BK,1.7333329916000366,1.7422219514846802,1.7333329916000366,1.7422219514846802,1.0202323198318481,105750.0
2016-11-03,ASIAN.BK,1.7422219514846802,1.7777769565582275,1.7422219514846802,1.7511110305786133,1.025437831878662,407475.0
2016-11-04,ASIAN.BK,1.7422219514846802,1.7422219514846802,1.7422219514846802,1.7422219514846802,1.0202323198318481,38250.0
2016-11-07,ASIAN.BK,1.7422219514846802,1.7422219514846802,1.7333329916000366,1.7422219514846802,1.0202323198318481,76275.0
2016-11-08,ASIAN.BK,1.7422219514846802,1.7422219514846802,1.7422219514846802,1.7422219514846802,1.0202323198318481,0.0
2016-11-09,ASIAN.BK,1.7333329916000366,1.7333329916000366,1.724444031715393,1.7333329916000366,1.0150271654129028,181350.0
2016-11-10,ASIAN.BK,1.7333329916000366,1.7422219514846802,1.6888879537582397,1.6888879537582397,0.9890003800392151,1911150.0
2016-11-11,ASIAN.BK,1.7066659927368164,1.7066659927368164,1.608888030052185,1.6355550289154053,0.9577689170837402,1050750.0
2016-11-14,ASIAN.BK,1.6444439888000488,1.6444439888000488,1.6177769899368286,1.6177769899368286,0.9473581314086914,929925.0
2016-11-15,ASIAN.BK,1.6177769899368286,1.6355550289154053,1.608888030052185,1.6177769899368286,0.9473581314086914,242550.0
2016-11-16,ASIAN.BK,1.6444439888000488,1.6622220277786255,1.6266659498214722,1.6355550289154053,0.9577689170837402,204975.0
2016-11-17,ASIAN.BK,1.6355550289154053,1.6355550289154053,1.6355550289154053,1.6355550289154053,0.9577689170837402,172800.0
2016-11-18,ASIAN.BK,1.6533329486846924,1.6533329486846924,1.6444439888000488,1.6444439888000488,0.9629743099212646,77175.0
2016-11-21,ASIAN.BK,1.6533329486846924,1.6533329486846924,1.6444439888000488,1.6444439888000488,0.9629743099212646,176175.0
2016-11-22,ASIAN.BK,1.6622220277786255,1.6888879537582397,1.6622220277786255,1.6799999475479126,0.9837956428527832,709200.0
2016-11-23,ASIAN.BK,1.6888879537582397,1.7511110305786133,1.6888879537582397,1.7066659927368164,0.9994109272956848,1506825.0
2016-11-24,ASIAN.BK,1.7599999904632568,1.7599999904632568,1.71555495262146,1.7333329916000366,1.0150271654129028,829575.0
2016-11-25,ASIAN.BK,1.7333329916000366,1.7422219514846802,1.71555495262146,1.71555495262146,1.0046162605285645,752400.0
2016-11-28,ASIAN.BK,1.71555495262146,1.7333329916000366,1.71555495262146,1.7333329916000366,1.0150271654129028,162675.0
2016-11-29,ASIAN.BK,1.7333329916000366,1.7422219514846802,1.724444031715393,1.7422219514846802,1.0202323198318481,1241775.0
2016-11-30,ASIAN.BK,1.7422219514846802,1.7422219514846802,1.7333329916000366,1.7333329916000366,1.0150271654129028,143325.0
2016-12-01,ASIAN.BK,1.7333329916000366,1.7422219514846802,1.724444031715393,1.724444031715393,1.0098216533660889,551700.0
2016-12-02,ASIAN.BK,1.7333329916000366,1.7333329916000366,1.71555495262146,1.724444031715393,1.0098216533660889,406350.0
2016-12-06,ASIAN.BK,1.7511110305786133,1.7511110305786133,1.7066659927368164,1.7066659927368164,0.9994109272956848,376425.0
2016-12-07,ASIAN.BK,1.7511110305786133,1.7511110305786133,1.724444031715393,1.7333329916000366,1.0150271654129028,1218825.0
2016-12-08,ASIAN.BK,1.7422219514846802,1.7955549955368042,1.7333329916000366,1.7777769565582275,1.0410531759262085,1725300.0
2016-12-09,ASIAN.BK,1.7777769565582275,1.7866660356521606,1.768887996673584,1.7777769565582275,1.0410531759262085,385650.0
2016-12-13,ASIAN.BK,1.7955549955368042,1.7955549955368042,1.7777769565582275,1.7866660356521606,1.0462584495544434,732375.0
2016-12-14,ASIAN.BK,1.7955549955368042,1.8488880395889282,1.7866660356521606,1.8044439554214478,1.0566691160202026,3865950.0
2016-12-15,ASIAN.BK,1.8133330345153809,1.8488880395889282,1.8044439554214478,1.8488880395889282,1.0826950073242188,3140100.0
2016-12-16,ASIAN.BK,1.8488880395889282,1.8577769994735718,1.8133330345153809,1.8222219944000244,1.0670796632766724,1473525.0
2016-12-19,ASIAN.BK,1.831110954284668,1.8577769994735718,1.8133330345153809,1.8577769994735718,1.0879005193710327,1618200.0
2016-12-20,ASIAN.BK,1.8488880395889282,1.8933329582214355,1.840000033378601,1.8488880395889282,1.0826950073242188,2549475.0
2016-12-21,ASIAN.BK,1.8488880395889282,1.8577769994735718,1.840000033378601,1.8488880395889282,1.0826950073242188,422550.0
2016-12-22,ASIAN.BK,1.8666659593582153,1.9199999570846558,1.8488880395889282,1.8488880395889282,1.0826950073242188,2717775.0
2016-12-23,ASIAN.BK,1.8488880395889282,1.8488880395889282,1.840000033378601,1.8488880395889282,1.0826950073242188,381600.0
2016-12-26,ASIAN.BK,1.8488880395889282,1.9111109972000122,1.8488880395889282,1.8933329582214355,1.1087218523025513,2122200.0
2016-12-27,ASIAN.BK,1.8933329582214355,2.035554885864258,1.8933329582214355,2.0,1.1711852550506592,17458875.0
2016-12-28,ASIAN.BK,2.008888006210327,2.1155550479888916,1.937777042388916,1.9733330011367798,1.155569314956665,18254250.0
2016-12-29,ASIAN.BK,1.9733330011367798,1.9822219610214233,1.9466660022735596,1.9733330011367798,1.155569314956665,2293200.0
2016-12-30,ASIAN.BK,1.9733330011367798,2.0177769660949707,1.9644440412521362,2.0,1.1711852550506592,3163950.0
2017-01-04,ASIAN.BK,2.0177769660949707,2.0177769660949707,2.0,2.0,1.1711852550506592,805050.0
2017-01-05,ASIAN.BK,2.0,2.008888006210327,1.9911110401153564,1.9911110401153564,1.1659798622131348,495000.0
2017-01-06,ASIAN.BK,1.9911110401153564,2.0,1.9911110401153564,1.9911110401153564,1.1659798622131348,396675.0
2017-01-09,ASIAN.BK,1.9911110401153564,1.9911110401153564,1.9822219610214233,1.9911110401153564,1.1659798622131348,669600.0
2017-01-10,ASIAN.BK,1.9911110401153564,1.9911110401153564,1.9822219610214233,1.9822219610214233,1.1607745885849,742050.0
2017-01-11,ASIAN.BK,1.9733330011367798,1.9911110401153564,1.9733330011367798,1.9822219610214233,1.1607745885849,852975.0
2017-01-12,ASIAN.BK,1.9822219610214233,1.9911110401153564,1.9733330011367798,1.9733330011367798,1.155569314956665,481275.0
2017-01-16,ASIAN.BK,2.0266659259796143,2.071110963821411,2.0,2.0,1.1711852550506592,4752225.0
2017-01-17,ASIAN.BK,2.0,2.035554885864258,1.9911110401153564,2.0,1.1711852550506592,1602225.0
2017-01-18,ASIAN.BK,2.0,2.0177769660949707,1.9822219610214233,1.9822219610214233,1.1607745885849,1205775.0
2017-01-19,ASIAN.BK,1.9822219610214233,1.9911110401153564,1.9644440412521362,1.9733330011367798,1.155569314956665,819000.0
2017-01-20,ASIAN.BK,1.9644440412521362,2.008888006210327,1.9644440412521362,1.9822219610214233,1.1607745885849,2529450.0
2017-01-23,ASIAN.BK,1.9911110401153564,2.0,1.9822219610214233,1.9822219610214233,1.1607745885849,192375.0
2017-01-24,ASIAN.BK,2.0,2.0,1.9822219610214233,1.9822219610214233,1.1607745885849,457200.0
2017-01-25,ASIAN.BK,2.0,2.035554885864258,1.9911110401153564,2.0266659259796143,1.1868007183074951,2140200.0
2017-01-26,ASIAN.BK,2.035554885864258,2.6222219467163086,2.0266659259796143,2.6222219467163086,1.5355536937713623,107657325.0
2017-01-27,ASIAN.BK,2.5999999046325684,2.6888880729675293,2.444443941116333,2.666666030883789,1.5615803003311157,45339300.0
2017-01-30,ASIAN.BK,2.6222219467163086,2.6222219467163086,2.4222218990325928,2.4666659832000732,1.4444615840911865,17117325.0
2017-01-31,ASIAN.BK,2.51111102104187,2.5777769088745117,2.4000000953674316,2.4666659832000732,1.4444615840911865,24968250.0
2017-02-01,ASIAN.BK,2.5333330631256104,2.711111068725586,2.51111102104187,2.5333330631256104,1.4835011959075928,48114000.0
2017-02-02,ASIAN.BK,2.5333330631256104,2.5777769088745117,2.4666659832000732,2.51111102104187,1.470488429069519,9997875.0
2017-02-03,ASIAN.BK,2.5333330631256104,2.7777769565582275,2.4888880252838135,2.4888880252838135,1.4574744701385498,50217525.0
2017-02-06,ASIAN.BK,2.4888880252838135,2.5777769088745117,2.4888880252838135,2.51111102104187,1.470488429069519,11332800.0
2017-02-07,ASIAN.BK,2.5333330631256104,2.5999999046325684,2.4888880252838135,2.5333330631256104,1.4835011959075928,11684025.0
2017-02-08,ASIAN.BK,2.51111102104187,2.6222219467163086,2.51111102104187,2.5555551052093506,1.4965142011642456,11055150.0
2017-02-09,ASIAN.BK,2.5777769088745117,2.8222219944000244,2.51111102104187,2.8222219944000244,1.6526724100112915,59938650.0
2017-02-10,ASIAN.BK,2.933332920074463,2.933332920074463,2.4666659832000732,2.4666659832000732,1.4444615840911865,82329300.0
2017-02-14,ASIAN.BK,2.4666659832000732,2.4888880252838135,2.3333330154418945,2.4000000953674316,1.405422329902649,14668875.0
2017-02-15,ASIAN.BK,2.4000000953674316,2.4666659832000732,2.3333330154418945,2.4222218990325928,1.4184352159500122,12811725.0
2017-02-16,ASIAN.BK,2.4222218990325928,2.4222218990325928,2.377777099609375,2.377777099609375,1.3924086093902588,5042475.0
2017-02-17,ASIAN.BK,2.377777099609375,2.4000000953674316,2.3555550575256348,2.4000000953674316,1.405422329902649,3609450.0
2017-02-20,ASIAN.BK,2.377777099609375,2.4222218990325928,2.377777099609375,2.4000000953674316,1.405422329902649,2193975.0
2017-02-21,ASIAN.BK,2.4000000953674316,2.4000000953674316,2.1955549716949463,2.222222089767456,1.3013169765472412,6579675.0
2017-02-22,ASIAN.BK,2.2133328914642334,2.3111109733581543,2.1866660118103027,2.2888879776000977,1.3403557538986206,20038500.0
2017-02-23,ASIAN.BK,2.2888879776000977,2.4000000953674316,2.2666659355163574,2.3333330154418945,1.3663825988769531,7351425.0
2017-02-24,ASIAN.BK,2.3333330154418945,2.4000000953674316,2.3333330154418945,2.3333330154418945,1.3663825988769531,5133825.0
2017-02-27,ASIAN.BK,2.3333330154418945,2.3333330154418945,2.2666659355163574,2.2666659355163574,1.3273428678512573,2380500.0
2017-02-28,ASIAN.BK,2.3111109733581543,2.3111109733581543,2.2666659355163574,2.2666659355163574,1.3273428678512573,918900.0
2017-03-01,ASIAN.BK,2.2888879776000977,2.3555550575256348,2.2666659355163574,2.3555550575256348,1.379395842552185,8243100.0
2017-03-02,ASIAN.BK,2.3555550575256348,2.4666659832000732,2.3333330154418945,2.444443941116333,1.431447982788086,11117025.0
2017-03-03,ASIAN.BK,2.4000000953674316,2.4666659832000732,2.4000000953674316,2.4000000953674316,1.405422329902649,4292550.0
2017-03-06,ASIAN.BK,2.4000000953674316,2.444443941116333,2.3111109733581543,2.3111109733581543,1.3533697128295898,3297375.0
2017-03-07,ASIAN.BK,2.3111109733581543,2.377777099609375,2.2888879776000977,2.3111109733581543,1.3533697128295898,2590650.0
2017-03-08,ASIAN.BK,2.3333330154418945,2.3333330154418945,2.1688880920410156,2.244443893432617,1.314329981803894,7086375.0
2017-03-09,ASIAN.BK,2.222222089767456,2.2666659355163574,2.222222089767456,2.244443893432617,1.314329981803894,811800.0
2017-03-10,ASIAN.BK,2.222222089767456,2.2666659355163574,2.2133328914642334,2.2133328914642334,1.2961115837097168,3054825.0
2017-03-13,ASIAN.BK,2.2133328914642334,2.2888879776000977,2.2133328914642334,2.2666659355163574,1.3273428678512573,5681925.0
2017-03-14,ASIAN.BK,2.3111109733581543,2.3111109733581543,2.20444393157959,2.222222089767456,1.3013169765472412,3594825.0
2017-03-15,ASIAN.BK,2.244443893432617,2.244443893432617,2.20444393157959,2.20444393157959,1.2909061908721924,2804175.0
2017-03-16,ASIAN.BK,2.222222089767456,2.2666659355163574,2.222222089767456,2.244443893432617,1.314329981803894,1571850.0
2017-03-17,ASIAN.BK,2.2666659355163574,2.3555550575256348,2.2666659355163574,2.3111109733581543,1.3533697128295898,7036875.0
2017-03-20,ASIAN.BK,2.2888879776000977,2.377777099609375,2.2888879776000977,2.377777099609375,1.3924086093902588,11447325.0
2017-03-21,ASIAN.BK,2.3555550575256348,2.3555550575256348,2.3111109733581543,2.3111109733581543,1.3533697128295898,2826675.0
2017-03-22,ASIAN.BK,2.3111109733581543,2.3333330154418945,2.2666659355163574,2.3333330154418945,1.3663825988769531,3658275.0
2017-03-23,ASIAN.BK,2.3555550575256348,2.4000000953674316,2.3111109733581543,2.377777099609375,1.3924086093902588,7532325.0
2017-03-24,ASIAN.BK,2.3555550575256348,2.377777099609375,2.3555550575256348,2.3555550575256348,1.379395842552185,858600.0
2017-03-27,ASIAN.BK,2.3333330154418945,2.3555550575256348,2.3111109733581543,2.3111109733581543,1.3533697128295898,512550.0
2017-03-28,ASIAN.BK,2.3111109733581543,2.377777099609375,2.3111109733581543,2.3333330154418945,1.3663825988769531,5208750.0
2017-03-29,ASIAN.BK,2.377777099609375,2.377777099609375,2.3333330154418945,2.3333330154418945,1.3663825988769531,1431225.0
2017-03-30,ASIAN.BK,2.3333330154418945,2.377777099609375,2.3111109733581543,2.3333330154418945,1.3663825988769531,1845900.0
2017-03-31,ASIAN.BK,2.3333330154418945,2.3555550575256348,2.3111109733581543,2.3555550575256348,1.379395842552185,1725300.0
2017-04-03,ASIAN.BK,2.3333330154418945,2.377777099609375,2.3333330154418945,2.3555550575256348,1.379395842552185,1936350.0
2017-04-04,ASIAN.BK,2.3555550575256348,2.5999999046325684,2.3555550575256348,2.5555551052093506,1.4965142011642456,33059700.0
2017-04-05,ASIAN.BK,2.51111102104187,2.5777769088745117,2.4888880252838135,2.51111102104187,1.470488429069519,7524675.0
2017-04-07,ASIAN.BK,2.5333330631256104,2.666666030883789,2.4888880252838135,2.5777769088745117,1.5095272064208984,21545775.0
2017-04-10,ASIAN.BK,2.5999999046325684,2.666666030883789,2.51111102104187,2.5333330631256104,1.4835011959075928,21381075.0
2017-04-11,ASIAN.BK,2.5333330631256104,2.5999999046325684,2.5333330631256104,2.5999999046325684,1.52254056930542,21596400.0
2017-04-12,ASIAN.BK,2.644443988800049,2.711111068725586,2.5999999046325684,2.5999999046325684,1.52254056930542,9097875.0
2017-04-17,ASIAN.BK,2.5777769088745117,2.5777769088745117,2.4888880252838135,2.51111102104187,1.470488429069519,5157000.0
2017-04-18,ASIAN.BK,2.5333330631256104,2.5555551052093506,2.51111102104187,2.51111102104187,1.470488429069519,2436975.0
2017-04-19,ASIAN.BK,2.4888880252838135,2.5333330631256104,2.4888880252838135,2.4888880252838135,1.4574744701385498,2899350.0
2017-04-20,ASIAN.BK,2.4888880252838135,2.5333330631256104,2.377777099609375,2.377777099609375,1.3924086093902588,5424525.0
2017-04-21,ASIAN.BK,2.4000000953674316,2.444443941116333,2.4000000953674316,2.444443941116333,1.431447982788086,2539125.0
2017-04-24,ASIAN.BK,2.444443941116333,2.444443941116333,2.4000000953674316,2.444443941116333,1.431447982788086,5700375.0
2017-04-25,ASIAN.BK,2.3555550575256348,2.377777099609375,2.3111109733581543,2.3555550575256348,1.4341542720794678,3655575.0
2017-04-26,ASIAN.BK,2.3333330154418945,2.4000000953674316,2.3333330154418945,2.377777099609375,1.447683334350586,2570175.0
2017-04-27,ASIAN.BK,2.377777099609375,2.377777099609375,2.3555550575256348,2.377777099609375,1.447683334350586,1604025.0
2017-04-28,ASIAN.BK,2.377777099609375,2.377777099609375,2.3333330154418945,2.3333330154418945,1.4206246137619019,1912950.0
2017-05-02,ASIAN.BK,2.3333330154418945,2.4666659832000732,2.3111109733581543,2.4000000953674316,1.4612137079238892,40730625.0
2017-05-03,ASIAN.BK,2.4000000953674316,2.4222218990325928,2.377777099609375,2.4000000953674316,1.4612137079238892,50271075.0
2017-05-04,ASIAN.BK,2.4000000953674316,2.5333330631256104,2.4000000953674316,2.51111102104187,1.5288628339767456,53785350.0
2017-05-08,ASIAN.BK,2.7555549144744873,2.9777770042419434,2.7555549144744873,2.9111111164093018,1.7723982334136963,43195725.0
2017-05-09,ASIAN.BK,2.955554962158203,3.0222220420837402,2.7555549144744873,2.8222219944000244,1.7182788848876953,42558750.0
2017-05-11,ASIAN.BK,2.7777769565582275,2.799999952316284,2.6888880729675293,2.799999952316284,1.7047494649887085,19951425.0
2017-05-12,ASIAN.BK,2.7777769565582275,2.9111111164093018,2.711111068725586,2.799999952316284,1.7047494649887085,42507675.0
2017-05-15,ASIAN.BK,2.799999952316284,2.799999952316284,2.799999952316284,2.799999952316284,1.7047494649887085,1269450.0
2017-05-16,ASIAN.BK,2.799999952316284,3.377777099609375,2.799999952316284,3.244443893432617,1.9753444194793701,89757675.0
2017-05-17,ASIAN.BK,3.244443893432617,3.7555549144744873,3.177777051925659,3.5555551052093506,2.1647610664367676,112496400.0
2017-05-18,ASIAN.BK,3.5333330631256104,3.799999952316284,3.4666659832000732,3.7777769565582275,2.300058603286743,51551775.0
2017-05-19,ASIAN.BK,3.7777769565582275,4.0,3.711111068725586,3.7555549144744873,2.2865288257598877,56526975.0
2017-05-22,ASIAN.BK,3.7777769565582275,4.355555057525635,3.7555549144744873,4.311110973358154,2.6247732639312744,87904125.0
2017-05-23,ASIAN.BK,4.288887977600098,4.488887786865234,4.199999809265137,4.288887977600098,2.6112425327301025,54950850.0
2017-05-24,ASIAN.BK,4.377777099609375,4.444444179534912,4.199999809265137,4.288887977600098,2.6112425327301025,33927525.0
2017-05-25,ASIAN.BK,4.377777099609375,4.800000190734863,4.3333330154418945,4.800000190734863,2.9224274158477783,63728100.0
2017-05-26,ASIAN.BK,4.711111068725586,4.8444437980651855,4.444444179534912,4.622221946716309,2.8141896724700928,40626675.0
2017-05-29,ASIAN.BK,4.577776908874512,4.622221946716309,4.17777681350708,4.222221851348877,2.5706539154052734,55066500.0
2017-05-30,ASIAN.BK,4.199999809265137,4.533332824707031,4.17777681350708,4.444444179534912,2.7059519290924072,47263050.0
2017-05-31,ASIAN.BK,4.444444179534912,4.933332920074463,4.444444179534912,4.933332920074463,3.0036065578460693,73905975.0
2017-06-01,ASIAN.BK,4.933332920074463,5.3333330154418945,4.755555152893066,4.8444437980651855,2.9494872093200684,83296125.0
2017-06-02,ASIAN.BK,4.888887882232666,5.3333330154418945,4.800000190734863,5.288887977600098,3.2200815677642822,53979750.0
2017-06-05,ASIAN.BK,5.244443893432617,5.511110782623291,5.111111164093018,5.15555477142334,3.1389031410217285,46221525.0
2017-06-06,ASIAN.BK,5.288887977600098,5.3333330154418945,5.02222204208374,5.111111164093018,3.1118438243865967,31088475.0
2017-06-07,ASIAN.BK,5.15555477142334,5.15555477142334,4.800000190734863,4.888887882232666,2.976546049118042,21399525.0
2017-06-08,ASIAN.BK,4.8444437980651855,4.8444437980651855,4.577776908874512,4.755555152893066,2.895367383956909,18915075.0
2017-06-09,ASIAN.BK,4.755555152893066,5.02222204208374,4.711111068725586,4.800000190734863,2.9224274158477783,25042500.0
2017-06-12,ASIAN.BK,4.800000190734863,4.888887882232666,4.666666030883789,4.755555152893066,2.895367383956909,13255200.0
2017-06-13,ASIAN.BK,4.800000190734863,5.15555477142334,4.711111068725586,5.066666126251221,3.084784984588623,52077600.0
2017-06-14,ASIAN.BK,5.066666126251221,5.15555477142334,4.933332920074463,5.066666126251221,3.084784984588623,32325525.0
2017-06-15,ASIAN.BK,5.111111164093018,5.15555477142334,4.977777004241943,4.977777004241943,3.0306649208068848,8173125.0
2017-06-16,ASIAN.BK,5.02222204208374,5.02222204208374,4.800000190734863,4.8444437980651855,2.9494872093200684,11491200.0
2017-06-19,ASIAN.BK,4.888887882232666,5.3333330154418945,4.8444437980651855,5.288887977600098,3.2200815677642822,46927575.0
2017-06-20,ASIAN.BK,5.288887977600098,5.422222137451172,5.199999809265137,5.3333330154418945,3.2471413612365723,32921100.0
2017-06-21,ASIAN.BK,5.3333330154418945,5.866665840148926,5.288887977600098,5.733333110809326,3.49067759513855,61261875.0
2017-06-22,ASIAN.BK,5.733333110809326,5.777777194976807,5.599999904632568,5.733333110809326,3.49067759513855,12833100.0
2017-06-23,ASIAN.BK,5.777777194976807,7.199999809265137,5.733333110809326,6.888887882232666,4.194223880767822,155146950.0
2017-06-26,ASIAN.BK,6.8444437980651855,6.977777004241943,6.444444179534912,6.622221946716309,4.031867504119873,57784050.0
2017-06-27,ASIAN.BK,6.622221946716309,6.800000190734863,6.133333206176758,6.133333206176758,3.73421311378479,64766925.0
2017-06-28,ASIAN.BK,6.133333206176758,6.622221946716309,6.133333206176758,6.488887786865234,3.9506888389587402,66763350.0
2017-06-29,ASIAN.BK,6.444444179534912,6.533332824707031,6.17777681350708,6.311110973358154,3.842451810836792,34596450.0
2017-06-30,ASIAN.BK,6.311110973358154,6.355555057525635,5.866665840148926,6.133333206176758,3.73421311378479,32119650.0
2017-07-03,ASIAN.BK,6.17777681350708,6.266665935516357,6.0,6.088888168334961,3.707153081893921,17594775.0
2017-07-04,ASIAN.BK,6.133333206176758,6.488887786865234,6.088888168334961,6.444444179534912,3.923630714416504,64081125.0
2017-07-05,ASIAN.BK,6.444444179534912,6.488887786865234,6.311110973358154,6.355555057525635,3.8695106506347656,14836950.0
2017-07-06,ASIAN.BK,6.355555057525635,6.488887786865234,5.911110877990723,5.955554962158203,3.6259748935699463,37656000.0
2017-07-07,ASIAN.BK,5.955554962158203,6.0,5.866665840148926,5.911110877990723,3.5989153385162354,12244500.0
2017-07-11,ASIAN.BK,5.955554962158203,6.0444440841674805,5.733333110809326,6.0,3.6530346870422363,17695125.0
2017-07-12,ASIAN.BK,6.0,6.088888168334961,5.911110877990723,6.0,3.6530346870422363,15647625.0
2017-07-13,ASIAN.BK,6.0444440841674805,6.088888168334961,5.777777194976807,5.777777194976807,3.5177369117736816,11193300.0
2017-07-14,ASIAN.BK,5.777777194976807,5.911110877990723,5.733333110809326,5.777777194976807,3.5177369117736816,13474575.0
2017-07-17,ASIAN.BK,5.866665840148926,6.222221851348877,5.8222222328186035,6.17777681350708,3.7612717151641846,32208525.0
2017-07-18,ASIAN.BK,6.133333206176758,6.311110973358154,6.088888168334961,6.088888168334961,3.707153081893921,32495175.0
2017-07-19,ASIAN.BK,6.133333206176758,6.17777681350708,5.911110877990723,6.0,3.6530346870422363,13886550.0
2017-07-20,ASIAN.BK,6.0444440841674805,6.0444440841674805,5.911110877990723,5.955554962158203,3.6259748935699463,7138800.0
2017-07-21,ASIAN.BK,5.955554962158203,6.088888168334961,5.288887977600098,5.3333330154418945,3.2471413612365723,38005200.0
2017-07-24,ASIAN.BK,5.244443893432617,5.377777099609375,5.02222204208374,5.15555477142334,3.1389031410217285,18765900.0
2017-07-25,ASIAN.BK,5.111111164093018,5.377777099609375,5.111111164093018,5.288887977600098,3.2200815677642822,14677425.0
2017-07-26,ASIAN.BK,5.377777099609375,5.466666221618652,5.3333330154418945,5.3333330154418945,3.2471413612365723,7869600.0
2017-07-27,ASIAN.BK,5.377777099609375,5.422222137451172,5.111111164093018,5.15555477142334,3.1389031410217285,6874875.0
2017-07-31,ASIAN.BK,5.15555477142334,5.15555477142334,5.02222204208374,5.02222204208374,3.057725667953491,3853575.0
2017-08-01,ASIAN.BK,5.066666126251221,5.244443893432617,5.02222204208374,5.199999809265137,3.1659626960754395,9731475.0
2017-08-02,ASIAN.BK,5.244443893432617,5.244443893432617,5.066666126251221,5.111111164093018,3.1118438243865967,5136525.0
2017-08-03,ASIAN.BK,5.15555477142334,5.511110782623291,5.111111164093018,5.466666221618652,3.328320264816284,27544500.0
2017-08-04,ASIAN.BK,5.466666221618652,6.088888168334961,5.422222137451172,5.911110877990723,3.5989153385162354,40229550.0
2017-08-07,ASIAN.BK,6.0,6.088888168334961,5.777777194976807,5.8222222328186035,3.5447964668273926,17840700.0
2017-08-08,ASIAN.BK,5.8222222328186035,5.8222222328186035,5.688888072967529,5.8222222328186035,3.5447964668273926,6655050.0
2017-08-09,ASIAN.BK,5.911110877990723,6.355555057525635,5.911110877990723,6.222221851348877,3.788332223892212,44775675.0
2017-08-10,ASIAN.BK,6.222221851348877,6.400000095367432,6.088888168334961,6.266665935516357,3.8153908252716064,28954125.0
2017-08-11,ASIAN.BK,6.311110973358154,6.355555057525635,6.0,6.088888168334961,3.707153081893921,26023050.0
2017-08-15,ASIAN.BK,6.17777681350708,6.355555057525635,6.088888168334961,6.266665935516357,3.8153908252716064,22660650.0
2017-08-16,ASIAN.BK,6.222221851348877,6.266665935516357,6.133333206176758,6.222221851348877,3.788332223892212,6435450.0
2017-08-17,ASIAN.BK,6.266665935516357,6.755555152893066,6.222221851348877,6.577776908874512,4.004807949066162,59003775.0
2017-08-18,ASIAN.BK,6.533332824707031,6.622221946716309,6.488887786865234,6.577776908874512,4.004807949066162,9639675.0
2017-08-21,ASIAN.BK,6.622221946716309,6.888887882232666,6.622221946716309,6.711111068725586,4.085987091064453,34968825.0
2017-08-22,ASIAN.BK,6.711111068725586,6.755555152893066,6.622221946716309,6.755555152893066,4.113046646118164,8936550.0
2017-08-23,ASIAN.BK,6.800000190734863,6.800000190734863,6.488887786865234,6.533332824707031,3.9777486324310303,14198625.0
2017-08-24,ASIAN.BK,6.577776908874512,6.711111068725586,6.488887786865234,6.488887786865234,3.9506888389587402,18362925.0
2017-08-25,ASIAN.BK,6.533332824707031,6.666666030883789,6.222221851348877,6.311110973358154,3.842451810836792,37755900.0
2017-08-28,ASIAN.BK,6.17777681350708,6.17777681350708,6.17777681350708,6.17777681350708,3.7612717151641846,1286550.0
2017-08-29,ASIAN.BK,6.17777681350708,6.355555057525635,6.17777681350708,6.266665935516357,3.8153908252716064,13406625.0
2017-08-30,ASIAN.BK,6.355555057525635,6.355555057525635,6.17777681350708,6.222221851348877,3.788332223892212,7406550.0
2017-08-31,ASIAN.BK,6.222221851348877,6.266665935516357,6.17777681350708,6.266665935516357,3.8153908252716064,5443875.0
2017-09-01,ASIAN.BK,6.311110973358154,6.755555152893066,6.311110973358154,6.622221946716309,4.031867504119873,37449900.0
2017-09-04,ASIAN.BK,6.622221946716309,6.666666030883789,6.444444179534912,6.622221946716309,4.031867504119873,16537275.0
2017-09-05,ASIAN.BK,6.755555152893066,8.577776908874512,6.711111068725586,8.488887786865234,5.1683669090271,346701375.0
2017-09-06,ASIAN.BK,8.888888359069824,9.15555477142334,8.088888168334961,8.266666412353516,5.0330705642700195,116182800.0
2017-09-07,ASIAN.BK,8.355554580688477,8.488887786865234,8.177777290344238,8.222222328186035,5.00601053237915,46410300.0
2017-09-08,ASIAN.BK,8.311111450195312,9.333333015441895,8.222222328186035,8.666666030883789,5.276604175567627,210606075.0
2017-09-11,ASIAN.BK,8.711111068725586,8.800000190734863,8.355554580688477,8.488887786865234,5.1683669090271,34057800.0
2017-09-12,ASIAN.BK,8.577776908874512,9.51111125946045,8.577776908874512,9.51111125946045,5.790735721588135,102399300.0
2017-09-13,ASIAN.BK,9.51111125946045,9.866665840148926,8.933333396911621,9.066665649414062,5.520141124725342,93927825.0
2017-09-14,ASIAN.BK,9.15555477142334,9.377777099609375,8.933333396911621,9.066665649414062,5.520141124725342,57771900.0
2017-09-15,ASIAN.BK,9.11111068725586,9.11111068725586,8.666666030883789,8.888888359069824,5.4119038581848145,23586525.0
2017-09-18,ASIAN.BK,8.977776527404785,9.288887977600098,8.933333396911621,9.288887977600098,5.655438423156738,41154975.0
2017-09-19,ASIAN.BK,9.244443893432617,9.51111125946045,9.11111068725586,9.15555477142334,5.574259281158447,51610050.0
2017-09-20,ASIAN.BK,9.066665649414062,9.333333015441895,9.066665649414062,9.199999809265137,5.601320266723633,30567600.0
2017-09-21,ASIAN.BK,9.288887977600098,9.55555534362793,9.11111068725586,9.199999809265137,5.601320266723633,49963500.0
2017-09-22,ASIAN.BK,9.244443893432617,9.333333015441895,9.022221565246582,9.066665649414062,5.520141124725342,26183475.0
2017-09-25,ASIAN.BK,9.11111068725586,9.15555477142334,8.888888359069824,8.977776527404785,5.46602201461792,15534000.0
2017-09-26,ASIAN.BK,9.022221565246582,9.377777099609375,8.888888359069824,8.888888359069824,5.4119038581848145,58076100.0
2017-09-27,ASIAN.BK,8.933333396911621,9.066665649414062,8.755555152893066,8.800000190734863,5.357784748077393,20424825.0
2017-09-28,ASIAN.BK,9.333333015441895,11.266666412353516,9.266666412353516,10.866665840148926,6.6348161697387695,105965100.0
2017-09-29,ASIAN.BK,10.933333396911621,11.0,10.533332824707031,10.600000381469727,6.4720001220703125,15726000.0
2017-10-02,ASIAN.BK,10.666666030883789,10.666666030883789,9.666666030883789,9.800000190734863,5.983546733856201,21328350.0
2017-10-03,ASIAN.BK,9.733332633972168,10.199999809265137,9.733332633972168,9.800000190734863,5.983546733856201,15826650.0
2017-10-04,ASIAN.BK,9.866665840148926,10.066665649414062,9.666666030883789,9.666666030883789,5.9021382331848145,10940250.0
2017-10-05,ASIAN.BK,9.733332633972168,9.800000190734863,9.399999618530273,9.399999618530273,5.739320278167725,8060400.0
2017-10-06,ASIAN.BK,9.466666221618652,9.666666030883789,9.399999618530273,9.466666221618652,5.780023574829102,8844150.0
2017-10-09,ASIAN.BK,9.533332824707031,10.0,9.466666221618652,9.866665840148926,6.024251937866211,24494250.0
2017-10-10,ASIAN.BK,9.866665840148926,10.0,9.533332824707031,9.533332824707031,5.820728302001953,13011450.0
2017-10-11,ASIAN.BK,9.600000381469727,9.733332633972168,9.399999618530273,9.533332824707031,5.820728302001953,7653900.0
2017-10-12,ASIAN.BK,9.533332824707031,9.666666030883789,9.333333015441895,9.466666221618652,5.780023574829102,4361700.0
2017-10-16,ASIAN.BK,9.266666412353516,9.266666412353516,9.266666412353516,9.266666412353516,5.657912254333496,1109700.0
2017-10-17,ASIAN.BK,9.333333015441895,9.600000381469727,9.133333206176758,9.266666412353516,5.657912254333496,6888000.0
2017-10-18,ASIAN.BK,9.333333015441895,9.333333015441895,9.0,9.0,5.495094299316406,4784250.0
2017-10-19,ASIAN.BK,9.066665649414062,9.133333206176758,8.333333015441895,8.666666030883789,5.291571140289307,6680550.0
2017-10-20,ASIAN.BK,8.666666030883789,9.266666412353516,8.533332824707031,9.0,5.495094299316406,8992800.0
2017-10-24,ASIAN.BK,9.0,9.199999809265137,8.933333396911621,9.133333206176758,5.576502799987793,3806100.0
2017-10-25,ASIAN.BK,9.133333206176758,9.800000190734863,9.133333206176758,9.666666030883789,5.9021382331848145,25369500.0
2017-10-27,ASIAN.BK,9.600000381469727,9.666666030883789,9.399999618530273,9.466666221618652,5.780023574829102,16808100.0
2017-10-30,ASIAN.BK,9.533332824707031,9.600000381469727,9.066665649414062,9.133333206176758,5.576502799987793,14190300.0
2017-10-31,ASIAN.BK,9.133333206176758,9.199999809265137,8.933333396911621,9.0,5.495094299316406,7579500.0
2017-11-01,ASIAN.BK,9.0,9.399999618530273,9.0,9.266666412353516,5.657912254333496,17296050.0
2017-11-02,ASIAN.BK,9.266666412353516,9.266666412353516,9.0,9.066665649414062,5.535798072814941,5188500.0
2017-11-03,ASIAN.BK,9.066665649414062,9.133333206176758,8.399999618530273,8.533332824707031,5.210162162780762,10266900.0
2017-11-06,ASIAN.BK,8.666666030883789,8.866665840148926,8.533332824707031,8.666666030883789,5.291571140289307,10428300.0
2017-11-07,ASIAN.BK,8.733332633972168,8.733332633972168,8.333333015441895,8.399999618530273,5.128754138946533,7680450.0
2017-11-08,ASIAN.BK,8.466666221618652,8.533332824707031,7.800000190734863,7.933332920074463,4.843822956085205,17000700.0
2017-11-09,ASIAN.BK,8.0,8.199999809265137,7.800000190734863,7.800000190734863,4.762414932250977,8431950.0
2017-11-10,ASIAN.BK,7.733333110809326,8.0,7.599999904632568,7.733333110809326,4.721709728240967,7980150.0
2017-11-13,ASIAN.BK,7.733333110809326,8.066665649414062,7.599999904632568,7.866665840148926,4.803118705749512,9721950.0
2017-11-14,ASIAN.BK,7.866665840148926,8.0,7.866665840148926,8.0,4.884528160095215,5369850.0
2017-11-15,ASIAN.BK,8.800000190734863,9.399999618530273,8.733332633972168,8.866665840148926,5.413684368133545,81586950.0
2017-11-16,ASIAN.BK,9.066665649414062,9.066665649414062,8.399999618530273,8.466666221618652,5.169458866119385,24857250.0
2017-11-17,ASIAN.BK,8.466666221618652,8.533332824707031,8.133333206176758,8.266666412353516,5.0473456382751465,12844500.0
2017-11-20,ASIAN.BK,8.199999809265137,8.466666221618652,8.066665649414062,8.199999809265137,5.006640911102295,10354950.0
2017-11-21,ASIAN.BK,8.266666412353516,8.266666412353516,8.266666412353516,8.266666412353516,5.0473456382751465,10012650.0
2017-11-22,ASIAN.BK,8.333333015441895,8.600000381469727,8.133333206176758,8.199999809265137,5.006640911102295,17220450.0
2017-11-23,ASIAN.BK,8.266666412353516,8.266666412353516,7.866665840148926,7.866665840148926,4.803118705749512,8419650.0
2017-11-24,ASIAN.BK,7.866665840148926,7.866665840148926,7.466666221618652,7.599999904632568,4.640301704406738,6065400.0
2017-11-27,ASIAN.BK,7.599999904632568,7.733333110809326,7.199999809265137,7.266665935516357,4.436778545379639,8652450.0
2017-11-28,ASIAN.BK,7.3333330154418945,7.933332920074463,7.3333330154418945,7.866665840148926,4.803118705749512,12824850.0
2017-11-29,ASIAN.BK,7.866665840148926,8.0,7.666666030883789,7.666666030883789,4.681005954742432,9380100.0
2017-11-30,ASIAN.BK,7.666666030883789,7.733333110809326,7.3333330154418945,7.400000095367432,4.518187999725342,5268300.0
2017-12-01,ASIAN.BK,7.466666221618652,7.666666030883789,7.133333206176758,7.3333330154418945,4.477482795715332,8867400.0
2017-12-04,ASIAN.BK,7.400000095367432,7.400000095367432,7.066666126251221,7.066666126251221,4.314665794372559,4439250.0
2017-12-06,ASIAN.BK,7.133333206176758,7.133333206176758,6.633333206176758,6.666666030883789,4.07043981552124,9504900.0
2017-12-07,ASIAN.BK,6.733333110809326,7.066666126251221,6.666666030883789,7.0,4.273962497711182,10855200.0
2017-12-08,ASIAN.BK,7.066666126251221,7.066666126251221,6.800000190734863,6.800000190734863,4.151848793029785,3505500.0
2017-12-12,ASIAN.BK,6.800000190734863,6.800000190734863,6.233333110809326,6.266665935516357,3.8262126445770264,9669900.0
2017-12-13,ASIAN.BK,6.3333330154418945,6.666666030883789,6.266665935516357,6.466666221618652,3.948326349258423,22467150.0
2017-12-14,ASIAN.BK,6.466666221618652,6.599999904632568,6.433332920074463,6.433332920074463,3.927973508834839,14629650.0
2017-12-15,ASIAN.BK,6.433332920074463,6.566666126251221,6.3333330154418945,6.400000095367432,3.907623052597046,10117200.0
2017-12-18,ASIAN.BK,6.433332920074463,6.800000190734863,6.433332920074463,6.633333206176758,4.050087928771973,16011150.0
2017-12-19,ASIAN.BK,6.666666030883789,6.733333110809326,6.5,6.533332824707031,3.9890310764312744,7615350.0
2017-12-20,ASIAN.BK,6.566666126251221,6.599999904632568,6.533332824707031,6.566666126251221,4.009383201599121,2864250.0
2017-12-21,ASIAN.BK,6.566666126251221,6.599999904632568,6.433332920074463,6.433332920074463,3.927973508834839,4386300.0
2017-12-22,ASIAN.BK,6.433332920074463,6.5,6.366665840148926,6.433332920074463,3.927973508834839,2227350.0
2017-12-25,ASIAN.BK,6.433332920074463,6.5,6.300000190734863,6.433332920074463,3.927973508834839,4645350.0
2017-12-26,ASIAN.BK,6.433332920074463,6.433332920074463,6.300000190734863,6.400000095367432,3.907623052597046,4232550.0
2017-12-27,ASIAN.BK,6.400000095367432,6.599999904632568,6.366665840148926,6.466666221618652,3.948326349258423,9860700.0
2017-12-28,ASIAN.BK,6.466666221618652,6.466666221618652,6.3333330154418945,6.3333330154418945,3.866917371749878,4927050.0
2017-12-29,ASIAN.BK,6.400000095367432,6.5,6.266665935516357,6.400000095367432,3.907623052597046,9431850.0
2018-01-03,ASIAN.BK,6.433332920074463,6.733333110809326,6.433332920074463,6.666666030883789,4.07043981552124,19179150.0
2018-01-04,ASIAN.BK,6.733333110809326,8.133333206176758,6.666666030883789,7.733333110809326,4.721709728240967,160272900.0
2018-01-05,ASIAN.BK,7.733333110809326,7.866665840148926,7.533332824707031,7.800000190734863,4.762414932250977,51435600.0
2018-01-08,ASIAN.BK,7.866665840148926,7.933332920074463,7.266665935516357,7.3333330154418945,4.477482795715332,39890100.0
2018-01-09,ASIAN.BK,7.466666221618652,7.466666221618652,7.466666221618652,7.466666221618652,4.558892250061035,3481200.0
2018-01-10,ASIAN.BK,7.466666221618652,7.733333110809326,7.466666221618652,7.533332824707031,4.599596977233887,23602950.0
2018-01-11,ASIAN.BK,7.599999904632568,7.866665840148926,7.533332824707031,7.599999904632568,4.640301704406738,36533250.0
2018-01-12,ASIAN.BK,7.666666030883789,7.733333110809326,7.3333330154418945,7.400000095367432,4.518187999725342,19046550.0
2018-01-15,ASIAN.BK,7.466666221618652,7.466666221618652,7.199999809265137,7.199999809265137,4.3960747718811035,11870250.0
2018-01-16,ASIAN.BK,7.199999809265137,7.466666221618652,7.199999809265137,7.266665935516357,4.436778545379639,14176200.0
2018-01-17,ASIAN.BK,7.266665935516357,7.599999904632568,7.199999809265137,7.533332824707031,4.599596977233887,29225700.0
2018-01-18,ASIAN.BK,7.599999904632568,7.733333110809326,7.400000095367432,7.466666221618652,4.558892250061035,27605550.0
2018-01-19,ASIAN.BK,7.400000095367432,7.533332824707031,7.3333330154418945,7.466666221618652,4.558892250061035,12443250.0
2018-01-22,ASIAN.BK,7.533332824707031,7.599999904632568,7.400000095367432,7.400000095367432,4.518187999725342,9000000.0
2018-01-23,ASIAN.BK,7.400000095367432,7.466666221618652,7.199999809265137,7.266665935516357,4.436778545379639,11777850.0
2018-01-24,ASIAN.BK,7.266665935516357,7.400000095367432,6.800000190734863,6.866665840148926,4.192552089691162,27087600.0
2018-01-25,ASIAN.BK,6.933332920074463,7.0,6.733333110809326,6.733333110809326,4.111144065856934,6556050.0
2018-01-26,ASIAN.BK,6.733333110809326,6.800000190734863,6.599999904632568,6.800000190734863,4.151848793029785,11342400.0
2018-01-29,ASIAN.BK,6.800000190734863,6.866665840148926,6.733333110809326,6.733333110809326,4.111144065856934,1887300.0
2018-01-30,ASIAN.BK,6.800000190734863,7.066666126251221,6.733333110809326,6.933332920074463,4.233258247375488,11143200.0
2018-01-31,ASIAN.BK,6.866665840148926,6.933332920074463,6.800000190734863,6.800000190734863,4.151848793029785,2740950.0
2018-02-01,ASIAN.BK,6.800000190734863,6.866665840148926,6.733333110809326,6.733333110809326,4.111144065856934,3809850.0
2018-02-02,ASIAN.BK,6.733333110809326,6.866665840148926,6.666666030883789,6.666666030883789,4.07043981552124,3198900.0
2018-02-05,ASIAN.BK,6.599999904632568,6.933332920074463,6.599999904632568,6.800000190734863,4.151848793029785,8011200.0
2018-02-06,ASIAN.BK,6.599999904632568,6.733333110809326,6.533332824707031,6.666666030883789,4.07043981552124,6541500.0
2018-02-07,ASIAN.BK,6.733333110809326,6.800000190734863,6.533332824707031,6.533332824707031,3.9890310764312744,5421300.0
2018-02-08,ASIAN.BK,6.599999904632568,6.733333110809326,6.566666126251221,6.599999904632568,4.029735565185547,9306000.0
2018-02-09,ASIAN.BK,6.5,6.599999904632568,6.5,6.566666126251221,4.009383201599121,3868950.0
2018-02-12,ASIAN.BK,6.599999904632568,6.866665840148926,6.566666126251221,6.733333110809326,4.111144065856934,11082150.0
2018-02-13,ASIAN.BK,6.800000190734863,6.866665840148926,6.666666030883789,6.666666030883789,4.07043981552124,6854100.0
2018-02-14,ASIAN.BK,6.733333110809326,6.733333110809326,6.433332920074463,6.466666221618652,3.948326349258423,9236700.0
2018-02-15,ASIAN.BK,6.5,6.566666126251221,6.3333330154418945,6.3333330154418945,3.866917371749878,6202950.0
2018-02-16,ASIAN.BK,6.400000095367432,6.566666126251221,6.366665840148926,6.433332920074463,3.927973508834839,7542900.0
2018-02-19,ASIAN.BK,6.466666221618652,6.533332824707031,6.366665840148926,6.400000095367432,3.907623052597046,4359900.0
2018-02-20,ASIAN.BK,6.433332920074463,6.633333206176758,6.400000095367432,6.433332920074463,3.927973508834839,13554900.0
2018-02-21,ASIAN.BK,6.466666221618652,6.733333110809326,6.433332920074463,6.733333110809326,4.111144065856934,15068250.0
2018-02-22,ASIAN.BK,6.666666030883789,6.800000190734863,6.199999809265137,6.199999809265137,3.7855093479156494,18394500.0
2018-02-23,ASIAN.BK,6.266665935516357,6.366665840148926,6.199999809265137,6.3333330154418945,3.866917371749878,8819100.0
2018-02-26,ASIAN.BK,6.366665840148926,6.433332920074463,6.266665935516357,6.266665935516357,3.8262126445770264,7368150.0
2018-02-27,ASIAN.BK,6.300000190734863,6.3333330154418945,6.0,6.033332824707031,3.6837480068206787,8369700.0
2018-02-28,ASIAN.BK,6.033332824707031,6.266665935516357,6.033332824707031,6.066666126251221,3.704099655151367,10845150.0
2018-03-02,ASIAN.BK,6.033332824707031,6.033332824707031,5.766665935516357,5.766665935516357,3.5209298133850098,8682150.0
2018-03-05,ASIAN.BK,5.766665935516357,5.800000190734863,5.466666221618652,5.566666126251221,3.3988170623779297,7245150.0
2018-03-06,ASIAN.BK,5.5,5.5,5.5,5.5,3.3581125736236572,508200.0
2018-03-07,ASIAN.BK,5.533332824707031,5.533332824707031,5.3333330154418945,5.3333330154418945,3.2563512325286865,4543650.0
2018-03-08,ASIAN.BK,5.400000095367432,5.400000095367432,5.166666030883789,5.166666030883789,3.154590606689453,5835600.0
2018-03-09,ASIAN.BK,5.166666030883789,5.233333110809326,4.900000095367432,4.933332920074463,3.0121259689331055,6161550.0
2018-03-12,ASIAN.BK,5.0,5.033332824707031,4.800000190734863,4.900000095367432,2.9917733669281006,4202100.0
2018-03-13,ASIAN.BK,4.900000095367432,5.466666221618652,4.900000095367432,5.433332920074463,3.3174080848693848,21578850.0
2018-03-14,ASIAN.BK,5.3333330154418945,5.766665935516357,5.233333110809326,5.366665840148926,3.2767035961151123,49945350.0
2018-03-15,ASIAN.BK,5.366665840148926,5.466666221618652,5.266665935516357,5.266665935516357,3.215646743774414,11186250.0
2018-03-16,ASIAN.BK,5.300000190734863,5.400000095367432,5.266665935516357,5.300000190734863,3.2360000610351562,9455100.0
2018-03-19,ASIAN.BK,5.300000190734863,5.3333330154418945,5.066666126251221,5.066666126251221,3.093534231185913,5352900.0
2018-03-20,ASIAN.BK,4.900000095367432,5.0,4.866665840148926,4.933332920074463,3.0121259689331055,7196250.0
2018-03-21,ASIAN.BK,5.0,5.166666030883789,4.966666221618652,5.033332824707031,3.073181629180908,7653450.0
2018-03-22,ASIAN.BK,5.066666126251221,5.133333206176758,4.966666221618652,4.966666221618652,3.032477378845215,3073050.0
2018-03-23,ASIAN.BK,4.933332920074463,4.966666221618652,4.900000095367432,4.933332920074463,3.0121259689331055,1635000.0
2018-03-26,ASIAN.BK,4.933332920074463,5.066666126251221,4.933332920074463,5.033332824707031,3.073181629180908,1970550.0
2018-03-27,ASIAN.BK,5.066666126251221,5.066666126251221,4.933332920074463,5.0,3.0528297424316406,1836450.0
2018-03-28,ASIAN.BK,5.0,5.0,4.900000095367432,4.900000095367432,2.9917733669281006,1785300.0
2018-03-29,ASIAN.BK,4.933332920074463,5.0,4.699999809265137,4.733333110809326,2.890011787414551,4304550.0
2018-03-30,ASIAN.BK,4.766665935516357,4.8333330154418945,4.699999809265137,4.800000190734863,2.9307165145874023,2302800.0
2018-04-02,ASIAN.BK,4.800000190734863,4.866665840148926,4.766665935516357,4.800000190734863,2.9307165145874023,1285650.0
2018-04-03,ASIAN.BK,4.800000190734863,4.900000095367432,4.766665935516357,4.800000190734863,2.9307165145874023,2402400.0
2018-04-04,ASIAN.BK,4.8333330154418945,4.8333330154418945,4.466666221618652,4.466666221618652,2.727194309234619,5101200.0
2018-04-05,ASIAN.BK,4.566666126251221,4.599999904632568,4.466666221618652,4.533332824707031,2.7678990364074707,1664550.0
2018-04-09,ASIAN.BK,4.5,4.566666126251221,4.466666221618652,4.466666221618652,2.727194309234619,984600.0
2018-04-10,ASIAN.BK,4.5,4.566666126251221,4.433332920074463,4.533332824707031,2.7678990364074707,1715100.0
2018-04-11,ASIAN.BK,4.566666126251221,4.733333110809326,4.533332824707031,4.599999904632568,2.8086037635803223,5374350.0
2018-04-12,ASIAN.BK,4.633333206176758,4.633333206176758,4.533332824707031,4.533332824707031,2.7678990364074707,2566200.0
2018-04-17,ASIAN.BK,4.533332824707031,4.733333110809326,4.533332824707031,4.699999809265137,2.8696601390838623,6910800.0
2018-04-18,ASIAN.BK,4.766665935516357,4.933332920074463,4.733333110809326,4.800000190734863,2.9307165145874023,17487900.0
2018-04-19,ASIAN.BK,4.8333330154418945,4.866665840148926,4.699999809265137,4.699999809265137,2.8696601390838623,10290450.0
2018-04-20,ASIAN.BK,4.699999809265137,4.800000190734863,4.699999809265137,4.733333110809326,2.890011787414551,2918850.0
2018-04-23,ASIAN.BK,4.733333110809326,4.900000095367432,4.699999809265137,4.8333330154418945,2.9510691165924072,7022100.0
2018-04-24,ASIAN.BK,4.866665840148926,4.900000095367432,4.733333110809326,4.733333110809326,2.890011787414551,6436800.0
2018-04-25,ASIAN.BK,4.733333110809326,4.800000190734863,4.699999809265137,4.733333110809326,2.890011787414551,2191200.0
2018-04-26,ASIAN.BK,4.733333110809326,4.766665935516357,4.666666030883789,4.699999809265137,2.8696601390838623,1458900.0
2018-04-27,ASIAN.BK,4.733333110809326,4.766665935516357,4.699999809265137,4.699999809265137,2.8696601390838623,1200450.0
2018-04-30,ASIAN.BK,4.733333110809326,4.800000190734863,4.699999809265137,4.733333110809326,2.890011787414551,2132400.0
2018-05-02,ASIAN.BK,4.733333110809326,4.866665840148926,4.699999809265137,4.800000190734863,2.9307165145874023,8002650.0
2018-05-03,ASIAN.BK,4.800000190734863,4.866665840148926,4.766665935516357,4.766665935516357,2.9103639125823975,5139150.0
2018-05-04,ASIAN.BK,4.666666030883789,4.666666030883789,4.599999904632568,4.599999904632568,2.9103643894195557,2867100.0
2018-05-07,ASIAN.BK,4.666666030883789,4.666666030883789,4.599999904632568,4.599999904632568,2.9103643894195557,1402050.0
2018-05-08,ASIAN.BK,4.633333206176758,4.633333206176758,4.533332824707031,4.566666126251221,2.889275074005127,1638300.0
2018-05-09,ASIAN.BK,4.3333330154418945,4.366665840148926,4.133333206176758,4.133333206176758,2.615110397338867,10107750.0
2018-05-10,ASIAN.BK,4.133333206176758,4.166666030883789,3.7666659355163574,3.866666078567505,2.4463932514190674,11706000.0
2018-05-11,ASIAN.BK,3.866666078567505,3.9666659832000732,3.7666659355163574,3.799999952316284,2.4042139053344727,2786850.0
2018-05-14,ASIAN.BK,3.8333330154418945,3.9000000953674316,3.8333330154418945,3.866666078567505,2.4463932514190674,1319550.0
2018-05-15,ASIAN.BK,3.866666078567505,3.933332920074463,3.799999952316284,3.8333330154418945,2.4253034591674805,2115150.0
2018-05-16,ASIAN.BK,3.866666078567505,3.9000000953674316,3.666666030883789,3.666666030883789,2.319855213165283,5684700.0
2018-05-17,ASIAN.BK,3.666666030883789,3.666666030883789,3.5666658878326416,3.6333329677581787,2.2987658977508545,1628550.0
2018-05-18,ASIAN.BK,3.666666030883789,3.700000047683716,3.5999999046325684,3.700000047683716,2.3409457206726074,1785300.0
2018-05-21,ASIAN.BK,3.7666659355163574,4.066666126251221,3.7666659355163574,4.033332824707031,2.5518410205841064,12827850.0
2018-05-22,ASIAN.BK,4.0,4.033332824707031,3.9000000953674316,3.9666659832000732,2.5096616744995117,4192200.0
2018-05-23,ASIAN.BK,3.9666659832000732,4.099999904632568,3.933332920074463,3.9666659832000732,2.5096616744995117,5201400.0
2018-05-24,ASIAN.BK,4.0,4.033332824707031,3.7666659355163574,3.7666659355163574,2.3831241130828857,7120350.0
2018-05-25,ASIAN.BK,3.7666659355163574,3.8333330154418945,3.700000047683716,3.700000047683716,2.3409457206726074,3225600.0
2018-05-28,ASIAN.BK,3.733333110809326,3.7666659355163574,3.666666030883789,3.700000047683716,2.3409457206726074,1641300.0
2018-05-30,ASIAN.BK,3.666666030883789,3.7666659355163574,3.6333329677581787,3.7666659355163574,2.3831241130828857,2020500.0
2018-05-31,ASIAN.BK,3.733333110809326,3.7666659355163574,3.700000047683716,3.700000047683716,2.3409457206726074,1096050.0
2018-06-01,ASIAN.BK,3.700000047683716,3.733333110809326,3.6333329677581787,3.6333329677581787,2.2987658977508545,1008600.0
2018-06-04,ASIAN.BK,3.666666030883789,3.700000047683716,3.5999999046325684,3.5999999046325684,2.277677059173584,1308600.0
2018-06-05,ASIAN.BK,3.5999999046325684,3.666666030883789,3.5999999046325684,3.666666030883789,2.319855213165283,902100.0
2018-06-06,ASIAN.BK,3.6333329677581787,3.8333330154418945,3.6333329677581787,3.7666659355163574,2.3831241130828857,3271950.0
2018-06-07,ASIAN.BK,3.799999952316284,3.9000000953674316,3.7666659355163574,3.7666659355163574,2.3831241130828857,2713950.0
2018-06-08,ASIAN.BK,3.799999952316284,3.799999952316284,3.7666659355163574,3.7666659355163574,2.3831241130828857,339750.0
2018-06-11,ASIAN.BK,3.8333330154418945,3.8333330154418945,3.700000047683716,3.733333110809326,2.362034797668457,503850.0
2018-06-12,ASIAN.BK,3.733333110809326,3.7666659355163574,3.733333110809326,3.733333110809326,2.362034797668457,502800.0
2018-06-13,ASIAN.BK,3.7666659355163574,3.7666659355163574,3.700000047683716,3.700000047683716,2.3409457206726074,620100.0
2018-06-14,ASIAN.BK,3.700000047683716,3.7666659355163574,3.6333329677581787,3.666666030883789,2.319855213165283,1163550.0
2018-06-15,ASIAN.BK,3.666666030883789,3.700000047683716,3.5999999046325684,3.700000047683716,2.3409457206726074,895650.0
2018-06-18,ASIAN.BK,3.700000047683716,3.700000047683716,3.6333329677581787,3.700000047683716,2.3409457206726074,1184400.0
2018-06-19,ASIAN.BK,3.666666030883789,3.666666030883789,3.5666658878326416,3.6333329677581787,2.2987658977508545,1642200.0
2018-06-20,ASIAN.BK,3.6333329677581787,3.7666659355163574,3.5666658878326416,3.700000047683716,2.3409457206726074,1295850.0
2018-06-21,ASIAN.BK,3.700000047683716,3.733333110809326,3.6333329677581787,3.6333329677581787,2.2987658977508545,972300.0
2018-06-22,ASIAN.BK,3.666666030883789,3.666666030883789,3.5999999046325684,3.5999999046325684,2.277677059173584,554250.0
2018-06-25,ASIAN.BK,3.6333329677581787,3.6333329677581787,3.5,3.5,2.2144083976745605,893400.0
2018-06-26,ASIAN.BK,3.5,3.933332920074463,3.3333330154418945,3.733333110809326,2.362034797668457,16460100.0
2018-06-27,ASIAN.BK,3.799999952316284,3.799999952316284,3.5333330631256104,3.5333330631256104,2.235497236251831,4562400.0
2018-06-28,ASIAN.BK,3.5666658878326416,3.5666658878326416,3.3333330154418945,3.3333330154418945,2.1089601516723633,2763750.0
2018-06-29,ASIAN.BK,3.366666078567505,3.4000000953674316,3.240000009536743,3.3333330154418945,2.1089601516723633,3481500.0
2018-07-02,ASIAN.BK,3.3333330154418945,3.366666078567505,3.293333053588867,3.319999933242798,2.1005241870880127,1871250.0
2018-07-03,ASIAN.BK,3.3333330154418945,3.4666659832000732,3.3333330154418945,3.4000000953674316,2.1511390209198,1291650.0
2018-07-04,ASIAN.BK,3.433332920074463,3.666666030883789,3.433332920074463,3.5333330631256104,2.235497236251831,6363000.0
2018-07-05,ASIAN.BK,3.5333330631256104,3.5666658878326416,3.366666078567505,3.4000000953674316,2.1511390209198,2291850.0
2018-07-06,ASIAN.BK,3.433332920074463,3.4666659832000732,3.366666078567505,3.433332920074463,2.1722283363342285,728700.0
2018-07-09,ASIAN.BK,3.5,3.5,3.366666078567505,3.366666078567505,2.130049228668213,681450.0
2018-07-10,ASIAN.BK,3.4000000953674316,3.4666659832000732,3.366666078567505,3.4000000953674316,2.1511390209198,1323600.0
2018-07-11,ASIAN.BK,3.4000000953674316,3.700000047683716,3.366666078567505,3.5999999046325684,2.277677059173584,11156850.0
2018-07-12,ASIAN.BK,3.5666658878326416,3.700000047683716,3.5666658878326416,3.5999999046325684,2.277677059173584,4786350.0
2018-07-13,ASIAN.BK,3.5999999046325684,3.666666030883789,3.5666658878326416,3.5666658878326416,2.2565865516662598,2261250.0
2018-07-16,ASIAN.BK,3.5666658878326416,3.5666658878326416,3.4666659832000732,3.5,2.2144083976745605,1212450.0
2018-07-17,ASIAN.BK,3.5,3.6333329677581787,3.433332920074463,3.5666658878326416,2.2565865516662598,1984050.0
2018-07-18,ASIAN.BK,3.5666658878326416,3.666666030883789,3.5666658878326416,3.5999999046325684,2.277677059173584,2666700.0
2018-07-19,ASIAN.BK,3.6333329677581787,3.8333330154418945,3.5666658878326416,3.7666659355163574,2.3831241130828857,13203450.0
2018-07-20,ASIAN.BK,3.733333110809326,4.866665840148926,3.733333110809326,4.866665840148926,3.0790812969207764,97420500.0
2018-07-23,ASIAN.BK,4.966666221618652,5.866665840148926,4.966666221618652,5.3333330154418945,3.3743350505828857,95104800.0
2018-07-24,ASIAN.BK,5.400000095367432,5.466666221618652,5.099999904632568,5.199999809265137,3.2899773120880127,34551750.0
2018-07-25,ASIAN.BK,5.199999809265137,5.466666221618652,5.133333206176758,5.466666221618652,3.4586942195892334,31790550.0
2018-07-26,ASIAN.BK,5.599999904632568,5.666666030883789,5.400000095367432,5.400000095367432,3.416515350341797,25892100.0
2018-07-31,ASIAN.BK,5.366665840148926,5.433332920074463,5.266665935516357,5.3333330154418945,3.3743350505828857,9958500.0
2018-08-01,ASIAN.BK,5.3333330154418945,5.400000095367432,5.233333110809326,5.300000190734863,3.3532469272613525,5980200.0
2018-08-02,ASIAN.BK,5.266665935516357,6.533332824707031,5.266665935516357,6.0,3.7961273193359375,212292000.0
2018-08-03,ASIAN.BK,6.166666030883789,6.266665935516357,5.900000095367432,5.900000095367432,3.7328593730926514,37097400.0
2018-08-06,ASIAN.BK,5.933332920074463,6.466666221618652,5.933332920074463,6.133333206176758,3.880486488342285,80562750.0
2018-08-07,ASIAN.BK,6.133333206176758,6.233333110809326,6.066666126251221,6.099999904632568,3.85939621925354,23825400.0
2018-08-08,ASIAN.BK,6.166666030883789,6.166666030883789,5.199999809265137,5.3333330154418945,3.3743350505828857,43516650.0
2018-08-09,ASIAN.BK,5.233333110809326,5.266665935516357,4.966666221618652,5.033332824707031,3.1845293045043945,20761200.0
2018-08-10,ASIAN.BK,5.099999904632568,5.366665840148926,5.066666126251221,5.166666030883789,3.268887519836426,24942150.0
2018-08-14,ASIAN.BK,5.099999904632568,5.133333206176758,5.0,5.066666126251221,3.205618381500244,4942350.0
2018-08-15,ASIAN.BK,5.066666126251221,5.300000190734863,5.066666126251221,5.133333206176758,3.247797966003418,11967750.0
2018-08-16,ASIAN.BK,5.133333206176758,5.533332824707031,5.099999904632568,5.5,3.4797840118408203,41379450.0
2018-08-17,ASIAN.BK,5.466666221618652,5.599999904632568,5.3333330154418945,5.366665840148926,3.3954243659973145,26778900.0
2018-08-20,ASIAN.BK,5.400000095367432,5.533332824707031,5.366665840148926,5.400000095367432,3.416515350341797,13697400.0
2018-08-21,ASIAN.BK,5.433332920074463,5.733333110809326,5.400000095367432,5.5,3.4797840118408203,32932350.0
2018-08-22,ASIAN.BK,5.533332824707031,5.599999904632568,5.366665840148926,5.466666221618652,3.4586942195892334,11468700.0
2018-08-23,ASIAN.BK,5.466666221618652,5.566666126251221,5.433332920074463,5.5,3.4797840118408203,6097800.0
2018-08-24,ASIAN.BK,5.5,5.566666126251221,5.433332920074463,5.466666221618652,3.4586942195892334,2744100.0
2018-08-27,ASIAN.BK,5.5,5.533332824707031,5.400000095367432,5.433332920074463,3.437605142593384,4070400.0
2018-08-28,ASIAN.BK,5.466666221618652,6.033332824707031,5.466666221618652,5.966666221618652,3.7750375270843506,69318000.0
2018-08-29,ASIAN.BK,5.933332920074463,6.0,5.800000190734863,5.900000095367432,3.7328593730926514,23349750.0
2018-08-30,ASIAN.BK,5.966666221618652,6.3333330154418945,5.733333110809326,5.766665935516357,3.648500442504883,87029100.0
2018-08-31,ASIAN.BK,5.766665935516357,5.900000095367432,5.733333110809326,5.800000190734863,3.669590473175049,20518500.0
2018-09-03,ASIAN.BK,5.8333330154418945,5.900000095367432,5.766665935516357,5.8333330154418945,3.6906795501708984,10493550.0
2018-09-04,ASIAN.BK,5.866665840148926,5.866665840148926,5.766665935516357,5.800000190734863,3.669590473175049,4664850.0
2018-09-05,ASIAN.BK,5.800000190734863,5.966666221618652,5.766665935516357,5.8333330154418945,3.6906795501708984,29454750.0
2018-09-06,ASIAN.BK,5.866665840148926,5.933332920074463,5.800000190734863,5.866665840148926,3.711768627166748,7735800.0
2018-09-07,ASIAN.BK,5.866665840148926,6.099999904632568,5.866665840148926,6.066666126251221,3.8383069038391113,36053850.0
2018-09-10,ASIAN.BK,6.166666030883789,6.199999809265137,6.066666126251221,6.199999809265137,3.922665596008301,20573550.0
2018-09-11,ASIAN.BK,6.233333110809326,6.266665935516357,5.900000095367432,5.900000095367432,3.7328593730926514,18862950.0
2018-09-12,ASIAN.BK,5.933332920074463,6.066666126251221,5.866665840148926,6.0,3.7961273193359375,15353850.0
2018-09-13,ASIAN.BK,6.033332824707031,6.066666126251221,5.966666221618652,6.066666126251221,3.8383069038391113,7338000.0
2018-09-14,ASIAN.BK,6.066666126251221,6.099999904632568,5.966666221618652,5.966666221618652,3.7750375270843506,7141500.0
2018-09-17,ASIAN.BK,5.933332920074463,6.166666030883789,5.933332920074463,6.066666126251221,3.8383069038391113,14229900.0
2018-09-18,ASIAN.BK,6.133333206176758,6.199999809265137,6.066666126251221,6.099999904632568,3.85939621925354,11699250.0
2018-09-19,ASIAN.BK,6.099999904632568,6.099999904632568,5.900000095367432,5.966666221618652,3.7750375270843506,8041050.0
2018-09-20,ASIAN.BK,6.0,6.133333206176758,5.966666221618652,6.033332824707031,3.817216634750366,13784400.0
2018-09-21,ASIAN.BK,6.033332824707031,6.066666126251221,5.933332920074463,5.933332920074463,3.7539491653442383,5964000.0
2018-09-24,ASIAN.BK,6.0,6.033332824707031,5.866665840148926,5.933332920074463,3.7539491653442383,3638700.0
2018-09-25,ASIAN.BK,5.933332920074463,5.966666221618652,5.866665840148926,5.866665840148926,3.711768627166748,2115600.0
2018-09-26,ASIAN.BK,5.900000095367432,6.033332824707031,5.8333330154418945,5.933332920074463,3.7539491653442383,7882650.0
2018-09-27,ASIAN.BK,5.966666221618652,6.0,5.933332920074463,5.966666221618652,3.7750375270843506,2911650.0
2018-09-28,ASIAN.BK,5.966666221618652,6.433332920074463,5.966666221618652,6.366665840148926,4.02811336517334,66383400.0
2018-10-01,ASIAN.BK,6.400000095367432,6.733333110809326,6.366665840148926,6.433332920074463,4.070291996002197,45037500.0
2018-10-02,ASIAN.BK,6.5,6.566666126251221,6.3333330154418945,6.366665840148926,4.02811336517334,15230100.0
2018-10-03,ASIAN.BK,6.400000095367432,6.433332920074463,6.133333206176758,6.166666030883789,3.901576042175293,10494150.0
2018-10-04,ASIAN.BK,6.133333206176758,6.266665935516357,6.066666126251221,6.066666126251221,3.8383069038391113,8011050.0
2018-10-05,ASIAN.BK,6.133333206176758,6.266665935516357,6.099999904632568,6.166666030883789,3.901576042175293,8779800.0
2018-10-08,ASIAN.BK,6.266665935516357,6.366665840148926,6.0,6.066666126251221,3.8383069038391113,9702300.0
2018-10-09,ASIAN.BK,6.066666126251221,6.166666030883789,6.033332824707031,6.099999904632568,3.85939621925354,3714300.0
2018-10-10,ASIAN.BK,6.099999904632568,6.199999809265137,6.066666126251221,6.099999904632568,3.85939621925354,4494900.0
2018-10-11,ASIAN.BK,6.0,6.0,5.666666030883789,5.866665840148926,3.711768627166748,14340150.0
2018-10-12,ASIAN.BK,5.900000095367432,5.933332920074463,5.733333110809326,5.800000190734863,3.669590473175049,4058700.0
2018-10-16,ASIAN.BK,5.733333110809326,5.800000190734863,5.666666030883789,5.733333110809326,3.627410888671875,2147850.0
2018-10-17,ASIAN.BK,5.766665935516357,5.933332920074463,5.666666030883789,5.666666030883789,3.585231304168701,8269200.0
2018-10-18,ASIAN.BK,5.666666030883789,5.666666030883789,5.533332824707031,5.566666126251221,3.521962881088257,3060000.0
2018-10-19,ASIAN.BK,5.566666126251221,5.599999904632568,4.900000095367432,5.099999904632568,3.2267086505889893,9285750.0
2018-10-22,ASIAN.BK,5.133333206176758,5.166666030883789,4.400000095367432,4.433332920074463,2.8049163818359375,10254000.0
2018-10-24,ASIAN.BK,4.3333330154418945,4.400000095367432,4.199999809265137,4.199999809265137,2.6572892665863037,5700450.0
2018-10-25,ASIAN.BK,4.166666030883789,4.766665935516357,4.133333206176758,4.733333110809326,2.994722604751587,13810650.0
2018-10-26,ASIAN.BK,4.8333330154418945,5.033332824707031,4.800000190734863,4.800000190734863,3.03690242767334,13344750.0
2018-10-29,ASIAN.BK,4.900000095367432,4.900000095367432,4.633333206176758,4.699999809265137,2.9736335277557373,3948300.0
2018-10-30,ASIAN.BK,4.699999809265137,4.766665935516357,4.633333206176758,4.699999809265137,2.9736335277557373,2815200.0
2018-10-31,ASIAN.BK,4.733333110809326,4.866665840148926,4.733333110809326,4.866665840148926,3.0790812969207764,2979300.0
2018-11-01,ASIAN.BK,4.900000095367432,5.266665935516357,4.8333330154418945,5.199999809265137,3.2899773120880127,19000500.0
2018-11-02,ASIAN.BK,5.233333110809326,5.266665935516357,5.099999904632568,5.199999809265137,3.2899773120880127,5044350.0
2018-11-05,ASIAN.BK,5.133333206176758,5.199999809265137,5.066666126251221,5.166666030883789,3.268887519836426,2838000.0
2018-11-06,ASIAN.BK,5.233333110809326,5.566666126251221,5.233333110809326,5.433332920074463,3.437605142593384,18934500.0
2018-11-07,ASIAN.BK,5.433332920074463,5.466666221618652,5.233333110809326,5.433332920074463,3.437605142593384,6182850.0
2018-11-08,ASIAN.BK,5.533332824707031,5.533332824707031,5.400000095367432,5.433332920074463,3.437605142593384,4983750.0
2018-11-09,ASIAN.BK,5.400000095367432,5.566666126251221,5.400000095367432,5.433332920074463,3.437605142593384,7088400.0
2018-11-12,ASIAN.BK,5.5,5.5,5.300000190734863,5.3333330154418945,3.3743350505828857,4612650.0
2018-11-13,ASIAN.BK,5.266665935516357,5.466666221618652,5.199999809265137,5.433332920074463,3.437605142593384,4702050.0
2018-11-14,ASIAN.BK,5.633333206176758,5.633333206176758,5.199999809265137,5.199999809265137,3.2899773120880127,26103450.0
2018-11-15,ASIAN.BK,5.199999809265137,5.233333110809326,4.866665840148926,5.099999904632568,3.2267086505889893,10127100.0
2018-11-16,ASIAN.BK,5.133333206176758,5.166666030883789,5.033332824707031,5.099999904632568,3.2267086505889893,2769300.0
2018-11-19,ASIAN.BK,5.133333206176758,5.199999809265137,5.033332824707031,5.166666030883789,3.268887519836426,2799450.0
2018-11-20,ASIAN.BK,5.166666030883789,5.366665840148926,5.166666030883789,5.166666030883789,3.268887519836426,12773250.0
2018-11-21,ASIAN.BK,5.133333206176758,5.300000190734863,5.099999904632568,5.266665935516357,3.3321564197540283,5747700.0
2018-11-22,ASIAN.BK,5.266665935516357,5.300000190734863,5.099999904632568,5.099999904632568,3.2267086505889893,3421350.0
2018-11-23,ASIAN.BK,5.133333206176758,5.233333110809326,5.133333206176758,5.233333110809326,3.3110671043395996,941100.0
2018-11-26,ASIAN.BK,5.233333110809326,5.400000095367432,5.199999809265137,5.366665840148926,3.3954243659973145,7449900.0
2018-11-27,ASIAN.BK,5.3333330154418945,5.433332920074463,5.266665935516357,5.300000190734863,3.3532469272613525,4638450.0
2018-11-28,ASIAN.BK,5.3333330154418945,5.366665840148926,5.300000190734863,5.3333330154418945,3.3743350505828857,1992000.0
2018-11-29,ASIAN.BK,5.366665840148926,5.466666221618652,5.300000190734863,5.366665840148926,3.3954243659973145,6614400.0
2018-11-30,ASIAN.BK,5.400000095367432,5.5,5.366665840148926,5.400000095367432,3.416515350341797,8875800.0
2018-12-03,ASIAN.BK,5.433332920074463,5.466666221618652,5.366665840148926,5.400000095367432,3.416515350341797,2751900.0
2018-12-04,ASIAN.BK,5.400000095367432,5.599999904632568,5.366665840148926,5.433332920074463,3.437605142593384,14090850.0
2018-12-06,ASIAN.BK,5.366665840148926,5.400000095367432,5.3333330154418945,5.3333330154418945,3.3743350505828857,2674800.0
2018-12-07,ASIAN.BK,5.366665840148926,5.466666221618652,5.3333330154418945,5.366665840148926,3.3954243659973145,5830200.0
2018-12-11,ASIAN.BK,5.366665840148926,5.433332920074463,5.300000190734863,5.3333330154418945,3.3743350505828857,2931900.0
2018-12-12,ASIAN.BK,5.400000095367432,5.533332824707031,5.366665840148926,5.400000095367432,3.416515350341797,10463700.0
2018-12-13,ASIAN.BK,5.433332920074463,5.466666221618652,5.266665935516357,5.266665935516357,3.3321564197540283,8981250.0
2018-12-14,ASIAN.BK,5.300000190734863,5.3333330154418945,5.133333206176758,5.133333206176758,3.247797966003418,5361750.0
2018-12-17,ASIAN.BK,5.133333206176758,5.199999809265137,4.766665935516357,4.866665840148926,3.0790812969207764,3312450.0
2018-12-18,ASIAN.BK,4.8333330154418945,4.8333330154418945,4.733333110809326,4.733333110809326,2.994722604751587,1708950.0
2018-12-19,ASIAN.BK,4.733333110809326,4.966666221618652,4.699999809265137,4.900000095367432,3.1001710891723633,2966250.0
2018-12-20,ASIAN.BK,4.866665840148926,4.933332920074463,4.800000190734863,4.8333330154418945,3.0579917430877686,581550.0
2018-12-21,ASIAN.BK,4.8333330154418945,4.933332920074463,4.800000190734863,4.8333330154418945,3.0579917430877686,639900.0
2018-12-24,ASIAN.BK,4.8333330154418945,4.866665840148926,4.766665935516357,4.800000190734863,3.03690242767334,540900.0
2018-12-25,ASIAN.BK,4.800000190734863,4.800000190734863,4.533332824707031,4.533332824707031,2.86818528175354,1313100.0
2018-12-26,ASIAN.BK,4.566666126251221,4.733333110809326,4.566666126251221,4.666666030883789,2.9525437355041504,1047750.0
2018-12-27,ASIAN.BK,4.766665935516357,4.766665935516357,4.633333206176758,4.633333206176758,2.9314539432525635,1245600.0
2018-12-28,ASIAN.BK,4.666666030883789,4.699999809265137,4.566666126251221,4.566666126251221,2.889275074005127,2026950.0
2019-01-02,ASIAN.BK,4.633333206176758,4.633333206176758,4.566666126251221,4.599999904632568,2.9103643894195557,400350.0
2019-01-03,ASIAN.BK,4.599999904632568,4.699999809265137,4.599999904632568,4.599999904632568,2.9103643894195557,1169250.0
2019-01-04,ASIAN.BK,4.599999904632568,4.733333110809326,4.599999904632568,4.699999809265137,2.9736335277557373,1406100.0
2019-01-07,ASIAN.BK,4.733333110809326,4.966666221618652,4.699999809265137,4.866665840148926,3.0790812969207764,14472000.0
2019-01-08,ASIAN.BK,4.866665840148926,5.133333206176758,4.866665840148926,5.066666126251221,3.205618381500244,32219250.0
2019-01-09,ASIAN.BK,5.266665935516357,5.366665840148926,5.233333110809326,5.233333110809326,3.3110671043395996,12670650.0
2019-01-10,ASIAN.BK,5.266665935516357,5.366665840148926,5.166666030883789,5.166666030883789,3.268887519836426,6116400.0
2019-01-11,ASIAN.BK,5.233333110809326,5.266665935516357,5.166666030883789,5.199999809265137,3.2899773120880127,2050800.0
2019-01-14,ASIAN.BK,5.199999809265137,5.199999809265137,5.099999904632568,5.133333206176758,3.247797966003418,1134600.0
2019-01-15,ASIAN.BK,5.166666030883789,5.233333110809326,5.133333206176758,5.199999809265137,3.2899773120880127,1971450.0
2019-01-16,ASIAN.BK,5.199999809265137,5.5,5.199999809265137,5.5,3.4797840118408203,12920550.0
2019-01-17,ASIAN.BK,5.466666221618652,5.466666221618652,5.400000095367432,5.433332920074463,3.437605142593384,3800400.0
2019-01-18,ASIAN.BK,5.466666221618652,5.5,5.300000190734863,5.366665840148926,3.3954243659973145,3078900.0
2019-01-21,ASIAN.BK,5.366665840148926,5.566666126251221,5.300000190734863,5.400000095367432,3.416515350341797,21277950.0
2019-01-22,ASIAN.BK,5.400000095367432,5.5,5.400000095367432,5.466666221618652,3.4586942195892334,4017000.0
2019-01-23,ASIAN.BK,5.466666221618652,5.566666126251221,5.433332920074463,5.5,3.4797840118408203,5603400.0
2019-01-24,ASIAN.BK,5.533332824707031,5.533332824707031,5.433332920074463,5.433332920074463,3.437605142593384,3564450.0
2019-01-25,ASIAN.BK,5.466666221618652,5.566666126251221,5.433332920074463,5.466666221618652,3.4586942195892334,6200550.0
2019-01-28,ASIAN.BK,5.466666221618652,5.666666030883789,5.466666221618652,5.566666126251221,3.521962881088257,14268900.0
2019-01-29,ASIAN.BK,5.566666126251221,5.599999904632568,5.5,5.533332824707031,3.50087308883667,2293500.0
2019-01-30,ASIAN.BK,5.533332824707031,5.766665935516357,5.533332824707031,5.733333110809326,3.627410888671875,22943700.0
2019-01-31,ASIAN.BK,5.699999809265137,5.766665935516357,5.633333206176758,5.733333110809326,3.627410888671875,8491650.0
2019-02-01,ASIAN.BK,5.766665935516357,6.0,5.766665935516357,5.866665840148926,3.711768627166748,47207250.0
2019-02-04,ASIAN.BK,5.866665840148926,5.866665840148926,5.8333330154418945,5.866665840148926,3.711768627166748,3549300.0
2019-02-05,ASIAN.BK,5.900000095367432,5.966666221618652,5.733333110809326,5.866665840148926,3.711768627166748,12158250.0
2019-02-06,ASIAN.BK,5.900000095367432,6.033332824707031,5.766665935516357,5.766665935516357,3.648500442504883,19944150.0
2019-02-07,ASIAN.BK,5.766665935516357,5.8333330154418945,5.666666030883789,5.666666030883789,3.585231304168701,6009450.0
2019-02-08,ASIAN.BK,5.666666030883789,5.800000190734863,5.599999904632568,5.733333110809326,3.627410888671875,11936100.0
2019-02-11,ASIAN.BK,5.766665935516357,5.933332920074463,5.5,5.5,3.4797840118408203,30911700.0
2019-02-12,ASIAN.BK,5.566666126251221,5.566666126251221,5.433332920074463,5.466666221618652,3.4586942195892334,6154200.0
2019-02-13,ASIAN.BK,5.5,5.599999904632568,5.5,5.533332824707031,3.50087308883667,5198250.0
2019-02-14,ASIAN.BK,5.566666126251221,5.599999904632568,5.466666221618652,5.466666221618652,3.4586942195892334,2957100.0
2019-02-15,ASIAN.BK,5.5,5.5,5.300000190734863,5.300000190734863,3.3532469272613525,3814800.0
2019-02-18,ASIAN.BK,5.366665840148926,5.466666221618652,5.266665935516357,5.266665935516357,3.3321564197540283,8638950.0
2019-02-20,ASIAN.BK,5.300000190734863,5.3333330154418945,5.166666030883789,5.199999809265137,3.2899773120880127,4060650.0
2019-02-21,ASIAN.BK,5.199999809265137,5.233333110809326,5.066666126251221,5.066666126251221,3.205618381500244,2260500.0
2019-02-22,ASIAN.BK,5.033332824707031,5.166666030883789,4.966666221618652,5.166666030883789,3.268887519836426,2701050.0
2019-02-25,ASIAN.BK,5.199999809265137,5.3333330154418945,5.133333206176758,5.199999809265137,3.2899773120880127,11673000.0
2019-02-26,ASIAN.BK,5.233333110809326,5.266665935516357,5.133333206176758,5.166666030883789,3.268887519836426,4291350.0
2019-02-27,ASIAN.BK,5.199999809265137,5.366665840148926,5.066666126251221,5.233333110809326,3.3110671043395996,15987750.0
2019-02-28,ASIAN.BK,5.266665935516357,5.433332920074463,5.233333110809326,5.266665935516357,3.3321564197540283,23000400.0
2019-03-01,ASIAN.BK,5.266665935516357,5.300000190734863,5.166666030883789,5.199999809265137,3.2899773120880127,3554700.0
2019-03-04,ASIAN.BK,5.199999809265137,5.433332920074463,5.166666030883789,5.3333330154418945,3.3743350505828857,18504150.0
2019-03-05,ASIAN.BK,5.300000190734863,5.366665840148926,5.233333110809326,5.300000190734863,3.3532469272613525,6372600.0
2019-03-06,ASIAN.BK,5.300000190734863,5.300000190734863,5.166666030883789,5.166666030883789,3.268887519836426,3592350.0
2019-03-07,ASIAN.BK,5.166666030883789,5.233333110809326,5.133333206176758,5.166666030883789,3.268887519836426,2524200.0
2019-03-08,ASIAN.BK,5.166666030883789,5.233333110809326,5.133333206176758,5.133333206176758,3.247797966003418,1783350.0
2019-03-11,ASIAN.BK,5.166666030883789,5.166666030883789,5.033332824707031,5.066666126251221,3.205618381500244,1535250.0
2019-03-12,ASIAN.BK,5.099999904632568,5.099999904632568,5.0,5.0,3.163440227508545,1198500.0
2019-03-13,ASIAN.BK,5.0,5.199999809265137,5.0,5.199999809265137,3.2899773120880127,3884700.0
2019-03-14,ASIAN.BK,5.199999809265137,5.266665935516357,5.099999904632568,5.133333206176758,3.247797966003418,2783700.0
2019-03-15,ASIAN.BK,5.133333206176758,5.199999809265137,5.033332824707031,5.099999904632568,3.2267086505889893,1225350.0
2019-03-18,ASIAN.BK,5.099999904632568,5.099999904632568,5.033332824707031,5.033332824707031,3.1845293045043945,422400.0
2019-03-19,ASIAN.BK,5.0,5.133333206176758,5.0,5.099999904632568,3.2267086505889893,4272150.0
2019-03-20,ASIAN.BK,5.099999904632568,5.199999809265137,5.099999904632568,5.099999904632568,3.2267086505889893,10761450.0
2019-03-21,ASIAN.BK,5.099999904632568,5.133333206176758,5.066666126251221,5.099999904632568,3.2267086505889893,1462500.0
2019-03-22,ASIAN.BK,5.133333206176758,5.133333206176758,5.066666126251221,5.066666126251221,3.205618381500244,418650.0
2019-03-25,ASIAN.BK,5.033332824707031,5.300000190734863,5.033332824707031,5.233333110809326,3.3110671043395996,17686800.0
2019-03-26,ASIAN.BK,5.233333110809326,5.300000190734863,5.166666030883789,5.233333110809326,3.3110671043395996,13343400.0
2019-03-27,ASIAN.BK,5.233333110809326,5.233333110809326,5.199999809265137,5.199999809265137,3.2899773120880127,1098750.0
2019-03-28,ASIAN.BK,5.266665935516357,5.3333330154418945,5.233333110809326,5.300000190734863,3.3532469272613525,5940150.0
2019-03-29,ASIAN.BK,5.300000190734863,5.300000190734863,5.199999809265137,5.233333110809326,3.3110671043395996,1494300.0
2019-04-01,ASIAN.BK,5.266665935516357,5.366665840148926,5.233333110809326,5.266665935516357,3.3321564197540283,4605900.0
2019-04-02,ASIAN.BK,5.266665935516357,5.3333330154418945,5.199999809265137,5.233333110809326,3.3110671043395996,3004200.0
2019-04-03,ASIAN.BK,5.233333110809326,5.266665935516357,5.099999904632568,5.099999904632568,3.2267086505889893,5016750.0
2019-04-04,ASIAN.BK,5.099999904632568,5.166666030883789,5.066666126251221,5.066666126251221,3.205618381500244,2021100.0
2019-04-05,ASIAN.BK,5.099999904632568,5.199999809265137,5.099999904632568,5.133333206176758,3.247797966003418,2031450.0
2019-04-09,ASIAN.BK,5.133333206176758,5.166666030883789,5.066666126251221,5.099999904632568,3.2267086505889893,2076750.0
2019-04-10,ASIAN.BK,5.099999904632568,5.166666030883789,5.099999904632568,5.133333206176758,3.247797966003418,716100.0
2019-04-11,ASIAN.BK,5.133333206176758,5.166666030883789,5.099999904632568,5.133333206176758,3.247797966003418,415950.0
2019-04-12,ASIAN.BK,5.133333206176758,5.166666030883789,5.066666126251221,5.099999904632568,3.2267086505889893,729150.0
2019-04-17,ASIAN.BK,5.099999904632568,5.199999809265137,5.099999904632568,5.166666030883789,3.268887519836426,1009950.0
2019-04-18,ASIAN.BK,5.166666030883789,5.366665840148926,5.166666030883789,5.266665935516357,3.3321564197540283,18842700.0
2019-04-19,ASIAN.BK,5.266665935516357,5.300000190734863,5.199999809265137,5.233333110809326,3.3110671043395996,5616450.0
2019-04-22,ASIAN.BK,5.199999809265137,5.300000190734863,5.166666030883789,5.233333110809326,3.3110671043395996,2768550.0
2019-04-23,ASIAN.BK,5.233333110809326,5.266665935516357,5.199999809265137,5.199999809265137,3.2899773120880127,1078800.0
2019-04-24,ASIAN.BK,5.233333110809326,5.266665935516357,5.099999904632568,5.233333110809326,3.3110671043395996,4933650.0
2019-04-25,ASIAN.BK,5.199999809265137,5.233333110809326,5.166666030883789,5.166666030883789,3.268887519836426,1659000.0
2019-04-26,ASIAN.BK,5.166666030883789,5.233333110809326,5.166666030883789,5.166666030883789,3.268887519836426,934950.0
2019-04-29,ASIAN.BK,5.166666030883789,5.199999809265137,5.166666030883789,5.166666030883789,3.268887519836426,844650.0
2019-04-30,ASIAN.BK,5.166666030883789,5.266665935516357,5.166666030883789,5.233333110809326,3.3110671043395996,1578600.0
2019-05-02,ASIAN.BK,5.233333110809326,5.3333330154418945,5.199999809265137,5.233333110809326,3.3110671043395996,18423450.0
2019-05-03,ASIAN.BK,5.066666126251221,5.133333206176758,5.066666126251221,5.099999904632568,3.332850456237793,2611950.0
2019-05-07,ASIAN.BK,5.066666126251221,5.099999904632568,5.0,5.0,3.267500638961792,2051550.0
2019-05-08,ASIAN.BK,4.933332920074463,4.966666221618652,4.800000190734863,4.800000190734863,3.136800527572632,2872950.0
2019-05-09,ASIAN.BK,4.766665935516357,4.8333330154418945,4.699999809265137,4.800000190734863,3.136800527572632,2378400.0
2019-05-10,ASIAN.BK,4.8333330154418945,4.933332920074463,4.699999809265137,4.699999809265137,3.071450710296631,15638400.0
2019-05-13,ASIAN.BK,4.733333110809326,4.733333110809326,4.3333330154418945,4.3333330154418945,2.831833600997925,3018150.0
2019-05-14,ASIAN.BK,4.533332824707031,4.766665935516357,4.466666221618652,4.5,2.94075083732605,22631400.0
2019-05-15,ASIAN.BK,4.5,4.666666030883789,4.466666221618652,4.533332824707031,2.962533473968506,9886350.0
2019-05-16,ASIAN.BK,4.566666126251221,4.566666126251221,4.466666221618652,4.566666126251221,2.9843170642852783,1035900.0
2019-05-17,ASIAN.BK,4.566666126251221,4.599999904632568,4.533332824707031,4.566666126251221,2.9843170642852783,1378050.0
2019-05-21,ASIAN.BK,4.599999904632568,4.599999904632568,4.533332824707031,4.533332824707031,2.962533473968506,642300.0
2019-05-22,ASIAN.BK,4.566666126251221,4.633333206176758,4.533332824707031,4.633333206176758,3.027883768081665,2058900.0
2019-05-23,ASIAN.BK,4.666666030883789,4.8333330154418945,4.633333206176758,4.800000190734863,3.136800527572632,6428850.0
2019-05-24,ASIAN.BK,4.866665840148926,4.866665840148926,4.699999809265137,4.733333110809326,3.093233823776245,1257000.0
2019-05-27,ASIAN.BK,4.733333110809326,4.733333110809326,4.666666030883789,4.666666030883789,3.0496666431427,817800.0
2019-05-28,ASIAN.BK,4.699999809265137,4.766665935516357,4.633333206176758,4.733333110809326,3.093233823776245,1661100.0
2019-05-29,ASIAN.BK,4.766665935516357,4.800000190734863,4.699999809265137,4.733333110809326,3.093233823776245,1370100.0
2019-05-30,ASIAN.BK,4.699999809265137,4.766665935516357,4.699999809265137,4.699999809265137,3.071450710296631,479700.0
2019-05-31,ASIAN.BK,4.699999809265137,4.766665935516357,4.666666030883789,4.666666030883789,3.0496666431427,434850.0
2019-06-04,ASIAN.BK,4.699999809265137,4.800000190734863,4.666666030883789,4.766665935516357,3.115016460418701,1152900.0
2019-06-05,ASIAN.BK,4.800000190734863,4.900000095367432,4.766665935516357,4.8333330154418945,3.1585843563079834,2755650.0
2019-06-06,ASIAN.BK,4.8333330154418945,4.966666221618652,4.800000190734863,4.966666221618652,3.2457172870635986,2859900.0
2019-06-07,ASIAN.BK,4.966666221618652,5.033332824707031,4.900000095367432,4.966666221618652,3.2457172870635986,2070600.0
2019-06-10,ASIAN.BK,4.966666221618652,5.133333206176758,4.933332920074463,5.0,3.267500638961792,4062600.0
2019-06-11,ASIAN.BK,4.966666221618652,5.033332824707031,4.966666221618652,4.966666221618652,3.2457172870635986,740700.0
2019-06-12,ASIAN.BK,4.966666221618652,5.0,4.933332920074463,4.966666221618652,3.2457172870635986,549750.0
2019-06-13,ASIAN.BK,4.966666221618652,5.033332824707031,4.900000095367432,4.966666221618652,3.2457172870635986,973500.0
2019-06-14,ASIAN.BK,4.966666221618652,5.0,4.866665840148926,4.900000095367432,3.202150583267212,952350.0
2019-06-17,ASIAN.BK,4.933332920074463,4.933332920074463,4.733333110809326,4.733333110809326,3.093233823776245,754050.0
2019-06-18,ASIAN.BK,4.766665935516357,4.8333330154418945,4.733333110809326,4.8333330154418945,3.1585843563079834,1546950.0
2019-06-19,ASIAN.BK,4.8333330154418945,5.0,4.8333330154418945,4.933332920074463,3.223933696746826,3297000.0
2019-06-20,ASIAN.BK,4.966666221618652,5.0,4.900000095367432,4.933332920074463,3.223933696746826,2469450.0
2019-06-21,ASIAN.BK,4.933332920074463,4.966666221618652,4.866665840148926,4.900000095367432,3.202150583267212,824550.0
2019-06-24,ASIAN.BK,4.866665840148926,4.900000095367432,4.733333110809326,4.8333330154418945,3.1585843563079834,1356750.0
2019-06-25,ASIAN.BK,4.800000190734863,4.900000095367432,4.800000190734863,4.900000095367432,3.202150583267212,1355100.0
2019-06-26,ASIAN.BK,4.900000095367432,5.033332824707031,4.866665840148926,4.966666221618652,3.2457172870635986,4624800.0
2019-06-27,ASIAN.BK,5.0,5.0,4.900000095367432,4.933332920074463,3.223933696746826,1303050.0
2019-06-28,ASIAN.BK,4.933332920074463,4.933332920074463,4.800000190734863,4.866665840148926,3.1803667545318604,1253850.0
2019-07-01,ASIAN.BK,4.8333330154418945,4.900000095367432,4.800000190734863,4.800000190734863,3.136800527572632,572700.0
2019-07-02,ASIAN.BK,4.866665840148926,5.0,4.866665840148926,4.966666221618652,3.2457172870635986,4929000.0
2019-07-03,ASIAN.BK,5.0,5.099999904632568,4.966666221618652,4.966666221618652,3.2457172870635986,5433000.0
2019-07-04,ASIAN.BK,5.0,5.033332824707031,4.800000190734863,4.8333330154418945,3.1585843563079834,2494500.0
2019-07-05,ASIAN.BK,4.8333330154418945,4.866665840148926,4.800000190734863,4.866665840148926,3.1803667545318604,606150.0
2019-07-08,ASIAN.BK,4.866665840148926,4.900000095367432,4.8333330154418945,4.866665840148926,3.1803667545318604,398700.0
2019-07-09,ASIAN.BK,4.866665840148926,4.900000095367432,4.8333330154418945,4.8333330154418945,3.1585843563079834,536250.0
2019-07-10,ASIAN.BK,4.8333330154418945,4.900000095367432,4.8333330154418945,4.8333330154418945,3.1585843563079834,725700.0
2019-07-11,ASIAN.BK,4.866665840148926,4.900000095367432,4.800000190734863,4.800000190734863,3.136800527572632,995850.0
2019-07-12,ASIAN.BK,4.8333330154418945,4.8333330154418945,4.800000190734863,4.800000190734863,3.136800527572632,312750.0
2019-07-15,ASIAN.BK,4.8333330154418945,4.8333330154418945,4.766665935516357,4.766665935516357,3.115016460418701,419550.0
2019-07-17,ASIAN.BK,4.766665935516357,4.800000190734863,4.666666030883789,4.699999809265137,3.071450710296631,851550.0
2019-07-18,ASIAN.BK,4.633333206176758,4.666666030883789,4.566666126251221,4.599999904632568,3.0061001777648926,1135800.0
2019-07-19,ASIAN.BK,4.633333206176758,4.699999809265137,4.566666126251221,4.699999809265137,3.071450710296631,1032450.0
2019-07-22,ASIAN.BK,4.699999809265137,4.733333110809326,4.633333206176758,4.699999809265137,3.071450710296631,574350.0
2019-07-23,ASIAN.BK,4.699999809265137,4.699999809265137,4.633333206176758,4.633333206176758,3.027883768081665,259800.0
2019-07-24,ASIAN.BK,4.633333206176758,4.933332920074463,4.633333206176758,4.866665840148926,3.1803667545318604,9646050.0
2019-07-25,ASIAN.BK,4.8333330154418945,4.866665840148926,4.733333110809326,4.733333110809326,3.093233823776245,3847950.0
2019-07-26,ASIAN.BK,4.733333110809326,4.766665935516357,4.699999809265137,4.733333110809326,3.093233823776245,1286850.0
2019-07-30,ASIAN.BK,4.633333206176758,4.699999809265137,4.599999904632568,4.633333206176758,3.027883768081665,802350.0
2019-07-31,ASIAN.BK,4.633333206176758,4.666666030883789,4.533332824707031,4.599999904632568,3.0061001777648926,1424100.0
2019-08-01,ASIAN.BK,4.566666126251221,4.566666126251221,4.400000095367432,4.433332920074463,2.897183418273926,2434650.0
2019-08-02,ASIAN.BK,4.366665840148926,4.400000095367432,4.266665935516357,4.266665935516357,2.788266658782959,1384200.0
2019-08-05,ASIAN.BK,4.266665935516357,4.266665935516357,4.166666030883789,4.166666030883789,2.722916603088379,1329750.0
2019-08-06,ASIAN.BK,4.133333206176758,4.166666030883789,4.033332824707031,4.166666030883789,2.722916603088379,1539750.0
2019-08-07,ASIAN.BK,4.199999809265137,4.199999809265137,4.099999904632568,4.166666030883789,2.722916603088379,517950.0
2019-08-08,ASIAN.BK,4.133333206176758,4.266665935516357,4.099999904632568,4.099999904632568,2.6793503761291504,1007550.0
2019-08-09,ASIAN.BK,4.099999904632568,4.199999809265137,4.099999904632568,4.133333206176758,2.701133966445923,599250.0
2019-08-13,ASIAN.BK,4.066666126251221,4.066666126251221,3.799999952316284,3.799999952316284,2.48330020904541,1213350.0
2019-08-14,ASIAN.BK,3.8333330154418945,3.933332920074463,3.799999952316284,3.866666078567505,2.526866912841797,805350.0
2019-08-15,ASIAN.BK,3.6333329677581787,3.7666659355163574,3.6333329677581787,3.7666659355163574,2.461516857147217,781350.0
2019-08-16,ASIAN.BK,3.733333110809326,4.0,3.733333110809326,3.9000000953674316,2.5486502647399902,1184850.0
2019-08-19,ASIAN.BK,4.0,4.033332824707031,3.933332920074463,3.9666659832000732,2.592216730117798,331800.0
2019-08-20,ASIAN.BK,4.0,4.0,3.8333330154418945,3.933332920074463,2.5704333782196045,340500.0
2019-08-21,ASIAN.BK,3.866666078567505,3.9666659832000732,3.866666078567505,3.9000000953674316,2.5486502647399902,128850.0
2019-08-22,ASIAN.BK,3.9000000953674316,3.9666659832000732,3.8333330154418945,3.8333330154418945,2.5050833225250244,523350.0
2019-08-23,ASIAN.BK,3.799999952316284,3.866666078567505,3.799999952316284,3.8333330154418945,2.5050833225250244,419550.0
2019-08-26,ASIAN.BK,3.7666659355163574,3.7666659355163574,3.700000047683716,3.7666659355163574,2.461516857147217,374550.0
2019-08-27,ASIAN.BK,3.7666659355163574,3.7666659355163574,3.700000047683716,3.733333110809326,2.4397337436676025,163350.0
2019-08-28,ASIAN.BK,3.7666659355163574,3.799999952316284,3.733333110809326,3.733333110809326,2.4397337436676025,174000.0
2019-08-29,ASIAN.BK,3.7666659355163574,3.7666659355163574,3.733333110809326,3.7666659355163574,2.461516857147217,180450.0
2019-08-30,ASIAN.BK,3.799999952316284,4.3333330154418945,3.7666659355163574,4.233333110809326,2.766483783721924,13285650.0
2019-09-02,ASIAN.BK,4.166666030883789,4.166666030883789,4.033332824707031,4.133333206176758,2.701133966445923,2760000.0
2019-09-03,ASIAN.BK,4.133333206176758,4.166666030883789,4.033332824707031,4.099999904632568,2.6793503761291504,1184550.0
2019-09-04,ASIAN.BK,4.133333206176758,4.266665935516357,4.099999904632568,4.166666030883789,2.722916603088379,1682400.0
2019-09-05,ASIAN.BK,4.166666030883789,4.233333110809326,4.066666126251221,4.099999904632568,2.6793503761291504,1293600.0
2019-09-06,ASIAN.BK,4.166666030883789,4.166666030883789,4.066666126251221,4.099999904632568,2.6793503761291504,447750.0
2019-09-09,ASIAN.BK,4.166666030883789,4.166666030883789,3.933332920074463,4.066666126251221,2.657566547393799,1220400.0
2019-09-10,ASIAN.BK,4.066666126251221,4.066666126251221,4.033332824707031,4.066666126251221,2.657566547393799,827400.0
2019-09-11,ASIAN.BK,4.066666126251221,4.433332920074463,4.033332824707031,4.166666030883789,2.722916603088379,11572500.0
2019-09-12,ASIAN.BK,4.199999809265137,4.233333110809326,4.033332824707031,4.033332824707031,2.6357831954956055,1199550.0
2019-09-13,ASIAN.BK,4.066666126251221,4.099999904632568,4.033332824707031,4.066666126251221,2.657566547393799,559950.0
2019-09-16,ASIAN.BK,4.099999904632568,4.099999904632568,4.033332824707031,4.033332824707031,2.6357831954956055,208050.0
2019-09-17,ASIAN.BK,4.033332824707031,4.099999904632568,4.033332824707031,4.033332824707031,2.6357831954956055,352050.0
2019-09-18,ASIAN.BK,4.033332824707031,4.033332824707031,3.9666659832000732,3.9666659832000732,2.592216730117798,147300.0
2019-09-19,ASIAN.BK,3.9666659832000732,4.0,3.933332920074463,3.933332920074463,2.5704333782196045,193650.0
2019-09-20,ASIAN.BK,3.933332920074463,3.933332920074463,3.8333330154418945,3.8333330154418945,2.5050833225250244,418050.0
2019-09-23,ASIAN.BK,3.8333330154418945,3.8333330154418945,3.7666659355163574,3.7666659355163574,2.461516857147217,272400.0
2019-09-24,ASIAN.BK,3.799999952316284,3.866666078567505,3.799999952316284,3.799999952316284,2.48330020904541,261150.0
2019-09-25,ASIAN.BK,3.799999952316284,3.866666078567505,3.7666659355163574,3.799999952316284,2.48330020904541,170250.0
2019-09-26,ASIAN.BK,3.866666078567505,3.866666078567505,3.7666659355163574,3.7666659355163574,2.461516857147217,337950.0
2019-09-27,ASIAN.BK,3.7666659355163574,3.799999952316284,3.733333110809326,3.7666659355163574,2.461516857147217,361650.0
2019-09-30,ASIAN.BK,3.799999952316284,3.799999952316284,3.733333110809326,3.733333110809326,2.4397337436676025,96300.0
2019-10-01,ASIAN.BK,3.799999952316284,3.799999952316284,3.700000047683716,3.700000047683716,2.41795015335083,271200.0
2019-10-02,ASIAN.BK,3.700000047683716,3.7666659355163574,3.666666030883789,3.700000047683716,2.41795015335083,98250.0
2019-10-03,ASIAN.BK,3.700000047683716,4.0,3.666666030883789,3.9000000953674316,2.5486502647399902,3183750.0
2019-10-04,ASIAN.BK,3.9666659832000732,4.099999904632568,3.933332920074463,4.0,2.6140007972717285,6953400.0
2019-10-07,ASIAN.BK,4.066666126251221,4.066666126251221,3.866666078567505,3.866666078567505,2.526866912841797,1170450.0
2019-10-08,ASIAN.BK,3.933332920074463,3.933332920074463,3.799999952316284,3.8333330154418945,2.5050833225250244,711300.0
2019-10-09,ASIAN.BK,3.799999952316284,3.799999952316284,3.7666659355163574,3.799999952316284,2.48330020904541,345450.0
2019-10-10,ASIAN.BK,3.7666659355163574,3.799999952316284,3.733333110809326,3.799999952316284,2.48330020904541,210750.0
2019-10-11,ASIAN.BK,3.799999952316284,3.8333330154418945,3.7666659355163574,3.7666659355163574,2.461516857147217,109050.0
2019-10-15,ASIAN.BK,3.799999952316284,3.799999952316284,3.733333110809326,3.7666659355163574,2.461516857147217,176250.0
2019-10-16,ASIAN.BK,3.7666659355163574,3.799999952316284,3.733333110809326,3.733333110809326,2.4397337436676025,237750.0
2019-10-17,ASIAN.BK,3.7666659355163574,3.799999952316284,3.733333110809326,3.733333110809326,2.4397337436676025,139500.0
2019-10-18,ASIAN.BK,3.7666659355163574,3.7666659355163574,3.733333110809326,3.7666659355163574,2.461516857147217,156000.0
2019-10-21,ASIAN.BK,3.7666659355163574,3.799999952316284,3.733333110809326,3.7666659355163574,2.461516857147217,117300.0
2019-10-22,ASIAN.BK,3.7666659355163574,3.933332920074463,3.733333110809326,3.7666659355163574,2.461516857147217,601950.0
2019-10-24,ASIAN.BK,3.7666659355163574,3.799999952316284,3.733333110809326,3.733333110809326,2.4397337436676025,429300.0
2019-10-25,ASIAN.BK,3.700000047683716,3.7666659355163574,3.5666658878326416,3.5999999046325684,2.35260009765625,741150.0
2019-10-28,ASIAN.BK,3.433332920074463,3.433332920074463,3.3066658973693848,3.319999933242798,2.1696207523345947,1158450.0
2019-10-29,ASIAN.BK,3.3066658973693848,3.3333330154418945,3.119999885559082,3.2133328914642334,2.0999131202697754,1670850.0
2019-10-30,ASIAN.BK,3.200000047683716,3.4000000953674316,3.200000047683716,3.3333330154418945,2.1783337593078613,2730150.0
2019-10-31,ASIAN.BK,3.3333330154418945,3.4000000953674316,3.319999933242798,3.319999933242798,2.1696207523345947,613500.0
2019-11-01,ASIAN.BK,3.366666078567505,3.366666078567505,3.3066658973693848,3.3066658973693848,2.1609067916870117,632850.0
2019-11-04,ASIAN.BK,3.293333053588867,3.366666078567505,3.25333309173584,3.293333053588867,2.152193546295166,229950.0
2019-11-05,ASIAN.BK,3.293333053588867,3.3333330154418945,3.293333053588867,3.3066658973693848,2.1609067916870117,106350.0
2019-11-06,ASIAN.BK,3.3333330154418945,3.4000000953674316,3.2799999713897705,3.319999933242798,2.1696207523345947,478350.0
2019-11-07,ASIAN.BK,3.3333330154418945,3.366666078567505,3.3066658973693848,3.366666078567505,2.2001168727874756,423000.0
2019-11-08,ASIAN.BK,3.3333330154418945,3.4000000953674316,3.319999933242798,3.3333330154418945,2.1783337593078613,246000.0
2019-11-11,ASIAN.BK,3.366666078567505,3.366666078567505,3.3066658973693848,3.3066658973693848,2.1609067916870117,79050.0
2019-11-12,ASIAN.BK,3.3066658973693848,3.3333330154418945,3.3066658973693848,3.3066658973693848,2.1609067916870117,207450.0
2019-11-13,ASIAN.BK,3.3333330154418945,3.3333330154418945,3.2799999713897705,3.2799999713897705,2.1434805393218994,56100.0
2019-11-14,ASIAN.BK,3.2799999713897705,3.2799999713897705,3.22666597366333,3.2666659355163574,2.1347668170928955,625500.0
2019-11-15,ASIAN.BK,3.25333309173584,3.2799999713897705,3.240000009536743,3.240000009536743,2.117340087890625,536100.0
2019-11-18,ASIAN.BK,3.293333053588867,3.433332920074463,3.173332929611206,3.173332929611206,2.0737736225128174,11121900.0
2019-11-19,ASIAN.BK,3.173332929611206,3.173332929611206,2.933332920074463,3.0,1.9605004787445068,2739300.0
2019-11-20,ASIAN.BK,3.0,3.0666658878326416,2.933332920074463,2.933332920074463,1.916933298110962,696150.0
2019-11-21,ASIAN.BK,2.933332920074463,2.9733328819274902,2.8933329582214355,2.9066660404205322,1.8995065689086914,219900.0
2019-11-22,ASIAN.BK,2.9066660404205322,2.933332920074463,2.733333110809326,2.759999990463257,1.8036603927612305,1552350.0
2019-11-25,ASIAN.BK,2.799999952316284,2.8399999141693115,2.759999990463257,2.799999952316284,1.829800009727478,759750.0
2019-11-26,ASIAN.BK,2.799999952316284,2.853332996368408,2.799999952316284,2.8399999141693115,1.855940341949463,318750.0
2019-11-27,ASIAN.BK,2.8266661167144775,2.880000114440918,2.813333034515381,2.853332996368408,1.8646533489227295,363600.0
2019-11-28,ASIAN.BK,2.866666078567505,2.866666078567505,2.8266661167144775,2.8399999141693115,1.855940341949463,195150.0
2019-11-29,ASIAN.BK,2.8266661167144775,2.866666078567505,2.799999952316284,2.813333034515381,1.8385136127471924,265200.0
2019-12-02,ASIAN.BK,2.8266661167144775,2.8266661167144775,2.786665916442871,2.799999952316284,1.829800009727478,137700.0
2019-12-03,ASIAN.BK,2.813333034515381,2.8399999141693115,2.799999952316284,2.799999952316284,1.829800009727478,107550.0
2019-12-04,ASIAN.BK,2.7733330726623535,2.799999952316284,2.759999990463257,2.759999990463257,1.8036603927612305,120000.0
2019-12-06,ASIAN.BK,2.786665916442871,2.799999952316284,2.759999990463257,2.786665916442871,1.8210865259170532,53400.0
2019-12-09,ASIAN.BK,2.786665916442871,2.786665916442871,2.759999990463257,2.759999990463257,1.8036603927612305,66600.0
2019-12-11,ASIAN.BK,2.7466659545898438,2.759999990463257,2.7200000286102295,2.7200000286102295,1.777520775794983,205350.0
2019-12-12,ASIAN.BK,2.7066659927368164,2.733333110809326,2.7066659927368164,2.733333110809326,1.78623366355896,479550.0
2019-12-13,ASIAN.BK,2.759999990463257,2.759999990463257,2.7200000286102295,2.733333110809326,1.78623366355896,799500.0
2019-12-16,ASIAN.BK,2.733333110809326,3.1466660499572754,2.7200000286102295,2.9066660404205322,1.8995065689086914,37057200.0
2019-12-17,ASIAN.BK,2.9066660404205322,2.9200000762939453,2.799999952316284,2.799999952316284,1.829800009727478,3849450.0
2019-12-18,ASIAN.BK,2.799999952316284,2.853332996368408,2.7733330726623535,2.8399999141693115,1.855940341949463,1951950.0
2019-12-19,ASIAN.BK,2.8266661167144775,2.853332996368408,2.786665916442871,2.813333034515381,1.8385136127471924,816000.0
2019-12-20,ASIAN.BK,2.8399999141693115,2.8399999141693115,2.799999952316284,2.8266661167144775,1.8472267389297485,586950.0
2019-12-23,ASIAN.BK,2.8399999141693115,2.8933329582214355,2.8266661167144775,2.8266661167144775,1.8472267389297485,1371600.0
2019-12-24,ASIAN.BK,2.8399999141693115,2.853332996368408,2.799999952316284,2.799999952316284,1.829800009727478,442200.0
2019-12-25,ASIAN.BK,2.799999952316284,2.8399999141693115,2.799999952316284,2.8266661167144775,1.8472267389297485,380100.0
2019-12-26,ASIAN.BK,2.8399999141693115,2.8399999141693115,2.799999952316284,2.799999952316284,1.829800009727478,2431500.0
2019-12-27,ASIAN.BK,2.813333034515381,2.8399999141693115,2.799999952316284,2.813333034515381,1.8385136127471924,307650.0
2019-12-30,ASIAN.BK,2.799999952316284,2.8933329582214355,2.799999952316284,2.8399999141693115,1.855940341949463,187500.0
2020-01-02,ASIAN.BK,2.813333034515381,2.853332996368408,2.813333034515381,2.8266661167144775,1.8472267389297485,100050.0
2020-01-03,ASIAN.BK,2.813333034515381,2.853332996368408,2.799999952316284,2.813333034515381,1.8385136127471924,382950.0
2020-01-06,ASIAN.BK,2.786665916442871,2.813333034515381,2.733333110809326,2.7466659545898438,1.794946551322937,884850.0
2020-01-07,ASIAN.BK,2.7733330726623535,2.7733330726623535,2.7066659927368164,2.733333110809326,1.78623366355896,153000.0
2020-01-08,ASIAN.BK,2.7066659927368164,2.7466659545898438,2.666666030883789,2.7466659545898438,1.794946551322937,550500.0
2020-01-09,ASIAN.BK,2.7066659927368164,2.7733330726623535,2.7066659927368164,2.7466659545898438,1.794946551322937,116400.0
2020-01-10,ASIAN.BK,2.7466659545898438,2.7466659545898438,2.7200000286102295,2.7200000286102295,1.777520775794983,165900.0
2020-01-13,ASIAN.BK,2.7200000286102295,2.7200000286102295,2.6933329105377197,2.7066659927368164,1.7688066959381104,255000.0
2020-01-14,ASIAN.BK,2.7200000286102295,2.786665916442871,2.7066659927368164,2.7066659927368164,1.7688066959381104,660750.0
2020-01-15,ASIAN.BK,2.7200000286102295,2.7200000286102295,2.680000066757202,2.6933329105377197,1.7600935697555542,538650.0
2020-01-16,ASIAN.BK,2.6933329105377197,2.7466659545898438,2.6933329105377197,2.6933329105377197,1.7600935697555542,519600.0
2020-01-17,ASIAN.BK,2.7200000286102295,2.9066660404205322,2.7066659927368164,2.7466659545898438,1.794946551322937,3702300.0
2020-01-20,ASIAN.BK,2.799999952316284,2.813333034515381,2.7200000286102295,2.7200000286102295,1.777520775794983,951150.0
2020-01-21,ASIAN.BK,2.7200000286102295,2.759999990463257,2.6933329105377197,2.6933329105377197,1.7600935697555542,502350.0
2020-01-22,ASIAN.BK,2.7200000286102295,2.7200000286102295,2.680000066757202,2.680000066757202,1.7513806819915771,370350.0
2020-01-23,ASIAN.BK,2.7066659927368164,2.733333110809326,2.6933329105377197,2.6933329105377197,1.7600935697555542,148950.0
2020-01-24,ASIAN.BK,2.7066659927368164,2.7066659927368164,2.640000104904175,2.640000104904175,1.7252403497695923,750000.0
2020-01-27,ASIAN.BK,2.640000104904175,2.6533329486846924,2.5999999046325684,2.613332986831665,1.7078133821487427,277050.0
2020-01-28,ASIAN.BK,2.6266660690307617,2.666666030883789,2.5866661071777344,2.5866661071777344,1.6903865337371826,304050.0
2020-01-29,ASIAN.BK,2.640000104904175,2.640000104904175,2.613332986831665,2.613332986831665,1.7078133821487427,119400.0
2020-01-30,ASIAN.BK,2.6266660690307617,2.7066659927368164,2.6266660690307617,2.666666030883789,1.7426666021347046,2322750.0
2020-01-31,ASIAN.BK,2.6933329105377197,2.7733330726623535,2.680000066757202,2.6933329105377197,1.7600935697555542,3915450.0
2020-02-03,ASIAN.BK,2.7066659927368164,2.7466659545898438,2.680000066757202,2.7066659927368164,1.7688066959381104,3296100.0
2020-02-04,ASIAN.BK,2.7200000286102295,2.7200000286102295,2.6933329105377197,2.6933329105377197,1.7600935697555542,588900.0
2020-02-05,ASIAN.BK,2.6933329105377197,2.733333110809326,2.6933329105377197,2.7066659927368164,1.7688066959381104,698850.0
2020-02-06,ASIAN.BK,2.733333110809326,2.7733330726623535,2.7066659927368164,2.7200000286102295,1.777520775794983,1509450.0
2020-02-07,ASIAN.BK,2.733333110809326,2.7466659545898438,2.680000066757202,2.680000066757202,1.7513806819915771,1912800.0
2020-02-11,ASIAN.BK,2.6933329105377197,2.7066659927368164,2.666666030883789,2.666666030883789,1.7426666021347046,388350.0
2020-02-12,ASIAN.BK,2.680000066757202,2.6933329105377197,2.666666030883789,2.666666030883789,1.7426666021347046,293850.0
2020-02-13,ASIAN.BK,2.680000066757202,2.7733330726623535,2.6533329486846924,2.666666030883789,1.7426666021347046,2224650.0
2020-02-14,ASIAN.BK,2.680000066757202,2.7066659927368164,2.666666030883789,2.666666030883789,1.7426666021347046,591300.0
2020-02-17,ASIAN.BK,2.666666030883789,2.7200000286102295,2.666666030883789,2.680000066757202,1.7513806819915771,1386750.0
2020-02-18,ASIAN.BK,2.680000066757202,2.7466659545898438,2.666666030883789,2.680000066757202,1.7513806819915771,2080800.0
2020-02-19,ASIAN.BK,2.680000066757202,2.680000066757202,2.6533329486846924,2.6533329486846924,1.7339532375335693,1076700.0
2020-02-20,ASIAN.BK,2.666666030883789,2.666666030883789,2.640000104904175,2.640000104904175,1.7252403497695923,577950.0
2020-02-21,ASIAN.BK,2.640000104904175,2.666666030883789,2.640000104904175,2.666666030883789,1.7426666021347046,268200.0
2020-02-24,ASIAN.BK,2.6533329486846924,2.6533329486846924,2.5199999809265137,2.5199999809265137,1.6468204259872437,952350.0
2020-02-25,ASIAN.BK,2.559999942779541,2.5733330249786377,2.5199999809265137,2.559999942779541,1.6729600429534912,404550.0
2020-02-26,ASIAN.BK,2.559999942779541,2.559999942779541,2.4800000190734863,2.493333101272583,1.629393458366394,1606500.0
2020-02-27,ASIAN.BK,2.493333101272583,2.5333330631256104,2.4666659832000732,2.5333330631256104,1.6555333137512207,557400.0
2020-02-28,ASIAN.BK,2.5066659450531006,2.5733330249786377,2.4800000190734863,2.5199999809265137,1.6468204259872437,1154250.0
2020-03-02,ASIAN.BK,2.5199999809265137,2.5733330249786377,2.426666021347046,2.426666021347046,1.5858265161514282,5187900.0
2020-03-03,ASIAN.BK,2.4533329010009766,2.4800000190734863,2.440000057220459,2.4533329010009766,1.6032534837722778,404550.0
2020-03-04,ASIAN.BK,2.440000057220459,2.4800000190734863,2.440000057220459,2.440000057220459,1.5945403575897217,210600.0
2020-03-05,ASIAN.BK,2.4533329010009766,2.5066659450531006,2.4533329010009766,2.493333101272583,1.629393458366394,239400.0
2020-03-06,ASIAN.BK,2.493333101272583,2.493333101272583,2.4666659832000732,2.4666659832000732,1.6119663715362549,163050.0
2020-03-09,ASIAN.BK,2.4666659832000732,2.4666659832000732,2.2666659355163574,2.3066658973693848,1.5074063539505005,321450.0
2020-03-10,ASIAN.BK,2.3066658973693848,2.346666097640991,2.2799999713897705,2.3066658973693848,1.5074063539505005,2502750.0
2020-03-11,ASIAN.BK,2.3333330154418945,2.359999895095825,2.2133328914642334,2.2133328914642334,1.446413516998291,539100.0
2020-03-12,ASIAN.BK,2.1600000858306885,2.1600000858306885,1.7999999523162842,1.9199999570846558,1.2547202110290527,1323150.0
2020-03-13,ASIAN.BK,1.5333329439163208,2.0666658878326416,1.5333329439163208,1.9733330011367798,1.2895734310150146,578250.0
2020-03-16,ASIAN.BK,1.7999999523162842,1.9066660404205322,1.7066659927368164,1.826665997505188,1.1937264204025269,639600.0
2020-03-17,ASIAN.BK,1.7866660356521606,1.840000033378601,1.7599999904632568,1.7999999523162842,1.176300048828125,225150.0
2020-03-18,ASIAN.BK,1.8533329963684082,1.986665964126587,1.7866660356521606,1.7866660356521606,1.167586326599121,1150500.0
2020-03-19,ASIAN.BK,1.6799999475479126,1.840000033378601,1.6799999475479126,1.826665997505188,1.1937264204025269,404850.0
2020-03-20,ASIAN.BK,1.8666659593582153,2.0266659259796143,1.8666659593582153,1.986665964126587,1.2982865571975708,519300.0
2020-03-23,ASIAN.BK,1.7999999523162842,1.8666659593582153,1.7999999523162842,1.8133330345153809,1.1850135326385498,205800.0
2020-03-24,ASIAN.BK,1.8666659593582153,1.8666659593582153,1.7866660356521606,1.840000033378601,1.2024403810501099,97200.0
2020-03-25,ASIAN.BK,1.8666659593582153,1.9466660022735596,1.840000033378601,1.8533329963684082,1.211153268814087,998400.0
2020-03-26,ASIAN.BK,1.8666659593582153,1.9600000381469727,1.8666659593582153,1.9066660404205322,1.2460064888000488,194100.0
2020-03-27,ASIAN.BK,1.9333330392837524,1.9333330392837524,1.8799999952316284,1.8933329582214355,1.2372933626174927,423150.0
2020-03-30,ASIAN.BK,1.9333330392837524,1.9333330392837524,1.9333330392837524,1.9333330392837524,1.2634334564208984,2250.0
2020-03-31,ASIAN.BK,1.9600000381469727,2.0,1.8933329582214355,1.9600000381469727,1.280860424041748,200850.0
2020-04-01,ASIAN.BK,2.0266659259796143,2.053333044052124,1.9600000381469727,2.0,1.3070003986358643,675150.0
2020-04-02,ASIAN.BK,2.0,2.0799999237060547,2.0,2.0666658878326416,1.3505662679672241,398700.0
2020-04-03,ASIAN.BK,2.0799999237060547,2.173332929611206,2.053333044052124,2.106666088104248,1.3767064809799194,737100.0
2020-04-07,ASIAN.BK,2.106666088104248,2.2133328914642334,2.0933330059051514,2.173332929611206,1.4202733039855957,1357650.0
2020-04-08,ASIAN.BK,2.173332929611206,2.22666597366333,2.1333329677581787,2.173332929611206,1.4202733039855957,693150.0
2020-04-09,ASIAN.BK,2.173332929611206,2.293333053588867,2.173332929611206,2.2666659355163574,1.4812664985656738,893850.0
2020-04-10,ASIAN.BK,2.2799999713897705,2.4666659832000732,2.2666659355163574,2.4000000953674316,1.568400263786316,1433700.0
2020-04-13,ASIAN.BK,2.4000000953674316,2.546665906906128,2.4000000953674316,2.546665906906128,1.6642464399337769,794700.0
2020-04-14,ASIAN.BK,2.5999999046325684,2.6933329105377197,2.5866661071777344,2.6533329486846924,1.7339532375335693,1094400.0
2020-04-15,ASIAN.BK,2.733333110809326,2.733333110809326,2.6266660690307617,2.6266660690307617,1.7165263891220093,1305450.0
2020-04-16,ASIAN.BK,2.6266660690307617,2.640000104904175,2.5733330249786377,2.5733330249786377,1.6816734075546265,1060800.0
2020-04-17,ASIAN.BK,2.5999999046325684,2.6533329486846924,2.5866661071777344,2.613332986831665,1.7078133821487427,994500.0
2020-04-20,ASIAN.BK,2.666666030883789,2.680000066757202,2.6266660690307617,2.680000066757202,1.7513806819915771,636450.0
2020-04-21,ASIAN.BK,2.640000104904175,2.8266661167144775,2.640000104904175,2.813333034515381,1.8385136127471924,2068650.0
2020-04-22,ASIAN.BK,2.813333034515381,3.0,2.813333034515381,2.866666078567505,1.8733669519424438,3137850.0
2020-04-23,ASIAN.BK,2.9066660404205322,2.9733328819274902,2.9066660404205322,2.933332920074463,1.916933298110962,1027200.0
2020-04-24,ASIAN.BK,2.933332920074463,2.9733328819274902,2.799999952316284,2.853332996368408,1.8646533489227295,839400.0
2020-04-27,ASIAN.BK,2.866666078567505,2.9600000381469727,2.866666078567505,2.9600000381469727,1.9343602657318115,938700.0
2020-04-28,ASIAN.BK,2.9600000381469727,2.9733328819274902,2.933332920074463,2.933332920074463,1.916933298110962,891450.0
2020-04-29,ASIAN.BK,2.9733328819274902,3.0666658878326416,2.9466660022735596,2.986665964126587,1.9517862796783447,1714650.0
2020-04-30,ASIAN.BK,3.0,3.1333329677581787,2.986665964126587,2.986665964126587,1.9517862796783447,3247800.0
2020-05-05,ASIAN.BK,2.8933329582214355,2.9066660404205322,2.853332996368408,2.853332996368408,1.9517865180969238,693600.0
2020-05-07,ASIAN.BK,2.8933329582214355,2.8933329582214355,2.8266661167144775,2.8266661167144775,1.9335455894470215,356400.0
2020-05-08,ASIAN.BK,2.866666078567505,2.866666078567505,2.8266661167144775,2.8399999141693115,1.9426664113998413,249750.0
2020-05-11,ASIAN.BK,2.8399999141693115,2.9066660404205322,2.8399999141693115,2.866666078567505,1.9609068632125854,213000.0
2020-05-12,ASIAN.BK,3.200000047683716,3.293333053588867,3.1866660118103027,3.293333053588867,2.252763271331787,4426350.0
2020-05-13,ASIAN.BK,3.5333330631256104,3.733333110809326,3.4000000953674316,3.5333330631256104,2.4169321060180664,8812350.0
2020-05-14,ASIAN.BK,3.5666658878326416,3.7666659355163574,3.5333330631256104,3.5999999046325684,2.4625349044799805,5191950.0
2020-05-15,ASIAN.BK,3.6333329677581787,3.700000047683716,3.433332920074463,3.4666659832000732,2.3713293075561523,3400200.0
2020-05-18,ASIAN.BK,3.5,3.5,3.3333330154418945,3.4000000953674316,2.3257272243499756,1578750.0
2020-05-19,ASIAN.BK,3.433332920074463,3.700000047683716,3.433332920074463,3.5999999046325684,2.4625349044799805,6693600.0
2020-05-20,ASIAN.BK,3.6333329677581787,4.133333206176758,3.5666658878326416,4.133333206176758,2.827354907989502,16716900.0
2020-05-21,ASIAN.BK,4.266665935516357,4.566666126251221,4.133333206176758,4.133333206176758,2.827354907989502,14848950.0
2020-05-22,ASIAN.BK,4.133333206176758,4.5,4.066666126251221,4.400000095367432,3.0097649097442627,8469450.0
2020-05-25,ASIAN.BK,4.5,4.5,4.400000095367432,4.433332920074463,3.0325655937194824,3458250.0
2020-05-26,ASIAN.BK,4.533332824707031,5.0,4.400000095367432,4.733333110809326,3.2377769947052,26965650.0
2020-05-27,ASIAN.BK,4.666666030883789,4.800000190734863,4.599999904632568,4.666666030883789,3.192174196243286,5911800.0
2020-05-28,ASIAN.BK,4.766665935516357,4.866665840148926,4.666666030883789,4.733333110809326,3.2377769947052,4475550.0
2020-05-29,ASIAN.BK,4.733333110809326,4.766665935516357,4.566666126251221,4.599999904632568,3.1465718746185303,2803200.0
2020-06-01,ASIAN.BK,4.633333206176758,4.800000190734863,4.599999904632568,4.699999809265137,3.2149758338928223,4442400.0
2020-06-02,ASIAN.BK,4.733333110809326,4.733333110809326,4.599999904632568,4.633333206176758,3.169373035430908,1135650.0
2020-06-04,ASIAN.BK,4.666666030883789,4.666666030883789,4.400000095367432,4.466666221618652,3.0553667545318604,6748350.0
2020-06-05,ASIAN.BK,4.466666221618652,4.566666126251221,4.366665840148926,4.533332824707031,3.1009693145751953,4855200.0
2020-06-08,ASIAN.BK,4.599999904632568,4.599999904632568,4.400000095367432,4.400000095367432,3.0097649097442627,2428650.0
2020-06-09,ASIAN.BK,4.433332920074463,4.5,4.199999809265137,4.199999809265137,2.8729569911956787,3315000.0
2020-06-10,ASIAN.BK,4.300000190734863,4.366665840148926,3.9666659832000732,4.233333110809326,2.8957583904266357,9040800.0
2020-06-11,ASIAN.BK,4.199999809265137,4.666666030883789,4.166666030883789,4.5,3.0781683921813965,34100550.0
2020-06-12,ASIAN.BK,4.366665840148926,4.766665935516357,4.300000190734863,4.666666030883789,3.192174196243286,32191650.0
2020-06-15,ASIAN.BK,4.733333110809326,4.933332920074463,4.533332824707031,4.533332824707031,3.1009693145751953,33885000.0
2020-06-16,ASIAN.BK,4.633333206176758,4.800000190734863,4.633333206176758,4.699999809265137,3.2149758338928223,24653550.0
2020-06-17,ASIAN.BK,4.666666030883789,4.866665840148926,4.666666030883789,4.699999809265137,3.2149758338928223,22096500.0
2020-06-18,ASIAN.BK,4.666666030883789,4.8333330154418945,4.566666126251221,4.633333206176758,3.169373035430908,28756050.0
2020-06-19,ASIAN.BK,4.633333206176758,4.733333110809326,4.599999904632568,4.599999904632568,3.1465718746185303,4433700.0
2020-06-22,ASIAN.BK,4.566666126251221,4.699999809265137,4.466666221618652,4.466666221618652,3.0553667545318604,3327300.0
2020-06-23,ASIAN.BK,4.533332824707031,4.699999809265137,4.366665840148926,4.566666126251221,3.1237709522247314,9016200.0
2020-06-24,ASIAN.BK,4.599999904632568,4.633333206176758,4.3333330154418945,4.433332920074463,3.0325655937194824,5510100.0
2020-06-25,ASIAN.BK,4.3333330154418945,4.533332824707031,4.300000190734863,4.466666221618652,3.0553667545318604,4092750.0
2020-06-26,ASIAN.BK,4.533332824707031,4.699999809265137,4.433332920074463,4.466666221618652,3.0553667545318604,18264150.0
2020-06-29,ASIAN.BK,4.400000095367432,4.8333330154418945,4.366665840148926,4.8333330154418945,3.306180953979492,60013050.0
2020-06-30,ASIAN.BK,4.966666221618652,5.466666221618652,4.933332920074463,5.099999904632568,3.488590717315674,129032700.0
2020-07-01,ASIAN.BK,5.199999809265137,5.300000190734863,4.966666221618652,5.0,3.420187473297119,40066050.0
2020-07-02,ASIAN.BK,5.066666126251221,5.266665935516357,5.033332824707031,5.066666126251221,3.4657888412475586,18687900.0
2020-07-03,ASIAN.BK,5.099999904632568,5.133333206176758,4.966666221618652,5.033332824707031,3.4429879188537598,13452600.0
2020-07-07,ASIAN.BK,5.099999904632568,5.366665840148926,5.099999904632568,5.166666030883789,3.5341930389404297,41736600.0
2020-07-08,ASIAN.BK,5.166666030883789,5.199999809265137,5.066666126251221,5.099999904632568,3.488590717315674,8387550.0
2020-07-09,ASIAN.BK,5.133333206176758,5.133333206176758,5.033332824707031,5.066666126251221,3.4657888412475586,8234400.0
2020-07-10,ASIAN.BK,5.033332824707031,5.099999904632568,4.900000095367432,5.0,3.420187473297119,5299500.0
2020-07-13,ASIAN.BK,5.066666126251221,5.733333110809326,5.0,5.733333110809326,3.921814203262329,82202550.0
2020-07-14,ASIAN.BK,5.766665935516357,5.933332920074463,5.400000095367432,5.599999904632568,3.8306093215942383,124888800.0
2020-07-15,ASIAN.BK,5.699999809265137,5.8333330154418945,5.633333206176758,5.699999809265137,3.8990137577056885,36212850.0
2020-07-16,ASIAN.BK,5.733333110809326,5.800000190734863,5.599999904632568,5.733333110809326,3.921814203262329,10172700.0
2020-07-17,ASIAN.BK,5.733333110809326,6.5,5.699999809265137,6.433332920074463,4.400639533996582,83212200.0
2020-07-20,ASIAN.BK,6.3333330154418945,6.599999904632568,6.233333110809326,6.3333330154418945,4.3322367668151855,99344700.0
2020-07-21,ASIAN.BK,6.400000095367432,6.733333110809326,6.366665840148926,6.566666126251221,4.491845607757568,58760550.0
2020-07-22,ASIAN.BK,6.5,6.533332824707031,6.3333330154418945,6.3333330154418945,4.3322367668151855,33094950.0
2020-07-23,ASIAN.BK,6.300000190734863,6.533332824707031,5.933332920074463,5.933332920074463,4.058622360229492,80106750.0
2020-07-24,ASIAN.BK,5.933332920074463,6.099999904632568,5.800000190734863,5.800000190734863,3.967417001724243,35339850.0
2020-07-29,ASIAN.BK,5.866665840148926,6.400000095367432,5.866665840148926,6.266665935516357,4.286633491516113,59051250.0
2020-07-30,ASIAN.BK,6.300000190734863,6.733333110809326,6.233333110809326,6.733333110809326,4.605852127075195,113877450.0
2020-07-31,ASIAN.BK,6.866665840148926,7.066666126251221,6.633333206176758,6.733333110809326,4.605852127075195,61771350.0
2020-08-03,ASIAN.BK,6.733333110809326,7.133333206176758,6.666666030883789,6.933332920074463,4.742659091949463,48520500.0
2020-08-04,ASIAN.BK,6.933332920074463,7.133333206176758,6.566666126251221,6.566666126251221,4.491845607757568,65229000.0
2020-08-05,ASIAN.BK,6.633333206176758,6.800000190734863,6.566666126251221,6.733333110809326,4.605852127075195,19294200.0
2020-08-06,ASIAN.BK,6.800000190734863,7.199999809265137,6.466666221618652,6.733333110809326,4.605852127075195,50563200.0
2020-08-07,ASIAN.BK,6.866665840148926,7.3333330154418945,6.666666030883789,7.3333330154418945,5.016274452209473,38481000.0
2020-08-10,ASIAN.BK,7.3333330154418945,7.733333110809326,7.199999809265137,7.599999904632568,5.198684215545654,51340650.0
2020-08-11,ASIAN.BK,8.266666412353516,8.333333015441895,7.199999809265137,7.400000095367432,5.061877250671387,86467050.0
2020-08-13,ASIAN.BK,7.466666221618652,7.466666221618652,6.933332920074463,7.133333206176758,4.879467010498047,25788000.0
2020-08-14,ASIAN.BK,7.266665935516357,7.266665935516357,6.566666126251221,6.599999904632568,4.514647006988525,43558050.0
2020-08-17,ASIAN.BK,6.666666030883789,6.733333110809326,6.133333206176758,6.199999809265137,4.241031646728516,35696100.0
2020-08-18,ASIAN.BK,6.199999809265137,6.733333110809326,6.166666030883789,6.666666030883789,4.560249328613281,48220050.0
2020-08-19,ASIAN.BK,6.733333110809326,6.800000190734863,6.233333110809326,6.466666221618652,4.4234418869018555,31181250.0
2020-08-20,ASIAN.BK,6.366665840148926,6.866665840148926,6.366665840148926,6.800000190734863,4.651454448699951,32584800.0
2020-08-21,ASIAN.BK,6.800000190734863,6.866665840148926,6.566666126251221,6.666666030883789,4.560249328613281,34320750.0
2020-08-24,ASIAN.BK,6.733333110809326,7.266665935516357,6.666666030883789,7.266665935516357,4.9706711769104,47339850.0
2020-08-25,ASIAN.BK,7.3333330154418945,7.533332824707031,7.133333206176758,7.199999809265137,4.925069808959961,53772000.0
2020-08-26,ASIAN.BK,7.3333330154418945,7.666666030883789,7.266665935516357,7.533332824707031,5.15308141708374,89543250.0
2020-08-27,ASIAN.BK,7.533332824707031,7.800000190734863,7.400000095367432,7.800000190734863,5.335492134094238,71691600.0
2020-08-28,ASIAN.BK,7.866665840148926,8.0,6.933332920074463,6.933332920074463,4.742659091949463,144150300.0
2020-08-31,ASIAN.BK,7.066666126251221,7.199999809265137,6.733333110809326,6.800000190734863,4.651454448699951,58383900.0
2020-09-01,ASIAN.BK,6.800000190734863,6.866665840148926,6.633333206176758,6.800000190734863,4.651454448699951,16433100.0
2020-09-02,ASIAN.BK,6.800000190734863,7.066666126251221,6.733333110809326,7.066666126251221,4.833864212036133,15420600.0
2020-09-03,ASIAN.BK,7.066666126251221,7.266665935516357,7.0,7.0,4.788261890411377,24339300.0
2020-09-08,ASIAN.BK,6.933332920074463,7.533332824707031,6.800000190734863,7.400000095367432,5.061877250671387,82726500.0
2020-09-09,ASIAN.BK,7.3333330154418945,7.666666030883789,7.199999809265137,7.533332824707031,5.15308141708374,78319050.0
2020-09-10,ASIAN.BK,7.599999904632568,7.800000190734863,7.3333330154418945,7.3333330154418945,5.016274452209473,88966800.0
2020-09-11,ASIAN.BK,7.400000095367432,7.400000095367432,6.933332920074463,7.199999809265137,4.925069808959961,26485650.0
2020-09-14,ASIAN.BK,7.199999809265137,7.666666030883789,7.066666126251221,7.400000095367432,5.061877250671387,99443400.0
2020-09-15,ASIAN.BK,7.466666221618652,7.866665840148926,7.400000095367432,7.666666030883789,5.24428653717041,121787850.0
2020-09-16,ASIAN.BK,7.733333110809326,7.933332920074463,7.666666030883789,7.733333110809326,5.289888858795166,102342600.0
2020-09-17,ASIAN.BK,7.733333110809326,7.933332920074463,7.266665935516357,7.400000095367432,5.061877250671387,97849050.0
2020-09-18,ASIAN.BK,7.400000095367432,7.466666221618652,7.3333330154418945,7.466666221618652,5.107479095458984,6624300.0
2020-09-21,ASIAN.BK,7.466666221618652,7.599999904632568,7.199999809265137,7.266665935516357,4.9706711769104,28199550.0
2020-09-22,ASIAN.BK,7.199999809265137,7.3333330154418945,7.066666126251221,7.266665935516357,4.9706711769104,11258400.0
2020-09-23,ASIAN.BK,7.266665935516357,7.533332824707031,7.266665935516357,7.533332824707031,5.15308141708374,16540950.0
2020-09-24,ASIAN.BK,7.466666221618652,7.599999904632568,7.3333330154418945,7.466666221618652,5.107479095458984,13825800.0
2020-09-25,ASIAN.BK,7.533332824707031,7.599999904632568,7.400000095367432,7.466666221618652,5.107479095458984,9743550.0
2020-09-28,ASIAN.BK,7.599999904632568,7.733333110809326,7.533332824707031,7.733333110809326,5.289888858795166,20247450.0
2020-09-29,ASIAN.BK,7.800000190734863,7.933332920074463,7.599999904632568,7.599999904632568,5.198684215545654,31101600.0
2020-09-30,ASIAN.BK,7.666666030883789,8.0,7.533332824707031,7.733333110809326,5.289888858795166,50551650.0
2020-10-01,ASIAN.BK,7.800000190734863,7.933332920074463,7.733333110809326,7.800000190734863,5.335492134094238,16234800.0
2020-10-02,ASIAN.BK,7.866665840148926,8.399999618530273,7.866665840148926,8.399999618530273,5.745913982391357,81349800.0
2020-10-05,ASIAN.BK,8.466666221618652,8.600000381469727,8.399999618530273,8.533332824707031,5.837118148803711,20316900.0
2020-10-06,ASIAN.BK,8.600000381469727,8.800000190734863,8.199999809265137,8.266666412353516,5.654709815979004,18855150.0
2020-10-07,ASIAN.BK,8.266666412353516,8.600000381469727,8.266666412353516,8.533332824707031,5.837118148803711,8984400.0
2020-10-08,ASIAN.BK,8.533332824707031,9.133333206176758,8.399999618530273,9.133333206176758,6.247542381286621,35797050.0
2020-10-09,ASIAN.BK,9.066665649414062,9.266666412353516,8.733332633972168,9.0,6.156336784362793,29360700.0
2020-10-12,ASIAN.BK,9.0,9.133333206176758,8.866665840148926,9.0,6.156336784362793,8843550.0
2020-10-14,ASIAN.BK,9.133333206176758,9.333333015441895,9.066665649414062,9.333333015441895,6.3843488693237305,11215050.0
2020-10-15,ASIAN.BK,9.333333015441895,9.533332824707031,8.600000381469727,8.733332633972168,5.973926067352295,27844500.0
2020-10-16,ASIAN.BK,8.800000190734863,8.866665840148926,8.133333206176758,8.866665840148926,6.065131187438965,29781600.0
2020-10-19,ASIAN.BK,8.800000190734863,9.0,8.600000381469727,8.733332633972168,5.973926067352295,15769650.0
2020-10-20,ASIAN.BK,8.733332633972168,8.933333396911621,8.666666030883789,8.733332633972168,5.973926067352295,9768900.0
2020-10-21,ASIAN.BK,8.800000190734863,8.933333396911621,8.600000381469727,8.666666030883789,5.928323268890381,11170050.0
2020-10-22,ASIAN.BK,8.600000381469727,8.800000190734863,8.533332824707031,8.600000381469727,5.8827223777771,11168400.0
2020-10-26,ASIAN.BK,8.666666030883789,8.800000190734863,8.600000381469727,8.733332633972168,5.973926067352295,8301000.0
2020-10-27,ASIAN.BK,8.733332633972168,9.199999809265137,8.666666030883789,9.133333206176758,6.247542381286621,24338850.0
2020-10-28,ASIAN.BK,9.133333206176758,9.199999809265137,8.933333396911621,9.0,6.156336784362793,13545150.0
2020-10-29,ASIAN.BK,8.933333396911621,9.066665649414062,8.800000190734863,8.866665840148926,6.065131187438965,9711150.0
2020-10-30,ASIAN.BK,8.866665840148926,9.066665649414062,8.800000190734863,8.800000190734863,6.019529819488525,9472350.0
2020-11-02,ASIAN.BK,8.866665840148926,8.933333396911621,8.733332633972168,8.866665840148926,6.065131187438965,5728350.0
2020-11-03,ASIAN.BK,9.0,9.133333206176758,8.866665840148926,8.933333396911621,6.110733985900879,13155300.0
2020-11-04,ASIAN.BK,8.933333396911621,9.133333206176758,8.800000190734863,9.066665649414062,6.201938629150391,11254950.0
2020-11-05,ASIAN.BK,9.066665649414062,9.333333015441895,8.866665840148926,8.866665840148926,6.065131187438965,21192900.0
2020-11-06,ASIAN.BK,8.933333396911621,9.0,8.733332633972168,8.800000190734863,6.019529819488525,10611900.0
2020-11-09,ASIAN.BK,8.933333396911621,8.933333396911621,8.466666221618652,8.533332824707031,5.837118148803711,17173200.0
2020-11-10,ASIAN.BK,8.466666221618652,8.466666221618652,7.599999904632568,7.733333110809326,5.289888858795166,27980400.0
2020-11-11,ASIAN.BK,8.0,8.333333015441895,7.800000190734863,7.933332920074463,5.426697254180908,30052500.0
2020-11-12,ASIAN.BK,7.933332920074463,8.066665649414062,7.866665840148926,7.866665840148926,5.381093978881836,8336250.0
2020-11-13,ASIAN.BK,7.866665840148926,7.933332920074463,7.800000190734863,7.866665840148926,5.381093978881836,5366700.0
2020-11-16,ASIAN.BK,7.866665840148926,7.933332920074463,7.666666030883789,7.666666030883789,5.24428653717041,8989200.0
2020-11-17,ASIAN.BK,7.599999904632568,8.066665649414062,7.400000095367432,7.599999904632568,5.198684215545654,32454750.0
2020-11-18,ASIAN.BK,7.666666030883789,7.733333110809326,7.3333330154418945,7.466666221618652,5.107479095458984,18315450.0
2020-11-19,ASIAN.BK,7.533332824707031,7.800000190734863,7.466666221618652,7.599999904632568,5.198684215545654,17197200.0
2020-11-20,ASIAN.BK,7.666666030883789,7.733333110809326,7.533332824707031,7.666666030883789,5.24428653717041,8629050.0
2020-11-23,ASIAN.BK,7.733333110809326,7.866665840148926,7.666666030883789,7.666666030883789,5.24428653717041,12923850.0
2020-11-24,ASIAN.BK,7.666666030883789,7.733333110809326,7.533332824707031,7.533332824707031,5.15308141708374,5745150.0
2020-11-25,ASIAN.BK,7.599999904632568,7.599999904632568,7.400000095367432,7.466666221618652,5.107479095458984,7542000.0
2020-11-26,ASIAN.BK,7.466666221618652,7.666666030883789,7.466666221618652,7.599999904632568,5.198684215545654,8562750.0
2020-11-27,ASIAN.BK,7.599999904632568,8.0,7.599999904632568,8.0,5.472300052642822,42533550.0
2020-11-30,ASIAN.BK,8.066665649414062,8.133333206176758,7.800000190734863,7.800000190734863,5.335492134094238,14990100.0
2020-12-01,ASIAN.BK,7.933332920074463,8.133333206176758,7.800000190734863,8.0,5.472300052642822,23409150.0
2020-12-02,ASIAN.BK,8.066665649414062,8.333333015441895,8.0,8.133333206176758,5.563504695892334,48188850.0
2020-12-03,ASIAN.BK,8.133333206176758,8.199999809265137,8.0,8.066665649414062,5.517899990081787,6970650.0
2020-12-04,ASIAN.BK,8.066665649414062,8.266666412353516,8.0,8.066665649414062,5.517899990081787,58714350.0
2020-12-08,ASIAN.BK,8.066665649414062,8.199999809265137,8.0,8.0,5.472300052642822,19655100.0
2020-12-09,ASIAN.BK,8.066665649414062,8.066665649414062,7.599999904632568,7.666666030883789,5.24428653717041,20316150.0
2020-12-14,ASIAN.BK,7.666666030883789,7.800000190734863,7.266665935516357,7.266665935516357,4.9706711769104,38520300.0
2020-12-15,ASIAN.BK,7.266665935516357,7.533332824707031,7.066666126251221,7.533332824707031,5.15308141708374,19290150.0
2020-12-16,ASIAN.BK,7.533332824707031,7.733333110809326,7.400000095367432,7.666666030883789,5.24428653717041,19324350.0
2020-12-17,ASIAN.BK,7.666666030883789,7.866665840148926,7.599999904632568,7.733333110809326,5.289888858795166,22601100.0
2020-12-18,ASIAN.BK,7.733333110809326,7.933332920074463,7.533332824707031,7.666666030883789,5.24428653717041,22048650.0
2020-12-21,ASIAN.BK,6.800000190734863,7.533332824707031,6.733333110809326,6.800000190734863,4.651454448699951,34078350.0
2020-12-22,ASIAN.BK,6.866665840148926,7.066666126251221,6.733333110809326,6.800000190734863,4.651454448699951,46070100.0
2020-12-23,ASIAN.BK,6.800000190734863,6.933332920074463,6.666666030883789,6.800000190734863,4.651454448699951,30644850.0
2020-12-24,ASIAN.BK,6.800000190734863,7.066666126251221,6.733333110809326,7.0,4.788261890411377,29678400.0
2020-12-25,ASIAN.BK,6.866665840148926,7.133333206176758,6.733333110809326,6.866665840148926,4.697056770324707,30587550.0
2020-12-28,ASIAN.BK,6.866665840148926,6.933332920074463,6.666666030883789,6.733333110809326,4.605852127075195,47365800.0
2020-12-29,ASIAN.BK,6.800000190734863,6.800000190734863,6.533332824707031,6.566666126251221,4.491845607757568,45682350.0
2020-12-30,ASIAN.BK,6.599999904632568,6.733333110809326,6.533332824707031,6.533332824707031,4.469044208526611,24913800.0
2021-01-04,ASIAN.BK,6.433332920074463,6.633333206176758,6.400000095367432,6.599999904632568,4.514647006988525,32961600.0
2021-01-05,ASIAN.BK,6.566666126251221,7.0,6.5,7.0,4.788261890411377,60163800.0
2021-01-06,ASIAN.BK,7.0,7.199999809265137,6.866665840148926,7.066666126251221,4.833864212036133,67510050.0
2021-01-07,ASIAN.BK,7.066666126251221,7.266665935516357,6.933332920074463,7.066666126251221,4.833864212036133,50902200.0
2021-01-08,ASIAN.BK,7.133333206176758,7.199999809265137,6.933332920074463,6.933332920074463,4.742659091949463,64156650.0
2021-01-11,ASIAN.BK,7.199999809265137,8.133333206176758,7.133333206176758,8.133333206176758,5.563504695892334,138303600.0
2021-01-12,ASIAN.BK,8.133333206176758,8.466666221618652,7.933332920074463,8.199999809265137,5.609106063842773,85653750.0
2021-01-13,ASIAN.BK,8.266666412353516,8.399999618530273,7.933332920074463,8.133333206176758,5.563504695892334,74514300.0
2021-01-14,ASIAN.BK,8.133333206176758,8.199999809265137,7.800000190734863,7.933332920074463,5.426697254180908,58825350.0
2021-01-15,ASIAN.BK,8.0,8.133333206176758,7.666666030883789,7.800000190734863,5.335492134094238,67244100.0
2021-01-18,ASIAN.BK,7.933332920074463,8.133333206176758,7.866665840148926,8.066665649414062,5.517899990081787,55593150.0
2021-01-19,ASIAN.BK,8.133333206176758,8.333333015441895,8.0,8.133333206176758,5.563504695892334,48228900.0
2021-01-20,ASIAN.BK,8.199999809265137,8.399999618530273,8.0,8.266666412353516,5.654709815979004,55945200.0
2021-01-21,ASIAN.BK,8.333333015441895,8.533332824707031,8.266666412353516,8.466666221618652,5.7915167808532715,46161300.0
2021-01-22,ASIAN.BK,8.466666221618652,8.866665840148926,8.333333015441895,8.733332633972168,5.973926067352295,89543400.0
2021-01-25,ASIAN.BK,8.800000190734863,9.133333206176758,8.333333015441895,8.399999618530273,5.745913982391357,98929350.0
2021-01-26,ASIAN.BK,8.466666221618652,8.666666030883789,8.066665649414062,8.266666412353516,5.654709815979004,61738200.0
2021-01-27,ASIAN.BK,8.266666412353516,8.533332824707031,8.199999809265137,8.399999618530273,5.745913982391357,48501150.0
2021-01-28,ASIAN.BK,8.333333015441895,8.600000381469727,8.199999809265137,8.399999618530273,5.745913982391357,43389450.0
2021-01-29,ASIAN.BK,8.399999618530273,8.666666030883789,8.333333015441895,8.666666030883789,5.928323268890381,49732050.0
2021-02-01,ASIAN.BK,8.600000381469727,8.866665840148926,8.600000381469727,8.666666030883789,5.928323268890381,35003250.0
2021-02-02,ASIAN.BK,8.800000190734863,8.933333396911621,8.733332633972168,8.800000190734863,6.019529819488525,47397750.0
2021-02-03,ASIAN.BK,8.866665840148926,9.0,8.800000190734863,8.866665840148926,6.065131187438965,13505850.0
2021-02-04,ASIAN.BK,8.933333396911621,8.933333396911621,8.666666030883789,8.800000190734863,6.019529819488525,16332300.0
2021-02-05,ASIAN.BK,8.866665840148926,8.933333396911621,8.733332633972168,8.866665840148926,6.065131187438965,8057850.0
2021-02-08,ASIAN.BK,8.933333396911621,9.066665649414062,8.800000190734863,8.933333396911621,6.110733985900879,13264800.0
2021-02-09,ASIAN.BK,9.133333206176758,9.399999618530273,9.133333206176758,9.199999809265137,6.2931437492370605,29615100.0
2021-02-10,ASIAN.BK,9.199999809265137,9.199999809265137,8.933333396911621,9.0,6.156336784362793,16043550.0
2021-02-11,ASIAN.BK,9.066665649414062,9.133333206176758,8.866665840148926,8.933333396911621,6.110733985900879,7473900.0
2021-02-15,ASIAN.BK,8.933333396911621,9.0,8.866665840148926,9.0,6.156336784362793,4860000.0
2021-02-16,ASIAN.BK,9.0,9.066665649414062,8.933333396911621,8.933333396911621,6.110733985900879,2643150.0
2021-02-17,ASIAN.BK,8.933333396911621,9.066665649414062,8.800000190734863,9.0,6.156336784362793,9672600.0
2021-02-18,ASIAN.BK,9.066665649414062,9.666666030883789,9.0,9.666666030883789,6.612361907958984,38271000.0
2021-02-19,ASIAN.BK,9.600000381469727,10.0,8.800000190734863,9.0,6.156336784362793,48096600.0
2021-02-22,ASIAN.BK,9.0,9.0,8.466666221618652,8.466666221618652,5.7915167808532715,22128300.0
2021-02-23,ASIAN.BK,8.533332824707031,8.600000381469727,8.466666221618652,8.533332824707031,5.837118148803711,6159450.0
2021-02-24,ASIAN.BK,8.600000381469727,8.666666030883789,8.533332824707031,8.600000381469727,5.8827223777771,4454250.0
2021-02-25,ASIAN.BK,8.666666030883789,9.066665649414062,8.666666030883789,8.933333396911621,6.110733985900879,12634500.0
2021-03-01,ASIAN.BK,9.266666412353516,9.399999618530273,9.0,8.933333396911621,6.110733985900879,20398950.0
2021-03-02,ASIAN.BK,9.466666221618652,9.533332824707031,9.333333015441895,9.333333015441895,6.3843488693237305,6212550.0
2021-03-03,ASIAN.BK,9.533332824707031,9.800000190734863,9.399999618530273,9.600000381469727,6.566758632659912,17665500.0
2021-03-04,ASIAN.BK,9.600000381469727,9.666666030883789,9.466666221618652,9.466666221618652,6.4755539894104,10422900.0
2021-03-05,ASIAN.BK,9.533332824707031,9.666666030883789,9.466666221618652,9.600000381469727,6.566758632659912,4434600.0
2021-03-08,ASIAN.BK,9.733332633972168,10.533332824707031,9.666666030883789,10.466666221618652,7.1595916748046875,38596200.0
2021-03-09,ASIAN.BK,10.600000381469727,10.666666030883789,10.266666412353516,10.600000381469727,7.25079870223999,12124950.0
2021-03-10,ASIAN.BK,10.800000190734863,11.199999809265137,10.600000381469727,10.933333396911621,7.478809833526611,15274800.0
2021-03-11,ASIAN.BK,11.066665649414062,11.266666412353516,10.866665840148926,11.0,7.524411678314209,9307950.0
2021-03-12,ASIAN.BK,11.133333206176758,11.133333206176758,10.733332633972168,10.866665840148926,7.433206558227539,9063000.0
2021-03-15,ASIAN.BK,10.933333396911621,11.0,10.800000190734863,10.933333396911621,7.478809833526611,5753100.0
2021-03-16,ASIAN.BK,11.066665649414062,11.266666412353516,11.0,11.0,7.524411678314209,10369200.0
2021-03-17,ASIAN.BK,11.066665649414062,11.399999618530273,11.0,11.399999618530273,7.798027515411377,9458400.0
2021-03-18,ASIAN.BK,11.600000381469727,11.733332633972168,11.466666221618652,11.466666221618652,7.843628406524658,8557650.0
2021-03-19,ASIAN.BK,11.533332824707031,11.733332633972168,11.466666221618652,11.733332633972168,8.02603816986084,2818650.0
2021-03-22,ASIAN.BK,11.800000190734863,11.866665840148926,11.600000381469727,11.666666030883789,7.980436325073242,4969500.0
2021-03-23,ASIAN.BK,11.733332633972168,14.399999618530273,11.666666030883789,13.666666030883789,9.348511695861816,51618150.0
2021-03-24,ASIAN.BK,13.666666030883789,14.600000381469727,13.466666221618652,14.533332824707031,9.941343307495117,28315800.0
2021-03-25,ASIAN.BK,14.800000190734863,15.533332824707031,14.533332824707031,15.0,10.260560989379883,21593400.0
2021-03-26,ASIAN.BK,15.0,15.466666221618652,14.466666221618652,14.600000381469727,9.986947059631348,16590000.0
2021-03-29,ASIAN.BK,14.600000381469727,14.666666030883789,14.399999618530273,14.600000381469727,9.986947059631348,4131450.0
2021-03-30,ASIAN.BK,14.666666030883789,14.866665840148926,14.533332824707031,14.666666030883789,10.032548904418945,5284950.0
2021-03-31,ASIAN.BK,14.800000190734863,15.199999809265137,14.733332633972168,15.0,10.260560989379883,8713050.0
2021-04-01,ASIAN.BK,15.133333206176758,15.399999618530273,15.0,15.133333206176758,10.351765632629395,12964050.0
2021-04-02,ASIAN.BK,15.199999809265137,15.199999809265137,14.800000190734863,14.800000190734863,10.123754501342773,6975600.0
2021-04-05,ASIAN.BK,14.866665840148926,15.066665649414062,14.733332633972168,14.866665840148926,10.169357299804688,3532200.0
2021-04-07,ASIAN.BK,14.733332633972168,14.866665840148926,14.133333206176758,14.533332824707031,9.941343307495117,7628400.0
2021-04-08,ASIAN.BK,14.399999618530273,14.733332633972168,14.399999618530273,14.666666030883789,10.032548904418945,3179850.0
2021-04-09,ASIAN.BK,14.666666030883789,14.866665840148926,14.466666221618652,14.466666221618652,9.895739555358887,3294750.0
2021-04-12,ASIAN.BK,14.533332824707031,14.533332824707031,13.933333396911621,13.933333396911621,9.530922889709473,7084800.0
2021-04-16,ASIAN.BK,13.933333396911621,14.399999618530273,13.399999618530273,14.399999618530273,9.850139617919922,5404200.0
2021-04-19,ASIAN.BK,14.600000381469727,15.133333206176758,14.600000381469727,15.133333206176758,10.351765632629395,8211450.0
2021-04-20,ASIAN.BK,15.199999809265137,15.933333396911621,15.199999809265137,15.600000381469727,10.670984268188477,14458350.0
2021-04-21,ASIAN.BK,15.733332633972168,15.800000190734863,15.466666221618652,15.666666030883789,10.716586112976074,5199900.0
2021-04-22,ASIAN.BK,15.866665840148926,16.0,15.533332824707031,15.533332824707031,10.625381469726562,4827150.0
2021-04-23,ASIAN.BK,15.600000381469727,15.666666030883789,15.133333206176758,15.266666412353516,10.442971229553223,6766050.0
2021-04-26,ASIAN.BK,15.399999618530273,16.0,15.399999618530273,16.0,10.944600105285645,9501750.0
2021-04-27,ASIAN.BK,16.66666603088379,18.833332061767578,16.600000381469727,18.5,12.654691696166992,26760300.0
2021-04-28,ASIAN.BK,18.66666603088379,19.0,16.833332061767578,17.5,11.97065544128418,39481875.0
2021-04-29,ASIAN.BK,18.0,18.5,16.899999618530273,17.0,12.005967140197754,40852400.0
2021-04-30,ASIAN.BK,17.0,17.0,16.299999237060547,16.299999237060547,11.511604309082031,19228800.0
2021-05-05,ASIAN.BK,16.100000381469727,17.0,16.100000381469727,16.299999237060547,11.511604309082031,22574700.0
2021-05-06,ASIAN.BK,16.5,16.600000381469727,15.899999618530273,15.899999618530273,11.229109764099121,14043200.0
2021-05-07,ASIAN.BK,16.100000381469727,16.100000381469727,15.399999618530273,15.5,10.946616172790527,10208800.0
2021-05-10,ASIAN.BK,15.300000190734863,15.600000381469727,15.0,15.600000381469727,11.017240524291992,10121700.0
2021-05-11,ASIAN.BK,16.0,16.799999237060547,15.800000190734863,16.600000381469727,11.72347354888916,30361600.0
2021-05-12,ASIAN.BK,16.299999237060547,16.600000381469727,16.200000762939453,16.200000762939453,11.440980911254883,11203600.0
2021-05-13,ASIAN.BK,15.800000190734863,16.100000381469727,14.5,15.600000381469727,11.017240524291992,10224400.0
2021-05-14,ASIAN.BK,15.899999618530273,16.0,15.399999618530273,15.5,10.946616172790527,5348800.0
2021-05-17,ASIAN.BK,15.399999618530273,15.600000381469727,15.0,15.300000190734863,10.805370330810547,3808800.0
2021-05-18,ASIAN.BK,15.399999618530273,15.699999809265137,15.399999618530273,15.5,10.946616172790527,2111500.0
2021-05-19,ASIAN.BK,15.5,15.5,14.5,14.5,10.240384101867676,13000000.0
2021-05-20,ASIAN.BK,14.5,15.0,13.899999618530273,14.399999618530273,10.169760704040527,30457100.0
2021-05-21,ASIAN.BK,14.899999618530273,15.0,14.399999618530273,14.5,10.240384101867676,21279800.0
2021-05-24,ASIAN.BK,14.600000381469727,14.600000381469727,14.0,14.100000381469727,9.957889556884766,11230100.0
2021-05-25,ASIAN.BK,14.0,14.399999618530273,14.0,14.300000190734863,10.099136352539062,6318900.0
2021-05-27,ASIAN.BK,14.300000190734863,14.600000381469727,14.199999809265137,14.199999809265137,10.028512954711914,5185000.0
2021-05-28,ASIAN.BK,14.199999809265137,14.399999618530273,14.100000381469727,14.199999809265137,10.028512954711914,5671600.0
2021-05-31,ASIAN.BK,14.199999809265137,14.300000190734863,13.899999618530273,14.0,9.887266159057617,6306500.0
2021-06-01,ASIAN.BK,14.0,14.5,13.899999618530273,14.300000190734863,10.099136352539062,9853300.0
2021-06-02,ASIAN.BK,14.399999618530273,15.100000381469727,14.300000190734863,15.100000381469727,10.66412353515625,33638600.0
2021-06-04,ASIAN.BK,15.0,15.800000190734863,15.0,15.5,10.946616172790527,23710300.0
2021-06-07,ASIAN.BK,15.800000190734863,15.899999618530273,15.199999809265137,15.300000190734863,10.805370330810547,14920000.0
2021-06-08,ASIAN.BK,15.5,15.600000381469727,15.199999809265137,15.399999618530273,10.875992774963379,7407300.0
2021-06-09,ASIAN.BK,15.300000190734863,15.399999618530273,15.0,15.100000381469727,10.66412353515625,7399400.0
2021-06-10,ASIAN.BK,15.100000381469727,15.199999809265137,14.600000381469727,14.600000381469727,10.311007499694824,11479800.0
2021-06-11,ASIAN.BK,14.699999809265137,14.899999618530273,14.5,14.699999809265137,10.38162899017334,6273100.0
2021-06-14,ASIAN.BK,14.600000381469727,14.699999809265137,14.300000190734863,14.5,10.240384101867676,6253500.0
2021-06-15,ASIAN.BK,14.5,15.100000381469727,14.300000190734863,14.699999809265137,10.38162899017334,11069400.0
2021-06-16,ASIAN.BK,14.800000190734863,15.0,14.5,14.5,10.240384101867676,5263700.0
2021-06-17,ASIAN.BK,14.5,14.800000190734863,14.5,14.600000381469727,10.311007499694824,3474400.0
2021-06-18,ASIAN.BK,14.800000190734863,15.600000381469727,14.800000190734863,15.600000381469727,11.017240524291992,37132300.0
2021-06-21,ASIAN.BK,15.5,16.299999237060547,15.399999618530273,15.899999618530273,11.229109764099121,56577600.0
2021-06-22,ASIAN.BK,16.100000381469727,16.299999237060547,15.699999809265137,15.699999809265137,11.087862014770508,17029900.0
2021-06-23,ASIAN.BK,15.899999618530273,16.0,15.5,15.600000381469727,11.017240524291992,9893800.0
2021-06-24,ASIAN.BK,15.699999809265137,15.699999809265137,15.100000381469727,15.399999618530273,10.875992774963379,10836700.0
2021-06-25,ASIAN.BK,15.600000381469727,16.100000381469727,15.399999618530273,15.699999809265137,11.087862014770508,16434300.0
2021-06-28,ASIAN.BK,15.5,16.299999237060547,15.399999618530273,16.299999237060547,11.511604309082031,18953800.0
2021-06-29,ASIAN.BK,16.5,16.600000381469727,16.100000381469727,16.200000762939453,11.440980911254883,21527200.0
2021-06-30,ASIAN.BK,16.399999618530273,16.600000381469727,16.200000762939453,16.399999618530273,11.58222484588623,20194400.0
2021-07-01,ASIAN.BK,16.5,16.899999618530273,16.5,16.600000381469727,11.72347354888916,17834200.0
2021-07-02,ASIAN.BK,16.799999237060547,16.899999618530273,16.200000762939453,16.399999618530273,11.58222484588623,14428700.0
2021-07-05,ASIAN.BK,16.399999618530273,16.399999618530273,16.100000381469727,16.299999237060547,11.511604309082031,5211100.0
2021-07-06,ASIAN.BK,16.399999618530273,16.600000381469727,16.299999237060547,16.600000381469727,11.72347354888916,7530900.0
2021-07-07,ASIAN.BK,16.600000381469727,17.799999237060547,16.399999618530273,17.399999618530273,12.288459777832031,39984000.0
2021-07-08,ASIAN.BK,17.200000762939453,17.700000762939453,16.700000762939453,16.799999237060547,11.86471939086914,31356100.0
2021-07-09,ASIAN.BK,17.0,17.799999237060547,16.700000762939453,17.5,12.359084129333496,36837300.0
2021-07-12,ASIAN.BK,17.700000762939453,19.0,17.5,18.899999618530273,13.347808837890625,56670600.0
2021-07-13,ASIAN.BK,18.799999237060547,18.899999618530273,18.299999237060547,18.899999618530273,13.347808837890625,14480600.0
2021-07-14,ASIAN.BK,18.899999618530273,19.899999618530273,18.899999618530273,19.700000762939453,13.912797927856445,28441500.0
2021-07-15,ASIAN.BK,19.799999237060547,21.200000762939453,19.700000762939453,21.0,14.830899238586426,29863600.0
2021-07-16,ASIAN.BK,21.0,21.399999618530273,19.0,19.299999237060547,13.630301475524902,78048800.0
2021-07-19,ASIAN.BK,19.200000762939453,19.600000381469727,19.0,19.399999618530273,13.700925827026367,17588400.0
2021-07-20,ASIAN.BK,19.600000381469727,19.700000762939453,19.0,19.100000381469727,13.489056587219238,12803500.0
2021-07-21,ASIAN.BK,19.299999237060547,20.299999237060547,19.100000381469727,20.200000762939453,14.265913009643555,24397400.0
2021-07-22,ASIAN.BK,20.0,20.5,19.799999237060547,20.200000762939453,14.265913009643555,11991700.0
2021-07-23,ASIAN.BK,20.299999237060547,20.799999237060547,20.100000381469727,20.799999237060547,14.689653396606445,13786000.0
2021-07-27,ASIAN.BK,21.0,21.0,20.100000381469727,20.5,14.477783203125,11783800.0
2021-07-29,ASIAN.BK,20.5,20.5,19.299999237060547,19.399999618530273,13.700925827026367,20391500.0
2021-07-30,ASIAN.BK,19.600000381469727,19.799999237060547,19.200000762939453,19.399999618530273,13.700925827026367,8219300.0
2021-08-02,ASIAN.BK,19.200000762939453,19.600000381469727,19.100000381469727,19.200000762939453,13.55967903137207,7676700.0
2021-08-03,ASIAN.BK,19.200000762939453,20.700000762939453,19.200000762939453,20.5,14.477783203125,19620500.0
2021-08-04,ASIAN.BK,20.299999237060547,20.600000381469727,19.700000762939453,19.899999618530273,14.054044723510742,11584100.0
2021-08-05,ASIAN.BK,20.200000762939453,21.0,20.100000381469727,20.700000762939453,14.619029998779297,20440400.0
2021-08-06,ASIAN.BK,20.799999237060547,22.399999618530273,20.799999237060547,22.0,15.53713321685791,42088100.0
2021-08-09,ASIAN.BK,22.299999237060547,22.899999618530273,22.200000762939453,22.200000762939453,15.678380966186523,15726600.0
2021-08-10,ASIAN.BK,22.299999237060547,22.399999618530273,20.700000762939453,21.0,14.830899238586426,23738100.0
2021-08-11,ASIAN.BK,20.799999237060547,20.899999618530273,18.5,18.700000762939453,13.206563949584961,58033000.0
2021-08-13,ASIAN.BK,18.799999237060547,19.299999237060547,17.600000381469727,17.600000381469727,12.429707527160645,29702100.0
2021-08-16,ASIAN.BK,16.5,18.600000381469727,16.5,18.299999237060547,12.924071311950684,29741100.0
2021-08-17,ASIAN.BK,18.200000762939453,18.200000762939453,17.399999618530273,17.5,12.359084129333496,15501600.0
2021-08-18,ASIAN.BK,17.700000762939453,17.899999618530273,16.899999618530273,17.200000762939453,12.147214889526367,10492300.0
2021-08-19,ASIAN.BK,17.200000762939453,17.700000762939453,17.200000762939453,17.399999618530273,12.288459777832031,9127100.0
2021-08-20,ASIAN.BK,17.600000381469727,17.600000381469727,17.200000762939453,17.299999237060547,12.217836380004883,6710400.0
2021-08-23,ASIAN.BK,17.200000762939453,17.299999237060547,16.799999237060547,17.200000762939453,12.325325012207031,8908800.0
2021-08-24,ASIAN.BK,17.200000762939453,17.399999618530273,17.0,17.0,12.182008743286133,7650400.0
2021-08-25,ASIAN.BK,17.100000381469727,17.700000762939453,17.0,17.600000381469727,12.611958503723145,9987300.0
2021-08-26,ASIAN.BK,17.700000762939453,18.0,17.600000381469727,17.700000762939453,12.683618545532227,7657500.0
2021-08-27,ASIAN.BK,17.799999237060547,18.0,17.5,17.5,12.540300369262695,5292900.0
2021-08-30,ASIAN.BK,17.600000381469727,17.600000381469727,17.100000381469727,17.200000762939453,12.325325012207031,7210000.0
2021-08-31,ASIAN.BK,17.200000762939453,17.600000381469727,17.100000381469727,17.399999618530273,12.468642234802246,6843800.0
2021-09-01,ASIAN.BK,17.5,17.600000381469727,17.100000381469727,17.100000381469727,12.253666877746582,4952800.0
2021-09-02,ASIAN.BK,17.100000381469727,17.5,17.100000381469727,17.399999618530273,12.468642234802246,9273600.0
2021-09-03,ASIAN.BK,17.5,17.5,17.100000381469727,17.200000762939453,12.325325012207031,2622300.0
2021-09-06,ASIAN.BK,17.200000762939453,17.299999237060547,17.200000762939453,17.200000762939453,12.325325012207031,2232500.0
2021-09-07,ASIAN.BK,17.299999237060547,17.700000762939453,17.200000762939453,17.399999618530273,12.468642234802246,11230900.0
2021-09-08,ASIAN.BK,17.700000762939453,18.600000381469727,17.700000762939453,18.399999618530273,13.18523120880127,33291000.0
2021-09-09,ASIAN.BK,18.700000762939453,18.899999618530273,18.399999618530273,18.399999618530273,13.18523120880127,19082000.0
2021-09-10,ASIAN.BK,18.600000381469727,18.700000762939453,18.100000381469727,18.299999237060547,13.113572120666504,6661600.0
2021-09-13,ASIAN.BK,18.299999237060547,18.899999618530273,18.299999237060547,18.700000762939453,13.40020751953125,14193000.0
2021-09-14,ASIAN.BK,18.799999237060547,18.899999618530273,18.299999237060547,18.399999618530273,13.18523120880127,7091400.0
2021-09-15,ASIAN.BK,18.5,18.600000381469727,18.200000762939453,18.299999237060547,13.113572120666504,3961800.0
2021-09-16,ASIAN.BK,18.399999618530273,18.700000762939453,18.399999618530273,18.600000381469727,13.3285493850708,4436800.0
2021-09-17,ASIAN.BK,18.799999237060547,18.799999237060547,18.399999618530273,18.600000381469727,13.3285493850708,7998900.0
2021-09-20,ASIAN.BK,18.700000762939453,19.0,17.600000381469727,17.899999618530273,12.826935768127441,22984100.0
2021-09-21,ASIAN.BK,18.0,18.200000762939453,17.600000381469727,18.0,12.898595809936523,5246300.0
2021-09-22,ASIAN.BK,18.100000381469727,18.399999618530273,18.100000381469727,18.299999237060547,13.113572120666504,5448500.0
2021-09-23,ASIAN.BK,18.399999618530273,18.5,18.0,18.0,12.898595809936523,5705200.0
2021-09-27,ASIAN.BK,18.100000381469727,18.100000381469727,17.200000762939453,17.200000762939453,12.325325012207031,8319000.0
2021-09-28,ASIAN.BK,17.200000762939453,17.600000381469727,17.200000762939453,17.600000381469727,12.611958503723145,4844800.0
2021-09-29,ASIAN.BK,17.700000762939453,18.0,17.700000762939453,17.700000762939453,12.683618545532227,5722900.0
2021-09-30,ASIAN.BK,17.799999237060547,17.799999237060547,17.299999237060547,17.299999237060547,12.39698314666748,2487700.0
2021-10-01,ASIAN.BK,17.200000762939453,17.399999618530273,17.200000762939453,17.200000762939453,12.325325012207031,2336400.0
2021-10-04,ASIAN.BK,17.399999618530273,17.5,17.100000381469727,17.200000762939453,12.325325012207031,3537100.0
2021-10-05,ASIAN.BK,17.100000381469727,17.299999237060547,16.799999237060547,16.799999237060547,12.038689613342285,6681300.0
2021-10-06,ASIAN.BK,16.799999237060547,17.0,16.700000762939453,17.0,12.182008743286133,3316700.0
2021-10-07,ASIAN.BK,17.0,17.299999237060547,16.899999618530273,17.0,12.182008743286133,4338700.0
2021-10-08,ASIAN.BK,17.100000381469727,17.200000762939453,17.0,17.100000381469727,12.253666877746582,2457000.0
2021-10-11,ASIAN.BK,17.100000381469727,17.200000762939453,16.899999618530273,16.899999618530273,12.110347747802734,3156600.0
2021-10-12,ASIAN.BK,16.799999237060547,16.799999237060547,16.200000762939453,16.299999237060547,11.680395126342773,11256800.0
2021-10-14,ASIAN.BK,16.600000381469727,17.100000381469727,16.399999618530273,17.0,12.182008743286133,10839800.0
2021-10-15,ASIAN.BK,17.0,17.0,16.100000381469727,16.100000381469727,11.537077903747559,11925300.0
2021-10-18,ASIAN.BK,16.299999237060547,16.299999237060547,15.699999809265137,15.800000190734863,11.322100639343262,7952900.0
2021-10-19,ASIAN.BK,16.200000762939453,16.299999237060547,15.899999618530273,16.100000381469727,11.537077903747559,7882000.0
2021-10-20,ASIAN.BK,16.100000381469727,16.100000381469727,15.800000190734863,15.899999618530273,11.393758773803711,3716400.0
2021-10-21,ASIAN.BK,15.800000190734863,16.0,15.699999809265137,16.0,11.465417861938477,4724800.0
2021-10-25,ASIAN.BK,15.899999618530273,16.0,15.699999809265137,15.800000190734863,11.322100639343262,4261700.0
2021-10-26,ASIAN.BK,16.0,16.100000381469727,15.800000190734863,15.899999618530273,11.393758773803711,6544200.0
2021-10-27,ASIAN.BK,16.0,16.200000762939453,15.899999618530273,16.0,11.465417861938477,6032700.0
2021-10-28,ASIAN.BK,16.0,16.100000381469727,15.899999618530273,16.0,11.465417861938477,1839000.0
2021-10-29,ASIAN.BK,16.0,16.0,15.800000190734863,15.800000190734863,11.322100639343262,1400500.0
2021-11-01,ASIAN.BK,15.899999618530273,16.200000762939453,15.800000190734863,15.899999618530273,11.393758773803711,4445200.0
2021-11-02,ASIAN.BK,16.0,16.0,15.5,15.600000381469727,11.17878246307373,4994300.0
2021-11-03,ASIAN.BK,15.699999809265137,15.800000190734863,15.600000381469727,15.600000381469727,11.17878246307373,1268200.0
2021-11-04,ASIAN.BK,15.600000381469727,15.800000190734863,15.5,15.699999809265137,11.250441551208496,758600.0
2021-11-05,ASIAN.BK,15.699999809265137,15.800000190734863,15.600000381469727,15.699999809265137,11.250441551208496,444600.0
2021-11-08,ASIAN.BK,15.699999809265137,15.699999809265137,15.5,15.5,11.107123374938965,1394300.0
2021-11-09,ASIAN.BK,15.5,16.200000762939453,15.5,16.200000762939453,11.608736991882324,6578300.0
2021-11-10,ASIAN.BK,16.600000381469727,16.700000762939453,16.399999618530273,16.600000381469727,11.895373344421387,8071700.0
2021-11-11,ASIAN.BK,16.600000381469727,16.600000381469727,16.399999618530273,16.5,11.823713302612305,1641100.0
2021-11-12,ASIAN.BK,16.5,16.600000381469727,16.299999237060547,16.299999237060547,11.680395126342773,1428600.0
2021-11-15,ASIAN.BK,16.299999237060547,16.5,15.899999618530273,16.0,11.465417861938477,3808500.0
2021-11-16,ASIAN.BK,15.899999618530273,16.100000381469727,15.899999618530273,15.899999618530273,11.393758773803711,2039000.0
2021-11-17,ASIAN.BK,16.0,16.200000762939453,16.0,16.100000381469727,11.537077903747559,1487500.0
2021-11-18,ASIAN.BK,16.0,16.200000762939453,15.899999618530273,16.100000381469727,11.537077903747559,1326800.0
2021-11-19,ASIAN.BK,16.0,16.399999618530273,16.0,16.200000762939453,11.608736991882324,3068400.0
2021-11-22,ASIAN.BK,16.200000762939453,16.799999237060547,16.200000762939453,16.700000762939453,11.967031478881836,8328100.0
2021-11-23,ASIAN.BK,16.799999237060547,17.299999237060547,16.600000381469727,17.299999237060547,12.39698314666748,12331600.0
2021-11-24,ASIAN.BK,17.399999618530273,17.399999618530273,17.0,17.0,12.182008743286133,7409100.0
2021-11-25,ASIAN.BK,17.299999237060547,17.5,17.200000762939453,17.5,12.540300369262695,10927500.0
2021-11-26,ASIAN.BK,17.600000381469727,17.600000381469727,16.899999618530273,17.0,12.182008743286133,12617100.0
2021-11-29,ASIAN.BK,16.899999618530273,17.200000762939453,16.600000381469727,16.600000381469727,11.895373344421387,6204000.0
2021-11-30,ASIAN.BK,16.899999618530273,17.0,16.200000762939453,16.299999237060547,11.680395126342773,4652100.0
2021-12-01,ASIAN.BK,16.5,16.5,16.100000381469727,16.299999237060547,11.680395126342773,3076000.0
2021-12-02,ASIAN.BK,16.100000381469727,16.200000762939453,15.800000190734863,15.800000190734863,11.322100639343262,3207900.0
2021-12-03,ASIAN.BK,15.899999618530273,16.100000381469727,15.899999618530273,15.899999618530273,11.393758773803711,1154800.0
2021-12-07,ASIAN.BK,15.899999618530273,16.299999237060547,15.899999618530273,16.299999237060547,11.680395126342773,2611100.0
2021-12-08,ASIAN.BK,16.399999618530273,16.5,16.299999237060547,16.299999237060547,11.680395126342773,1488500.0
2021-12-09,ASIAN.BK,16.399999618530273,17.200000762939453,16.299999237060547,17.100000381469727,12.253666877746582,7700900.0
2021-12-13,ASIAN.BK,17.200000762939453,17.299999237060547,16.899999618530273,16.899999618530273,12.110347747802734,2178600.0
2021-12-14,ASIAN.BK,16.799999237060547,17.0,16.799999237060547,16.899999618530273,12.110347747802734,1455400.0
2021-12-15,ASIAN.BK,16.899999618530273,16.899999618530273,16.600000381469727,16.700000762939453,11.967031478881836,1520400.0
2021-12-16,ASIAN.BK,16.799999237060547,17.299999237060547,16.799999237060547,17.0,12.182008743286133,4924300.0
2021-12-17,ASIAN.BK,16.899999618530273,17.0,16.799999237060547,16.899999618530273,12.110347747802734,1332100.0
2021-12-20,ASIAN.BK,16.799999237060547,16.799999237060547,16.600000381469727,16.700000762939453,11.967031478881836,1740300.0
2021-12-21,ASIAN.BK,16.899999618530273,17.200000762939453,16.799999237060547,17.0,12.182008743286133,3097800.0
2021-12-22,ASIAN.BK,17.100000381469727,17.899999618530273,17.100000381469727,17.799999237060547,12.75527572631836,23621600.0
2021-12-23,ASIAN.BK,18.100000381469727,18.200000762939453,17.899999618530273,18.0,12.898595809936523,12582800.0
2021-12-24,ASIAN.BK,18.0,18.100000381469727,17.700000762939453,18.0,12.898595809936523,5339900.0
2021-12-27,ASIAN.BK,18.0,18.5,18.0,18.299999237060547,13.113572120666504,10092100.0
2021-12-28,ASIAN.BK,18.399999618530273,18.5,17.299999237060547,17.700000762939453,12.683618545532227,9356900.0
2021-12-29,ASIAN.BK,17.799999237060547,18.200000762939453,17.799999237060547,18.0,12.898595809936523,4906600.0
2021-12-30,ASIAN.BK,18.100000381469727,18.100000381469727,17.799999237060547,17.899999618530273,12.826935768127441,4070100.0
2022-01-04,ASIAN.BK,18.0,18.299999237060547,17.5,18.100000381469727,12.970255851745605,8776400.0
2022-01-05,ASIAN.BK,18.100000381469727,18.200000762939453,17.600000381469727,17.899999618530273,12.826935768127441,5563600.0
2022-01-06,ASIAN.BK,17.899999618530273,17.899999618530273,17.600000381469727,17.799999237060547,12.75527572631836,4099800.0
2022-01-07,ASIAN.BK,17.799999237060547,18.299999237060547,17.600000381469727,18.100000381469727,12.970255851745605,7714000.0
2022-01-10,ASIAN.BK,18.100000381469727,18.799999237060547,18.0,18.700000762939453,13.40020751953125,17971500.0
2022-01-11,ASIAN.BK,18.700000762939453,18.799999237060547,18.5,18.600000381469727,13.3285493850708,4874500.0
2022-01-12,ASIAN.BK,18.700000762939453,19.200000762939453,18.600000381469727,18.899999618530273,13.543525695800781,11674600.0
2022-01-13,ASIAN.BK,19.0,19.100000381469727,18.5,18.700000762939453,13.40020751953125,7865800.0
2022-01-14,ASIAN.BK,18.700000762939453,18.899999618530273,18.5,18.600000381469727,13.3285493850708,5568500.0
2022-01-17,ASIAN.BK,18.600000381469727,19.200000762939453,18.600000381469727,19.0,13.615184783935547,5581700.0
2022-01-18,ASIAN.BK,19.100000381469727,19.100000381469727,17.700000762939453,17.899999618530273,12.826935768127441,19718200.0
2022-01-19,ASIAN.BK,17.600000381469727,17.799999237060547,17.299999237060547,17.399999618530273,12.468642234802246,6738300.0
2022-01-20,ASIAN.BK,17.399999618530273,17.700000762939453,16.399999618530273,16.600000381469727,11.895373344421387,9555100.0
2022-01-21,ASIAN.BK,16.700000762939453,17.399999618530273,16.600000381469727,17.299999237060547,12.39698314666748,7858500.0
2022-01-24,ASIAN.BK,17.200000762939453,17.399999618530273,16.899999618530273,16.899999618530273,12.110347747802734,2153100.0
2022-01-25,ASIAN.BK,16.799999237060547,17.0,16.399999618530273,16.799999237060547,12.038689613342285,4994600.0
2022-01-26,ASIAN.BK,16.799999237060547,16.899999618530273,16.399999618530273,16.5,11.823713302612305,3052900.0
2022-01-27,ASIAN.BK,16.399999618530273,16.399999618530273,16.0,16.200000762939453,11.608736991882324,5478900.0
2022-01-28,ASIAN.BK,16.399999618530273,16.600000381469727,16.399999618530273,16.600000381469727,11.895373344421387,1842400.0
2022-01-31,ASIAN.BK,16.600000381469727,16.700000762939453,16.5,16.5,11.823713302612305,1030800.0
2022-02-01,ASIAN.BK,16.600000381469727,17.0,16.5,16.799999237060547,12.038689613342285,5611800.0
2022-02-02,ASIAN.BK,17.0,17.0,16.799999237060547,17.0,12.182008743286133,1874000.0
2022-02-03,ASIAN.BK,17.100000381469727,17.5,17.100000381469727,17.399999618530273,12.468642234802246,4724300.0
2022-02-04,ASIAN.BK,17.399999618530273,17.5,17.200000762939453,17.299999237060547,12.39698314666748,2119600.0
2022-02-07,ASIAN.BK,17.399999618530273,17.399999618530273,16.799999237060547,17.0,12.182008743286133,2653400.0
2022-02-08,ASIAN.BK,17.0,17.100000381469727,16.799999237060547,17.0,12.182008743286133,1398000.0
2022-02-09,ASIAN.BK,17.100000381469727,17.100000381469727,16.700000762939453,16.700000762939453,11.967031478881836,1692400.0
2022-02-10,ASIAN.BK,16.600000381469727,16.700000762939453,16.299999237060547,16.399999618530273,11.752053260803223,5299200.0
2022-02-11,ASIAN.BK,16.399999618530273,16.5,16.100000381469727,16.299999237060547,11.680395126342773,4288900.0
2022-02-14,ASIAN.BK,16.299999237060547,16.299999237060547,16.0,16.0,11.465417861938477,4160800.0
2022-02-15,ASIAN.BK,16.100000381469727,16.299999237060547,15.699999809265137,16.0,11.465417861938477,3709500.0
2022-02-17,ASIAN.BK,16.200000762939453,16.200000762939453,15.899999618530273,16.100000381469727,11.537077903747559,2237800.0
2022-02-18,ASIAN.BK,16.100000381469727,16.200000762939453,16.0,16.100000381469727,11.537077903747559,1103200.0
2022-02-21,ASIAN.BK,16.100000381469727,16.5,16.0,16.5,11.823713302612305,4184200.0
2022-02-22,ASIAN.BK,16.399999618530273,16.399999618530273,16.0,16.100000381469727,11.537077903747559,4388400.0
2022-02-23,ASIAN.BK,16.200000762939453,16.399999618530273,16.200000762939453,16.299999237060547,11.680395126342773,1755800.0
2022-02-24,ASIAN.BK,16.200000762939453,16.299999237060547,15.300000190734863,15.600000381469727,11.17878246307373,5810800.0
2022-02-25,ASIAN.BK,15.899999618530273,16.0,15.699999809265137,15.699999809265137,11.250441551208496,5116600.0
2022-02-28,ASIAN.BK,15.699999809265137,15.800000190734863,15.5,15.5,11.107123374938965,3478000.0
2022-03-01,ASIAN.BK,15.600000381469727,15.899999618530273,15.5,15.800000190734863,11.322100639343262,3461800.0
2022-03-02,ASIAN.BK,15.699999809265137,15.800000190734863,15.5,15.600000381469727,11.17878246307373,2260100.0
2022-03-03,ASIAN.BK,15.699999809265137,16.0,15.600000381469727,15.699999809265137,11.250441551208496,2138700.0
2022-03-04,ASIAN.BK,15.699999809265137,15.699999809265137,15.5,15.600000381469727,11.17878246307373,1245900.0
2022-03-07,ASIAN.BK,15.399999618530273,15.399999618530273,14.699999809265137,14.699999809265137,10.533853530883789,5569400.0
2022-03-08,ASIAN.BK,14.699999809265137,15.100000381469727,14.300000190734863,14.600000381469727,10.46219539642334,4026800.0
2022-03-09,ASIAN.BK,14.899999618530273,15.100000381469727,14.600000381469727,15.0,10.748828887939453,832700.0
2022-03-10,ASIAN.BK,15.199999809265137,15.300000190734863,15.100000381469727,15.100000381469727,10.820488929748535,1142800.0
2022-03-11,ASIAN.BK,15.300000190734863,15.300000190734863,15.100000381469727,15.300000190734863,10.963807106018066,500700.0
2022-03-14,ASIAN.BK,15.300000190734863,15.600000381469727,15.100000381469727,15.399999618530273,11.035465240478516,1671900.0
2022-03-15,ASIAN.BK,15.5,15.699999809265137,15.0,15.100000381469727,10.820488929748535,3096000.0
2022-03-16,ASIAN.BK,15.199999809265137,15.399999618530273,15.199999809265137,15.399999618530273,11.035465240478516,566200.0
2022-03-17,ASIAN.BK,15.399999618530273,15.5,15.300000190734863,15.300000190734863,10.963807106018066,486600.0
2022-03-18,ASIAN.BK,15.5,16.0,15.300000190734863,15.699999809265137,11.250441551208496,4150300.0
2022-03-21,ASIAN.BK,15.699999809265137,15.699999809265137,15.300000190734863,15.399999618530273,11.035465240478516,3349300.0
2022-03-22,ASIAN.BK,15.5,15.699999809265137,15.5,15.699999809265137,11.250441551208496,1354600.0
2022-03-23,ASIAN.BK,15.699999809265137,15.699999809265137,15.5,15.600000381469727,11.17878246307373,1115600.0
2022-03-24,ASIAN.BK,15.600000381469727,15.699999809265137,15.399999618530273,15.399999618530273,11.035465240478516,1540600.0
2022-03-25,ASIAN.BK,15.5,15.5,15.399999618530273,15.399999618530273,11.035465240478516,774200.0
2022-03-28,ASIAN.BK,15.300000190734863,15.5,15.300000190734863,15.300000190734863,10.963807106018066,1145900.0
2022-03-29,ASIAN.BK,15.399999618530273,15.5,15.399999618530273,15.5,11.107123374938965,707200.0
2022-03-30,ASIAN.BK,15.5,15.600000381469727,15.399999618530273,15.600000381469727,11.17878246307373,1168300.0
2022-03-31,ASIAN.BK,15.600000381469727,15.800000190734863,15.5,15.5,11.107123374938965,3276500.0
2022-04-01,ASIAN.BK,15.5,15.699999809265137,15.399999618530273,15.399999618530273,11.035465240478516,2415400.0
2022-04-04,ASIAN.BK,15.399999618530273,15.5,15.199999809265137,15.5,11.107123374938965,1502200.0
2022-04-05,ASIAN.BK,15.399999618530273,15.600000381469727,15.399999618530273,15.5,11.107123374938965,686200.0
2022-04-07,ASIAN.BK,15.399999618530273,15.399999618530273,14.699999809265137,14.800000190734863,10.605511665344238,6897000.0
2022-04-08,ASIAN.BK,14.899999618530273,15.100000381469727,14.800000190734863,14.800000190734863,10.605511665344238,4705000.0
2022-04-11,ASIAN.BK,14.800000190734863,14.899999618530273,14.699999809265137,14.800000190734863,10.605511665344238,704100.0
2022-04-12,ASIAN.BK,14.800000190734863,14.899999618530273,14.699999809265137,14.800000190734863,10.605511665344238,783400.0
2022-04-18,ASIAN.BK,14.899999618530273,15.0,14.800000190734863,14.899999618530273,10.677169799804688,1883800.0
2022-04-19,ASIAN.BK,15.0,15.399999618530273,15.0,15.199999809265137,10.892147064208984,3444400.0
2022-04-20,ASIAN.BK,15.300000190734863,15.399999618530273,15.199999809265137,15.199999809265137,10.892147064208984,3358500.0
2022-04-21,ASIAN.BK,15.300000190734863,15.600000381469727,15.300000190734863,15.600000381469727,11.17878246307373,10429000.0
2022-04-22,ASIAN.BK,15.800000190734863,16.700000762939453,15.699999809265137,16.399999618530273,11.752053260803223,42309500.0
2022-04-25,ASIAN.BK,16.299999237060547,16.899999618530273,16.200000762939453,16.700000762939453,11.967031478881836,15101000.0
2022-04-26,ASIAN.BK,17.0,17.100000381469727,16.5,16.600000381469727,11.895373344421387,14967400.0
2022-04-27,ASIAN.BK,16.700000762939453,17.0,16.700000762939453,16.899999618530273,12.110347747802734,7289800.0
2022-04-28,ASIAN.BK,16.799999237060547,16.899999618530273,16.700000762939453,16.799999237060547,12.038689613342285,6323800.0
2022-04-29,ASIAN.BK,16.5,16.700000762939453,16.399999618530273,16.600000381469727,12.185503959655762,4523100.0
2022-05-03,ASIAN.BK,16.799999237060547,16.899999618530273,16.200000762939453,16.200000762939453,11.891877174377441,12337900.0
2022-05-05,ASIAN.BK,16.399999618530273,16.399999618530273,16.200000762939453,16.200000762939453,11.891877174377441,4557200.0
2022-05-06,ASIAN.BK,15.899999618530273,16.700000762939453,15.600000381469727,16.700000762939453,12.258910179138184,10908200.0
2022-05-09,ASIAN.BK,16.5,16.700000762939453,16.100000381469727,16.100000381469727,11.818470001220703,9637300.0
2022-05-10,ASIAN.BK,16.299999237060547,16.700000762939453,16.200000762939453,16.600000381469727,12.185503959655762,11499300.0
2022-05-11,ASIAN.BK,16.600000381469727,17.0,16.399999618530273,16.399999618530273,12.038689613342285,15465100.0
2022-05-12,ASIAN.BK,16.600000381469727,16.600000381469727,16.200000762939453,16.200000762939453,11.891877174377441,8225300.0
2022-05-13,ASIAN.BK,16.399999618530273,17.399999618530273,16.299999237060547,17.299999237060547,12.699349403381348,21136300.0
2022-05-17,ASIAN.BK,17.399999618530273,17.700000762939453,17.299999237060547,17.299999237060547,12.699349403381348,15081400.0
2022-05-18,ASIAN.BK,17.5,17.5,16.899999618530273,17.100000381469727,12.552536964416504,11859900.0
2022-05-19,ASIAN.BK,16.600000381469727,16.899999618530273,16.5,16.5,12.112096786499023,11447500.0
2022-05-20,ASIAN.BK,16.700000762939453,16.799999237060547,16.100000381469727,16.200000762939453,11.891877174377441,12894800.0
2022-05-23,ASIAN.BK,16.299999237060547,16.5,16.100000381469727,16.399999618530273,12.038689613342285,6627500.0
2022-05-24,ASIAN.BK,16.399999618530273,16.5,16.200000762939453,16.299999237060547,11.965283393859863,3390600.0
2022-05-25,ASIAN.BK,16.299999237060547,16.399999618530273,16.100000381469727,16.200000762939453,11.891877174377441,4722300.0
2022-05-26,ASIAN.BK,16.299999237060547,16.700000762939453,16.299999237060547,16.700000762939453,12.258910179138184,7440900.0
2022-05-27,ASIAN.BK,16.700000762939453,16.799999237060547,16.5,16.600000381469727,12.185503959655762,3490200.0
2022-05-30,ASIAN.BK,16.799999237060547,16.799999237060547,16.5,16.5,12.112096786499023,3540600.0
2022-05-31,ASIAN.BK,16.5,16.5,16.200000762939453,16.399999618530273,12.038689613342285,3206700.0
2022-06-01,ASIAN.BK,16.399999618530273,16.700000762939453,16.399999618530273,16.700000762939453,12.258910179138184,3468000.0
2022-06-02,ASIAN.BK,16.700000762939453,16.799999237060547,16.5,16.700000762939453,12.258910179138184,4027700.0
2022-06-06,ASIAN.BK,16.700000762939453,17.200000762939453,16.700000762939453,16.799999237060547,12.332315444946289,13913500.0
2022-06-07,ASIAN.BK,16.799999237060547,17.0,16.299999237060547,16.5,12.112096786499023,7173400.0
2022-06-08,ASIAN.BK,16.600000381469727,16.600000381469727,16.399999618530273,16.399999618530273,12.038689613342285,2304500.0
2022-06-09,ASIAN.BK,16.600000381469727,16.799999237060547,16.399999618530273,16.600000381469727,12.185503959655762,2966500.0
2022-06-10,ASIAN.BK,16.600000381469727,16.700000762939453,16.399999618530273,16.399999618530273,12.038689613342285,2515000.0
2022-06-13,ASIAN.BK,16.200000762939453,16.600000381469727,16.200000762939453,16.5,12.112096786499023,4971500.0
2022-06-14,ASIAN.BK,16.5,17.299999237060547,16.5,17.299999237060547,12.699349403381348,20638800.0
2022-06-15,ASIAN.BK,17.5,17.700000762939453,17.200000762939453,17.200000762939453,12.625943183898926,16646800.0
2022-06-16,ASIAN.BK,17.399999618530273,17.5,16.600000381469727,16.700000762939453,12.258910179138184,14222000.0
2022-06-17,ASIAN.BK,16.600000381469727,17.299999237060547,16.399999618530273,17.200000762939453,12.625943183898926,9610500.0
2022-06-20,ASIAN.BK,17.200000762939453,17.5,17.0,17.0,12.479130744934082,6829100.0
2022-06-21,ASIAN.BK,17.100000381469727,17.399999618530273,17.0,17.200000762939453,12.625943183898926,4719500.0
2022-06-22,ASIAN.BK,17.299999237060547,18.5,17.299999237060547,18.5,13.580229759216309,40326600.0
2022-06-23,ASIAN.BK,18.299999237060547,18.399999618530273,17.700000762939453,18.299999237060547,13.433416366577148,17358600.0
2022-06-24,ASIAN.BK,18.200000762939453,18.200000762939453,17.799999237060547,18.0,13.21319580078125,7673700.0
2022-06-27,ASIAN.BK,18.200000762939453,18.299999237060547,17.600000381469727,17.799999237060547,13.066381454467773,7233000.0
2022-06-28,ASIAN.BK,17.799999237060547,18.100000381469727,17.299999237060547,17.399999618530273,12.77275562286377,10275000.0
2022-06-29,ASIAN.BK,17.299999237060547,17.399999618530273,17.0,17.100000381469727,12.552536964416504,7412200.0
2022-06-30,ASIAN.BK,17.200000762939453,17.5,17.100000381469727,17.299999237060547,12.699349403381348,8084300.0
2022-07-01,ASIAN.BK,17.399999618530273,17.700000762939453,17.200000762939453,17.600000381469727,12.919568061828613,8094700.0
2022-07-04,ASIAN.BK,17.600000381469727,17.700000762939453,17.200000762939453,17.200000762939453,12.625943183898926,5727600.0
2022-07-05,ASIAN.BK,17.299999237060547,17.399999618530273,16.299999237060547,16.299999237060547,11.965283393859863,14574000.0
2022-07-06,ASIAN.BK,16.299999237060547,16.600000381469727,16.299999237060547,16.399999618530273,12.038689613342285,3575400.0
2022-07-07,ASIAN.BK,16.600000381469727,17.0,16.5,16.799999237060547,12.332315444946289,5721800.0
2022-07-08,ASIAN.BK,16.700000762939453,16.799999237060547,16.399999618530273,16.600000381469727,12.185503959655762,2990100.0
2022-07-11,ASIAN.BK,16.399999618530273,16.600000381469727,16.399999618530273,16.5,12.112096786499023,1187600.0
2022-07-12,ASIAN.BK,16.399999618530273,16.700000762939453,16.399999618530273,16.5,12.112096786499023,1480000.0
2022-07-14,ASIAN.BK,16.5,16.5,15.899999618530273,16.0,11.745061874389648,5505600.0
2022-07-15,ASIAN.BK,15.899999618530273,16.100000381469727,15.800000190734863,16.0,11.745061874389648,3648200.0
2022-07-18,ASIAN.BK,16.100000381469727,16.200000762939453,15.899999618530273,16.200000762939453,11.891877174377441,1756700.0
2022-07-19,ASIAN.BK,16.100000381469727,16.100000381469727,15.300000190734863,15.5,11.378030776977539,6957500.0
2022-07-20,ASIAN.BK,15.699999809265137,15.800000190734863,15.300000190734863,15.399999618530273,11.304622650146484,6408300.0
2022-07-21,ASIAN.BK,15.399999618530273,15.600000381469727,15.300000190734863,15.600000381469727,11.451436996459961,2728600.0
2022-07-22,ASIAN.BK,15.600000381469727,15.699999809265137,15.5,15.699999809265137,11.524842262268066,2098800.0
2022-07-25,ASIAN.BK,15.699999809265137,15.800000190734863,15.5,15.699999809265137,11.524842262268066,1793500.0
2022-07-26,ASIAN.BK,15.699999809265137,15.800000190734863,15.600000381469727,15.600000381469727,11.451436996459961,2340400.0
2022-07-27,ASIAN.BK,15.600000381469727,16.0,15.5,16.0,11.745061874389648,3297100.0
2022-08-01,ASIAN.BK,16.100000381469727,16.100000381469727,15.899999618530273,15.899999618530273,11.671655654907227,2172700.0
2022-08-02,ASIAN.BK,16.100000381469727,16.600000381469727,16.100000381469727,16.5,12.112096786499023,7696800.0
2022-08-03,ASIAN.BK,16.5,16.600000381469727,16.299999237060547,16.600000381469727,12.185503959655762,3911300.0
2022-08-04,ASIAN.BK,16.700000762939453,16.700000762939453,16.399999618530273,16.399999618530273,12.038689613342285,3466700.0
2022-08-05,ASIAN.BK,16.5,16.600000381469727,16.399999618530273,16.600000381469727,12.185503959655762,1530100.0
2022-08-08,ASIAN.BK,16.5,16.600000381469727,16.299999237060547,16.600000381469727,12.185503959655762,2139700.0
2022-08-09,ASIAN.BK,16.600000381469727,17.0,16.600000381469727,16.799999237060547,12.332315444946289,5218000.0
2022-08-10,ASIAN.BK,16.799999237060547,17.0,16.700000762939453,16.899999618530273,12.405721664428711,1755300.0
2022-08-11,ASIAN.BK,17.0,17.0,16.600000381469727,16.600000381469727,12.185503959655762,2648800.0
2022-08-15,ASIAN.BK,16.600000381469727,16.700000762939453,16.5,16.600000381469727,12.185503959655762,1385500.0
2022-08-16,ASIAN.BK,16.600000381469727,17.200000762939453,16.600000381469727,16.899999618530273,12.405721664428711,5215600.0
2022-08-17,ASIAN.BK,17.0,17.200000762939453,16.899999618530273,16.899999618530273,12.405721664428711,5946200.0
2022-08-18,ASIAN.BK,17.0,17.0,16.899999618530273,16.899999618530273,12.405721664428711,3510100.0
2022-08-19,ASIAN.BK,16.799999237060547,16.799999237060547,16.600000381469727,16.799999237060547,12.517485618591309,2052900.0
2022-08-22,ASIAN.BK,16.799999237060547,16.799999237060547,16.5,16.5,12.293959617614746,1641200.0
2022-08-23,ASIAN.BK,16.5,16.799999237060547,16.5,16.700000762939453,12.442978858947754,2672400.0
2022-08-24,ASIAN.BK,16.799999237060547,17.600000381469727,16.799999237060547,17.299999237060547,12.890031814575195,10037600.0
2022-08-25,ASIAN.BK,17.299999237060547,17.700000762939453,17.200000762939453,17.5,13.03904914855957,6392400.0
2022-08-26,ASIAN.BK,17.399999618530273,17.5,17.200000762939453,17.399999618530273,12.964539527893066,1864500.0
2022-08-29,ASIAN.BK,17.100000381469727,17.899999618530273,17.0,17.600000381469727,13.113557815551758,6171900.0
2022-08-30,ASIAN.BK,18.0,18.299999237060547,17.799999237060547,18.0,13.411593437194824,13107100.0
2022-08-31,ASIAN.BK,18.0,18.200000762939453,17.799999237060547,17.799999237060547,13.262574195861816,3605500.0
2022-09-01,ASIAN.BK,17.899999618530273,18.0,17.600000381469727,18.0,13.411593437194824,3986100.0
2022-09-02,ASIAN.BK,18.100000381469727,18.299999237060547,17.899999618530273,18.100000381469727,13.486101150512695,5086700.0
2022-09-05,ASIAN.BK,18.100000381469727,18.100000381469727,17.600000381469727,17.799999237060547,13.262574195861816,4539200.0
2022-09-06,ASIAN.BK,18.0,18.799999237060547,18.0,18.700000762939453,13.933154106140137,12147300.0
2022-09-07,ASIAN.BK,18.700000762939453,19.0,18.5,18.600000381469727,13.858646392822266,6828800.0
2022-09-08,ASIAN.BK,18.799999237060547,19.0,18.700000762939453,19.0,14.156681060791016,5518800.0
2022-09-09,ASIAN.BK,19.0,19.100000381469727,18.700000762939453,18.899999618530273,14.082170486450195,3535900.0
2022-09-12,ASIAN.BK,19.0,19.200000762939453,18.799999237060547,19.0,14.156681060791016,3639500.0
2022-09-13,ASIAN.BK,19.100000381469727,19.100000381469727,18.799999237060547,18.899999618530273,14.082170486450195,3087200.0
2022-09-14,ASIAN.BK,18.700000762939453,19.100000381469727,18.600000381469727,19.0,14.156681060791016,2781300.0
2022-09-15,ASIAN.BK,19.100000381469727,19.399999618530273,19.0,19.200000762939453,14.305697441101074,7303200.0
2022-09-16,ASIAN.BK,18.399999618530273,18.600000381469727,17.600000381469727,18.399999618530273,13.709627151489258,11907000.0
2022-09-19,ASIAN.BK,18.200000762939453,18.299999237060547,17.700000762939453,17.700000762939453,13.188067436218262,2232100.0
2022-09-20,ASIAN.BK,18.0,18.399999618530273,17.799999237060547,18.200000762939453,13.5606107711792,4129700.0
2022-09-21,ASIAN.BK,18.299999237060547,18.299999237060547,18.0,18.0,13.411593437194824,1299700.0
2022-09-22,ASIAN.BK,18.100000381469727,18.899999618530273,18.100000381469727,18.899999618530273,14.082170486450195,3642900.0
2022-09-23,ASIAN.BK,18.700000762939453,19.100000381469727,18.700000762939453,19.0,14.156681060791016,3782400.0
2022-09-26,ASIAN.BK,19.0,19.100000381469727,18.700000762939453,18.899999618530273,14.082170486450195,2507000.0
2022-09-27,ASIAN.BK,19.0,19.0,17.700000762939453,17.700000762939453,13.188067436218262,6077000.0
2022-09-28,ASIAN.BK,17.899999618530273,18.700000762939453,17.899999618530273,18.5,13.784136772155762,4587700.0
2022-09-29,ASIAN.BK,18.5,18.5,17.899999618530273,18.0,13.411593437194824,2365500.0
2022-09-30,ASIAN.BK,18.0,18.5,18.0,18.399999618530273,13.709627151489258,2141200.0
2022-10-03,ASIAN.BK,18.399999618530273,18.5,17.899999618530273,18.100000381469727,13.486101150512695,2459500.0
2022-10-04,ASIAN.BK,18.399999618530273,18.399999618530273,18.0,18.100000381469727,13.486101150512695,1331900.0
2022-10-05,ASIAN.BK,18.200000762939453,18.200000762939453,17.899999618530273,17.899999618530273,13.33708381652832,2014600.0
2022-10-06,ASIAN.BK,17.899999618530273,18.200000762939453,17.899999618530273,18.200000762939453,13.5606107711792,1719200.0
2022-10-07,ASIAN.BK,18.0,18.100000381469727,17.899999618530273,18.0,13.411593437194824,1592300.0
2022-10-10,ASIAN.BK,18.0,18.200000762939453,17.899999618530273,18.200000762939453,13.5606107711792,1430900.0
2022-10-11,ASIAN.BK,18.299999237060547,18.700000762939453,17.200000762939453,17.299999237060547,12.890031814575195,17075600.0
2022-10-12,ASIAN.BK,17.299999237060547,17.600000381469727,17.100000381469727,17.299999237060547,12.890031814575195,4919800.0
2022-10-17,ASIAN.BK,17.299999237060547,17.399999618530273,16.899999618530273,17.100000381469727,12.74101448059082,3145600.0
2022-10-18,ASIAN.BK,17.100000381469727,17.5,17.100000381469727,17.299999237060547,12.890031814575195,3780200.0
2022-10-19,ASIAN.BK,17.299999237060547,17.700000762939453,17.299999237060547,17.700000762939453,13.188067436218262,2404700.0
2022-10-20,ASIAN.BK,17.700000762939453,17.700000762939453,17.399999618530273,17.700000762939453,13.188067436218262,2378600.0
2022-10-21,ASIAN.BK,17.700000762939453,17.700000762939453,17.399999618530273,17.399999618530273,12.964539527893066,1507700.0
2022-10-25,ASIAN.BK,17.5,17.5,17.100000381469727,17.399999618530273,12.964539527893066,2502400.0
2022-10-26,ASIAN.BK,17.399999618530273,17.600000381469727,17.399999618530273,17.399999618530273,12.964539527893066,1092000.0
2022-10-27,ASIAN.BK,17.5,17.600000381469727,17.299999237060547,17.5,13.03904914855957,1251700.0
2022-10-28,ASIAN.BK,17.5,17.5,17.299999237060547,17.399999618530273,12.964539527893066,1704400.0
2022-10-31,ASIAN.BK,17.5,17.5,17.200000762939453,17.399999618530273,12.964539527893066,1674000.0
2022-11-01,ASIAN.BK,17.5,17.600000381469727,16.899999618530273,17.600000381469727,13.113557815551758,9515200.0
2022-11-02,ASIAN.BK,17.5,17.600000381469727,17.200000762939453,17.200000762939453,12.815522193908691,3363700.0
2022-11-03,ASIAN.BK,17.200000762939453,17.299999237060547,16.899999618530273,16.899999618530273,12.591994285583496,4190800.0
2022-11-04,ASIAN.BK,17.0,17.200000762939453,16.899999618530273,17.0,12.666504859924316,2803700.0
2022-11-07,ASIAN.BK,17.0,17.0,16.100000381469727,16.100000381469727,11.995925903320312,9084200.0
2022-11-08,ASIAN.BK,16.200000762939453,16.299999237060547,15.399999618530273,15.5,11.548871994018555,12220500.0
2022-11-09,ASIAN.BK,15.600000381469727,15.899999618530273,15.600000381469727,15.699999809265137,11.69788932800293,7251400.0
2022-11-10,ASIAN.BK,15.800000190734863,15.800000190734863,15.5,15.5,11.548871994018555,2993000.0
2022-11-11,ASIAN.BK,15.100000381469727,15.300000190734863,15.0,15.199999809265137,11.325345039367676,10825200.0
2022-11-14,ASIAN.BK,15.0,15.300000190734863,15.0,15.100000381469727,11.250835418701172,1907800.0
2022-11-15,ASIAN.BK,15.300000190734863,15.5,15.199999809265137,15.399999618530273,11.47436237335205,3399900.0
2022-11-16,ASIAN.BK,15.399999618530273,15.399999618530273,15.199999809265137,15.300000190734863,11.399853706359863,1599400.0
2022-11-17,ASIAN.BK,15.300000190734863,15.399999618530273,15.100000381469727,15.300000190734863,11.399853706359863,1309900.0
2022-11-18,ASIAN.BK,15.300000190734863,15.300000190734863,15.100000381469727,15.199999809265137,11.325345039367676,2523600.0
2022-11-21,ASIAN.BK,15.300000190734863,15.800000190734863,15.199999809265137,15.600000381469727,11.623380661010742,7528000.0
2022-11-22,ASIAN.BK,15.699999809265137,15.800000190734863,15.5,15.600000381469727,11.623380661010742,4006600.0
2022-11-23,ASIAN.BK,15.600000381469727,15.600000381469727,15.399999618530273,15.5,11.548871994018555,1773400.0
2022-11-24,ASIAN.BK,15.5,15.5,15.199999809265137,15.300000190734863,11.399853706359863,3201400.0
2022-11-25,ASIAN.BK,15.300000190734863,15.300000190734863,15.100000381469727,15.199999809265137,11.325345039367676,3618000.0
2022-11-28,ASIAN.BK,15.100000381469727,15.199999809265137,15.0,15.100000381469727,11.250835418701172,3205500.0
2022-11-29,ASIAN.BK,15.199999809265137,15.199999809265137,15.0,15.100000381469727,11.250835418701172,1936700.0
2022-11-30,ASIAN.BK,15.100000381469727,15.199999809265137,15.0,15.100000381469727,11.250835418701172,1320800.0
2022-12-01,ASIAN.BK,15.100000381469727,15.199999809265137,14.800000190734863,14.800000190734863,11.027310371398926,8042200.0
2022-12-02,ASIAN.BK,14.899999618530273,15.0,14.800000190734863,14.899999618530273,11.10181713104248,3611100.0
2022-12-06,ASIAN.BK,15.0,15.100000381469727,14.899999618530273,14.899999618530273,11.10181713104248,1328800.0
2022-12-07,ASIAN.BK,15.0,15.100000381469727,14.899999618530273,15.0,11.176326751708984,609500.0
2022-12-08,ASIAN.BK,15.0,15.0,14.800000190734863,14.899999618530273,11.10181713104248,982100.0
2022-12-09,ASIAN.BK,14.899999618530273,14.899999618530273,14.600000381469727,14.699999809265137,10.952800750732422,3490600.0
2022-12-13,ASIAN.BK,14.699999809265137,14.899999618530273,14.699999809265137,14.699999809265137,10.952800750732422,2318400.0
2022-12-14,ASIAN.BK,14.800000190734863,14.800000190734863,14.100000381469727,14.399999618530273,10.729273796081543,11192000.0
2022-12-15,ASIAN.BK,14.399999618530273,14.399999618530273,14.199999809265137,14.199999809265137,10.580256462097168,1907900.0
2022-12-16,ASIAN.BK,14.100000381469727,14.5,14.100000381469727,14.300000190734863,10.654765129089355,2726200.0
2022-12-19,ASIAN.BK,14.199999809265137,14.300000190734863,14.100000381469727,14.100000381469727,10.505746841430664,1705600.0
2022-12-20,ASIAN.BK,14.100000381469727,14.199999809265137,13.699999809265137,13.699999809265137,10.207711219787598,4350800.0
2022-12-21,ASIAN.BK,13.600000381469727,13.699999809265137,12.899999618530273,13.100000381469727,9.760659217834473,8187600.0
2022-12-22,ASIAN.BK,13.199999809265137,13.399999618530273,13.100000381469727,13.199999809265137,9.83516788482666,1991000.0
2022-12-23,ASIAN.BK,13.199999809265137,13.300000190734863,13.100000381469727,13.199999809265137,9.83516788482666,1203000.0
2022-12-26,ASIAN.BK,13.199999809265137,13.399999618530273,13.199999809265137,13.300000190734863,9.909675598144531,988400.0
2022-12-27,ASIAN.BK,13.399999618530273,13.600000381469727,13.300000190734863,13.399999618530273,9.984186172485352,2025300.0
2022-12-28,ASIAN.BK,13.399999618530273,13.600000381469727,13.399999618530273,13.5,10.058693885803223,1295400.0
2022-12-29,ASIAN.BK,13.5,13.5,13.300000190734863,13.399999618530273,9.984186172485352,4110500.0
2022-12-30,ASIAN.BK,13.399999618530273,13.800000190734863,13.300000190734863,13.699999809265137,10.207711219787598,4391300.0
2023-01-03,ASIAN.BK,13.699999809265137,13.800000190734863,13.600000381469727,13.699999809265137,10.207711219787598,1196900.0
2023-01-04,ASIAN.BK,13.699999809265137,13.899999618530273,13.600000381469727,13.600000381469727,10.13320255279541,2118700.0
2023-01-05,ASIAN.BK,13.699999809265137,13.800000190734863,13.600000381469727,13.600000381469727,10.13320255279541,1575000.0
2023-01-06,ASIAN.BK,13.699999809265137,13.800000190734863,13.600000381469727,13.600000381469727,10.13320255279541,1260700.0
2023-01-09,ASIAN.BK,13.699999809265137,14.0,13.699999809265137,13.899999618530273,10.356728553771973,1747300.0
2023-01-10,ASIAN.BK,14.0,14.300000190734863,14.0,14.199999809265137,10.580256462097168,2653700.0
2023-01-11,ASIAN.BK,14.300000190734863,14.399999618530273,14.100000381469727,14.100000381469727,10.505746841430664,1600100.0
2023-01-12,ASIAN.BK,14.100000381469727,14.300000190734863,14.100000381469727,14.199999809265137,10.580256462097168,717600.0
2023-01-13,ASIAN.BK,14.199999809265137,14.199999809265137,14.0,14.0,10.431239128112793,832100.0
2023-01-16,ASIAN.BK,14.100000381469727,14.100000381469727,14.0,14.0,10.431239128112793,479700.0
2023-01-17,ASIAN.BK,14.0,14.100000381469727,13.899999618530273,14.0,10.431239128112793,679400.0
2023-01-18,ASIAN.BK,14.0,14.100000381469727,13.800000190734863,13.899999618530273,10.356728553771973,987200.0
2023-01-19,ASIAN.BK,13.899999618530273,14.0,13.800000190734863,13.800000190734863,10.282220840454102,796000.0
2023-01-20,ASIAN.BK,13.899999618530273,13.899999618530273,13.699999809265137,13.800000190734863,10.282220840454102,516400.0
2023-01-23,ASIAN.BK,13.800000190734863,13.899999618530273,13.699999809265137,13.899999618530273,10.356728553771973,706900.0
2023-01-24,ASIAN.BK,13.800000190734863,13.800000190734863,13.699999809265137,13.699999809265137,10.207711219787598,670000.0
2023-01-25,ASIAN.BK,13.699999809265137,13.800000190734863,13.5,13.5,10.058693885803223,1898400.0
2023-01-26,ASIAN.BK,13.5,13.600000381469727,13.300000190734863,13.5,10.058693885803223,706400.0
2023-01-27,ASIAN.BK,13.5,13.800000190734863,13.5,13.699999809265137,10.207711219787598,995100.0
2023-01-30,ASIAN.BK,13.800000190734863,14.0,13.699999809265137,13.699999809265137,10.207711219787598,1137400.0
2023-01-31,ASIAN.BK,13.800000190734863,13.800000190734863,13.399999618530273,13.5,10.058693885803223,1275100.0
2023-02-01,ASIAN.BK,13.5,13.699999809265137,13.399999618530273,13.600000381469727,10.13320255279541,1053700.0
2023-02-02,ASIAN.BK,13.600000381469727,13.800000190734863,13.600000381469727,13.699999809265137,10.207711219787598,884100.0
2023-02-03,ASIAN.BK,13.699999809265137,13.800000190734863,13.600000381469727,13.699999809265137,10.207711219787598,470900.0
2023-02-06,ASIAN.BK,13.800000190734863,13.899999618530273,13.800000190734863,13.800000190734863,10.282220840454102,1014100.0
2023-02-07,ASIAN.BK,13.899999618530273,14.0,13.800000190734863,13.899999618530273,10.356728553771973,740900.0
2023-02-08,ASIAN.BK,14.0,14.0,13.699999809265137,13.699999809265137,10.207711219787598,644500.0
2023-02-09,ASIAN.BK,13.699999809265137,13.699999809265137,13.5,13.600000381469727,10.13320255279541,959000.0
2023-02-10,ASIAN.BK,13.600000381469727,13.699999809265137,13.600000381469727,13.699999809265137,10.207711219787598,431200.0
2023-02-13,ASIAN.BK,13.699999809265137,13.800000190734863,13.600000381469727,13.600000381469727,10.13320255279541,309300.0
2023-02-14,ASIAN.BK,13.699999809265137,13.699999809265137,13.399999618530273,13.399999618530273,9.984186172485352,1214600.0
2023-02-15,ASIAN.BK,13.5,13.5,13.300000190734863,13.399999618530273,9.984186172485352,1471800.0
2023-02-16,ASIAN.BK,13.399999618530273,13.5,13.300000190734863,13.399999618530273,9.984186172485352,410000.0
2023-02-17,ASIAN.BK,13.399999618530273,13.399999618530273,13.100000381469727,13.100000381469727,9.760659217834473,946800.0
2023-02-20,ASIAN.BK,13.100000381469727,13.300000190734863,13.0,13.199999809265137,9.83516788482666,1389000.0
2023-02-21,ASIAN.BK,13.199999809265137,13.600000381469727,13.100000381469727,13.5,10.058693885803223,1290800.0
2023-02-22,ASIAN.BK,13.5,13.800000190734863,13.5,13.600000381469727,10.13320255279541,1225300.0
2023-02-23,ASIAN.BK,13.5,13.5,13.100000381469727,13.199999809265137,9.83516788482666,1617900.0
2023-02-24,ASIAN.BK,13.300000190734863,13.300000190734863,13.100000381469727,13.199999809265137,9.83516788482666,577300.0
2023-02-27,ASIAN.BK,13.199999809265137,13.399999618530273,12.800000190734863,13.300000190734863,9.909675598144531,2333800.0
2023-02-28,ASIAN.BK,13.300000190734863,13.399999618530273,13.199999809265137,13.300000190734863,9.909675598144531,650500.0
2023-03-01,ASIAN.BK,13.300000190734863,13.300000190734863,13.100000381469727,13.100000381469727,9.760659217834473,1143000.0
2023-03-02,ASIAN.BK,13.100000381469727,13.199999809265137,13.0,13.0,9.686149597167969,565500.0
2023-03-03,ASIAN.BK,12.899999618530273,13.199999809265137,12.899999618530273,13.100000381469727,9.760659217834473,469400.0
2023-03-07,ASIAN.BK,13.100000381469727,13.300000190734863,13.100000381469727,13.199999809265137,9.83516788482666,298600.0
2023-03-08,ASIAN.BK,13.199999809265137,13.199999809265137,13.0,13.100000381469727,9.760659217834473,380300.0
2023-03-09,ASIAN.BK,13.100000381469727,13.199999809265137,13.0,13.0,9.686149597167969,183000.0
2023-03-10,ASIAN.BK,13.0,13.100000381469727,12.899999618530273,12.899999618530273,9.611640930175781,614400.0
2023-03-13,ASIAN.BK,12.800000190734863,12.899999618530273,12.5,12.600000381469727,9.388115882873535,1812000.0
2023-03-14,ASIAN.BK,12.5,12.600000381469727,11.399999618530273,11.600000381469727,8.643026351928711,2647400.0
2023-03-15,ASIAN.BK,11.699999809265137,12.300000190734863,11.699999809265137,12.0,8.941061973571777,1572600.0
2023-03-16,ASIAN.BK,12.0,12.0,11.5,11.699999809265137,8.717535018920898,2382400.0
2023-03-17,ASIAN.BK,11.899999618530273,12.0,11.5,11.699999809265137,8.717535018920898,1366200.0
2023-03-20,ASIAN.BK,11.600000381469727,11.699999809265137,11.300000190734863,11.5,8.568517684936523,1539200.0
2023-03-21,ASIAN.BK,11.600000381469727,11.899999618530273,11.5,11.800000190734863,8.792044639587402,828200.0
2023-03-22,ASIAN.BK,11.899999618530273,11.899999618530273,11.699999809265137,11.699999809265137,8.717535018920898,478300.0
2023-03-23,ASIAN.BK,11.800000190734863,12.0,11.600000381469727,11.699999809265137,8.717535018920898,609600.0
2023-03-24,ASIAN.BK,11.699999809265137,12.0,11.699999809265137,11.899999618530273,8.86655330657959,936400.0
2023-03-27,ASIAN.BK,11.899999618530273,12.100000381469727,11.800000190734863,12.0,8.941061973571777,1533400.0
2023-03-28,ASIAN.BK,12.100000381469727,12.300000190734863,12.0,12.199999809265137,9.090078353881836,1604400.0
2023-03-29,ASIAN.BK,12.300000190734863,12.300000190734863,12.100000381469727,12.100000381469727,9.015569686889648,1114200.0
2023-03-30,ASIAN.BK,12.199999809265137,12.300000190734863,12.100000381469727,12.300000190734863,9.164588928222656,1662700.0
2023-03-31,ASIAN.BK,12.300000190734863,12.300000190734863,12.0,12.0,8.941061973571777,623800.0
2023-04-03,ASIAN.BK,12.0,12.0,11.899999618530273,11.899999618530273,8.86655330657959,426400.0
2023-04-04,ASIAN.BK,12.0,12.0,11.800000190734863,11.899999618530273,8.86655330657959,426300.0
2023-04-05,ASIAN.BK,11.899999618530273,11.899999618530273,11.600000381469727,11.600000381469727,8.643026351928711,728400.0
2023-04-07,ASIAN.BK,11.699999809265137,11.699999809265137,11.5,11.5,8.568517684936523,393600.0
2023-04-10,ASIAN.BK,11.5,11.800000190734863,11.399999618530273,11.600000381469727,8.643026351928711,351800.0
2023-04-11,ASIAN.BK,11.800000190734863,11.800000190734863,11.600000381469727,11.600000381469727,8.643026351928711,157700.0
2023-04-12,ASIAN.BK,11.699999809265137,11.699999809265137,11.5,11.600000381469727,8.643026351928711,350700.0
2023-04-17,ASIAN.BK,11.600000381469727,11.699999809265137,11.600000381469727,11.699999809265137,8.717535018920898,124300.0
2023-04-18,ASIAN.BK,11.699999809265137,11.899999618530273,11.600000381469727,11.699999809265137,8.717535018920898,835400.0
2023-04-19,ASIAN.BK,11.699999809265137,11.800000190734863,11.399999618530273,11.5,8.568517684936523,926300.0
2023-04-20,ASIAN.BK,11.5,11.5,10.800000190734863,10.899999618530273,8.121464729309082,1963200.0
2023-04-21,ASIAN.BK,10.800000190734863,11.0,10.800000190734863,10.899999618530273,8.121464729309082,741400.0
2023-04-24,ASIAN.BK,10.899999618530273,11.0,10.899999618530273,10.899999618530273,8.121464729309082,262300.0
2023-04-25,ASIAN.BK,11.0,11.0,10.300000190734863,10.300000190734863,7.674412250518799,1735700.0
2023-04-26,ASIAN.BK,10.300000190734863,10.600000381469727,10.300000190734863,10.399999618530273,7.748919486999512,951700.0
2023-04-27,ASIAN.BK,10.5,10.5,10.100000381469727,10.199999809265137,7.599902629852295,870100.0
2023-04-28,ASIAN.BK,10.399999618530273,10.600000381469727,10.199999809265137,10.5,7.823430061340332,713900.0
2023-05-02,ASIAN.BK,10.5,10.5,10.0,10.100000381469727,7.525393962860107,1665500.0
2023-05-03,ASIAN.BK,10.199999809265137,10.199999809265137,9.899999618530273,10.100000381469727,7.525393962860107,1049600.0
2023-05-08,ASIAN.BK,9.850000381469727,10.199999809265137,9.800000190734863,10.100000381469727,7.835719108581543,600600.0
2023-05-09,ASIAN.BK,10.0,10.399999618530273,9.949999809265137,10.300000190734863,7.990882873535156,620200.0
2023-05-10,ASIAN.BK,10.399999618530273,10.399999618530273,10.100000381469727,10.199999809265137,7.913300514221191,461100.0
2023-05-11,ASIAN.BK,10.0,10.100000381469727,9.600000381469727,9.699999809265137,7.525393962860107,4145100.0
2023-05-12,ASIAN.BK,9.699999809265137,9.800000190734863,9.600000381469727,9.699999809265137,7.525393962860107,471300.0
2023-05-15,ASIAN.BK,9.699999809265137,9.850000381469727,9.600000381469727,9.550000190734863,7.409021854400635,1677300.0
2023-05-16,ASIAN.BK,9.649999618530273,9.75,9.600000381469727,9.600000381469727,7.447811603546143,523700.0
2023-05-17,ASIAN.BK,9.75,9.75,9.600000381469727,9.600000381469727,7.447811603546143,480600.0
2023-05-18,ASIAN.BK,9.699999809265137,9.800000190734863,9.699999809265137,9.75,7.564183712005615,599400.0
2023-05-19,ASIAN.BK,9.75,9.800000190734863,9.699999809265137,9.75,7.564183712005615,252100.0
2023-05-22,ASIAN.BK,9.699999809265137,9.699999809265137,9.550000190734863,9.699999809265137,7.525393962860107,596400.0
2023-05-23,ASIAN.BK,9.800000190734863,10.199999809265137,9.75,10.199999809265137,7.913300514221191,2588100.0
2023-05-24,ASIAN.BK,10.199999809265137,10.300000190734863,10.0,10.0,7.7581377029418945,1441700.0
2023-05-25,ASIAN.BK,10.0,10.100000381469727,9.899999618530273,9.949999809265137,7.71934700012207,734500.0
2023-05-26,ASIAN.BK,9.949999809265137,10.100000381469727,9.949999809265137,10.0,7.7581377029418945,498400.0
2023-05-29,ASIAN.BK,10.100000381469727,10.100000381469727,9.800000190734863,9.800000190734863,7.602975368499756,1329700.0
2023-05-30,ASIAN.BK,9.850000381469727,9.850000381469727,9.699999809265137,9.75,7.564183712005615,785600.0
2023-05-31,ASIAN.BK,9.75,9.800000190734863,9.600000381469727,9.649999618530273,7.486602306365967,875600.0
2023-06-01,ASIAN.BK,9.600000381469727,9.699999809265137,9.600000381469727,9.649999618530273,7.486602306365967,254700.0
2023-06-02,ASIAN.BK,9.649999618530273,9.75,9.649999618530273,9.800000190734863,7.602975368499756,174100.0
2023-06-06,ASIAN.BK,9.800000190734863,9.850000381469727,9.75,9.800000190734863,7.602975368499756,244800.0
2023-06-07,ASIAN.BK,9.949999809265137,10.0,9.850000381469727,9.899999618530273,7.68055534362793,937800.0
2023-06-08,ASIAN.BK,9.949999809265137,10.100000381469727,9.899999618530273,10.0,7.7581377029418945,1220900.0
2023-06-09,ASIAN.BK,10.0,10.0,9.850000381469727,9.850000381469727,7.64176607131958,670600.0
2023-06-12,ASIAN.BK,9.850000381469727,10.100000381469727,9.850000381469727,9.949999809265137,7.71934700012207,1041600.0
2023-06-13,ASIAN.BK,9.949999809265137,10.100000381469727,9.949999809265137,10.0,7.7581377029418945,418600.0
2023-06-14,ASIAN.BK,10.100000381469727,10.300000190734863,10.100000381469727,10.300000190734863,7.990882873535156,2542300.0
2023-06-15,ASIAN.BK,10.399999618530273,10.600000381469727,9.75,9.75,7.564183712005615,5539300.0
2023-06-16,ASIAN.BK,9.75,9.850000381469727,9.699999809265137,9.75,7.564183712005615,1129700.0
2023-06-19,ASIAN.BK,9.699999809265137,9.75,9.600000381469727,9.649999618530273,7.486602306365967,822900.0
2023-06-20,ASIAN.BK,9.699999809265137,9.75,9.600000381469727,9.600000381469727,7.447811603546143,764900.0
2023-06-21,ASIAN.BK,9.649999618530273,9.699999809265137,9.350000381469727,9.350000381469727,7.25385856628418,1307100.0
2023-06-22,ASIAN.BK,9.300000190734863,9.350000381469727,9.0,9.050000190734863,7.021114349365234,1391900.0
2023-06-23,ASIAN.BK,9.0,9.100000381469727,8.899999618530273,8.949999809265137,6.943532943725586,618000.0
2023-06-26,ASIAN.BK,8.949999809265137,9.050000190734863,8.600000381469727,8.649999618530273,6.710789680480957,898800.0
2023-06-27,ASIAN.BK,8.699999809265137,8.699999809265137,8.399999618530273,8.449999809265137,6.555625915527344,755200.0
2023-06-28,ASIAN.BK,8.300000190734863,8.300000190734863,8.0,8.050000190734863,6.245301723480225,1707300.0
2023-06-29,ASIAN.BK,8.100000381469727,8.5,8.0,8.050000190734863,6.245301723480225,2133100.0
2023-06-30,ASIAN.BK,8.149999618530273,8.300000190734863,8.100000381469727,8.25,6.400463104248047,1040200.0
2023-07-03,ASIAN.BK,8.25,8.350000381469727,8.149999618530273,8.25,6.400463104248047,435100.0
2023-07-04,ASIAN.BK,8.300000190734863,8.600000381469727,8.25,8.399999618530273,6.5168352127075195,1292600.0
2023-07-05,ASIAN.BK,8.399999618530273,8.550000190734863,8.300000190734863,8.300000190734863,6.439254283905029,747400.0
2023-07-06,ASIAN.BK,8.350000381469727,8.350000381469727,8.100000381469727,8.100000381469727,6.284091949462891,603400.0
2023-07-07,ASIAN.BK,8.050000190734863,8.25,8.0,8.149999618530273,6.322882175445557,144300.0
2023-07-10,ASIAN.BK,8.149999618530273,8.149999618530273,8.0,8.050000190734863,6.245301723480225,776800.0
2023-07-11,ASIAN.BK,8.149999618530273,8.149999618530273,8.0,8.050000190734863,6.245301723480225,335600.0
2023-07-12,ASIAN.BK,8.050000190734863,8.050000190734863,7.699999809265137,7.75,6.012557029724121,1265000.0
2023-07-13,ASIAN.BK,7.800000190734863,7.849999904632568,7.650000095367432,7.800000190734863,6.051347732543945,521700.0
2023-07-14,ASIAN.BK,7.800000190734863,8.100000381469727,7.800000190734863,8.149999618530273,6.322882175445557,968700.0
2023-07-17,ASIAN.BK,8.149999618530273,8.199999809265137,8.0,8.050000190734863,6.245301723480225,528100.0
2023-07-18,ASIAN.BK,8.149999618530273,8.149999618530273,7.949999809265137,8.0,6.206510543823242,594300.0
2023-07-19,ASIAN.BK,8.0,8.149999618530273,7.949999809265137,8.050000190734863,6.245301723480225,530800.0
2023-07-20,ASIAN.BK,8.050000190734863,8.149999618530273,7.900000095367432,7.949999809265137,6.167719841003418,513800.0
2023-07-21,ASIAN.BK,7.949999809265137,8.050000190734863,7.900000095367432,8.0,6.206510543823242,318000.0
2023-07-24,ASIAN.BK,8.0,8.0,7.800000190734863,7.800000190734863,6.051347732543945,412300.0
2023-07-25,ASIAN.BK,7.900000095367432,7.949999809265137,7.75,7.800000190734863,6.051347732543945,420100.0
2023-07-26,ASIAN.BK,7.900000095367432,7.900000095367432,7.800000190734863,7.849999904632568,6.090137958526611,293500.0
2023-07-27,ASIAN.BK,7.900000095367432,7.900000095367432,7.650000095367432,7.849999904632568,6.090137958526611,856800.0
2023-07-31,ASIAN.BK,8.0,8.100000381469727,7.949999809265137,8.0,6.206510543823242,389100.0
2023-08-02,ASIAN.BK,8.0,8.050000190734863,7.849999904632568,7.849999904632568,6.090137958526611,1362400.0
2023-08-03,ASIAN.BK,7.849999904632568,7.900000095367432,7.75,7.75,6.012557029724121,994600.0
2023-08-04,ASIAN.BK,7.75,7.900000095367432,7.699999809265137,7.75,6.012557029724121,889500.0
2023-08-07,ASIAN.BK,7.75,7.800000190734863,7.650000095367432,7.699999809265137,5.9737653732299805,767500.0
2023-08-08,ASIAN.BK,7.699999809265137,7.75,7.550000190734863,7.5,5.818603038787842,1082400.0
2023-08-09,ASIAN.BK,7.550000190734863,7.599999904632568,7.5,7.5,5.818603038787842,287400.0
2023-08-10,ASIAN.BK,7.5,7.699999809265137,7.449999809265137,7.599999904632568,5.896184921264648,653400.0
2023-08-11,ASIAN.BK,7.599999904632568,7.650000095367432,7.550000190734863,7.599999904632568,5.896184921264648,576200.0
2023-08-15,ASIAN.BK,7.550000190734863,7.599999904632568,7.5,7.550000190734863,5.857393741607666,243800.0
2023-08-16,ASIAN.BK,7.5,7.5,7.050000190734863,7.050000190734863,5.469486713409424,2035600.0
2023-08-17,ASIAN.BK,7.050000190734863,7.25,7.050000190734863,7.199999809265137,5.5858588218688965,1126000.0
2023-08-18,ASIAN.BK,7.25,7.300000190734863,7.199999809265137,7.199999809265137,5.5858588218688965,494700.0
2023-08-21,ASIAN.BK,7.300000190734863,7.300000190734863,7.150000095367432,7.150000095367432,5.547068119049072,355600.0
2023-08-22,ASIAN.BK,7.150000095367432,7.300000190734863,7.099999904632568,7.25,5.624649524688721,749800.0
2023-08-23,ASIAN.BK,7.25,7.599999904632568,7.25,7.5,5.818603038787842,2402100.0
2023-08-24,ASIAN.BK,7.5,7.699999809265137,7.400000095367432,7.5,5.8813371658325195,2249500.0
2023-08-25,ASIAN.BK,7.599999904632568,7.849999904632568,7.550000190734863,7.650000095367432,5.998964309692383,6910600.0
2023-08-28,ASIAN.BK,7.949999809265137,8.449999809265137,7.900000095367432,8.449999809265137,6.626306533813477,14161700.0
2023-08-29,ASIAN.BK,8.600000381469727,8.649999618530273,8.300000190734863,8.350000381469727,6.547889709472656,7445400.0
2023-08-30,ASIAN.BK,8.399999618530273,8.75,8.350000381469727,8.649999618530273,6.783143043518066,7644500.0
2023-08-31,ASIAN.BK,8.699999809265137,8.899999618530273,8.5,8.600000381469727,6.743934154510498,6767300.0
2023-09-01,ASIAN.BK,8.600000381469727,8.600000381469727,8.300000190734863,8.350000381469727,6.547889709472656,2866200.0
2023-09-04,ASIAN.BK,8.350000381469727,8.399999618530273,8.199999809265137,8.25,6.469470977783203,1254200.0
2023-09-05,ASIAN.BK,8.25,8.550000190734863,8.25,8.5,6.665516376495361,2478100.0
2023-09-06,ASIAN.BK,8.5,8.5,8.199999809265137,8.25,6.469470977783203,2315800.0
2023-09-07,ASIAN.BK,8.300000190734863,8.350000381469727,8.050000190734863,8.050000190734863,6.312636375427246,2846900.0
2023-09-08,ASIAN.BK,8.050000190734863,8.199999809265137,8.050000190734863,8.100000381469727,6.351844787597656,1080000.0
2023-09-11,ASIAN.BK,8.100000381469727,8.149999618530273,7.800000190734863,7.800000190734863,6.116591453552246,2273300.0
2023-09-12,ASIAN.BK,7.800000190734863,7.900000095367432,7.75,7.800000190734863,6.116591453552246,1150700.0
2023-09-13,ASIAN.BK,7.949999809265137,7.949999809265137,7.599999904632568,7.599999904632568,5.9597554206848145,3144200.0
2023-09-14,ASIAN.BK,7.599999904632568,7.75,7.550000190734863,7.699999809265137,6.038172721862793,802600.0
2023-09-15,ASIAN.BK,7.699999809265137,7.75,7.650000095367432,7.699999809265137,6.038172721862793,862500.0
2023-09-18,ASIAN.BK,7.650000095367432,7.699999809265137,7.550000190734863,7.550000190734863,5.920546054840088,903000.0
2023-09-19,ASIAN.BK,7.550000190734863,7.599999904632568,7.400000095367432,7.5,5.8813371658325195,1337200.0
2023-09-20,ASIAN.BK,7.5,7.5,7.300000190734863,7.349999904632568,5.763710975646973,994400.0
2023-09-21,ASIAN.BK,7.300000190734863,7.449999809265137,7.199999809265137,7.400000095367432,5.802919864654541,917900.0
2023-09-22,ASIAN.BK,7.400000095367432,7.75,7.400000095367432,7.550000190734863,5.920546054840088,4859300.0
2023-09-25,ASIAN.BK,7.599999904632568,7.75,7.400000095367432,7.5,5.8813371658325195,3950600.0
2023-09-26,ASIAN.BK,7.449999809265137,7.650000095367432,7.150000095367432,7.199999809265137,5.646083831787109,5821800.0
2023-09-27,ASIAN.BK,7.25,7.449999809265137,7.150000095367432,7.349999904632568,5.763710975646973,1991100.0
2023-09-28,ASIAN.BK,7.449999809265137,7.5,7.199999809265137,7.199999809265137,5.646083831787109,1785600.0
2023-09-29,ASIAN.BK,7.25,7.349999904632568,7.199999809265137,7.25,5.685292720794678,677900.0
2023-10-02,ASIAN.BK,7.25,7.25,7.050000190734863,7.099999904632568,5.567666053771973,1287600.0
2023-10-03,ASIAN.BK,7.199999809265137,7.300000190734863,7.099999904632568,7.25,5.685292720794678,1765600.0
2023-10-04,ASIAN.BK,7.199999809265137,7.550000190734863,7.150000095367432,7.5,5.8813371658325195,3102300.0
2023-10-05,ASIAN.BK,7.5,7.550000190734863,7.400000095367432,7.449999809265137,5.842128276824951,847600.0
2023-10-06,ASIAN.BK,7.5,7.599999904632568,7.300000190734863,7.449999809265137,5.842128276824951,1769600.0
2023-10-09,ASIAN.BK,7.400000095367432,7.650000095367432,7.300000190734863,7.650000095367432,5.998964309692383,1978200.0
2023-10-10,ASIAN.BK,7.650000095367432,7.75,7.5,7.5,5.8813371658325195,1239900.0
2023-10-11,ASIAN.BK,7.550000190734863,7.550000190734863,7.349999904632568,7.449999809265137,5.842128276824951,946700.0
2023-10-12,ASIAN.BK,7.449999809265137,7.550000190734863,7.400000095367432,7.449999809265137,5.842128276824951,447100.0
2023-10-16,ASIAN.BK,7.349999904632568,7.400000095367432,7.099999904632568,7.150000095367432,5.606874942779541,2511400.0
2023-10-17,ASIAN.BK,7.150000095367432,7.25,7.150000095367432,7.199999809265137,5.646083831787109,404300.0
2023-10-18,ASIAN.BK,7.25,7.25,7.050000190734863,7.099999904632568,5.567666053771973,2069500.0
2023-10-19,ASIAN.BK,6.949999809265137,6.949999809265137,6.699999809265137,6.75,5.293203830718994,2704900.0
2023-10-20,ASIAN.BK,6.699999809265137,6.75,6.25,6.25,4.901113986968994,2231600.0
2023-10-24,ASIAN.BK,6.25,6.300000190734863,6.099999904632568,6.300000190734863,4.940323829650879,862700.0
2023-10-25,ASIAN.BK,6.25,6.5,6.25,6.400000095367432,5.018741130828857,824000.0
2023-10-26,ASIAN.BK,6.449999809265137,6.449999809265137,6.300000190734863,6.300000190734863,4.940323829650879,514700.0
2023-10-27,ASIAN.BK,6.349999904632568,6.349999904632568,6.199999809265137,6.300000190734863,4.940323829650879,1399900.0
2023-10-30,ASIAN.BK,6.199999809265137,6.400000095367432,6.199999809265137,6.349999904632568,4.979532241821289,587000.0
2023-10-31,ASIAN.BK,6.449999809265137,6.449999809265137,6.099999904632568,6.25,4.901113986968994,962800.0
2023-11-01,ASIAN.BK,6.25,6.349999904632568,6.25,6.349999904632568,4.979532241821289,859400.0
2023-11-02,ASIAN.BK,6.349999904632568,6.5,6.300000190734863,6.5,5.097158908843994,1144000.0
2023-11-03,ASIAN.BK,6.5,6.599999904632568,6.449999809265137,6.550000190734863,5.136368274688721,1537700.0
2023-11-06,ASIAN.BK,6.599999904632568,6.650000095367432,6.400000095367432,6.449999809265137,5.057950019836426,751800.0
2023-11-07,ASIAN.BK,6.449999809265137,6.5,6.349999904632568,6.400000095367432,5.018741130828857,255600.0
2023-11-08,ASIAN.BK,6.349999904632568,6.5,6.349999904632568,6.5,5.097158908843994,360100.0
2023-11-09,ASIAN.BK,6.699999809265137,6.800000190734863,6.400000095367432,6.550000190734863,5.136368274688721,2047800.0
2023-11-10,ASIAN.BK,6.400000095367432,6.550000190734863,6.300000190734863,6.349999904632568,4.979532241821289,853700.0
2023-11-13,ASIAN.BK,6.300000190734863,6.349999904632568,6.199999809265137,6.199999809265137,4.861905097961426,714300.0
2023-11-14,ASIAN.BK,6.300000190734863,6.300000190734863,6.099999904632568,6.150000095367432,4.822696685791016,742200.0
2023-11-15,ASIAN.BK,6.150000095367432,6.25,6.0,6.099999904632568,4.783487319946289,4727600.0
2023-11-16,ASIAN.BK,6.099999904632568,6.199999809265137,5.949999809265137,6.0,4.7050700187683105,4898600.0
2023-11-17,ASIAN.BK,6.050000190734863,6.199999809265137,6.0,6.150000095367432,4.822696685791016,2193400.0
2023-11-20,ASIAN.BK,6.199999809265137,6.300000190734863,6.150000095367432,6.300000190734863,4.940323829650879,867000.0
2023-11-21,ASIAN.BK,6.400000095367432,6.449999809265137,6.300000190734863,6.349999904632568,4.979532241821289,1502900.0
2023-11-22,ASIAN.BK,6.400000095367432,6.400000095367432,6.25,6.400000095367432,5.018741130828857,558500.0
2023-11-23,ASIAN.BK,6.400000095367432,6.550000190734863,6.349999904632568,6.5,5.097158908843994,1840000.0
2023-11-24,ASIAN.BK,6.550000190734863,6.650000095367432,6.400000095367432,6.449999809265137,5.057950019836426,1973600.0
2023-11-27,ASIAN.BK,6.449999809265137,6.449999809265137,6.25,6.349999904632568,4.979532241821289,842400.0
2023-11-28,ASIAN.BK,6.349999904632568,6.599999904632568,6.349999904632568,6.550000190734863,5.136368274688721,1793800.0
2023-11-29,ASIAN.BK,6.599999904632568,6.800000190734863,6.449999809265137,6.5,5.097158908843994,6903900.0
2023-11-30,ASIAN.BK,6.5,6.550000190734863,6.400000095367432,6.5,5.097158908843994,1939400.0
2023-12-01,ASIAN.BK,6.550000190734863,6.650000095367432,6.5,6.550000190734863,5.136368274688721,1167300.0
2023-12-04,ASIAN.BK,6.550000190734863,6.800000190734863,6.550000190734863,6.699999809265137,5.253994941711426,1783000.0
2023-12-06,ASIAN.BK,6.75,6.949999809265137,6.75,6.900000095367432,5.410830497741699,2270400.0
2023-12-07,ASIAN.BK,6.900000095367432,7.099999904632568,6.849999904632568,6.900000095367432,5.410830497741699,3520300.0
2023-12-08,ASIAN.BK,6.949999809265137,7.0,6.800000190734863,6.849999904632568,5.371621131896973,984300.0
2023-12-12,ASIAN.BK,6.949999809265137,6.949999809265137,6.599999904632568,6.650000095367432,5.214785575866699,1491600.0
2023-12-13,ASIAN.BK,6.599999904632568,6.599999904632568,6.349999904632568,6.449999809265137,5.057950019836426,1161100.0
2023-12-14,ASIAN.BK,6.550000190734863,6.650000095367432,6.5,6.650000095367432,5.214785575866699,864400.0
2023-12-15,ASIAN.BK,6.699999809265137,6.800000190734863,6.599999904632568,6.699999809265137,5.253994941711426,1256400.0
2023-12-18,ASIAN.BK,6.75,6.849999904632568,6.699999809265137,6.75,5.293203830718994,695100.0
2023-12-19,ASIAN.BK,6.75,6.900000095367432,6.550000190734863,6.800000190734863,5.332412242889404,909500.0
2023-12-20,ASIAN.BK,6.900000095367432,6.949999809265137,6.800000190734863,6.900000095367432,5.410830497741699,1795700.0
2023-12-21,ASIAN.BK,6.900000095367432,6.949999809265137,6.599999904632568,6.849999904632568,5.371621131896973,3145900.0
2023-12-22,ASIAN.BK,6.800000190734863,6.900000095367432,6.699999809265137,6.75,5.293203830718994,267900.0
2023-12-25,ASIAN.BK,6.849999904632568,6.849999904632568,6.699999809265137,6.849999904632568,5.371621131896973,640400.0
2023-12-26,ASIAN.BK,6.849999904632568,7.25,6.849999904632568,7.150000095367432,5.606874942779541,6840300.0
2023-12-27,ASIAN.BK,7.099999904632568,7.150000095367432,6.949999809265137,7.050000190734863,5.528457164764404,3034500.0
2023-12-28,ASIAN.BK,7.050000190734863,7.050000190734863,6.900000095367432,6.949999809265137,5.450038909912109,1406000.0
2024-01-03,ASIAN.BK,7.199999809265137,7.300000190734863,7.050000190734863,7.199999809265137,5.646083831787109,3144300.0
2024-01-04,ASIAN.BK,7.199999809265137,7.349999904632568,7.050000190734863,7.300000190734863,5.724502086639404,2554200.0
2024-01-05,ASIAN.BK,7.400000095367432,7.400000095367432,7.050000190734863,7.050000190734863,5.528457164764404,2954400.0
2024-01-08,ASIAN.BK,7.050000190734863,7.099999904632568,6.949999809265137,7.0,5.489248275756836,999000.0
2024-01-09,ASIAN.BK,7.0,7.099999904632568,6.949999809265137,6.949999809265137,5.450038909912109,1569600.0
2024-01-10,ASIAN.BK,6.900000095367432,7.050000190734863,6.900000095367432,7.0,5.489248275756836,1768400.0
2024-01-11,ASIAN.BK,7.050000190734863,7.050000190734863,6.650000095367432,6.699999809265137,5.253994941711426,2046800.0
2024-01-12,ASIAN.BK,6.699999809265137,6.900000095367432,6.699999809265137,6.849999904632568,5.371621131896973,2091000.0
2024-01-15,ASIAN.BK,6.949999809265137,7.0,6.849999904632568,6.849999904632568,5.371621131896973,963900.0
2024-01-16,ASIAN.BK,6.900000095367432,6.949999809265137,6.75,6.75,5.293203830718994,803700.0
2024-01-17,ASIAN.BK,6.75,6.949999809265137,6.75,6.75,5.293203830718994,1575700.0
2024-01-18,ASIAN.BK,6.75,6.800000190734863,6.650000095367432,6.75,5.293203830718994,884100.0
2024-01-19,ASIAN.BK,6.849999904632568,7.0,6.800000190734863,6.900000095367432,5.410830497741699,928900.0
2024-01-22,ASIAN.BK,7.0,7.0,6.800000190734863,6.900000095367432,5.410830497741699,799800.0
2024-01-23,ASIAN.BK,6.900000095367432,6.949999809265137,6.75,6.75,5.293203830718994,679100.0
2024-01-24,ASIAN.BK,6.599999904632568,6.699999809265137,6.449999809265137,6.699999809265137,5.253994941711426,2121600.0
2024-01-25,ASIAN.BK,6.650000095367432,6.699999809265137,6.599999904632568,6.599999904632568,5.175577163696289,704100.0
2024-01-26,ASIAN.BK,6.650000095367432,6.699999809265137,6.599999904632568,6.650000095367432,5.214785575866699,552300.0
2024-01-29,ASIAN.BK,6.699999809265137,6.699999809265137,6.599999904632568,6.650000095367432,5.214785575866699,428600.0
2024-01-30,ASIAN.BK,6.650000095367432,6.75,6.650000095367432,6.699999809265137,5.253994941711426,542300.0
2024-01-31,ASIAN.BK,6.699999809265137,6.699999809265137,6.550000190734863,6.550000190734863,5.136368274688721,611600.0
2024-02-01,ASIAN.BK,6.550000190734863,6.650000095367432,6.5,6.599999904632568,5.175577163696289,354800.0
2024-02-02,ASIAN.BK,6.650000095367432,6.75,6.650000095367432,6.75,5.293203830718994,451000.0
2024-02-05,ASIAN.BK,6.75,6.900000095367432,6.699999809265137,6.849999904632568,5.371621131896973,570700.0
2024-02-06,ASIAN.BK,6.849999904632568,7.099999904632568,6.849999904632568,7.0,5.489248275756836,1036900.0
2024-02-07,ASIAN.BK,7.099999904632568,7.099999904632568,6.849999904632568,6.900000095367432,5.410830497741699,1161600.0
2024-02-08,ASIAN.BK,6.949999809265137,7.050000190734863,6.849999904632568,6.949999809265137,5.450038909912109,1347500.0
2024-02-09,ASIAN.BK,7.0,7.099999904632568,6.900000095367432,7.0,5.489248275756836,1130000.0
2024-02-12,ASIAN.BK,7.099999904632568,7.150000095367432,7.0,7.0,5.489248275756836,1095400.0
2024-02-13,ASIAN.BK,7.050000190734863,7.300000190734863,7.0,7.099999904632568,5.567666053771973,3787700.0
2024-02-14,ASIAN.BK,7.099999904632568,7.150000095367432,7.0,7.0,5.489248275756836,668200.0
2024-02-15,ASIAN.BK,7.050000190734863,7.150000095367432,7.0,7.099999904632568,5.567666053771973,1400800.0
2024-02-16,ASIAN.BK,7.099999904632568,7.099999904632568,6.849999904632568,6.849999904632568,5.371621131896973,1166200.0
2024-02-19,ASIAN.BK,6.949999809265137,7.050000190734863,6.800000190734863,6.849999904632568,5.371621131896973,925000.0
2024-02-20,ASIAN.BK,6.949999809265137,6.949999809265137,6.75,6.800000190734863,5.332412242889404,1162800.0
2024-02-21,ASIAN.BK,6.800000190734863,6.900000095367432,6.75,6.849999904632568,5.371621131896973,1290000.0
2024-02-22,ASIAN.BK,6.699999809265137,7.0,6.699999809265137,6.949999809265137,5.450038909912109,1982400.0
2024-02-23,ASIAN.BK,6.949999809265137,7.099999904632568,6.949999809265137,7.050000190734863,5.528457164764404,880700.0
2024-02-27,ASIAN.BK,7.050000190734863,7.050000190734863,6.800000190734863,6.849999904632568,5.371621131896973,1029300.0
2024-02-28,ASIAN.BK,6.849999904632568,6.949999809265137,6.800000190734863,6.849999904632568,5.371621131896973,865900.0
2024-02-29,ASIAN.BK,6.849999904632568,6.900000095367432,6.800000190734863,6.800000190734863,5.332412242889404,469700.0
2024-03-01,ASIAN.BK,6.849999904632568,6.849999904632568,6.650000095367432,6.650000095367432,5.214785575866699,617800.0
2024-03-04,ASIAN.BK,6.699999809265137,6.699999809265137,6.349999904632568,6.449999809265137,5.057950019836426,1292000.0
2024-03-05,ASIAN.BK,6.5,6.5,6.400000095367432,6.400000095367432,5.018741130828857,424700.0
2024-03-06,ASIAN.BK,6.400000095367432,6.599999904632568,6.400000095367432,6.599999904632568,5.175577163696289,380800.0
2024-03-07,ASIAN.BK,6.599999904632568,6.599999904632568,6.449999809265137,6.5,5.097158908843994,723000.0
2024-03-08,ASIAN.BK,6.5,6.650000095367432,6.5,6.550000190734863,5.136368274688721,1301800.0
2024-03-11,ASIAN.BK,6.650000095367432,6.650000095367432,6.550000190734863,6.650000095367432,5.214785575866699,516300.0
2024-03-12,ASIAN.BK,6.650000095367432,6.650000095367432,6.650000095367432,6.650000095367432,5.214785575866699,0.0
2024-03-13,ASIAN.BK,6.650000095367432,6.75,6.650000095367432,6.699999809265137,5.253994941711426,324000.0
2024-03-14,ASIAN.BK,6.75,6.800000190734863,6.75,6.75,5.293203830718994,167700.0
2024-03-15,ASIAN.BK,6.75,6.75,6.75,6.75,5.293203830718994,0.0
2024-03-18,ASIAN.BK,6.800000190734863,6.800000190734863,6.699999809265137,6.75,5.293203830718994,420000.0
2024-03-19,ASIAN.BK,6.75,6.800000190734863,6.650000095367432,6.75,5.293203830718994,606300.0
2024-03-20,ASIAN.BK,6.75,6.75,6.75,6.75,5.293203830718994,0.0
2024-03-21,ASIAN.BK,6.699999809265137,6.75,6.650000095367432,6.699999809265137,5.253994941711426,4752400.0
2024-03-22,ASIAN.BK,6.699999809265137,6.699999809265137,6.699999809265137,6.699999809265137,5.253994941711426,0.0
2024-03-25,ASIAN.BK,6.75,6.75,6.449999809265137,6.449999809265137,5.057950019836426,2195600.0
2024-03-26,ASIAN.BK,6.449999809265137,6.449999809265137,6.449999809265137,6.449999809265137,5.057950019836426,0.0
2024-03-27,ASIAN.BK,6.400000095367432,6.550000190734863,6.400000095367432,6.5,5.097158908843994,1913800.0
2024-03-28,ASIAN.BK,6.5,6.5,6.5,6.5,5.097158908843994,0.0
2024-03-29,ASIAN.BK,6.650000095367432,6.849999904632568,6.650000095367432,6.650000095367432,5.214785575866699,2516400.0
2024-04-01,ASIAN.BK,6.699999809265137,6.849999904632568,6.699999809265137,6.75,5.293203830718994,1570300.0
2024-04-02,ASIAN.BK,6.75,6.900000095367432,6.75,6.900000095367432,5.410830497741699,1541000.0
2024-04-03,ASIAN.BK,6.800000190734863,6.949999809265137,6.800000190734863,6.800000190734863,5.332412242889404,1382400.0
2024-04-04,ASIAN.BK,6.800000190734863,6.800000190734863,6.800000190734863,6.800000190734863,5.332412242889404,0.0
2024-04-05,ASIAN.BK,6.900000095367432,6.900000095367432,6.849999904632568,6.849999904632568,5.371621131896973,378100.0
2024-04-09,ASIAN.BK,6.849999904632568,6.849999904632568,6.849999904632568,6.849999904632568,5.371621131896973,0.0
2024-04-10,ASIAN.BK,7.050000190734863,7.300000190734863,7.050000190734863,7.150000095367432,5.606874942779541,2914000.0
2024-04-11,ASIAN.BK,7.150000095367432,7.199999809265137,7.050000190734863,7.050000190734863,5.528457164764404,1159800.0
2024-04-17,ASIAN.BK,7.050000190734863,7.050000190734863,7.050000190734863,7.050000190734863,5.528457164764404,0.0
2024-04-18,ASIAN.BK,7.050000190734863,7.050000190734863,7.050000190734863,7.050000190734863,5.528457164764404,0.0
2024-04-19,ASIAN.BK,7.050000190734863,7.050000190734863,7.050000190734863,7.050000190734863,5.528457164764404,0.0
2024-04-22,ASIAN.BK,6.75,6.900000095367432,6.75,6.849999904632568,5.371621131896973,423300.0
2024-04-23,ASIAN.BK,6.900000095367432,7.050000190734863,6.900000095367432,7.0,5.489248275756836,641900.0
2024-04-24,ASIAN.BK,7.0,7.0,7.0,7.0,5.489248275756836,0.0
2024-04-25,ASIAN.BK,7.0,7.050000190734863,6.949999809265137,7.050000190734863,5.528457164764404,450200.0
2024-04-26,ASIAN.BK,7.050000190734863,7.199999809265137,7.0,7.199999809265137,5.646083831787109,1681800.0
2024-04-29,ASIAN.BK,7.5,8.25,7.449999809265137,8.25,6.469470977783203,16470600.0
2024-04-30,ASIAN.BK,8.25,8.25,8.25,8.25,6.469470977783203,0.0
2024-05-02,ASIAN.BK,8.25,8.850000381469727,8.25,8.699999809265137,6.822351455688477,18974100.0
2024-05-03,ASIAN.BK,8.800000190734863,8.850000381469727,8.300000190734863,8.399999618530273,6.587097644805908,7898200.0
2024-05-07,ASIAN.BK,8.399999618530273,8.399999618530273,8.399999618530273,8.399999618530273,6.822640895843506,0.0
2024-05-08,ASIAN.BK,8.25,8.300000190734863,7.900000095367432,8.199999809265137,6.6601972579956055,5660400.0
2024-05-09,ASIAN.BK,8.199999809265137,8.5,8.199999809265137,8.449999809265137,6.86325216293335,5059800.0
2024-05-10,ASIAN.BK,9.100000381469727,9.800000190734863,8.850000381469727,9.600000381469727,7.797304630279541,34337800.0
2024-05-13,ASIAN.BK,9.649999618530273,9.949999809265137,9.600000381469727,9.800000190734863,7.959748268127441,12270100.0
2024-05-14,ASIAN.BK,9.800000190734863,9.949999809265137,9.449999809265137,9.699999809265137,7.87852668762207,7691300.0
2024-05-15,ASIAN.BK,9.699999809265137,9.699999809265137,9.699999809265137,9.699999809265137,7.87852668762207,0.0
2024-05-16,ASIAN.BK,9.699999809265137,9.699999809265137,9.699999809265137,9.699999809265137,7.87852668762207,0.0
2024-05-17,ASIAN.BK,9.699999809265137,9.949999809265137,9.600000381469727,9.699999809265137,7.87852668762207,5943100.0
2024-05-20,ASIAN.BK,9.699999809265137,9.699999809265137,9.699999809265137,9.699999809265137,7.87852668762207,0.0
2024-05-21,ASIAN.BK,9.800000190734863,10.199999809265137,9.649999618530273,10.100000381469727,8.203413963317871,6735500.0
2024-05-23,ASIAN.BK,10.100000381469727,10.199999809265137,9.949999809265137,10.100000381469727,8.203413963317871,3934800.0
2024-05-24,ASIAN.BK,10.100000381469727,10.100000381469727,10.100000381469727,10.100000381469727,8.203413963317871,0.0
2024-05-27,ASIAN.BK,10.399999618530273,10.800000190734863,10.199999809265137,10.5,8.528302192687988,10094900.0
2024-05-28,ASIAN.BK,10.5,10.800000190734863,10.399999618530273,10.5,8.528302192687988,6664600.0
2024-05-29,ASIAN.BK,10.399999618530273,10.899999618530273,10.300000190734863,10.800000190734863,8.771967887878418,6116800.0
2024-05-30,ASIAN.BK,10.800000190734863,10.800000190734863,10.800000190734863,10.800000190734863,8.771967887878418,0.0
2024-05-31,ASIAN.BK,10.800000190734863,10.800000190734863,10.800000190734863,10.800000190734863,8.771967887878418,0.0
2024-06-04,ASIAN.BK,10.399999618530273,10.800000190734863,10.300000190734863,10.399999618530273,8.447078704833984,5325100.0
2024-06-05,ASIAN.BK,10.399999618530273,10.399999618530273,10.399999618530273,10.399999618530273,8.447078704833984,0.0
2024-06-06,ASIAN.BK,10.600000381469727,10.600000381469727,10.199999809265137,10.300000190734863,8.365859031677246,3931900.0
2024-06-07,ASIAN.BK,10.300000190734863,10.300000190734863,10.300000190734863,10.300000190734863,8.365859031677246,0.0
2024-06-10,ASIAN.BK,10.399999618530273,11.199999809265137,10.399999618530273,11.0,8.93441104888916,9790600.0
2024-06-11,ASIAN.BK,11.0,11.100000381469727,10.5,10.600000381469727,8.609524726867676,6363100.0
2024-06-12,ASIAN.BK,10.600000381469727,10.800000190734863,10.5,10.5,8.528302192687988,4606700.0
2024-06-13,ASIAN.BK,10.5,10.600000381469727,10.300000190734863,10.399999618530273,8.447078704833984,1740000.0
2024-06-14,ASIAN.BK,10.5,10.5,9.800000190734863,10.0,8.1221923828125,7456600.0
2024-06-17,ASIAN.BK,9.850000381469727,10.100000381469727,9.699999809265137,9.899999618530273,8.040969848632812,5794500.0
2024-06-18,ASIAN.BK,9.899999618530273,9.899999618530273,9.899999618530273,9.899999618530273,8.040969848632812,0.0
2024-06-19,ASIAN.BK,9.899999618530273,9.899999618530273,9.899999618530273,9.899999618530273,8.040969848632812,0.0
2024-06-20,ASIAN.BK,10.0,10.399999618530273,9.899999618530273,10.0,8.1221923828125,3870000.0
2024-06-21,ASIAN.BK,10.100000381469727,10.899999618530273,10.0,10.699999809265137,8.69074535369873,8624700.0
2024-06-24,ASIAN.BK,10.600000381469727,10.800000190734863,10.600000381469727,10.600000381469727,8.609524726867676,2895500.0
2024-06-25,ASIAN.BK,10.600000381469727,10.600000381469727,10.600000381469727,10.600000381469727,8.609524726867676,0.0
2024-06-26,ASIAN.BK,10.600000381469727,10.600000381469727,10.600000381469727,10.600000381469727,8.609524726867676,0.0
2024-06-27,ASIAN.BK,10.600000381469727,10.800000190734863,10.5,10.600000381469727,8.609524726867676,1295600.0
2024-06-28,ASIAN.BK,10.600000381469727,10.699999809265137,10.199999809265137,10.300000190734863,8.365859031677246,2042500.0
2024-07-01,ASIAN.BK,10.300000190734863,10.300000190734863,10.300000190734863,10.300000190734863,8.365859031677246,0.0
2024-07-02,ASIAN.BK,10.300000190734863,10.300000190734863,10.300000190734863,10.300000190734863,8.365859031677246,0.0
2024-07-03,ASIAN.BK,10.0,10.199999809265137,10.0,10.100000381469727,8.203413963317871,995100.0
2024-07-04,ASIAN.BK,10.100000381469727,10.199999809265137,10.0,10.0,8.1221923828125,1038700.0
2024-07-05,ASIAN.BK,10.100000381469727,10.399999618530273,10.100000381469727,10.300000190734863,8.365859031677246,1579000.0
2024-07-08,ASIAN.BK,10.300000190734863,10.699999809265137,10.199999809265137,10.5,8.528302192687988,2474500.0
2024-07-09,ASIAN.BK,10.5,10.5,10.5,10.5,8.528302192687988,0.0
2024-07-10,ASIAN.BK,10.5,10.600000381469727,10.199999809265137,10.300000190734863,8.365859031677246,2464600.0
2024-07-11,ASIAN.BK,10.300000190734863,10.300000190734863,10.300000190734863,10.300000190734863,8.365859031677246,0.0
2024-07-12,ASIAN.BK,10.300000190734863,10.300000190734863,10.300000190734863,10.300000190734863,8.365859031677246,0.0
2024-07-15,ASIAN.BK,10.300000190734863,10.300000190734863,10.300000190734863,10.300000190734863,8.365859031677246,0.0
2024-07-16,ASIAN.BK,10.100000381469727,10.199999809265137,9.949999809265137,9.949999809265137,8.081581115722656,1014200.0
2024-07-17,ASIAN.BK,9.949999809265137,9.949999809265137,9.949999809265137,9.949999809265137,8.081581115722656,0.0
2024-07-18,ASIAN.BK,9.350000381469727,9.399999618530273,9.149999618530273,9.300000190734863,7.5536394119262695,3160800.0
2024-07-19,ASIAN.BK,9.199999809265137,9.350000381469727,8.850000381469727,9.050000190734863,7.350583553314209,3294100.0
2024-07-23,ASIAN.BK,8.949999809265137,9.0,8.449999809265137,8.600000381469727,6.985085487365723,3671500.0
2024-07-24,ASIAN.BK,8.649999618530273,9.100000381469727,8.649999618530273,9.050000190734863,7.350583553314209,2380100.0
2024-07-25,ASIAN.BK,9.0,9.100000381469727,8.800000190734863,9.0,7.309973239898682,1489700.0
2024-07-26,ASIAN.BK,9.0,9.449999809265137,8.949999809265137,9.350000381469727,7.594249725341797,1683300.0
2024-07-30,ASIAN.BK,9.350000381469727,9.350000381469727,9.350000381469727,9.350000381469727,7.594249725341797,0.0
2024-07-31,ASIAN.BK,9.25,9.5,9.149999618530273,9.199999809265137,7.472416400909424,1370600.0
2024-08-01,ASIAN.BK,9.199999809265137,9.399999618530273,9.100000381469727,9.149999618530273,7.431805610656738,995100.0
2024-08-02,ASIAN.BK,9.100000381469727,9.149999618530273,8.75,8.75,7.1069183349609375,1480500.0
2024-08-05,ASIAN.BK,8.649999618530273,8.649999618530273,8.0,8.100000381469727,6.578975677490234,2762400.0
2024-08-06,ASIAN.BK,8.350000381469727,8.649999618530273,8.100000381469727,8.399999618530273,6.822640895843506,2156100.0
2024-08-07,ASIAN.BK,8.800000190734863,9.300000190734863,8.75,8.75,7.1069183349609375,9225600.0
2024-08-08,ASIAN.BK,8.75,8.75,8.75,8.75,7.1069183349609375,0.0
2024-08-09,ASIAN.BK,9.600000381469727,9.649999618530273,9.050000190734863,9.050000190734863,7.350583553314209,9281800.0
2024-08-13,ASIAN.BK,9.149999618530273,9.800000190734863,9.149999618530273,9.800000190734863,7.959748268127441,7588400.0
2024-08-14,ASIAN.BK,9.800000190734863,10.0,9.600000381469727,9.75,7.919137001037598,5380200.0
2024-08-15,ASIAN.BK,9.75,9.75,9.75,9.75,7.919137001037598,0.0
2024-08-16,ASIAN.BK,9.899999618530273,10.300000190734863,9.899999618530273,10.300000190734863,8.365859031677246,3352000.0
2024-08-19,ASIAN.BK,10.300000190734863,10.300000190734863,10.300000190734863,10.300000190734863,8.365859031677246,0.0
2024-08-20,ASIAN.BK,10.300000190734863,10.399999618530273,10.100000381469727,10.199999809265137,8.284635543823242,3230600.0
2024-08-21,ASIAN.BK,9.800000190734863,10.0,9.75,9.800000190734863,8.309819221496582,4091300.0
2024-08-22,ASIAN.BK,9.800000190734863,9.800000190734863,9.800000190734863,9.800000190734863,8.309819221496582,0.0
2024-08-23,ASIAN.BK,9.899999618530273,10.0,9.399999618530273,9.550000190734863,8.097834587097168,5250700.0
2024-08-26,ASIAN.BK,9.550000190734863,9.600000381469727,9.300000190734863,9.600000381469727,8.140231132507324,1897700.0
2024-08-27,ASIAN.BK,9.699999809265137,9.75,9.550000190734863,9.600000381469727,8.140231132507324,2238900.0
2024-08-28,ASIAN.BK,9.649999618530273,9.649999618530273,9.350000381469727,9.399999618530273,7.97064208984375,1590300.0
2024-08-29,ASIAN.BK,9.399999618530273,9.699999809265137,9.350000381469727,9.5,8.055438041687012,3664500.0
2024-08-30,ASIAN.BK,9.550000190734863,9.600000381469727,9.449999809265137,9.550000190734863,8.097834587097168,1061800.0
2024-09-02,ASIAN.BK,9.550000190734863,9.550000190734863,9.550000190734863,9.550000190734863,8.097834587097168,0.0
2024-09-03,ASIAN.BK,9.550000190734863,9.550000190734863,9.550000190734863,9.550000190734863,8.097834587097168,0.0
2024-09-04,ASIAN.BK,9.550000190734863,9.550000190734863,9.550000190734863,9.550000190734863,8.097834587097168,0.0
2024-09-05,ASIAN.BK,9.100000381469727,9.149999618530273,9.0,9.050000190734863,7.673864364624023,1790500.0
2024-09-06,ASIAN.BK,9.149999618530273,9.199999809265137,9.050000190734863,9.050000190734863,7.673864364624023,1500000.0
2024-09-09,ASIAN.BK,9.050000190734863,9.050000190734863,9.050000190734863,9.050000190734863,7.673864364624023,0.0
2024-09-10,ASIAN.BK,9.5,9.550000190734863,9.100000381469727,9.149999618530273,7.758658409118652,9642700.0
2024-09-11,ASIAN.BK,9.199999809265137,9.199999809265137,8.899999618530273,8.949999809265137,7.589069843292236,2392400.0
2024-09-12,ASIAN.BK,8.899999618530273,9.050000190734863,8.899999618530273,8.899999618530273,7.54667329788208,1426300.0
2024-09-13,ASIAN.BK,9.0,9.0,8.899999618530273,8.899999618530273,7.54667329788208,1668200.0
2024-09-16,ASIAN.BK,8.899999618530273,8.899999618530273,8.899999618530273,8.899999618530273,7.54667329788208,0.0
2024-09-17,ASIAN.BK,8.899999618530273,8.899999618530273,8.899999618530273,8.899999618530273,7.54667329788208,0.0
2024-09-18,ASIAN.BK,8.899999618530273,8.899999618530273,8.899999618530273,8.899999618530273,7.54667329788208,0.0
2024-09-19,ASIAN.BK,8.899999618530273,8.899999618530273,8.899999618530273,8.899999618530273,7.54667329788208,0.0
2024-09-20,ASIAN.BK,8.899999618530273,8.899999618530273,8.899999618530273,8.899999618530273,7.54667329788208,0.0
2024-09-23,ASIAN.BK,9.300000190734863,9.350000381469727,8.699999809265137,8.800000190734863,7.461878776550293,5664400.0
2024-09-24,ASIAN.BK,8.800000190734863,8.949999809265137,8.800000190734863,8.800000190734863,7.461878776550293,2729700.0
2024-09-25,ASIAN.BK,8.899999618530273,9.149999618530273,8.850000381469727,9.100000381469727,7.716261386871338,3723400.0
2024-09-26,ASIAN.BK,9.100000381469727,9.149999618530273,8.899999618530273,9.0,7.631466865539551,2937400.0
2024-09-27,ASIAN.BK,9.0,9.0,9.0,9.0,7.631466865539551,0.0
2024-09-30,ASIAN.BK,9.050000190734863,9.100000381469727,8.949999809265137,9.0,7.631466865539551,1028400.0
2024-10-01,ASIAN.BK,9.0,9.0,9.0,9.0,7.631466865539551,0.0
2024-10-02,ASIAN.BK,9.399999618530273,9.399999618530273,9.050000190734863,9.050000190734863,7.673864364624023,6537000.0
2024-10-03,ASIAN.BK,9.149999618530273,9.300000190734863,9.050000190734863,9.100000381469727,7.716261386871338,4839900.0
2024-10-04,ASIAN.BK,9.100000381469727,9.100000381469727,9.100000381469727,9.100000381469727,7.716261386871338,0.0
2024-10-07,ASIAN.BK,9.0,9.100000381469727,8.949999809265137,9.0,7.631466865539551,1327400.0
2024-10-08,ASIAN.BK,9.050000190734863,9.399999618530273,9.050000190734863,9.350000381469727,7.928247451782227,5930300.0
2024-10-09,ASIAN.BK,9.399999618530273,9.5,9.199999809265137,9.25,7.843451976776123,3913100.0
2024-10-10,ASIAN.BK,9.300000190734863,9.350000381469727,9.199999809265137,9.199999809265137,7.801054954528809,2194300.0
2024-10-11,ASIAN.BK,9.199999809265137,9.199999809265137,9.199999809265137,9.199999809265137,7.801054954528809,0.0
2024-10-15,ASIAN.BK,9.050000190734863,9.050000190734863,8.699999809265137,8.699999809265137,7.377085208892822,3745800.0
2024-10-16,ASIAN.BK,8.699999809265137,8.699999809265137,8.699999809265137,8.699999809265137,7.377085208892822,0.0
2024-10-17,ASIAN.BK,8.699999809265137,8.699999809265137,8.699999809265137,8.699999809265137,7.377085208892822,0.0
2024-10-18,ASIAN.BK,9.0,9.100000381469727,8.899999618530273,8.949999809265137,7.589069843292236,1221500.0
2024-10-21,ASIAN.BK,8.899999618530273,9.199999809265137,8.899999618530273,9.100000381469727,7.716261386871338,1001300.0
2024-10-22,ASIAN.BK,9.100000381469727,9.100000381469727,9.100000381469727,9.100000381469727,7.716261386871338,0.0
2024-10-24,ASIAN.BK,8.949999809265137,9.350000381469727,8.949999809265137,9.25,7.843451976776123,5495900.0
2024-10-25,ASIAN.BK,9.25,9.25,9.25,9.25,7.843451976776123,0.0
2024-10-28,ASIAN.BK,9.300000190734863,9.350000381469727,9.0,9.25,7.843451976776123,2937700.0
2024-10-29,ASIAN.BK,9.25,9.25,9.25,9.25,7.843451976776123,0.0
2024-10-30,ASIAN.BK,9.25,9.300000190734863,9.100000381469727,9.149999618530273,7.758658409118652,1031100.0
2024-10-31,ASIAN.BK,9.149999618530273,9.149999618530273,9.149999618530273,9.149999618530273,7.758658409118652,0.0
2024-11-01,ASIAN.BK,9.350000381469727,9.350000381469727,9.25,9.25,7.843451976776123,690500.0
2024-11-04,ASIAN.BK,9.25,9.300000190734863,8.899999618530273,8.899999618530273,7.54667329788208,3806700.0
2024-11-05,ASIAN.BK,8.949999809265137,9.100000381469727,8.949999809265137,9.0,7.631466865539551,945000.0
2024-11-06,ASIAN.BK,9.100000381469727,9.149999618530273,8.949999809265137,9.0,7.631466865539551,3124400.0
2024-11-07,ASIAN.BK,9.050000190734863,9.100000381469727,8.899999618530273,8.899999618530273,7.54667329788208,1967100.0
2024-11-08,ASIAN.BK,9.0,9.0,8.699999809265137,8.800000190734863,7.461878776550293,2929800.0
2024-11-11,ASIAN.BK,8.949999809265137,9.100000381469727,8.800000190734863,8.850000381469727,7.504276275634766,4075000.0
2024-11-12,ASIAN.BK,8.949999809265137,8.949999809265137,8.75,8.899999618530273,7.54667329788208,2263300.0
2024-11-13,ASIAN.BK,8.850000381469727,8.949999809265137,8.800000190734863,8.800000190734863,7.461878776550293,1425000.0
2024-11-14,ASIAN.BK,8.850000381469727,9.100000381469727,8.75,8.949999809265137,7.589069843292236,2547200.0
2024-11-15,ASIAN.BK,8.899999618530273,8.949999809265137,8.800000190734863,8.850000381469727,7.504276275634766,1146700.0
2024-11-18,ASIAN.BK,8.850000381469727,8.899999618530273,8.800000190734863,8.850000381469727,7.504276275634766,687600.0
2024-11-19,ASIAN.BK,8.800000190734863,8.850000381469727,8.800000190734863,8.800000190734863,7.461878776550293,501800.0
2024-11-20,ASIAN.BK,8.800000190734863,8.800000190734863,8.75,8.75,7.41948127746582,586300.0
2024-11-21,ASIAN.BK,8.75,8.850000381469727,8.699999809265137,8.699999809265137,7.377085208892822,825100.0
2024-11-22,ASIAN.BK,8.699999809265137,8.699999809265137,8.600000381469727,8.699999809265137,7.377085208892822,1599600.0
2024-11-25,ASIAN.BK,8.699999809265137,8.75,8.649999618530273,8.649999618530273,7.334687232971191,860900.0
2024-11-26,ASIAN.BK,8.649999618530273,8.75,8.550000190734863,8.699999809265137,7.377085208892822,1063200.0
2024-11-27,ASIAN.BK,8.699999809265137,8.699999809265137,8.5,8.550000190734863,7.249894142150879,1222700.0
2024-11-28,ASIAN.BK,8.5,8.550000190734863,8.449999809265137,8.5,7.207496643066406,543300.0
2024-11-29,ASIAN.BK,8.449999809265137,8.5,8.350000381469727,8.399999618530273,7.122702121734619,791900.0
2024-12-02,ASIAN.BK,8.399999618530273,8.5,8.350000381469727,8.399999618530273,7.122702121734619,594700.0
2024-12-03,ASIAN.BK,8.399999618530273,8.5,8.399999618530273,8.449999809265137,7.165099620819092,587600.0
2024-12-04,ASIAN.BK,8.449999809265137,8.550000190734863,8.449999809265137,8.5,7.207496643066406,561500.0
2024-12-06,ASIAN.BK,8.550000190734863,8.550000190734863,8.449999809265137,8.449999809265137,7.165099620819092,916400.0
2024-12-09,ASIAN.BK,8.449999809265137,8.5,8.399999618530273,8.399999618530273,7.122702121734619,586300.0
2024-12-11,ASIAN.BK,8.449999809265137,8.550000190734863,8.449999809265137,8.449999809265137,7.165099620819092,868700.0
2024-12-12,ASIAN.BK,8.550000190734863,8.550000190734863,8.449999809265137,8.5,7.207496643066406,731100.0
2024-12-13,ASIAN.BK,8.449999809265137,8.5,8.350000381469727,8.399999618530273,7.122702121734619,449900.0
2024-12-16,ASIAN.BK,8.350000381469727,8.399999618530273,8.300000190734863,8.350000381469727,7.080306053161621,630500.0
2024-12-17,ASIAN.BK,8.350000381469727,8.399999618530273,8.149999618530273,8.149999618530273,6.910717010498047,1023000.0
2024-12-18,ASIAN.BK,8.149999618530273,8.350000381469727,8.149999618530273,8.199999809265137,6.9531145095825195,1913600.0
2024-12-19,ASIAN.BK,8.149999618530273,8.149999618530273,7.900000095367432,7.900000095367432,6.698731899261475,1682800.0
2024-12-20,ASIAN.BK,8.050000190734863,8.050000190734863,7.800000190734863,7.800000190734863,6.613937854766846,958500.0
2024-12-23,ASIAN.BK,7.800000190734863,8.0,7.800000190734863,7.949999809265137,6.741129398345947,390500.0
2024-12-24,ASIAN.BK,8.0,8.0,7.900000095367432,7.949999809265137,6.741129398345947,275800.0
2024-12-25,ASIAN.BK,8.0,8.149999618530273,7.949999809265137,8.149999618530273,6.910717010498047,335900.0
2024-12-26,ASIAN.BK,8.149999618530273,8.199999809265137,8.0,8.050000190734863,6.825923442840576,299500.0
2024-12-27,ASIAN.BK,8.100000381469727,8.100000381469727,8.0,8.0,6.7835259437561035,335900.0
2024-12-30,ASIAN.BK,8.0,8.050000190734863,8.0,8.050000190734863,6.825923442840576,156400.0
2025-01-02,ASIAN.BK,8.050000190734863,8.100000381469727,7.900000095367432,8.050000190734863,6.825923442840576,319300.0
2025-01-03,ASIAN.BK,8.050000190734863,8.050000190734863,7.949999809265137,7.949999809265137,6.741129398345947,245400.0
2025-01-06,ASIAN.BK,7.949999809265137,8.050000190734863,7.949999809265137,8.050000190734863,6.825923442840576,112000.0
2025-01-07,ASIAN.BK,7.949999809265137,8.050000190734863,7.949999809265137,8.0,6.7835259437561035,347700.0
2025-01-08,ASIAN.BK,8.0,8.050000190734863,7.900000095367432,7.900000095367432,6.698731899261475,314500.0
2025-01-09,ASIAN.BK,7.900000095367432,7.900000095367432,7.75,7.75,6.5715413093566895,685600.0
2025-01-10,ASIAN.BK,7.75,7.849999904632568,7.699999809265137,7.849999904632568,6.656335353851318,271900.0
2025-01-13,ASIAN.BK,7.75,7.800000190734863,7.699999809265137,7.699999809265137,6.529143810272217,493500.0
2025-01-14,ASIAN.BK,7.699999809265137,7.75,7.650000095367432,7.75,6.5715413093566895,188900.0
2025-01-15,ASIAN.BK,7.699999809265137,7.75,7.550000190734863,7.599999904632568,6.444349765777588,616500.0
2025-01-16,ASIAN.BK,7.650000095367432,7.800000190734863,7.599999904632568,7.650000095367432,6.4867472648620605,385800.0
2025-01-17,ASIAN.BK,7.699999809265137,7.75,7.650000095367432,7.699999809265137,6.529143810272217,418500.0
2025-01-20,ASIAN.BK,7.699999809265137,7.699999809265137,7.650000095367432,7.650000095367432,6.4867472648620605,319300.0
2025-01-21,ASIAN.BK,7.75,7.800000190734863,7.650000095367432,7.75,6.5715413093566895,295000.0
2025-01-22,ASIAN.BK,7.75,7.800000190734863,7.699999809265137,7.75,6.5715413093566895,273100.0
2025-01-23,ASIAN.BK,7.75,7.849999904632568,7.75,7.75,6.5715413093566895,494700.0
2025-01-24,ASIAN.BK,7.699999809265137,7.900000095367432,7.699999809265137,7.849999904632568,6.656335353851318,490200.0
2025-01-27,ASIAN.BK,7.849999904632568,7.949999809265137,7.849999904632568,7.849999904632568,6.656335353851318,330300.0
2025-01-28,ASIAN.BK,7.849999904632568,7.949999809265137,7.849999904632568,7.849999904632568,6.656335353851318,86000.0
2025-01-29,ASIAN.BK,7.849999904632568,7.949999809265137,7.800000190734863,7.900000095367432,6.698731899261475,1572300.0
2025-01-30,ASIAN.BK,7.900000095367432,7.949999809265137,7.800000190734863,7.900000095367432,6.698731899261475,402300.0
2025-01-31,ASIAN.BK,7.849999904632568,7.900000095367432,7.800000190734863,7.800000190734863,6.613937854766846,161700.0
2025-02-03,ASIAN.BK,7.800000190734863,7.800000190734863,7.599999904632568,7.699999809265137,6.529143810272217,435700.0
2025-02-04,ASIAN.BK,7.699999809265137,7.800000190734863,7.400000095367432,7.5,6.359555721282959,735900.0
2025-02-05,ASIAN.BK,7.449999809265137,7.449999809265137,7.349999904632568,7.400000095367432,6.27476167678833,396700.0
2025-02-06,ASIAN.BK,7.400000095367432,7.400000095367432,6.900000095367432,6.900000095367432,5.8507914543151855,1040800.0
2025-02-07,ASIAN.BK,6.900000095367432,7.0,6.800000190734863,7.0,5.9355854988098145,839800.0
2025-02-10,ASIAN.BK,7.0,7.0,6.800000190734863,6.900000095367432,5.8507914543151855,192300.0
2025-02-11,ASIAN.BK,6.699999809265137,7.050000190734863,6.699999809265137,6.900000095367432,5.8507914543151855,416000.0
2025-02-13,ASIAN.BK,7.050000190734863,7.050000190734863,6.849999904632568,6.849999904632568,5.808393955230713,447000.0
2025-02-14,ASIAN.BK,6.849999904632568,7.0,6.849999904632568,6.949999809265137,5.8931884765625,239200.0
2025-02-17,ASIAN.BK,6.900000095367432,7.5,6.900000095367432,7.449999809265137,6.3171586990356445,1216200.0
2025-02-18,ASIAN.BK,7.5,7.699999809265137,7.449999809265137,7.550000190734863,6.401953220367432,846600.0
2025-02-19,ASIAN.BK,7.650000095367432,7.75,7.599999904632568,7.75,6.5715413093566895,592400.0
2025-02-20,ASIAN.BK,7.699999809265137,7.849999904632568,7.699999809265137,7.849999904632568,6.656335353851318,535600.0
2025-02-21,ASIAN.BK,7.800000190734863,7.949999809265137,7.75,7.949999809265137,6.741129398345947,253000.0
2025-02-24,ASIAN.BK,7.949999809265137,7.949999809265137,7.849999904632568,7.849999904632568,6.656335353851318,311400.0
2025-02-25,ASIAN.BK,7.900000095367432,7.900000095367432,7.550000190734863,7.550000190734863,6.401953220367432,471900.0
2025-02-26,ASIAN.BK,7.5,7.699999809265137,7.5,7.699999809265137,6.529143810272217,274100.0
2025-02-27,ASIAN.BK,7.849999904632568,7.900000095367432,7.650000095367432,7.699999809265137,6.529143810272217,1338300.0
2025-02-28,ASIAN.BK,7.699999809265137,7.699999809265137,7.449999809265137,7.5,6.359555721282959,1140800.0
2025-03-03,ASIAN.BK,7.599999904632568,7.650000095367432,7.5,7.599999904632568,6.444349765777588,391700.0
2025-03-04,ASIAN.BK,7.550000190734863,7.699999809265137,7.5,7.599999904632568,6.444349765777588,386000.0
2025-03-05,ASIAN.BK,7.650000095367432,7.900000095367432,7.550000190734863,7.800000190734863,6.613937854766846,1334500.0
2025-03-06,ASIAN.BK,7.900000095367432,7.949999809265137,7.800000190734863,7.849999904632568,6.656335353851318,846800.0
2025-03-07,ASIAN.BK,7.949999809265137,8.25,7.900000095367432,8.149999618530273,6.910717010498047,2217500.0
2025-03-10,ASIAN.BK,8.199999809265137,8.199999809265137,7.900000095367432,8.0,6.7835259437561035,1115500.0
2025-03-11,ASIAN.BK,7.900000095367432,8.149999618530273,7.849999904632568,8.100000381469727,6.868320465087891,1157700.0
2025-03-12,ASIAN.BK,8.100000381469727,8.100000381469727,7.949999809265137,8.0,6.7835259437561035,971000.0
2025-03-13,ASIAN.BK,8.050000190734863,8.100000381469727,8.0,8.050000190734863,6.825923442840576,378800.0
2025-03-14,ASIAN.BK,8.0,8.100000381469727,7.949999809265137,8.0,6.7835259437561035,555200.0
2025-03-17,ASIAN.BK,8.0,8.25,7.900000095367432,8.199999809265137,6.9531145095825195,2759200.0
2025-03-18,ASIAN.BK,8.149999618530273,8.25,8.100000381469727,8.199999809265137,6.9531145095825195,1006700.0
2025-03-19,ASIAN.BK,8.199999809265137,8.350000381469727,8.149999618530273,8.25,6.995511531829834,1095000.0
2025-03-20,ASIAN.BK,8.300000190734863,8.350000381469727,8.050000190734863,8.149999618530273,6.910717010498047,1577900.0
2025-03-21,ASIAN.BK,8.100000381469727,8.199999809265137,8.0,8.050000190734863,6.825923442840576,869800.0
2025-03-24,ASIAN.BK,8.050000190734863,8.149999618530273,8.0,8.050000190734863,6.825923442840576,535500.0
2025-03-25,ASIAN.BK,8.050000190734863,8.199999809265137,8.0,8.149999618530273,6.910717010498047,513300.0
2025-03-26,ASIAN.BK,8.25,8.25,8.100000381469727,8.199999809265137,6.9531145095825195,288000.0
2025-03-27,ASIAN.BK,8.199999809265137,8.199999809265137,8.050000190734863,8.100000381469727,6.868320465087891,372600.0
2025-03-28,ASIAN.BK,8.100000381469727,8.149999618530273,8.0,8.0,6.7835259437561035,236100.0
2025-03-31,ASIAN.BK,7.900000095367432,8.050000190734863,7.849999904632568,7.949999809265137,6.741129398345947,589700.0
2025-04-01,ASIAN.BK,8.0,8.050000190734863,7.650000095367432,7.800000190734863,6.613937854766846,1285300.0
2025-04-02,ASIAN.BK,7.699999809265137,7.800000190734863,7.550000190734863,7.599999904632568,6.444349765777588,1935200.0
2025-04-03,ASIAN.BK,7.25,7.349999904632568,7.050000190734863,7.099999904632568,6.020379543304443,3018400.0
2025-04-04,ASIAN.BK,7.099999904632568,7.150000095367432,7.050000190734863,7.150000095367432,6.062776565551758,905100.0
2025-04-08,ASIAN.BK,6.699999809265137,6.849999904632568,6.5,6.650000095367432,5.638806343078613,2071300.0
2025-04-09,ASIAN.BK,6.5,6.75,6.5,6.699999809265137,5.6812028884887695,863300.0
2025-04-10,ASIAN.BK,7.199999809265137,7.449999809265137,7.050000190734863,7.349999904632568,6.232364654541016,2329700.0
2025-04-11,ASIAN.BK,7.199999809265137,7.300000190734863,7.199999809265137,7.199999809265137,6.105173587799072,381700.0
2025-04-16,ASIAN.BK,7.25,7.449999809265137,7.25,7.400000095367432,6.27476167678833,479600.0
2025-04-17,ASIAN.BK,7.349999904632568,7.449999809265137,7.099999904632568,7.25,6.147570610046387,2191100.0
2025-04-18,ASIAN.BK,7.300000190734863,7.5,7.300000190734863,7.5,6.359555721282959,631900.0
2025-04-21,ASIAN.BK,7.5,7.550000190734863,7.400000095367432,7.400000095367432,6.27476167678833,580300.0
2025-04-22,ASIAN.BK,7.5,7.5,7.349999904632568,7.449999809265137,6.3171586990356445,674800.0
2025-04-23,ASIAN.BK,7.5,7.550000190734863,7.400000095367432,7.449999809265137,6.3171586990356445,285400.0
2025-04-24,ASIAN.BK,7.5,7.650000095367432,7.400000095367432,7.599999904632568,6.444349765777588,565800.0
2025-04-25,ASIAN.BK,7.650000095367432,7.849999904632568,7.599999904632568,7.800000190734863,6.613937854766846,822700.0
2025-04-28,ASIAN.BK,7.75,7.849999904632568,7.599999904632568,7.75,6.5715413093566895,642600.0
2025-04-29,ASIAN.BK,7.75,7.75,7.449999809265137,7.599999904632568,6.444349765777588,1245100.0
2025-04-30,ASIAN.BK,7.699999809265137,7.699999809265137,7.599999904632568,7.699999809265137,6.529143810272217,899200.0
2025-05-02,ASIAN.BK,7.699999809265137,7.949999809265137,7.699999809265137,7.900000095367432,6.698731899261475,1927300.0
2025-05-06,ASIAN.BK,7.300000190734863,7.349999904632568,7.150000095367432,7.150000095367432,6.525598526000977,1358200.0
2025-05-07,ASIAN.BK,7.150000095367432,7.300000190734863,7.150000095367432,7.25,6.616865634918213,630000.0
2025-05-08,ASIAN.BK,7.300000190734863,7.300000190734863,7.199999809265137,7.199999809265137,6.571231842041016,359400.0
2025-05-09,ASIAN.BK,7.25,7.25,7.150000095367432,7.199999809265137,6.571231842041016,546100.0
2025-05-13,ASIAN.BK,7.300000190734863,7.300000190734863,7.150000095367432,7.150000095367432,6.525598526000977,400100.0
2025-05-14,ASIAN.BK,7.199999809265137,7.349999904632568,7.150000095367432,7.150000095367432,6.525598526000977,1076000.0
2025-05-15,ASIAN.BK,7.150000095367432,7.150000095367432,7.0,7.150000095367432,6.525598526000977,667800.0
2025-05-16,ASIAN.BK,7.199999809265137,7.199999809265137,7.099999904632568,7.099999904632568,6.479964733123779,314500.0
2025-05-19,ASIAN.BK,7.099999904632568,7.150000095367432,7.0,7.050000190734863,6.434331893920898,574500.0
2025-05-20,ASIAN.BK,7.050000190734863,7.099999904632568,7.0,7.099999904632568,6.479964733123779,282600.0
2025-05-21,ASIAN.BK,7.099999904632568,7.150000095367432,7.0,7.050000190734863,6.434331893920898,886500.0
2025-05-22,ASIAN.BK,7.050000190734863,7.050000190734863,7.0,7.050000190734863,6.434331893920898,347500.0
2025-05-23,ASIAN.BK,7.0,7.050000190734863,6.949999809265137,7.050000190734863,6.434331893920898,518900.0
2025-05-26,ASIAN.BK,7.050000190734863,7.050000190734863,7.0,7.0,6.388697624206543,125500.0
2025-05-27,ASIAN.BK,7.0,7.050000190734863,6.900000095367432,7.0,6.388697624206543,430800.0
2025-05-28,ASIAN.BK,7.0,7.050000190734863,6.949999809265137,7.0,6.388697624206543,486000.0
2025-05-29,ASIAN.BK,7.099999904632568,7.400000095367432,7.099999904632568,7.25,6.616865634918213,2356600.0
2025-05-30,ASIAN.BK,7.099999904632568,7.099999904632568,7.0,7.0,6.388697624206543,871000.0
2025-06-04,ASIAN.BK,7.0,7.0,6.900000095367432,7.0,6.388697624206543,1475500.0
2025-06-05,ASIAN.BK,7.050000190734863,7.050000190734863,6.949999809265137,7.0,6.388697624206543,315600.0
2025-06-06,ASIAN.BK,7.050000190734863,7.050000190734863,6.900000095367432,7.0,6.388697624206543,497100.0
2025-06-09,ASIAN.BK,7.0,7.050000190734863,6.949999809265137,6.949999809265137,6.343064308166504,222000.0
2025-06-10,ASIAN.BK,7.0,7.0,6.900000095367432,6.900000095367432,6.297430515289307,295500.0
2025-06-11,ASIAN.BK,6.849999904632568,6.949999809265137,6.849999904632568,6.900000095367432,6.297430515289307,492400.0
2025-06-12,ASIAN.BK,6.900000095367432,6.900000095367432,6.75,6.75,6.160529613494873,1357200.0
2025-06-13,ASIAN.BK,6.650000095367432,6.75,6.650000095367432,6.699999809265137,6.114896297454834,449500.0
2025-06-16,ASIAN.BK,6.650000095367432,6.75,6.599999904632568,6.650000095367432,6.069262981414795,273500.0
2025-06-17,ASIAN.BK,6.650000095367432,6.800000190734863,6.650000095367432,6.800000190734863,6.2061638832092285,176200.0
2025-06-18,ASIAN.BK,6.800000190734863,6.849999904632568,6.699999809265137,6.699999809265137,6.114896297454834,200200.0
2025-06-19,ASIAN.BK,6.650000095367432,6.75,6.599999904632568,6.699999809265137,6.114896297454834,325300.0
2025-06-20,ASIAN.BK,6.650000095367432,6.800000190734863,6.650000095367432,6.75,6.160529613494873,306000.0
2025-06-23,ASIAN.BK,6.699999809265137,6.699999809265137,6.599999904632568,6.650000095367432,6.069262981414795,287700.0
2025-06-24,ASIAN.BK,6.650000095367432,6.800000190734863,6.650000095367432,6.75,6.160529613494873,372400.0
2025-06-25,ASIAN.BK,6.800000190734863,6.800000190734863,6.599999904632568,6.800000190734863,6.2061638832092285,410100.0
2025-06-26,ASIAN.BK,6.800000190734863,6.900000095367432,6.75,6.800000190734863,6.2061638832092285,405500.0
2025-06-27,ASIAN.BK,6.900000095367432,6.900000095367432,6.800000190734863,6.849999904632568,6.251796722412109,341900.0
2025-06-30,ASIAN.BK,6.75,6.900000095367432,6.75,6.900000095367432,6.297430515289307,81300.0
2025-07-01,ASIAN.BK,6.900000095367432,6.949999809265137,6.849999904632568,6.949999809265137,6.343064308166504,143600.0
2025-07-02,ASIAN.BK,6.949999809265137,7.199999809265137,6.900000095367432,7.099999904632568,6.479964733123779,812800.0
2025-07-03,ASIAN.BK,7.050000190734863,7.150000095367432,7.050000190734863,7.150000095367432,6.525598526000977,463400.0
2025-07-04,ASIAN.BK,7.099999904632568,7.150000095367432,7.0,7.050000190734863,6.434331893920898,724400.0
2025-07-07,ASIAN.BK,6.949999809265137,6.949999809265137,6.849999904632568,6.900000095367432,6.297430515289307,752700.0
2025-07-08,ASIAN.BK,6.699999809265137,6.849999904632568,6.699999809265137,6.800000190734863,6.2061638832092285,590700.0
2025-07-09,ASIAN.BK,6.849999904632568,6.900000095367432,6.75,6.800000190734863,6.2061638832092285,297400.0
2025-07-11,ASIAN.BK,6.699999809265137,6.849999904632568,6.699999809265137,6.800000190734863,6.2061638832092285,139300.0
2025-07-14,ASIAN.BK,6.75,6.949999809265137,6.75,6.900000095367432,6.297430515289307,355300.0
2025-07-15,ASIAN.BK,6.900000095367432,7.0,6.849999904632568,7.0,6.388697624206543,318100.0
2025-07-16,ASIAN.BK,7.0,7.050000190734863,6.949999809265137,6.949999809265137,6.343064308166504,531300.0
2025-07-17,ASIAN.BK,6.949999809265137,7.099999904632568,6.949999809265137,7.099999904632568,6.479964733123779,625800.0
2025-07-18,ASIAN.BK,7.150000095367432,7.199999809265137,7.0,7.050000190734863,6.434331893920898,974100.0
2025-07-21,ASIAN.BK,7.050000190734863,7.150000095367432,7.0,7.099999904632568,6.479964733123779,490600.0
2025-07-22,ASIAN.BK,7.050000190734863,7.150000095367432,7.0,7.0,6.388697624206543,490700.0
2025-07-23,ASIAN.BK,6.949999809265137,7.099999904632568,6.949999809265137,7.050000190734863,6.434331893920898,1136800.0
2025-07-24,ASIAN.BK,7.050000190734863,7.099999904632568,6.900000095367432,6.949999809265137,6.343064308166504,912900.0
2025-07-25,ASIAN.BK,6.949999809265137,7.050000190734863,6.949999809265137,7.0,6.388697624206543,267600.0
2025-07-29,ASIAN.BK,6.949999809265137,7.199999809265137,6.949999809265137,7.199999809265137,6.571231842041016,2877000.0
2025-07-30,ASIAN.BK,7.199999809265137,7.5,7.150000095367432,7.449999809265137,6.7993998527526855,1429900.0
2025-07-31,ASIAN.BK,7.400000095367432,7.400000095367432,7.199999809265137,7.25,6.616865634918213,1123800.0
2025-08-01,ASIAN.BK,7.449999809265137,7.5,7.300000190734863,7.449999809265137,6.7993998527526855,1727800.0
2025-08-04,ASIAN.BK,7.400000095367432,7.449999809265137,7.349999904632568,7.400000095367432,6.753766059875488,422000.0
2025-08-05,ASIAN.BK,7.400000095367432,7.650000095367432,7.349999904632568,7.5,6.845033168792725,2906700.0
2025-08-06,ASIAN.BK,7.5,7.599999904632568,7.449999809265137,7.550000190734863,6.890666961669922,1910400.0
2025-08-07,ASIAN.BK,7.599999904632568,7.650000095367432,7.5,7.550000190734863,6.890666961669922,1241100.0
2025-08-08,ASIAN.BK,7.550000190734863,7.599999904632568,7.449999809265137,7.550000190734863,6.890666961669922,821900.0
2025-08-13,ASIAN.BK,7.449999809265137,7.5,7.199999809265137,7.400000095367432,6.753766059875488,1974300.0
2025-08-14,ASIAN.BK,7.5,7.699999809265137,7.449999809265137,7.550000190734863,6.890666961669922,4155400.0
2025-08-15,ASIAN.BK,7.550000190734863,7.699999809265137,7.550000190734863,7.650000095367432,6.981934070587158,1141400.0
2025-08-18,ASIAN.BK,7.650000095367432,7.699999809265137,7.599999904632568,7.599999904632568,6.936300277709961,1197300.0
2025-08-19,ASIAN.BK,7.699999809265137,7.800000190734863,7.599999904632568,7.650000095367432,6.981934070587158,1635700.0
2025-08-20,ASIAN.BK,7.699999809265137,7.699999809265137,7.650000095367432,7.699999809265137,7.027567386627197,495400.0
2025-08-21,ASIAN.BK,7.699999809265137,7.800000190734863,7.650000095367432,7.75,7.0732011795043945,1165200.0
2025-08-22,ASIAN.BK,7.75,7.75,7.650000095367432,7.699999809265137,7.027567386627197,2538100.0
2025-08-25,ASIAN.BK,7.699999809265137,7.800000190734863,7.650000095367432,7.75,7.0732011795043945,3707200.0
2025-08-26,ASIAN.BK,7.25,7.349999904632568,7.199999809265137,7.199999809265137,6.954206943511963,3520700.0
2025-08-27,ASIAN.BK,7.25,7.25,7.150000095367432,7.150000095367432,6.905914306640625,748900.0
2025-08-28,ASIAN.BK,7.099999904632568,7.150000095367432,7.050000190734863,7.099999904632568,6.857620716094971,529000.0
2025-08-29,ASIAN.BK,7.050000190734863,7.150000095367432,7.050000190734863,7.150000095367432,6.905914306640625,512600.0
2025-09-01,ASIAN.BK,7.050000190734863,7.099999904632568,7.050000190734863,7.099999904632568,6.857620716094971,317100.0
2025-09-02,ASIAN.BK,7.099999904632568,7.300000190734863,7.050000190734863,7.25,7.002500057220459,916800.0
2025-09-03,ASIAN.BK,7.199999809265137,7.25,7.150000095367432,7.150000095367432,6.905914306640625,420400.0
2025-09-04,ASIAN.BK,7.199999809265137,7.199999809265137,7.050000190734863,7.099999904632568,6.857620716094971,611600.0
2025-09-05,ASIAN.BK,7.150000095367432,7.25,7.099999904632568,7.150000095367432,6.905914306640625,530100.0
2025-09-08,ASIAN.BK,7.199999809265137,7.300000190734863,7.150000095367432,7.199999809265137,6.954206943511963,799300.0
2025-09-09,ASIAN.BK,7.300000190734863,7.300000190734863,7.199999809265137,7.25,7.002500057220459,357300.0
2025-09-10,ASIAN.BK,7.25,7.25,7.150000095367432,7.199999809265137,6.954206943511963,1428100.0
2025-09-11,ASIAN.BK,7.25,7.300000190734863,7.199999809265137,7.25,7.002500057220459,678700.0
2025-09-12,ASIAN.BK,7.300000190734863,7.449999809265137,7.25,7.400000095367432,7.147379398345947,956300.0
2025-09-15,ASIAN.BK,7.400000095367432,7.449999809265137,7.349999904632568,7.400000095367432,7.147379398345947,389900.0
2025-09-16,ASIAN.BK,7.400000095367432,7.599999904632568,7.400000095367432,7.5,7.2439656257629395,1552500.0
2025-09-17,ASIAN.BK,7.550000190734863,7.550000190734863,7.400000095367432,7.400000095367432,7.147379398345947,551300.0
2025-09-18,ASIAN.BK,7.400000095367432,7.449999809265137,7.25,7.25,7.002500057220459,1032200.0
2025-09-19,ASIAN.BK,7.25,7.300000190734863,7.199999809265137,7.199999809265137,6.954206943511963,508400.0
2025-09-22,ASIAN.BK,7.199999809265137,7.25,7.150000095367432,7.199999809265137,6.954206943511963,584400.0
2025-09-23,ASIAN.BK,7.199999809265137,7.25,7.150000095367432,7.150000095367432,6.905914306640625,440500.0
2025-09-24,ASIAN.BK,7.199999809265137,7.199999809265137,7.150000095367432,7.199999809265137,6.954206943511963,366900.0
2025-09-25,ASIAN.BK,7.150000095367432,7.25,7.150000095367432,7.25,7.002500057220459,286100.0
2025-09-26,ASIAN.BK,7.25,7.400000095367432,7.25,7.349999904632568,7.099086284637451,453900.0
2025-09-29,ASIAN.BK,7.349999904632568,7.449999809265137,7.300000190734863,7.400000095367432,7.147379398345947,455200.0
2025-09-30,ASIAN.BK,7.449999809265137,7.449999809265137,7.300000190734863,7.300000190734863,7.050793647766113,744000.0
2025-10-01,ASIAN.BK,7.349999904632568,7.400000095367432,7.300000190734863,7.300000190734863,7.050793647766113,586300.0
2025-10-02,ASIAN.BK,7.349999904632568,7.400000095367432,7.300000190734863,7.349999904632568,7.099086284637451,670900.0
2025-10-03,ASIAN.BK,7.400000095367432,7.400000095367432,7.300000190734863,7.349999904632568,7.099086284637451,235400.0
2025-10-06,ASIAN.BK,7.349999904632568,7.400000095367432,7.199999809265137,7.25,7.002500057220459,794100.0
2025-10-07,ASIAN.BK,7.25,7.25,7.25,7.25,7.002500057220459,0.0
2025-10-08,ASIAN.BK,7.400000095367432,7.400000095367432,7.300000190734863,7.400000095367432,7.147379398345947,1201200.0
2025-10-09,ASIAN.BK,7.400000095367432,7.550000190734863,7.400000095367432,7.5,7.2439656257629395,1237500.0
2025-10-10,ASIAN.BK,7.5,7.5,7.400000095367432,7.400000095367432,7.147379398345947,643600.0
2025-10-14,ASIAN.BK,7.400000095367432,7.449999809265137,7.400000095367432,7.449999809265137,7.195672512054443,834800.0
2025-10-15,ASIAN.BK,7.449999809265137,7.550000190734863,7.400000095367432,7.5,7.2439656257629395,1095000.0
2025-10-16,ASIAN.BK,7.550000190734863,7.599999904632568,7.5,7.550000190734863,7.292259216308594,1525400.0
2025-10-17,ASIAN.BK,7.599999904632568,7.699999809265137,7.5,7.599999904632568,7.340551853179932,1484000.0
2025-10-20,ASIAN.BK,7.550000190734863,7.599999904632568,7.349999904632568,7.349999904632568,7.099086284637451,908600.0
2025-10-21,ASIAN.BK,7.400000095367432,7.449999809265137,7.300000190734863,7.349999904632568,7.099086284637451,380700.0
2025-10-22,ASIAN.BK,7.349999904632568,7.400000095367432,7.349999904632568,7.400000095367432,7.147379398345947,133700.0
2025-10-24,ASIAN.BK,7.400000095367432,7.400000095367432,7.300000190734863,7.300000190734863,7.050793647766113,208900.0
2025-10-27,ASIAN.BK,7.349999904632568,7.449999809265137,7.300000190734863,7.400000095367432,7.147379398345947,521900.0
2025-10-28,ASIAN.BK,7.400000095367432,7.400000095367432,7.25,7.349999904632568,7.099086284637451,592600.0
2025-10-29,ASIAN.BK,7.349999904632568,7.349999904632568,7.25,7.300000190734863,7.050793647766113,171800.0
2025-10-30,ASIAN.BK,7.25,7.349999904632568,7.25,7.349999904632568,7.099086284637451,159000.0
2025-10-31,ASIAN.BK,7.300000190734863,7.400000095367432,7.300000190734863,7.300000190734863,7.050793647766113,194300.0
2025-11-03,ASIAN.BK,7.300000190734863,7.349999904632568,7.25,7.349999904632568,7.099086284637451,417200.0
2025-11-04,ASIAN.BK,7.300000190734863,7.349999904632568,7.25,7.300000190734863,7.050793647766113,269400.0
2025-11-05,ASIAN.BK,7.25,7.349999904632568,7.25,7.300000190734863,7.050793647766113,1487600.0
2025-11-06,ASIAN.BK,7.25,7.300000190734863,7.25,7.300000190734863,7.050793647766113,352300.0
2025-11-07,ASIAN.BK,7.300000190734863,7.300000190734863,7.25,7.25,7.002500057220459,118800.0
2025-11-10,ASIAN.BK,7.300000190734863,7.300000190734863,7.199999809265137,7.300000190734863,7.050793647766113,245600.0
2025-11-11,ASIAN.BK,7.300000190734863,7.300000190734863,7.25,7.25,7.002500057220459,153500.0
2025-11-12,ASIAN.BK,7.25,7.349999904632568,7.25,7.349999904632568,7.099086284637451,501600.0
2025-11-13,ASIAN.BK,7.300000190734863,7.349999904632568,7.25,7.25,7.002500057220459,413300.0
2025-11-14,ASIAN.BK,7.25,7.25,7.150000095367432,7.199999809265137,6.954206943511963,739900.0
2025-11-17,ASIAN.BK,7.150000095367432,7.25,7.150000095367432,7.25,7.002500057220459,379900.0
2025-11-18,ASIAN.BK,7.25,7.300000190734863,7.150000095367432,7.25,7.002500057220459,140100.0
2025-11-19,ASIAN.BK,7.300000190734863,7.300000190734863,7.199999809265137,7.25,7.002500057220459,46700.0
2025-11-20,ASIAN.BK,7.349999904632568,7.349999904632568,7.25,7.25,7.002500057220459,49100.0
2025-11-21,ASIAN.BK,7.300000190734863,7.300000190734863,7.150000095367432,7.199999809265137,6.954206943511963,310300.0
2025-11-24,ASIAN.BK,7.150000095367432,7.25,7.150000095367432,7.199999809265137,6.954206943511963,110600.0
2025-11-25,ASIAN.BK,7.150000095367432,7.25,7.150000095367432,7.199999809265137,6.954206943511963,399600.0
2025-11-26,ASIAN.BK,7.199999809265137,7.300000190734863,7.199999809265137,7.25,7.002500057220459,309900.0
2025-11-27,ASIAN.BK,7.300000190734863,7.300000190734863,7.199999809265137,7.25,7.002500057220459,155300.0
2025-11-28,ASIAN.BK,7.300000190734863,7.300000190734863,7.25,7.25,7.002500057220459,55000.0
2025-12-01,ASIAN.BK,7.300000190734863,7.349999904632568,7.199999809265137,7.25,7.002500057220459,371100.0
2025-12-02,ASIAN.BK,7.300000190734863,7.300000190734863,7.150000095367432,7.150000095367432,6.905914306640625,502300.0
2025-12-03,ASIAN.BK,7.25,7.25,7.150000095367432,7.199999809265137,6.954206943511963,125200.0
2025-12-04,ASIAN.BK,7.199999809265137,7.25,7.199999809265137,7.25,7.002500057220459,37300.0
2025-12-08,ASIAN.BK,7.25,7.25,7.099999904632568,7.199999809265137,6.954206943511963,340400.0
2025-12-09,ASIAN.BK,7.199999809265137,7.25,7.150000095367432,7.150000095367432,6.905914306640625,103500.0
2025-12-11,ASIAN.BK,7.099999904632568,7.150000095367432,7.0,7.099999904632568,6.857620716094971,989500.0
2025-12-12,ASIAN.BK,7.050000190734863,7.099999904632568,7.050000190734863,7.099999904632568,6.857620716094971,167300.0
2025-12-15,ASIAN.BK,7.099999904632568,7.150000095367432,7.050000190734863,7.099999904632568,6.857620716094971,99200.0
2025-12-16,ASIAN.BK,7.099999904632568,7.199999809265137,7.050000190734863,7.150000095367432,6.905914306640625,206900.0
2025-12-17,ASIAN.BK,7.099999904632568,7.25,7.099999904632568,7.150000095367432,6.905914306640625,40100.0
2025-12-18,ASIAN.BK,7.199999809265137,7.25,7.099999904632568,7.150000095367432,6.905914306640625,117000.0
2025-12-19,ASIAN.BK,7.150000095367432,7.150000095367432,7.099999904632568,7.150000095367432,6.905914306640625,211800.0
2025-12-22,ASIAN.BK,7.150000095367432,7.199999809265137,7.099999904632568,7.199999809265137,6.954206943511963,68700.0
2025-12-23,ASIAN.BK,7.199999809265137,7.199999809265137,7.099999904632568,7.199999809265137,6.954206943511963,190100.0
2025-12-24,ASIAN.BK,7.150000095367432,7.199999809265137,7.150000095367432,7.150000095367432,6.905914306640625,24500.0
2025-12-25,ASIAN.BK,7.150000095367432,7.199999809265137,7.099999904632568,7.199999809265137,6.954206943511963,92600.0
2025-12-26,ASIAN.BK,7.199999809265137,7.25,7.099999904632568,7.25,7.002500057220459,358200.0
2025-12-29,ASIAN.BK,7.25,7.25,7.050000190734863,7.25,7.002500057220459,130400.0
2025-12-30,ASIAN.BK,7.150000095367432,7.199999809265137,7.150000095367432,7.199999809265137,6.954206943511963,43500.0
2026-01-05,ASIAN.BK,7.150000095367432,7.199999809265137,7.150000095367432,7.199999809265137,6.954206943511963,274500.0
2026-01-06,ASIAN.BK,7.199999809265137,7.199999809265137,7.150000095367432,7.199999809265137,6.954206943511963,169400.0
2026-01-07,ASIAN.BK,7.199999809265137,7.25,7.150000095367432,7.25,7.002500057220459,320300.0
2026-01-08,ASIAN.BK,7.199999809265137,7.25,7.150000095367432,7.199999809265137,6.954206943511963,336800.0
2026-01-09,ASIAN.BK,7.25,7.349999904632568,7.150000095367432,7.300000190734863,7.050793647766113,846500.0
2026-01-12,ASIAN.BK,7.400000095367432,7.400000095367432,7.25,7.25,7.002500057220459,311300.0
2026-01-13,ASIAN.BK,7.25,7.300000190734863,7.150000095367432,7.25,7.002500057220459,331300.0
2026-01-14,ASIAN.BK,7.25,7.300000190734863,7.199999809265137,7.300000190734863,7.050793647766113,73500.0
2026-01-15,ASIAN.BK,7.300000190734863,7.300000190734863,7.199999809265137,7.300000190734863,7.050793647766113,226000.0
2026-01-16,ASIAN.BK,7.300000190734863,7.300000190734863,7.25,7.300000190734863,7.050793647766113,252300.0
2026-01-19,ASIAN.BK,7.349999904632568,7.449999809265137,7.25,7.449999809265137,7.195672512054443,389200.0
2026-01-20,ASIAN.BK,7.449999809265137,7.650000095367432,7.449999809265137,7.599999904632568,7.340551853179932,975200.0
2026-01-21,ASIAN.BK,7.599999904632568,7.599999904632568,7.449999809265137,7.5,7.2439656257629395,534600.0
2026-01-22,ASIAN.BK,7.599999904632568,7.599999904632568,7.400000095367432,7.449999809265137,7.195672512054443,642700.0
2026-01-23,ASIAN.BK,7.449999809265137,7.5,7.349999904632568,7.349999904632568,7.099086284637451,370800.0
2026-01-26,ASIAN.BK,7.400000095367432,7.449999809265137,7.300000190734863,7.300000190734863,7.050793647766113,322100.0
2026-01-27,ASIAN.BK,7.349999904632568,7.449999809265137,7.300000190734863,7.449999809265137,7.195672512054443,181500.0
2026-01-28,ASIAN.BK,7.349999904632568,7.449999809265137,7.349999904632568,7.449999809265137,7.195672512054443,225100.0
2026-01-29,ASIAN.BK,7.5,7.550000190734863,7.349999904632568,7.400000095367432,7.147379398345947,662700.0
2026-01-30,ASIAN.BK,7.349999904632568,7.449999809265137,7.349999904632568,7.449999809265137,7.195672512054443,104100.0
2026-02-02,ASIAN.BK,7.400000095367432,7.449999809265137,7.300000190734863,7.400000095367432,7.147379398345947,505500.0
2026-02-03,ASIAN.BK,7.349999904632568,7.449999809265137,7.349999904632568,7.449999809265137,7.195672512054443,251300.0
2026-02-04,ASIAN.BK,7.449999809265137,7.5,7.400000095367432,7.449999809265137,7.195672512054443,494200.0
2026-02-05,ASIAN.BK,7.449999809265137,7.550000190734863,7.400000095367432,7.5,7.2439656257629395,463900.0
2026-02-06,ASIAN.BK,7.550000190734863,7.550000190734863,7.449999809265137,7.5,7.2439656257629395,671800.0
2026-02-09,ASIAN.BK,7.550000190734863,7.599999904632568,7.449999809265137,7.5,7.2439656257629395,647500.0
2026-02-10,ASIAN.BK,7.599999904632568,7.599999904632568,7.400000095367432,7.5,7.2439656257629395,881000.0
2026-02-11,ASIAN.BK,7.5,7.599999904632568,7.449999809265137,7.550000190734863,7.292259216308594,495100.0
2026-02-12,ASIAN.BK,7.550000190734863,7.599999904632568,7.5,7.599999904632568,7.340551853179932,521200.0
2026-02-13,ASIAN.BK,7.550000190734863,7.650000095367432,7.550000190734863,7.599999904632568,7.340551853179932,521100.0
2026-02-16,ASIAN.BK,7.599999904632568,7.949999809265137,7.599999904632568,7.849999904632568,7.582017421722412,2119200.0
2026-02-17,ASIAN.BK,7.849999904632568,7.900000095367432,7.75,7.849999904632568,7.582017421722412,2331100.0
2026-02-18,ASIAN.BK,7.949999809265137,8.25,7.900000095367432,8.149999618530273,7.8717756271362305,3226200.0
2026-02-19,ASIAN.BK,8.149999618530273,8.199999809265137,8.0,8.100000381469727,7.823483467102051,3281100.0
2026-02-20,ASIAN.BK,8.0,8.0,7.599999904632568,7.75,7.48543119430542,4951800.0
2026-02-23,ASIAN.BK,7.800000190734863,7.849999904632568,7.599999904632568,7.650000095367432,7.388844966888428,2526800.0
2026-02-24,ASIAN.BK,7.599999904632568,7.699999809265137,7.5,7.650000095367432,7.388844966888428,1340700.0
2026-02-25,ASIAN.BK,7.75,7.800000190734863,7.650000095367432,7.699999809265137,7.437138080596924,787800.0
2026-02-26,ASIAN.BK,7.75,7.800000190734863,7.650000095367432,7.75,7.48543119430542,872100.0
2026-02-27,ASIAN.BK,7.75,7.75,7.599999904632568,7.599999904632568,7.340551853179932,1111100.0
2026-03-02,ASIAN.BK,7.400000095367432,7.599999904632568,7.400000095367432,7.449999809265137,7.195672512054443,1467600.0
2026-03-04,ASIAN.BK,7.25,7.300000190734863,7.0,7.25,7.002500057220459,2211100.0
2026-03-05,ASIAN.BK,7.050000190734863,7.150000095367432,7.0,7.099999904632568,7.099999904632568,624600.0
2026-03-06,ASIAN.BK,7.0,7.099999904632568,6.900000095367432,7.050000190734863,7.050000190734863,1097600.0
2026-03-09,ASIAN.BK,6.800000190734863,6.949999809265137,6.75,6.900000095367432,6.900000095367432,792000.0
2026-03-10,ASIAN.BK,7.0,7.099999904632568,6.949999809265137,7.050000190734863,7.050000190734863,319000.0
2026-03-11,ASIAN.BK,7.099999904632568,7.199999809265137,7.050000190734863,7.150000095367432,7.150000095367432,450300.0
2026-03-12,ASIAN.BK,7.150000095367432,7.150000095367432,7.050000190734863,7.099999904632568,7.099999904632568,412300.0
2026-03-13,ASIAN.BK,7.099999904632568,7.150000095367432,7.0,7.0,7.0,222000.0
2026-03-16,ASIAN.BK,7.0,7.099999904632568,6.949999809265137,7.050000190734863,7.050000190734863,284000.0
2026-03-17,ASIAN.BK,7.099999904632568,7.150000095367432,7.0,7.099999904632568,7.099999904632568,178200.0
2026-03-18,ASIAN.BK,7.099999904632568,7.150000095367432,7.099999904632568,7.150000095367432,7.150000095367432,270600.0
2026-03-19,ASIAN.BK,7.150000095367432,7.349999904632568,6.949999809265137,6.949999809265137,6.949999809265137,1187900.0
2026-03-20,ASIAN.BK,7.0,7.099999904632568,6.949999809265137,7.050000190734863,7.050000190734863,164800.0
2026-03-23,ASIAN.BK,7.0,7.050000190734863,6.949999809265137,7.0,7.0,248700.0
2026-03-24,ASIAN.BK,7.0,7.050000190734863,6.949999809265137,6.949999809265137,6.949999809265137,212400.0
2026-03-25,ASIAN.BK,6.949999809265137,7.050000190734863,6.900000095367432,6.949999809265137,6.949999809265137,890900.0
2026-03-26,ASIAN.BK,6.949999809265137,6.949999809265137,6.849999904632568,6.900000095367432,6.900000095367432,634800.0
2026-03-27,ASIAN.BK,6.900000095367432,7.099999904632568,6.900000095367432,7.050000190734863,7.050000190734863,868700.0
2026-03-30,ASIAN.BK,7.0,7.099999904632568,7.0,7.099999904632568,7.099999904632568,201000.0
2026-03-31,ASIAN.BK,7.050000190734863,7.099999904632568,7.0,7.0,7.0,243500.0
2026-04-01,ASIAN.BK,7.099999904632568,7.150000095367432,6.949999809265137,7.0,7.0,768600.0
2026-04-02,ASIAN.BK,7.0,7.099999904632568,7.0,7.050000190734863,7.050000190734863,191900.0
2026-04-03,ASIAN.BK,7.050000190734863,7.099999904632568,7.050000190734863,7.050000190734863,7.050000190734863,294500.0
2026-04-07,ASIAN.BK,7.099999904632568,7.099999904632568,7.0,7.050000190734863,7.050000190734863,110300.0
2026-04-08,ASIAN.BK,7.099999904632568,7.150000095367432,7.0,7.099999904632568,7.099999904632568,267600.0
2026-04-09,ASIAN.BK,7.099999904632568,7.099999904632568,7.0,7.0,7.0,361600.0
2026-04-10,ASIAN.BK,7.0,7.050000190734863,7.0,7.050000190734863,7.050000190734863,125600.0
