Date,Ticker,Open,High,Low,Close,Adj Close,Volume
2016-04-11,BAY.BK,33.0,33.5,32.75,33.0,25.548818588256836,188000.0
2016-04-12,BAY.BK,33.0,33.5,33.0,33.25,25.742372512817383,198200.0
2016-04-18,BAY.BK,33.0,34.0,32.75,33.75,26.129478454589844,541100.0
2016-04-19,BAY.BK,34.0,34.25,33.5,34.0,26.323026657104492,460100.0
2016-04-20,BAY.BK,34.25,34.25,33.75,34.0,26.323026657104492,440800.0
2016-04-21,BAY.BK,34.0,35.0,34.0,35.0,27.09722900390625,1198000.0
2016-04-22,BAY.BK,35.0,35.5,34.5,34.5,26.710126876831055,1082200.0
2016-04-25,BAY.BK,34.5,35.0,34.5,34.75,26.90367889404297,776800.0
2016-04-26,BAY.BK,34.75,35.0,34.75,35.0,27.09722900390625,422400.0
2016-04-27,BAY.BK,35.0,35.0,34.75,35.0,27.09722900390625,277200.0
2016-04-28,BAY.BK,35.0,35.0,34.5,34.75,26.90367889404297,572700.0
2016-04-29,BAY.BK,34.75,34.75,34.5,34.75,26.90367889404297,297900.0
2016-05-03,BAY.BK,35.0,35.0,34.25,34.25,26.516572952270508,83300.0
2016-05-04,BAY.BK,34.25,34.25,33.75,34.0,26.323026657104492,211000.0
2016-05-09,BAY.BK,33.75,34.0,33.0,33.5,26.24468231201172,527800.0
2016-05-10,BAY.BK,33.75,34.5,33.75,34.0,26.636394500732422,631200.0
2016-05-11,BAY.BK,34.0,35.25,34.0,34.5,27.028104782104492,1537600.0
2016-05-12,BAY.BK,34.0,34.5,33.75,34.25,26.832250595092773,226100.0
2016-05-13,BAY.BK,34.5,35.0,34.25,34.5,27.028104782104492,1060800.0
2016-05-16,BAY.BK,34.75,35.25,34.5,35.25,27.615678787231445,2959400.0
2016-05-17,BAY.BK,35.25,35.25,34.75,35.25,27.615678787231445,792500.0
2016-05-18,BAY.BK,35.0,35.0,34.75,34.75,27.223960876464844,199600.0
2016-05-19,BAY.BK,35.0,35.0,34.5,34.75,27.223960876464844,1253000.0
2016-05-23,BAY.BK,34.75,35.0,34.5,35.0,27.419816970825195,976900.0
2016-05-24,BAY.BK,35.0,35.5,35.0,35.25,27.615678787231445,369700.0
2016-05-25,BAY.BK,35.5,36.0,35.25,36.0,28.20323944091797,1435900.0
2016-05-26,BAY.BK,36.0,38.0,36.0,37.25,29.18252182006836,5884900.0
2016-05-27,BAY.BK,37.0,37.25,36.75,37.25,29.18252182006836,992000.0
2016-05-30,BAY.BK,37.5,37.75,37.0,37.5,29.378381729125977,1076500.0
2016-05-31,BAY.BK,37.5,37.75,37.0,37.75,29.57423210144043,998200.0
2016-06-01,BAY.BK,37.75,37.75,37.0,37.0,28.986669540405273,513600.0
2016-06-02,BAY.BK,37.25,37.75,37.25,37.25,29.18252182006836,1201900.0
2016-06-03,BAY.BK,37.25,37.25,36.5,37.0,28.986669540405273,906000.0
2016-06-06,BAY.BK,37.25,37.5,37.0,37.0,28.986669540405273,651800.0
2016-06-07,BAY.BK,37.0,37.5,36.75,36.75,28.790815353393555,1318500.0
2016-06-08,BAY.BK,36.75,36.75,35.75,36.5,28.594955444335938,2079500.0
2016-06-09,BAY.BK,36.5,36.75,36.0,36.0,28.20323944091797,1226900.0
2016-06-10,BAY.BK,36.0,36.75,35.75,36.75,28.790815353393555,1068700.0
2016-06-13,BAY.BK,35.75,36.5,35.75,36.25,28.39909553527832,465500.0
2016-06-14,BAY.BK,36.25,36.5,36.25,36.5,28.594955444335938,331300.0
2016-06-15,BAY.BK,36.75,37.0,36.5,36.75,28.790815353393555,253400.0
2016-06-16,BAY.BK,36.75,36.75,36.0,36.0,28.20323944091797,755200.0
2016-06-17,BAY.BK,36.0,36.5,36.0,36.5,28.594955444335938,526400.0
2016-06-20,BAY.BK,36.5,36.5,36.0,36.5,28.594955444335938,141000.0
2016-06-21,BAY.BK,36.25,36.75,36.0,36.5,28.594955444335938,380500.0
2016-06-22,BAY.BK,36.5,36.75,36.25,36.5,28.594955444335938,126500.0
2016-06-23,BAY.BK,36.25,36.75,36.0,36.5,28.594955444335938,239100.0
2016-06-24,BAY.BK,36.0,36.25,34.75,36.25,28.39909553527832,1851100.0
2016-06-27,BAY.BK,36.25,36.75,36.0,36.75,28.790815353393555,494300.0
2016-06-28,BAY.BK,36.5,36.75,36.25,36.75,28.790815353393555,274600.0
2016-06-29,BAY.BK,36.75,37.75,36.5,37.75,29.57423210144043,2261100.0
2016-06-30,BAY.BK,38.0,38.75,37.5,38.0,29.77008819580078,1933400.0
2016-07-04,BAY.BK,38.25,38.5,37.75,38.25,29.965944290161133,1163100.0
2016-07-05,BAY.BK,38.25,38.5,37.5,38.25,29.965944290161133,726400.0
2016-07-06,BAY.BK,38.0,38.25,37.75,38.25,29.965944290161133,348900.0
2016-07-07,BAY.BK,38.25,38.25,37.25,38.0,29.77008819580078,950300.0
2016-07-08,BAY.BK,38.25,38.25,37.75,38.0,29.77008819580078,268100.0
2016-07-11,BAY.BK,38.0,39.25,37.75,39.25,30.74936866760254,2176200.0
2016-07-12,BAY.BK,40.0,41.5,39.75,40.75,31.92450714111328,6856600.0
2016-07-13,BAY.BK,41.0,41.0,39.25,39.5,30.94522476196289,1716300.0
2016-07-14,BAY.BK,39.5,40.0,39.0,39.5,30.94522476196289,629600.0
2016-07-15,BAY.BK,39.75,40.0,39.0,39.5,30.94522476196289,757200.0
2016-07-20,BAY.BK,39.75,40.0,39.0,39.5,30.94522476196289,888900.0
2016-07-21,BAY.BK,39.5,40.25,39.25,39.75,31.141080856323242,1231600.0
2016-07-22,BAY.BK,39.75,39.75,39.0,39.25,30.74936866760254,1299400.0
2016-07-25,BAY.BK,39.5,39.5,39.0,39.25,30.74936866760254,327300.0
2016-07-26,BAY.BK,39.5,39.5,39.0,39.0,30.553518295288086,319000.0
2016-07-27,BAY.BK,39.0,39.5,39.0,39.5,30.94522476196289,183500.0
2016-07-28,BAY.BK,39.5,40.75,39.0,40.25,31.532785415649414,2195100.0
2016-07-29,BAY.BK,40.75,42.0,40.25,41.25,32.31621170043945,3414700.0
2016-08-01,BAY.BK,41.25,41.5,40.5,41.0,32.12035369873047,2125100.0
2016-08-02,BAY.BK,40.75,41.0,39.75,39.75,31.141080856323242,422400.0
2016-08-03,BAY.BK,39.5,40.25,39.25,39.5,30.94522476196289,1331100.0
2016-08-04,BAY.BK,39.5,39.5,38.5,38.75,30.357654571533203,2376400.0
2016-08-05,BAY.BK,38.75,39.0,38.5,38.75,30.357654571533203,561800.0
2016-08-08,BAY.BK,39.5,39.75,39.0,39.0,30.553518295288086,1736000.0
2016-08-09,BAY.BK,39.25,39.75,39.0,39.5,30.94522476196289,1860100.0
2016-08-10,BAY.BK,39.75,39.75,38.75,39.0,30.553518295288086,2317600.0
2016-08-11,BAY.BK,39.0,39.5,38.75,39.0,30.553518295288086,459400.0
2016-08-15,BAY.BK,38.5,39.0,38.5,38.5,30.16180419921875,549000.0
2016-08-16,BAY.BK,38.5,38.75,37.75,37.75,29.57423210144043,763000.0
2016-08-17,BAY.BK,37.25,37.75,37.25,37.5,29.378381729125977,884600.0
2016-08-18,BAY.BK,37.25,38.25,37.25,38.25,29.965944290161133,525100.0
2016-08-19,BAY.BK,38.0,38.25,37.75,37.75,29.57423210144043,235000.0
2016-08-22,BAY.BK,37.75,38.0,37.75,37.75,29.57423210144043,149600.0
2016-08-23,BAY.BK,37.75,38.0,37.5,38.0,29.77008819580078,121000.0
2016-08-24,BAY.BK,38.25,39.0,38.0,38.25,29.965944290161133,758800.0
2016-08-25,BAY.BK,38.75,39.5,38.25,38.25,29.965944290161133,1102300.0
2016-08-26,BAY.BK,38.5,38.75,38.25,38.25,29.965944290161133,152600.0
2016-08-29,BAY.BK,38.25,38.75,38.25,38.25,29.965944290161133,154100.0
2016-08-30,BAY.BK,38.5,38.75,38.25,38.5,30.16180419921875,115600.0
2016-08-31,BAY.BK,38.75,38.75,38.25,38.5,30.16180419921875,168200.0
2016-09-01,BAY.BK,38.5,38.75,37.0,37.25,29.18252182006836,1935600.0
2016-09-02,BAY.BK,37.0,37.5,36.5,36.75,28.790815353393555,1225400.0
2016-09-05,BAY.BK,37.0,37.0,36.0,36.75,28.790815353393555,1435000.0
2016-09-06,BAY.BK,36.25,36.5,36.0,36.0,28.513593673706055,321100.0
2016-09-07,BAY.BK,36.25,37.0,36.25,36.25,28.71160125732422,760500.0
2016-09-08,BAY.BK,36.25,36.5,35.0,35.75,28.31559181213379,1051300.0
2016-09-09,BAY.BK,35.5,36.0,35.0,36.0,28.513593673706055,358600.0
2016-09-12,BAY.BK,35.5,35.5,34.75,35.0,27.721546173095703,757200.0
2016-09-13,BAY.BK,35.0,35.5,35.0,35.0,27.721546173095703,380700.0
2016-09-14,BAY.BK,35.25,35.25,34.75,35.0,27.721546173095703,389200.0
2016-09-15,BAY.BK,35.25,37.0,35.0,36.25,28.71160125732422,960800.0
2016-09-16,BAY.BK,36.5,37.0,36.5,37.0,29.30564308166504,470500.0
2016-09-19,BAY.BK,37.0,37.0,36.5,36.75,29.10763168334961,94200.0
2016-09-20,BAY.BK,36.75,36.75,36.0,36.25,28.71160125732422,69900.0
2016-09-21,BAY.BK,36.5,36.75,36.25,36.5,28.909618377685547,104900.0
2016-09-22,BAY.BK,36.5,37.5,36.5,37.5,29.701663970947266,818700.0
2016-09-23,BAY.BK,37.5,37.5,36.5,37.0,29.30564308166504,410200.0
2016-09-26,BAY.BK,36.75,37.25,36.5,36.75,29.10763168334961,288700.0
2016-09-27,BAY.BK,37.0,37.0,36.5,36.75,29.10763168334961,167700.0
2016-09-28,BAY.BK,36.75,36.75,36.25,36.25,28.71160125732422,228500.0
2016-09-29,BAY.BK,36.25,36.75,36.25,36.5,28.909618377685547,139600.0
2016-09-30,BAY.BK,36.5,36.75,36.25,36.25,28.71160125732422,35000.0
2016-10-03,BAY.BK,36.25,36.5,36.25,36.25,28.71160125732422,316000.0
2016-10-04,BAY.BK,36.5,37.25,36.25,37.25,29.503650665283203,911800.0
2016-10-05,BAY.BK,37.5,37.5,36.75,36.75,29.10763168334961,210200.0
2016-10-06,BAY.BK,37.0,37.25,36.75,37.0,29.30564308166504,150600.0
2016-10-07,BAY.BK,37.0,37.0,36.75,36.75,29.10763168334961,82900.0
2016-10-10,BAY.BK,36.5,36.5,35.75,36.0,28.513593673706055,1006800.0
2016-10-11,BAY.BK,36.0,36.25,35.5,36.25,28.71160125732422,747200.0
2016-10-12,BAY.BK,36.25,36.25,33.0,35.5,28.117572784423828,1955100.0
2016-10-13,BAY.BK,35.25,35.25,33.75,34.25,27.127511978149414,964100.0
2016-10-14,BAY.BK,35.25,35.75,35.0,35.5,28.117572784423828,550500.0
2016-10-17,BAY.BK,35.5,36.25,35.25,36.0,28.513593673706055,1097800.0
2016-10-18,BAY.BK,36.25,36.25,35.5,36.0,28.513593673706055,203300.0
2016-10-19,BAY.BK,35.75,36.0,35.5,36.0,28.513593673706055,317400.0
2016-10-20,BAY.BK,36.25,36.25,35.75,36.0,28.513593673706055,218800.0
2016-10-21,BAY.BK,36.0,36.75,35.75,36.25,28.71160125732422,364800.0
2016-10-25,BAY.BK,36.75,37.5,36.5,37.25,29.503650665283203,679100.0
2016-10-26,BAY.BK,37.25,37.25,36.5,36.75,29.10763168334961,289400.0
2016-10-27,BAY.BK,37.0,37.25,36.75,36.75,29.10763168334961,238600.0
2016-10-28,BAY.BK,36.75,37.25,36.75,37.0,29.30564308166504,298300.0
2016-10-31,BAY.BK,37.0,37.75,37.0,37.5,29.701663970947266,1010900.0
2016-11-01,BAY.BK,38.0,39.5,37.75,39.25,31.087738037109375,2966500.0
2016-11-02,BAY.BK,39.0,39.25,38.25,39.25,31.087738037109375,720200.0
2016-11-03,BAY.BK,39.0,39.0,38.0,38.0,30.09768295288086,540000.0
2016-11-04,BAY.BK,38.25,38.25,37.25,38.0,30.09768295288086,578900.0
2016-11-07,BAY.BK,37.75,38.5,37.75,38.0,30.09768295288086,257400.0
2016-11-08,BAY.BK,38.25,39.0,38.0,38.5,30.49370765686035,752600.0
2016-11-09,BAY.BK,38.25,38.5,37.75,38.25,30.29569435119629,514800.0
2016-11-10,BAY.BK,38.5,39.0,38.0,38.75,30.691713333129883,698700.0
2016-11-11,BAY.BK,38.25,38.5,38.0,38.0,30.09768295288086,287700.0
2016-11-14,BAY.BK,38.25,38.25,37.5,37.5,29.701663970947266,232200.0
2016-11-15,BAY.BK,37.5,38.25,37.5,37.75,29.899669647216797,171200.0
2016-11-16,BAY.BK,37.75,38.25,37.5,38.25,30.29569435119629,841700.0
2016-11-17,BAY.BK,38.5,38.5,37.5,37.75,29.899669647216797,857100.0
2016-11-18,BAY.BK,37.75,38.0,37.5,37.75,29.899669647216797,242200.0
2016-11-21,BAY.BK,37.75,39.25,37.75,39.25,31.087738037109375,1502400.0
2016-11-22,BAY.BK,39.25,39.25,38.0,38.5,30.49370765686035,610400.0
2016-11-23,BAY.BK,38.75,39.25,38.5,39.0,30.889732360839844,1083200.0
2016-11-24,BAY.BK,39.0,39.25,38.75,39.25,31.087738037109375,1073700.0
2016-11-25,BAY.BK,39.25,39.75,39.25,39.5,31.285751342773438,1514300.0
2016-11-28,BAY.BK,39.5,39.5,38.75,39.0,30.889732360839844,160800.0
2016-11-29,BAY.BK,38.75,39.25,38.25,38.75,30.691713333129883,517900.0
2016-11-30,BAY.BK,39.0,39.0,38.5,38.5,30.49370765686035,144200.0
2016-12-01,BAY.BK,39.0,39.0,38.5,38.5,30.49370765686035,315300.0
2016-12-02,BAY.BK,38.5,38.75,38.25,38.5,30.49370765686035,95400.0
2016-12-06,BAY.BK,38.75,38.75,38.0,38.0,30.09768295288086,180900.0
2016-12-07,BAY.BK,38.0,38.5,38.0,38.25,30.29569435119629,323500.0
2016-12-08,BAY.BK,38.5,39.25,38.25,38.5,30.49370765686035,829800.0
2016-12-09,BAY.BK,38.75,38.75,38.25,38.5,30.49370765686035,778700.0
2016-12-13,BAY.BK,38.5,38.5,38.25,38.5,30.49370765686035,236300.0
2016-12-14,BAY.BK,38.75,39.0,38.0,38.0,30.09768295288086,397200.0
2016-12-15,BAY.BK,37.75,38.5,37.75,38.25,30.29569435119629,597300.0
2016-12-16,BAY.BK,38.25,38.5,38.0,38.0,30.09768295288086,588700.0
2016-12-19,BAY.BK,38.5,38.5,38.0,38.25,30.29569435119629,98500.0
2016-12-20,BAY.BK,38.25,38.25,37.5,37.5,29.701663970947266,454200.0
2016-12-21,BAY.BK,37.5,38.25,37.25,38.25,30.29569435119629,1337000.0
2016-12-22,BAY.BK,38.25,38.75,38.0,38.5,30.49370765686035,314700.0
2016-12-23,BAY.BK,38.5,38.5,38.25,38.5,30.49370765686035,65600.0
2016-12-26,BAY.BK,38.5,38.75,38.25,38.5,30.49370765686035,216300.0
2016-12-27,BAY.BK,38.5,38.75,38.25,38.75,30.691713333129883,295800.0
2016-12-28,BAY.BK,38.75,38.75,38.25,38.75,30.691713333129883,98500.0
2016-12-29,BAY.BK,38.75,39.25,38.25,39.25,31.087738037109375,1229400.0
2016-12-30,BAY.BK,39.0,40.25,38.75,40.0,31.68177032470703,2023000.0
2017-01-04,BAY.BK,40.25,40.25,39.75,40.0,31.68177032470703,711300.0
2017-01-05,BAY.BK,40.0,40.25,39.5,40.25,31.879776000976562,842700.0
2017-01-06,BAY.BK,40.0,40.25,39.75,40.25,31.879776000976562,770500.0
2017-01-09,BAY.BK,40.25,40.25,39.25,39.75,31.483760833740234,782400.0
2017-01-10,BAY.BK,39.5,40.0,39.25,39.25,31.087738037109375,838800.0
2017-01-11,BAY.BK,39.25,39.75,39.25,39.75,31.483760833740234,160600.0
2017-01-12,BAY.BK,39.75,40.0,39.25,39.75,31.483760833740234,206000.0
2017-01-16,BAY.BK,39.75,39.75,39.25,39.25,31.087738037109375,246100.0
2017-01-17,BAY.BK,39.5,39.5,39.25,39.5,31.285751342773438,207000.0
2017-01-18,BAY.BK,39.5,39.5,39.25,39.5,31.285751342773438,377100.0
2017-01-19,BAY.BK,39.25,39.5,39.0,39.25,31.087738037109375,251600.0
2017-01-20,BAY.BK,39.25,39.5,39.0,39.5,31.285751342773438,189900.0
2017-01-23,BAY.BK,39.5,39.5,39.25,39.5,31.285751342773438,319200.0
2017-01-24,BAY.BK,39.5,39.5,39.25,39.25,31.087738037109375,179900.0
2017-01-25,BAY.BK,39.25,40.25,39.25,40.0,31.68177032470703,716500.0
2017-01-26,BAY.BK,40.25,40.25,39.25,39.25,31.087738037109375,536700.0
2017-01-27,BAY.BK,39.5,39.75,39.25,39.75,31.483760833740234,132700.0
2017-01-30,BAY.BK,39.75,39.75,39.5,39.75,31.483760833740234,83700.0
2017-01-31,BAY.BK,39.5,39.75,39.25,39.5,31.285751342773438,55700.0
2017-02-01,BAY.BK,39.0,39.5,39.0,39.5,31.285751342773438,275800.0
2017-02-02,BAY.BK,39.25,39.5,38.75,39.0,30.889732360839844,494000.0
2017-02-03,BAY.BK,39.0,39.5,38.75,38.75,30.691713333129883,689200.0
2017-02-06,BAY.BK,38.75,39.25,38.75,39.0,30.889732360839844,577700.0
2017-02-07,BAY.BK,39.0,39.25,38.75,39.25,31.087738037109375,427900.0
2017-02-08,BAY.BK,39.25,39.5,39.0,39.5,31.285751342773438,228400.0
2017-02-09,BAY.BK,39.5,39.5,39.0,39.0,30.889732360839844,429900.0
2017-02-10,BAY.BK,39.0,39.5,39.0,39.5,31.285751342773438,510000.0
2017-02-14,BAY.BK,39.25,39.25,38.75,39.25,31.087738037109375,809000.0
2017-02-15,BAY.BK,39.0,39.25,38.75,39.0,30.889732360839844,335100.0
2017-02-16,BAY.BK,38.75,39.25,38.75,39.25,31.087738037109375,189300.0
2017-02-17,BAY.BK,39.0,39.0,38.75,39.0,30.889732360839844,251400.0
2017-02-20,BAY.BK,39.0,39.0,38.75,39.0,30.889732360839844,238700.0
2017-02-21,BAY.BK,38.75,39.0,38.75,39.0,30.889732360839844,132200.0
2017-02-22,BAY.BK,38.75,39.0,38.25,38.75,30.691713333129883,325400.0
2017-02-23,BAY.BK,38.5,38.75,38.25,38.75,30.691713333129883,210300.0
2017-02-24,BAY.BK,38.75,38.75,38.5,38.75,30.691713333129883,35700.0
2017-02-27,BAY.BK,38.75,39.0,38.25,39.0,30.889732360839844,227900.0
2017-02-28,BAY.BK,39.0,39.0,38.5,38.75,30.691713333129883,74700.0
2017-03-01,BAY.BK,38.75,39.0,38.25,38.75,30.691713333129883,452200.0
2017-03-02,BAY.BK,38.75,39.0,38.5,39.0,30.889732360839844,173200.0
2017-03-03,BAY.BK,39.0,39.25,38.75,39.0,30.889732360839844,194700.0
2017-03-06,BAY.BK,38.75,39.0,38.5,38.75,30.691713333129883,152600.0
2017-03-07,BAY.BK,38.5,38.75,38.5,38.5,30.49370765686035,68000.0
2017-03-08,BAY.BK,38.5,38.75,38.5,38.5,30.49370765686035,222600.0
2017-03-09,BAY.BK,38.75,39.0,38.5,39.0,30.889732360839844,123200.0
2017-03-10,BAY.BK,38.75,39.0,38.75,39.0,30.889732360839844,107400.0
2017-03-13,BAY.BK,39.0,39.0,38.5,39.0,30.889732360839844,259200.0
2017-03-14,BAY.BK,39.0,39.0,38.5,39.0,30.889732360839844,76900.0
2017-03-15,BAY.BK,39.0,39.25,38.5,39.25,31.087738037109375,135100.0
2017-03-16,BAY.BK,39.0,39.25,38.75,39.0,30.889732360839844,673200.0
2017-03-17,BAY.BK,39.25,39.25,38.75,39.25,31.087738037109375,274500.0
2017-03-20,BAY.BK,39.25,39.25,39.0,39.25,31.087738037109375,55900.0
2017-03-21,BAY.BK,39.0,39.5,39.0,39.0,30.889732360839844,230100.0
2017-03-22,BAY.BK,39.25,39.25,38.75,39.0,30.889732360839844,93900.0
2017-03-23,BAY.BK,39.0,39.25,38.75,39.0,30.889732360839844,52600.0
2017-03-24,BAY.BK,39.0,39.0,38.75,39.0,30.889732360839844,63700.0
2017-03-27,BAY.BK,39.0,39.0,38.75,39.0,30.889732360839844,169200.0
2017-03-28,BAY.BK,39.0,39.0,38.25,38.25,30.29569435119629,1353700.0
2017-03-29,BAY.BK,38.25,38.75,38.25,38.5,30.49370765686035,279000.0
2017-03-30,BAY.BK,38.5,38.75,38.25,38.25,30.29569435119629,632500.0
2017-03-31,BAY.BK,38.5,39.0,38.5,38.5,30.49370765686035,163200.0
2017-04-03,BAY.BK,38.5,39.0,38.5,39.0,30.889732360839844,123200.0
2017-04-04,BAY.BK,39.0,39.0,38.75,38.75,30.691713333129883,56200.0
2017-04-05,BAY.BK,38.75,39.0,38.75,39.0,30.889732360839844,120900.0
2017-04-07,BAY.BK,39.0,39.0,38.5,38.5,30.49370765686035,180100.0
2017-04-10,BAY.BK,38.75,39.0,38.5,38.75,30.691713333129883,72500.0
2017-04-11,BAY.BK,38.75,39.0,38.5,38.75,30.691713333129883,388600.0
2017-04-12,BAY.BK,38.75,39.0,38.5,38.75,30.691713333129883,271200.0
2017-04-17,BAY.BK,38.75,39.0,38.0,38.25,30.29569435119629,803700.0
2017-04-18,BAY.BK,38.5,38.5,38.25,38.25,30.29569435119629,566100.0
2017-04-19,BAY.BK,38.25,38.5,38.0,38.0,30.09768295288086,299500.0
2017-04-20,BAY.BK,38.25,38.5,37.75,37.75,29.899669647216797,1138600.0
2017-04-21,BAY.BK,38.0,38.25,37.75,37.75,29.899669647216797,490500.0
2017-04-24,BAY.BK,38.0,38.0,37.5,37.75,29.899669647216797,440000.0
2017-04-25,BAY.BK,37.75,37.75,37.5,37.5,29.701663970947266,242400.0
2017-04-26,BAY.BK,37.5,37.75,37.25,37.5,29.701663970947266,260400.0
2017-04-27,BAY.BK,37.75,37.75,37.25,37.25,29.503650665283203,648400.0
2017-04-28,BAY.BK,37.25,38.0,37.25,38.0,30.09768295288086,95100.0
2017-05-02,BAY.BK,37.75,38.0,37.5,37.75,29.899669647216797,45300.0
2017-05-03,BAY.BK,38.0,38.0,37.25,37.25,29.503650665283203,553300.0
2017-05-04,BAY.BK,37.5,38.0,37.25,38.0,30.09768295288086,226700.0
2017-05-08,BAY.BK,37.25,37.75,37.25,37.25,29.85722541809082,48800.0
2017-05-09,BAY.BK,37.5,37.75,37.25,37.25,29.85722541809082,141600.0
2017-05-11,BAY.BK,37.25,37.75,37.25,37.25,29.85722541809082,200600.0
2017-05-12,BAY.BK,37.25,37.5,36.75,37.0,29.656843185424805,347300.0
2017-05-15,BAY.BK,37.25,37.25,37.25,37.25,29.85722541809082,19800.0
2017-05-16,BAY.BK,37.25,37.25,36.75,37.25,29.85722541809082,214000.0
2017-05-17,BAY.BK,37.0,37.5,37.0,37.25,29.85722541809082,100200.0
2017-05-18,BAY.BK,37.0,37.25,37.0,37.25,29.85722541809082,69200.0
2017-05-19,BAY.BK,37.25,37.25,37.0,37.0,29.656843185424805,40300.0
2017-05-22,BAY.BK,37.0,37.5,37.0,37.25,29.85722541809082,73000.0
2017-05-23,BAY.BK,37.5,37.5,37.0,37.0,29.656843185424805,93400.0
2017-05-24,BAY.BK,37.25,37.25,36.75,37.0,29.656843185424805,405900.0
2017-05-25,BAY.BK,37.0,37.25,36.75,37.0,29.656843185424805,273000.0
2017-05-26,BAY.BK,37.0,37.25,36.75,37.25,29.85722541809082,68600.0
2017-05-29,BAY.BK,37.0,37.25,36.75,36.75,29.45646095275879,115800.0
2017-05-30,BAY.BK,37.0,37.25,36.75,36.75,29.45646095275879,149600.0
2017-05-31,BAY.BK,37.0,37.25,36.75,36.75,29.45646095275879,41400.0
2017-06-01,BAY.BK,36.75,37.0,36.75,37.0,29.656843185424805,49900.0
2017-06-02,BAY.BK,36.75,37.25,36.75,37.0,29.656843185424805,88200.0
2017-06-05,BAY.BK,37.0,37.25,36.75,37.0,29.656843185424805,83600.0
2017-06-06,BAY.BK,37.0,37.0,36.5,37.0,29.656843185424805,549100.0
2017-06-07,BAY.BK,37.25,37.25,36.5,36.75,29.45646095275879,241700.0
2017-06-08,BAY.BK,37.0,37.0,36.25,36.75,29.45646095275879,338500.0
2017-06-09,BAY.BK,36.75,36.75,36.25,36.5,29.25607681274414,236900.0
2017-06-12,BAY.BK,36.5,36.75,36.25,36.25,29.055683135986328,236300.0
2017-06-13,BAY.BK,36.5,36.5,36.0,36.5,29.25607681274414,251200.0
2017-06-14,BAY.BK,36.5,36.75,36.25,36.5,29.25607681274414,495100.0
2017-06-15,BAY.BK,36.75,36.75,36.0,36.0,28.855300903320312,609900.0
2017-06-16,BAY.BK,36.25,36.5,36.0,36.25,29.055683135986328,286000.0
2017-06-19,BAY.BK,36.25,36.5,36.0,36.25,29.055683135986328,978300.0
2017-06-20,BAY.BK,36.25,36.5,36.25,36.25,29.055683135986328,123600.0
2017-06-21,BAY.BK,36.5,36.5,36.0,36.25,29.055683135986328,942300.0
2017-06-22,BAY.BK,36.25,36.5,36.0,36.25,29.055683135986328,814600.0
2017-06-23,BAY.BK,36.5,36.5,36.25,36.5,29.25607681274414,424300.0
2017-06-26,BAY.BK,36.25,37.25,36.25,36.75,29.45646095275879,516900.0
2017-06-27,BAY.BK,37.0,37.25,36.75,37.0,29.656843185424805,498700.0
2017-06-28,BAY.BK,37.0,37.25,36.75,37.0,29.656843185424805,168500.0
2017-06-29,BAY.BK,37.0,37.25,36.75,36.75,29.45646095275879,313000.0
2017-06-30,BAY.BK,36.75,37.5,36.5,37.25,29.85722541809082,750500.0
2017-07-03,BAY.BK,37.25,37.25,37.0,37.0,29.656843185424805,36000.0
2017-07-04,BAY.BK,37.0,37.0,36.75,36.75,29.45646095275879,174800.0
2017-07-05,BAY.BK,36.75,37.0,36.75,36.75,29.45646095275879,84900.0
2017-07-06,BAY.BK,37.0,37.0,36.5,36.75,29.45646095275879,178900.0
2017-07-07,BAY.BK,36.75,36.75,36.25,36.5,29.25607681274414,256100.0
2017-07-11,BAY.BK,36.5,36.75,36.25,36.25,29.055683135986328,258100.0
2017-07-12,BAY.BK,36.25,37.0,36.25,37.0,29.656843185424805,280600.0
2017-07-13,BAY.BK,37.0,37.0,36.5,37.0,29.656843185424805,180600.0
2017-07-14,BAY.BK,37.0,37.0,36.25,36.5,29.25607681274414,382900.0
2017-07-17,BAY.BK,36.75,36.75,36.25,36.5,29.25607681274414,167200.0
2017-07-18,BAY.BK,36.5,36.75,36.0,36.25,29.055683135986328,375500.0
2017-07-19,BAY.BK,36.25,36.25,35.75,36.0,28.855300903320312,653300.0
2017-07-20,BAY.BK,36.0,36.5,35.75,36.5,29.25607681274414,522900.0
2017-07-21,BAY.BK,36.5,36.5,36.0,36.25,29.055683135986328,252000.0
2017-07-24,BAY.BK,36.25,36.5,36.0,36.25,29.055683135986328,130600.0
2017-07-25,BAY.BK,36.25,36.25,35.75,36.25,29.055683135986328,1049700.0
2017-07-26,BAY.BK,36.25,36.25,36.0,36.25,29.055683135986328,236900.0
2017-07-27,BAY.BK,36.25,36.25,35.75,36.0,28.855300903320312,180400.0
2017-07-31,BAY.BK,36.25,36.5,35.5,36.5,29.25607681274414,1035000.0
2017-08-01,BAY.BK,36.5,36.5,36.25,36.5,29.25607681274414,92400.0
2017-08-02,BAY.BK,36.5,36.5,36.0,36.5,29.25607681274414,208300.0
2017-08-03,BAY.BK,36.25,36.5,36.25,36.5,29.25607681274414,69200.0
2017-08-04,BAY.BK,36.5,36.5,36.0,36.25,29.055683135986328,182100.0
2017-08-07,BAY.BK,36.5,36.5,36.0,36.25,29.055683135986328,98200.0
2017-08-08,BAY.BK,36.25,36.25,36.0,36.0,28.855300903320312,99900.0
2017-08-09,BAY.BK,36.25,36.5,36.0,36.5,29.25607681274414,131400.0
2017-08-10,BAY.BK,36.25,36.5,36.25,36.5,29.25607681274414,89300.0
2017-08-11,BAY.BK,36.25,36.5,36.0,36.25,29.055683135986328,277300.0
2017-08-15,BAY.BK,36.25,36.5,36.0,36.5,29.25607681274414,510600.0
2017-08-16,BAY.BK,36.75,36.75,36.25,36.25,29.055683135986328,89800.0
2017-08-17,BAY.BK,36.25,36.5,36.25,36.5,29.25607681274414,42200.0
2017-08-18,BAY.BK,36.25,36.5,36.0,36.5,29.25607681274414,196200.0
2017-08-21,BAY.BK,36.5,36.5,36.25,36.25,29.055683135986328,56500.0
2017-08-22,BAY.BK,36.25,36.5,36.25,36.25,29.055683135986328,43900.0
2017-08-23,BAY.BK,36.25,36.5,36.25,36.25,29.055683135986328,38200.0
2017-08-24,BAY.BK,36.5,36.75,36.25,36.5,29.25607681274414,232100.0
2017-08-25,BAY.BK,36.5,36.75,36.25,36.5,29.25607681274414,183000.0
2017-08-28,BAY.BK,36.75,36.75,36.75,36.75,29.45646095275879,18900.0
2017-08-29,BAY.BK,36.75,37.5,36.5,37.5,30.05760955810547,1062800.0
2017-08-30,BAY.BK,37.5,37.75,37.25,37.25,29.85722541809082,552200.0
2017-08-31,BAY.BK,37.5,38.5,37.25,38.5,30.859146118164062,1356000.0
2017-09-01,BAY.BK,39.0,39.5,38.5,39.25,31.460294723510742,3148400.0
2017-09-04,BAY.BK,39.25,39.25,38.25,38.25,30.658756256103516,725600.0
2017-09-05,BAY.BK,38.0,38.0,37.75,37.75,30.577756881713867,306500.0
2017-09-06,BAY.BK,37.75,37.75,37.25,37.5,30.375259399414062,252800.0
2017-09-07,BAY.BK,37.5,38.0,37.5,38.0,30.78026008605957,300200.0
2017-09-08,BAY.BK,38.0,38.5,38.0,38.0,30.78026008605957,415800.0
2017-09-11,BAY.BK,38.0,38.5,38.0,38.5,31.18526268005371,438000.0
2017-09-12,BAY.BK,38.75,39.0,38.5,38.5,31.18526268005371,943900.0
2017-09-13,BAY.BK,38.5,39.0,38.5,38.5,31.18526268005371,448100.0
2017-09-14,BAY.BK,38.5,38.75,38.25,38.75,31.38776397705078,161900.0
2017-09-15,BAY.BK,38.75,38.75,37.75,38.5,31.18526268005371,1347800.0
2017-09-18,BAY.BK,38.5,38.75,38.5,38.5,31.18526268005371,416500.0
2017-09-19,BAY.BK,38.75,38.75,38.25,38.25,30.982763290405273,269200.0
2017-09-20,BAY.BK,38.25,38.75,38.25,38.25,30.982763290405273,208100.0
2017-09-21,BAY.BK,38.5,38.5,38.25,38.25,30.982763290405273,265900.0
2017-09-22,BAY.BK,38.25,38.5,38.0,38.0,30.78026008605957,188300.0
2017-09-25,BAY.BK,38.0,38.25,38.0,38.0,30.78026008605957,93700.0
2017-09-26,BAY.BK,38.0,38.25,37.25,37.5,30.375259399414062,428900.0
2017-09-27,BAY.BK,37.5,38.0,37.25,37.25,30.17275619506836,445200.0
2017-09-28,BAY.BK,37.75,37.75,37.25,37.5,30.375259399414062,169600.0
2017-09-29,BAY.BK,37.5,37.75,37.25,37.75,30.577756881713867,158700.0
2017-10-02,BAY.BK,37.75,38.0,37.5,37.75,30.577756881713867,282400.0
2017-10-03,BAY.BK,37.75,38.0,37.5,37.75,30.577756881713867,98500.0
2017-10-04,BAY.BK,37.75,38.0,37.75,38.0,30.78026008605957,141100.0
2017-10-05,BAY.BK,37.75,38.0,37.75,38.0,30.78026008605957,183700.0
2017-10-06,BAY.BK,38.0,38.25,37.75,38.25,30.982763290405273,499000.0
2017-10-09,BAY.BK,38.25,38.25,37.75,38.0,30.78026008605957,219600.0
2017-10-10,BAY.BK,38.0,38.25,37.5,37.75,30.577756881713867,285300.0
2017-10-11,BAY.BK,38.0,38.25,37.75,38.0,30.78026008605957,198200.0
2017-10-12,BAY.BK,38.0,38.0,37.75,38.0,30.78026008605957,179700.0
2017-10-16,BAY.BK,39.5,39.5,39.5,39.5,31.99527359008789,206300.0
2017-10-17,BAY.BK,40.0,40.5,39.5,39.5,31.99527359008789,4462600.0
2017-10-18,BAY.BK,39.75,39.75,39.0,39.5,31.99527359008789,739500.0
2017-10-19,BAY.BK,39.5,39.5,38.5,38.5,31.18526268005371,1253400.0
2017-10-20,BAY.BK,38.5,39.5,38.25,39.5,31.99527359008789,944300.0
2017-10-24,BAY.BK,39.5,39.5,38.75,39.25,31.79276466369629,488900.0
2017-10-25,BAY.BK,39.25,39.5,38.75,39.25,31.79276466369629,292200.0
2017-10-27,BAY.BK,39.0,39.25,38.75,39.25,31.79276466369629,422600.0
2017-10-30,BAY.BK,39.25,39.25,38.5,39.0,31.59027099609375,451700.0
2017-10-31,BAY.BK,39.0,39.0,38.5,38.75,31.38776397705078,281800.0
2017-11-01,BAY.BK,38.75,39.0,38.5,38.75,31.38776397705078,471300.0
2017-11-02,BAY.BK,38.75,38.75,38.5,38.75,31.38776397705078,108900.0
2017-11-03,BAY.BK,38.5,38.75,38.25,38.5,31.18526268005371,204200.0
2017-11-06,BAY.BK,38.5,38.5,38.25,38.25,30.982763290405273,123400.0
2017-11-07,BAY.BK,38.5,39.0,38.5,39.0,31.59027099609375,217800.0
2017-11-08,BAY.BK,38.75,39.0,38.75,39.0,31.59027099609375,208900.0
2017-11-09,BAY.BK,38.75,39.0,38.5,38.75,31.38776397705078,178700.0
2017-11-10,BAY.BK,38.75,39.0,38.25,38.5,31.18526268005371,214400.0
2017-11-13,BAY.BK,38.75,38.75,37.75,38.25,30.982763290405273,338800.0
2017-11-14,BAY.BK,38.0,38.5,38.0,38.5,31.18526268005371,231500.0
2017-11-15,BAY.BK,38.25,38.5,38.0,38.5,31.18526268005371,142000.0
2017-11-16,BAY.BK,38.25,38.75,38.25,38.25,30.982763290405273,82400.0
2017-11-17,BAY.BK,38.5,38.75,38.25,38.75,31.38776397705078,124000.0
2017-11-20,BAY.BK,39.0,39.0,38.5,39.0,31.59027099609375,118300.0
2017-11-21,BAY.BK,38.25,38.25,38.25,38.25,30.982763290405273,414900.0
2017-11-22,BAY.BK,38.25,38.75,38.25,38.5,31.18526268005371,138900.0
2017-11-23,BAY.BK,38.75,39.0,38.5,38.75,31.38776397705078,210300.0
2017-11-24,BAY.BK,39.0,39.0,38.25,38.5,31.18526268005371,124500.0
2017-11-27,BAY.BK,38.5,38.5,38.25,38.5,31.18526268005371,210800.0
2017-11-28,BAY.BK,38.5,38.75,38.5,38.75,31.38776397705078,193000.0
2017-11-29,BAY.BK,38.75,40.0,38.5,39.25,31.79276466369629,3042500.0
2017-11-30,BAY.BK,39.25,39.5,38.5,39.25,31.79276466369629,792700.0
2017-12-01,BAY.BK,39.25,39.5,38.75,39.25,31.79276466369629,254200.0
2017-12-04,BAY.BK,39.25,39.5,38.75,39.25,31.79276466369629,253000.0
2017-12-06,BAY.BK,39.0,39.25,38.75,38.75,31.38776397705078,170700.0
2017-12-07,BAY.BK,38.75,39.25,38.5,39.25,31.79276466369629,429400.0
2017-12-08,BAY.BK,39.25,39.25,38.5,39.25,31.79276466369629,530900.0
2017-12-12,BAY.BK,39.0,39.25,38.75,38.75,31.38776397705078,138400.0
2017-12-13,BAY.BK,38.75,39.0,38.5,38.5,31.18526268005371,206200.0
2017-12-14,BAY.BK,38.5,38.75,38.25,38.5,31.18526268005371,379200.0
2017-12-15,BAY.BK,38.5,39.0,38.5,39.0,31.59027099609375,181100.0
2017-12-18,BAY.BK,39.0,39.0,38.5,38.75,31.38776397705078,51900.0
2017-12-19,BAY.BK,38.75,40.25,38.75,40.25,32.6027717590332,3568800.0
2017-12-20,BAY.BK,40.25,40.25,39.75,40.0,32.40027618408203,678100.0
2017-12-21,BAY.BK,40.0,40.25,39.75,40.0,32.40027618408203,229300.0
2017-12-22,BAY.BK,40.0,40.0,39.5,40.0,32.40027618408203,340800.0
2017-12-25,BAY.BK,40.0,40.0,39.75,40.0,32.40027618408203,735400.0
2017-12-26,BAY.BK,40.25,40.25,39.5,40.0,32.40027618408203,573400.0
2017-12-27,BAY.BK,40.0,40.0,39.75,40.0,32.40027618408203,212600.0
2017-12-28,BAY.BK,40.0,40.0,39.0,39.0,31.59027099609375,754400.0
2017-12-29,BAY.BK,39.25,40.0,39.25,39.75,32.19776916503906,492800.0
2018-01-03,BAY.BK,39.75,40.0,39.5,40.0,32.40027618408203,265200.0
2018-01-04,BAY.BK,40.0,40.0,39.25,39.25,31.79276466369629,1020900.0
2018-01-05,BAY.BK,39.5,46.75,39.5,45.75,37.05781555175781,20437100.0
2018-01-08,BAY.BK,46.75,51.0,46.75,47.0,38.07032775878906,29995800.0
2018-01-09,BAY.BK,46.0,46.0,46.0,46.0,37.26031494140625,657400.0
2018-01-10,BAY.BK,47.0,47.0,45.25,46.25,37.46281051635742,3619700.0
2018-01-11,BAY.BK,46.25,47.0,45.5,46.5,37.665321350097656,4848200.0
2018-01-12,BAY.BK,46.75,46.75,45.5,45.5,36.85531234741211,2750200.0
2018-01-15,BAY.BK,46.0,46.25,45.5,46.0,37.26031494140625,1675100.0
2018-01-16,BAY.BK,46.0,49.75,45.5,47.75,38.67782211303711,17461800.0
2018-01-17,BAY.BK,47.75,48.5,47.0,48.0,38.88032913208008,5597100.0
2018-01-18,BAY.BK,48.0,49.0,45.75,47.0,38.07032775878906,6961100.0
2018-01-19,BAY.BK,46.75,47.0,45.75,47.0,38.07032775878906,3273600.0
2018-01-22,BAY.BK,46.5,46.75,46.25,46.5,37.665321350097656,562300.0
2018-01-23,BAY.BK,46.75,48.0,46.25,47.75,38.67782211303711,4410000.0
2018-01-24,BAY.BK,47.75,49.75,47.0,49.75,40.29784393310547,4961500.0
2018-01-25,BAY.BK,49.5,49.5,47.75,47.75,38.67782211303711,2696400.0
2018-01-26,BAY.BK,47.5,48.25,46.5,48.25,39.082828521728516,1778100.0
2018-01-29,BAY.BK,48.5,48.5,47.5,48.0,38.88032913208008,1112300.0
2018-01-30,BAY.BK,48.0,48.0,47.5,47.75,38.67782211303711,503900.0
2018-01-31,BAY.BK,47.5,48.25,47.0,48.0,38.88032913208008,518300.0
2018-02-01,BAY.BK,48.0,48.5,47.5,47.75,38.67782211303711,568500.0
2018-02-02,BAY.BK,48.25,48.25,47.25,47.75,38.67782211303711,782400.0
2018-02-05,BAY.BK,46.5,47.25,46.25,47.25,38.272830963134766,1795100.0
2018-02-06,BAY.BK,45.75,46.25,45.0,45.75,37.05781555175781,2699100.0
2018-02-07,BAY.BK,46.25,46.5,45.25,45.25,36.652809143066406,851100.0
2018-02-08,BAY.BK,45.25,46.5,45.0,45.25,36.652809143066406,1426400.0
2018-02-09,BAY.BK,45.0,45.75,45.0,45.25,36.652809143066406,970200.0
2018-02-12,BAY.BK,45.5,46.0,45.25,45.75,37.05781555175781,490800.0
2018-02-13,BAY.BK,46.0,46.0,45.5,46.0,37.26031494140625,368600.0
2018-02-14,BAY.BK,46.0,46.0,45.0,45.0,36.45030975341797,571400.0
2018-02-15,BAY.BK,45.5,45.5,44.5,45.0,36.45030975341797,783200.0
2018-02-16,BAY.BK,45.0,45.25,44.5,44.5,36.04530334472656,807800.0
2018-02-19,BAY.BK,44.5,44.5,43.25,43.75,35.43779754638672,1470200.0
2018-02-20,BAY.BK,44.0,44.25,43.5,44.0,35.64030456542969,802500.0
2018-02-21,BAY.BK,44.25,44.25,43.25,43.5,35.23529052734375,387300.0
2018-02-22,BAY.BK,43.5,43.5,42.0,42.25,34.2227897644043,1188600.0
2018-02-23,BAY.BK,42.25,43.0,42.25,42.75,34.62779998779297,361300.0
2018-02-26,BAY.BK,43.25,43.25,42.5,43.0,34.830291748046875,289100.0
2018-02-27,BAY.BK,43.5,45.0,43.25,43.75,35.43779754638672,1191000.0
2018-02-28,BAY.BK,43.5,46.0,43.5,44.75,36.24781036376953,1491400.0
2018-03-02,BAY.BK,44.5,44.75,44.0,44.25,35.842803955078125,345900.0
2018-03-05,BAY.BK,44.0,44.25,43.5,44.25,35.842803955078125,350500.0
2018-03-06,BAY.BK,44.0,44.0,44.0,44.0,35.64030456542969,32200.0
2018-03-07,BAY.BK,44.0,44.0,42.5,42.75,34.62779998779297,435200.0
2018-03-08,BAY.BK,42.75,43.25,42.25,43.25,35.032798767089844,291100.0
2018-03-09,BAY.BK,43.25,43.25,42.0,42.25,34.2227897644043,394600.0
2018-03-12,BAY.BK,42.75,43.25,42.5,43.0,34.830291748046875,392900.0
2018-03-13,BAY.BK,43.0,43.25,42.5,43.0,34.830291748046875,316200.0
2018-03-14,BAY.BK,43.0,43.25,43.0,43.0,34.830291748046875,54800.0
2018-03-15,BAY.BK,43.25,43.25,43.0,43.0,34.830291748046875,51500.0
2018-03-16,BAY.BK,43.0,43.25,42.75,43.0,34.830291748046875,133100.0
2018-03-19,BAY.BK,43.25,43.25,42.75,42.75,34.62779998779297,132200.0
2018-03-20,BAY.BK,42.75,43.0,42.5,42.5,34.425296783447266,94000.0
2018-03-21,BAY.BK,42.75,43.0,42.5,43.0,34.830291748046875,85500.0
2018-03-22,BAY.BK,43.0,43.0,42.25,42.5,34.425296783447266,648500.0
2018-03-23,BAY.BK,42.0,42.5,42.0,42.0,34.020286560058594,238100.0
2018-03-26,BAY.BK,41.75,42.25,41.5,41.75,33.817787170410156,251100.0
2018-03-27,BAY.BK,41.75,43.25,41.75,41.75,33.817787170410156,1509100.0
2018-03-28,BAY.BK,41.75,42.0,41.0,41.0,33.21027755737305,706500.0
2018-03-29,BAY.BK,41.0,41.25,40.25,40.75,33.007774353027344,581100.0
2018-03-30,BAY.BK,40.75,41.0,40.25,40.25,32.6027717590332,276100.0
2018-04-02,BAY.BK,40.25,40.5,40.0,40.25,32.6027717590332,196800.0
2018-04-03,BAY.BK,40.5,40.5,39.75,40.0,32.40027618408203,278500.0
2018-04-04,BAY.BK,40.0,40.25,38.25,39.0,31.59027099609375,919200.0
2018-04-05,BAY.BK,39.0,39.5,38.5,39.5,31.99527359008789,238500.0
2018-04-09,BAY.BK,39.0,39.5,38.75,39.5,31.99527359008789,189900.0
2018-04-10,BAY.BK,39.25,39.75,39.0,39.75,32.19776916503906,200200.0
2018-04-11,BAY.BK,39.5,40.0,39.5,40.0,32.40027618408203,209600.0
2018-04-12,BAY.BK,39.75,40.25,39.25,40.0,32.40027618408203,228200.0
2018-04-17,BAY.BK,40.0,40.25,39.5,40.25,32.6027717590332,130300.0
2018-04-18,BAY.BK,40.0,40.5,40.0,40.5,32.805274963378906,123200.0
2018-04-19,BAY.BK,40.5,41.0,40.25,41.0,33.21027755737305,321700.0
2018-04-20,BAY.BK,41.0,41.0,40.25,40.5,32.805274963378906,163300.0
2018-04-23,BAY.BK,40.5,40.5,40.0,40.25,32.6027717590332,145600.0
2018-04-24,BAY.BK,40.5,40.5,39.75,39.75,32.19776916503906,176100.0
2018-04-25,BAY.BK,40.0,40.0,39.25,39.25,31.79276466369629,350600.0
2018-04-26,BAY.BK,39.5,39.5,39.0,39.0,31.59027099609375,315800.0
2018-04-27,BAY.BK,39.5,39.5,38.5,38.75,31.38776397705078,338400.0
2018-04-30,BAY.BK,39.0,39.25,38.75,39.25,31.79276466369629,151500.0
2018-05-02,BAY.BK,39.25,39.75,39.0,39.75,32.19776916503906,75300.0
2018-05-03,BAY.BK,39.75,40.0,39.25,39.75,32.19776916503906,272100.0
2018-05-04,BAY.BK,39.0,39.25,38.75,39.25,32.156803131103516,230700.0
2018-05-07,BAY.BK,39.25,39.25,39.0,39.0,31.951993942260742,53700.0
2018-05-08,BAY.BK,39.25,39.5,38.75,38.75,31.747167587280273,150200.0
2018-05-09,BAY.BK,39.0,39.0,38.5,39.0,31.951993942260742,295200.0
2018-05-10,BAY.BK,39.0,39.0,38.5,39.0,31.951993942260742,137000.0
2018-05-11,BAY.BK,39.0,39.25,38.75,39.0,31.951993942260742,43300.0
2018-05-14,BAY.BK,39.0,39.5,39.0,39.0,31.951993942260742,103200.0
2018-05-15,BAY.BK,39.25,39.25,38.75,39.0,31.951993942260742,143900.0
2018-05-16,BAY.BK,39.0,39.0,38.75,39.0,31.951993942260742,197000.0
2018-05-17,BAY.BK,39.0,39.0,38.5,38.5,31.54234504699707,124300.0
2018-05-18,BAY.BK,38.75,38.75,38.25,38.25,31.337528228759766,351100.0
2018-05-21,BAY.BK,38.5,39.5,38.25,39.25,32.156803131103516,530600.0
2018-05-22,BAY.BK,39.25,39.5,38.75,38.75,31.747167587280273,513600.0
2018-05-23,BAY.BK,38.75,39.25,38.75,38.75,31.747167587280273,306000.0
2018-05-24,BAY.BK,38.75,39.0,38.25,38.75,31.747167587280273,534000.0
2018-05-25,BAY.BK,38.75,39.0,38.25,39.0,31.951993942260742,262600.0
2018-05-28,BAY.BK,38.75,39.25,38.75,39.0,31.951993942260742,273100.0
2018-05-30,BAY.BK,38.75,39.25,38.5,39.25,32.156803131103516,311400.0
2018-05-31,BAY.BK,39.25,39.25,38.75,39.25,32.156803131103516,239600.0
2018-06-01,BAY.BK,39.0,39.25,38.75,39.25,32.156803131103516,306400.0
2018-06-04,BAY.BK,39.25,39.25,39.0,39.25,32.156803131103516,157600.0
2018-06-05,BAY.BK,39.0,40.5,39.0,40.5,33.180908203125,1354300.0
2018-06-06,BAY.BK,40.5,41.5,40.0,40.75,33.38572692871094,2523200.0
2018-06-07,BAY.BK,41.25,41.75,40.75,41.0,33.590545654296875,1627400.0
2018-06-08,BAY.BK,41.0,42.0,40.75,41.25,33.795372009277344,1005600.0
2018-06-11,BAY.BK,41.5,41.75,41.0,41.5,34.00019073486328,200400.0
2018-06-12,BAY.BK,41.75,42.25,41.5,42.0,34.40983581542969,1002000.0
2018-06-13,BAY.BK,42.0,42.0,41.25,41.75,34.205013275146484,274300.0
2018-06-14,BAY.BK,41.25,41.75,41.0,41.75,34.205013275146484,420100.0
2018-06-15,BAY.BK,41.75,41.75,41.0,41.5,34.00019073486328,340200.0
2018-06-18,BAY.BK,41.25,41.25,40.25,40.5,33.180908203125,313800.0
2018-06-19,BAY.BK,40.5,40.5,39.0,39.0,31.951993942260742,627900.0
2018-06-20,BAY.BK,39.25,40.25,39.25,40.25,32.9760856628418,464800.0
2018-06-21,BAY.BK,40.25,40.25,39.5,40.0,32.771270751953125,380400.0
2018-06-22,BAY.BK,40.0,40.0,39.5,40.0,32.771270751953125,141600.0
2018-06-25,BAY.BK,40.0,40.25,39.75,39.75,32.566444396972656,242000.0
2018-06-26,BAY.BK,39.5,39.75,39.25,39.5,32.36163330078125,119000.0
2018-06-27,BAY.BK,39.5,39.75,39.0,39.0,31.951993942260742,242300.0
2018-06-28,BAY.BK,39.25,39.25,37.75,37.75,30.927885055541992,837400.0
2018-06-29,BAY.BK,38.0,38.25,37.75,38.0,31.132705688476562,559300.0
2018-07-02,BAY.BK,38.25,38.75,37.75,38.75,31.747167587280273,256600.0
2018-07-03,BAY.BK,38.75,39.5,38.75,39.25,32.156803131103516,508800.0
2018-07-04,BAY.BK,39.25,39.75,39.25,39.75,32.566444396972656,177100.0
2018-07-05,BAY.BK,39.5,40.0,39.25,39.75,32.566444396972656,375800.0
2018-07-06,BAY.BK,39.75,39.75,39.0,39.0,31.951993942260742,220900.0
2018-07-09,BAY.BK,39.5,39.5,38.75,38.75,31.747167587280273,190400.0
2018-07-10,BAY.BK,39.25,39.25,38.75,39.25,32.156803131103516,101000.0
2018-07-11,BAY.BK,39.25,39.5,39.0,39.5,32.36163330078125,334700.0
2018-07-12,BAY.BK,39.5,39.75,39.25,39.5,32.36163330078125,76300.0
2018-07-13,BAY.BK,39.25,40.0,39.25,40.0,32.771270751953125,408000.0
2018-07-16,BAY.BK,40.0,40.0,39.25,39.75,32.566444396972656,170700.0
2018-07-17,BAY.BK,39.75,40.0,39.25,39.75,32.566444396972656,230200.0
2018-07-18,BAY.BK,39.75,40.0,39.25,39.25,32.156803131103516,104000.0
2018-07-19,BAY.BK,39.5,39.75,39.5,39.5,32.36163330078125,229000.0
2018-07-20,BAY.BK,39.5,40.25,39.5,40.0,32.771270751953125,988100.0
2018-07-23,BAY.BK,40.0,40.0,38.0,39.25,32.156803131103516,849400.0
2018-07-24,BAY.BK,39.5,39.5,39.0,39.0,31.951993942260742,424800.0
2018-07-25,BAY.BK,39.0,39.5,39.0,39.0,31.951993942260742,419800.0
2018-07-26,BAY.BK,39.0,39.5,39.0,39.25,32.156803131103516,126300.0
2018-07-31,BAY.BK,39.25,39.75,39.0,39.0,31.951993942260742,205600.0
2018-08-01,BAY.BK,39.25,41.25,39.25,40.0,32.771270751953125,1823800.0
2018-08-02,BAY.BK,39.75,40.0,39.25,39.5,32.36163330078125,320900.0
2018-08-03,BAY.BK,39.75,40.0,39.5,39.75,32.566444396972656,133100.0
2018-08-06,BAY.BK,40.0,40.5,39.75,39.75,32.566444396972656,673800.0
2018-08-07,BAY.BK,39.75,40.0,39.5,39.75,32.566444396972656,111900.0
2018-08-08,BAY.BK,39.75,40.75,39.75,40.75,33.38572692871094,794000.0
2018-08-09,BAY.BK,41.0,42.25,40.75,41.5,34.00019073486328,2704600.0
2018-08-10,BAY.BK,41.5,41.75,40.75,41.75,34.205013275146484,623300.0
2018-08-14,BAY.BK,41.25,41.25,40.5,40.5,33.180908203125,808800.0
2018-08-15,BAY.BK,40.75,40.75,39.75,40.0,32.771270751953125,357400.0
2018-08-16,BAY.BK,39.5,39.75,39.25,39.75,32.566444396972656,1494700.0
2018-08-17,BAY.BK,40.0,40.25,39.75,39.75,32.566444396972656,156800.0
2018-08-20,BAY.BK,40.0,40.5,40.0,40.25,32.9760856628418,176200.0
2018-08-21,BAY.BK,40.5,40.5,40.0,40.25,32.9760856628418,219400.0
2018-08-22,BAY.BK,40.25,40.25,39.75,39.75,32.566444396972656,66800.0
2018-08-23,BAY.BK,40.25,40.25,39.75,39.75,32.566444396972656,168100.0
2018-08-24,BAY.BK,39.75,40.0,39.75,39.75,32.566444396972656,95100.0
2018-08-27,BAY.BK,40.0,41.25,40.0,40.75,33.38572692871094,887300.0
2018-08-28,BAY.BK,41.25,41.25,40.75,40.75,33.38572692871094,317100.0
2018-08-29,BAY.BK,41.0,41.0,40.5,40.5,33.180908203125,170800.0
2018-08-30,BAY.BK,40.75,41.25,40.75,41.0,33.590545654296875,300200.0
2018-08-31,BAY.BK,41.25,41.25,40.75,41.0,33.590545654296875,310600.0
2018-09-03,BAY.BK,41.25,41.25,41.0,41.25,33.795372009277344,185500.0
2018-09-04,BAY.BK,41.25,41.25,40.75,40.75,33.38572692871094,287600.0
2018-09-05,BAY.BK,40.5,40.5,39.5,39.75,32.88928985595703,280600.0
2018-09-06,BAY.BK,39.5,40.5,39.25,40.5,33.50984573364258,658500.0
2018-09-07,BAY.BK,40.25,40.25,39.75,40.25,33.30298614501953,157900.0
2018-09-10,BAY.BK,40.0,40.25,39.75,40.25,33.30298614501953,122900.0
2018-09-11,BAY.BK,40.0,40.25,39.75,39.75,32.88928985595703,75500.0
2018-09-12,BAY.BK,39.75,40.25,39.5,40.25,33.30298614501953,391400.0
2018-09-13,BAY.BK,40.0,40.75,40.0,40.5,33.50984573364258,418100.0
2018-09-14,BAY.BK,40.5,41.0,40.25,40.25,33.30298614501953,224000.0
2018-09-17,BAY.BK,40.0,40.25,39.75,39.75,32.88928985595703,245500.0
2018-09-18,BAY.BK,40.0,40.75,40.0,40.5,33.50984573364258,224400.0
2018-09-19,BAY.BK,40.5,41.25,40.5,40.5,33.50984573364258,419100.0
2018-09-20,BAY.BK,40.5,40.75,39.75,40.0,33.09614181518555,537300.0
2018-09-21,BAY.BK,40.25,41.5,40.0,40.5,33.50984573364258,1346700.0
2018-09-24,BAY.BK,40.5,41.0,40.25,40.25,33.30298614501953,479500.0
2018-09-25,BAY.BK,40.75,40.75,40.0,40.25,33.30298614501953,198900.0
2018-09-26,BAY.BK,40.75,40.75,40.0,40.0,33.09614181518555,413900.0
2018-09-27,BAY.BK,40.0,40.25,39.5,40.0,33.09614181518555,276700.0
2018-09-28,BAY.BK,40.0,40.25,40.0,40.0,33.09614181518555,83900.0
2018-10-01,BAY.BK,40.25,40.25,39.75,40.0,33.09614181518555,94200.0
2018-10-02,BAY.BK,39.75,40.0,39.75,40.0,33.09614181518555,163700.0
2018-10-03,BAY.BK,40.0,40.25,39.75,40.0,33.09614181518555,164500.0
2018-10-04,BAY.BK,40.0,40.0,39.25,40.0,33.09614181518555,597500.0
2018-10-05,BAY.BK,40.0,40.0,39.5,39.75,32.88928985595703,221600.0
2018-10-08,BAY.BK,39.5,40.5,39.5,40.5,33.50984573364258,721600.0
2018-10-09,BAY.BK,41.5,42.5,39.75,39.75,32.88928985595703,2691600.0
2018-10-10,BAY.BK,40.5,41.0,40.25,41.0,33.92354965209961,653700.0
2018-10-11,BAY.BK,40.0,40.25,39.75,40.25,33.30298614501953,450000.0
2018-10-12,BAY.BK,40.5,40.75,40.0,40.75,33.71669387817383,324500.0
2018-10-16,BAY.BK,40.75,41.0,40.5,41.0,33.92354965209961,231500.0
2018-10-17,BAY.BK,41.0,41.25,40.75,40.75,33.71669387817383,369200.0
2018-10-18,BAY.BK,40.75,41.0,40.25,40.75,33.71669387817383,239200.0
2018-10-19,BAY.BK,40.75,40.75,40.0,40.5,33.50984573364258,343400.0
2018-10-22,BAY.BK,40.5,40.75,40.0,40.0,33.09614181518555,151200.0
2018-10-24,BAY.BK,40.0,40.0,39.25,40.0,33.09614181518555,355400.0
2018-10-25,BAY.BK,39.5,40.25,39.5,40.25,33.30298614501953,292800.0
2018-10-26,BAY.BK,39.75,40.25,39.75,40.0,33.09614181518555,111400.0
2018-10-29,BAY.BK,39.75,40.5,39.75,40.5,33.50984573364258,124800.0
2018-10-30,BAY.BK,40.5,40.75,40.0,40.5,33.50984573364258,40100.0
2018-10-31,BAY.BK,40.5,40.75,40.25,40.25,33.30298614501953,175000.0
2018-11-01,BAY.BK,40.25,40.75,40.25,40.25,33.30298614501953,144800.0
2018-11-02,BAY.BK,40.5,41.0,40.5,40.75,33.71669387817383,275500.0
2018-11-05,BAY.BK,40.75,40.75,40.25,40.5,33.50984573364258,138800.0
2018-11-06,BAY.BK,40.5,40.75,40.25,40.25,33.30298614501953,176200.0
2018-11-07,BAY.BK,40.5,40.5,40.25,40.5,33.50984573364258,67000.0
2018-11-08,BAY.BK,40.75,40.75,40.5,40.5,33.50984573364258,149200.0
2018-11-09,BAY.BK,40.75,40.75,40.25,40.25,33.30298614501953,119100.0
2018-11-12,BAY.BK,40.25,40.5,39.75,39.75,32.88928985595703,236500.0
2018-11-13,BAY.BK,39.5,40.25,39.5,40.25,33.30298614501953,190500.0
2018-11-14,BAY.BK,40.25,40.25,39.75,40.25,33.30298614501953,178200.0
2018-11-15,BAY.BK,40.0,40.75,40.0,40.75,33.71669387817383,364900.0
2018-11-16,BAY.BK,40.5,40.75,40.25,40.75,33.71669387817383,136200.0
2018-11-19,BAY.BK,40.5,40.75,40.5,40.5,33.50984573364258,156400.0
2018-11-20,BAY.BK,40.5,40.5,40.0,40.25,33.30298614501953,162200.0
2018-11-21,BAY.BK,40.25,40.5,40.0,40.5,33.50984573364258,130500.0
2018-11-22,BAY.BK,40.5,40.5,40.0,40.25,33.30298614501953,166100.0
2018-11-23,BAY.BK,40.25,40.5,40.0,40.5,33.50984573364258,105900.0
2018-11-26,BAY.BK,40.5,40.5,40.25,40.5,33.50984573364258,35900.0
2018-11-27,BAY.BK,40.75,40.75,40.5,40.5,33.50984573364258,35500.0
2018-11-28,BAY.BK,40.5,40.5,40.25,40.5,33.50984573364258,106400.0
2018-11-29,BAY.BK,40.5,40.5,39.75,39.75,32.88928985595703,187400.0
2018-11-30,BAY.BK,40.0,40.75,39.75,40.75,33.71669387817383,579200.0
2018-12-03,BAY.BK,40.75,40.75,40.5,40.75,33.71669387817383,416300.0
2018-12-04,BAY.BK,40.75,41.25,40.25,40.25,33.30298614501953,612000.0
2018-12-06,BAY.BK,40.25,40.25,40.0,40.0,33.09614181518555,139600.0
2018-12-07,BAY.BK,40.0,40.25,39.75,39.75,32.88928985595703,342100.0
2018-12-11,BAY.BK,39.75,40.25,39.75,40.25,33.30298614501953,174700.0
2018-12-12,BAY.BK,40.25,40.25,39.75,40.0,33.09614181518555,230100.0
2018-12-13,BAY.BK,40.0,40.25,39.5,40.0,33.09614181518555,342300.0
2018-12-14,BAY.BK,39.75,40.0,39.5,39.75,32.88928985595703,158400.0
2018-12-17,BAY.BK,39.75,40.0,38.25,39.0,32.26873779296875,609200.0
2018-12-18,BAY.BK,38.75,39.0,38.5,38.75,32.0618896484375,255900.0
2018-12-19,BAY.BK,38.75,39.5,38.75,39.5,32.68244552612305,317000.0
2018-12-20,BAY.BK,39.5,40.0,39.0,40.0,33.09614181518555,324600.0
2018-12-21,BAY.BK,39.5,39.75,39.5,39.5,32.68244552612305,237800.0
2018-12-24,BAY.BK,39.5,39.5,39.25,39.5,32.68244552612305,153800.0
2018-12-25,BAY.BK,39.25,39.5,38.75,39.0,32.26873779296875,214200.0
2018-12-26,BAY.BK,39.0,39.0,38.75,39.0,32.26873779296875,83000.0
2018-12-27,BAY.BK,39.25,39.25,38.0,38.25,31.64818000793457,647500.0
2018-12-28,BAY.BK,38.25,38.75,38.0,38.25,31.64818000793457,792100.0
2019-01-02,BAY.BK,38.25,38.5,37.75,38.0,31.441328048706055,753800.0
2019-01-03,BAY.BK,38.25,38.5,37.25,37.25,30.820777893066406,453200.0
2019-01-04,BAY.BK,37.25,37.5,37.0,37.5,31.027626037597656,394600.0
2019-01-07,BAY.BK,37.5,37.75,37.25,37.5,31.027626037597656,248500.0
2019-01-08,BAY.BK,37.5,37.75,37.5,37.75,31.234481811523438,110500.0
2019-01-09,BAY.BK,38.0,38.0,37.5,37.5,31.027626037597656,163600.0
2019-01-10,BAY.BK,37.75,38.0,37.5,37.75,31.234481811523438,96700.0
2019-01-11,BAY.BK,37.75,37.75,37.25,37.75,31.234481811523438,96300.0
2019-01-14,BAY.BK,37.75,37.75,37.5,37.5,31.027626037597656,79000.0
2019-01-15,BAY.BK,38.0,38.0,37.25,37.25,30.820777893066406,173900.0
2019-01-16,BAY.BK,37.5,37.5,36.75,37.0,30.613929748535156,319700.0
2019-01-17,BAY.BK,37.0,37.75,37.0,37.25,30.820777893066406,105800.0
2019-01-18,BAY.BK,37.5,38.0,37.25,37.25,30.820777893066406,123500.0
2019-01-21,BAY.BK,37.25,38.0,37.25,37.5,31.027626037597656,87700.0
2019-01-22,BAY.BK,37.75,38.0,37.5,37.75,31.234481811523438,52600.0
2019-01-23,BAY.BK,38.0,38.5,37.75,38.25,31.64818000793457,227400.0
2019-01-24,BAY.BK,38.5,39.0,38.5,38.75,32.0618896484375,180700.0
2019-01-25,BAY.BK,39.0,39.0,38.5,38.5,31.855039596557617,98600.0
2019-01-28,BAY.BK,38.5,38.75,38.25,38.25,31.64818000793457,108300.0
2019-01-29,BAY.BK,38.5,38.5,37.5,37.75,31.234481811523438,434100.0
2019-01-30,BAY.BK,37.75,38.0,37.5,37.75,31.234481811523438,120400.0
2019-01-31,BAY.BK,38.0,38.5,38.0,38.0,31.441328048706055,137300.0
2019-02-01,BAY.BK,38.25,39.0,38.25,38.25,31.64818000793457,228900.0
2019-02-04,BAY.BK,38.5,38.75,38.0,38.5,31.855039596557617,83400.0
2019-02-05,BAY.BK,38.75,38.75,38.25,38.5,31.855039596557617,69800.0
2019-02-06,BAY.BK,38.75,38.75,38.25,38.5,31.855039596557617,143200.0
2019-02-07,BAY.BK,38.5,38.75,38.25,38.25,31.64818000793457,196900.0
2019-02-08,BAY.BK,38.25,38.5,38.0,38.0,31.441328048706055,139300.0
2019-02-11,BAY.BK,38.0,38.0,37.75,38.0,31.441328048706055,300200.0
2019-02-12,BAY.BK,38.0,38.25,37.75,38.0,31.441328048706055,54600.0
2019-02-13,BAY.BK,38.25,38.5,38.0,38.25,31.64818000793457,79600.0
2019-02-14,BAY.BK,38.25,38.25,38.0,38.0,31.441328048706055,34600.0
2019-02-15,BAY.BK,38.25,38.25,37.75,38.0,31.441328048706055,91600.0
2019-02-18,BAY.BK,38.25,38.25,37.25,37.5,31.027626037597656,507600.0
2019-02-20,BAY.BK,37.75,37.75,37.5,37.5,31.027626037597656,327500.0
2019-02-21,BAY.BK,37.75,38.25,37.75,38.25,31.64818000793457,172900.0
2019-02-22,BAY.BK,38.25,38.25,38.0,38.25,31.64818000793457,85600.0
2019-02-25,BAY.BK,38.25,38.75,38.25,38.5,31.855039596557617,296100.0
2019-02-26,BAY.BK,38.5,38.5,38.25,38.5,31.855039596557617,114500.0
2019-02-27,BAY.BK,38.5,38.5,38.25,38.5,31.855039596557617,42700.0
2019-02-28,BAY.BK,38.5,39.0,38.5,38.5,31.855039596557617,439700.0
2019-03-01,BAY.BK,38.5,38.75,38.25,38.25,31.64818000793457,126900.0
2019-03-04,BAY.BK,38.5,38.5,38.25,38.25,31.64818000793457,42700.0
2019-03-05,BAY.BK,38.5,38.75,38.0,38.0,31.441328048706055,124100.0
2019-03-06,BAY.BK,38.25,38.25,37.75,37.75,31.234481811523438,183000.0
2019-03-07,BAY.BK,38.0,38.25,37.75,37.75,31.234481811523438,53600.0
2019-03-08,BAY.BK,38.0,38.0,37.75,37.75,31.234481811523438,30100.0
2019-03-11,BAY.BK,37.75,38.25,37.75,38.25,31.64818000793457,32700.0
2019-03-12,BAY.BK,38.25,38.25,38.0,38.0,31.441328048706055,3300.0
2019-03-13,BAY.BK,38.0,38.0,37.5,37.5,31.027626037597656,367200.0
2019-03-14,BAY.BK,37.75,38.0,37.5,37.5,31.027626037597656,193100.0
2019-03-15,BAY.BK,37.75,37.75,37.0,37.0,30.613929748535156,471800.0
2019-03-18,BAY.BK,37.25,37.5,37.0,37.5,31.027626037597656,292400.0
2019-03-19,BAY.BK,37.5,37.75,37.5,37.75,31.234481811523438,133400.0
2019-03-20,BAY.BK,37.75,37.75,37.0,37.25,30.820777893066406,230400.0
2019-03-21,BAY.BK,37.25,37.5,37.25,37.25,30.820777893066406,79900.0
2019-03-22,BAY.BK,37.25,37.75,37.25,37.5,31.027626037597656,87700.0
2019-03-25,BAY.BK,37.5,37.5,36.5,37.0,30.613929748535156,506100.0
2019-03-26,BAY.BK,37.25,37.25,37.0,37.0,30.613929748535156,88900.0
2019-03-27,BAY.BK,37.0,37.5,37.0,37.25,30.820777893066406,130100.0
2019-03-28,BAY.BK,37.25,37.5,37.0,37.0,30.613929748535156,93500.0
2019-03-29,BAY.BK,37.0,37.5,37.0,37.0,30.613929748535156,69200.0
2019-04-01,BAY.BK,37.25,37.5,37.25,37.25,30.820777893066406,163300.0
2019-04-02,BAY.BK,37.25,37.5,37.25,37.25,30.820777893066406,168800.0
2019-04-03,BAY.BK,37.5,38.0,37.5,37.5,31.027626037597656,298600.0
2019-04-04,BAY.BK,37.5,37.75,37.5,37.75,31.234481811523438,57700.0
2019-04-05,BAY.BK,37.75,37.75,37.0,37.0,30.613929748535156,176400.0
2019-04-09,BAY.BK,37.0,37.25,37.0,37.0,30.613929748535156,300200.0
2019-04-10,BAY.BK,37.25,37.25,36.75,37.0,30.613929748535156,181700.0
2019-04-11,BAY.BK,37.0,37.25,37.0,37.25,30.820777893066406,100200.0
2019-04-12,BAY.BK,37.5,37.5,37.25,37.25,30.820777893066406,19600.0
2019-04-17,BAY.BK,37.5,37.5,37.25,37.5,31.027626037597656,147200.0
2019-04-18,BAY.BK,37.5,37.5,37.25,37.5,31.027626037597656,52800.0
2019-04-19,BAY.BK,37.75,39.5,37.5,38.0,31.441328048706055,2557600.0
2019-04-22,BAY.BK,38.25,38.25,37.75,38.25,31.64818000793457,1012400.0
2019-04-23,BAY.BK,38.25,38.5,38.0,38.25,31.64818000793457,299800.0
2019-04-24,BAY.BK,38.25,38.5,38.0,38.25,31.64818000793457,244100.0
2019-04-25,BAY.BK,38.25,39.0,38.25,38.75,32.0618896484375,1503200.0
2019-04-26,BAY.BK,38.75,38.75,38.25,38.5,31.855039596557617,168300.0
2019-04-29,BAY.BK,38.5,38.75,38.5,38.5,31.855039596557617,286500.0
2019-04-30,BAY.BK,38.5,39.0,38.5,38.5,31.855039596557617,311300.0
2019-05-02,BAY.BK,38.75,38.75,38.5,38.5,31.855039596557617,189200.0
2019-05-03,BAY.BK,38.75,39.0,38.5,38.5,31.855039596557617,238300.0
2019-05-07,BAY.BK,38.5,39.0,38.5,38.75,32.0618896484375,427900.0
2019-05-08,BAY.BK,38.0,38.25,37.75,38.25,32.020023345947266,223200.0
2019-05-09,BAY.BK,38.25,38.25,37.75,37.75,31.60146713256836,110200.0
2019-05-10,BAY.BK,38.0,38.25,37.75,38.0,31.81074333190918,149700.0
2019-05-13,BAY.BK,38.0,38.0,37.5,37.5,31.392183303833008,246200.0
2019-05-14,BAY.BK,37.5,37.75,37.25,37.25,31.18290138244629,87700.0
2019-05-15,BAY.BK,37.5,38.0,37.25,37.25,31.18290138244629,347400.0
2019-05-16,BAY.BK,37.25,37.5,37.0,37.25,31.18290138244629,159800.0
2019-05-17,BAY.BK,37.5,37.5,37.0,37.0,30.97361946105957,84000.0
2019-05-21,BAY.BK,37.25,37.5,37.0,37.0,30.97361946105957,81300.0
2019-05-22,BAY.BK,37.25,37.75,37.25,37.25,31.18290138244629,114300.0
2019-05-23,BAY.BK,37.25,37.5,37.0,37.25,31.18290138244629,76700.0
2019-05-24,BAY.BK,37.25,37.75,37.0,37.5,31.392183303833008,145700.0
2019-05-27,BAY.BK,37.75,37.75,37.25,37.5,31.392183303833008,54500.0
2019-05-28,BAY.BK,37.5,37.75,37.0,37.25,31.18290138244629,86200.0
2019-05-29,BAY.BK,37.25,37.5,36.5,36.75,30.764339447021484,354700.0
2019-05-30,BAY.BK,36.75,37.25,36.75,36.75,30.764339447021484,257700.0
2019-05-31,BAY.BK,36.75,37.25,36.75,36.75,30.764339447021484,372400.0
2019-06-04,BAY.BK,37.0,37.25,36.75,37.0,30.97361946105957,205400.0
2019-06-05,BAY.BK,37.25,37.5,37.25,37.25,31.18290138244629,102600.0
2019-06-06,BAY.BK,37.25,37.5,37.0,37.25,31.18290138244629,455700.0
2019-06-07,BAY.BK,37.25,37.5,37.0,37.0,30.97361946105957,265100.0
2019-06-10,BAY.BK,37.25,37.75,37.25,37.25,31.18290138244629,433000.0
2019-06-11,BAY.BK,37.5,37.75,37.5,37.5,31.392183303833008,428000.0
2019-06-12,BAY.BK,37.5,38.75,37.5,38.25,32.020023345947266,820300.0
2019-06-13,BAY.BK,38.25,38.75,38.25,38.75,32.43859100341797,469400.0
2019-06-14,BAY.BK,38.75,38.75,38.25,38.25,32.020023345947266,437500.0
2019-06-17,BAY.BK,38.25,38.5,37.75,37.75,31.60146713256836,552600.0
2019-06-18,BAY.BK,37.75,38.0,37.75,37.75,31.60146713256836,402200.0
2019-06-19,BAY.BK,38.0,38.75,38.0,38.0,31.81074333190918,859600.0
2019-06-20,BAY.BK,38.0,39.5,38.0,38.75,32.43859100341797,1213200.0
2019-06-21,BAY.BK,39.25,39.25,38.75,38.75,32.43859100341797,1154700.0
2019-06-24,BAY.BK,39.0,39.75,38.5,39.25,32.85715103149414,1586900.0
2019-06-25,BAY.BK,39.25,39.5,38.75,38.75,32.43859100341797,1014400.0
2019-06-26,BAY.BK,38.75,39.0,38.75,38.75,32.43859100341797,250000.0
2019-06-27,BAY.BK,38.75,39.25,38.75,38.75,32.43859100341797,220200.0
2019-06-28,BAY.BK,39.0,39.0,38.5,38.5,32.22930908203125,422200.0
2019-07-01,BAY.BK,38.75,39.0,38.75,39.0,32.64787292480469,247400.0
2019-07-02,BAY.BK,39.0,39.0,38.5,38.5,32.22930908203125,383800.0
2019-07-03,BAY.BK,38.5,38.75,38.25,38.25,32.020023345947266,502200.0
2019-07-04,BAY.BK,38.25,38.5,38.0,38.0,31.81074333190918,311100.0
2019-07-05,BAY.BK,38.0,38.5,38.0,38.0,31.81074333190918,148400.0
2019-07-08,BAY.BK,38.0,38.75,38.0,38.5,32.22930908203125,134100.0
2019-07-09,BAY.BK,38.25,38.75,38.0,38.5,32.22930908203125,348700.0
2019-07-10,BAY.BK,38.5,38.75,38.5,38.5,32.22930908203125,146500.0
2019-07-11,BAY.BK,38.5,38.75,38.25,38.25,32.020023345947266,253900.0
2019-07-12,BAY.BK,38.25,38.5,38.0,38.0,31.81074333190918,186300.0
2019-07-15,BAY.BK,38.0,38.5,38.0,38.25,32.020023345947266,258700.0
2019-07-17,BAY.BK,38.5,38.5,38.25,38.25,32.020023345947266,84200.0
2019-07-18,BAY.BK,38.25,38.25,38.0,38.0,31.81074333190918,293400.0
2019-07-19,BAY.BK,38.25,39.0,38.25,38.25,32.020023345947266,637600.0
2019-07-22,BAY.BK,38.75,38.75,38.25,38.75,32.43859100341797,373100.0
2019-07-23,BAY.BK,38.75,39.25,38.75,39.25,32.85715103149414,1412400.0
2019-07-24,BAY.BK,39.25,40.5,39.25,40.0,33.4849967956543,1423100.0
2019-07-25,BAY.BK,39.75,40.25,39.75,40.25,33.694271087646484,1144600.0
2019-07-26,BAY.BK,40.25,40.5,39.75,40.25,33.694271087646484,529400.0
2019-07-30,BAY.BK,40.0,40.25,39.0,39.5,33.06643295288086,366200.0
2019-07-31,BAY.BK,39.5,39.5,39.0,39.25,32.85715103149414,418900.0
2019-08-01,BAY.BK,39.0,39.25,38.5,39.0,32.64787292480469,328100.0
2019-08-02,BAY.BK,38.5,38.75,38.25,38.5,32.22930908203125,224200.0
2019-08-05,BAY.BK,38.25,38.5,38.0,38.25,32.020023345947266,320200.0
2019-08-06,BAY.BK,37.75,38.25,37.5,38.0,31.81074333190918,433500.0
2019-08-07,BAY.BK,37.75,38.0,37.0,37.0,30.97361946105957,1975000.0
2019-08-08,BAY.BK,37.0,37.25,36.75,37.0,30.97361946105957,541500.0
2019-08-09,BAY.BK,37.0,37.25,36.75,36.75,30.764339447021484,136600.0
2019-08-13,BAY.BK,36.75,36.75,36.25,36.25,30.345781326293945,316300.0
2019-08-14,BAY.BK,36.5,36.75,35.0,35.25,29.508655548095703,760400.0
2019-08-15,BAY.BK,35.5,35.5,34.0,34.0,28.462242126464844,672500.0
2019-08-16,BAY.BK,34.25,35.0,34.25,34.75,29.090087890625,974000.0
2019-08-19,BAY.BK,35.0,35.5,35.0,35.25,29.508655548095703,298600.0
2019-08-20,BAY.BK,35.75,36.0,34.75,35.5,29.71793556213379,332900.0
2019-08-21,BAY.BK,35.5,35.5,34.5,34.75,29.090087890625,501700.0
2019-08-22,BAY.BK,34.75,34.75,34.25,34.5,28.880809783935547,379700.0
2019-08-23,BAY.BK,34.5,35.0,34.5,34.5,28.880809783935547,263600.0
2019-08-26,BAY.BK,34.5,34.75,34.0,34.25,28.671527862548828,214300.0
2019-08-27,BAY.BK,34.5,34.5,34.0,34.0,28.462242126464844,166600.0
2019-08-28,BAY.BK,34.0,34.25,34.0,34.0,28.462242126464844,84500.0
2019-08-29,BAY.BK,34.25,34.75,34.25,34.75,29.090087890625,147500.0
2019-08-30,BAY.BK,34.75,35.25,34.75,35.0,29.29937744140625,316200.0
2019-09-02,BAY.BK,35.0,35.25,34.25,34.25,28.671527862548828,392000.0
2019-09-03,BAY.BK,34.5,35.0,34.0,34.25,28.671527862548828,702400.0
2019-09-04,BAY.BK,34.5,35.25,34.25,34.25,28.671527862548828,1115300.0
2019-09-05,BAY.BK,34.75,34.75,34.25,34.5,28.880809783935547,208100.0
2019-09-06,BAY.BK,34.75,35.0,34.25,34.25,28.671527862548828,571000.0
2019-09-09,BAY.BK,34.5,34.75,34.25,34.5,28.880809783935547,193100.0
2019-09-10,BAY.BK,34.5,35.0,34.5,34.75,29.090087890625,393900.0
2019-09-11,BAY.BK,34.5,35.0,34.25,34.75,29.428834915161133,773300.0
2019-09-12,BAY.BK,35.0,35.75,34.75,35.0,29.640562057495117,1849300.0
2019-09-13,BAY.BK,35.25,35.5,35.0,35.0,29.640562057495117,387500.0
2019-09-16,BAY.BK,35.25,35.25,34.5,34.75,29.428834915161133,324500.0
2019-09-17,BAY.BK,35.0,35.0,34.25,35.0,29.640562057495117,775600.0
2019-09-18,BAY.BK,35.0,35.0,34.25,34.5,29.21712303161621,393200.0
2019-09-19,BAY.BK,34.5,34.75,34.25,34.25,29.005401611328125,449300.0
2019-09-20,BAY.BK,34.5,34.5,34.0,34.0,28.793682098388672,296000.0
2019-09-23,BAY.BK,34.25,34.25,33.75,33.75,28.581966400146484,367200.0
2019-09-24,BAY.BK,33.75,34.0,33.5,33.75,28.581966400146484,262700.0
2019-09-25,BAY.BK,33.75,33.75,33.25,33.5,28.370250701904297,378500.0
2019-09-26,BAY.BK,33.5,34.25,33.5,33.5,28.370250701904297,104300.0
2019-09-27,BAY.BK,33.75,34.0,33.5,33.75,28.581966400146484,142400.0
2019-09-30,BAY.BK,33.75,33.75,33.25,33.25,28.15853500366211,372800.0
2019-10-01,BAY.BK,33.25,33.5,33.25,33.25,28.15853500366211,62700.0
2019-10-02,BAY.BK,33.25,33.25,33.0,33.0,27.94681167602539,196800.0
2019-10-03,BAY.BK,33.0,33.0,32.5,32.75,27.735095977783203,175000.0
2019-10-04,BAY.BK,33.0,33.0,32.25,32.5,27.523378372192383,288100.0
2019-10-07,BAY.BK,32.75,33.25,32.75,33.25,28.15853500366211,90200.0
2019-10-08,BAY.BK,33.25,33.5,33.0,33.0,27.94681167602539,113700.0
2019-10-09,BAY.BK,33.0,33.25,32.5,32.75,27.735095977783203,127200.0
2019-10-10,BAY.BK,32.75,32.75,32.25,32.25,27.311656951904297,156400.0
2019-10-11,BAY.BK,32.25,32.5,32.0,32.25,27.311656951904297,178400.0
2019-10-15,BAY.BK,32.5,32.5,32.25,32.25,27.311656951904297,116500.0
2019-10-16,BAY.BK,32.25,32.75,32.25,32.5,27.523378372192383,167000.0
2019-10-17,BAY.BK,32.5,32.75,32.0,32.5,27.523378372192383,217900.0
2019-10-18,BAY.BK,32.5,33.0,32.25,33.0,27.94681167602539,172900.0
2019-10-21,BAY.BK,33.0,33.25,32.5,32.75,27.735095977783203,187800.0
2019-10-22,BAY.BK,33.0,33.25,32.75,33.0,27.94681167602539,133000.0
2019-10-24,BAY.BK,32.75,33.0,32.25,32.5,27.523378372192383,181100.0
2019-10-25,BAY.BK,32.5,32.5,31.25,31.25,26.464784622192383,398400.0
2019-10-28,BAY.BK,31.25,31.25,30.5,30.75,26.04134750366211,231500.0
2019-10-29,BAY.BK,30.75,30.75,30.5,30.5,25.829627990722656,190000.0
2019-10-30,BAY.BK,30.75,31.5,30.5,31.25,26.464784622192383,189900.0
2019-10-31,BAY.BK,31.25,32.25,31.25,31.75,26.888221740722656,179100.0
2019-11-01,BAY.BK,31.75,32.0,31.25,31.25,26.464784622192383,76400.0
2019-11-04,BAY.BK,31.5,32.25,31.5,31.75,26.888221740722656,153100.0
2019-11-05,BAY.BK,32.25,32.25,31.75,31.75,26.888221740722656,87500.0
2019-11-06,BAY.BK,32.0,32.75,31.75,31.75,26.888221740722656,322900.0
2019-11-07,BAY.BK,32.0,32.25,31.75,32.0,27.09994125366211,111100.0
2019-11-08,BAY.BK,32.25,32.75,32.25,32.5,27.523378372192383,107000.0
2019-11-11,BAY.BK,32.5,32.75,32.25,32.75,27.735095977783203,122200.0
2019-11-12,BAY.BK,32.75,33.0,32.5,32.75,27.735095977783203,133900.0
2019-11-13,BAY.BK,32.75,32.75,32.25,32.25,27.311656951904297,145700.0
2019-11-14,BAY.BK,32.25,32.25,31.75,32.25,27.311656951904297,109500.0
2019-11-15,BAY.BK,32.5,32.5,31.5,32.0,27.09994125366211,152200.0
2019-11-18,BAY.BK,31.75,32.25,31.75,32.25,27.311656951904297,126500.0
2019-11-19,BAY.BK,32.0,32.5,32.0,32.25,27.311656951904297,58200.0
2019-11-20,BAY.BK,32.0,32.5,31.75,32.5,27.523378372192383,141200.0
2019-11-21,BAY.BK,32.5,32.5,32.0,32.25,27.311656951904297,136100.0
2019-11-22,BAY.BK,32.25,32.5,32.25,32.5,27.523378372192383,102500.0
2019-11-25,BAY.BK,32.5,32.75,32.25,32.75,27.735095977783203,193500.0
2019-11-26,BAY.BK,32.75,32.75,32.5,32.75,27.735095977783203,67400.0
2019-11-27,BAY.BK,33.0,33.0,32.5,32.5,27.523378372192383,326200.0
2019-11-28,BAY.BK,32.75,32.75,32.5,32.5,27.523378372192383,77700.0
2019-11-29,BAY.BK,32.75,32.75,32.25,32.25,27.311656951904297,109700.0
2019-12-02,BAY.BK,32.5,32.5,31.5,31.5,26.67650032043457,252300.0
2019-12-03,BAY.BK,31.5,31.75,31.25,31.25,26.464784622192383,375800.0
2019-12-04,BAY.BK,31.25,31.5,31.25,31.25,26.464784622192383,89500.0
2019-12-06,BAY.BK,31.5,31.5,31.0,31.0,26.253063201904297,140800.0
2019-12-09,BAY.BK,30.75,31.0,30.75,30.75,26.04134750366211,185900.0
2019-12-11,BAY.BK,31.0,31.0,29.75,30.0,25.406190872192383,387400.0
2019-12-12,BAY.BK,30.5,30.75,30.0,30.0,25.406190872192383,368300.0
2019-12-13,BAY.BK,30.25,30.5,30.0,30.25,25.6179141998291,382700.0
2019-12-16,BAY.BK,30.0,30.5,29.5,29.5,24.982755661010742,437200.0
2019-12-17,BAY.BK,29.75,30.0,29.25,29.25,24.77103614807129,491700.0
2019-12-18,BAY.BK,29.5,29.75,29.25,29.25,24.77103614807129,519200.0
2019-12-19,BAY.BK,29.25,29.75,29.0,29.25,24.77103614807129,784700.0
2019-12-20,BAY.BK,29.5,30.25,29.5,29.75,25.194475173950195,977800.0
2019-12-23,BAY.BK,29.75,30.0,29.5,29.75,25.194475173950195,159700.0
2019-12-24,BAY.BK,29.75,29.75,29.0,29.25,24.77103614807129,612300.0
2019-12-25,BAY.BK,29.25,29.5,29.25,29.25,24.77103614807129,699600.0
2019-12-26,BAY.BK,29.25,29.75,29.25,29.75,25.194475173950195,333000.0
2019-12-27,BAY.BK,29.5,30.0,29.5,29.75,25.194475173950195,424600.0
2019-12-30,BAY.BK,29.75,30.0,29.75,30.0,25.406190872192383,124700.0
2020-01-02,BAY.BK,30.0,30.5,29.75,30.0,25.406190872192383,506900.0
2020-01-03,BAY.BK,30.25,30.5,29.75,29.75,25.194475173950195,538000.0
2020-01-06,BAY.BK,29.75,29.75,29.0,29.0,24.55931854248047,621300.0
2020-01-07,BAY.BK,29.25,29.75,29.25,29.5,24.982755661010742,419400.0
2020-01-08,BAY.BK,29.5,29.5,29.0,29.5,24.982755661010742,308900.0
2020-01-09,BAY.BK,29.5,30.0,29.5,29.75,25.194475173950195,311300.0
2020-01-10,BAY.BK,29.75,30.0,29.75,29.75,25.194475173950195,203500.0
2020-01-13,BAY.BK,29.75,29.75,29.5,29.5,24.982755661010742,111700.0
2020-01-14,BAY.BK,29.5,29.75,29.25,29.5,24.982755661010742,272300.0
2020-01-15,BAY.BK,29.5,29.5,29.25,29.5,24.982755661010742,101900.0
2020-01-16,BAY.BK,29.5,30.0,29.25,30.0,25.406190872192383,273200.0
2020-01-17,BAY.BK,30.25,30.5,30.0,30.0,25.406190872192383,199800.0
2020-01-20,BAY.BK,29.75,29.75,29.25,29.5,24.982755661010742,428700.0
2020-01-21,BAY.BK,30.0,30.5,29.75,30.0,25.406190872192383,597400.0
2020-01-22,BAY.BK,30.0,30.0,29.25,29.75,25.194475173950195,685700.0
2020-01-23,BAY.BK,29.75,29.75,29.0,29.5,24.982755661010742,438500.0
2020-01-24,BAY.BK,29.5,29.5,29.25,29.5,24.982755661010742,113300.0
2020-01-27,BAY.BK,29.25,29.25,28.75,28.75,24.34760093688965,391400.0
2020-01-28,BAY.BK,28.75,29.25,28.5,28.5,24.135887145996094,488600.0
2020-01-29,BAY.BK,28.75,28.75,28.25,28.25,23.924165725708008,390400.0
2020-01-30,BAY.BK,28.25,28.5,28.0,28.25,23.924165725708008,531600.0
2020-01-31,BAY.BK,28.5,28.75,28.0,28.0,23.712446212768555,611800.0
2020-02-03,BAY.BK,28.25,28.5,27.75,28.0,23.712446212768555,440300.0
2020-02-04,BAY.BK,28.0,28.5,28.0,28.25,23.924165725708008,429200.0
2020-02-05,BAY.BK,28.5,28.5,28.0,28.25,23.924165725708008,264100.0
2020-02-06,BAY.BK,28.25,29.25,28.25,28.75,24.34760093688965,462000.0
2020-02-07,BAY.BK,28.75,29.25,28.75,28.75,24.34760093688965,386000.0
2020-02-11,BAY.BK,28.75,29.0,27.75,28.0,23.712446212768555,741400.0
2020-02-12,BAY.BK,28.25,28.5,28.0,28.25,23.924165725708008,170500.0
2020-02-13,BAY.BK,28.25,28.5,28.25,28.25,23.924165725708008,110600.0
2020-02-14,BAY.BK,28.5,28.75,28.25,28.25,23.924165725708008,171400.0
2020-02-17,BAY.BK,28.5,28.5,28.25,28.25,23.924165725708008,114500.0
2020-02-18,BAY.BK,28.25,28.75,28.25,28.5,24.135887145996094,323600.0
2020-02-19,BAY.BK,28.5,28.5,28.0,28.25,23.924165725708008,425100.0
2020-02-20,BAY.BK,28.5,28.5,28.0,28.25,23.924165725708008,77300.0
2020-02-21,BAY.BK,28.0,28.25,27.75,28.25,23.924165725708008,199200.0
2020-02-24,BAY.BK,28.0,28.0,27.0,27.0,22.865571975708008,480700.0
2020-02-25,BAY.BK,26.5,27.0,26.25,26.5,22.442138671875,248900.0
2020-02-26,BAY.BK,26.5,26.5,25.0,25.0,21.17182731628418,400600.0
2020-02-27,BAY.BK,24.600000381469727,25.75,24.600000381469727,25.5,21.595260620117188,268500.0
2020-02-28,BAY.BK,24.600000381469727,25.0,24.399999618530273,24.5,20.748395919799805,458600.0
2020-03-02,BAY.BK,24.600000381469727,24.700000762939453,23.899999618530273,24.200000762939453,20.49432945251465,389200.0
2020-03-03,BAY.BK,24.5,25.25,24.399999618530273,24.799999237060547,21.002450942993164,296600.0
2020-03-04,BAY.BK,24.600000381469727,25.25,24.5,24.600000381469727,20.833078384399414,223300.0
2020-03-05,BAY.BK,24.899999618530273,25.0,24.600000381469727,24.700000762939453,20.91776466369629,201100.0
2020-03-06,BAY.BK,24.5,24.700000762939453,24.100000381469727,24.299999237060547,20.579015731811523,271700.0
2020-03-09,BAY.BK,23.799999237060547,23.799999237060547,23.0,23.0,19.47808074951172,497300.0
2020-03-10,BAY.BK,23.0,23.299999237060547,22.799999237060547,23.0,19.47808074951172,260800.0
2020-03-11,BAY.BK,23.0,23.200000762939453,23.0,23.0,19.47808074951172,189400.0
2020-03-12,BAY.BK,22.5,22.600000381469727,21.0,21.5,18.2077693939209,733500.0
2020-03-13,BAY.BK,19.5,21.600000381469727,17.700000762939453,21.5,18.2077693939209,662400.0
2020-03-16,BAY.BK,20.0,20.700000762939453,19.399999618530273,19.5,16.514026641845703,421500.0
2020-03-17,BAY.BK,19.5,19.5,18.600000381469727,18.799999237060547,15.921213150024414,571700.0
2020-03-18,BAY.BK,18.899999618530273,19.399999618530273,18.899999618530273,19.200000762939453,16.259965896606445,195600.0
2020-03-19,BAY.BK,18.600000381469727,18.700000762939453,18.100000381469727,18.200000762939453,15.413090705871582,776000.0
2020-03-20,BAY.BK,20.0,20.0,18.5,18.899999618530273,16.00589942932129,773200.0
2020-03-23,BAY.BK,18.299999237060547,18.5,17.799999237060547,17.799999237060547,15.07434368133545,435600.0
2020-03-24,BAY.BK,18.200000762939453,18.299999237060547,17.799999237060547,18.100000381469727,15.328401565551758,202900.0
2020-03-25,BAY.BK,18.299999237060547,18.600000381469727,18.200000762939453,18.299999237060547,15.49777603149414,420300.0
2020-03-26,BAY.BK,18.299999237060547,18.600000381469727,18.200000762939453,18.399999618530273,15.582464218139648,739600.0
2020-03-27,BAY.BK,18.700000762939453,19.5,18.5,18.5,15.667152404785156,1225800.0
2020-03-30,BAY.BK,18.399999618530273,18.399999618530273,18.399999618530273,18.399999618530273,15.582464218139648,47700.0
2020-03-31,BAY.BK,18.799999237060547,19.0,18.700000762939453,19.0,16.090587615966797,318300.0
2020-04-01,BAY.BK,19.399999618530273,19.600000381469727,18.799999237060547,19.0,16.090587615966797,502700.0
2020-04-02,BAY.BK,19.0,19.200000762939453,19.0,19.0,16.090587615966797,202100.0
2020-04-03,BAY.BK,19.100000381469727,19.200000762939453,18.899999618530273,19.100000381469727,16.175275802612305,185100.0
2020-04-07,BAY.BK,19.399999618530273,20.200000762939453,19.200000762939453,20.0,16.937461853027344,1198200.0
2020-04-08,BAY.BK,20.0,20.100000381469727,19.299999237060547,20.0,17.327329635620117,1555300.0
2020-04-09,BAY.BK,20.200000762939453,20.5,19.600000381469727,19.799999237060547,17.154052734375,2152800.0
2020-04-10,BAY.BK,19.899999618530273,20.100000381469727,19.799999237060547,20.0,17.327329635620117,583700.0
2020-04-13,BAY.BK,19.899999618530273,20.100000381469727,19.799999237060547,20.100000381469727,17.413963317871094,439300.0
2020-04-14,BAY.BK,20.200000762939453,20.899999618530273,20.200000762939453,20.899999618530273,18.107053756713867,1149700.0
2020-04-15,BAY.BK,21.100000381469727,21.5,20.700000762939453,21.0,18.193693161010742,1440800.0
2020-04-16,BAY.BK,20.899999618530273,20.899999618530273,20.200000762939453,20.200000762939453,17.500598907470703,468900.0
2020-04-17,BAY.BK,20.5,20.700000762939453,20.399999618530273,20.5,17.760507583618164,256100.0
2020-04-20,BAY.BK,20.600000381469727,21.200000762939453,20.5,21.200000762939453,18.366966247558594,789400.0
2020-04-21,BAY.BK,21.100000381469727,21.200000762939453,20.899999618530273,21.100000381469727,18.28032875061035,524800.0
2020-04-22,BAY.BK,21.200000762939453,21.299999237060547,20.799999237060547,21.200000762939453,18.366966247558594,686100.0
2020-04-23,BAY.BK,21.200000762939453,21.399999618530273,21.100000381469727,21.399999618530273,18.54023551940918,643900.0
2020-04-24,BAY.BK,21.5,21.5,21.299999237060547,21.5,18.626876831054688,247200.0
2020-04-27,BAY.BK,21.700000762939453,21.799999237060547,21.200000762939453,21.399999618530273,18.54023551940918,226200.0
2020-04-28,BAY.BK,21.399999618530273,21.399999618530273,20.799999237060547,21.100000381469727,18.28032875061035,263600.0
2020-04-29,BAY.BK,21.0,21.399999618530273,21.0,21.200000762939453,18.366966247558594,267900.0
2020-04-30,BAY.BK,21.5,21.799999237060547,21.299999237060547,21.600000381469727,18.71351432800293,426000.0
2020-05-05,BAY.BK,21.5,21.600000381469727,21.299999237060547,21.600000381469727,18.71351432800293,426900.0
2020-05-07,BAY.BK,21.600000381469727,21.600000381469727,20.899999618530273,20.899999618530273,18.107053756713867,332500.0
2020-05-08,BAY.BK,20.799999237060547,21.200000762939453,20.799999237060547,20.899999618530273,18.107053756713867,170200.0
2020-05-11,BAY.BK,21.100000381469727,21.299999237060547,21.0,21.299999237060547,18.453603744506836,188800.0
2020-05-12,BAY.BK,21.299999237060547,21.5,21.299999237060547,21.5,18.626876831054688,134500.0
2020-05-13,BAY.BK,21.399999618530273,21.399999618530273,21.200000762939453,21.299999237060547,18.453603744506836,119100.0
2020-05-14,BAY.BK,21.299999237060547,21.299999237060547,20.899999618530273,20.899999618530273,18.107053756713867,222100.0
2020-05-15,BAY.BK,21.0,21.299999237060547,20.899999618530273,21.100000381469727,18.28032875061035,149800.0
2020-05-18,BAY.BK,21.200000762939453,21.299999237060547,21.0,21.299999237060547,18.453603744506836,136800.0
2020-05-19,BAY.BK,21.299999237060547,21.5,21.200000762939453,21.5,18.626876831054688,548300.0
2020-05-20,BAY.BK,21.5,21.5,21.299999237060547,21.5,18.626876831054688,269800.0
2020-05-21,BAY.BK,21.5,21.600000381469727,21.299999237060547,21.600000381469727,18.71351432800293,232900.0
2020-05-22,BAY.BK,21.5,21.5,20.700000762939453,21.200000762939453,18.366966247558594,194300.0
2020-05-25,BAY.BK,21.100000381469727,21.299999237060547,21.100000381469727,21.299999237060547,18.453603744506836,244900.0
2020-05-26,BAY.BK,21.5,21.600000381469727,21.299999237060547,21.600000381469727,18.71351432800293,293900.0
2020-05-27,BAY.BK,21.700000762939453,22.299999237060547,21.600000381469727,22.299999237060547,19.31996726989746,779500.0
2020-05-28,BAY.BK,23.0,23.600000381469727,22.899999618530273,22.899999618530273,19.839784622192383,1380900.0
2020-05-29,BAY.BK,22.700000762939453,22.700000762939453,22.100000381469727,22.399999618530273,19.406606674194336,436700.0
2020-06-01,BAY.BK,23.0,23.0,22.600000381469727,22.799999237060547,19.75315284729004,460800.0
2020-06-02,BAY.BK,23.0,23.100000381469727,22.700000762939453,23.100000381469727,20.013059616088867,428700.0
2020-06-04,BAY.BK,23.600000381469727,26.5,23.5,26.25,22.742116928100586,4507100.0
2020-06-05,BAY.BK,27.25,28.0,26.0,26.75,23.1752986907959,3317200.0
2020-06-08,BAY.BK,27.0,27.5,25.5,27.5,23.825071334838867,2173800.0
2020-06-09,BAY.BK,27.25,28.0,25.75,26.75,23.1752986907959,1762800.0
2020-06-10,BAY.BK,26.75,27.0,26.0,26.75,23.1752986907959,638200.0
2020-06-11,BAY.BK,26.5,26.5,25.5,26.0,22.525524139404297,492700.0
2020-06-12,BAY.BK,24.399999618530273,25.75,24.399999618530273,25.75,22.308931350708008,791300.0
2020-06-15,BAY.BK,25.5,25.5,24.0,24.200000762939453,20.966062545776367,803400.0
2020-06-16,BAY.BK,24.899999618530273,25.0,24.600000381469727,24.700000762939453,21.399246215820312,261600.0
2020-06-17,BAY.BK,24.600000381469727,25.0,24.299999237060547,24.700000762939453,21.399246215820312,282700.0
2020-06-18,BAY.BK,24.600000381469727,24.600000381469727,24.299999237060547,24.399999618530273,21.13933753967285,349400.0
2020-06-19,BAY.BK,24.5,24.700000762939453,24.299999237060547,24.700000762939453,21.399246215820312,271100.0
2020-06-22,BAY.BK,23.100000381469727,23.299999237060547,22.700000762939453,23.299999237060547,20.186336517333984,3268600.0
2020-06-23,BAY.BK,23.399999618530273,23.600000381469727,23.100000381469727,23.399999618530273,20.27297019958496,363200.0
2020-06-24,BAY.BK,23.5,23.899999618530273,23.200000762939453,23.200000762939453,20.099700927734375,570300.0
2020-06-25,BAY.BK,23.0,23.299999237060547,22.799999237060547,23.299999237060547,20.186336517333984,476500.0
2020-06-26,BAY.BK,23.399999618530273,23.600000381469727,22.899999618530273,22.899999618530273,19.839784622192383,312200.0
2020-06-29,BAY.BK,22.899999618530273,23.0,22.600000381469727,23.0,19.92642593383789,269400.0
2020-06-30,BAY.BK,23.299999237060547,23.299999237060547,22.799999237060547,22.799999237060547,19.75315284729004,440300.0
2020-07-01,BAY.BK,22.899999618530273,23.100000381469727,22.700000762939453,23.100000381469727,20.013059616088867,395500.0
2020-07-02,BAY.BK,23.100000381469727,23.299999237060547,22.799999237060547,23.200000762939453,20.099700927734375,512500.0
2020-07-03,BAY.BK,23.299999237060547,23.299999237060547,22.700000762939453,23.100000381469727,20.013059616088867,539500.0
2020-07-07,BAY.BK,23.200000762939453,23.200000762939453,22.700000762939453,22.700000762939453,19.666515350341797,595900.0
2020-07-08,BAY.BK,22.700000762939453,22.899999618530273,22.600000381469727,22.799999237060547,19.75315284729004,414300.0
2020-07-09,BAY.BK,22.700000762939453,22.899999618530273,22.600000381469727,22.899999618530273,19.839784622192383,339500.0
2020-07-10,BAY.BK,22.700000762939453,22.700000762939453,22.399999618530273,22.700000762939453,19.666515350341797,314400.0
2020-07-13,BAY.BK,22.700000762939453,22.700000762939453,22.200000762939453,22.200000762939453,19.233335494995117,779700.0
2020-07-14,BAY.BK,22.100000381469727,22.200000762939453,21.799999237060547,21.799999237060547,18.886783599853516,871200.0
2020-07-15,BAY.BK,21.799999237060547,22.0,21.600000381469727,21.700000762939453,18.80014991760254,1055600.0
2020-07-16,BAY.BK,21.799999237060547,21.899999618530273,21.600000381469727,21.600000381469727,18.71351432800293,524600.0
2020-07-17,BAY.BK,21.700000762939453,21.799999237060547,21.600000381469727,21.600000381469727,18.71351432800293,294700.0
2020-07-20,BAY.BK,21.600000381469727,21.700000762939453,21.100000381469727,21.200000762939453,18.366966247558594,664200.0
2020-07-21,BAY.BK,21.299999237060547,22.5,21.299999237060547,22.5,19.493242263793945,476300.0
2020-07-22,BAY.BK,22.399999618530273,22.600000381469727,22.100000381469727,22.299999237060547,19.31996726989746,605000.0
2020-07-23,BAY.BK,22.200000762939453,22.399999618530273,22.200000762939453,22.299999237060547,19.31996726989746,241300.0
2020-07-24,BAY.BK,22.200000762939453,22.200000762939453,21.600000381469727,21.600000381469727,18.71351432800293,424200.0
2020-07-29,BAY.BK,21.700000762939453,21.700000762939453,21.200000762939453,21.200000762939453,18.366966247558594,234300.0
2020-07-30,BAY.BK,21.399999618530273,21.399999618530273,21.0,21.0,18.193693161010742,213300.0
2020-07-31,BAY.BK,21.200000762939453,21.200000762939453,20.899999618530273,21.0,18.193693161010742,175000.0
2020-08-03,BAY.BK,21.100000381469727,21.399999618530273,20.899999618530273,21.200000762939453,18.366966247558594,197600.0
2020-08-04,BAY.BK,21.200000762939453,21.600000381469727,21.100000381469727,21.5,18.626876831054688,178200.0
2020-08-05,BAY.BK,21.700000762939453,21.899999618530273,21.5,21.899999618530273,18.973419189453125,305600.0
2020-08-06,BAY.BK,22.100000381469727,22.200000762939453,21.899999618530273,22.0,19.06005859375,188300.0
2020-08-07,BAY.BK,22.0,22.100000381469727,21.5,21.5,18.626876831054688,151400.0
2020-08-10,BAY.BK,21.799999237060547,21.799999237060547,21.399999618530273,21.399999618530273,18.54023551940918,101000.0
2020-08-11,BAY.BK,21.5,21.700000762939453,21.5,21.5,18.626876831054688,151600.0
2020-08-13,BAY.BK,22.200000762939453,22.399999618530273,21.899999618530273,22.0,19.06005859375,865900.0
2020-08-14,BAY.BK,22.100000381469727,22.100000381469727,21.600000381469727,21.600000381469727,18.71351432800293,341100.0
2020-08-17,BAY.BK,21.600000381469727,21.700000762939453,21.200000762939453,21.299999237060547,18.453603744506836,242900.0
2020-08-18,BAY.BK,21.299999237060547,21.799999237060547,21.299999237060547,21.600000381469727,18.71351432800293,265400.0
2020-08-19,BAY.BK,21.700000762939453,22.0,21.399999618530273,22.0,19.06005859375,252000.0
2020-08-20,BAY.BK,21.600000381469727,21.700000762939453,21.399999618530273,21.600000381469727,18.71351432800293,107000.0
2020-08-21,BAY.BK,21.5,21.700000762939453,21.399999618530273,21.399999618530273,18.54023551940918,116900.0
2020-08-24,BAY.BK,21.399999618530273,21.5,21.0,21.0,18.193693161010742,429600.0
2020-08-25,BAY.BK,21.100000381469727,21.5,21.100000381469727,21.399999618530273,18.54023551940918,230600.0
2020-08-26,BAY.BK,21.299999237060547,21.399999618530273,21.299999237060547,21.299999237060547,18.453603744506836,47800.0
2020-08-27,BAY.BK,21.299999237060547,21.600000381469727,21.299999237060547,21.5,18.626876831054688,101600.0
2020-08-28,BAY.BK,21.700000762939453,21.799999237060547,21.5,21.600000381469727,18.71351432800293,158200.0
2020-08-31,BAY.BK,21.600000381469727,21.899999618530273,21.299999237060547,21.299999237060547,18.453603744506836,411100.0
2020-09-01,BAY.BK,21.399999618530273,21.600000381469727,21.200000762939453,21.200000762939453,18.366966247558594,508500.0
2020-09-02,BAY.BK,21.299999237060547,21.700000762939453,21.200000762939453,21.399999618530273,18.54023551940918,389100.0
2020-09-03,BAY.BK,21.399999618530273,21.700000762939453,21.200000762939453,21.299999237060547,18.453603744506836,382100.0
2020-09-08,BAY.BK,21.299999237060547,21.5,21.100000381469727,21.100000381469727,18.28032875061035,273800.0
2020-09-09,BAY.BK,21.100000381469727,21.200000762939453,21.0,21.0,18.193693161010742,190400.0
2020-09-10,BAY.BK,21.100000381469727,21.299999237060547,20.899999618530273,20.899999618530273,18.107053756713867,148900.0
2020-09-11,BAY.BK,21.0,21.100000381469727,20.799999237060547,20.799999237060547,18.020418167114258,139700.0
2020-09-14,BAY.BK,20.799999237060547,20.899999618530273,20.299999237060547,20.299999237060547,17.587234497070312,453600.0
2020-09-15,BAY.BK,20.399999618530273,20.5,20.299999237060547,20.299999237060547,17.587234497070312,114400.0
2020-09-16,BAY.BK,20.399999618530273,20.5,20.100000381469727,20.100000381469727,17.413963317871094,214700.0
2020-09-17,BAY.BK,20.100000381469727,20.200000762939453,19.799999237060547,19.799999237060547,17.154052734375,310100.0
2020-09-18,BAY.BK,19.899999618530273,20.200000762939453,19.700000762939453,19.700000762939453,17.067419052124023,680100.0
2020-09-21,BAY.BK,20.100000381469727,20.100000381469727,19.600000381469727,19.700000762939453,17.067419052124023,391200.0
2020-09-22,BAY.BK,19.700000762939453,19.899999618530273,19.5,19.600000381469727,16.98077964782715,194500.0
2020-09-23,BAY.BK,19.600000381469727,19.799999237060547,19.600000381469727,19.700000762939453,17.067419052124023,112800.0
2020-09-24,BAY.BK,19.700000762939453,20.0,19.5,19.899999618530273,17.24068832397461,253500.0
2020-09-25,BAY.BK,19.899999618530273,19.899999618530273,19.700000762939453,19.899999618530273,17.24068832397461,57100.0
2020-09-28,BAY.BK,19.899999618530273,20.200000762939453,19.899999618530273,20.100000381469727,17.413963317871094,227200.0
2020-09-29,BAY.BK,20.0,20.100000381469727,19.700000762939453,19.700000762939453,17.067419052124023,196700.0
2020-09-30,BAY.BK,19.700000762939453,19.899999618530273,19.5,19.5,16.89414405822754,144300.0
2020-10-01,BAY.BK,19.700000762939453,19.799999237060547,19.5,19.5,16.89414405822754,141700.0
2020-10-02,BAY.BK,19.600000381469727,19.600000381469727,19.299999237060547,19.299999237060547,16.720867156982422,157100.0
2020-10-05,BAY.BK,19.399999618530273,19.600000381469727,19.100000381469727,19.100000381469727,16.547597885131836,140100.0
2020-10-06,BAY.BK,19.200000762939453,20.299999237060547,19.200000762939453,19.399999618530273,16.807504653930664,899900.0
2020-10-07,BAY.BK,19.5,19.600000381469727,19.399999618530273,19.5,16.89414405822754,254500.0
2020-10-08,BAY.BK,19.600000381469727,19.799999237060547,19.600000381469727,19.600000381469727,16.98077964782715,294800.0
2020-10-09,BAY.BK,19.700000762939453,19.700000762939453,19.5,19.600000381469727,16.98077964782715,136900.0
2020-10-12,BAY.BK,19.700000762939453,19.799999237060547,19.600000381469727,19.600000381469727,16.98077964782715,78400.0
2020-10-14,BAY.BK,19.600000381469727,19.700000762939453,19.5,19.700000762939453,17.067419052124023,78400.0
2020-10-15,BAY.BK,19.600000381469727,20.0,19.600000381469727,19.899999618530273,17.24068832397461,244900.0
2020-10-16,BAY.BK,19.899999618530273,19.899999618530273,19.399999618530273,19.5,16.89414405822754,204100.0
2020-10-19,BAY.BK,19.399999618530273,19.399999618530273,18.700000762939453,18.799999237060547,16.28768539428711,408000.0
2020-10-20,BAY.BK,18.799999237060547,19.100000381469727,18.799999237060547,18.799999237060547,16.28768539428711,344400.0
2020-10-21,BAY.BK,19.100000381469727,19.299999237060547,18.700000762939453,18.899999618530273,16.374324798583984,871700.0
2020-10-22,BAY.BK,19.200000762939453,19.399999618530273,18.899999618530273,18.899999618530273,16.374324798583984,1387100.0
2020-10-26,BAY.BK,19.0,19.0,18.799999237060547,19.0,16.46095848083496,369900.0
2020-10-27,BAY.BK,19.0,19.100000381469727,18.899999618530273,18.899999618530273,16.374324798583984,198100.0
2020-10-28,BAY.BK,19.0,19.100000381469727,18.799999237060547,18.899999618530273,16.374324798583984,327500.0
2020-10-29,BAY.BK,18.899999618530273,19.100000381469727,18.799999237060547,19.0,16.46095848083496,247700.0
2020-10-30,BAY.BK,19.100000381469727,19.100000381469727,18.899999618530273,18.899999618530273,16.374324798583984,152400.0
2020-11-02,BAY.BK,19.0,19.100000381469727,18.799999237060547,19.0,16.46095848083496,84100.0
2020-11-03,BAY.BK,19.100000381469727,19.399999618530273,19.100000381469727,19.299999237060547,16.720867156982422,394400.0
2020-11-04,BAY.BK,19.5,19.5,19.299999237060547,19.399999618530273,16.807504653930664,205100.0
2020-11-05,BAY.BK,19.600000381469727,20.100000381469727,19.600000381469727,19.899999618530273,17.24068832397461,569100.0
2020-11-06,BAY.BK,20.100000381469727,20.399999618530273,19.899999618530273,20.100000381469727,17.413963317871094,594300.0
2020-11-09,BAY.BK,20.5,20.799999237060547,20.200000762939453,20.700000762939453,17.93378257751465,553000.0
2020-11-10,BAY.BK,21.600000381469727,22.399999618530273,21.299999237060547,22.0,19.06005859375,2796700.0
2020-11-11,BAY.BK,22.299999237060547,22.700000762939453,21.899999618530273,22.399999618530273,19.406606674194336,1694600.0
2020-11-12,BAY.BK,22.299999237060547,22.899999618530273,21.799999237060547,22.899999618530273,19.839784622192383,750200.0
2020-11-13,BAY.BK,23.0,23.200000762939453,22.600000381469727,22.600000381469727,19.579877853393555,1466300.0
2020-11-16,BAY.BK,22.899999618530273,23.100000381469727,22.700000762939453,22.700000762939453,19.666515350341797,731600.0
2020-11-17,BAY.BK,22.899999618530273,23.200000762939453,22.600000381469727,22.600000381469727,19.579877853393555,1142800.0
2020-11-18,BAY.BK,22.600000381469727,23.0,22.399999618530273,23.0,19.92642593383789,393200.0
2020-11-19,BAY.BK,23.0,23.799999237060547,22.899999618530273,23.700000762939453,20.532882690429688,1422300.0
2020-11-20,BAY.BK,23.799999237060547,24.899999618530273,23.700000762939453,24.899999618530273,21.572521209716797,2239800.0
2020-11-23,BAY.BK,25.0,26.0,25.0,26.0,22.525524139404297,1839000.0
2020-11-24,BAY.BK,26.25,26.25,25.25,25.75,22.308931350708008,1569700.0
2020-11-25,BAY.BK,26.0,26.5,25.5,25.75,22.308931350708008,1387800.0
2020-11-26,BAY.BK,25.75,26.25,25.5,26.25,22.742116928100586,947200.0
2020-11-27,BAY.BK,26.25,26.25,25.75,26.0,22.525524139404297,425000.0
2020-11-30,BAY.BK,26.0,26.0,24.899999618530273,24.899999618530273,21.572521209716797,523900.0
2020-12-01,BAY.BK,25.25,25.75,25.0,25.5,22.09234046936035,497100.0
2020-12-02,BAY.BK,25.25,25.75,24.799999237060547,25.0,21.659156799316406,337400.0
2020-12-03,BAY.BK,25.25,25.75,25.0,25.25,21.875749588012695,291400.0
2020-12-04,BAY.BK,25.5,26.0,25.25,25.5,22.09234046936035,658900.0
2020-12-08,BAY.BK,25.75,27.25,25.5,26.5,22.958707809448242,1346700.0
2020-12-09,BAY.BK,27.0,27.5,26.25,27.25,23.608478546142578,2004100.0
2020-12-14,BAY.BK,27.75,28.0,26.5,27.75,24.04166603088379,1016000.0
2020-12-15,BAY.BK,27.75,27.75,26.25,27.5,23.825071334838867,789200.0
2020-12-16,BAY.BK,27.5,27.5,26.75,27.5,23.825071334838867,761800.0
2020-12-17,BAY.BK,27.5,27.5,26.75,27.5,23.825071334838867,608800.0
2020-12-18,BAY.BK,27.5,27.5,26.5,26.75,23.1752986907959,451600.0
2020-12-21,BAY.BK,24.700000762939453,26.0,24.5,24.600000381469727,21.312612533569336,1458800.0
2020-12-22,BAY.BK,25.0,25.5,24.799999237060547,25.0,21.659156799316406,522100.0
2020-12-23,BAY.BK,25.0,25.5,24.899999618530273,25.25,21.875749588012695,314700.0
2020-12-24,BAY.BK,25.25,25.75,24.899999618530273,25.75,22.308931350708008,263800.0
2020-12-25,BAY.BK,27.5,33.25,27.5,33.25,28.80668067932129,22862400.0
2020-12-28,BAY.BK,38.0,40.75,32.0,32.5,28.156906127929688,67769800.0
2020-12-29,BAY.BK,31.75,32.5,30.25,31.5,27.29054069519043,10328500.0
2020-12-30,BAY.BK,31.75,33.5,31.25,31.25,27.073945999145508,10231800.0
2021-01-04,BAY.BK,30.25,31.25,29.75,31.25,27.073945999145508,5673000.0
2021-01-05,BAY.BK,31.25,32.5,31.0,32.25,27.94031524658203,5974800.0
2021-01-06,BAY.BK,32.75,35.25,32.5,34.25,29.673044204711914,18288200.0
2021-01-07,BAY.BK,35.75,36.5,34.5,34.75,30.106229782104492,11788000.0
2021-01-08,BAY.BK,35.0,35.25,33.5,33.75,29.239864349365234,5117600.0
2021-01-11,BAY.BK,33.75,34.0,32.75,33.5,29.023265838623047,1856800.0
2021-01-12,BAY.BK,33.5,34.25,33.25,34.25,29.673044204711914,2016100.0
2021-01-13,BAY.BK,34.75,35.75,34.5,35.0,30.32282257080078,5266000.0
2021-01-14,BAY.BK,34.75,35.25,34.5,35.25,30.53941535949707,1905700.0
2021-01-15,BAY.BK,35.25,35.25,34.0,34.5,29.88963508605957,1516400.0
2021-01-18,BAY.BK,34.25,34.25,33.0,33.5,29.023265838623047,2500900.0
2021-01-19,BAY.BK,33.75,34.0,33.0,33.5,29.023265838623047,1276400.0
2021-01-20,BAY.BK,33.75,33.75,32.75,33.0,28.590091705322266,1164300.0
2021-01-21,BAY.BK,33.5,34.5,32.75,32.75,28.37349510192871,2992500.0
2021-01-22,BAY.BK,32.75,33.25,32.0,32.0,27.723724365234375,1704000.0
2021-01-25,BAY.BK,31.75,32.0,31.5,31.5,27.29054069519043,1240200.0
2021-01-26,BAY.BK,31.5,32.0,31.0,31.75,27.507129669189453,948600.0
2021-01-27,BAY.BK,31.5,32.25,31.25,31.75,27.507129669189453,1171500.0
2021-01-28,BAY.BK,31.25,31.5,31.0,31.0,26.85735321044922,986400.0
2021-01-29,BAY.BK,31.25,31.25,29.5,29.75,25.774398803710938,2220900.0
2021-02-01,BAY.BK,30.0,31.25,29.5,31.0,26.85735321044922,1957100.0
2021-02-02,BAY.BK,31.25,31.75,31.0,31.5,27.29054069519043,1210200.0
2021-02-03,BAY.BK,32.0,32.25,31.5,31.5,27.29054069519043,1907600.0
2021-02-04,BAY.BK,31.5,32.25,31.25,31.75,27.507129669189453,1061600.0
2021-02-05,BAY.BK,32.25,32.75,31.75,32.25,27.94031524658203,1106900.0
2021-02-08,BAY.BK,32.75,33.25,32.5,32.5,28.156906127929688,1986000.0
2021-02-09,BAY.BK,32.75,33.25,32.0,32.0,27.723724365234375,1461600.0
2021-02-10,BAY.BK,32.25,32.25,31.5,31.75,27.507129669189453,747600.0
2021-02-11,BAY.BK,31.75,32.0,31.5,31.75,27.507129669189453,317700.0
2021-02-15,BAY.BK,31.75,32.0,31.5,31.5,27.29054069519043,515000.0
2021-02-16,BAY.BK,31.75,32.0,31.5,32.0,27.723724365234375,306000.0
2021-02-17,BAY.BK,31.75,32.25,31.5,32.25,27.94031524658203,595300.0
2021-02-18,BAY.BK,32.0,32.25,31.5,31.75,27.507129669189453,417100.0
2021-02-19,BAY.BK,31.75,31.75,30.75,31.25,27.073945999145508,805500.0
2021-02-22,BAY.BK,31.25,31.25,30.0,30.5,26.424175262451172,695200.0
2021-02-23,BAY.BK,30.5,31.0,30.25,30.75,26.640762329101562,259100.0
2021-02-24,BAY.BK,30.5,30.75,30.25,30.25,26.207582473754883,316400.0
2021-02-25,BAY.BK,30.75,30.75,30.25,30.25,26.207582473754883,314900.0
2021-03-01,BAY.BK,30.25,31.0,30.25,30.25,26.207582473754883,479400.0
2021-03-02,BAY.BK,31.0,31.75,31.0,31.5,27.29054069519043,615200.0
2021-03-03,BAY.BK,31.5,32.5,31.0,32.5,28.156906127929688,1732300.0
2021-03-04,BAY.BK,32.5,34.25,32.0,33.75,29.239864349365234,3825200.0
2021-03-05,BAY.BK,34.0,36.25,33.5,35.75,30.972599029541016,9839700.0
2021-03-08,BAY.BK,36.25,36.5,35.25,35.75,30.972599029541016,4535000.0
2021-03-09,BAY.BK,36.25,36.25,35.0,35.0,30.32282257080078,604200.0
2021-03-10,BAY.BK,34.75,35.25,34.0,35.25,30.53941535949707,897000.0
2021-03-11,BAY.BK,35.5,35.5,34.25,34.5,29.88963508605957,1297600.0
2021-03-12,BAY.BK,34.25,34.75,33.75,34.5,29.88963508605957,1990800.0
2021-03-15,BAY.BK,34.25,35.75,34.25,35.25,30.53941535949707,1398900.0
2021-03-16,BAY.BK,35.25,35.5,34.75,35.25,30.53941535949707,682100.0
2021-03-17,BAY.BK,35.25,35.25,34.75,35.0,30.32282257080078,560100.0
2021-03-18,BAY.BK,35.25,37.5,35.0,37.25,32.27214050292969,6399200.0
2021-03-19,BAY.BK,37.5,37.75,36.5,37.75,32.7053337097168,4242300.0
2021-03-22,BAY.BK,37.75,38.5,37.0,38.0,32.92191696166992,2615300.0
2021-03-23,BAY.BK,38.0,38.0,37.0,37.0,32.05554962158203,1168700.0
2021-03-24,BAY.BK,36.75,37.0,36.25,36.25,31.405780792236328,1036400.0
2021-03-25,BAY.BK,36.75,37.25,36.25,36.25,31.405780792236328,1553700.0
2021-03-26,BAY.BK,36.5,37.75,36.25,37.0,32.05554962158203,1188200.0
2021-03-29,BAY.BK,37.0,38.5,37.0,38.5,33.3551025390625,2417500.0
2021-03-30,BAY.BK,39.0,39.0,37.75,38.0,32.92191696166992,1446300.0
2021-03-31,BAY.BK,37.75,38.25,37.5,37.5,32.48873519897461,558800.0
2021-04-01,BAY.BK,37.75,38.75,37.75,38.25,33.138511657714844,1522500.0
2021-04-02,BAY.BK,38.5,38.75,37.0,37.25,32.27214050292969,2133000.0
2021-04-05,BAY.BK,37.5,38.0,36.75,37.25,32.27214050292969,1150800.0
2021-04-07,BAY.BK,36.5,37.25,36.25,37.0,32.05554962158203,1146900.0
2021-04-08,BAY.BK,37.0,37.0,36.5,36.75,31.838964462280273,620100.0
2021-04-09,BAY.BK,36.75,37.5,36.5,37.25,32.27214050292969,781000.0
2021-04-12,BAY.BK,36.75,36.75,35.25,35.5,30.756004333496094,1537900.0
2021-04-16,BAY.BK,35.0,39.25,34.5,36.5,31.622365951538086,9488200.0
2021-04-19,BAY.BK,36.75,37.75,36.5,37.0,32.05554962158203,2626900.0
2021-04-20,BAY.BK,37.25,39.25,37.0,38.75,33.57169723510742,8848100.0
2021-04-21,BAY.BK,39.0,39.5,38.0,38.5,33.3551025390625,3901400.0
2021-04-22,BAY.BK,39.0,39.5,38.5,38.5,33.3551025390625,2848600.0
2021-04-23,BAY.BK,38.25,38.5,37.0,37.0,32.05554962158203,1593300.0
2021-04-26,BAY.BK,37.25,38.0,36.75,37.25,32.27214050292969,1062000.0
2021-04-27,BAY.BK,37.25,37.5,36.75,37.25,32.27214050292969,910400.0
2021-04-28,BAY.BK,37.25,37.25,36.5,37.0,32.05554962158203,833600.0
2021-04-29,BAY.BK,37.25,37.75,36.75,36.75,31.838964462280273,1954700.0
2021-04-30,BAY.BK,37.25,37.75,37.0,37.5,32.48873519897461,1019500.0
2021-05-05,BAY.BK,37.75,37.75,36.75,37.0,32.05554962158203,1452900.0
2021-05-06,BAY.BK,37.0,37.5,36.75,37.5,32.48873519897461,649600.0
2021-05-07,BAY.BK,37.75,38.75,36.75,37.5,32.48873519897461,5416500.0
2021-05-10,BAY.BK,37.25,37.5,35.5,35.5,31.045766830444336,3434300.0
2021-05-11,BAY.BK,35.25,35.25,32.75,33.0,28.85944366455078,4527200.0
2021-05-12,BAY.BK,32.0,33.0,31.75,32.5,28.422178268432617,1655800.0
2021-05-13,BAY.BK,32.25,33.5,31.0,31.75,27.76628303527832,2938900.0
2021-05-14,BAY.BK,32.5,32.75,31.75,32.0,27.984914779663086,777900.0
2021-05-17,BAY.BK,31.75,32.5,31.5,32.5,28.422178268432617,623700.0
2021-05-18,BAY.BK,32.75,33.5,32.5,33.5,29.29670524597168,899600.0
2021-05-19,BAY.BK,33.25,33.5,32.75,33.0,28.85944366455078,648900.0
2021-05-20,BAY.BK,33.0,33.25,32.75,32.75,28.640811920166016,213800.0
2021-05-21,BAY.BK,32.75,32.75,32.0,32.25,28.203542709350586,357900.0
2021-05-24,BAY.BK,32.25,32.5,31.75,32.0,27.984914779663086,247500.0
2021-05-25,BAY.BK,32.0,32.5,31.5,31.5,27.547651290893555,854100.0
2021-05-27,BAY.BK,31.5,32.5,31.5,31.75,27.76628303527832,733200.0
2021-05-28,BAY.BK,32.25,32.5,31.75,32.0,27.984914779663086,791700.0
2021-05-31,BAY.BK,32.0,32.5,31.75,32.5,28.422178268432617,775800.0
2021-06-01,BAY.BK,32.75,33.0,32.25,32.75,28.640811920166016,999300.0
2021-06-02,BAY.BK,32.75,32.75,32.25,32.75,28.640811920166016,658300.0
2021-06-04,BAY.BK,32.75,33.0,32.5,32.75,28.640811920166016,390200.0
2021-06-07,BAY.BK,32.5,32.75,31.75,32.0,27.984914779663086,1362600.0
2021-06-08,BAY.BK,32.25,33.75,31.75,33.75,29.51534080505371,3377600.0
2021-06-09,BAY.BK,33.75,34.0,33.5,33.75,29.51534080505371,788900.0
2021-06-10,BAY.BK,34.0,34.25,33.5,33.5,29.29670524597168,776300.0
2021-06-11,BAY.BK,33.75,34.75,33.5,34.5,30.171234130859375,1650300.0
2021-06-14,BAY.BK,34.5,34.75,34.0,34.25,29.952606201171875,768600.0
2021-06-15,BAY.BK,34.25,34.5,33.75,34.5,30.171234130859375,881600.0
2021-06-16,BAY.BK,34.25,34.25,33.25,33.5,29.29670524597168,1077000.0
2021-06-17,BAY.BK,33.25,33.5,32.5,33.0,28.85944366455078,866200.0
2021-06-18,BAY.BK,32.5,33.0,32.25,32.5,28.422178268432617,376100.0
2021-06-21,BAY.BK,32.0,32.25,31.5,31.5,27.547651290893555,1158400.0
2021-06-22,BAY.BK,32.0,32.25,31.75,32.25,28.203542709350586,518300.0
2021-06-23,BAY.BK,32.25,32.25,31.5,31.75,27.76628303527832,356500.0
2021-06-24,BAY.BK,31.75,31.75,30.75,31.0,27.11038589477539,2386600.0
2021-06-25,BAY.BK,31.0,31.25,30.75,31.25,27.329021453857422,728000.0
2021-06-28,BAY.BK,30.75,31.25,30.75,30.75,26.891756057739258,456100.0
2021-06-29,BAY.BK,31.0,31.25,31.0,31.25,27.329021453857422,341200.0
2021-06-30,BAY.BK,31.5,31.75,31.25,31.25,27.329021453857422,563600.0
2021-07-01,BAY.BK,31.25,31.75,31.25,31.75,27.76628303527832,744100.0
2021-07-02,BAY.BK,31.75,31.75,31.0,31.0,27.11038589477539,423500.0
2021-07-05,BAY.BK,31.0,31.25,30.75,31.0,27.11038589477539,387200.0
2021-07-06,BAY.BK,31.25,31.5,30.75,31.5,27.547651290893555,716500.0
2021-07-07,BAY.BK,31.5,31.5,30.75,31.0,27.11038589477539,374300.0
2021-07-08,BAY.BK,30.75,30.75,29.5,29.75,26.017223358154297,1041900.0
2021-07-09,BAY.BK,29.5,30.25,29.0,30.0,26.235858917236328,552600.0
2021-07-12,BAY.BK,30.25,30.5,29.75,30.0,26.235858917236328,363600.0
2021-07-13,BAY.BK,30.0,30.75,30.0,30.75,26.891756057739258,157300.0
2021-07-14,BAY.BK,30.75,30.75,30.25,30.75,26.891756057739258,181300.0
2021-07-15,BAY.BK,31.0,31.5,30.5,31.0,27.11038589477539,226200.0
2021-07-16,BAY.BK,31.0,31.25,30.5,31.0,27.11038589477539,140900.0
2021-07-19,BAY.BK,30.5,30.75,29.75,29.75,26.017223358154297,856300.0
2021-07-20,BAY.BK,29.75,30.0,28.5,29.25,25.5799617767334,1622100.0
2021-07-21,BAY.BK,30.25,30.5,29.0,29.5,25.798595428466797,2143400.0
2021-07-22,BAY.BK,30.0,30.75,29.75,30.0,26.235858917236328,1359400.0
2021-07-23,BAY.BK,30.25,30.25,29.5,30.0,26.235858917236328,373000.0
2021-07-27,BAY.BK,30.25,30.25,29.5,29.5,25.798595428466797,308100.0
2021-07-29,BAY.BK,29.5,29.5,28.75,28.75,25.1426944732666,1074000.0
2021-07-30,BAY.BK,29.0,29.25,28.0,28.25,24.70543098449707,933300.0
2021-08-02,BAY.BK,28.25,28.5,27.75,28.0,24.486797332763672,912800.0
2021-08-03,BAY.BK,27.75,28.75,27.75,28.25,24.70543098449707,1863200.0
2021-08-04,BAY.BK,28.5,29.25,28.0,28.75,25.1426944732666,899200.0
2021-08-05,BAY.BK,28.75,28.75,28.0,28.25,24.70543098449707,1709000.0
2021-08-06,BAY.BK,28.5,28.5,28.0,28.25,24.70543098449707,554300.0
2021-08-09,BAY.BK,28.25,29.25,28.0,29.25,25.5799617767334,801500.0
2021-08-10,BAY.BK,29.25,29.25,28.25,28.25,24.70543098449707,687600.0
2021-08-11,BAY.BK,28.25,28.75,27.75,27.75,24.268169403076172,1051100.0
2021-08-13,BAY.BK,28.0,28.0,27.5,27.5,24.04953384399414,2174100.0
2021-08-16,BAY.BK,27.75,27.75,27.25,27.5,24.04953384399414,1360000.0
2021-08-17,BAY.BK,27.75,28.0,27.5,28.0,24.486797332763672,1987200.0
2021-08-18,BAY.BK,28.25,28.25,27.75,28.25,24.70543098449707,704200.0
2021-08-19,BAY.BK,28.0,28.25,27.75,28.0,24.486797332763672,307400.0
2021-08-20,BAY.BK,28.0,28.75,28.0,28.5,24.924062728881836,1349800.0
2021-08-23,BAY.BK,29.0,29.75,28.75,29.75,26.017223358154297,1875000.0
2021-08-24,BAY.BK,30.0,30.0,29.5,29.5,25.798595428466797,1148600.0
2021-08-25,BAY.BK,29.75,30.5,29.75,30.0,26.235858917236328,2231400.0
2021-08-26,BAY.BK,30.25,31.75,30.0,31.25,27.329021453857422,4825700.0
2021-08-27,BAY.BK,31.25,32.0,31.0,31.5,27.547651290893555,1671500.0
2021-08-30,BAY.BK,32.0,32.0,31.5,32.0,27.984914779663086,2651000.0
2021-08-31,BAY.BK,32.0,32.5,31.5,32.0,27.984914779663086,2515500.0
2021-09-01,BAY.BK,32.0,32.25,31.5,31.5,27.547651290893555,1319100.0
2021-09-02,BAY.BK,31.25,32.0,31.0,32.0,27.984914779663086,730900.0
2021-09-03,BAY.BK,32.0,32.25,31.75,32.0,27.984914779663086,1181700.0
2021-09-06,BAY.BK,32.0,32.5,32.0,32.25,28.203542709350586,1782800.0
2021-09-07,BAY.BK,31.75,32.0,30.75,31.0,27.450862884521484,1604400.0
2021-09-08,BAY.BK,30.75,31.0,30.25,30.5,27.00810432434082,945600.0
2021-09-09,BAY.BK,30.5,33.25,30.5,32.25,28.557748794555664,4183500.0
2021-09-10,BAY.BK,32.5,32.5,31.75,32.5,28.779129028320312,946500.0
2021-09-13,BAY.BK,32.75,32.75,31.75,32.25,28.557748794555664,984200.0
2021-09-14,BAY.BK,32.5,32.5,31.25,31.5,27.893619537353516,1785800.0
2021-09-15,BAY.BK,31.75,32.0,31.5,32.0,28.336374282836914,671300.0
2021-09-16,BAY.BK,32.0,32.0,31.5,31.75,28.11499786376953,804900.0
2021-09-17,BAY.BK,31.75,32.0,30.75,30.75,27.2294864654541,1989900.0
2021-09-20,BAY.BK,30.75,31.5,30.75,31.0,27.450862884521484,1337200.0
2021-09-21,BAY.BK,30.75,31.5,30.5,31.25,27.672243118286133,464600.0
2021-09-22,BAY.BK,31.25,31.75,31.25,31.5,27.893619537353516,359200.0
2021-09-23,BAY.BK,32.25,33.0,31.5,32.75,29.00050926208496,5149300.0
2021-09-27,BAY.BK,33.0,36.0,32.75,33.75,29.88602066040039,15421000.0
2021-09-28,BAY.BK,33.75,34.0,32.75,33.0,29.221885681152344,2270000.0
2021-09-29,BAY.BK,32.5,34.0,32.5,33.75,29.88602066040039,3060400.0
2021-09-30,BAY.BK,33.75,33.75,32.5,32.5,28.779129028320312,2495200.0
2021-10-01,BAY.BK,32.5,33.0,32.0,32.5,28.779129028320312,1284100.0
2021-10-04,BAY.BK,32.75,33.0,32.25,32.5,28.779129028320312,719100.0
2021-10-05,BAY.BK,32.5,33.0,32.25,32.5,28.779129028320312,567800.0
2021-10-06,BAY.BK,32.5,32.75,32.0,32.5,28.779129028320312,835200.0
2021-10-07,BAY.BK,32.5,33.5,32.5,33.0,29.221885681152344,1564200.0
2021-10-08,BAY.BK,33.5,33.5,32.75,33.0,29.221885681152344,650500.0
2021-10-11,BAY.BK,33.25,33.25,32.5,32.75,29.00050926208496,1094200.0
2021-10-12,BAY.BK,33.0,33.25,32.25,32.75,29.00050926208496,1388600.0
2021-10-14,BAY.BK,32.75,32.75,32.25,32.5,28.779129028320312,563800.0
2021-10-15,BAY.BK,32.5,33.0,32.25,32.75,29.00050926208496,1054200.0
2021-10-18,BAY.BK,32.75,33.0,32.5,32.75,29.00050926208496,757600.0
2021-10-19,BAY.BK,32.75,33.0,32.25,32.75,29.00050926208496,798300.0
2021-10-20,BAY.BK,32.75,32.75,32.25,32.75,29.00050926208496,332200.0
2021-10-21,BAY.BK,33.0,33.25,32.5,32.75,29.00050926208496,1258300.0
2021-10-25,BAY.BK,32.75,33.0,32.5,32.5,28.779129028320312,259100.0
2021-10-26,BAY.BK,32.75,33.0,32.25,32.75,29.00050926208496,897400.0
2021-10-27,BAY.BK,32.5,32.75,32.25,32.75,29.00050926208496,293600.0
2021-10-28,BAY.BK,32.5,32.5,32.25,32.25,28.557748794555664,291200.0
2021-10-29,BAY.BK,32.25,32.75,32.25,32.5,28.779129028320312,325000.0
2021-11-01,BAY.BK,32.5,32.5,32.0,32.0,28.336374282836914,773700.0
2021-11-02,BAY.BK,32.25,32.5,31.75,32.25,28.557748794555664,911900.0
2021-11-03,BAY.BK,32.5,33.75,32.5,33.75,29.88602066040039,4740100.0
2021-11-04,BAY.BK,34.0,35.0,33.25,34.5,30.550151824951172,6403500.0
2021-11-05,BAY.BK,34.5,34.5,33.75,34.0,30.107398986816406,1719700.0
2021-11-08,BAY.BK,34.0,34.5,33.25,33.5,29.664640426635742,1232600.0
2021-11-09,BAY.BK,33.75,34.25,33.5,34.25,30.328777313232422,702700.0
2021-11-10,BAY.BK,34.0,34.25,33.5,33.75,29.88602066040039,1013300.0
2021-11-11,BAY.BK,33.75,34.0,33.25,33.5,29.664640426635742,640800.0
2021-11-12,BAY.BK,33.75,34.0,33.25,33.5,29.664640426635742,625200.0
2021-11-15,BAY.BK,33.5,34.5,33.5,34.25,30.328777313232422,1722200.0
2021-11-16,BAY.BK,34.5,35.75,34.25,35.5,31.435667037963867,6873500.0
2021-11-17,BAY.BK,35.75,37.0,35.25,36.0,31.878421783447266,13420100.0
2021-11-18,BAY.BK,35.75,36.25,35.5,36.25,32.099796295166016,4822100.0
2021-11-19,BAY.BK,36.25,36.5,35.0,35.75,31.657045364379883,5198800.0
2021-11-22,BAY.BK,35.5,35.75,35.25,35.5,31.435667037963867,1093200.0
2021-11-23,BAY.BK,35.5,35.75,34.5,34.75,30.771533966064453,2438900.0
2021-11-24,BAY.BK,35.0,36.0,35.0,35.5,31.435667037963867,2267400.0
2021-11-25,BAY.BK,35.75,36.0,35.25,35.5,31.435667037963867,1617500.0
2021-11-26,BAY.BK,35.5,35.5,34.0,34.0,30.107398986816406,3623600.0
2021-11-29,BAY.BK,34.25,34.25,33.25,33.5,29.664640426635742,2547600.0
2021-11-30,BAY.BK,34.0,34.5,32.5,33.0,29.221885681152344,2600300.0
2021-12-01,BAY.BK,33.25,34.25,32.5,34.0,30.107398986816406,2462300.0
2021-12-02,BAY.BK,33.25,35.25,33.25,34.75,30.771533966064453,2609300.0
2021-12-03,BAY.BK,34.75,35.5,34.25,35.0,30.99290657043457,1612900.0
2021-12-07,BAY.BK,35.25,36.75,34.75,36.5,32.32117462158203,7756900.0
2021-12-08,BAY.BK,37.0,37.0,35.5,35.5,31.435667037963867,5879500.0
2021-12-09,BAY.BK,35.5,36.25,35.5,35.5,31.435667037963867,2860300.0
2021-12-13,BAY.BK,35.0,35.75,35.0,35.5,31.435667037963867,1864000.0
2021-12-14,BAY.BK,35.75,35.75,34.5,35.25,31.214290618896484,2729000.0
2021-12-15,BAY.BK,35.25,35.25,35.0,35.0,30.99290657043457,507900.0
2021-12-16,BAY.BK,35.25,36.0,35.25,35.75,31.657045364379883,3138300.0
2021-12-17,BAY.BK,35.75,36.0,35.25,35.75,31.657045364379883,1251000.0
2021-12-20,BAY.BK,35.25,35.5,34.75,35.25,31.214290618896484,1276200.0
2021-12-21,BAY.BK,35.25,35.5,34.75,34.75,30.771533966064453,651400.0
2021-12-22,BAY.BK,35.0,35.0,34.75,34.75,30.771533966064453,358300.0
2021-12-23,BAY.BK,34.75,35.25,34.75,35.25,31.214290618896484,656200.0
2021-12-24,BAY.BK,35.25,35.25,34.5,34.5,30.550151824951172,805200.0
2021-12-27,BAY.BK,34.5,34.75,34.0,34.0,30.107398986816406,740500.0
2021-12-28,BAY.BK,34.0,34.75,34.0,34.5,30.550151824951172,775500.0
2021-12-29,BAY.BK,34.5,35.0,34.5,35.0,30.99290657043457,454600.0
2021-12-30,BAY.BK,35.0,35.5,34.5,35.5,31.435667037963867,1687200.0
2022-01-04,BAY.BK,35.5,36.0,35.25,35.5,31.435667037963867,1916700.0
2022-01-05,BAY.BK,35.75,36.5,35.25,36.25,32.099796295166016,2882000.0
2022-01-06,BAY.BK,36.25,37.75,35.75,36.75,32.54254913330078,8500600.0
2022-01-07,BAY.BK,37.0,38.25,36.75,38.25,33.87081527709961,7214400.0
2022-01-10,BAY.BK,38.25,38.5,37.25,38.25,33.87081527709961,2586000.0
2022-01-11,BAY.BK,38.25,38.25,37.5,37.75,33.42806625366211,1249000.0
2022-01-12,BAY.BK,38.0,38.0,37.25,37.25,32.98530578613281,1197000.0
2022-01-13,BAY.BK,37.25,39.25,37.25,38.5,34.092201232910156,5887400.0
2022-01-14,BAY.BK,37.0,37.75,36.75,37.0,32.76393508911133,4953900.0
2022-01-17,BAY.BK,37.0,37.25,36.25,37.25,32.98530578613281,1025500.0
2022-01-18,BAY.BK,37.25,37.5,36.25,36.75,32.54254913330078,1856800.0
2022-01-19,BAY.BK,36.5,36.5,35.75,36.5,32.32117462158203,1127300.0
2022-01-20,BAY.BK,36.5,36.75,35.75,35.75,31.657045364379883,1665400.0
2022-01-21,BAY.BK,36.0,36.25,35.75,36.25,32.099796295166016,642800.0
2022-01-24,BAY.BK,36.0,36.25,35.75,36.25,32.099796295166016,576500.0
2022-01-25,BAY.BK,36.0,36.5,35.5,36.25,32.099796295166016,923400.0
2022-01-26,BAY.BK,36.5,37.25,36.25,37.0,32.76393508911133,1821600.0
2022-01-27,BAY.BK,37.0,37.0,36.0,36.5,32.32117462158203,1190600.0
2022-01-28,BAY.BK,36.5,36.75,35.75,36.5,32.32117462158203,1226000.0
2022-01-31,BAY.BK,36.5,36.75,36.0,36.75,32.54254913330078,617300.0
2022-02-01,BAY.BK,36.75,37.0,36.5,36.5,32.32117462158203,771500.0
2022-02-02,BAY.BK,36.5,36.75,36.25,36.25,32.099796295166016,340300.0
2022-02-03,BAY.BK,36.25,36.5,36.0,36.5,32.32117462158203,707300.0
2022-02-04,BAY.BK,36.5,36.5,36.0,36.25,32.099796295166016,717900.0
2022-02-07,BAY.BK,36.25,36.5,35.75,36.0,31.878421783447266,955300.0
2022-02-08,BAY.BK,36.0,36.5,35.75,36.0,31.878421783447266,1157600.0
2022-02-09,BAY.BK,36.25,37.5,36.25,37.25,32.98530578613281,6554300.0
2022-02-10,BAY.BK,37.25,37.75,36.75,37.0,32.76393508911133,2855700.0
2022-02-11,BAY.BK,37.0,37.75,36.75,37.25,32.98530578613281,1947200.0
2022-02-14,BAY.BK,37.0,37.25,36.25,36.5,32.32117462158203,1231100.0
2022-02-15,BAY.BK,36.75,36.75,36.0,36.5,32.32117462158203,572600.0
2022-02-17,BAY.BK,36.5,37.5,36.5,36.75,32.54254913330078,1552200.0
2022-02-18,BAY.BK,36.75,36.75,36.25,36.75,32.54254913330078,1015700.0
2022-02-21,BAY.BK,36.5,36.5,35.5,35.5,31.435667037963867,1405400.0
2022-02-22,BAY.BK,35.25,35.5,35.0,35.0,30.99290657043457,1261600.0
2022-02-23,BAY.BK,35.25,35.75,35.25,35.75,31.657045364379883,672000.0
2022-02-24,BAY.BK,35.75,35.75,34.25,34.75,30.771533966064453,2674900.0
2022-02-25,BAY.BK,35.0,35.25,34.25,34.5,30.550151824951172,1928900.0
2022-02-28,BAY.BK,34.25,34.5,33.75,34.25,30.328777313232422,1766600.0
2022-03-01,BAY.BK,34.5,35.25,34.25,35.25,31.214290618896484,1250900.0
2022-03-02,BAY.BK,35.0,35.0,34.25,34.5,30.550151824951172,1308400.0
2022-03-03,BAY.BK,35.0,35.75,34.75,34.75,30.771533966064453,1692500.0
2022-03-04,BAY.BK,34.75,35.25,34.5,35.0,30.99290657043457,489500.0
2022-03-07,BAY.BK,34.75,34.75,33.5,34.25,30.328777313232422,1422600.0
2022-03-08,BAY.BK,34.25,34.25,33.0,34.0,30.107398986816406,1708000.0
2022-03-09,BAY.BK,34.0,34.5,33.5,34.5,30.550151824951172,731600.0
2022-03-10,BAY.BK,34.75,35.25,34.25,34.5,30.550151824951172,1323400.0
2022-03-11,BAY.BK,34.25,35.0,34.25,34.75,30.771533966064453,1103500.0
2022-03-14,BAY.BK,35.0,35.5,34.75,35.25,31.214290618896484,492700.0
2022-03-15,BAY.BK,35.25,35.5,34.75,35.0,30.99290657043457,692300.0
2022-03-16,BAY.BK,35.0,35.75,35.0,35.5,31.435667037963867,717100.0
2022-03-17,BAY.BK,36.0,36.25,35.25,35.75,31.657045364379883,1039900.0
2022-03-18,BAY.BK,35.5,35.75,35.25,35.75,31.657045364379883,803800.0
2022-03-21,BAY.BK,35.75,35.75,34.5,34.75,30.771533966064453,731300.0
2022-03-22,BAY.BK,34.5,35.25,34.5,35.0,30.99290657043457,989400.0
2022-03-23,BAY.BK,35.0,35.25,35.0,35.25,31.214290618896484,324800.0
2022-03-24,BAY.BK,35.25,35.5,34.5,34.75,30.771533966064453,1031100.0
2022-03-25,BAY.BK,35.0,35.0,34.5,34.75,30.771533966064453,277000.0
2022-03-28,BAY.BK,34.75,35.0,34.5,34.75,30.771533966064453,237400.0
2022-03-29,BAY.BK,34.75,35.0,34.25,34.25,30.328777313232422,855100.0
2022-03-30,BAY.BK,34.75,35.0,34.5,34.5,30.550151824951172,445000.0
2022-03-31,BAY.BK,34.75,35.25,34.5,35.25,31.214290618896484,1537600.0
2022-04-01,BAY.BK,35.25,35.25,34.5,34.75,30.771533966064453,535500.0
2022-04-04,BAY.BK,35.0,35.0,34.25,34.25,30.328777313232422,649800.0
2022-04-05,BAY.BK,34.25,34.5,34.0,34.5,30.550151824951172,927200.0
2022-04-07,BAY.BK,34.5,34.5,34.0,34.25,30.328777313232422,735700.0
2022-04-08,BAY.BK,34.25,34.25,34.0,34.0,30.107398986816406,605500.0
2022-04-11,BAY.BK,34.25,34.25,33.75,34.0,30.107398986816406,331400.0
2022-04-12,BAY.BK,34.0,34.25,33.75,34.0,30.107398986816406,494900.0
2022-04-18,BAY.BK,34.0,34.5,34.0,34.5,30.550151824951172,306600.0
2022-04-19,BAY.BK,34.25,34.5,34.0,34.5,30.550151824951172,409700.0
2022-04-20,BAY.BK,34.5,35.0,34.25,35.0,30.99290657043457,574900.0
2022-04-21,BAY.BK,35.25,35.25,34.75,34.75,30.771533966064453,874800.0
2022-04-22,BAY.BK,34.75,35.0,34.5,34.75,30.771533966064453,440200.0
2022-04-25,BAY.BK,34.5,34.75,34.25,34.5,30.550151824951172,230000.0
2022-04-26,BAY.BK,34.75,35.0,34.5,34.5,30.550151824951172,296500.0
2022-04-27,BAY.BK,34.5,34.5,34.0,34.25,30.328777313232422,316400.0
2022-04-28,BAY.BK,34.25,34.75,34.0,34.75,30.771533966064453,152000.0
2022-04-29,BAY.BK,34.5,35.0,34.25,34.25,30.328777313232422,529400.0
2022-05-03,BAY.BK,34.25,34.75,34.0,34.25,30.328777313232422,399600.0
2022-05-05,BAY.BK,34.5,34.75,34.0,34.0,30.107398986816406,257000.0
2022-05-06,BAY.BK,34.0,34.5,34.0,34.25,30.328777313232422,381700.0
2022-05-09,BAY.BK,34.25,34.5,33.75,34.25,30.328777313232422,705700.0
2022-05-10,BAY.BK,33.25,33.75,33.25,33.5,30.05958366394043,659300.0
2022-05-11,BAY.BK,33.75,33.75,33.0,33.75,30.283912658691406,399300.0
2022-05-12,BAY.BK,33.5,33.75,32.25,33.25,29.83526039123535,874800.0
2022-05-13,BAY.BK,33.5,33.5,32.25,32.5,29.16228675842285,407200.0
2022-05-17,BAY.BK,32.75,32.75,32.5,32.5,29.16228675842285,371500.0
2022-05-18,BAY.BK,32.75,33.0,32.5,32.75,29.386608123779297,158100.0
2022-05-19,BAY.BK,32.5,33.0,32.5,32.5,29.16228675842285,137100.0
2022-05-20,BAY.BK,32.5,33.0,32.5,32.75,29.386608123779297,134100.0
2022-05-23,BAY.BK,32.75,33.25,32.5,33.0,29.61093521118164,364600.0
2022-05-24,BAY.BK,33.0,33.25,32.5,32.5,29.16228675842285,586000.0
2022-05-25,BAY.BK,32.75,33.25,32.5,32.75,29.386608123779297,320500.0
2022-05-26,BAY.BK,32.75,33.5,32.75,33.5,30.05958366394043,853600.0
2022-05-27,BAY.BK,33.5,33.75,33.25,33.25,29.83526039123535,240600.0
2022-05-30,BAY.BK,33.75,34.0,33.25,33.25,29.83526039123535,565200.0
2022-05-31,BAY.BK,33.5,33.5,33.0,33.0,29.61093521118164,378400.0
2022-06-01,BAY.BK,33.25,33.5,32.75,33.5,30.05958366394043,664600.0
2022-06-02,BAY.BK,33.5,34.0,33.0,33.5,30.05958366394043,319100.0
2022-06-06,BAY.BK,33.75,33.75,33.0,33.0,29.61093521118164,107400.0
2022-06-07,BAY.BK,33.0,33.25,32.5,32.5,29.16228675842285,587400.0
2022-06-08,BAY.BK,32.5,33.0,32.5,32.75,29.386608123779297,163400.0
2022-06-09,BAY.BK,32.5,33.5,32.25,33.25,29.83526039123535,1862700.0
2022-06-10,BAY.BK,33.0,33.0,32.5,32.5,29.16228675842285,1137300.0
2022-06-13,BAY.BK,32.5,32.5,31.75,32.25,28.937955856323242,681800.0
2022-06-14,BAY.BK,32.0,32.5,31.75,31.75,28.48931121826172,1252100.0
2022-06-15,BAY.BK,32.0,32.25,31.25,31.5,28.264984130859375,1507400.0
2022-06-16,BAY.BK,32.0,32.25,31.0,31.25,28.040658950805664,1584500.0
2022-06-17,BAY.BK,31.0,32.0,30.75,32.0,28.713632583618164,948100.0
2022-06-20,BAY.BK,32.0,32.25,31.5,32.0,28.713632583618164,170100.0
2022-06-21,BAY.BK,32.0,32.5,31.75,32.5,29.16228675842285,341100.0
2022-06-22,BAY.BK,32.25,32.5,31.75,32.5,29.16228675842285,476800.0
2022-06-23,BAY.BK,32.25,32.25,31.75,31.75,28.48931121826172,318200.0
2022-06-24,BAY.BK,32.0,32.25,31.75,32.0,28.713632583618164,263900.0
2022-06-27,BAY.BK,32.25,32.25,32.0,32.25,28.937955856323242,79600.0
2022-06-28,BAY.BK,32.25,32.5,31.75,32.0,28.713632583618164,286700.0
2022-06-29,BAY.BK,31.75,32.25,31.75,32.0,28.713632583618164,145800.0
2022-06-30,BAY.BK,32.25,32.75,32.0,32.25,28.937955856323242,535600.0
2022-07-01,BAY.BK,32.5,32.5,32.0,32.25,28.937955856323242,391500.0
2022-07-04,BAY.BK,32.25,32.5,32.0,32.5,29.16228675842285,410300.0
2022-07-05,BAY.BK,32.25,32.5,32.0,32.0,28.713632583618164,568700.0
2022-07-06,BAY.BK,32.0,32.5,31.75,32.0,28.713632583618164,488000.0
2022-07-07,BAY.BK,32.0,32.25,31.75,32.0,28.713632583618164,392600.0
2022-07-08,BAY.BK,32.25,32.5,32.0,32.5,29.16228675842285,686800.0
2022-07-11,BAY.BK,32.5,32.75,32.25,32.5,29.16228675842285,209400.0
2022-07-12,BAY.BK,32.25,32.5,32.0,32.0,28.713632583618164,53300.0
2022-07-14,BAY.BK,32.0,32.25,32.0,32.25,28.937955856323242,415800.0
2022-07-15,BAY.BK,32.0,32.25,30.75,31.5,28.264984130859375,1259800.0
2022-07-18,BAY.BK,31.75,31.75,31.25,31.25,28.040658950805664,408800.0
2022-07-19,BAY.BK,31.5,31.75,30.75,31.25,28.040658950805664,283200.0
2022-07-20,BAY.BK,31.5,31.5,30.25,30.5,27.3676815032959,756600.0
2022-07-21,BAY.BK,30.5,31.0,30.0,31.0,27.816333770751953,730300.0
2022-07-22,BAY.BK,31.0,31.5,30.75,31.25,28.040658950805664,393800.0
2022-07-25,BAY.BK,31.25,31.75,31.0,31.5,28.264984130859375,346000.0
2022-07-26,BAY.BK,31.5,32.0,31.0,31.25,28.040658950805664,952300.0
2022-07-27,BAY.BK,31.25,31.5,31.0,31.5,28.264984130859375,169100.0
2022-08-01,BAY.BK,31.5,32.5,31.25,32.5,29.16228675842285,572500.0
2022-08-02,BAY.BK,32.25,32.25,31.5,31.5,28.264984130859375,837300.0
2022-08-03,BAY.BK,31.5,31.75,31.25,31.75,28.48931121826172,459600.0
2022-08-04,BAY.BK,31.75,32.25,31.5,32.0,28.713632583618164,408600.0
2022-08-05,BAY.BK,32.25,32.25,31.75,32.0,28.713632583618164,80100.0
2022-08-08,BAY.BK,32.0,32.25,31.75,32.0,28.713632583618164,167700.0
2022-08-09,BAY.BK,32.0,33.25,32.0,33.25,29.83526039123535,1907500.0
2022-08-10,BAY.BK,33.5,33.75,33.0,33.0,29.61093521118164,1043300.0
2022-08-11,BAY.BK,33.25,33.25,32.25,32.5,29.16228675842285,744900.0
2022-08-15,BAY.BK,32.5,33.0,32.5,32.5,29.16228675842285,240000.0
2022-08-16,BAY.BK,32.75,32.75,32.25,32.5,29.16228675842285,436500.0
2022-08-17,BAY.BK,32.5,33.25,32.5,33.25,29.83526039123535,695400.0
2022-08-18,BAY.BK,33.25,33.5,33.0,33.25,29.83526039123535,355500.0
2022-08-19,BAY.BK,33.25,33.25,32.75,32.75,29.386608123779297,281900.0
2022-08-22,BAY.BK,32.75,33.0,32.25,32.25,28.937955856323242,289200.0
2022-08-23,BAY.BK,32.25,32.75,32.0,32.5,29.16228675842285,475200.0
2022-08-24,BAY.BK,32.5,32.75,32.25,32.5,29.16228675842285,319600.0
2022-08-25,BAY.BK,32.75,33.25,32.5,33.25,29.83526039123535,556500.0
2022-08-26,BAY.BK,33.5,33.5,32.75,32.75,29.386608123779297,687900.0
2022-08-29,BAY.BK,32.5,33.0,32.25,32.75,29.386608123779297,233400.0
2022-08-30,BAY.BK,33.0,33.0,32.25,32.75,29.386608123779297,457200.0
2022-08-31,BAY.BK,32.75,33.0,32.5,32.5,29.16228675842285,345100.0
2022-09-01,BAY.BK,32.75,32.75,32.0,32.75,29.386608123779297,719100.0
2022-09-02,BAY.BK,32.75,32.75,32.25,32.75,29.386608123779297,378600.0
2022-09-05,BAY.BK,32.5,32.75,32.25,32.5,29.16228675842285,676400.0
2022-09-06,BAY.BK,32.0,32.25,32.0,32.25,29.298555374145508,308500.0
2022-09-07,BAY.BK,32.25,32.25,31.5,32.0,29.071435928344727,478300.0
2022-09-08,BAY.BK,32.0,32.25,31.75,32.0,29.071435928344727,127700.0
2022-09-09,BAY.BK,31.75,32.0,31.75,31.75,28.844318389892578,311300.0
2022-09-12,BAY.BK,32.0,32.0,31.5,32.0,29.071435928344727,629300.0
2022-09-13,BAY.BK,32.0,32.25,31.75,31.75,28.844318389892578,471100.0
2022-09-14,BAY.BK,31.5,32.0,31.5,31.75,28.844318389892578,380000.0
2022-09-15,BAY.BK,32.0,32.0,31.5,31.5,28.61719512939453,338000.0
2022-09-16,BAY.BK,31.5,31.75,31.25,31.25,28.390073776245117,303800.0
2022-09-19,BAY.BK,31.5,31.5,31.0,31.5,28.61719512939453,279500.0
2022-09-20,BAY.BK,31.5,31.75,31.25,31.5,28.61719512939453,336100.0
2022-09-21,BAY.BK,31.25,31.5,31.0,31.25,28.390073776245117,168800.0
2022-09-22,BAY.BK,31.25,31.75,31.0,31.25,28.390073776245117,340900.0
2022-09-23,BAY.BK,31.5,32.0,31.5,31.75,28.844318389892578,330400.0
2022-09-26,BAY.BK,31.5,31.75,31.25,31.5,28.61719512939453,267500.0
2022-09-27,BAY.BK,31.25,31.5,30.75,30.75,27.935836791992188,591600.0
2022-09-28,BAY.BK,31.0,31.25,30.5,31.25,28.390073776245117,562500.0
2022-09-29,BAY.BK,31.25,32.0,31.25,31.5,28.61719512939453,697700.0
2022-09-30,BAY.BK,31.25,31.75,31.25,31.5,28.61719512939453,388000.0
2022-10-03,BAY.BK,31.5,31.5,30.5,31.0,28.162954330444336,431200.0
2022-10-04,BAY.BK,31.0,31.25,30.75,31.0,28.162954330444336,583400.0
2022-10-05,BAY.BK,31.25,31.5,31.0,31.5,28.61719512939453,311800.0
2022-10-06,BAY.BK,31.25,31.75,31.25,31.25,28.390073776245117,301200.0
2022-10-07,BAY.BK,31.25,31.5,30.75,31.25,28.390073776245117,575300.0
2022-10-10,BAY.BK,31.0,31.5,30.75,31.5,28.61719512939453,301900.0
2022-10-11,BAY.BK,31.5,31.5,31.0,31.25,28.390073776245117,192400.0
2022-10-12,BAY.BK,31.0,31.5,31.0,31.25,28.390073776245117,223000.0
2022-10-17,BAY.BK,31.5,31.5,31.0,31.5,28.61719512939453,295600.0
2022-10-18,BAY.BK,31.5,31.75,31.25,31.25,28.390073776245117,185400.0
2022-10-19,BAY.BK,31.5,31.75,31.25,31.75,28.844318389892578,344200.0
2022-10-20,BAY.BK,31.5,32.0,31.25,31.5,28.61719512939453,469000.0
2022-10-21,BAY.BK,31.75,31.75,31.5,31.5,28.61719512939453,337900.0
2022-10-25,BAY.BK,31.75,32.0,31.5,31.75,28.844318389892578,485900.0
2022-10-26,BAY.BK,31.75,31.75,31.5,31.75,28.844318389892578,224300.0
2022-10-27,BAY.BK,31.75,32.0,31.5,32.0,29.071435928344727,209300.0
2022-10-28,BAY.BK,32.0,32.0,31.5,31.5,28.61719512939453,211500.0
2022-10-31,BAY.BK,31.75,32.0,31.75,31.75,28.844318389892578,348400.0
2022-11-01,BAY.BK,31.75,32.25,31.5,31.5,28.61719512939453,1639400.0
2022-11-02,BAY.BK,31.75,32.0,31.25,31.25,28.390073776245117,1176500.0
2022-11-03,BAY.BK,31.25,31.75,31.25,31.25,28.390073776245117,1192800.0
2022-11-04,BAY.BK,31.25,31.5,31.0,31.5,28.61719512939453,950900.0
2022-11-07,BAY.BK,31.5,32.0,31.25,32.0,29.071435928344727,759000.0
2022-11-08,BAY.BK,32.0,32.0,31.5,32.0,29.071435928344727,674400.0
2022-11-09,BAY.BK,32.0,32.0,31.5,31.75,28.844318389892578,195000.0
2022-11-10,BAY.BK,31.5,32.0,31.25,31.75,28.844318389892578,563400.0
2022-11-11,BAY.BK,31.75,32.0,31.5,31.75,28.844318389892578,614700.0
2022-11-14,BAY.BK,31.5,31.75,30.75,31.0,28.162954330444336,1371000.0
2022-11-15,BAY.BK,31.0,31.75,31.0,31.5,28.61719512939453,424800.0
2022-11-16,BAY.BK,31.5,31.75,31.25,31.5,28.61719512939453,115200.0
2022-11-17,BAY.BK,31.25,31.5,31.0,31.25,28.390073776245117,225800.0
2022-11-18,BAY.BK,31.25,31.5,31.0,31.25,28.390073776245117,295200.0
2022-11-21,BAY.BK,31.25,31.25,30.75,30.75,27.935836791992188,897900.0
2022-11-22,BAY.BK,30.75,31.25,30.75,31.0,28.162954330444336,231400.0
2022-11-23,BAY.BK,31.0,31.0,30.75,30.75,27.935836791992188,210100.0
2022-11-24,BAY.BK,31.25,31.25,30.75,30.75,27.935836791992188,1772600.0
2022-11-25,BAY.BK,30.75,31.25,30.5,30.75,27.935836791992188,653900.0
2022-11-28,BAY.BK,30.75,31.0,30.5,30.75,27.935836791992188,206500.0
2022-11-29,BAY.BK,31.0,31.25,30.75,31.0,28.162954330444336,198900.0
2022-11-30,BAY.BK,31.0,31.0,30.75,31.0,28.162954330444336,93400.0
2022-12-01,BAY.BK,31.0,31.25,30.75,30.75,27.935836791992188,385800.0
2022-12-02,BAY.BK,31.0,31.25,30.75,31.0,28.162954330444336,261000.0
2022-12-06,BAY.BK,31.0,31.25,30.75,31.0,28.162954330444336,87200.0
2022-12-07,BAY.BK,31.0,31.25,30.75,31.0,28.162954330444336,125900.0
2022-12-08,BAY.BK,30.75,31.0,30.5,30.75,27.935836791992188,468200.0
2022-12-09,BAY.BK,30.75,30.75,30.5,30.75,27.935836791992188,110200.0
2022-12-13,BAY.BK,31.0,31.0,30.5,30.5,27.708711624145508,524500.0
2022-12-14,BAY.BK,30.5,30.5,30.25,30.25,27.48159408569336,748700.0
2022-12-15,BAY.BK,30.25,30.5,30.0,30.0,27.254474639892578,812500.0
2022-12-16,BAY.BK,30.0,30.0,29.5,29.5,26.800228118896484,1016100.0
2022-12-19,BAY.BK,29.75,30.0,29.25,29.25,26.573110580444336,2021100.0
2022-12-20,BAY.BK,29.5,29.5,28.75,29.0,26.345989227294922,1152300.0
2022-12-21,BAY.BK,29.25,29.5,29.25,29.5,26.800228118896484,177100.0
2022-12-22,BAY.BK,29.5,30.0,29.5,29.75,27.02735137939453,451600.0
2022-12-23,BAY.BK,29.75,30.0,29.5,30.0,27.254474639892578,246100.0
2022-12-26,BAY.BK,30.0,30.0,29.75,30.0,27.254474639892578,101900.0
2022-12-27,BAY.BK,30.0,30.5,30.0,30.25,27.48159408569336,619600.0
2022-12-28,BAY.BK,30.5,30.75,30.25,30.5,27.708711624145508,307800.0
2022-12-29,BAY.BK,30.5,30.75,30.25,30.75,27.935836791992188,196500.0
2022-12-30,BAY.BK,30.75,31.0,30.5,30.75,27.935836791992188,733800.0
2023-01-03,BAY.BK,31.0,31.5,30.75,31.25,28.390073776245117,805800.0
2023-01-04,BAY.BK,31.5,31.5,31.0,31.25,28.390073776245117,616700.0
2023-01-05,BAY.BK,31.5,32.25,31.5,31.5,28.61719512939453,2888600.0
2023-01-06,BAY.BK,31.75,32.0,31.5,31.75,28.844318389892578,487600.0
2023-01-09,BAY.BK,32.0,32.25,32.0,32.25,29.298555374145508,792300.0
2023-01-10,BAY.BK,32.25,32.25,31.75,32.25,29.298555374145508,924400.0
2023-01-11,BAY.BK,32.25,32.25,32.0,32.25,29.298555374145508,683600.0
2023-01-12,BAY.BK,32.25,32.25,32.0,32.0,29.071435928344727,343000.0
2023-01-13,BAY.BK,32.0,32.0,31.75,31.75,28.844318389892578,187300.0
2023-01-16,BAY.BK,31.75,32.25,31.75,31.75,28.844318389892578,592100.0
2023-01-17,BAY.BK,32.0,32.0,31.5,31.5,28.61719512939453,523900.0
2023-01-18,BAY.BK,31.5,31.75,31.25,31.5,28.61719512939453,325700.0
2023-01-19,BAY.BK,31.75,31.75,31.5,31.5,28.61719512939453,191400.0
2023-01-20,BAY.BK,31.5,31.75,31.25,31.25,28.390073776245117,661500.0
2023-01-23,BAY.BK,31.25,31.75,31.25,31.75,28.844318389892578,307300.0
2023-01-24,BAY.BK,32.0,32.75,31.5,32.25,29.298555374145508,1918300.0
2023-01-25,BAY.BK,32.25,32.5,31.75,32.25,29.298555374145508,321400.0
2023-01-26,BAY.BK,32.0,32.25,31.75,31.75,28.844318389892578,587900.0
2023-01-27,BAY.BK,31.75,32.25,31.75,32.25,29.298555374145508,598000.0
2023-01-30,BAY.BK,32.5,32.5,31.75,32.25,29.298555374145508,488100.0
2023-01-31,BAY.BK,32.25,32.25,31.5,31.5,28.61719512939453,573100.0
2023-02-01,BAY.BK,31.75,32.0,31.5,32.0,29.071435928344727,238600.0
2023-02-02,BAY.BK,32.0,32.25,31.75,32.0,29.071435928344727,922600.0
2023-02-03,BAY.BK,32.0,32.0,31.5,32.0,29.071435928344727,416100.0
2023-02-06,BAY.BK,32.0,32.0,31.25,31.25,28.390073776245117,435900.0
2023-02-07,BAY.BK,31.5,31.5,30.75,30.75,27.935836791992188,844600.0
2023-02-08,BAY.BK,31.0,31.25,30.5,30.75,27.935836791992188,910800.0
2023-02-09,BAY.BK,30.5,30.75,30.25,30.5,27.708711624145508,448400.0
2023-02-10,BAY.BK,30.5,31.0,30.5,31.0,28.162954330444336,271300.0
2023-02-13,BAY.BK,31.0,31.0,30.5,31.0,28.162954330444336,129500.0
2023-02-14,BAY.BK,31.0,31.25,30.25,30.25,27.48159408569336,1323800.0
2023-02-15,BAY.BK,30.25,30.25,30.0,30.25,27.48159408569336,169600.0
2023-02-16,BAY.BK,30.25,30.25,29.75,29.75,27.02735137939453,1346000.0
2023-02-17,BAY.BK,30.0,30.25,29.5,30.0,27.254474639892578,767800.0
2023-02-20,BAY.BK,30.0,30.25,30.0,30.0,27.254474639892578,188500.0
2023-02-21,BAY.BK,30.25,30.25,29.75,30.0,27.254474639892578,340900.0
2023-02-22,BAY.BK,30.25,30.25,29.5,29.75,27.02735137939453,260200.0
2023-02-23,BAY.BK,29.75,29.75,29.5,29.75,27.02735137939453,709000.0
2023-02-24,BAY.BK,29.75,29.75,29.5,29.75,27.02735137939453,518200.0
2023-02-27,BAY.BK,29.75,29.75,29.25,29.5,26.800228118896484,572500.0
2023-02-28,BAY.BK,29.75,29.75,29.25,29.75,27.02735137939453,359400.0
2023-03-01,BAY.BK,29.75,29.75,29.25,29.5,26.800228118896484,251300.0
2023-03-02,BAY.BK,29.5,29.5,29.0,29.5,26.800228118896484,922800.0
2023-03-03,BAY.BK,29.5,29.75,29.25,29.25,26.573110580444336,373800.0
2023-03-07,BAY.BK,29.75,29.75,29.25,29.5,26.800228118896484,275700.0
2023-03-08,BAY.BK,29.5,29.75,29.25,29.25,26.573110580444336,289000.0
2023-03-09,BAY.BK,29.25,29.75,29.25,29.75,27.02735137939453,351500.0
2023-03-10,BAY.BK,29.5,29.75,29.25,29.5,26.800228118896484,650200.0
2023-03-13,BAY.BK,29.25,29.25,28.75,29.0,26.345989227294922,1005600.0
2023-03-14,BAY.BK,28.25,28.75,28.0,28.25,25.664627075195312,1218600.0
2023-03-15,BAY.BK,28.75,29.0,28.5,28.75,26.118867874145508,513000.0
2023-03-16,BAY.BK,28.5,28.5,28.0,28.5,25.891746520996094,872000.0
2023-03-17,BAY.BK,28.5,28.75,28.5,28.75,26.118867874145508,487200.0
2023-03-20,BAY.BK,28.5,28.75,28.0,28.5,25.891746520996094,427200.0
2023-03-21,BAY.BK,28.5,28.5,28.25,28.25,25.664627075195312,239900.0
2023-03-22,BAY.BK,28.5,28.75,28.5,28.75,26.118867874145508,243200.0
2023-03-23,BAY.BK,28.5,29.0,28.5,28.75,26.118867874145508,187500.0
2023-03-24,BAY.BK,29.0,29.0,28.5,29.0,26.345989227294922,178000.0
2023-03-27,BAY.BK,29.0,29.0,28.5,28.75,26.118867874145508,255800.0
2023-03-28,BAY.BK,28.75,29.5,28.75,29.0,26.345989227294922,289200.0
2023-03-29,BAY.BK,29.25,29.5,29.0,29.5,26.800228118896484,345100.0
2023-03-30,BAY.BK,29.5,29.5,29.0,29.0,26.345989227294922,180200.0
2023-03-31,BAY.BK,29.25,29.5,29.0,29.0,26.345989227294922,102600.0
2023-04-03,BAY.BK,29.5,29.5,29.0,29.5,26.800228118896484,187100.0
2023-04-04,BAY.BK,29.5,29.5,29.25,29.25,26.573110580444336,197700.0
2023-04-05,BAY.BK,29.5,29.5,29.0,29.25,26.573110580444336,314600.0
2023-04-07,BAY.BK,29.25,29.5,29.0,29.25,26.573110580444336,615300.0
2023-04-10,BAY.BK,29.25,29.5,29.0,29.25,26.573110580444336,180000.0
2023-04-11,BAY.BK,29.25,29.5,29.0,29.0,26.345989227294922,741000.0
2023-04-12,BAY.BK,29.0,29.5,29.0,29.25,26.573110580444336,195700.0
2023-04-17,BAY.BK,29.25,30.0,29.25,30.0,27.254474639892578,487200.0
2023-04-18,BAY.BK,30.0,30.0,29.5,29.75,27.02735137939453,321300.0
2023-04-19,BAY.BK,29.75,30.0,29.5,29.75,27.02735137939453,107400.0
2023-04-20,BAY.BK,29.75,29.75,29.5,29.75,27.02735137939453,282800.0
2023-04-21,BAY.BK,30.0,30.0,29.75,29.75,27.02735137939453,242300.0
2023-04-24,BAY.BK,30.0,30.0,29.5,29.5,26.800228118896484,214100.0
2023-04-25,BAY.BK,29.5,29.5,28.75,29.0,26.345989227294922,360200.0
2023-04-26,BAY.BK,29.0,29.25,28.75,29.0,26.345989227294922,79800.0
2023-04-27,BAY.BK,29.0,29.25,28.75,29.0,26.345989227294922,215000.0
2023-04-28,BAY.BK,29.0,29.5,29.0,29.25,26.573110580444336,127600.0
2023-05-02,BAY.BK,29.25,29.5,29.0,29.5,26.800228118896484,95000.0
2023-05-03,BAY.BK,29.5,29.5,29.0,29.25,26.573110580444336,709600.0
2023-05-08,BAY.BK,29.25,29.25,28.75,29.0,26.345989227294922,2010400.0
2023-05-09,BAY.BK,28.5,28.75,28.5,28.5,26.299848556518555,613800.0
2023-05-10,BAY.BK,28.5,29.0,28.5,28.75,26.530550003051758,394000.0
2023-05-11,BAY.BK,28.75,29.0,28.5,28.75,26.530550003051758,379100.0
2023-05-12,BAY.BK,28.75,29.0,28.5,28.5,26.299848556518555,433600.0
2023-05-15,BAY.BK,28.75,28.75,28.25,28.75,26.530550003051758,221800.0
2023-05-16,BAY.BK,28.75,28.75,28.25,28.5,26.299848556518555,108700.0
2023-05-17,BAY.BK,28.5,28.5,28.25,28.25,26.06914710998535,92700.0
2023-05-18,BAY.BK,28.5,28.75,28.25,28.5,26.299848556518555,527500.0
2023-05-19,BAY.BK,28.5,28.75,28.25,28.5,26.299848556518555,300100.0
2023-05-22,BAY.BK,28.5,28.5,28.0,28.25,26.06914710998535,234300.0
2023-05-23,BAY.BK,28.5,29.0,28.5,29.25,26.99195098876953,625500.0
2023-05-24,BAY.BK,29.0,29.25,29.0,29.25,26.99195098876953,401300.0
2023-05-25,BAY.BK,29.25,29.25,28.75,29.0,26.76125144958496,376100.0
2023-05-26,BAY.BK,29.0,29.25,28.75,29.0,26.76125144958496,386400.0
2023-05-29,BAY.BK,29.0,31.0,29.0,30.5,28.14545249938965,2722500.0
2023-05-30,BAY.BK,30.75,30.75,30.0,30.25,27.914752960205078,428300.0
2023-05-31,BAY.BK,30.25,30.75,29.75,30.5,28.14545249938965,565200.0
2023-06-01,BAY.BK,30.5,30.75,30.25,30.5,28.14545249938965,437500.0
2023-06-02,BAY.BK,30.75,32.25,30.75,32.0,29.529653549194336,3811300.0
2023-06-06,BAY.BK,32.0,32.5,31.25,32.0,29.529653549194336,1776800.0
2023-06-07,BAY.BK,32.0,32.0,31.5,31.75,29.2989559173584,460600.0
2023-06-08,BAY.BK,31.75,32.5,31.0,32.5,29.991056442260742,1045900.0
2023-06-09,BAY.BK,32.5,33.0,32.25,32.5,29.991056442260742,750200.0
2023-06-12,BAY.BK,32.75,32.75,32.0,32.5,29.991056442260742,491900.0
2023-06-13,BAY.BK,32.25,32.5,32.0,32.0,29.529653549194336,202300.0
2023-06-14,BAY.BK,32.0,32.25,32.0,32.0,29.529653549194336,84600.0
2023-06-15,BAY.BK,32.25,32.25,31.25,31.25,28.837554931640625,442000.0
2023-06-16,BAY.BK,31.5,32.0,31.0,32.5,29.991056442260742,547300.0
2023-06-19,BAY.BK,32.25,32.25,31.25,31.5,29.068256378173828,814900.0
2023-06-20,BAY.BK,31.5,31.5,30.75,30.75,28.37615203857422,935900.0
2023-06-21,BAY.BK,30.75,31.25,30.75,31.0,28.606853485107422,603700.0
2023-06-22,BAY.BK,30.75,31.0,30.75,30.75,28.37615203857422,224900.0
2023-06-23,BAY.BK,31.0,31.0,30.5,30.75,28.37615203857422,127900.0
2023-06-26,BAY.BK,30.75,30.75,30.0,30.0,27.684051513671875,301600.0
2023-06-27,BAY.BK,30.5,30.5,30.0,30.0,27.684051513671875,185000.0
2023-06-28,BAY.BK,29.75,30.0,29.5,29.75,27.453351974487305,494200.0
2023-06-29,BAY.BK,29.5,30.0,29.25,29.75,27.453351974487305,464500.0
2023-06-30,BAY.BK,29.75,30.75,29.75,30.75,28.37615203857422,529300.0
2023-07-03,BAY.BK,30.75,30.75,30.25,30.75,28.37615203857422,180300.0
2023-07-04,BAY.BK,30.75,31.25,30.5,31.0,28.606853485107422,370700.0
2023-07-05,BAY.BK,31.25,31.25,30.5,30.5,28.14545249938965,294100.0
2023-07-06,BAY.BK,30.75,30.75,29.75,30.0,27.684051513671875,294100.0
2023-07-07,BAY.BK,29.75,30.25,29.75,30.0,27.684051513671875,187700.0
2023-07-10,BAY.BK,30.0,30.25,29.75,30.25,27.914752960205078,150000.0
2023-07-11,BAY.BK,30.5,30.5,30.0,30.0,27.684051513671875,305200.0
2023-07-12,BAY.BK,30.25,30.75,30.25,30.5,28.14545249938965,641700.0
2023-07-13,BAY.BK,30.5,30.75,30.25,30.75,28.37615203857422,51400.0
2023-07-14,BAY.BK,30.5,31.5,30.5,31.25,28.837554931640625,662000.0
2023-07-17,BAY.BK,31.25,31.75,31.0,31.75,29.2989559173584,674500.0
2023-07-18,BAY.BK,31.75,32.25,31.5,32.0,29.529653549194336,531900.0
2023-07-19,BAY.BK,32.25,32.25,31.75,32.25,29.76035499572754,482200.0
2023-07-20,BAY.BK,32.0,32.25,31.75,31.75,29.2989559173584,379800.0
2023-07-21,BAY.BK,32.25,32.5,31.25,31.25,28.837554931640625,508800.0
2023-07-24,BAY.BK,31.25,31.75,31.25,31.0,28.606853485107422,304800.0
2023-07-25,BAY.BK,31.25,31.5,30.75,31.5,29.068256378173828,315300.0
2023-07-26,BAY.BK,31.5,31.75,31.0,31.75,29.2989559173584,165600.0
2023-07-27,BAY.BK,31.75,31.75,31.5,31.5,29.068256378173828,176300.0
2023-07-31,BAY.BK,32.0,32.0,31.75,32.0,29.529653549194336,55100.0
2023-08-02,BAY.BK,32.0,32.5,31.75,32.25,29.76035499572754,759900.0
2023-08-03,BAY.BK,32.25,32.25,31.25,31.5,29.068256378173828,537200.0
2023-08-04,BAY.BK,31.5,31.75,31.5,31.75,29.2989559173584,180300.0
2023-08-07,BAY.BK,31.75,32.25,31.5,32.0,29.529653549194336,456200.0
2023-08-08,BAY.BK,32.0,32.25,31.75,32.25,29.76035499572754,186300.0
2023-08-09,BAY.BK,32.25,32.25,32.0,32.5,29.991056442260742,166200.0
2023-08-10,BAY.BK,32.5,32.75,32.25,32.25,29.76035499572754,512200.0
2023-08-11,BAY.BK,32.5,32.5,32.0,32.0,29.529653549194336,96300.0
2023-08-15,BAY.BK,32.0,32.25,31.75,31.5,29.068256378173828,110500.0
2023-08-16,BAY.BK,31.5,31.75,31.0,31.5,29.068256378173828,480300.0
2023-08-17,BAY.BK,31.5,31.75,31.25,31.5,29.068256378173828,34800.0
2023-08-18,BAY.BK,31.75,31.75,30.75,31.0,28.606853485107422,697600.0
2023-08-21,BAY.BK,31.0,31.5,31.0,31.5,29.068256378173828,259100.0
2023-08-22,BAY.BK,31.5,31.75,31.25,31.25,28.837554931640625,233200.0
2023-08-23,BAY.BK,31.25,31.75,31.0,31.5,29.068256378173828,493900.0
2023-08-24,BAY.BK,31.5,32.0,31.5,31.75,29.2989559173584,594300.0
2023-08-25,BAY.BK,31.75,31.75,31.5,31.5,29.068256378173828,104700.0
2023-08-28,BAY.BK,32.0,32.5,31.75,32.5,29.991056442260742,604700.0
2023-08-29,BAY.BK,32.5,33.75,32.25,33.75,31.14455795288086,1755000.0
2023-08-30,BAY.BK,34.0,34.0,33.25,34.0,31.375259399414062,1298200.0
2023-08-31,BAY.BK,33.75,34.0,33.25,33.75,31.14455795288086,604900.0
2023-09-01,BAY.BK,33.75,33.75,33.0,33.0,30.452455520629883,468400.0
2023-09-04,BAY.BK,33.25,33.25,32.5,32.75,30.221757888793945,469600.0
2023-09-05,BAY.BK,32.75,33.0,32.5,33.0,30.452455520629883,174300.0
2023-09-06,BAY.BK,32.5,33.0,32.5,33.0,30.826107025146484,336300.0
2023-09-07,BAY.BK,33.0,33.0,32.5,32.5,30.35904312133789,118400.0
2023-09-08,BAY.BK,32.75,32.75,32.5,32.75,30.592573165893555,84000.0
2023-09-11,BAY.BK,32.75,32.75,32.25,32.75,30.592573165893555,255000.0
2023-09-12,BAY.BK,32.75,32.75,32.5,32.75,30.592573165893555,284800.0
2023-09-13,BAY.BK,32.5,32.75,31.75,32.5,30.35904312133789,585000.0
2023-09-14,BAY.BK,32.5,32.5,32.25,32.5,30.35904312133789,314800.0
2023-09-15,BAY.BK,32.5,32.5,32.25,32.25,30.125513076782227,70700.0
2023-09-18,BAY.BK,32.0,32.25,31.5,31.75,29.658451080322266,306800.0
2023-09-19,BAY.BK,31.75,31.75,31.0,31.25,29.191389083862305,449000.0
2023-09-20,BAY.BK,31.0,31.5,31.0,31.5,29.42491912841797,217300.0
2023-09-21,BAY.BK,31.25,32.5,31.25,32.25,30.125513076782227,390900.0
2023-09-22,BAY.BK,32.0,32.25,31.75,32.25,30.125513076782227,130000.0
2023-09-25,BAY.BK,32.25,32.25,31.5,32.25,30.125513076782227,231100.0
2023-09-26,BAY.BK,32.0,32.0,31.25,31.25,29.191389083862305,426900.0
2023-09-27,BAY.BK,31.25,31.5,31.0,31.25,29.191389083862305,47100.0
2023-09-28,BAY.BK,31.25,31.75,31.0,31.0,28.957857131958008,130300.0
2023-09-29,BAY.BK,30.75,31.5,30.75,31.25,29.191389083862305,466200.0
2023-10-02,BAY.BK,31.0,31.25,30.25,30.5,28.490795135498047,728600.0
2023-10-03,BAY.BK,30.0,30.25,29.75,30.25,28.257265090942383,569600.0
2023-10-04,BAY.BK,30.0,30.75,29.75,30.5,28.490795135498047,209400.0
2023-10-05,BAY.BK,30.75,30.75,30.25,31.0,28.957857131958008,135100.0
2023-10-06,BAY.BK,31.25,31.25,30.5,31.0,28.957857131958008,148100.0
2023-10-09,BAY.BK,30.75,31.25,30.5,31.25,29.191389083862305,139700.0
2023-10-10,BAY.BK,31.0,31.25,30.75,31.25,29.191389083862305,81600.0
2023-10-11,BAY.BK,31.0,31.5,31.0,31.0,28.957857131958008,215400.0
2023-10-12,BAY.BK,31.25,31.25,31.0,31.25,29.191389083862305,25600.0
2023-10-16,BAY.BK,31.0,31.0,30.5,30.75,28.724328994750977,214600.0
2023-10-17,BAY.BK,30.75,30.75,30.25,30.5,28.490795135498047,266900.0
2023-10-18,BAY.BK,30.5,30.75,30.25,30.25,28.257265090942383,73300.0
2023-10-19,BAY.BK,30.5,30.75,30.25,30.75,28.724328994750977,96000.0
2023-10-20,BAY.BK,30.75,30.75,30.0,30.25,28.257265090942383,157600.0
2023-10-24,BAY.BK,29.75,29.75,29.0,29.25,27.32314109802246,526600.0
2023-10-25,BAY.BK,29.25,29.75,29.0,29.25,27.32314109802246,1044200.0
2023-10-26,BAY.BK,29.25,29.25,28.75,29.0,27.08960723876953,310900.0
2023-10-27,BAY.BK,29.0,29.5,29.0,29.5,27.556669235229492,155200.0
2023-10-30,BAY.BK,29.0,29.25,28.75,29.0,27.08960723876953,333200.0
2023-10-31,BAY.BK,29.0,29.0,28.25,28.5,26.62254524230957,680900.0
2023-11-01,BAY.BK,28.5,29.0,28.25,28.5,26.62254524230957,277000.0
2023-11-02,BAY.BK,28.75,29.75,28.5,29.5,27.556669235229492,818400.0
2023-11-03,BAY.BK,29.75,29.75,29.5,29.5,27.556669235229492,228700.0
2023-11-06,BAY.BK,29.75,30.0,29.25,30.0,28.023733139038086,364500.0
2023-11-07,BAY.BK,29.75,30.0,29.25,29.75,27.790203094482422,336500.0
2023-11-08,BAY.BK,29.5,30.0,29.5,29.75,27.790203094482422,62500.0
2023-11-09,BAY.BK,29.75,30.0,29.5,30.0,28.023733139038086,227500.0
2023-11-10,BAY.BK,29.75,29.75,28.75,29.0,27.08960723876953,1248600.0
2023-11-13,BAY.BK,28.75,29.0,28.5,28.5,26.62254524230957,426500.0
2023-11-14,BAY.BK,28.5,28.75,28.25,28.5,26.62254524230957,519300.0
2023-11-15,BAY.BK,28.75,29.0,28.5,28.5,26.62254524230957,1000400.0
2023-11-16,BAY.BK,28.5,29.0,28.25,28.75,26.8560791015625,740900.0
2023-11-17,BAY.BK,28.75,29.0,28.5,28.75,26.8560791015625,557900.0
2023-11-20,BAY.BK,28.5,28.75,28.25,28.5,26.62254524230957,616300.0
2023-11-21,BAY.BK,28.75,28.75,28.0,28.25,26.389015197753906,916300.0
2023-11-22,BAY.BK,28.25,28.5,28.0,28.25,26.389015197753906,853500.0
2023-11-23,BAY.BK,28.5,28.5,28.0,28.25,26.389015197753906,213900.0
2023-11-24,BAY.BK,28.25,28.5,28.25,28.5,26.62254524230957,52100.0
2023-11-27,BAY.BK,28.25,28.25,28.0,28.25,26.389015197753906,549300.0
2023-11-28,BAY.BK,28.25,28.25,28.0,28.25,26.389015197753906,862200.0
2023-11-29,BAY.BK,28.25,28.25,28.0,28.25,26.389015197753906,156100.0
2023-11-30,BAY.BK,28.25,28.25,27.5,27.75,25.921953201293945,694300.0
2023-12-01,BAY.BK,28.0,28.0,27.75,27.75,25.921953201293945,33500.0
2023-12-04,BAY.BK,27.75,28.0,27.5,27.75,25.921953201293945,600900.0
2023-12-06,BAY.BK,27.75,28.0,27.75,27.75,25.921953201293945,216500.0
2023-12-07,BAY.BK,28.0,28.0,27.75,28.0,26.15548324584961,147500.0
2023-12-08,BAY.BK,28.0,28.0,27.5,28.0,26.15548324584961,197600.0
2023-12-12,BAY.BK,28.0,28.0,27.25,28.0,26.15548324584961,608500.0
2023-12-13,BAY.BK,28.0,28.0,27.5,27.5,25.68842315673828,156400.0
2023-12-14,BAY.BK,27.5,28.0,27.5,27.75,25.921953201293945,108500.0
2023-12-15,BAY.BK,28.0,28.0,27.25,27.25,25.454891204833984,1620800.0
2023-12-18,BAY.BK,27.5,27.75,27.25,27.75,25.921953201293945,430500.0
2023-12-19,BAY.BK,27.75,27.75,27.5,27.75,25.921953201293945,96400.0
2023-12-20,BAY.BK,27.75,27.75,27.5,27.5,25.68842315673828,304300.0
2023-12-21,BAY.BK,27.5,27.75,27.5,27.5,25.68842315673828,114600.0
2023-12-22,BAY.BK,27.75,27.75,27.5,27.75,25.921953201293945,121400.0
2023-12-25,BAY.BK,27.75,27.75,27.5,27.5,25.68842315673828,227100.0
2023-12-26,BAY.BK,27.5,28.0,27.5,28.0,26.15548324584961,293400.0
2023-12-27,BAY.BK,28.0,28.0,27.75,27.75,25.921953201293945,386600.0
2023-12-28,BAY.BK,28.0,28.5,28.0,28.25,26.389015197753906,865200.0
2024-01-03,BAY.BK,28.25,28.5,28.25,28.25,26.389015197753906,182200.0
2024-01-04,BAY.BK,28.5,28.5,28.0,28.25,26.389015197753906,320200.0
2024-01-05,BAY.BK,28.5,28.75,28.25,28.5,26.62254524230957,495900.0
2024-01-08,BAY.BK,28.5,28.5,28.25,28.25,26.389015197753906,202900.0
2024-01-09,BAY.BK,28.5,28.75,28.25,28.25,26.389015197753906,116100.0
2024-01-10,BAY.BK,28.25,28.25,27.75,27.75,25.921953201293945,787600.0
2024-01-11,BAY.BK,28.0,28.0,27.5,27.75,25.921953201293945,974600.0
2024-01-12,BAY.BK,27.75,27.75,27.5,27.75,25.921953201293945,396600.0
2024-01-15,BAY.BK,27.75,28.0,27.5,27.5,25.68842315673828,768200.0
2024-01-16,BAY.BK,27.5,27.75,27.25,27.25,25.454891204833984,1028900.0
2024-01-17,BAY.BK,27.5,27.5,26.75,27.0,25.221359252929688,985600.0
2024-01-18,BAY.BK,27.0,27.5,26.75,27.0,25.221359252929688,411200.0
2024-01-19,BAY.BK,27.5,27.75,27.25,27.5,25.68842315673828,447900.0
2024-01-22,BAY.BK,27.5,27.5,26.75,27.0,25.221359252929688,486500.0
2024-01-23,BAY.BK,27.0,27.25,26.75,27.0,25.221359252929688,346600.0
2024-01-24,BAY.BK,27.0,27.25,26.75,27.0,25.221359252929688,349400.0
2024-01-25,BAY.BK,27.0,27.0,26.75,27.0,25.221359252929688,138500.0
2024-01-26,BAY.BK,27.0,27.25,26.75,27.0,25.221359252929688,315200.0
2024-01-29,BAY.BK,27.0,27.0,26.75,26.75,24.98782730102539,262700.0
2024-01-30,BAY.BK,26.75,27.0,26.75,26.75,24.98782730102539,48100.0
2024-01-31,BAY.BK,26.75,27.0,26.5,26.75,24.98782730102539,437300.0
2024-02-01,BAY.BK,26.75,26.75,26.5,26.75,24.98782730102539,85400.0
2024-02-02,BAY.BK,26.75,27.0,26.75,26.75,24.98782730102539,258300.0
2024-02-05,BAY.BK,27.0,27.0,26.75,26.75,24.98782730102539,230000.0
2024-02-06,BAY.BK,26.75,27.0,26.75,26.75,24.98782730102539,86100.0
2024-02-07,BAY.BK,26.75,27.0,26.75,26.75,24.98782730102539,166700.0
2024-02-08,BAY.BK,27.0,27.0,26.75,27.0,25.221359252929688,97600.0
2024-02-09,BAY.BK,27.0,27.0,26.5,26.75,24.98782730102539,179700.0
2024-02-12,BAY.BK,26.75,27.0,26.5,26.5,24.75429916381836,257600.0
2024-02-13,BAY.BK,26.5,26.75,26.5,26.5,24.75429916381836,289700.0
2024-02-14,BAY.BK,26.5,27.0,26.5,27.0,25.221359252929688,179300.0
2024-02-15,BAY.BK,27.0,27.0,26.5,26.75,24.98782730102539,108600.0
2024-02-16,BAY.BK,27.0,27.0,26.5,26.75,24.98782730102539,125800.0
2024-02-19,BAY.BK,26.75,27.0,26.5,26.5,24.75429916381836,537100.0
2024-02-20,BAY.BK,26.5,27.0,26.5,26.5,24.75429916381836,530500.0
2024-02-21,BAY.BK,26.75,27.0,26.75,26.75,24.98782730102539,399300.0
2024-02-22,BAY.BK,26.75,27.0,26.75,26.75,24.98782730102539,521000.0
2024-02-23,BAY.BK,27.0,27.25,26.75,26.75,24.98782730102539,326600.0
2024-02-27,BAY.BK,27.0,27.0,26.5,26.5,24.75429916381836,215900.0
2024-02-28,BAY.BK,26.5,27.0,26.5,26.75,24.98782730102539,212800.0
2024-02-29,BAY.BK,26.75,26.75,26.5,26.5,24.75429916381836,146500.0
2024-03-01,BAY.BK,26.75,26.75,26.5,26.75,24.98782730102539,209100.0
2024-03-04,BAY.BK,26.75,26.75,26.25,26.5,24.75429916381836,478400.0
2024-03-05,BAY.BK,26.5,26.75,26.25,26.75,24.98782730102539,577300.0
2024-03-06,BAY.BK,26.75,26.75,26.5,26.5,24.75429916381836,281700.0
2024-03-07,BAY.BK,26.75,26.75,26.5,26.5,24.75429916381836,271300.0
2024-03-08,BAY.BK,26.5,26.75,26.5,26.5,24.75429916381836,312500.0
2024-03-11,BAY.BK,26.75,26.75,26.5,26.75,24.98782730102539,320100.0
2024-03-12,BAY.BK,26.75,26.75,26.75,26.75,24.98782730102539,0.0
2024-03-13,BAY.BK,26.5,26.75,26.25,26.5,24.75429916381836,426200.0
2024-03-14,BAY.BK,26.5,26.75,26.5,26.5,24.75429916381836,97700.0
2024-03-15,BAY.BK,26.5,26.5,26.5,26.5,24.75429916381836,0.0
2024-03-18,BAY.BK,26.5,26.75,26.25,26.5,24.75429916381836,141100.0
2024-03-19,BAY.BK,26.75,26.75,26.5,26.5,24.75429916381836,61700.0
2024-03-20,BAY.BK,26.5,26.5,26.5,26.5,24.75429916381836,0.0
2024-03-21,BAY.BK,26.5,27.0,26.5,26.5,24.75429916381836,141800.0
2024-03-22,BAY.BK,26.5,26.5,26.5,26.5,24.75429916381836,0.0
2024-03-25,BAY.BK,26.75,26.75,26.5,26.75,24.98782730102539,146300.0
2024-03-26,BAY.BK,26.75,26.75,26.75,26.75,24.98782730102539,0.0
2024-03-27,BAY.BK,26.75,27.0,26.5,26.75,24.98782730102539,90400.0
2024-03-28,BAY.BK,26.75,26.75,26.75,26.75,24.98782730102539,0.0
2024-03-29,BAY.BK,26.75,26.75,26.25,26.5,24.75429916381836,272500.0
2024-04-01,BAY.BK,26.5,27.0,26.5,27.0,25.221359252929688,338400.0
2024-04-02,BAY.BK,26.75,27.0,26.75,26.75,24.98782730102539,207400.0
2024-04-03,BAY.BK,27.0,27.0,26.5,26.75,24.98782730102539,181400.0
2024-04-04,BAY.BK,26.75,26.75,26.75,26.75,24.98782730102539,0.0
2024-04-05,BAY.BK,26.75,26.75,26.5,26.75,24.98782730102539,93500.0
2024-04-09,BAY.BK,26.75,26.75,26.75,26.75,24.98782730102539,0.0
2024-04-10,BAY.BK,26.75,26.75,26.75,26.75,24.98782730102539,0.0
2024-04-11,BAY.BK,27.0,27.25,26.75,27.25,25.454891204833984,479200.0
2024-04-17,BAY.BK,27.25,27.25,27.25,27.25,25.454891204833984,0.0
2024-04-18,BAY.BK,27.25,27.25,27.25,27.25,25.454891204833984,0.0
2024-04-19,BAY.BK,27.25,27.25,27.25,27.25,25.454891204833984,0.0
2024-04-22,BAY.BK,26.0,26.25,26.0,26.25,24.520767211914062,603900.0
2024-04-23,BAY.BK,26.25,26.5,26.25,26.5,24.75429916381836,187800.0
2024-04-24,BAY.BK,26.5,26.5,26.5,26.5,24.75429916381836,0.0
2024-04-25,BAY.BK,26.25,26.5,26.25,26.25,24.520767211914062,119900.0
2024-04-26,BAY.BK,26.5,26.5,26.25,26.5,24.75429916381836,71300.0
2024-04-29,BAY.BK,26.5,26.5,26.25,26.5,24.75429916381836,139800.0
2024-04-30,BAY.BK,26.5,26.5,26.5,26.5,24.75429916381836,0.0
2024-05-02,BAY.BK,26.75,26.75,26.25,26.75,24.98782730102539,428100.0
2024-05-03,BAY.BK,26.75,26.75,26.5,26.75,24.98782730102539,327600.0
2024-05-07,BAY.BK,26.75,26.75,26.75,26.75,25.41537857055664,0.0
2024-05-08,BAY.BK,26.25,26.25,26.0,26.0,24.702796936035156,373500.0
2024-05-09,BAY.BK,26.25,26.25,26.0,26.0,24.702796936035156,141500.0
2024-05-10,BAY.BK,26.0,26.25,26.0,26.25,24.940324783325195,145100.0
2024-05-13,BAY.BK,26.25,26.25,26.0,26.25,24.940324783325195,147400.0
2024-05-14,BAY.BK,26.25,26.25,26.0,26.25,24.940324783325195,149600.0
2024-05-15,BAY.BK,26.25,26.25,26.25,26.25,24.940324783325195,0.0
2024-05-16,BAY.BK,26.25,26.25,26.25,26.25,24.940324783325195,0.0
2024-05-17,BAY.BK,26.25,26.25,26.0,26.0,24.702796936035156,138800.0
2024-05-20,BAY.BK,26.0,26.0,26.0,26.0,24.702796936035156,0.0
2024-05-21,BAY.BK,26.0,26.25,25.75,26.0,24.702796936035156,271300.0
2024-05-23,BAY.BK,26.0,26.0,25.75,26.0,24.702796936035156,106600.0
2024-05-24,BAY.BK,26.0,26.0,26.0,26.0,24.702796936035156,0.0
2024-05-27,BAY.BK,25.75,26.0,25.5,25.5,24.227745056152344,486600.0
2024-05-28,BAY.BK,25.75,25.75,25.5,25.5,24.227745056152344,203900.0
2024-05-29,BAY.BK,25.75,25.75,25.25,25.5,24.227745056152344,193200.0
2024-05-30,BAY.BK,25.5,25.5,25.5,25.5,24.227745056152344,0.0
2024-05-31,BAY.BK,25.5,25.5,25.5,25.5,24.227745056152344,0.0
2024-06-04,BAY.BK,25.25,25.5,25.0,25.5,24.227745056152344,318800.0
2024-06-05,BAY.BK,25.5,25.5,25.5,25.5,24.227745056152344,0.0
2024-06-06,BAY.BK,25.25,25.25,24.899999618530273,24.899999618530273,23.657678604125977,247600.0
2024-06-07,BAY.BK,24.899999618530273,24.899999618530273,24.899999618530273,24.899999618530273,23.657678604125977,0.0
2024-06-10,BAY.BK,25.25,25.5,24.899999618530273,25.0,23.752689361572266,135900.0
2024-06-11,BAY.BK,24.899999618530273,25.25,24.899999618530273,25.0,23.752689361572266,93300.0
2024-06-12,BAY.BK,25.0,25.0,24.899999618530273,24.899999618530273,23.657678604125977,130900.0
2024-06-13,BAY.BK,25.0,25.0,24.799999237060547,24.799999237060547,23.562667846679688,81900.0
2024-06-14,BAY.BK,24.899999618530273,24.899999618530273,24.799999237060547,24.799999237060547,23.562667846679688,96100.0
2024-06-17,BAY.BK,24.799999237060547,24.799999237060547,24.600000381469727,24.600000381469727,23.372648239135742,223800.0
2024-06-18,BAY.BK,24.600000381469727,24.600000381469727,24.600000381469727,24.600000381469727,23.372648239135742,0.0
2024-06-19,BAY.BK,24.600000381469727,24.600000381469727,24.600000381469727,24.600000381469727,23.372648239135742,0.0
2024-06-20,BAY.BK,24.5,24.5,24.399999618530273,24.399999618530273,23.182626724243164,54000.0
2024-06-21,BAY.BK,24.600000381469727,24.700000762939453,24.399999618530273,24.5,23.27763557434082,84300.0
2024-06-24,BAY.BK,24.5,24.5,24.299999237060547,24.5,23.27763557434082,353500.0
2024-06-25,BAY.BK,24.5,24.5,24.5,24.5,23.27763557434082,0.0
2024-06-26,BAY.BK,24.5,24.5,24.5,24.5,23.27763557434082,0.0
2024-06-27,BAY.BK,25.25,25.25,24.700000762939453,24.700000762939453,23.4676570892334,180100.0
2024-06-28,BAY.BK,24.700000762939453,24.700000762939453,24.600000381469727,24.600000381469727,23.372648239135742,89700.0
2024-07-01,BAY.BK,24.600000381469727,24.600000381469727,24.600000381469727,24.600000381469727,23.372648239135742,0.0
2024-07-02,BAY.BK,24.600000381469727,24.600000381469727,24.600000381469727,24.600000381469727,23.372648239135742,0.0
2024-07-03,BAY.BK,24.399999618530273,24.5,24.299999237060547,24.399999618530273,23.182626724243164,55600.0
2024-07-04,BAY.BK,24.5,24.700000762939453,24.399999618530273,24.5,23.27763557434082,184700.0
2024-07-05,BAY.BK,24.5,24.799999237060547,24.5,24.700000762939453,23.4676570892334,83900.0
2024-07-08,BAY.BK,24.799999237060547,24.799999237060547,24.700000762939453,24.700000762939453,23.4676570892334,26500.0
2024-07-09,BAY.BK,24.700000762939453,24.700000762939453,24.700000762939453,24.700000762939453,23.4676570892334,0.0
2024-07-10,BAY.BK,24.799999237060547,24.899999618530273,24.700000762939453,24.700000762939453,23.4676570892334,62700.0
2024-07-11,BAY.BK,24.700000762939453,24.700000762939453,24.700000762939453,24.700000762939453,23.4676570892334,0.0
2024-07-12,BAY.BK,24.700000762939453,24.700000762939453,24.700000762939453,24.700000762939453,23.4676570892334,0.0
2024-07-15,BAY.BK,24.700000762939453,24.700000762939453,24.700000762939453,24.700000762939453,23.4676570892334,0.0
2024-07-16,BAY.BK,24.700000762939453,24.799999237060547,24.600000381469727,24.600000381469727,23.372648239135742,55100.0
2024-07-17,BAY.BK,24.600000381469727,24.600000381469727,24.600000381469727,24.600000381469727,23.372648239135742,0.0
2024-07-18,BAY.BK,24.600000381469727,24.600000381469727,24.399999618530273,24.5,23.27763557434082,47600.0
2024-07-19,BAY.BK,24.5,24.799999237060547,24.5,24.799999237060547,23.562667846679688,140200.0
2024-07-23,BAY.BK,24.5,24.600000381469727,24.299999237060547,24.299999237060547,23.087614059448242,135200.0
2024-07-24,BAY.BK,24.5,24.5,24.0,24.100000381469727,22.897592544555664,111700.0
2024-07-25,BAY.BK,24.100000381469727,24.200000762939453,24.0,24.0,22.802581787109375,187500.0
2024-07-26,BAY.BK,24.0,24.5,24.0,24.200000762939453,22.992603302001953,40500.0
2024-07-30,BAY.BK,24.200000762939453,24.200000762939453,24.200000762939453,24.200000762939453,22.992603302001953,0.0
2024-07-31,BAY.BK,24.399999618530273,24.600000381469727,24.399999618530273,24.399999618530273,23.182626724243164,54100.0
2024-08-01,BAY.BK,24.399999618530273,24.399999618530273,24.299999237060547,24.299999237060547,23.087614059448242,172500.0
2024-08-02,BAY.BK,24.299999237060547,24.299999237060547,24.100000381469727,24.200000762939453,22.992603302001953,52800.0
2024-08-05,BAY.BK,24.100000381469727,24.100000381469727,23.200000762939453,23.200000762939453,22.042495727539062,472600.0
2024-08-06,BAY.BK,23.299999237060547,23.5,23.100000381469727,23.100000381469727,21.947484970092773,173900.0
2024-08-07,BAY.BK,23.200000762939453,23.399999618530273,22.899999618530273,23.100000381469727,21.947484970092773,130400.0
2024-08-08,BAY.BK,23.100000381469727,23.100000381469727,23.100000381469727,23.100000381469727,21.947484970092773,0.0
2024-08-09,BAY.BK,23.399999618530273,23.399999618530273,22.799999237060547,23.0,21.852474212646484,216100.0
2024-08-13,BAY.BK,23.0,23.0,22.200000762939453,22.299999237060547,21.18739891052246,1442900.0
2024-08-14,BAY.BK,22.399999618530273,22.700000762939453,22.299999237060547,22.299999237060547,21.18739891052246,260500.0
2024-08-15,BAY.BK,22.299999237060547,22.299999237060547,22.299999237060547,22.299999237060547,21.18739891052246,0.0
2024-08-16,BAY.BK,22.5,22.5,22.200000762939453,22.399999618530273,21.28240966796875,438300.0
2024-08-19,BAY.BK,22.399999618530273,22.399999618530273,22.399999618530273,22.399999618530273,21.28240966796875,0.0
2024-08-20,BAY.BK,24.0,24.399999618530273,23.799999237060547,23.799999237060547,22.612560272216797,374200.0
2024-08-21,BAY.BK,23.799999237060547,24.299999237060547,23.799999237060547,24.200000762939453,22.992603302001953,220300.0
2024-08-22,BAY.BK,24.200000762939453,24.200000762939453,24.200000762939453,24.200000762939453,22.992603302001953,0.0
2024-08-23,BAY.BK,24.700000762939453,25.25,24.700000762939453,25.0,23.752689361572266,990100.0
2024-08-26,BAY.BK,25.25,25.75,25.0,25.75,24.465269088745117,1087100.0
2024-08-27,BAY.BK,25.75,25.75,25.25,25.25,23.990215301513672,281700.0
2024-08-28,BAY.BK,25.25,25.25,25.25,25.25,23.990215301513672,0.0
2024-08-29,BAY.BK,25.0,25.25,24.799999237060547,25.25,23.990215301513672,350400.0
2024-08-30,BAY.BK,25.0,25.25,24.799999237060547,24.799999237060547,23.562667846679688,234000.0
2024-09-02,BAY.BK,24.799999237060547,24.799999237060547,24.799999237060547,24.799999237060547,23.562667846679688,0.0
2024-09-03,BAY.BK,24.799999237060547,24.799999237060547,24.799999237060547,24.799999237060547,23.562667846679688,0.0
2024-09-04,BAY.BK,24.799999237060547,24.799999237060547,24.799999237060547,24.799999237060547,23.562667846679688,0.0
2024-09-05,BAY.BK,24.700000762939453,26.0,24.700000762939453,25.75,24.465269088745117,2620600.0
2024-09-06,BAY.BK,26.0,27.5,26.0,27.5,26.127960205078125,2643900.0
2024-09-09,BAY.BK,27.5,27.5,27.5,27.5,26.127960205078125,0.0
2024-09-10,BAY.BK,28.75,29.0,27.5,28.25,26.840539932250977,2231400.0
2024-09-11,BAY.BK,27.75,27.75,27.25,27.5,26.50322723388672,743200.0
2024-09-12,BAY.BK,27.5,28.0,27.25,27.75,26.744165420532227,398900.0
2024-09-13,BAY.BK,27.75,28.25,27.5,27.5,26.50322723388672,483800.0
2024-09-16,BAY.BK,27.5,27.5,27.5,27.5,26.50322723388672,0.0
2024-09-17,BAY.BK,27.5,27.5,27.5,27.5,26.50322723388672,0.0
2024-09-18,BAY.BK,27.5,27.5,27.5,27.5,26.50322723388672,0.0
2024-09-19,BAY.BK,27.5,27.5,27.5,27.5,26.50322723388672,0.0
2024-09-20,BAY.BK,27.5,27.5,27.5,27.5,26.50322723388672,0.0
2024-09-23,BAY.BK,27.5,27.5,27.25,27.25,26.262287139892578,442500.0
2024-09-24,BAY.BK,27.25,27.5,27.0,27.25,26.262287139892578,595600.0
2024-09-25,BAY.BK,27.5,27.5,27.0,27.0,26.021350860595703,184900.0
2024-09-26,BAY.BK,27.25,27.25,26.5,26.75,25.780410766601562,414800.0
2024-09-27,BAY.BK,26.75,26.75,26.75,26.75,25.780410766601562,0.0
2024-09-30,BAY.BK,26.25,26.75,26.0,26.25,25.298534393310547,442900.0
2024-10-01,BAY.BK,26.25,26.25,26.25,26.25,25.298534393310547,0.0
2024-10-02,BAY.BK,26.75,26.75,26.25,26.25,25.298534393310547,538600.0
2024-10-03,BAY.BK,26.25,26.5,26.0,26.5,25.539472579956055,245700.0
2024-10-04,BAY.BK,26.5,26.5,26.5,26.5,25.539472579956055,0.0
2024-10-07,BAY.BK,26.25,26.5,26.0,26.25,25.298534393310547,179800.0
2024-10-08,BAY.BK,26.5,26.5,26.0,26.25,25.298534393310547,291300.0
2024-10-09,BAY.BK,26.25,26.5,26.0,26.25,25.298534393310547,182100.0
2024-10-10,BAY.BK,26.25,26.5,26.0,26.25,25.298534393310547,377300.0
2024-10-11,BAY.BK,26.25,26.25,26.25,26.25,25.298534393310547,0.0
2024-10-15,BAY.BK,27.25,27.25,26.75,27.0,26.021350860595703,1220600.0
2024-10-16,BAY.BK,27.0,27.0,27.0,27.0,26.021350860595703,0.0
2024-10-17,BAY.BK,27.0,27.0,27.0,27.0,26.021350860595703,0.0
2024-10-18,BAY.BK,26.25,26.75,26.25,26.25,25.298534393310547,212600.0
2024-10-21,BAY.BK,26.25,26.5,26.0,26.0,25.05759620666504,328900.0
2024-10-22,BAY.BK,26.0,26.0,26.0,26.0,25.05759620666504,0.0
2024-10-24,BAY.BK,25.0,25.5,25.0,25.0,24.093841552734375,235200.0
2024-10-25,BAY.BK,25.0,25.0,25.0,25.0,24.093841552734375,0.0
2024-10-28,BAY.BK,24.899999618530273,25.0,24.700000762939453,24.899999618530273,23.997467041015625,128000.0
2024-10-29,BAY.BK,24.899999618530273,24.899999618530273,24.899999618530273,24.899999618530273,23.997467041015625,0.0
2024-10-30,BAY.BK,25.25,25.25,24.899999618530273,24.899999618530273,23.997467041015625,128500.0
2024-10-31,BAY.BK,24.899999618530273,24.899999618530273,24.899999618530273,24.899999618530273,23.997467041015625,0.0
2024-11-01,BAY.BK,25.0,25.25,24.899999618530273,24.899999618530273,23.997467041015625,139900.0
2024-11-04,BAY.BK,25.0,25.0,24.700000762939453,24.799999237060547,23.901090621948242,270600.0
2024-11-05,BAY.BK,24.799999237060547,25.0,24.799999237060547,24.799999237060547,23.901090621948242,65800.0
2024-11-06,BAY.BK,25.0,25.5,24.899999618530273,25.25,24.334779739379883,531200.0
2024-11-07,BAY.BK,25.25,25.25,25.0,25.25,24.334779739379883,100200.0
2024-11-08,BAY.BK,25.5,25.5,25.0,25.0,24.093841552734375,107100.0
2024-11-11,BAY.BK,25.0,25.25,24.799999237060547,25.0,24.093841552734375,220400.0
2024-11-12,BAY.BK,25.0,25.25,24.600000381469727,24.799999237060547,23.901090621948242,306600.0
2024-11-13,BAY.BK,24.799999237060547,25.0,24.799999237060547,24.899999618530273,23.997467041015625,122900.0
2024-11-14,BAY.BK,24.799999237060547,25.0,24.799999237060547,24.899999618530273,23.997467041015625,217600.0
2024-11-15,BAY.BK,24.899999618530273,25.0,24.600000381469727,24.700000762939453,23.804716110229492,237500.0
2024-11-18,BAY.BK,24.700000762939453,24.899999618530273,24.700000762939453,24.899999618530273,23.997467041015625,125400.0
2024-11-19,BAY.BK,24.899999618530273,25.25,24.899999618530273,25.25,24.334779739379883,199400.0
2024-11-20,BAY.BK,24.899999618530273,25.25,24.899999618530273,25.25,24.334779739379883,85000.0
2024-11-21,BAY.BK,25.0,25.25,24.899999618530273,25.25,24.334779739379883,184100.0
2024-11-22,BAY.BK,25.0,25.25,24.899999618530273,25.0,24.093841552734375,74000.0
2024-11-25,BAY.BK,25.0,25.0,24.799999237060547,25.0,24.093841552734375,269200.0
2024-11-26,BAY.BK,24.899999618530273,25.25,24.799999237060547,25.25,24.334779739379883,180500.0
2024-11-27,BAY.BK,25.0,25.25,24.899999618530273,25.25,24.334779739379883,299100.0
2024-11-28,BAY.BK,25.25,25.25,24.899999618530273,24.899999618530273,23.997467041015625,219600.0
2024-11-29,BAY.BK,25.0,25.0,24.899999618530273,25.0,24.093841552734375,19300.0
2024-12-02,BAY.BK,25.0,25.0,24.899999618530273,24.899999618530273,23.997467041015625,56400.0
2024-12-03,BAY.BK,24.899999618530273,25.25,24.899999618530273,24.899999618530273,23.997467041015625,122500.0
2024-12-04,BAY.BK,25.25,25.25,25.0,25.0,24.093841552734375,121500.0
2024-12-06,BAY.BK,25.0,25.25,25.0,25.25,24.334779739379883,104400.0
2024-12-09,BAY.BK,25.25,25.25,25.0,25.0,24.093841552734375,175300.0
2024-12-11,BAY.BK,25.0,25.25,25.0,25.0,24.093841552734375,255500.0
2024-12-12,BAY.BK,25.25,25.25,25.0,25.0,24.093841552734375,64000.0
2024-12-13,BAY.BK,25.0,25.25,25.0,25.25,24.334779739379883,52500.0
2024-12-16,BAY.BK,25.0,25.25,24.899999618530273,24.899999618530273,23.997467041015625,262000.0
2024-12-17,BAY.BK,24.899999618530273,24.899999618530273,24.799999237060547,24.899999618530273,23.997467041015625,352400.0
2024-12-18,BAY.BK,24.799999237060547,24.899999618530273,24.600000381469727,24.799999237060547,23.901090621948242,186100.0
2024-12-19,BAY.BK,24.799999237060547,24.799999237060547,24.5,24.5,23.61196517944336,200000.0
2024-12-20,BAY.BK,24.5,24.600000381469727,24.299999237060547,24.5,23.61196517944336,255800.0
2024-12-23,BAY.BK,24.600000381469727,24.600000381469727,24.299999237060547,24.399999618530273,23.51559066772461,114700.0
2024-12-24,BAY.BK,24.399999618530273,24.700000762939453,24.399999618530273,24.399999618530273,23.51559066772461,78700.0
2024-12-25,BAY.BK,24.5,24.799999237060547,24.5,24.799999237060547,23.901090621948242,110300.0
2024-12-26,BAY.BK,24.700000762939453,24.700000762939453,24.600000381469727,24.700000762939453,23.804716110229492,83300.0
2024-12-27,BAY.BK,24.600000381469727,24.700000762939453,24.600000381469727,24.600000381469727,23.708341598510742,94200.0
2024-12-30,BAY.BK,24.600000381469727,24.799999237060547,24.5,24.5,23.61196517944336,99400.0
2025-01-02,BAY.BK,24.5,24.600000381469727,24.399999618530273,24.600000381469727,23.708341598510742,157200.0
2025-01-03,BAY.BK,24.600000381469727,24.700000762939453,24.5,24.600000381469727,23.708341598510742,95000.0
2025-01-06,BAY.BK,24.5,24.600000381469727,24.399999618530273,24.399999618530273,23.51559066772461,126100.0
2025-01-07,BAY.BK,24.399999618530273,24.799999237060547,24.399999618530273,24.5,23.61196517944336,400800.0
2025-01-08,BAY.BK,24.399999618530273,24.600000381469727,24.399999618530273,24.399999618530273,23.51559066772461,159600.0
2025-01-09,BAY.BK,24.5,24.5,24.299999237060547,24.5,23.61196517944336,179000.0
2025-01-10,BAY.BK,24.399999618530273,24.5,24.299999237060547,24.299999237060547,23.419214248657227,75500.0
2025-01-13,BAY.BK,24.299999237060547,24.700000762939453,24.299999237060547,24.5,23.61196517944336,305200.0
2025-01-14,BAY.BK,24.5,24.600000381469727,24.299999237060547,24.299999237060547,23.419214248657227,84100.0
2025-01-15,BAY.BK,24.399999618530273,24.5,24.299999237060547,24.399999618530273,23.51559066772461,160300.0
2025-01-16,BAY.BK,24.5,24.5,24.299999237060547,24.5,23.61196517944336,128000.0
2025-01-17,BAY.BK,24.399999618530273,24.399999618530273,24.200000762939453,24.200000762939453,23.322839736938477,269400.0
2025-01-20,BAY.BK,24.200000762939453,24.299999237060547,24.100000381469727,24.100000381469727,23.226463317871094,148600.0
2025-01-21,BAY.BK,24.100000381469727,24.200000762939453,23.899999618530273,23.899999618530273,23.03371238708496,409300.0
2025-01-22,BAY.BK,24.100000381469727,24.100000381469727,23.799999237060547,23.899999618530273,23.03371238708496,444500.0
2025-01-23,BAY.BK,23.899999618530273,24.0,23.799999237060547,23.799999237060547,22.93733787536621,241600.0
2025-01-24,BAY.BK,23.799999237060547,24.0,23.799999237060547,23.799999237060547,22.93733787536621,78900.0
2025-01-27,BAY.BK,23.799999237060547,24.0,23.799999237060547,23.899999618530273,23.03371238708496,86500.0
2025-01-28,BAY.BK,23.899999618530273,24.0,23.799999237060547,23.899999618530273,23.03371238708496,75100.0
2025-01-29,BAY.BK,23.899999618530273,24.0,23.899999618530273,23.899999618530273,23.03371238708496,99200.0
2025-01-30,BAY.BK,24.0,24.0,23.799999237060547,23.899999618530273,23.03371238708496,133500.0
2025-01-31,BAY.BK,23.799999237060547,23.899999618530273,23.799999237060547,23.799999237060547,22.93733787536621,112900.0
2025-02-03,BAY.BK,23.799999237060547,23.799999237060547,23.5,23.5,22.648210525512695,310500.0
2025-02-04,BAY.BK,23.700000762939453,23.700000762939453,23.5,23.5,22.648210525512695,140200.0
2025-02-05,BAY.BK,23.600000381469727,23.700000762939453,23.399999618530273,23.399999618530273,22.551836013793945,184600.0
2025-02-06,BAY.BK,23.399999618530273,23.399999618530273,23.200000762939453,23.200000762939453,22.359085083007812,114700.0
2025-02-07,BAY.BK,23.399999618530273,23.399999618530273,23.0,23.100000381469727,22.262710571289062,215900.0
2025-02-10,BAY.BK,23.299999237060547,23.299999237060547,23.100000381469727,23.299999237060547,22.455461502075195,74900.0
2025-02-11,BAY.BK,23.299999237060547,23.299999237060547,23.100000381469727,23.100000381469727,22.262710571289062,189200.0
2025-02-13,BAY.BK,23.200000762939453,23.200000762939453,22.899999618530273,23.0,22.16633415222168,412600.0
2025-02-14,BAY.BK,23.0,23.0,22.5,22.700000762939453,21.87721061706543,267300.0
2025-02-17,BAY.BK,22.700000762939453,22.799999237060547,22.600000381469727,22.700000762939453,21.87721061706543,123100.0
2025-02-18,BAY.BK,22.700000762939453,23.200000762939453,22.700000762939453,23.100000381469727,22.262710571289062,165200.0
2025-02-19,BAY.BK,23.200000762939453,23.799999237060547,23.200000762939453,23.700000762939453,22.840961456298828,232300.0
2025-02-20,BAY.BK,23.899999618530273,24.100000381469727,23.700000762939453,23.700000762939453,22.840961456298828,432000.0
2025-02-21,BAY.BK,23.700000762939453,23.700000762939453,23.5,23.5,22.648210525512695,79800.0
2025-02-24,BAY.BK,23.5,23.5,23.200000762939453,23.399999618530273,22.551836013793945,101300.0
2025-02-25,BAY.BK,23.5,23.5,22.899999618530273,23.0,22.16633415222168,165000.0
2025-02-26,BAY.BK,23.0,23.200000762939453,22.600000381469727,22.700000762939453,21.87721061706543,470700.0
2025-02-27,BAY.BK,22.799999237060547,22.899999618530273,22.700000762939453,22.899999618530273,22.06995964050293,172700.0
2025-02-28,BAY.BK,22.700000762939453,22.899999618530273,22.600000381469727,22.899999618530273,22.06995964050293,90600.0
2025-03-03,BAY.BK,22.799999237060547,22.899999618530273,22.600000381469727,22.600000381469727,21.780832290649414,141900.0
2025-03-04,BAY.BK,22.700000762939453,22.799999237060547,22.399999618530273,22.700000762939453,21.87721061706543,168200.0
2025-03-05,BAY.BK,22.700000762939453,23.0,22.5,23.0,22.16633415222168,148700.0
2025-03-06,BAY.BK,23.0,23.0,22.700000762939453,22.700000762939453,21.87721061706543,128600.0
2025-03-07,BAY.BK,22.700000762939453,23.200000762939453,22.5,23.200000762939453,22.359085083007812,149900.0
2025-03-10,BAY.BK,23.200000762939453,23.200000762939453,22.700000762939453,22.700000762939453,21.87721061706543,202900.0
2025-03-11,BAY.BK,22.700000762939453,22.899999618530273,22.5,22.799999237060547,21.973583221435547,227300.0
2025-03-12,BAY.BK,22.799999237060547,22.799999237060547,22.399999618530273,22.399999618530273,21.58808135986328,337700.0
2025-03-13,BAY.BK,22.5,22.600000381469727,22.399999618530273,22.399999618530273,21.58808135986328,101500.0
2025-03-14,BAY.BK,22.399999618530273,22.700000762939453,22.399999618530273,22.700000762939453,21.87721061706543,139200.0
2025-03-17,BAY.BK,22.700000762939453,22.799999237060547,22.600000381469727,22.600000381469727,21.780832290649414,64800.0
2025-03-18,BAY.BK,22.600000381469727,22.899999618530273,22.600000381469727,22.799999237060547,21.973583221435547,150100.0
2025-03-19,BAY.BK,22.799999237060547,23.0,22.700000762939453,22.899999618530273,22.06995964050293,167500.0
2025-03-20,BAY.BK,22.899999618530273,23.0,22.700000762939453,23.0,22.16633415222168,122500.0
2025-03-21,BAY.BK,22.899999618530273,23.0,22.700000762939453,22.700000762939453,21.87721061706543,239900.0
2025-03-24,BAY.BK,22.799999237060547,22.899999618530273,22.700000762939453,22.700000762939453,21.87721061706543,90000.0
2025-03-25,BAY.BK,22.899999618530273,22.899999618530273,22.799999237060547,22.799999237060547,21.973583221435547,102100.0
2025-03-26,BAY.BK,22.899999618530273,22.899999618530273,22.799999237060547,22.899999618530273,22.06995964050293,26700.0
2025-03-27,BAY.BK,22.899999618530273,23.0,22.799999237060547,22.899999618530273,22.06995964050293,128300.0
2025-03-28,BAY.BK,22.799999237060547,22.899999618530273,22.799999237060547,22.799999237060547,21.973583221435547,22200.0
2025-03-31,BAY.BK,22.600000381469727,22.700000762939453,22.5,22.700000762939453,21.87721061706543,182000.0
2025-04-01,BAY.BK,22.600000381469727,22.799999237060547,22.5,22.5,21.684457778930664,182200.0
2025-04-02,BAY.BK,22.5,22.700000762939453,22.5,22.5,21.684457778930664,58000.0
2025-04-03,BAY.BK,22.5,22.600000381469727,22.399999618530273,22.600000381469727,21.780832290649414,197600.0
2025-04-04,BAY.BK,22.600000381469727,22.600000381469727,22.100000381469727,22.299999237060547,21.49170684814453,315400.0
2025-04-08,BAY.BK,22.0,22.100000381469727,21.399999618530273,21.5,20.720703125,269000.0
2025-04-09,BAY.BK,21.399999618530273,21.5,21.0,21.100000381469727,20.335203170776367,411800.0
2025-04-10,BAY.BK,21.700000762939453,22.0,21.399999618530273,21.5,20.720703125,362800.0
2025-04-11,BAY.BK,21.299999237060547,21.5,21.200000762939453,21.399999618530273,20.62432861328125,145700.0
2025-04-16,BAY.BK,21.399999618530273,22.100000381469727,21.399999618530273,22.100000381469727,21.2989559173584,142100.0
2025-04-17,BAY.BK,22.100000381469727,22.100000381469727,21.899999618530273,21.899999618530273,21.106204986572266,139100.0
2025-04-18,BAY.BK,22.0,22.100000381469727,21.899999618530273,22.100000381469727,21.2989559173584,105100.0
2025-04-21,BAY.BK,22.0,22.100000381469727,21.700000762939453,21.899999618530273,21.106204986572266,161400.0
2025-04-22,BAY.BK,21.899999618530273,22.100000381469727,21.5,22.100000381469727,21.2989559173584,186200.0
2025-04-23,BAY.BK,22.100000381469727,22.200000762939453,22.0,22.100000381469727,21.2989559173584,65700.0
2025-04-24,BAY.BK,22.100000381469727,22.100000381469727,21.899999618530273,22.100000381469727,21.2989559173584,119300.0
2025-04-25,BAY.BK,22.100000381469727,22.100000381469727,22.0,22.0,21.20258140563965,149300.0
2025-04-28,BAY.BK,22.100000381469727,22.200000762939453,22.0,22.200000762939453,21.39533233642578,77400.0
2025-04-29,BAY.BK,22.200000762939453,22.299999237060547,22.100000381469727,22.299999237060547,21.49170684814453,99400.0
2025-04-30,BAY.BK,22.299999237060547,22.700000762939453,22.200000762939453,22.700000762939453,21.87721061706543,123600.0
2025-05-02,BAY.BK,22.799999237060547,22.799999237060547,22.5,22.600000381469727,21.780832290649414,419100.0
2025-05-06,BAY.BK,22.200000762939453,22.5,22.200000762939453,22.5,22.125,151200.0
2025-05-07,BAY.BK,22.399999618530273,22.799999237060547,22.299999237060547,22.700000762939453,22.32166862487793,247300.0
2025-05-08,BAY.BK,22.899999618530273,23.0,22.399999618530273,22.700000762939453,22.32166862487793,165500.0
2025-05-09,BAY.BK,22.700000762939453,22.700000762939453,22.299999237060547,22.5,22.125,95100.0
2025-05-13,BAY.BK,22.600000381469727,22.799999237060547,22.399999618530273,22.5,22.125,211800.0
2025-05-14,BAY.BK,22.5,22.5,22.200000762939453,22.399999618530273,22.02666664123535,103800.0
2025-05-15,BAY.BK,22.200000762939453,22.299999237060547,21.899999618530273,22.0,21.633333206176758,321700.0
2025-05-16,BAY.BK,22.0,22.200000762939453,22.0,22.100000381469727,21.731666564941406,69100.0
2025-05-19,BAY.BK,21.899999618530273,22.200000762939453,21.899999618530273,22.200000762939453,21.830001831054688,73100.0
2025-05-20,BAY.BK,22.299999237060547,22.299999237060547,22.0,22.299999237060547,21.928333282470703,40200.0
2025-05-21,BAY.BK,22.299999237060547,22.299999237060547,21.899999618530273,21.899999618530273,21.53499984741211,89300.0
2025-05-22,BAY.BK,22.0,22.100000381469727,21.899999618530273,22.100000381469727,21.731666564941406,36800.0
2025-05-23,BAY.BK,22.0,22.100000381469727,22.0,22.0,21.633333206176758,40000.0
2025-05-26,BAY.BK,22.0,22.100000381469727,21.899999618530273,22.100000381469727,21.731666564941406,54700.0
2025-05-27,BAY.BK,22.0,22.200000762939453,21.899999618530273,22.200000762939453,21.830001831054688,65100.0
2025-05-28,BAY.BK,22.200000762939453,22.200000762939453,22.0,22.100000381469727,21.731666564941406,27800.0
2025-05-29,BAY.BK,22.200000762939453,22.200000762939453,22.0,22.0,21.633333206176758,99500.0
2025-05-30,BAY.BK,22.0,22.100000381469727,21.899999618530273,21.899999618530273,21.53499984741211,51300.0
2025-06-04,BAY.BK,22.0,22.0,21.700000762939453,21.899999618530273,21.53499984741211,105000.0
2025-06-05,BAY.BK,22.0,22.0,21.799999237060547,21.899999618530273,21.53499984741211,107100.0
2025-06-06,BAY.BK,21.899999618530273,22.0,21.700000762939453,21.700000762939453,21.338335037231445,65000.0
2025-06-09,BAY.BK,21.899999618530273,21.899999618530273,21.700000762939453,21.899999618530273,21.53499984741211,66900.0
2025-06-10,BAY.BK,21.799999237060547,21.899999618530273,21.799999237060547,21.799999237060547,21.43666648864746,33500.0
2025-06-11,BAY.BK,21.899999618530273,21.899999618530273,21.700000762939453,21.700000762939453,21.338335037231445,44100.0
2025-06-12,BAY.BK,21.799999237060547,21.799999237060547,21.600000381469727,21.700000762939453,21.338335037231445,109900.0
2025-06-13,BAY.BK,21.600000381469727,21.700000762939453,21.299999237060547,21.299999237060547,20.94499969482422,246100.0
2025-06-16,BAY.BK,21.299999237060547,21.5,21.200000762939453,21.5,21.141666412353516,92500.0
2025-06-17,BAY.BK,21.299999237060547,21.399999618530273,21.299999237060547,21.299999237060547,20.94499969482422,107100.0
2025-06-18,BAY.BK,21.399999618530273,21.399999618530273,21.100000381469727,21.200000762939453,20.846668243408203,75300.0
2025-06-19,BAY.BK,21.200000762939453,21.200000762939453,20.899999618530273,21.100000381469727,20.748334884643555,248600.0
2025-06-20,BAY.BK,21.0,21.200000762939453,21.0,21.100000381469727,20.748334884643555,59900.0
2025-06-23,BAY.BK,20.799999237060547,21.100000381469727,20.700000762939453,21.100000381469727,20.748334884643555,114200.0
2025-06-24,BAY.BK,21.0,21.299999237060547,20.899999618530273,21.299999237060547,20.94499969482422,52200.0
2025-06-25,BAY.BK,21.299999237060547,21.299999237060547,20.799999237060547,20.899999618530273,20.551666259765625,204900.0
2025-06-26,BAY.BK,20.899999618530273,21.399999618530273,20.899999618530273,21.399999618530273,21.043333053588867,123600.0
2025-06-27,BAY.BK,21.399999618530273,21.399999618530273,21.100000381469727,21.200000762939453,20.846668243408203,48200.0
2025-06-30,BAY.BK,21.100000381469727,21.200000762939453,21.0,21.0,20.649999618530273,44300.0
2025-07-01,BAY.BK,21.0,21.200000762939453,21.0,21.0,20.649999618530273,38500.0
2025-07-02,BAY.BK,21.0,22.200000762939453,21.0,22.200000762939453,21.830001831054688,328000.0
2025-07-03,BAY.BK,22.200000762939453,22.200000762939453,21.600000381469727,21.799999237060547,21.43666648864746,301600.0
2025-07-04,BAY.BK,21.899999618530273,22.100000381469727,21.799999237060547,21.899999618530273,21.53499984741211,133500.0
2025-07-07,BAY.BK,21.799999237060547,21.899999618530273,21.799999237060547,21.799999237060547,21.43666648864746,91900.0
2025-07-08,BAY.BK,21.899999618530273,21.899999618530273,21.700000762939453,21.700000762939453,21.338335037231445,75200.0
2025-07-09,BAY.BK,21.700000762939453,21.899999618530273,21.600000381469727,21.799999237060547,21.43666648864746,73200.0
2025-07-11,BAY.BK,21.799999237060547,22.0,21.799999237060547,21.799999237060547,21.43666648864746,113200.0
2025-07-14,BAY.BK,21.899999618530273,22.0,21.799999237060547,21.899999618530273,21.53499984741211,284600.0
2025-07-15,BAY.BK,21.899999618530273,22.0,21.700000762939453,21.799999237060547,21.43666648864746,277900.0
2025-07-16,BAY.BK,21.899999618530273,22.0,21.700000762939453,21.700000762939453,21.338335037231445,489100.0
2025-07-17,BAY.BK,21.799999237060547,22.0,21.700000762939453,21.899999618530273,21.53499984741211,102800.0
2025-07-18,BAY.BK,21.899999618530273,22.0,21.700000762939453,21.899999618530273,21.53499984741211,259400.0
2025-07-21,BAY.BK,22.0,22.0,21.700000762939453,22.0,21.633333206176758,356000.0
2025-07-22,BAY.BK,22.0,22.200000762939453,21.899999618530273,22.100000381469727,21.731666564941406,297200.0
2025-07-23,BAY.BK,22.100000381469727,22.600000381469727,22.100000381469727,22.5,22.125,415500.0
2025-07-24,BAY.BK,22.700000762939453,22.700000762939453,22.299999237060547,22.399999618530273,22.02666664123535,230300.0
2025-07-25,BAY.BK,22.399999618530273,22.600000381469727,22.299999237060547,22.399999618530273,22.02666664123535,58000.0
2025-07-29,BAY.BK,22.5,22.799999237060547,22.299999237060547,22.700000762939453,22.32166862487793,180900.0
2025-07-30,BAY.BK,22.700000762939453,23.0,22.700000762939453,22.799999237060547,22.420000076293945,235900.0
2025-07-31,BAY.BK,22.799999237060547,22.899999618530273,22.700000762939453,22.700000762939453,22.32166862487793,134000.0
2025-08-01,BAY.BK,22.799999237060547,22.899999618530273,22.299999237060547,22.399999618530273,22.02666664123535,156700.0
2025-08-04,BAY.BK,22.299999237060547,22.799999237060547,22.200000762939453,22.799999237060547,22.420000076293945,217700.0
2025-08-05,BAY.BK,22.799999237060547,22.799999237060547,22.600000381469727,22.700000762939453,22.32166862487793,53800.0
2025-08-06,BAY.BK,22.700000762939453,23.200000762939453,22.700000762939453,22.799999237060547,22.420000076293945,293700.0
2025-08-07,BAY.BK,22.899999618530273,23.299999237060547,22.799999237060547,22.799999237060547,22.420000076293945,640500.0
2025-08-08,BAY.BK,22.799999237060547,23.100000381469727,22.799999237060547,22.899999618530273,22.518333435058594,286700.0
2025-08-13,BAY.BK,23.299999237060547,23.799999237060547,23.200000762939453,23.700000762939453,23.30500030517578,711300.0
2025-08-14,BAY.BK,23.899999618530273,23.899999618530273,23.200000762939453,23.5,23.108333587646484,596500.0
2025-08-15,BAY.BK,23.5,23.600000381469727,23.200000762939453,23.399999618530273,23.010000228881836,281400.0
2025-08-18,BAY.BK,23.299999237060547,23.5,23.299999237060547,23.299999237060547,22.911666870117188,120600.0
2025-08-19,BAY.BK,23.299999237060547,23.399999618530273,23.200000762939453,23.399999618530273,23.010000228881836,92000.0
2025-08-20,BAY.BK,23.299999237060547,23.399999618530273,23.0,23.299999237060547,22.911666870117188,268300.0
2025-08-21,BAY.BK,23.399999618530273,23.799999237060547,23.200000762939453,23.200000762939453,22.81333351135254,239600.0
2025-08-22,BAY.BK,23.200000762939453,23.399999618530273,23.200000762939453,23.399999618530273,23.010000228881836,173000.0
2025-08-25,BAY.BK,23.399999618530273,23.600000381469727,23.399999618530273,23.600000381469727,23.206666946411133,90400.0
2025-08-26,BAY.BK,23.600000381469727,23.600000381469727,23.299999237060547,23.399999618530273,23.010000228881836,169700.0
2025-08-27,BAY.BK,23.399999618530273,23.5,23.399999618530273,23.399999618530273,23.010000228881836,130400.0
2025-08-28,BAY.BK,23.5,23.700000762939453,23.399999618530273,23.5,23.108333587646484,126400.0
2025-08-29,BAY.BK,23.5,23.799999237060547,23.399999618530273,23.399999618530273,23.010000228881836,315100.0
2025-09-01,BAY.BK,23.399999618530273,23.600000381469727,23.399999618530273,23.399999618530273,23.010000228881836,157300.0
2025-09-02,BAY.BK,23.5,23.600000381469727,23.5,23.5,23.108333587646484,53200.0
2025-09-03,BAY.BK,23.5,23.799999237060547,23.5,23.600000381469727,23.206666946411133,154800.0
2025-09-04,BAY.BK,23.600000381469727,23.799999237060547,23.600000381469727,23.600000381469727,23.206666946411133,98800.0
2025-09-05,BAY.BK,23.700000762939453,23.899999618530273,23.600000381469727,23.899999618530273,23.501667022705078,205200.0
2025-09-08,BAY.BK,23.899999618530273,24.600000381469727,23.899999618530273,24.0,23.600000381469727,365300.0
2025-09-09,BAY.BK,24.100000381469727,24.200000762939453,23.899999618530273,24.0,23.600000381469727,385900.0
2025-09-10,BAY.BK,23.700000762939453,23.799999237060547,23.600000381469727,23.700000762939453,23.700000762939453,223300.0
2025-09-11,BAY.BK,23.799999237060547,23.799999237060547,23.5,23.700000762939453,23.700000762939453,148400.0
2025-09-12,BAY.BK,23.799999237060547,23.799999237060547,23.600000381469727,23.799999237060547,23.799999237060547,86200.0
2025-09-15,BAY.BK,23.799999237060547,23.899999618530273,23.600000381469727,23.799999237060547,23.799999237060547,103800.0
2025-09-16,BAY.BK,23.799999237060547,23.899999618530273,23.700000762939453,23.700000762939453,23.700000762939453,258400.0
2025-09-17,BAY.BK,23.700000762939453,23.799999237060547,23.600000381469727,23.799999237060547,23.799999237060547,375200.0
2025-09-18,BAY.BK,23.799999237060547,23.799999237060547,23.5,23.5,23.5,159100.0
2025-09-19,BAY.BK,23.5,23.700000762939453,23.5,23.600000381469727,23.600000381469727,44900.0
2025-09-22,BAY.BK,23.600000381469727,23.700000762939453,23.5,23.5,23.5,60900.0
2025-09-23,BAY.BK,23.5,23.600000381469727,23.200000762939453,23.200000762939453,23.200000762939453,316800.0
2025-09-24,BAY.BK,23.100000381469727,23.399999618530273,23.100000381469727,23.200000762939453,23.200000762939453,103600.0
2025-09-25,BAY.BK,23.399999618530273,23.600000381469727,23.299999237060547,23.600000381469727,23.600000381469727,131300.0
2025-09-26,BAY.BK,23.5,23.5,23.299999237060547,23.399999618530273,23.399999618530273,103400.0
2025-09-29,BAY.BK,23.399999618530273,23.600000381469727,23.399999618530273,23.399999618530273,23.399999618530273,148200.0
2025-09-30,BAY.BK,23.399999618530273,23.5,23.299999237060547,23.5,23.5,78600.0
2025-10-01,BAY.BK,23.399999618530273,23.5,23.200000762939453,23.200000762939453,23.200000762939453,123700.0
2025-10-02,BAY.BK,23.200000762939453,23.399999618530273,23.200000762939453,23.299999237060547,23.299999237060547,32400.0
2025-10-03,BAY.BK,23.299999237060547,23.700000762939453,23.299999237060547,23.700000762939453,23.700000762939453,333800.0
2025-10-06,BAY.BK,23.700000762939453,23.700000762939453,23.5,23.700000762939453,23.700000762939453,64600.0
2025-10-07,BAY.BK,23.700000762939453,23.700000762939453,23.700000762939453,23.700000762939453,23.700000762939453,0.0
2025-10-08,BAY.BK,23.600000381469727,23.799999237060547,23.5,23.5,23.5,229500.0
2025-10-09,BAY.BK,23.5,23.700000762939453,23.5,23.700000762939453,23.700000762939453,136500.0
2025-10-10,BAY.BK,23.700000762939453,23.799999237060547,23.600000381469727,23.799999237060547,23.799999237060547,228100.0
2025-10-14,BAY.BK,23.700000762939453,23.799999237060547,23.5,23.700000762939453,23.700000762939453,132300.0
2025-10-15,BAY.BK,23.700000762939453,24.100000381469727,23.5,24.0,24.0,353200.0
2025-10-16,BAY.BK,23.899999618530273,24.0,23.600000381469727,23.600000381469727,23.600000381469727,122700.0
2025-10-17,BAY.BK,23.600000381469727,23.799999237060547,23.5,23.5,23.5,246400.0
2025-10-20,BAY.BK,23.5,23.700000762939453,23.5,23.5,23.5,91400.0
2025-10-21,BAY.BK,23.700000762939453,24.799999237060547,23.700000762939453,24.700000762939453,24.700000762939453,1462000.0
2025-10-22,BAY.BK,24.700000762939453,25.0,24.299999237060547,24.299999237060547,24.299999237060547,1077800.0
2025-10-24,BAY.BK,24.399999618530273,24.700000762939453,24.299999237060547,24.600000381469727,24.600000381469727,605000.0
2025-10-27,BAY.BK,24.700000762939453,24.700000762939453,24.299999237060547,24.299999237060547,24.299999237060547,307200.0
2025-10-28,BAY.BK,24.299999237060547,24.399999618530273,24.0,24.0,24.0,331500.0
2025-10-29,BAY.BK,24.0,24.200000762939453,23.899999618530273,23.899999618530273,23.899999618530273,161600.0
2025-10-30,BAY.BK,24.0,24.299999237060547,23.799999237060547,24.200000762939453,24.200000762939453,112900.0
2025-10-31,BAY.BK,24.200000762939453,24.299999237060547,24.200000762939453,24.299999237060547,24.299999237060547,38400.0
2025-11-03,BAY.BK,24.299999237060547,24.5,24.200000762939453,24.299999237060547,24.299999237060547,102100.0
2025-11-04,BAY.BK,24.399999618530273,24.399999618530273,23.799999237060547,24.200000762939453,24.200000762939453,395900.0
2025-11-05,BAY.BK,24.0,24.399999618530273,24.0,24.299999237060547,24.299999237060547,122200.0
2025-11-06,BAY.BK,24.299999237060547,24.399999618530273,24.100000381469727,24.399999618530273,24.399999618530273,73800.0
2025-11-07,BAY.BK,24.299999237060547,24.299999237060547,24.100000381469727,24.100000381469727,24.100000381469727,77400.0
2025-11-10,BAY.BK,24.100000381469727,24.200000762939453,24.100000381469727,24.100000381469727,24.100000381469727,55500.0
2025-11-11,BAY.BK,24.200000762939453,24.5,24.100000381469727,24.5,24.5,340400.0
2025-11-12,BAY.BK,24.5,24.5,24.200000762939453,24.5,24.5,86300.0
2025-11-13,BAY.BK,24.5,24.5,24.100000381469727,24.299999237060547,24.299999237060547,75500.0
2025-11-14,BAY.BK,24.200000762939453,24.200000762939453,23.799999237060547,24.0,24.0,364300.0
2025-11-17,BAY.BK,23.799999237060547,24.5,23.799999237060547,24.5,24.5,220000.0
2025-11-18,BAY.BK,24.5,24.5,24.100000381469727,24.399999618530273,24.399999618530273,126700.0
2025-11-19,BAY.BK,24.399999618530273,24.5,24.100000381469727,24.5,24.5,125800.0
2025-11-20,BAY.BK,24.5,24.5,24.299999237060547,24.399999618530273,24.399999618530273,60700.0
2025-11-21,BAY.BK,24.299999237060547,24.399999618530273,24.200000762939453,24.299999237060547,24.299999237060547,170200.0
2025-11-24,BAY.BK,24.399999618530273,24.399999618530273,24.0,24.0,24.0,226200.0
2025-11-25,BAY.BK,24.0,24.299999237060547,24.0,24.200000762939453,24.200000762939453,184700.0
2025-11-26,BAY.BK,24.100000381469727,24.100000381469727,24.0,24.100000381469727,24.100000381469727,484200.0
2025-11-27,BAY.BK,24.100000381469727,24.200000762939453,24.0,24.0,24.0,62600.0
2025-11-28,BAY.BK,24.100000381469727,24.100000381469727,24.0,24.0,24.0,31500.0
2025-12-01,BAY.BK,24.200000762939453,24.299999237060547,24.100000381469727,24.299999237060547,24.299999237060547,141200.0
2025-12-02,BAY.BK,24.200000762939453,24.399999618530273,24.200000762939453,24.200000762939453,24.200000762939453,96800.0
2025-12-03,BAY.BK,24.399999618530273,24.600000381469727,24.299999237060547,24.600000381469727,24.600000381469727,459800.0
2025-12-04,BAY.BK,24.600000381469727,24.700000762939453,24.5,24.700000762939453,24.700000762939453,438600.0
2025-12-08,BAY.BK,24.700000762939453,24.799999237060547,24.600000381469727,24.600000381469727,24.600000381469727,200900.0
2025-12-09,BAY.BK,24.600000381469727,24.700000762939453,24.5,24.600000381469727,24.600000381469727,80900.0
2025-12-11,BAY.BK,24.5,24.600000381469727,24.399999618530273,24.600000381469727,24.600000381469727,209200.0
2025-12-12,BAY.BK,24.600000381469727,24.600000381469727,24.299999237060547,24.5,24.5,171700.0
2025-12-15,BAY.BK,24.5,24.5,24.399999618530273,24.5,24.5,75100.0
2025-12-16,BAY.BK,24.5,24.600000381469727,24.399999618530273,24.5,24.5,92800.0
2025-12-17,BAY.BK,24.5,24.600000381469727,24.5,24.5,24.5,101500.0
2025-12-18,BAY.BK,24.5,25.25,24.5,25.25,25.25,1249300.0
2025-12-19,BAY.BK,25.0,25.25,25.0,25.25,25.25,150500.0
2025-12-22,BAY.BK,25.25,25.25,25.0,25.25,25.25,79900.0
2025-12-23,BAY.BK,25.0,25.25,25.0,25.25,25.25,66200.0
2025-12-24,BAY.BK,25.25,25.25,25.0,25.25,25.25,156200.0
2025-12-25,BAY.BK,25.25,25.25,25.0,25.0,25.0,56400.0
2025-12-26,BAY.BK,25.25,25.25,25.0,25.0,25.0,68200.0
2025-12-29,BAY.BK,25.0,25.5,24.899999618530273,25.5,25.5,454700.0
2025-12-30,BAY.BK,25.5,26.0,25.25,26.0,26.0,407900.0
2026-01-05,BAY.BK,26.0,26.5,25.75,26.25,26.25,806900.0
2026-01-06,BAY.BK,26.25,26.5,25.5,26.5,26.5,522100.0
2026-01-07,BAY.BK,26.25,26.25,26.0,26.0,26.0,199800.0
2026-01-08,BAY.BK,26.0,26.25,25.75,26.25,26.25,112900.0
2026-01-09,BAY.BK,26.0,26.25,25.75,26.25,26.25,226500.0
2026-01-12,BAY.BK,26.0,26.0,25.75,26.0,26.0,1690500.0
2026-01-13,BAY.BK,26.0,26.0,25.25,25.5,25.5,363100.0
2026-01-14,BAY.BK,25.5,26.0,25.0,26.0,26.0,403000.0
2026-01-15,BAY.BK,26.0,26.0,25.5,26.0,26.0,116200.0
2026-01-16,BAY.BK,26.0,26.0,25.5,25.75,25.75,299000.0
2026-01-19,BAY.BK,25.75,26.0,25.5,25.75,25.75,155500.0
2026-01-20,BAY.BK,25.75,26.0,25.5,25.75,25.75,277600.0
2026-01-21,BAY.BK,26.0,26.0,25.5,25.5,25.5,259900.0
2026-01-22,BAY.BK,25.5,25.75,25.25,25.25,25.25,315600.0
2026-01-23,BAY.BK,25.25,25.5,25.25,25.5,25.5,112500.0
2026-01-26,BAY.BK,25.5,25.5,25.0,25.5,25.5,382200.0
2026-01-27,BAY.BK,25.5,25.75,25.25,25.25,25.25,281900.0
2026-01-28,BAY.BK,25.75,25.75,25.25,25.75,25.75,246200.0
2026-01-29,BAY.BK,25.5,25.75,25.25,25.25,25.25,83800.0
2026-01-30,BAY.BK,25.25,25.5,25.25,25.25,25.25,116400.0
2026-02-02,BAY.BK,25.5,25.5,25.25,25.25,25.25,406700.0
2026-02-03,BAY.BK,25.25,25.75,25.25,25.25,25.25,246500.0
2026-02-04,BAY.BK,25.5,25.75,25.25,25.5,25.5,122500.0
2026-02-05,BAY.BK,25.5,25.75,25.25,25.5,25.5,444500.0
2026-02-06,BAY.BK,25.25,25.75,25.25,25.25,25.25,609700.0
2026-02-09,BAY.BK,25.5,26.0,25.25,25.75,25.75,714100.0
2026-02-10,BAY.BK,26.0,26.0,25.5,25.75,25.75,239600.0
2026-02-11,BAY.BK,25.75,25.75,25.5,25.5,25.5,124300.0
2026-02-12,BAY.BK,25.5,25.75,25.5,25.5,25.5,467400.0
2026-02-13,BAY.BK,25.5,25.75,25.5,25.75,25.75,392300.0
2026-02-16,BAY.BK,25.75,25.75,25.5,25.5,25.5,56100.0
2026-02-17,BAY.BK,25.75,26.5,25.75,26.5,26.5,903700.0
2026-02-18,BAY.BK,26.5,27.5,26.25,27.25,27.25,2066900.0
2026-02-19,BAY.BK,27.25,27.75,27.25,27.5,27.5,1382100.0
2026-02-20,BAY.BK,27.5,28.0,27.0,27.5,27.5,1561000.0
2026-02-23,BAY.BK,27.75,28.0,27.0,27.25,27.25,1588700.0
2026-02-24,BAY.BK,27.0,27.25,26.75,26.75,26.75,1581500.0
2026-02-25,BAY.BK,27.25,27.25,26.0,26.0,26.0,2001800.0
2026-02-26,BAY.BK,26.0,26.5,25.75,26.25,26.25,2776500.0
2026-02-27,BAY.BK,26.5,27.25,26.25,26.75,26.75,1576700.0
2026-03-02,BAY.BK,26.25,26.5,25.75,25.75,25.75,1431000.0
2026-03-04,BAY.BK,25.0,25.25,24.100000381469727,24.700000762939453,24.700000762939453,3036400.0
2026-03-05,BAY.BK,25.0,25.25,24.5,25.25,25.25,763100.0
2026-03-06,BAY.BK,25.0,25.25,24.799999237060547,25.0,25.0,383100.0
2026-03-09,BAY.BK,24.399999618530273,24.899999618530273,24.200000762939453,24.700000762939453,24.700000762939453,654300.0
2026-03-10,BAY.BK,25.0,25.25,24.899999618530273,25.0,25.0,375400.0
2026-03-11,BAY.BK,25.25,26.0,25.25,26.0,26.0,687500.0
2026-03-12,BAY.BK,25.75,26.0,25.25,25.75,25.75,661300.0
2026-03-13,BAY.BK,25.5,25.75,25.25,25.25,25.25,496000.0
2026-03-16,BAY.BK,25.25,25.5,25.25,25.25,25.25,156500.0
2026-03-17,BAY.BK,25.5,25.75,25.25,25.5,25.5,172500.0
2026-03-18,BAY.BK,25.5,25.75,25.5,25.5,25.5,191000.0
2026-03-19,BAY.BK,25.5,25.5,25.25,25.25,25.25,381800.0
2026-03-20,BAY.BK,25.5,25.5,25.25,25.5,25.5,70400.0
2026-03-23,BAY.BK,25.25,25.5,25.0,25.25,25.25,188100.0
2026-03-24,BAY.BK,25.25,25.5,25.25,25.5,25.5,318800.0
2026-03-25,BAY.BK,25.5,25.75,25.25,25.5,25.5,269800.0
2026-03-26,BAY.BK,25.5,25.75,25.25,25.5,25.5,333400.0
2026-03-27,BAY.BK,25.5,25.75,25.25,25.5,25.5,179600.0
2026-03-30,BAY.BK,25.5,25.5,25.25,25.25,25.25,286400.0
2026-03-31,BAY.BK,25.5,25.75,25.5,25.5,25.5,59700.0
2026-04-01,BAY.BK,25.75,26.0,25.75,26.0,26.0,607200.0
2026-04-02,BAY.BK,26.0,26.0,25.75,26.0,26.0,288900.0
2026-04-03,BAY.BK,26.0,26.0,25.75,26.0,26.0,260000.0
2026-04-07,BAY.BK,26.0,26.0,25.75,26.0,26.0,240700.0
2026-04-08,BAY.BK,26.0,26.0,25.75,26.0,26.0,93800.0
2026-04-09,BAY.BK,26.0,26.25,25.75,26.0,26.0,308900.0
2026-04-10,BAY.BK,26.0,26.0,25.75,25.75,25.75,74100.0
