Date,Ticker,Open,High,Low,Close,Adj Close,Volume
2016-04-11,CGD.BK,1.149999976158142,1.149999976158142,1.1299999952316284,1.1399999856948853,1.1399999856948853,2320600.0
2016-04-12,CGD.BK,1.1399999856948853,1.1399999856948853,1.1299999952316284,1.1399999856948853,1.1399999856948853,4742800.0
2016-04-18,CGD.BK,1.1399999856948853,1.149999976158142,1.1299999952316284,1.1299999952316284,1.1299999952316284,1661000.0
2016-04-19,CGD.BK,1.1399999856948853,1.149999976158142,1.1100000143051147,1.1299999952316284,1.1299999952316284,7736800.0
2016-04-20,CGD.BK,1.1299999952316284,1.1699999570846558,1.1299999952316284,1.159999966621399,1.159999966621399,10515000.0
2016-04-21,CGD.BK,1.159999966621399,1.2000000476837158,1.149999976158142,1.1699999570846558,1.1699999570846558,26090900.0
2016-04-22,CGD.BK,1.1699999570846558,1.1699999570846558,1.149999976158142,1.1699999570846558,1.1699999570846558,3475400.0
2016-04-25,CGD.BK,1.159999966621399,1.1699999570846558,1.1399999856948853,1.1399999856948853,1.1399999856948853,1744200.0
2016-04-26,CGD.BK,1.149999976158142,1.149999976158142,1.1399999856948853,1.149999976158142,1.149999976158142,2124800.0
2016-04-27,CGD.BK,1.149999976158142,1.159999966621399,1.1399999856948853,1.1399999856948853,1.1399999856948853,2142400.0
2016-04-28,CGD.BK,1.149999976158142,1.159999966621399,1.1299999952316284,1.1299999952316284,1.1299999952316284,1996500.0
2016-04-29,CGD.BK,1.1399999856948853,1.1399999856948853,1.1200000047683716,1.1200000047683716,1.1200000047683716,2776000.0
2016-05-03,CGD.BK,1.1200000047683716,1.1299999952316284,1.1100000143051147,1.1200000047683716,1.1200000047683716,3209600.0
2016-05-04,CGD.BK,1.1200000047683716,1.1399999856948853,1.1200000047683716,1.1299999952316284,1.1299999952316284,3073400.0
2016-05-09,CGD.BK,1.1299999952316284,1.1399999856948853,1.1200000047683716,1.1299999952316284,1.1299999952316284,1496400.0
2016-05-10,CGD.BK,1.1200000047683716,1.1399999856948853,1.1200000047683716,1.1200000047683716,1.1200000047683716,2967900.0
2016-05-11,CGD.BK,1.1200000047683716,1.1299999952316284,1.1100000143051147,1.1200000047683716,1.1200000047683716,1626400.0
2016-05-12,CGD.BK,1.1200000047683716,1.1299999952316284,1.1100000143051147,1.1200000047683716,1.1200000047683716,992300.0
2016-05-13,CGD.BK,1.1299999952316284,1.1399999856948853,1.1200000047683716,1.1399999856948853,1.1399999856948853,3891300.0
2016-05-16,CGD.BK,1.1399999856948853,1.1399999856948853,1.1100000143051147,1.1100000143051147,1.1100000143051147,6853600.0
2016-05-17,CGD.BK,1.1100000143051147,1.1200000047683716,1.100000023841858,1.100000023841858,1.100000023841858,9019800.0
2016-05-18,CGD.BK,1.100000023841858,1.1100000143051147,1.0800000429153442,1.0800000429153442,1.0800000429153442,4623500.0
2016-05-19,CGD.BK,1.0700000524520874,1.0800000429153442,1.059999942779541,1.059999942779541,1.059999942779541,6266900.0
2016-05-23,CGD.BK,1.0499999523162842,1.090000033378601,1.0499999523162842,1.0700000524520874,1.0700000524520874,7597100.0
2016-05-24,CGD.BK,1.0800000429153442,1.0800000429153442,1.059999942779541,1.0700000524520874,1.0700000524520874,1673200.0
2016-05-25,CGD.BK,1.0800000429153442,1.1299999952316284,1.059999942779541,1.090000033378601,1.090000033378601,6015400.0
2016-05-26,CGD.BK,1.100000023841858,1.100000023841858,1.0800000429153442,1.0800000429153442,1.0800000429153442,2141200.0
2016-05-27,CGD.BK,1.0800000429153442,1.1100000143051147,1.0700000524520874,1.0800000429153442,1.0800000429153442,5764600.0
2016-05-30,CGD.BK,1.0800000429153442,1.100000023841858,1.0700000524520874,1.0700000524520874,1.0700000524520874,3160900.0
2016-05-31,CGD.BK,1.0800000429153442,1.1299999952316284,1.0800000429153442,1.1299999952316284,1.1299999952316284,7626400.0
2016-06-01,CGD.BK,1.1100000143051147,1.1100000143051147,1.0800000429153442,1.090000033378601,1.090000033378601,4146800.0
2016-06-02,CGD.BK,1.100000023841858,1.100000023841858,1.0800000429153442,1.0800000429153442,1.0800000429153442,1705200.0
2016-06-03,CGD.BK,1.090000033378601,1.100000023841858,1.0800000429153442,1.090000033378601,1.090000033378601,2980600.0
2016-06-06,CGD.BK,1.090000033378601,1.100000023841858,1.090000033378601,1.090000033378601,1.090000033378601,1793900.0
2016-06-07,CGD.BK,1.090000033378601,1.2300000190734863,0.7900000214576721,1.0700000524520874,1.0700000524520874,73571900.0
2016-06-08,CGD.BK,1.0700000524520874,1.0800000429153442,1.059999942779541,1.0700000524520874,1.0700000524520874,5350500.0
2016-06-09,CGD.BK,1.0700000524520874,1.100000023841858,1.059999942779541,1.0800000429153442,1.0800000429153442,3214700.0
2016-06-10,CGD.BK,1.0700000524520874,1.1100000143051147,1.0700000524520874,1.0800000429153442,1.0800000429153442,5178000.0
2016-06-13,CGD.BK,1.090000033378601,1.090000033378601,1.0800000429153442,1.090000033378601,1.090000033378601,674700.0
2016-06-14,CGD.BK,1.090000033378601,1.1100000143051147,1.0800000429153442,1.090000033378601,1.090000033378601,3128500.0
2016-06-15,CGD.BK,1.090000033378601,1.090000033378601,1.0700000524520874,1.0800000429153442,1.0800000429153442,3978500.0
2016-06-16,CGD.BK,1.0800000429153442,1.0800000429153442,1.0700000524520874,1.0800000429153442,1.0800000429153442,1908500.0
2016-06-17,CGD.BK,1.0800000429153442,1.090000033378601,1.0700000524520874,1.0800000429153442,1.0800000429153442,3839800.0
2016-06-20,CGD.BK,1.0800000429153442,1.0800000429153442,1.0700000524520874,1.0800000429153442,1.0800000429153442,1053700.0
2016-06-21,CGD.BK,1.0800000429153442,1.090000033378601,1.0700000524520874,1.0800000429153442,1.0800000429153442,2365700.0
2016-06-22,CGD.BK,1.090000033378601,1.090000033378601,1.0700000524520874,1.0700000524520874,1.0700000524520874,942800.0
2016-06-23,CGD.BK,1.0700000524520874,1.1100000143051147,1.0700000524520874,1.0800000429153442,1.0800000429153442,12290200.0
2016-06-24,CGD.BK,1.0800000429153442,1.0800000429153442,1.059999942779541,1.0700000524520874,1.0700000524520874,5083300.0
2016-06-27,CGD.BK,1.0700000524520874,1.0700000524520874,1.0499999523162842,1.0499999523162842,1.0499999523162842,3904900.0
2016-06-28,CGD.BK,1.0700000524520874,1.0700000524520874,1.0499999523162842,1.059999942779541,1.059999942779541,2037500.0
2016-06-29,CGD.BK,1.0700000524520874,1.0700000524520874,1.0499999523162842,1.0700000524520874,1.0700000524520874,3526200.0
2016-06-30,CGD.BK,1.0700000524520874,1.0700000524520874,1.0499999523162842,1.059999942779541,1.059999942779541,2208100.0
2016-07-04,CGD.BK,1.059999942779541,1.1200000047683716,1.059999942779541,1.100000023841858,1.100000023841858,14027500.0
2016-07-05,CGD.BK,1.1299999952316284,1.1299999952316284,1.090000033378601,1.090000033378601,1.090000033378601,4312900.0
2016-07-06,CGD.BK,1.090000033378601,1.090000033378601,1.0700000524520874,1.0700000524520874,1.0700000524520874,4251900.0
2016-07-07,CGD.BK,1.0800000429153442,1.090000033378601,1.0700000524520874,1.0800000429153442,1.0800000429153442,2525800.0
2016-07-08,CGD.BK,1.0700000524520874,1.090000033378601,1.0700000524520874,1.0800000429153442,1.0800000429153442,1617600.0
2016-07-11,CGD.BK,1.0800000429153442,1.090000033378601,1.0700000524520874,1.0700000524520874,1.0700000524520874,3441100.0
2016-07-12,CGD.BK,1.0800000429153442,1.090000033378601,1.0700000524520874,1.0700000524520874,1.0700000524520874,1454900.0
2016-07-13,CGD.BK,1.0800000429153442,1.0800000429153442,1.0700000524520874,1.0700000524520874,1.0700000524520874,2421200.0
2016-07-14,CGD.BK,1.0700000524520874,1.0800000429153442,1.0700000524520874,1.0800000429153442,1.0800000429153442,623200.0
2016-07-15,CGD.BK,1.0700000524520874,1.090000033378601,1.0700000524520874,1.090000033378601,1.090000033378601,3052900.0
2016-07-20,CGD.BK,1.090000033378601,1.100000023841858,1.0800000429153442,1.0800000429153442,1.0800000429153442,2403000.0
2016-07-21,CGD.BK,1.0800000429153442,1.090000033378601,1.0700000524520874,1.0700000524520874,1.0700000524520874,4588600.0
2016-07-22,CGD.BK,1.0700000524520874,1.090000033378601,1.0700000524520874,1.0700000524520874,1.0700000524520874,1345100.0
2016-07-25,CGD.BK,1.0800000429153442,1.0800000429153442,1.0700000524520874,1.0700000524520874,1.0700000524520874,2389400.0
2016-07-26,CGD.BK,1.0700000524520874,1.0800000429153442,1.059999942779541,1.059999942779541,1.059999942779541,6950900.0
2016-07-27,CGD.BK,1.059999942779541,1.0700000524520874,1.059999942779541,1.059999942779541,1.059999942779541,1039700.0
2016-07-28,CGD.BK,1.059999942779541,1.0700000524520874,1.059999942779541,1.0700000524520874,1.0700000524520874,4449100.0
2016-07-29,CGD.BK,1.0700000524520874,1.0800000429153442,1.0499999523162842,1.059999942779541,1.059999942779541,5471700.0
2016-08-01,CGD.BK,1.0499999523162842,1.059999942779541,1.0499999523162842,1.0499999523162842,1.0499999523162842,3258300.0
2016-08-02,CGD.BK,1.0499999523162842,1.0800000429153442,1.0399999618530273,1.0499999523162842,1.0499999523162842,8114500.0
2016-08-03,CGD.BK,1.059999942779541,1.0700000524520874,1.0399999618530273,1.0499999523162842,1.0499999523162842,3944700.0
2016-08-04,CGD.BK,1.0499999523162842,1.059999942779541,1.0399999618530273,1.0499999523162842,1.0499999523162842,2523100.0
2016-08-05,CGD.BK,1.0499999523162842,1.059999942779541,1.0499999523162842,1.0499999523162842,1.0499999523162842,2564500.0
2016-08-08,CGD.BK,1.059999942779541,1.0800000429153442,1.059999942779541,1.0700000524520874,1.0700000524520874,2851400.0
2016-08-09,CGD.BK,1.0700000524520874,1.0700000524520874,1.0499999523162842,1.0700000524520874,1.0700000524520874,2243300.0
2016-08-10,CGD.BK,1.0499999523162842,1.100000023841858,1.0499999523162842,1.0800000429153442,1.0800000429153442,5805900.0
2016-08-11,CGD.BK,1.090000033378601,1.090000033378601,1.0700000524520874,1.0800000429153442,1.0800000429153442,1609900.0
2016-08-15,CGD.BK,1.0700000524520874,1.0800000429153442,1.0499999523162842,1.0499999523162842,1.0499999523162842,3863800.0
2016-08-16,CGD.BK,1.0499999523162842,1.0700000524520874,1.0399999618530273,1.0499999523162842,1.0499999523162842,3468600.0
2016-08-17,CGD.BK,1.0499999523162842,1.0700000524520874,1.0499999523162842,1.059999942779541,1.059999942779541,828500.0
2016-08-18,CGD.BK,1.059999942779541,1.0700000524520874,1.0499999523162842,1.0499999523162842,1.0499999523162842,2068200.0
2016-08-19,CGD.BK,1.0499999523162842,1.0700000524520874,1.0399999618530273,1.0499999523162842,1.0499999523162842,4560500.0
2016-08-22,CGD.BK,1.0399999618530273,1.0700000524520874,1.0399999618530273,1.0499999523162842,1.0499999523162842,4660800.0
2016-08-23,CGD.BK,1.0499999523162842,1.059999942779541,1.0299999713897705,1.0299999713897705,1.0299999713897705,7212400.0
2016-08-24,CGD.BK,1.0499999523162842,1.100000023841858,1.0399999618530273,1.0800000429153442,1.0800000429153442,13909800.0
2016-08-25,CGD.BK,1.0700000524520874,1.090000033378601,1.059999942779541,1.0800000429153442,1.0800000429153442,5860400.0
2016-08-26,CGD.BK,1.0800000429153442,1.090000033378601,1.0700000524520874,1.0700000524520874,1.0700000524520874,4061300.0
2016-08-29,CGD.BK,1.0700000524520874,1.0800000429153442,1.059999942779541,1.0700000524520874,1.0700000524520874,2443600.0
2016-08-30,CGD.BK,1.059999942779541,1.0700000524520874,1.0399999618530273,1.0499999523162842,1.0499999523162842,3072400.0
2016-08-31,CGD.BK,1.0499999523162842,1.0700000524520874,1.0499999523162842,1.0499999523162842,1.0499999523162842,1682300.0
2016-09-01,CGD.BK,1.0499999523162842,1.0700000524520874,1.0399999618530273,1.0399999618530273,1.0399999618530273,6906800.0
2016-09-02,CGD.BK,1.0499999523162842,1.0499999523162842,1.0199999809265137,1.0399999618530273,1.0399999618530273,12113500.0
2016-09-05,CGD.BK,1.0499999523162842,1.0499999523162842,1.0,1.0199999809265137,1.0199999809265137,13773800.0
2016-09-06,CGD.BK,1.0099999904632568,1.0299999713897705,1.0,1.0299999713897705,1.0299999713897705,13266300.0
2016-09-07,CGD.BK,1.0299999713897705,1.0499999523162842,1.0199999809265137,1.0399999618530273,1.0399999618530273,11727800.0
2016-09-08,CGD.BK,1.0499999523162842,1.0499999523162842,1.0099999904632568,1.0399999618530273,1.0399999618530273,9265300.0
2016-09-09,CGD.BK,1.0199999809265137,1.0399999618530273,1.0199999809265137,1.0299999713897705,1.0299999713897705,9527900.0
2016-09-12,CGD.BK,1.0199999809265137,1.0199999809265137,1.0099999904632568,1.0199999809265137,1.0199999809265137,4862700.0
2016-09-13,CGD.BK,1.0199999809265137,1.0499999523162842,1.0199999809265137,1.0399999618530273,1.0399999618530273,8065000.0
2016-09-14,CGD.BK,1.0399999618530273,1.0399999618530273,1.0299999713897705,1.0399999618530273,1.0399999618530273,1830800.0
2016-09-15,CGD.BK,1.0399999618530273,1.0499999523162842,1.0299999713897705,1.0499999523162842,1.0499999523162842,1010800.0
2016-09-16,CGD.BK,1.0499999523162842,1.059999942779541,1.0299999713897705,1.059999942779541,1.059999942779541,7933300.0
2016-09-19,CGD.BK,1.0499999523162842,1.059999942779541,1.0399999618530273,1.0399999618530273,1.0399999618530273,4986100.0
2016-09-20,CGD.BK,1.059999942779541,1.1200000047683716,1.0499999523162842,1.090000033378601,1.090000033378601,30747500.0
2016-09-21,CGD.BK,1.090000033378601,1.100000023841858,1.0700000524520874,1.0700000524520874,1.0700000524520874,7910800.0
2016-09-22,CGD.BK,1.0800000429153442,1.1200000047683716,1.0700000524520874,1.1200000047683716,1.1200000047683716,47198900.0
2016-09-23,CGD.BK,1.1200000047683716,1.1399999856948853,1.090000033378601,1.090000033378601,1.090000033378601,23028200.0
2016-09-26,CGD.BK,1.090000033378601,1.1200000047683716,1.090000033378601,1.090000033378601,1.090000033378601,3956500.0
2016-09-27,CGD.BK,1.100000023841858,1.1100000143051147,1.090000033378601,1.100000023841858,1.100000023841858,7104900.0
2016-09-28,CGD.BK,1.090000033378601,1.100000023841858,1.0499999523162842,1.0499999523162842,1.0499999523162842,8757100.0
2016-09-29,CGD.BK,1.0499999523162842,1.0700000524520874,1.0399999618530273,1.0499999523162842,1.0499999523162842,6187300.0
2016-09-30,CGD.BK,1.0499999523162842,1.059999942779541,1.0299999713897705,1.0299999713897705,1.0299999713897705,4332500.0
2016-10-03,CGD.BK,1.0399999618530273,1.0499999523162842,1.0299999713897705,1.0399999618530273,1.0399999618530273,1057000.0
2016-10-04,CGD.BK,1.0399999618530273,1.0499999523162842,1.0299999713897705,1.0299999713897705,1.0299999713897705,1482800.0
2016-10-05,CGD.BK,1.0299999713897705,1.0499999523162842,1.0299999713897705,1.0299999713897705,1.0299999713897705,5416200.0
2016-10-06,CGD.BK,1.0299999713897705,1.059999942779541,1.0299999713897705,1.059999942779541,1.059999942779541,2544300.0
2016-10-07,CGD.BK,1.059999942779541,1.059999942779541,1.0399999618530273,1.0399999618530273,1.0399999618530273,1274800.0
2016-10-10,CGD.BK,1.0199999809265137,1.0399999618530273,1.0099999904632568,1.0399999618530273,1.0399999618530273,9718600.0
2016-10-11,CGD.BK,1.0399999618530273,1.0399999618530273,1.0099999904632568,1.0299999713897705,1.0299999713897705,7682100.0
2016-10-12,CGD.BK,1.0099999904632568,1.0199999809265137,0.9599999785423279,1.0,1.0,28867600.0
2016-10-13,CGD.BK,0.9700000286102295,1.0099999904632568,0.9399999976158142,1.0099999904632568,1.0099999904632568,11590200.0
2016-10-14,CGD.BK,1.0099999904632568,1.0299999713897705,1.0,1.0199999809265137,1.0199999809265137,6424900.0
2016-10-17,CGD.BK,1.0099999904632568,1.0199999809265137,1.0,1.0099999904632568,1.0099999904632568,2626800.0
2016-10-18,CGD.BK,1.0099999904632568,1.0099999904632568,1.0,1.0099999904632568,1.0099999904632568,1419800.0
2016-10-19,CGD.BK,1.0,1.0199999809265137,1.0,1.0,1.0,2486600.0
2016-10-20,CGD.BK,1.0099999904632568,1.0199999809265137,1.0099999904632568,1.0199999809265137,1.0199999809265137,2127700.0
2016-10-21,CGD.BK,1.0099999904632568,1.0299999713897705,1.0099999904632568,1.0099999904632568,1.0099999904632568,14039700.0
2016-10-25,CGD.BK,1.0199999809265137,1.0399999618530273,1.0099999904632568,1.0399999618530273,1.0399999618530273,18794100.0
2016-10-26,CGD.BK,1.0399999618530273,1.0399999618530273,1.0199999809265137,1.0199999809265137,1.0199999809265137,10688300.0
2016-10-27,CGD.BK,1.0199999809265137,1.0299999713897705,1.0199999809265137,1.0199999809265137,1.0199999809265137,1137200.0
2016-10-28,CGD.BK,1.0199999809265137,1.0299999713897705,1.0099999904632568,1.0199999809265137,1.0199999809265137,2260200.0
2016-10-31,CGD.BK,1.0199999809265137,1.0299999713897705,1.0099999904632568,1.0199999809265137,1.0199999809265137,1053600.0
2016-11-01,CGD.BK,1.0199999809265137,1.0399999618530273,1.0099999904632568,1.0399999618530273,1.0399999618530273,4990200.0
2016-11-02,CGD.BK,1.0199999809265137,1.0399999618530273,1.0199999809265137,1.0299999713897705,1.0299999713897705,1817900.0
2016-11-03,CGD.BK,1.0299999713897705,1.0399999618530273,1.0199999809265137,1.0299999713897705,1.0299999713897705,1990300.0
2016-11-04,CGD.BK,1.0299999713897705,1.0299999713897705,1.0199999809265137,1.0299999713897705,1.0299999713897705,1666300.0
2016-11-07,CGD.BK,1.0399999618530273,1.0399999618530273,1.0299999713897705,1.0299999713897705,1.0299999713897705,2918600.0
2016-11-08,CGD.BK,1.0299999713897705,1.059999942779541,1.0299999713897705,1.0499999523162842,1.0499999523162842,5413700.0
2016-11-09,CGD.BK,1.0499999523162842,1.0499999523162842,1.0199999809265137,1.0299999713897705,1.0299999713897705,3724600.0
2016-11-10,CGD.BK,1.0299999713897705,1.0499999523162842,1.0299999713897705,1.0399999618530273,1.0399999618530273,1509000.0
2016-11-11,CGD.BK,1.0399999618530273,1.0399999618530273,1.0099999904632568,1.0299999713897705,1.0299999713897705,6730500.0
2016-11-14,CGD.BK,1.0199999809265137,1.0199999809265137,1.0,1.0099999904632568,1.0099999904632568,3352000.0
2016-11-15,CGD.BK,1.0099999904632568,1.0199999809265137,1.0099999904632568,1.0099999904632568,1.0099999904632568,2329100.0
2016-11-16,CGD.BK,1.0199999809265137,1.0299999713897705,1.0099999904632568,1.0199999809265137,1.0199999809265137,2693600.0
2016-11-17,CGD.BK,1.0199999809265137,1.0299999713897705,1.0,1.0,1.0,4895200.0
2016-11-18,CGD.BK,1.0,1.0099999904632568,1.0,1.0099999904632568,1.0099999904632568,2955000.0
2016-11-21,CGD.BK,1.0099999904632568,1.0099999904632568,0.9900000095367432,1.0,1.0,3685800.0
2016-11-22,CGD.BK,1.0,1.0099999904632568,0.9900000095367432,1.0099999904632568,1.0099999904632568,2152300.0
2016-11-23,CGD.BK,1.0099999904632568,1.0099999904632568,1.0,1.0099999904632568,1.0099999904632568,995300.0
2016-11-24,CGD.BK,1.0,1.0099999904632568,1.0,1.0099999904632568,1.0099999904632568,2308500.0
2016-11-25,CGD.BK,1.0,1.0099999904632568,1.0,1.0,1.0,2144100.0
2016-11-28,CGD.BK,1.0,1.0099999904632568,0.9900000095367432,1.0099999904632568,1.0099999904632568,4708000.0
2016-11-29,CGD.BK,1.0,1.0099999904632568,1.0,1.0,1.0,5174900.0
2016-11-30,CGD.BK,1.0099999904632568,1.0099999904632568,0.9599999785423279,1.0,1.0,25917700.0
2016-12-01,CGD.BK,1.0,1.0099999904632568,0.9900000095367432,1.0,1.0,4344700.0
2016-12-02,CGD.BK,1.0,1.0,0.9900000095367432,1.0,1.0,3732600.0
2016-12-06,CGD.BK,1.0,1.0,0.9900000095367432,0.9900000095367432,0.9900000095367432,3428000.0
2016-12-07,CGD.BK,0.9900000095367432,1.0,0.9900000095367432,1.0,1.0,911500.0
2016-12-08,CGD.BK,0.9900000095367432,1.0,0.9900000095367432,1.0,1.0,2994700.0
2016-12-09,CGD.BK,1.0,1.0099999904632568,0.9900000095367432,1.0,1.0,4414300.0
2016-12-13,CGD.BK,0.9900000095367432,1.0099999904632568,0.9800000190734863,1.0099999904632568,1.0099999904632568,5155200.0
2016-12-14,CGD.BK,1.0,1.0,0.9900000095367432,0.9900000095367432,0.9900000095367432,1018300.0
2016-12-15,CGD.BK,0.9900000095367432,1.0099999904632568,0.9900000095367432,1.0099999904632568,1.0099999904632568,2218000.0
2016-12-16,CGD.BK,1.0,1.0099999904632568,0.9900000095367432,1.0,1.0,845900.0
2016-12-19,CGD.BK,1.0,1.0399999618530273,1.0,1.0099999904632568,1.0099999904632568,12774700.0
2016-12-20,CGD.BK,1.0099999904632568,1.0199999809265137,1.0,1.0,1.0,1684400.0
2016-12-21,CGD.BK,1.0099999904632568,1.0099999904632568,0.9900000095367432,1.0,1.0,3169900.0
2016-12-22,CGD.BK,1.0,1.0099999904632568,0.9900000095367432,1.0,1.0,2302700.0
2016-12-23,CGD.BK,1.0,1.0099999904632568,0.9900000095367432,1.0,1.0,4056000.0
2016-12-26,CGD.BK,1.0,1.0,0.9900000095367432,1.0,1.0,7263400.0
2016-12-27,CGD.BK,1.0,1.0,0.9900000095367432,1.0,1.0,5708300.0
2016-12-28,CGD.BK,1.0,1.0,0.9900000095367432,0.9900000095367432,0.9900000095367432,989900.0
2016-12-29,CGD.BK,0.9900000095367432,1.0099999904632568,0.9900000095367432,0.9900000095367432,0.9900000095367432,3600600.0
2016-12-30,CGD.BK,0.9900000095367432,1.0199999809265137,0.9900000095367432,0.9900000095367432,0.9900000095367432,13789200.0
2017-01-04,CGD.BK,0.9900000095367432,1.0099999904632568,0.9900000095367432,1.0,1.0,9240100.0
2017-01-05,CGD.BK,1.0099999904632568,1.0099999904632568,1.0,1.0,1.0,2272000.0
2017-01-06,CGD.BK,1.0099999904632568,1.0199999809265137,1.0,1.0,1.0,2896100.0
2017-01-09,CGD.BK,1.0099999904632568,1.0199999809265137,1.0,1.0099999904632568,1.0099999904632568,20944300.0
2017-01-10,CGD.BK,1.0099999904632568,1.0499999523162842,1.0099999904632568,1.0299999713897705,1.0299999713897705,8552100.0
2017-01-11,CGD.BK,1.0299999713897705,1.090000033378601,1.0299999713897705,1.0800000429153442,1.0800000429153442,23896600.0
2017-01-12,CGD.BK,1.090000033378601,1.090000033378601,1.059999942779541,1.059999942779541,1.059999942779541,9550800.0
2017-01-16,CGD.BK,1.1100000143051147,1.1100000143051147,1.090000033378601,1.090000033378601,1.090000033378601,13542700.0
2017-01-17,CGD.BK,1.090000033378601,1.1399999856948853,1.090000033378601,1.100000023841858,1.100000023841858,22124600.0
2017-01-18,CGD.BK,1.100000023841858,1.1100000143051147,1.090000033378601,1.090000033378601,1.090000033378601,3935700.0
2017-01-19,CGD.BK,1.090000033378601,1.090000033378601,1.059999942779541,1.0800000429153442,1.0800000429153442,4880300.0
2017-01-20,CGD.BK,1.0700000524520874,1.1100000143051147,1.0700000524520874,1.0800000429153442,1.0800000429153442,22076200.0
2017-01-23,CGD.BK,1.090000033378601,1.100000023841858,1.0800000429153442,1.100000023841858,1.100000023841858,5473900.0
2017-01-24,CGD.BK,1.100000023841858,1.1299999952316284,1.090000033378601,1.100000023841858,1.100000023841858,31647400.0
2017-01-25,CGD.BK,1.1100000143051147,1.1100000143051147,1.0800000429153442,1.0800000429153442,1.0800000429153442,5281900.0
2017-01-26,CGD.BK,1.1100000143051147,1.1200000047683716,1.090000033378601,1.090000033378601,1.090000033378601,27795800.0
2017-01-27,CGD.BK,1.090000033378601,1.1200000047683716,1.0800000429153442,1.1100000143051147,1.1100000143051147,31345300.0
2017-01-30,CGD.BK,1.100000023841858,1.1100000143051147,1.100000023841858,1.100000023841858,1.100000023841858,2732400.0
2017-01-31,CGD.BK,1.090000033378601,1.1100000143051147,1.0800000429153442,1.100000023841858,1.100000023841858,2235900.0
2017-02-01,CGD.BK,1.100000023841858,1.100000023841858,1.0800000429153442,1.0800000429153442,1.0800000429153442,1339000.0
2017-02-02,CGD.BK,1.0800000429153442,1.100000023841858,1.0800000429153442,1.090000033378601,1.090000033378601,1193900.0
2017-02-03,CGD.BK,1.100000023841858,1.100000023841858,1.0800000429153442,1.090000033378601,1.090000033378601,2121600.0
2017-02-06,CGD.BK,1.090000033378601,1.090000033378601,1.0800000429153442,1.090000033378601,1.090000033378601,9461800.0
2017-02-07,CGD.BK,1.090000033378601,1.090000033378601,1.0700000524520874,1.0700000524520874,1.0700000524520874,14123300.0
2017-02-08,CGD.BK,1.0700000524520874,1.0800000429153442,1.0499999523162842,1.0499999523162842,1.0499999523162842,8096100.0
2017-02-09,CGD.BK,1.059999942779541,1.059999942779541,1.0399999618530273,1.0399999618530273,1.0399999618530273,6766900.0
2017-02-10,CGD.BK,1.059999942779541,1.0700000524520874,1.059999942779541,1.059999942779541,1.059999942779541,1692300.0
2017-02-14,CGD.BK,1.0700000524520874,1.0700000524520874,1.0499999523162842,1.059999942779541,1.059999942779541,973300.0
2017-02-15,CGD.BK,1.0499999523162842,1.059999942779541,1.0399999618530273,1.059999942779541,1.059999942779541,2495800.0
2017-02-16,CGD.BK,1.0499999523162842,1.059999942779541,1.0399999618530273,1.0499999523162842,1.0499999523162842,1257700.0
2017-02-17,CGD.BK,1.0499999523162842,1.0499999523162842,1.0399999618530273,1.0499999523162842,1.0499999523162842,698500.0
2017-02-20,CGD.BK,1.0399999618530273,1.059999942779541,1.0399999618530273,1.0399999618530273,1.0399999618530273,2214000.0
2017-02-21,CGD.BK,1.0399999618530273,1.0499999523162842,1.0199999809265137,1.0299999713897705,1.0299999713897705,5474800.0
2017-02-22,CGD.BK,1.0299999713897705,1.0399999618530273,1.0199999809265137,1.0299999713897705,1.0299999713897705,1596200.0
2017-02-23,CGD.BK,1.0399999618530273,1.0399999618530273,1.0199999809265137,1.0199999809265137,1.0199999809265137,1155700.0
2017-02-24,CGD.BK,1.0199999809265137,1.0299999713897705,1.0199999809265137,1.0199999809265137,1.0199999809265137,931600.0
2017-02-27,CGD.BK,1.0199999809265137,1.0299999713897705,1.0199999809265137,1.0199999809265137,1.0199999809265137,451800.0
2017-02-28,CGD.BK,1.0199999809265137,1.0199999809265137,1.0099999904632568,1.0099999904632568,1.0099999904632568,1215400.0
2017-03-01,CGD.BK,1.0199999809265137,1.0199999809265137,1.0,1.0,1.0,4196700.0
2017-03-02,CGD.BK,1.0,1.0099999904632568,1.0,1.0,1.0,1215900.0
2017-03-03,CGD.BK,1.0,1.0099999904632568,1.0,1.0099999904632568,1.0099999904632568,424200.0
2017-03-06,CGD.BK,1.0099999904632568,1.0099999904632568,1.0,1.0,1.0,2313100.0
2017-03-07,CGD.BK,0.9900000095367432,1.0099999904632568,0.9900000095367432,0.9900000095367432,0.9900000095367432,16952500.0
2017-03-08,CGD.BK,1.0,1.0099999904632568,0.9900000095367432,1.0099999904632568,1.0099999904632568,2162300.0
2017-03-09,CGD.BK,1.0099999904632568,1.0099999904632568,1.0,1.0099999904632568,1.0099999904632568,1128400.0
2017-03-10,CGD.BK,1.0099999904632568,1.0099999904632568,0.9900000095367432,0.9900000095367432,0.9900000095367432,4077800.0
2017-03-13,CGD.BK,0.9900000095367432,1.0099999904632568,0.9900000095367432,0.9900000095367432,0.9900000095367432,1821500.0
2017-03-14,CGD.BK,0.9900000095367432,1.0,0.9900000095367432,1.0,1.0,702300.0
2017-03-15,CGD.BK,1.0,1.0,0.9900000095367432,0.9900000095367432,0.9900000095367432,802200.0
2017-03-16,CGD.BK,0.9900000095367432,1.0099999904632568,0.9900000095367432,1.0,1.0,1685400.0
2017-03-17,CGD.BK,1.0,1.0099999904632568,0.9900000095367432,1.0099999904632568,1.0099999904632568,118400.0
2017-03-20,CGD.BK,1.0,1.0099999904632568,1.0,1.0099999904632568,1.0099999904632568,93100.0
2017-03-21,CGD.BK,1.0099999904632568,1.0099999904632568,1.0,1.0,1.0,2795500.0
2017-03-22,CGD.BK,1.0,1.0099999904632568,0.9900000095367432,1.0,1.0,3113800.0
2017-03-23,CGD.BK,1.0,1.0,0.9900000095367432,1.0,1.0,973100.0
2017-03-24,CGD.BK,0.9900000095367432,1.0,0.9900000095367432,1.0,1.0,2349600.0
2017-03-27,CGD.BK,1.0,1.0,0.9900000095367432,1.0,1.0,1419100.0
2017-03-28,CGD.BK,1.0,1.0099999904632568,1.0,1.0099999904632568,1.0099999904632568,2236000.0
2017-03-29,CGD.BK,1.0,1.0099999904632568,0.9900000095367432,1.0099999904632568,1.0099999904632568,1381100.0
2017-03-30,CGD.BK,1.0,1.0099999904632568,1.0,1.0099999904632568,1.0099999904632568,248100.0
2017-03-31,CGD.BK,1.0,1.0099999904632568,1.0,1.0,1.0,2312500.0
2017-04-03,CGD.BK,1.0099999904632568,1.0099999904632568,1.0,1.0,1.0,929000.0
2017-04-04,CGD.BK,1.0,1.0099999904632568,0.9900000095367432,0.9900000095367432,0.9900000095367432,2735900.0
2017-04-05,CGD.BK,1.0,1.0099999904632568,0.9900000095367432,0.9900000095367432,0.9900000095367432,969400.0
2017-04-07,CGD.BK,0.9900000095367432,1.0,0.9900000095367432,1.0,1.0,688800.0
2017-04-10,CGD.BK,1.0,1.0,0.9900000095367432,1.0,1.0,296000.0
2017-04-11,CGD.BK,1.0,1.0,0.9900000095367432,1.0,1.0,2179500.0
2017-04-12,CGD.BK,1.0,1.0,0.9900000095367432,1.0,1.0,877400.0
2017-04-17,CGD.BK,0.9900000095367432,1.0,0.9900000095367432,0.9900000095367432,0.9900000095367432,536200.0
2017-04-18,CGD.BK,1.0,1.0,0.9900000095367432,0.9900000095367432,0.9900000095367432,280600.0
2017-04-19,CGD.BK,1.0,1.0,0.9900000095367432,1.0,1.0,276200.0
2017-04-20,CGD.BK,1.0,1.0,0.9900000095367432,0.9900000095367432,0.9900000095367432,1713800.0
2017-04-21,CGD.BK,1.0,1.0199999809265137,0.9900000095367432,1.0199999809265137,1.0199999809265137,3939200.0
2017-04-24,CGD.BK,1.0199999809265137,1.0199999809265137,1.0,1.0,1.0,3040400.0
2017-04-25,CGD.BK,1.0,1.0099999904632568,0.9900000095367432,0.9900000095367432,0.9900000095367432,1542600.0
2017-04-26,CGD.BK,1.0,1.0,0.9900000095367432,1.0,1.0,638900.0
2017-04-27,CGD.BK,1.0,1.0,0.9900000095367432,0.9900000095367432,0.9900000095367432,1949000.0
2017-04-28,CGD.BK,1.0,1.0,0.9900000095367432,0.9900000095367432,0.9900000095367432,2700.0
2017-05-02,CGD.BK,0.9900000095367432,1.0,0.9900000095367432,0.9900000095367432,0.9900000095367432,3034000.0
2017-05-03,CGD.BK,0.9900000095367432,1.0099999904632568,0.9900000095367432,0.9900000095367432,0.9900000095367432,750000.0
2017-05-04,CGD.BK,1.0,1.0,0.9900000095367432,1.0,1.0,355500.0
2017-05-08,CGD.BK,0.9900000095367432,1.0399999618530273,0.9900000095367432,1.0399999618530273,1.0399999618530273,7680000.0
2017-05-09,CGD.BK,1.0399999618530273,1.0399999618530273,1.0199999809265137,1.0199999809265137,1.0199999809265137,3586600.0
2017-05-11,CGD.BK,1.0199999809265137,1.0299999713897705,1.0,1.0099999904632568,1.0099999904632568,3569400.0
2017-05-12,CGD.BK,1.0,1.0199999809265137,0.9900000095367432,1.0199999809265137,1.0199999809265137,3810900.0
2017-05-15,CGD.BK,1.0,1.0,1.0,1.0,1.0,2500.0
2017-05-16,CGD.BK,0.9900000095367432,1.0099999904632568,0.9900000095367432,1.0,1.0,1548100.0
2017-05-17,CGD.BK,1.0,1.0,1.0,1.0,1.0,727400.0
2017-05-18,CGD.BK,1.0,1.0,0.9900000095367432,0.9900000095367432,0.9900000095367432,1217000.0
2017-05-19,CGD.BK,1.0,1.0,0.9900000095367432,1.0,1.0,2057100.0
2017-05-22,CGD.BK,1.0,1.0199999809265137,0.9900000095367432,1.0199999809265137,1.0199999809265137,2516700.0
2017-05-23,CGD.BK,1.0199999809265137,1.0199999809265137,1.0099999904632568,1.0099999904632568,1.0099999904632568,2209700.0
2017-05-24,CGD.BK,1.0199999809265137,1.0199999809265137,1.0099999904632568,1.0099999904632568,1.0099999904632568,3228800.0
2017-05-25,CGD.BK,1.0199999809265137,1.0499999523162842,1.0099999904632568,1.0099999904632568,1.0099999904632568,21812800.0
2017-05-26,CGD.BK,1.0099999904632568,1.0099999904632568,1.0,1.0,1.0,3639300.0
2017-05-29,CGD.BK,1.0,1.0099999904632568,1.0,1.0099999904632568,1.0099999904632568,3530100.0
2017-05-30,CGD.BK,1.0099999904632568,1.0099999904632568,1.0099999904632568,1.0099999904632568,1.0099999904632568,645500.0
2017-05-31,CGD.BK,1.0099999904632568,1.0099999904632568,1.0099999904632568,1.0099999904632568,1.0099999904632568,823400.0
2017-06-01,CGD.BK,1.0199999809265137,1.0199999809265137,1.0099999904632568,1.0099999904632568,1.0099999904632568,3019200.0
2017-06-02,CGD.BK,1.0099999904632568,1.0299999713897705,1.0099999904632568,1.0299999713897705,1.0299999713897705,4899400.0
2017-06-05,CGD.BK,1.0399999618530273,1.0399999618530273,1.0199999809265137,1.0199999809265137,1.0199999809265137,2410700.0
2017-06-06,CGD.BK,1.0199999809265137,1.0499999523162842,1.0199999809265137,1.0499999523162842,1.0499999523162842,6136700.0
2017-06-07,CGD.BK,1.0499999523162842,1.0499999523162842,1.0299999713897705,1.0299999713897705,1.0299999713897705,3010800.0
2017-06-08,CGD.BK,1.0399999618530273,1.0399999618530273,1.0099999904632568,1.0199999809265137,1.0199999809265137,3024700.0
2017-06-09,CGD.BK,1.0299999713897705,1.0299999713897705,1.0199999809265137,1.0299999713897705,1.0299999713897705,468200.0
2017-06-12,CGD.BK,1.0299999713897705,1.0399999618530273,1.0199999809265137,1.0299999713897705,1.0299999713897705,1552800.0
2017-06-13,CGD.BK,1.0199999809265137,1.0399999618530273,1.0199999809265137,1.0299999713897705,1.0299999713897705,515500.0
2017-06-14,CGD.BK,1.0199999809265137,1.0499999523162842,1.0199999809265137,1.0299999713897705,1.0299999713897705,3182200.0
2017-06-15,CGD.BK,1.0299999713897705,1.0800000429153442,1.0299999713897705,1.0499999523162842,1.0499999523162842,10165200.0
2017-06-16,CGD.BK,1.059999942779541,1.059999942779541,1.0399999618530273,1.0399999618530273,1.0399999618530273,8667500.0
2017-06-19,CGD.BK,1.0399999618530273,1.059999942779541,1.0399999618530273,1.0399999618530273,1.0399999618530273,601200.0
2017-06-20,CGD.BK,1.0399999618530273,1.059999942779541,1.0299999713897705,1.0399999618530273,1.0399999618530273,1055300.0
2017-06-21,CGD.BK,1.0499999523162842,1.0800000429153442,1.0399999618530273,1.0399999618530273,1.0399999618530273,14570900.0
2017-06-22,CGD.BK,1.0499999523162842,1.0499999523162842,1.0399999618530273,1.0399999618530273,1.0399999618530273,1283400.0
2017-06-23,CGD.BK,1.0499999523162842,1.0700000524520874,1.0399999618530273,1.0499999523162842,1.0499999523162842,2876900.0
2017-06-26,CGD.BK,1.0499999523162842,1.0499999523162842,1.0399999618530273,1.0499999523162842,1.0499999523162842,2101600.0
2017-06-27,CGD.BK,1.0399999618530273,1.0499999523162842,1.0399999618530273,1.0399999618530273,1.0399999618530273,1433700.0
2017-06-28,CGD.BK,1.0399999618530273,1.0499999523162842,1.0399999618530273,1.0399999618530273,1.0399999618530273,800800.0
2017-06-29,CGD.BK,1.0499999523162842,1.0499999523162842,1.0399999618530273,1.0499999523162842,1.0499999523162842,1934500.0
2017-06-30,CGD.BK,1.0499999523162842,1.0499999523162842,1.0399999618530273,1.0399999618530273,1.0399999618530273,329500.0
2017-07-03,CGD.BK,1.0399999618530273,1.0499999523162842,1.0299999713897705,1.0299999713897705,1.0299999713897705,744200.0
2017-07-04,CGD.BK,1.0299999713897705,1.0399999618530273,1.0299999713897705,1.0299999713897705,1.0299999713897705,1493500.0
2017-07-05,CGD.BK,1.0399999618530273,1.0700000524520874,1.0399999618530273,1.0399999618530273,1.0399999618530273,4497300.0
2017-07-06,CGD.BK,1.0499999523162842,1.0499999523162842,1.0299999713897705,1.0399999618530273,1.0399999618530273,2509100.0
2017-07-07,CGD.BK,1.0399999618530273,1.0499999523162842,1.0399999618530273,1.0399999618530273,1.0399999618530273,1383800.0
2017-07-11,CGD.BK,1.0499999523162842,1.0499999523162842,1.0399999618530273,1.0399999618530273,1.0399999618530273,1278400.0
2017-07-12,CGD.BK,1.0499999523162842,1.059999942779541,1.0399999618530273,1.0499999523162842,1.0499999523162842,1975700.0
2017-07-13,CGD.BK,1.0499999523162842,1.0499999523162842,1.0399999618530273,1.0499999523162842,1.0499999523162842,2513500.0
2017-07-14,CGD.BK,1.0399999618530273,1.0499999523162842,1.0299999713897705,1.0399999618530273,1.0399999618530273,11249000.0
2017-07-17,CGD.BK,1.0499999523162842,1.059999942779541,1.0399999618530273,1.0499999523162842,1.0499999523162842,1780000.0
2017-07-18,CGD.BK,1.0499999523162842,1.0499999523162842,1.0399999618530273,1.0499999523162842,1.0499999523162842,2021000.0
2017-07-19,CGD.BK,1.0399999618530273,1.0499999523162842,1.0399999618530273,1.0399999618530273,1.0399999618530273,1591200.0
2017-07-20,CGD.BK,1.0499999523162842,1.0499999523162842,1.0399999618530273,1.0499999523162842,1.0499999523162842,1861200.0
2017-07-21,CGD.BK,1.0399999618530273,1.0499999523162842,1.0299999713897705,1.0399999618530273,1.0399999618530273,3630000.0
2017-07-24,CGD.BK,1.0299999713897705,1.0499999523162842,1.0299999713897705,1.0399999618530273,1.0399999618530273,917300.0
2017-07-25,CGD.BK,1.0299999713897705,1.059999942779541,1.0299999713897705,1.0399999618530273,1.0399999618530273,3994700.0
2017-07-26,CGD.BK,1.0499999523162842,1.059999942779541,1.0399999618530273,1.0399999618530273,1.0399999618530273,4640900.0
2017-07-27,CGD.BK,1.0499999523162842,1.090000033378601,1.0399999618530273,1.0700000524520874,1.0700000524520874,9643400.0
2017-07-31,CGD.BK,1.0800000429153442,1.0800000429153442,1.059999942779541,1.0700000524520874,1.0700000524520874,3128900.0
2017-08-01,CGD.BK,1.0800000429153442,1.0800000429153442,1.0700000524520874,1.0700000524520874,1.0700000524520874,3929900.0
2017-08-02,CGD.BK,1.0800000429153442,1.0800000429153442,1.0700000524520874,1.0800000429153442,1.0800000429153442,2982700.0
2017-08-03,CGD.BK,1.0800000429153442,1.0800000429153442,1.0700000524520874,1.0800000429153442,1.0800000429153442,1404100.0
2017-08-04,CGD.BK,1.0800000429153442,1.0800000429153442,1.0700000524520874,1.0700000524520874,1.0700000524520874,1598700.0
2017-08-07,CGD.BK,1.0700000524520874,1.0800000429153442,1.059999942779541,1.0700000524520874,1.0700000524520874,1808200.0
2017-08-08,CGD.BK,1.0800000429153442,1.0800000429153442,1.0700000524520874,1.0800000429153442,1.0800000429153442,1609100.0
2017-08-09,CGD.BK,1.0800000429153442,1.0800000429153442,1.059999942779541,1.0800000429153442,1.0800000429153442,1790500.0
2017-08-10,CGD.BK,1.0700000524520874,1.0800000429153442,1.0700000524520874,1.0800000429153442,1.0800000429153442,518300.0
2017-08-11,CGD.BK,1.059999942779541,1.059999942779541,1.0499999523162842,1.059999942779541,1.059999942779541,1841100.0
2017-08-15,CGD.BK,1.0499999523162842,1.059999942779541,1.0499999523162842,1.0499999523162842,1.0499999523162842,916700.0
2017-08-16,CGD.BK,1.0399999618530273,1.0499999523162842,1.0199999809265137,1.0199999809265137,1.0199999809265137,4214500.0
2017-08-17,CGD.BK,1.0199999809265137,1.0399999618530273,1.0199999809265137,1.0299999713897705,1.0299999713897705,1590700.0
2017-08-18,CGD.BK,1.0199999809265137,1.0299999713897705,1.0199999809265137,1.0299999713897705,1.0299999713897705,1025300.0
2017-08-21,CGD.BK,1.0299999713897705,1.0299999713897705,1.0099999904632568,1.0099999904632568,1.0099999904632568,2359500.0
2017-08-22,CGD.BK,1.0099999904632568,1.0199999809265137,1.0099999904632568,1.0199999809265137,1.0199999809265137,1105300.0
2017-08-23,CGD.BK,1.0199999809265137,1.0199999809265137,1.0099999904632568,1.0199999809265137,1.0199999809265137,327700.0
2017-08-24,CGD.BK,1.0199999809265137,1.0199999809265137,1.0,1.0099999904632568,1.0099999904632568,5325300.0
2017-08-25,CGD.BK,1.0099999904632568,1.0099999904632568,1.0,1.0099999904632568,1.0099999904632568,731500.0
2017-08-28,CGD.BK,1.0099999904632568,1.0099999904632568,1.0099999904632568,1.0099999904632568,1.0099999904632568,600.0
2017-08-29,CGD.BK,1.0099999904632568,1.0199999809265137,1.0,1.0099999904632568,1.0099999904632568,2534200.0
2017-08-30,CGD.BK,1.0199999809265137,1.0199999809265137,1.0,1.0,1.0,5998200.0
2017-08-31,CGD.BK,1.0099999904632568,1.0099999904632568,1.0,1.0,1.0,1248000.0
2017-09-01,CGD.BK,1.0099999904632568,1.0099999904632568,1.0,1.0099999904632568,1.0099999904632568,184700.0
2017-09-04,CGD.BK,1.0099999904632568,1.0099999904632568,1.0099999904632568,1.0099999904632568,1.0099999904632568,0.0
2017-09-05,CGD.BK,1.0,1.0099999904632568,1.0,1.0,1.0,1468300.0
2017-09-06,CGD.BK,1.0,1.0,1.0,1.0,1.0,1833400.0
2017-09-07,CGD.BK,1.0,1.0099999904632568,1.0,1.0,1.0,1010400.0
2017-09-08,CGD.BK,1.0,1.0099999904632568,1.0,1.0,1.0,3359600.0
2017-09-11,CGD.BK,1.0,1.0099999904632568,1.0,1.0,1.0,833800.0
2017-09-12,CGD.BK,1.0,1.0299999713897705,1.0,1.0299999713897705,1.0299999713897705,1913600.0
2017-09-13,CGD.BK,1.0299999713897705,1.0800000429153442,1.0199999809265137,1.0700000524520874,1.0700000524520874,22547100.0
2017-09-14,CGD.BK,1.0700000524520874,1.1100000143051147,1.0499999523162842,1.1100000143051147,1.1100000143051147,16196600.0
2017-09-15,CGD.BK,1.100000023841858,1.1299999952316284,1.090000033378601,1.1200000047683716,1.1200000047683716,22699800.0
2017-09-18,CGD.BK,1.1299999952316284,1.1399999856948853,1.1200000047683716,1.1399999856948853,1.1399999856948853,6372800.0
2017-09-19,CGD.BK,1.1399999856948853,1.1799999475479126,1.1200000047683716,1.1799999475479126,1.1799999475479126,16946400.0
2017-09-20,CGD.BK,1.190000057220459,1.2000000476837158,1.159999966621399,1.190000057220459,1.190000057220459,9880700.0
2017-09-21,CGD.BK,1.1799999475479126,1.2400000095367432,1.1699999570846558,1.2400000095367432,1.2400000095367432,25512500.0
2017-09-22,CGD.BK,1.2300000190734863,1.2799999713897705,1.2200000286102295,1.2599999904632568,1.2599999904632568,18573300.0
2017-09-25,CGD.BK,1.25,1.25,1.190000057220459,1.2100000381469727,1.2100000381469727,14903400.0
2017-09-26,CGD.BK,1.2200000286102295,1.2200000286102295,1.190000057220459,1.190000057220459,1.190000057220459,4552500.0
2017-09-27,CGD.BK,1.190000057220459,1.2100000381469727,1.1799999475479126,1.190000057220459,1.190000057220459,6946600.0
2017-09-28,CGD.BK,1.2000000476837158,1.2100000381469727,1.190000057220459,1.190000057220459,1.190000057220459,5684100.0
2017-09-29,CGD.BK,1.2000000476837158,1.2000000476837158,1.1799999475479126,1.2000000476837158,1.2000000476837158,4657300.0
2017-10-02,CGD.BK,1.190000057220459,1.190000057220459,1.1299999952316284,1.1399999856948853,1.1399999856948853,8359900.0
2017-10-03,CGD.BK,1.1299999952316284,1.1399999856948853,1.1100000143051147,1.1100000143051147,1.1100000143051147,3633400.0
2017-10-04,CGD.BK,1.1100000143051147,1.1699999570846558,1.1100000143051147,1.1399999856948853,1.1399999856948853,3824200.0
2017-10-05,CGD.BK,1.1299999952316284,1.1699999570846558,1.1299999952316284,1.149999976158142,1.149999976158142,937000.0
2017-10-06,CGD.BK,1.1399999856948853,1.1699999570846558,1.1399999856948853,1.159999966621399,1.159999966621399,1825400.0
2017-10-09,CGD.BK,1.159999966621399,1.1699999570846558,1.100000023841858,1.1200000047683716,1.1200000047683716,6277700.0
2017-10-10,CGD.BK,1.1200000047683716,1.1299999952316284,1.100000023841858,1.100000023841858,1.100000023841858,3767100.0
2017-10-11,CGD.BK,1.100000023841858,1.1200000047683716,1.100000023841858,1.1100000143051147,1.1100000143051147,1303500.0
2017-10-12,CGD.BK,1.100000023841858,1.1200000047683716,1.100000023841858,1.1100000143051147,1.1100000143051147,867200.0
2017-10-16,CGD.BK,1.1200000047683716,1.1200000047683716,1.1200000047683716,1.1200000047683716,1.1200000047683716,1000.0
2017-10-17,CGD.BK,1.1100000143051147,1.1299999952316284,1.1100000143051147,1.1299999952316284,1.1299999952316284,1159000.0
2017-10-18,CGD.BK,1.1299999952316284,1.159999966621399,1.1299999952316284,1.149999976158142,1.149999976158142,2293600.0
2017-10-19,CGD.BK,1.149999976158142,1.1799999475479126,1.149999976158142,1.149999976158142,1.149999976158142,6290100.0
2017-10-20,CGD.BK,1.149999976158142,1.1799999475479126,1.149999976158142,1.1699999570846558,1.1699999570846558,2614700.0
2017-10-24,CGD.BK,1.190000057220459,1.2200000286102295,1.1799999475479126,1.2100000381469727,1.2100000381469727,15821900.0
2017-10-25,CGD.BK,1.2200000286102295,1.2400000095367432,1.190000057220459,1.2000000476837158,1.2000000476837158,21374500.0
2017-10-27,CGD.BK,1.2000000476837158,1.2100000381469727,1.2000000476837158,1.2000000476837158,1.2000000476837158,2050000.0
2017-10-30,CGD.BK,1.2000000476837158,1.2300000190734863,1.2000000476837158,1.2100000381469727,1.2100000381469727,4705700.0
2017-10-31,CGD.BK,1.2100000381469727,1.2799999713897705,1.2100000381469727,1.2699999809265137,1.2699999809265137,27596100.0
2017-11-01,CGD.BK,1.2699999809265137,1.3899999856948853,1.2699999809265137,1.3899999856948853,1.3899999856948853,76446200.0
2017-11-02,CGD.BK,1.3899999856948853,1.4500000476837158,1.3600000143051147,1.3600000143051147,1.3600000143051147,67517600.0
2017-11-03,CGD.BK,1.3700000047683716,1.3799999952316284,1.340000033378601,1.3600000143051147,1.3600000143051147,17105200.0
2017-11-06,CGD.BK,1.350000023841858,1.4199999570846558,1.350000023841858,1.409999966621399,1.409999966621399,46704400.0
2017-11-07,CGD.BK,1.4299999475479126,1.440000057220459,1.399999976158142,1.399999976158142,1.399999976158142,31017700.0
2017-11-08,CGD.BK,1.3899999856948853,1.4199999570846558,1.3600000143051147,1.399999976158142,1.399999976158142,24429700.0
2017-11-09,CGD.BK,1.3799999952316284,1.3799999952316284,1.350000023841858,1.3700000047683716,1.3700000047683716,25866700.0
2017-11-10,CGD.BK,1.350000023841858,1.3899999856948853,1.350000023841858,1.3600000143051147,1.3600000143051147,3685300.0
2017-11-13,CGD.BK,1.350000023841858,1.3600000143051147,1.3200000524520874,1.3300000429153442,1.3300000429153442,12273100.0
2017-11-14,CGD.BK,1.309999942779541,1.3899999856948853,1.309999942779541,1.3799999952316284,1.3799999952316284,13047100.0
2017-11-15,CGD.BK,1.399999976158142,1.4199999570846558,1.3600000143051147,1.3600000143051147,1.3600000143051147,17057200.0
2017-11-16,CGD.BK,1.3700000047683716,1.399999976158142,1.3600000143051147,1.3799999952316284,1.3799999952316284,3042300.0
2017-11-17,CGD.BK,1.3899999856948853,1.4700000286102295,1.3799999952316284,1.4500000476837158,1.4500000476837158,61967100.0
2017-11-20,CGD.BK,1.4800000190734863,1.4900000095367432,1.4500000476837158,1.4600000381469727,1.4600000381469727,37010800.0
2017-11-21,CGD.BK,1.4299999475479126,1.4299999475479126,1.4299999475479126,1.4299999475479126,1.4299999475479126,28963400.0
2017-11-22,CGD.BK,1.4500000476837158,1.4500000476837158,1.4199999570846558,1.4500000476837158,1.4500000476837158,15163200.0
2017-11-23,CGD.BK,1.4500000476837158,1.4800000190734863,1.4299999475479126,1.4299999475479126,1.4299999475479126,20643700.0
2017-11-24,CGD.BK,1.440000057220459,1.4500000476837158,1.4199999570846558,1.4299999475479126,1.4299999475479126,10228400.0
2017-11-27,CGD.BK,1.4199999570846558,1.4700000286102295,1.4199999570846558,1.4199999570846558,1.4199999570846558,4932000.0
2017-11-28,CGD.BK,1.4199999570846558,1.440000057220459,1.4199999570846558,1.4299999475479126,1.4299999475479126,3266000.0
2017-11-29,CGD.BK,1.440000057220459,1.440000057220459,1.4199999570846558,1.4299999475479126,1.4299999475479126,9054300.0
2017-11-30,CGD.BK,1.4299999475479126,1.440000057220459,1.3899999856948853,1.399999976158142,1.399999976158142,8153000.0
2017-12-01,CGD.BK,1.399999976158142,1.4199999570846558,1.399999976158142,1.399999976158142,1.399999976158142,3995400.0
2017-12-04,CGD.BK,1.3899999856948853,1.3899999856948853,1.309999942779541,1.3200000524520874,1.3200000524520874,25860400.0
2017-12-06,CGD.BK,1.309999942779541,1.340000033378601,1.309999942779541,1.3300000429153442,1.3300000429153442,3923300.0
2017-12-07,CGD.BK,1.340000033378601,1.3799999952316284,1.340000033378601,1.3600000143051147,1.3600000143051147,2841200.0
2017-12-08,CGD.BK,1.3799999952316284,1.3899999856948853,1.3600000143051147,1.3799999952316284,1.3799999952316284,9707000.0
2017-12-12,CGD.BK,1.3799999952316284,1.399999976158142,1.3700000047683716,1.3700000047683716,1.3700000047683716,5048400.0
2017-12-13,CGD.BK,1.3799999952316284,1.409999966621399,1.3700000047683716,1.399999976158142,1.399999976158142,10138000.0
2017-12-14,CGD.BK,1.4199999570846558,1.4299999475479126,1.409999966621399,1.4199999570846558,1.4199999570846558,4723800.0
2017-12-15,CGD.BK,1.4199999570846558,1.4299999475479126,1.409999966621399,1.4199999570846558,1.4199999570846558,3732700.0
2017-12-18,CGD.BK,1.4199999570846558,1.4600000381469727,1.399999976158142,1.4600000381469727,1.4600000381469727,19012500.0
2017-12-19,CGD.BK,1.4700000286102295,1.4700000286102295,1.4299999475479126,1.4299999475479126,1.4299999475479126,16225900.0
2017-12-20,CGD.BK,1.440000057220459,1.440000057220459,1.409999966621399,1.409999966621399,1.409999966621399,5111100.0
2017-12-21,CGD.BK,1.399999976158142,1.4299999475479126,1.399999976158142,1.409999966621399,1.409999966621399,4072000.0
2017-12-22,CGD.BK,1.409999966621399,1.409999966621399,1.3799999952316284,1.409999966621399,1.409999966621399,3640900.0
2017-12-25,CGD.BK,1.409999966621399,1.4199999570846558,1.399999976158142,1.399999976158142,1.399999976158142,1478300.0
2017-12-26,CGD.BK,1.3899999856948853,1.399999976158142,1.3600000143051147,1.3899999856948853,1.3899999856948853,5856500.0
2017-12-27,CGD.BK,1.3899999856948853,1.399999976158142,1.3799999952316284,1.399999976158142,1.399999976158142,1364700.0
2017-12-28,CGD.BK,1.409999966621399,1.409999966621399,1.3700000047683716,1.3899999856948853,1.3899999856948853,3321400.0
2017-12-29,CGD.BK,1.3899999856948853,1.409999966621399,1.3799999952316284,1.399999976158142,1.399999976158142,2753100.0
2018-01-03,CGD.BK,1.409999966621399,1.409999966621399,1.3899999856948853,1.409999966621399,1.409999966621399,3921300.0
2018-01-04,CGD.BK,1.409999966621399,1.4299999475479126,1.3899999856948853,1.3899999856948853,1.3899999856948853,7627700.0
2018-01-05,CGD.BK,1.399999976158142,1.399999976158142,1.3799999952316284,1.399999976158142,1.399999976158142,5779500.0
2018-01-08,CGD.BK,1.3899999856948853,1.409999966621399,1.3799999952316284,1.3899999856948853,1.3899999856948853,3300000.0
2018-01-09,CGD.BK,1.3899999856948853,1.3899999856948853,1.3899999856948853,1.3899999856948853,1.3899999856948853,1640000.0
2018-01-10,CGD.BK,1.3899999856948853,1.399999976158142,1.3700000047683716,1.3700000047683716,1.3700000047683716,3359400.0
2018-01-11,CGD.BK,1.3600000143051147,1.3700000047683716,1.3600000143051147,1.3700000047683716,1.3700000047683716,3285500.0
2018-01-12,CGD.BK,1.3600000143051147,1.3799999952316284,1.3600000143051147,1.3600000143051147,1.3600000143051147,4873800.0
2018-01-15,CGD.BK,1.3899999856948853,1.3899999856948853,1.340000033378601,1.3600000143051147,1.3600000143051147,5602400.0
2018-01-16,CGD.BK,1.3799999952316284,1.3799999952316284,1.3600000143051147,1.3700000047683716,1.3700000047683716,2461700.0
2018-01-17,CGD.BK,1.350000023841858,1.3700000047683716,1.350000023841858,1.3700000047683716,1.3700000047683716,1407800.0
2018-01-18,CGD.BK,1.3600000143051147,1.3700000047683716,1.350000023841858,1.3600000143051147,1.3600000143051147,1534100.0
2018-01-19,CGD.BK,1.3600000143051147,1.3600000143051147,1.3300000429153442,1.340000033378601,1.340000033378601,4193300.0
2018-01-22,CGD.BK,1.340000033378601,1.3799999952316284,1.340000033378601,1.3799999952316284,1.3799999952316284,2304100.0
2018-01-23,CGD.BK,1.3600000143051147,1.3799999952316284,1.3600000143051147,1.3600000143051147,1.3600000143051147,2031200.0
2018-01-24,CGD.BK,1.3600000143051147,1.3899999856948853,1.3600000143051147,1.3799999952316284,1.3799999952316284,2475200.0
2018-01-25,CGD.BK,1.3899999856948853,1.409999966621399,1.3899999856948853,1.3899999856948853,1.3899999856948853,11617200.0
2018-01-26,CGD.BK,1.3799999952316284,1.409999966621399,1.3799999952316284,1.3799999952316284,1.3799999952316284,1963200.0
2018-01-29,CGD.BK,1.399999976158142,1.399999976158142,1.3700000047683716,1.3799999952316284,1.3799999952316284,1050700.0
2018-01-30,CGD.BK,1.3799999952316284,1.3899999856948853,1.3600000143051147,1.3700000047683716,1.3700000047683716,2914000.0
2018-01-31,CGD.BK,1.3700000047683716,1.399999976158142,1.3700000047683716,1.3799999952316284,1.3799999952316284,1807900.0
2018-02-01,CGD.BK,1.3799999952316284,1.3899999856948853,1.350000023841858,1.3600000143051147,1.3600000143051147,8670300.0
2018-02-02,CGD.BK,1.3600000143051147,1.3799999952316284,1.350000023841858,1.3600000143051147,1.3600000143051147,2867300.0
2018-02-05,CGD.BK,1.350000023841858,1.3600000143051147,1.340000033378601,1.340000033378601,1.340000033378601,6670600.0
2018-02-06,CGD.BK,1.3300000429153442,1.340000033378601,1.3200000524520874,1.3300000429153442,1.3300000429153442,6685100.0
2018-02-07,CGD.BK,1.350000023841858,1.3600000143051147,1.340000033378601,1.340000033378601,1.340000033378601,2096800.0
2018-02-08,CGD.BK,1.340000033378601,1.350000023841858,1.3300000429153442,1.350000023841858,1.350000023841858,1818200.0
2018-02-09,CGD.BK,1.3600000143051147,1.3899999856948853,1.350000023841858,1.3799999952316284,1.3799999952316284,12624000.0
2018-02-12,CGD.BK,1.399999976158142,1.399999976158142,1.3700000047683716,1.3799999952316284,1.3799999952316284,8389800.0
2018-02-13,CGD.BK,1.3899999856948853,1.3899999856948853,1.3700000047683716,1.3899999856948853,1.3899999856948853,1194400.0
2018-02-14,CGD.BK,1.3899999856948853,1.6799999475479126,1.3899999856948853,1.600000023841858,1.600000023841858,221711500.0
2018-02-15,CGD.BK,1.6299999952316284,1.649999976158142,1.5800000429153442,1.649999976158142,1.649999976158142,48153600.0
2018-02-16,CGD.BK,1.649999976158142,1.6699999570846558,1.6200000047683716,1.649999976158142,1.649999976158142,32377300.0
2018-02-19,CGD.BK,1.659999966621399,1.7200000286102295,1.649999976158142,1.7100000381469727,1.7100000381469727,56466600.0
2018-02-20,CGD.BK,1.7200000286102295,1.7300000190734863,1.6200000047683716,1.6299999952316284,1.6299999952316284,35383300.0
2018-02-21,CGD.BK,1.6399999856948853,1.649999976158142,1.5399999618530273,1.559999942779541,1.559999942779541,37085700.0
2018-02-22,CGD.BK,1.5299999713897705,1.5700000524520874,1.4900000095367432,1.4900000095367432,1.4900000095367432,27093200.0
2018-02-23,CGD.BK,1.5,1.600000023841858,1.4900000095367432,1.590000033378601,1.590000033378601,22801600.0
2018-02-26,CGD.BK,1.590000033378601,1.6200000047683716,1.5299999713897705,1.6100000143051147,1.6100000143051147,22477500.0
2018-02-27,CGD.BK,1.6100000143051147,1.649999976158142,1.5800000429153442,1.590000033378601,1.590000033378601,15461500.0
2018-02-28,CGD.BK,1.600000023841858,1.649999976158142,1.590000033378601,1.600000023841858,1.600000023841858,12180700.0
2018-03-02,CGD.BK,1.590000033378601,1.6200000047683716,1.5800000429153442,1.600000023841858,1.600000023841858,6082600.0
2018-03-05,CGD.BK,1.600000023841858,1.600000023841858,1.559999942779541,1.5700000524520874,1.5700000524520874,4821700.0
2018-03-06,CGD.BK,1.5800000429153442,1.5800000429153442,1.5800000429153442,1.5800000429153442,1.5800000429153442,1218800.0
2018-03-07,CGD.BK,1.5800000429153442,1.6100000143051147,1.5299999713897705,1.600000023841858,1.600000023841858,18249700.0
2018-03-08,CGD.BK,1.6299999952316284,1.7100000381469727,1.6200000047683716,1.7100000381469727,1.7100000381469727,65288200.0
2018-03-09,CGD.BK,1.7400000095367432,1.7599999904632568,1.6699999570846558,1.6799999475479126,1.6799999475479126,52797300.0
2018-03-12,CGD.BK,1.7200000286102295,1.7300000190734863,1.6799999475479126,1.7100000381469727,1.7100000381469727,17681300.0
2018-03-13,CGD.BK,1.7300000190734863,1.7699999809265137,1.690000057220459,1.690000057220459,1.690000057220459,60326300.0
2018-03-14,CGD.BK,1.7000000476837158,1.7300000190734863,1.6799999475479126,1.7100000381469727,1.7100000381469727,11545200.0
2018-03-15,CGD.BK,1.7400000095367432,1.7400000095367432,1.7000000476837158,1.7000000476837158,1.7000000476837158,18994100.0
2018-03-16,CGD.BK,1.7100000381469727,1.7100000381469727,1.659999966621399,1.7100000381469727,1.7100000381469727,28706900.0
2018-03-19,CGD.BK,1.7100000381469727,1.7100000381469727,1.6799999475479126,1.6799999475479126,1.6799999475479126,9412400.0
2018-03-20,CGD.BK,1.6799999475479126,1.690000057220459,1.659999966621399,1.6799999475479126,1.6799999475479126,4546000.0
2018-03-21,CGD.BK,1.6799999475479126,1.690000057220459,1.6799999475479126,1.6799999475479126,1.6799999475479126,6031500.0
2018-03-22,CGD.BK,1.6799999475479126,1.7100000381469727,1.6799999475479126,1.6799999475479126,1.6799999475479126,15162600.0
2018-03-23,CGD.BK,1.659999966621399,1.6799999475479126,1.659999966621399,1.6799999475479126,1.6799999475479126,3392400.0
2018-03-26,CGD.BK,1.6799999475479126,1.6799999475479126,1.659999966621399,1.6699999570846558,1.6699999570846558,2974000.0
2018-03-27,CGD.BK,1.6799999475479126,1.6799999475479126,1.649999976158142,1.649999976158142,1.649999976158142,7866700.0
2018-03-28,CGD.BK,1.649999976158142,1.7899999618530273,1.649999976158142,1.690000057220459,1.690000057220459,88534900.0
2018-03-29,CGD.BK,1.7000000476837158,1.7599999904632568,1.6799999475479126,1.690000057220459,1.690000057220459,54131900.0
2018-03-30,CGD.BK,1.7000000476837158,1.7300000190734863,1.649999976158142,1.7300000190734863,1.7300000190734863,21313100.0
2018-04-02,CGD.BK,1.7300000190734863,1.7300000190734863,1.690000057220459,1.7000000476837158,1.7000000476837158,6735800.0
2018-04-03,CGD.BK,1.690000057220459,1.7000000476837158,1.6699999570846558,1.6699999570846558,1.6699999570846558,6652100.0
2018-04-04,CGD.BK,1.6699999570846558,1.6799999475479126,1.590000033378601,1.600000023841858,1.600000023841858,18991300.0
2018-04-05,CGD.BK,1.5800000429153442,1.7300000190734863,1.4600000381469727,1.559999942779541,1.559999942779541,57099600.0
2018-04-09,CGD.BK,1.5,1.6100000143051147,1.4800000190734863,1.5700000524520874,1.5700000524520874,18919400.0
2018-04-10,CGD.BK,1.559999942779541,1.600000023841858,1.5199999809265137,1.600000023841858,1.600000023841858,9820300.0
2018-04-11,CGD.BK,1.590000033378601,1.590000033378601,1.5499999523162842,1.559999942779541,1.559999942779541,23662300.0
2018-04-12,CGD.BK,1.5499999523162842,1.600000023841858,1.5199999809265137,1.600000023841858,1.600000023841858,39995200.0
2018-04-17,CGD.BK,1.590000033378601,1.590000033378601,1.559999942779541,1.559999942779541,1.559999942779541,7203300.0
2018-04-18,CGD.BK,1.559999942779541,1.590000033378601,1.559999942779541,1.590000033378601,1.590000033378601,17918100.0
2018-04-19,CGD.BK,1.600000023841858,1.6100000143051147,1.5499999523162842,1.6100000143051147,1.6100000143051147,40462100.0
2018-04-20,CGD.BK,1.600000023841858,1.6200000047683716,1.590000033378601,1.6200000047683716,1.6200000047683716,8187500.0
2018-04-23,CGD.BK,1.6200000047683716,1.6200000047683716,1.5800000429153442,1.590000033378601,1.590000033378601,11974100.0
2018-04-24,CGD.BK,1.590000033378601,1.590000033378601,1.5499999523162842,1.5700000524520874,1.5700000524520874,16227700.0
2018-04-25,CGD.BK,1.559999942779541,1.5700000524520874,1.5099999904632568,1.5700000524520874,1.5700000524520874,31908700.0
2018-04-26,CGD.BK,1.5700000524520874,1.5700000524520874,1.5399999618530273,1.559999942779541,1.559999942779541,9040200.0
2018-04-27,CGD.BK,1.559999942779541,1.5700000524520874,1.5499999523162842,1.559999942779541,1.559999942779541,5864700.0
2018-04-30,CGD.BK,1.559999942779541,1.559999942779541,1.5399999618530273,1.5399999618530273,1.5399999618530273,3026000.0
2018-05-02,CGD.BK,1.5399999618530273,1.5499999523162842,1.5,1.5499999523162842,1.5499999523162842,9858000.0
2018-05-03,CGD.BK,1.5499999523162842,1.5499999523162842,1.5099999904632568,1.5499999523162842,1.5499999523162842,11517100.0
2018-05-04,CGD.BK,1.5399999618530273,1.5499999523162842,1.5199999809265137,1.5399999618530273,1.5399999618530273,7188800.0
2018-05-07,CGD.BK,1.5399999618530273,1.5399999618530273,1.5,1.5,1.5,14436700.0
2018-05-08,CGD.BK,1.5,1.5299999713897705,1.5,1.5199999809265137,1.5199999809265137,6760600.0
2018-05-09,CGD.BK,1.5199999809265137,1.5199999809265137,1.4900000095367432,1.5,1.5,3917800.0
2018-05-10,CGD.BK,1.4900000095367432,1.5199999809265137,1.4800000190734863,1.5,1.5,5305700.0
2018-05-11,CGD.BK,1.5,1.5,1.4700000286102295,1.5,1.5,6862400.0
2018-05-14,CGD.BK,1.5,1.5,1.4500000476837158,1.5,1.5,16941100.0
2018-05-15,CGD.BK,1.4900000095367432,1.4900000095367432,1.4700000286102295,1.4800000190734863,1.4800000190734863,4615300.0
2018-05-16,CGD.BK,1.4700000286102295,1.4800000190734863,1.4600000381469727,1.4800000190734863,1.4800000190734863,5038400.0
2018-05-17,CGD.BK,1.4800000190734863,1.5,1.4600000381469727,1.5,1.5,12352000.0
2018-05-18,CGD.BK,1.4900000095367432,1.5,1.4800000190734863,1.4800000190734863,1.4800000190734863,2850700.0
2018-05-21,CGD.BK,1.4700000286102295,1.4800000190734863,1.4700000286102295,1.4800000190734863,1.4800000190734863,2411100.0
2018-05-22,CGD.BK,1.4700000286102295,1.4800000190734863,1.4600000381469727,1.4800000190734863,1.4800000190734863,3926200.0
2018-05-23,CGD.BK,1.4800000190734863,1.4800000190734863,1.4600000381469727,1.4700000286102295,1.4700000286102295,6894600.0
2018-05-24,CGD.BK,1.4700000286102295,1.5,1.4700000286102295,1.4700000286102295,1.4700000286102295,9984500.0
2018-05-25,CGD.BK,1.4700000286102295,1.4800000190734863,1.4600000381469727,1.4700000286102295,1.4700000286102295,5533700.0
2018-05-28,CGD.BK,1.4700000286102295,1.4700000286102295,1.4500000476837158,1.4700000286102295,1.4700000286102295,4669000.0
2018-05-30,CGD.BK,1.4600000381469727,1.4700000286102295,1.4199999570846558,1.4299999475479126,1.4299999475479126,8010100.0
2018-05-31,CGD.BK,1.4299999475479126,1.4600000381469727,1.4199999570846558,1.4500000476837158,1.4500000476837158,4386900.0
2018-06-01,CGD.BK,1.4500000476837158,1.4500000476837158,1.409999966621399,1.409999966621399,1.409999966621399,3346300.0
2018-06-04,CGD.BK,1.4199999570846558,1.4500000476837158,1.409999966621399,1.4500000476837158,1.4500000476837158,7009500.0
2018-06-05,CGD.BK,1.4500000476837158,1.4600000381469727,1.4199999570846558,1.440000057220459,1.440000057220459,2803600.0
2018-06-06,CGD.BK,1.4299999475479126,1.4500000476837158,1.4299999475479126,1.4500000476837158,1.4500000476837158,3004700.0
2018-06-07,CGD.BK,1.4500000476837158,1.4500000476837158,1.4199999570846558,1.4199999570846558,1.4199999570846558,5700300.0
2018-06-08,CGD.BK,1.409999966621399,1.4299999475479126,1.409999966621399,1.4299999475479126,1.4299999475479126,2053000.0
2018-06-11,CGD.BK,1.4299999475479126,1.440000057220459,1.4199999570846558,1.4299999475479126,1.4299999475479126,3440600.0
2018-06-12,CGD.BK,1.440000057220459,1.4600000381469727,1.4299999475479126,1.4500000476837158,1.4500000476837158,5313800.0
2018-06-13,CGD.BK,1.4500000476837158,1.4500000476837158,1.4299999475479126,1.4500000476837158,1.4500000476837158,6322600.0
2018-06-14,CGD.BK,1.399999976158142,1.399999976158142,1.3799999952316284,1.399999976158142,1.399999976158142,7299500.0
2018-06-15,CGD.BK,1.3799999952316284,1.409999966621399,1.3799999952316284,1.399999976158142,1.399999976158142,8181800.0
2018-06-18,CGD.BK,1.399999976158142,1.409999966621399,1.3600000143051147,1.3700000047683716,1.3700000047683716,5648700.0
2018-06-19,CGD.BK,1.3700000047683716,1.3799999952316284,1.340000033378601,1.340000033378601,1.340000033378601,2587000.0
2018-06-20,CGD.BK,1.3300000429153442,1.3700000047683716,1.3200000524520874,1.3700000047683716,1.3700000047683716,2507500.0
2018-06-21,CGD.BK,1.350000023841858,1.3600000143051147,1.3300000429153442,1.3600000143051147,1.3600000143051147,2199200.0
2018-06-22,CGD.BK,1.340000033378601,1.350000023841858,1.3300000429153442,1.350000023841858,1.350000023841858,1373000.0
2018-06-25,CGD.BK,1.350000023841858,1.399999976158142,1.340000033378601,1.3899999856948853,1.3899999856948853,4155100.0
2018-06-26,CGD.BK,1.3700000047683716,1.3799999952316284,1.350000023841858,1.350000023841858,1.350000023841858,2293500.0
2018-06-27,CGD.BK,1.350000023841858,1.3899999856948853,1.350000023841858,1.3600000143051147,1.3600000143051147,1877500.0
2018-06-28,CGD.BK,1.3700000047683716,1.3700000047683716,1.350000023841858,1.350000023841858,1.350000023841858,1329200.0
2018-06-29,CGD.BK,1.350000023841858,1.3700000047683716,1.3200000524520874,1.350000023841858,1.350000023841858,3723800.0
2018-07-02,CGD.BK,1.3300000429153442,1.350000023841858,1.309999942779541,1.350000023841858,1.350000023841858,1485600.0
2018-07-03,CGD.BK,1.350000023841858,1.3899999856948853,1.3200000524520874,1.3899999856948853,1.3899999856948853,5245900.0
2018-07-04,CGD.BK,1.399999976158142,1.399999976158142,1.3600000143051147,1.3700000047683716,1.3700000047683716,2220900.0
2018-07-05,CGD.BK,1.3700000047683716,1.3700000047683716,1.2999999523162842,1.3300000429153442,1.3300000429153442,3078800.0
2018-07-06,CGD.BK,1.3300000429153442,1.3300000429153442,1.309999942779541,1.3200000524520874,1.3200000524520874,2507700.0
2018-07-09,CGD.BK,1.3200000524520874,1.340000033378601,1.309999942779541,1.3200000524520874,1.3200000524520874,497700.0
2018-07-10,CGD.BK,1.3200000524520874,1.3200000524520874,1.2899999618530273,1.2899999618530273,1.2899999618530273,2616600.0
2018-07-11,CGD.BK,1.2899999618530273,1.340000033378601,1.2799999713897705,1.2799999713897705,1.2799999713897705,3683700.0
2018-07-12,CGD.BK,1.2799999713897705,1.3200000524520874,1.2799999713897705,1.2899999618530273,1.2899999618530273,3814300.0
2018-07-13,CGD.BK,1.2899999618530273,1.3300000429153442,1.2799999713897705,1.3300000429153442,1.3300000429153442,7761400.0
2018-07-16,CGD.BK,1.3200000524520874,1.3200000524520874,1.2400000095367432,1.2699999809265137,1.2699999809265137,41210700.0
2018-07-17,CGD.BK,1.2599999904632568,1.309999942779541,1.25,1.309999942779541,1.309999942779541,6699000.0
2018-07-18,CGD.BK,1.2999999523162842,1.2999999523162842,1.2799999713897705,1.2999999523162842,1.2999999523162842,2727000.0
2018-07-19,CGD.BK,1.309999942779541,1.3799999952316284,1.2999999523162842,1.3700000047683716,1.3700000047683716,16433800.0
2018-07-20,CGD.BK,1.3799999952316284,1.440000057220459,1.3799999952316284,1.440000057220459,1.440000057220459,16901600.0
2018-07-23,CGD.BK,1.4500000476837158,1.4700000286102295,1.440000057220459,1.4700000286102295,1.4700000286102295,9855200.0
2018-07-24,CGD.BK,1.4700000286102295,1.4900000095367432,1.4299999475479126,1.4500000476837158,1.4500000476837158,9023900.0
2018-07-25,CGD.BK,1.4700000286102295,1.4700000286102295,1.4199999570846558,1.440000057220459,1.440000057220459,3065500.0
2018-07-26,CGD.BK,1.440000057220459,1.4500000476837158,1.4199999570846558,1.440000057220459,1.440000057220459,4844900.0
2018-07-31,CGD.BK,1.440000057220459,1.4700000286102295,1.409999966621399,1.4500000476837158,1.4500000476837158,7258600.0
2018-08-01,CGD.BK,1.440000057220459,1.440000057220459,1.409999966621399,1.440000057220459,1.440000057220459,3590800.0
2018-08-02,CGD.BK,1.4299999475479126,1.4700000286102295,1.4299999475479126,1.440000057220459,1.440000057220459,5381600.0
2018-08-03,CGD.BK,1.440000057220459,1.4600000381469727,1.4199999570846558,1.440000057220459,1.440000057220459,2916500.0
2018-08-06,CGD.BK,1.4299999475479126,1.440000057220459,1.3899999856948853,1.399999976158142,1.399999976158142,3212500.0
2018-08-07,CGD.BK,1.399999976158142,1.4199999570846558,1.3899999856948853,1.399999976158142,1.399999976158142,2332000.0
2018-08-08,CGD.BK,1.399999976158142,1.409999966621399,1.3700000047683716,1.409999966621399,1.409999966621399,2832500.0
2018-08-09,CGD.BK,1.409999966621399,1.4199999570846558,1.3899999856948853,1.3899999856948853,1.3899999856948853,948100.0
2018-08-10,CGD.BK,1.399999976158142,1.399999976158142,1.3300000429153442,1.340000033378601,1.340000033378601,8054600.0
2018-08-14,CGD.BK,1.3300000429153442,1.350000023841858,1.309999942779541,1.340000033378601,1.340000033378601,6127600.0
2018-08-15,CGD.BK,1.309999942779541,1.340000033378601,1.2999999523162842,1.3300000429153442,1.3300000429153442,3543200.0
2018-08-16,CGD.BK,1.3200000524520874,1.3300000429153442,1.309999942779541,1.3300000429153442,1.3300000429153442,532500.0
2018-08-17,CGD.BK,1.3200000524520874,1.3300000429153442,1.309999942779541,1.3300000429153442,1.3300000429153442,594200.0
2018-08-20,CGD.BK,1.3200000524520874,1.3300000429153442,1.3200000524520874,1.3300000429153442,1.3300000429153442,698100.0
2018-08-21,CGD.BK,1.3300000429153442,1.3300000429153442,1.309999942779541,1.3200000524520874,1.3200000524520874,1514300.0
2018-08-22,CGD.BK,1.3200000524520874,1.3300000429153442,1.309999942779541,1.3200000524520874,1.3200000524520874,1255800.0
2018-08-23,CGD.BK,1.3200000524520874,1.3300000429153442,1.3200000524520874,1.3300000429153442,1.3300000429153442,3020700.0
2018-08-24,CGD.BK,1.3200000524520874,1.3300000429153442,1.309999942779541,1.3300000429153442,1.3300000429153442,1481800.0
2018-08-27,CGD.BK,1.3200000524520874,1.3799999952316284,1.3200000524520874,1.3700000047683716,1.3700000047683716,4691900.0
2018-08-28,CGD.BK,1.3700000047683716,1.3799999952316284,1.3300000429153442,1.350000023841858,1.350000023841858,4138700.0
2018-08-29,CGD.BK,1.350000023841858,1.350000023841858,1.3200000524520874,1.3300000429153442,1.3300000429153442,2239500.0
2018-08-30,CGD.BK,1.3300000429153442,1.340000033378601,1.3200000524520874,1.3200000524520874,1.3200000524520874,3012300.0
2018-08-31,CGD.BK,1.3200000524520874,1.3300000429153442,1.309999942779541,1.3200000524520874,1.3200000524520874,1479200.0
2018-09-03,CGD.BK,1.3200000524520874,1.340000033378601,1.3200000524520874,1.3200000524520874,1.3200000524520874,1143800.0
2018-09-04,CGD.BK,1.3300000429153442,1.3300000429153442,1.3200000524520874,1.3200000524520874,1.3200000524520874,460500.0
2018-09-05,CGD.BK,1.3200000524520874,1.3200000524520874,1.309999942779541,1.309999942779541,1.309999942779541,434100.0
2018-09-06,CGD.BK,1.309999942779541,1.3200000524520874,1.309999942779541,1.309999942779541,1.309999942779541,938400.0
2018-09-07,CGD.BK,1.309999942779541,1.309999942779541,1.309999942779541,1.309999942779541,1.309999942779541,852700.0
2018-09-10,CGD.BK,1.309999942779541,1.340000033378601,1.309999942779541,1.309999942779541,1.309999942779541,2796800.0
2018-09-11,CGD.BK,1.3300000429153442,1.3300000429153442,1.309999942779541,1.309999942779541,1.309999942779541,1333600.0
2018-09-12,CGD.BK,1.309999942779541,1.3200000524520874,1.309999942779541,1.309999942779541,1.309999942779541,1557000.0
2018-09-13,CGD.BK,1.3200000524520874,1.340000033378601,1.309999942779541,1.3300000429153442,1.3300000429153442,3806500.0
2018-09-14,CGD.BK,1.340000033378601,1.340000033378601,1.3200000524520874,1.340000033378601,1.340000033378601,2092800.0
2018-09-17,CGD.BK,1.350000023841858,1.4299999475479126,1.350000023841858,1.3899999856948853,1.3899999856948853,15747800.0
2018-09-18,CGD.BK,1.3899999856948853,1.4299999475479126,1.3899999856948853,1.4199999570846558,1.4199999570846558,8798100.0
2018-09-19,CGD.BK,1.4700000286102295,1.5099999904632568,1.4600000381469727,1.4900000095367432,1.4900000095367432,21894900.0
2018-09-20,CGD.BK,1.5,1.5299999713897705,1.4800000190734863,1.4800000190734863,1.4800000190734863,11648100.0
2018-09-21,CGD.BK,1.4800000190734863,1.4800000190734863,1.4500000476837158,1.4700000286102295,1.4700000286102295,14128200.0
2018-09-24,CGD.BK,1.4800000190734863,1.4900000095367432,1.4600000381469727,1.4800000190734863,1.4800000190734863,4409300.0
2018-09-25,CGD.BK,1.4800000190734863,1.4800000190734863,1.4600000381469727,1.4700000286102295,1.4700000286102295,1337500.0
2018-09-26,CGD.BK,1.4800000190734863,1.4800000190734863,1.4600000381469727,1.4600000381469727,1.4600000381469727,5397600.0
2018-09-27,CGD.BK,1.4500000476837158,1.4900000095367432,1.4500000476837158,1.4600000381469727,1.4600000381469727,1915100.0
2018-09-28,CGD.BK,1.4600000381469727,1.4700000286102295,1.4500000476837158,1.4700000286102295,1.4700000286102295,2052300.0
2018-10-01,CGD.BK,1.4800000190734863,1.5199999809265137,1.4700000286102295,1.4900000095367432,1.4900000095367432,15467200.0
2018-10-02,CGD.BK,1.5,1.5,1.4800000190734863,1.4900000095367432,1.4900000095367432,6466000.0
2018-10-03,CGD.BK,1.4900000095367432,1.5,1.4600000381469727,1.4700000286102295,1.4700000286102295,7708200.0
2018-10-04,CGD.BK,1.4700000286102295,1.4800000190734863,1.4500000476837158,1.4800000190734863,1.4800000190734863,2417600.0
2018-10-05,CGD.BK,1.4700000286102295,1.4700000286102295,1.440000057220459,1.4500000476837158,1.4500000476837158,2330400.0
2018-10-08,CGD.BK,1.440000057220459,1.4600000381469727,1.4199999570846558,1.440000057220459,1.440000057220459,2476400.0
2018-10-09,CGD.BK,1.440000057220459,1.4500000476837158,1.409999966621399,1.409999966621399,1.409999966621399,3257700.0
2018-10-10,CGD.BK,1.409999966621399,1.4299999475479126,1.409999966621399,1.4299999475479126,1.4299999475479126,1368700.0
2018-10-11,CGD.BK,1.399999976158142,1.399999976158142,1.3799999952316284,1.3899999856948853,1.3899999856948853,3249900.0
2018-10-12,CGD.BK,1.3899999856948853,1.440000057220459,1.3899999856948853,1.3899999856948853,1.3899999856948853,3452000.0
2018-10-16,CGD.BK,1.3899999856948853,1.399999976158142,1.3600000143051147,1.3899999856948853,1.3899999856948853,2115100.0
2018-10-17,CGD.BK,1.3700000047683716,1.3899999856948853,1.3600000143051147,1.3799999952316284,1.3799999952316284,2448200.0
2018-10-18,CGD.BK,1.3799999952316284,1.3899999856948853,1.3600000143051147,1.3700000047683716,1.3700000047683716,1619100.0
2018-10-19,CGD.BK,1.3899999856948853,1.399999976158142,1.350000023841858,1.3899999856948853,1.3899999856948853,3415700.0
2018-10-22,CGD.BK,1.3899999856948853,1.3899999856948853,1.350000023841858,1.3600000143051147,1.3600000143051147,1380200.0
2018-10-24,CGD.BK,1.340000033378601,1.3600000143051147,1.3200000524520874,1.3200000524520874,1.3200000524520874,2256400.0
2018-10-25,CGD.BK,1.3200000524520874,1.340000033378601,1.309999942779541,1.3300000429153442,1.3300000429153442,2985000.0
2018-10-26,CGD.BK,1.350000023841858,1.3600000143051147,1.3300000429153442,1.3300000429153442,1.3300000429153442,153200.0
2018-10-29,CGD.BK,1.3700000047683716,1.3700000047683716,1.340000033378601,1.350000023841858,1.350000023841858,636100.0
2018-10-30,CGD.BK,1.3600000143051147,1.3600000143051147,1.340000033378601,1.350000023841858,1.350000023841858,235400.0
2018-10-31,CGD.BK,1.350000023841858,1.3600000143051147,1.3300000429153442,1.340000033378601,1.340000033378601,939600.0
2018-11-01,CGD.BK,1.350000023841858,1.3899999856948853,1.340000033378601,1.340000033378601,1.340000033378601,2916800.0
2018-11-02,CGD.BK,1.340000033378601,1.350000023841858,1.3300000429153442,1.350000023841858,1.350000023841858,1540400.0
2018-11-05,CGD.BK,1.340000033378601,1.350000023841858,1.340000033378601,1.340000033378601,1.340000033378601,107400.0
2018-11-06,CGD.BK,1.3600000143051147,1.3600000143051147,1.3300000429153442,1.3300000429153442,1.3300000429153442,976400.0
2018-11-07,CGD.BK,1.340000033378601,1.350000023841858,1.3200000524520874,1.3200000524520874,1.3200000524520874,1100900.0
2018-11-08,CGD.BK,1.3300000429153442,1.350000023841858,1.3300000429153442,1.350000023841858,1.350000023841858,220500.0
2018-11-09,CGD.BK,1.350000023841858,1.3600000143051147,1.350000023841858,1.3600000143051147,1.3600000143051147,908200.0
2018-11-12,CGD.BK,1.350000023841858,1.350000023841858,1.3300000429153442,1.350000023841858,1.350000023841858,879200.0
2018-11-13,CGD.BK,1.3300000429153442,1.3600000143051147,1.3200000524520874,1.3200000524520874,1.3200000524520874,2399000.0
2018-11-14,CGD.BK,1.3200000524520874,1.350000023841858,1.3200000524520874,1.3200000524520874,1.3200000524520874,2439500.0
2018-11-15,CGD.BK,1.3200000524520874,1.340000033378601,1.309999942779541,1.3200000524520874,1.3200000524520874,2004100.0
2018-11-16,CGD.BK,1.3300000429153442,1.3300000429153442,1.309999942779541,1.3200000524520874,1.3200000524520874,541200.0
2018-11-19,CGD.BK,1.3200000524520874,1.3300000429153442,1.309999942779541,1.3300000429153442,1.3300000429153442,520700.0
2018-11-20,CGD.BK,1.3300000429153442,1.340000033378601,1.309999942779541,1.3300000429153442,1.3300000429153442,1970100.0
2018-11-21,CGD.BK,1.3200000524520874,1.3200000524520874,1.2999999523162842,1.3200000524520874,1.3200000524520874,1546200.0
2018-11-22,CGD.BK,1.3200000524520874,1.3200000524520874,1.2899999618530273,1.2999999523162842,1.2999999523162842,998800.0
2018-11-23,CGD.BK,1.2999999523162842,1.340000033378601,1.2999999523162842,1.3300000429153442,1.3300000429153442,1585800.0
2018-11-26,CGD.BK,1.340000033378601,1.350000023841858,1.3300000429153442,1.340000033378601,1.340000033378601,855800.0
2018-11-27,CGD.BK,1.340000033378601,1.350000023841858,1.3300000429153442,1.340000033378601,1.340000033378601,428500.0
2018-11-28,CGD.BK,1.350000023841858,1.350000023841858,1.3300000429153442,1.340000033378601,1.340000033378601,313200.0
2018-11-29,CGD.BK,1.340000033378601,1.340000033378601,1.3300000429153442,1.3300000429153442,1.3300000429153442,221600.0
2018-11-30,CGD.BK,1.340000033378601,1.340000033378601,1.3200000524520874,1.340000033378601,1.340000033378601,422900.0
2018-12-03,CGD.BK,1.340000033378601,1.340000033378601,1.3300000429153442,1.340000033378601,1.340000033378601,698700.0
2018-12-04,CGD.BK,1.340000033378601,1.350000023841858,1.3300000429153442,1.350000023841858,1.350000023841858,1101300.0
2018-12-06,CGD.BK,1.350000023841858,1.350000023841858,1.3200000524520874,1.350000023841858,1.350000023841858,1033500.0
2018-12-07,CGD.BK,1.350000023841858,1.350000023841858,1.3200000524520874,1.340000033378601,1.340000033378601,1889500.0
2018-12-11,CGD.BK,1.340000033378601,1.340000033378601,1.3300000429153442,1.340000033378601,1.340000033378601,157000.0
2018-12-12,CGD.BK,1.340000033378601,1.340000033378601,1.3300000429153442,1.340000033378601,1.340000033378601,51000.0
2018-12-13,CGD.BK,1.3300000429153442,1.3300000429153442,1.3200000524520874,1.3300000429153442,1.3300000429153442,234000.0
2018-12-14,CGD.BK,1.3300000429153442,1.3300000429153442,1.309999942779541,1.309999942779541,1.309999942779541,767200.0
2018-12-17,CGD.BK,1.3200000524520874,1.3200000524520874,1.2899999618530273,1.2999999523162842,1.2999999523162842,806000.0
2018-12-18,CGD.BK,1.309999942779541,1.309999942779541,1.2899999618530273,1.2899999618530273,1.2899999618530273,912900.0
2018-12-19,CGD.BK,1.2999999523162842,1.2999999523162842,1.2599999904632568,1.2999999523162842,1.2999999523162842,1011000.0
2018-12-20,CGD.BK,1.2999999523162842,1.309999942779541,1.2799999713897705,1.2999999523162842,1.2999999523162842,254200.0
2018-12-21,CGD.BK,1.309999942779541,1.3200000524520874,1.2799999713897705,1.3200000524520874,1.3200000524520874,795800.0
2018-12-24,CGD.BK,1.2999999523162842,1.3300000429153442,1.2899999618530273,1.3300000429153442,1.3300000429153442,804300.0
2018-12-25,CGD.BK,1.3200000524520874,1.3300000429153442,1.2899999618530273,1.2899999618530273,1.2899999618530273,435300.0
2018-12-26,CGD.BK,1.3200000524520874,1.3200000524520874,1.2899999618530273,1.2899999618530273,1.2899999618530273,217800.0
2018-12-27,CGD.BK,1.2999999523162842,1.2999999523162842,1.2799999713897705,1.2799999713897705,1.2799999713897705,540800.0
2018-12-28,CGD.BK,1.2899999618530273,1.340000033378601,1.2799999713897705,1.340000033378601,1.340000033378601,570700.0
2019-01-02,CGD.BK,1.309999942779541,1.3200000524520874,1.2999999523162842,1.309999942779541,1.309999942779541,429700.0
2019-01-03,CGD.BK,1.309999942779541,1.309999942779541,1.2899999618530273,1.2899999618530273,1.2899999618530273,634900.0
2019-01-04,CGD.BK,1.2999999523162842,1.309999942779541,1.2899999618530273,1.309999942779541,1.309999942779541,276800.0
2019-01-07,CGD.BK,1.309999942779541,1.309999942779541,1.2899999618530273,1.309999942779541,1.309999942779541,287000.0
2019-01-08,CGD.BK,1.2999999523162842,1.309999942779541,1.2899999618530273,1.2999999523162842,1.2999999523162842,516700.0
2019-01-09,CGD.BK,1.2999999523162842,1.2999999523162842,1.2899999618530273,1.2999999523162842,1.2999999523162842,394800.0
2019-01-10,CGD.BK,1.2899999618530273,1.350000023841858,1.2899999618530273,1.340000033378601,1.340000033378601,2976100.0
2019-01-11,CGD.BK,1.3600000143051147,1.399999976158142,1.3600000143051147,1.399999976158142,1.399999976158142,5579700.0
2019-01-14,CGD.BK,1.399999976158142,1.399999976158142,1.3799999952316284,1.3799999952316284,1.3799999952316284,365700.0
2019-01-15,CGD.BK,1.3799999952316284,1.3799999952316284,1.3300000429153442,1.3300000429153442,1.3300000429153442,2066500.0
2019-01-16,CGD.BK,1.3600000143051147,1.3700000047683716,1.3300000429153442,1.3600000143051147,1.3600000143051147,1663300.0
2019-01-17,CGD.BK,1.3700000047683716,1.3799999952316284,1.2999999523162842,1.2999999523162842,1.2999999523162842,3387900.0
2019-01-18,CGD.BK,1.309999942779541,1.3200000524520874,1.2999999523162842,1.2999999523162842,1.2999999523162842,520300.0
2019-01-21,CGD.BK,1.3200000524520874,1.3300000429153442,1.2999999523162842,1.309999942779541,1.309999942779541,727200.0
2019-01-22,CGD.BK,1.3200000524520874,1.3300000429153442,1.2999999523162842,1.3200000524520874,1.3200000524520874,379500.0
2019-01-23,CGD.BK,1.3200000524520874,1.3300000429153442,1.309999942779541,1.309999942779541,1.309999942779541,1397200.0
2019-01-24,CGD.BK,1.309999942779541,1.340000033378601,1.309999942779541,1.309999942779541,1.309999942779541,1446900.0
2019-01-25,CGD.BK,1.309999942779541,1.309999942779541,1.2999999523162842,1.309999942779541,1.309999942779541,799800.0
2019-01-28,CGD.BK,1.309999942779541,1.309999942779541,1.2799999713897705,1.2799999713897705,1.2799999713897705,2526900.0
2019-01-29,CGD.BK,1.2899999618530273,1.2899999618530273,1.2799999713897705,1.2799999713897705,1.2799999713897705,1264500.0
2019-01-30,CGD.BK,1.2799999713897705,1.2899999618530273,1.2799999713897705,1.2799999713897705,1.2799999713897705,715700.0
2019-01-31,CGD.BK,1.2799999713897705,1.2999999523162842,1.2799999713897705,1.2899999618530273,1.2899999618530273,260300.0
2019-02-01,CGD.BK,1.2999999523162842,1.2999999523162842,1.2899999618530273,1.2899999618530273,1.2899999618530273,171100.0
2019-02-04,CGD.BK,1.2899999618530273,1.309999942779541,1.2799999713897705,1.2799999713897705,1.2799999713897705,1170800.0
2019-02-05,CGD.BK,1.2899999618530273,1.309999942779541,1.2799999713897705,1.309999942779541,1.309999942779541,561000.0
2019-02-06,CGD.BK,1.309999942779541,1.3600000143051147,1.2899999618530273,1.2899999618530273,1.2899999618530273,6476700.0
2019-02-07,CGD.BK,1.2999999523162842,1.2999999523162842,1.2899999618530273,1.2899999618530273,1.2899999618530273,501800.0
2019-02-08,CGD.BK,1.2799999713897705,1.2899999618530273,1.2799999713897705,1.2799999713897705,1.2799999713897705,546400.0
2019-02-11,CGD.BK,1.2799999713897705,1.2999999523162842,1.2799999713897705,1.2899999618530273,1.2899999618530273,385700.0
2019-02-12,CGD.BK,1.2899999618530273,1.2899999618530273,1.2899999618530273,1.2899999618530273,1.2899999618530273,132500.0
2019-02-13,CGD.BK,1.2999999523162842,1.2999999523162842,1.2799999713897705,1.2799999713897705,1.2799999713897705,2249900.0
2019-02-14,CGD.BK,1.2799999713897705,1.2899999618530273,1.2799999713897705,1.2799999713897705,1.2799999713897705,767100.0
2019-02-15,CGD.BK,1.2799999713897705,1.2899999618530273,1.2699999809265137,1.2699999809265137,1.2699999809265137,618800.0
2019-02-18,CGD.BK,1.2699999809265137,1.2899999618530273,1.2699999809265137,1.2699999809265137,1.2699999809265137,468700.0
2019-02-20,CGD.BK,1.2899999618530273,1.2899999618530273,1.2799999713897705,1.2799999713897705,1.2799999713897705,838400.0
2019-02-21,CGD.BK,1.2799999713897705,1.2899999618530273,1.2799999713897705,1.2799999713897705,1.2799999713897705,409400.0
2019-02-22,CGD.BK,1.2799999713897705,1.2799999713897705,1.2799999713897705,1.2799999713897705,1.2799999713897705,114900.0
2019-02-25,CGD.BK,1.2799999713897705,1.2999999523162842,1.2599999904632568,1.2699999809265137,1.2699999809265137,1255500.0
2019-02-26,CGD.BK,1.2799999713897705,1.2799999713897705,1.25,1.2699999809265137,1.2699999809265137,5557900.0
2019-02-27,CGD.BK,1.2599999904632568,1.2799999713897705,1.2400000095367432,1.2799999713897705,1.2799999713897705,842400.0
2019-02-28,CGD.BK,1.2599999904632568,1.2799999713897705,1.2400000095367432,1.2400000095367432,1.2400000095367432,1377500.0
2019-03-01,CGD.BK,1.25,1.25,1.2200000286102295,1.2200000286102295,1.2200000286102295,2350200.0
2019-03-04,CGD.BK,1.2100000381469727,1.2200000286102295,1.2000000476837158,1.2100000381469727,1.2100000381469727,1078400.0
2019-03-05,CGD.BK,1.2100000381469727,1.2100000381469727,1.2000000476837158,1.2000000476837158,1.2000000476837158,368300.0
2019-03-06,CGD.BK,1.2100000381469727,1.2100000381469727,1.190000057220459,1.2000000476837158,1.2000000476837158,944200.0
2019-03-07,CGD.BK,1.2000000476837158,1.2300000190734863,1.190000057220459,1.2000000476837158,1.2000000476837158,813700.0
2019-03-08,CGD.BK,1.190000057220459,1.2000000476837158,1.159999966621399,1.1799999475479126,1.1799999475479126,884400.0
2019-03-11,CGD.BK,1.1799999475479126,1.190000057220459,1.1799999475479126,1.190000057220459,1.190000057220459,627200.0
2019-03-12,CGD.BK,1.190000057220459,1.190000057220459,1.1699999570846558,1.190000057220459,1.190000057220459,87600.0
2019-03-13,CGD.BK,1.190000057220459,1.190000057220459,1.1699999570846558,1.190000057220459,1.190000057220459,946700.0
2019-03-14,CGD.BK,1.1799999475479126,1.190000057220459,1.149999976158142,1.149999976158142,1.149999976158142,1685400.0
2019-03-15,CGD.BK,1.149999976158142,1.1799999475479126,1.1299999952316284,1.159999966621399,1.159999966621399,2412800.0
2019-03-18,CGD.BK,1.149999976158142,1.149999976158142,1.1200000047683716,1.1299999952316284,1.1299999952316284,1719100.0
2019-03-19,CGD.BK,1.1200000047683716,1.1699999570846558,1.1200000047683716,1.159999966621399,1.159999966621399,1599500.0
2019-03-20,CGD.BK,1.1699999570846558,1.190000057220459,1.149999976158142,1.159999966621399,1.159999966621399,2504400.0
2019-03-21,CGD.BK,1.159999966621399,1.159999966621399,1.149999976158142,1.159999966621399,1.159999966621399,46700.0
2019-03-22,CGD.BK,1.149999976158142,1.159999966621399,1.1200000047683716,1.149999976158142,1.149999976158142,1539100.0
2019-03-25,CGD.BK,1.1399999856948853,1.149999976158142,1.1299999952316284,1.149999976158142,1.149999976158142,413400.0
2019-03-26,CGD.BK,1.149999976158142,1.149999976158142,1.1299999952316284,1.149999976158142,1.149999976158142,818900.0
2019-03-27,CGD.BK,1.1399999856948853,1.149999976158142,1.1200000047683716,1.149999976158142,1.149999976158142,1612900.0
2019-03-28,CGD.BK,1.1399999856948853,1.149999976158142,1.1399999856948853,1.149999976158142,1.149999976158142,143900.0
2019-03-29,CGD.BK,1.1399999856948853,1.149999976158142,1.1299999952316284,1.149999976158142,1.149999976158142,1605000.0
2019-04-01,CGD.BK,1.1399999856948853,1.149999976158142,1.1299999952316284,1.149999976158142,1.149999976158142,770100.0
2019-04-02,CGD.BK,1.149999976158142,1.159999966621399,1.1200000047683716,1.1299999952316284,1.1299999952316284,2529600.0
2019-04-03,CGD.BK,1.1299999952316284,1.1399999856948853,1.1100000143051147,1.1399999856948853,1.1399999856948853,1071500.0
2019-04-04,CGD.BK,1.1399999856948853,1.1399999856948853,1.100000023841858,1.100000023841858,1.100000023841858,2163200.0
2019-04-05,CGD.BK,1.1100000143051147,1.1100000143051147,1.100000023841858,1.100000023841858,1.100000023841858,855600.0
2019-04-09,CGD.BK,1.1100000143051147,1.1200000047683716,1.1100000143051147,1.1100000143051147,1.1100000143051147,742100.0
2019-04-10,CGD.BK,1.1200000047683716,1.1200000047683716,1.1100000143051147,1.1200000047683716,1.1200000047683716,532900.0
2019-04-11,CGD.BK,1.1200000047683716,1.1299999952316284,1.1100000143051147,1.1100000143051147,1.1100000143051147,634100.0
2019-04-12,CGD.BK,1.1200000047683716,1.1200000047683716,1.100000023841858,1.1100000143051147,1.1100000143051147,623300.0
2019-04-17,CGD.BK,1.1100000143051147,1.1100000143051147,1.100000023841858,1.100000023841858,1.100000023841858,334800.0
2019-04-18,CGD.BK,1.100000023841858,1.1200000047683716,1.100000023841858,1.1100000143051147,1.1100000143051147,990800.0
2019-04-19,CGD.BK,1.1100000143051147,1.1200000047683716,1.1100000143051147,1.1200000047683716,1.1200000047683716,222100.0
2019-04-22,CGD.BK,1.1100000143051147,1.1200000047683716,1.090000033378601,1.1100000143051147,1.1100000143051147,683500.0
2019-04-23,CGD.BK,1.1100000143051147,1.1100000143051147,1.100000023841858,1.1100000143051147,1.1100000143051147,250200.0
2019-04-24,CGD.BK,1.100000023841858,1.1100000143051147,1.090000033378601,1.100000023841858,1.100000023841858,810800.0
2019-04-25,CGD.BK,1.100000023841858,1.100000023841858,1.0800000429153442,1.100000023841858,1.100000023841858,310000.0
2019-04-26,CGD.BK,1.090000033378601,1.1100000143051147,1.090000033378601,1.100000023841858,1.100000023841858,1100000.0
2019-04-29,CGD.BK,1.100000023841858,1.100000023841858,1.090000033378601,1.100000023841858,1.100000023841858,1362100.0
2019-04-30,CGD.BK,1.0800000429153442,1.100000023841858,1.059999942779541,1.090000033378601,1.090000033378601,2979400.0
2019-05-02,CGD.BK,1.0800000429153442,1.1200000047683716,1.0800000429153442,1.090000033378601,1.090000033378601,2415000.0
2019-05-03,CGD.BK,1.090000033378601,1.100000023841858,1.0800000429153442,1.090000033378601,1.090000033378601,1357900.0
2019-05-07,CGD.BK,1.0800000429153442,1.100000023841858,1.0700000524520874,1.100000023841858,1.100000023841858,1715400.0
2019-05-08,CGD.BK,1.090000033378601,1.090000033378601,1.059999942779541,1.059999942779541,1.059999942779541,2353400.0
2019-05-09,CGD.BK,1.0499999523162842,1.100000023841858,1.0499999523162842,1.059999942779541,1.059999942779541,2414600.0
2019-05-10,CGD.BK,1.0700000524520874,1.149999976158142,1.0700000524520874,1.149999976158142,1.149999976158142,3629900.0
2019-05-13,CGD.BK,1.1399999856948853,1.1399999856948853,1.100000023841858,1.1100000143051147,1.1100000143051147,2179500.0
2019-05-14,CGD.BK,1.100000023841858,1.1100000143051147,1.090000033378601,1.1100000143051147,1.1100000143051147,1142600.0
2019-05-15,CGD.BK,1.100000023841858,1.1200000047683716,1.090000033378601,1.1200000047683716,1.1200000047683716,1190800.0
2019-05-16,CGD.BK,1.100000023841858,1.1200000047683716,1.059999942779541,1.1200000047683716,1.1200000047683716,4731500.0
2019-05-17,CGD.BK,1.100000023841858,1.1200000047683716,1.090000033378601,1.1200000047683716,1.1200000047683716,2445600.0
2019-05-21,CGD.BK,1.090000033378601,1.090000033378601,1.0700000524520874,1.0700000524520874,1.0700000524520874,3670100.0
2019-05-22,CGD.BK,1.0800000429153442,1.090000033378601,1.0700000524520874,1.0700000524520874,1.0700000524520874,1221000.0
2019-05-23,CGD.BK,1.0800000429153442,1.0800000429153442,1.0700000524520874,1.0800000429153442,1.0800000429153442,226400.0
2019-05-24,CGD.BK,1.090000033378601,1.090000033378601,1.0700000524520874,1.090000033378601,1.090000033378601,281000.0
2019-05-27,CGD.BK,1.0700000524520874,1.0800000429153442,1.0700000524520874,1.0800000429153442,1.0800000429153442,952200.0
2019-05-28,CGD.BK,1.0700000524520874,1.0800000429153442,1.059999942779541,1.0800000429153442,1.0800000429153442,1265000.0
2019-05-29,CGD.BK,1.0700000524520874,1.0700000524520874,1.0399999618530273,1.0399999618530273,1.0399999618530273,2712800.0
2019-05-30,CGD.BK,1.0399999618530273,1.0399999618530273,1.0299999713897705,1.0399999618530273,1.0399999618530273,1108200.0
2019-05-31,CGD.BK,1.0299999713897705,1.0299999713897705,1.0099999904632568,1.0199999809265137,1.0199999809265137,2428900.0
2019-06-04,CGD.BK,1.0099999904632568,1.0199999809265137,1.0,1.0199999809265137,1.0199999809265137,1084800.0
2019-06-05,CGD.BK,1.0199999809265137,1.0399999618530273,1.0199999809265137,1.0399999618530273,1.0399999618530273,148400.0
2019-06-06,CGD.BK,1.0399999618530273,1.059999942779541,1.0299999713897705,1.059999942779541,1.059999942779541,3695400.0
2019-06-07,CGD.BK,1.0499999523162842,1.0499999523162842,1.0199999809265137,1.0499999523162842,1.0499999523162842,6154200.0
2019-06-10,CGD.BK,1.0499999523162842,1.0499999523162842,1.0399999618530273,1.0499999523162842,1.0499999523162842,589300.0
2019-06-11,CGD.BK,1.0499999523162842,1.0499999523162842,1.0399999618530273,1.0499999523162842,1.0499999523162842,881200.0
2019-06-12,CGD.BK,1.0499999523162842,1.0499999523162842,1.0299999713897705,1.0499999523162842,1.0499999523162842,378100.0
2019-06-13,CGD.BK,1.0499999523162842,1.059999942779541,1.0199999809265137,1.059999942779541,1.059999942779541,3289800.0
2019-06-14,CGD.BK,1.0399999618530273,1.0700000524520874,1.0399999618530273,1.059999942779541,1.059999942779541,1194900.0
2019-06-17,CGD.BK,1.0499999523162842,1.0700000524520874,1.0499999523162842,1.0700000524520874,1.0700000524520874,1165400.0
2019-06-18,CGD.BK,1.0700000524520874,1.0800000429153442,1.0499999523162842,1.0800000429153442,1.0800000429153442,1980400.0
2019-06-19,CGD.BK,1.0800000429153442,1.1799999475479126,1.0800000429153442,1.100000023841858,1.100000023841858,25593700.0
2019-06-20,CGD.BK,1.100000023841858,1.1399999856948853,1.0800000429153442,1.100000023841858,1.100000023841858,7024300.0
2019-06-21,CGD.BK,1.100000023841858,1.1200000047683716,1.0800000429153442,1.090000033378601,1.090000033378601,3423000.0
2019-06-24,CGD.BK,1.090000033378601,1.1200000047683716,1.090000033378601,1.100000023841858,1.100000023841858,3595300.0
2019-06-25,CGD.BK,1.1200000047683716,1.1200000047683716,1.0700000524520874,1.0700000524520874,1.0700000524520874,5943100.0
2019-06-26,CGD.BK,1.0700000524520874,1.090000033378601,1.059999942779541,1.0800000429153442,1.0800000429153442,4334800.0
2019-06-27,CGD.BK,1.0700000524520874,1.0800000429153442,1.059999942779541,1.0800000429153442,1.0800000429153442,2689700.0
2019-06-28,CGD.BK,1.0800000429153442,1.0800000429153442,1.0499999523162842,1.0700000524520874,1.0700000524520874,3023800.0
2019-07-01,CGD.BK,1.0499999523162842,1.0800000429153442,1.0499999523162842,1.0700000524520874,1.0700000524520874,5104000.0
2019-07-02,CGD.BK,1.0700000524520874,1.100000023841858,1.0499999523162842,1.0800000429153442,1.0800000429153442,8227900.0
2019-07-03,CGD.BK,1.090000033378601,1.090000033378601,1.0399999618530273,1.0499999523162842,1.0499999523162842,4283000.0
2019-07-04,CGD.BK,1.059999942779541,1.0700000524520874,1.0499999523162842,1.059999942779541,1.059999942779541,2054100.0
2019-07-05,CGD.BK,1.059999942779541,1.059999942779541,1.0499999523162842,1.059999942779541,1.059999942779541,95800.0
2019-07-08,CGD.BK,1.059999942779541,1.0700000524520874,1.0499999523162842,1.0700000524520874,1.0700000524520874,731800.0
2019-07-09,CGD.BK,1.0700000524520874,1.0700000524520874,1.059999942779541,1.059999942779541,1.059999942779541,661200.0
2019-07-10,CGD.BK,1.059999942779541,1.100000023841858,1.059999942779541,1.059999942779541,1.059999942779541,1985200.0
2019-07-11,CGD.BK,1.0700000524520874,1.0700000524520874,1.0499999523162842,1.0499999523162842,1.0499999523162842,1196500.0
2019-07-12,CGD.BK,1.059999942779541,1.0800000429153442,1.0399999618530273,1.059999942779541,1.059999942779541,3559100.0
2019-07-15,CGD.BK,1.059999942779541,1.059999942779541,1.0499999523162842,1.059999942779541,1.059999942779541,311900.0
2019-07-17,CGD.BK,1.0499999523162842,1.0700000524520874,1.0499999523162842,1.059999942779541,1.059999942779541,2897800.0
2019-07-18,CGD.BK,1.059999942779541,1.100000023841858,1.0499999523162842,1.0700000524520874,1.0700000524520874,5099700.0
2019-07-19,CGD.BK,1.0700000524520874,1.0800000429153442,1.059999942779541,1.0700000524520874,1.0700000524520874,3856900.0
2019-07-22,CGD.BK,1.0700000524520874,1.0700000524520874,1.059999942779541,1.059999942779541,1.059999942779541,742300.0
2019-07-23,CGD.BK,1.059999942779541,1.0700000524520874,1.0499999523162842,1.059999942779541,1.059999942779541,1217300.0
2019-07-24,CGD.BK,1.059999942779541,1.059999942779541,1.0499999523162842,1.059999942779541,1.059999942779541,780000.0
2019-07-25,CGD.BK,1.059999942779541,1.059999942779541,1.0499999523162842,1.059999942779541,1.059999942779541,1528100.0
2019-07-26,CGD.BK,1.0499999523162842,1.059999942779541,1.0399999618530273,1.059999942779541,1.059999942779541,1560200.0
2019-07-30,CGD.BK,1.059999942779541,1.059999942779541,1.0499999523162842,1.0499999523162842,1.0499999523162842,2115700.0
2019-07-31,CGD.BK,1.059999942779541,1.059999942779541,1.0299999713897705,1.0499999523162842,1.0499999523162842,3344300.0
2019-08-01,CGD.BK,1.059999942779541,1.059999942779541,1.0299999713897705,1.0499999523162842,1.0499999523162842,581300.0
2019-08-02,CGD.BK,1.0399999618530273,1.0499999523162842,1.0299999713897705,1.0499999523162842,1.0499999523162842,3723800.0
2019-08-05,CGD.BK,1.0399999618530273,1.059999942779541,1.0299999713897705,1.059999942779541,1.059999942779541,1792000.0
2019-08-06,CGD.BK,1.0499999523162842,1.059999942779541,1.0399999618530273,1.059999942779541,1.059999942779541,1982000.0
2019-08-07,CGD.BK,1.059999942779541,1.059999942779541,1.0299999713897705,1.0499999523162842,1.0499999523162842,2049800.0
2019-08-08,CGD.BK,1.0399999618530273,1.0499999523162842,1.0299999713897705,1.0499999523162842,1.0499999523162842,1212600.0
2019-08-09,CGD.BK,1.0499999523162842,1.059999942779541,1.0399999618530273,1.0499999523162842,1.0499999523162842,1930000.0
2019-08-13,CGD.BK,1.0399999618530273,1.0399999618530273,1.0299999713897705,1.0399999618530273,1.0399999618530273,1386300.0
2019-08-14,CGD.BK,1.0399999618530273,1.059999942779541,1.0199999809265137,1.0199999809265137,1.0199999809265137,5101200.0
2019-08-15,CGD.BK,1.0099999904632568,1.0299999713897705,0.9900000095367432,1.0199999809265137,1.0199999809265137,14178500.0
2019-08-16,CGD.BK,1.0199999809265137,1.0199999809265137,1.0,1.0199999809265137,1.0199999809265137,2865500.0
2019-08-19,CGD.BK,1.0199999809265137,1.0199999809265137,1.0,1.0,1.0,2010000.0
2019-08-20,CGD.BK,1.0099999904632568,1.0099999904632568,0.9900000095367432,1.0099999904632568,1.0099999904632568,2826800.0
2019-08-21,CGD.BK,1.0,1.0099999904632568,1.0,1.0099999904632568,1.0099999904632568,730400.0
2019-08-22,CGD.BK,1.0099999904632568,1.0099999904632568,1.0,1.0099999904632568,1.0099999904632568,2232000.0
2019-08-23,CGD.BK,1.0099999904632568,1.0299999713897705,1.0,1.0299999713897705,1.0299999713897705,1820900.0
2019-08-26,CGD.BK,1.0199999809265137,1.0299999713897705,1.0,1.0299999713897705,1.0299999713897705,1939000.0
2019-08-27,CGD.BK,1.0299999713897705,1.0499999523162842,1.0199999809265137,1.0299999713897705,1.0299999713897705,2010300.0
2019-08-28,CGD.BK,1.0299999713897705,1.0399999618530273,1.0099999904632568,1.0199999809265137,1.0199999809265137,1885500.0
2019-08-29,CGD.BK,1.0299999713897705,1.0299999713897705,1.0099999904632568,1.0099999904632568,1.0099999904632568,1614600.0
2019-08-30,CGD.BK,1.0099999904632568,1.0199999809265137,1.0099999904632568,1.0199999809265137,1.0199999809265137,296900.0
2019-09-02,CGD.BK,1.0199999809265137,1.0199999809265137,1.0099999904632568,1.0199999809265137,1.0199999809265137,230300.0
2019-09-03,CGD.BK,1.0199999809265137,1.0199999809265137,1.0,1.0,1.0,3228200.0
2019-09-04,CGD.BK,1.0099999904632568,1.0499999523162842,1.0,1.0199999809265137,1.0199999809265137,8202500.0
2019-09-05,CGD.BK,1.0199999809265137,1.0199999809265137,1.0099999904632568,1.0199999809265137,1.0199999809265137,648100.0
2019-09-06,CGD.BK,1.0099999904632568,1.0199999809265137,1.0099999904632568,1.0199999809265137,1.0199999809265137,575700.0
2019-09-09,CGD.BK,1.0099999904632568,1.0099999904632568,1.0,1.0,1.0,3426800.0
2019-09-10,CGD.BK,1.0,1.0099999904632568,0.9900000095367432,1.0099999904632568,1.0099999904632568,1553900.0
2019-09-11,CGD.BK,1.0,1.0099999904632568,0.9900000095367432,1.0,1.0,5108600.0
2019-09-12,CGD.BK,1.0,1.0099999904632568,0.9800000190734863,1.0,1.0,4451000.0
2019-09-13,CGD.BK,0.9900000095367432,1.0099999904632568,0.9900000095367432,0.9900000095367432,0.9900000095367432,6495000.0
2019-09-16,CGD.BK,0.9900000095367432,1.0,0.9800000190734863,1.0,1.0,5456000.0
2019-09-17,CGD.BK,0.9900000095367432,1.0,0.9800000190734863,1.0,1.0,804400.0
2019-09-18,CGD.BK,0.9900000095367432,1.0,0.9700000286102295,0.9700000286102295,0.9700000286102295,4341200.0
2019-09-19,CGD.BK,0.9700000286102295,0.9800000190734863,0.9700000286102295,0.9800000190734863,0.9800000190734863,1646400.0
2019-09-20,CGD.BK,0.9700000286102295,0.9700000286102295,0.9599999785423279,0.9700000286102295,0.9700000286102295,1114100.0
2019-09-23,CGD.BK,0.9700000286102295,0.9900000095367432,0.9399999976158142,0.9900000095367432,0.9900000095367432,2993500.0
2019-09-24,CGD.BK,0.9800000190734863,0.9900000095367432,0.9700000286102295,0.9900000095367432,0.9900000095367432,2038700.0
2019-09-25,CGD.BK,0.9800000190734863,0.9900000095367432,0.9700000286102295,0.9900000095367432,0.9900000095367432,3934500.0
2019-09-26,CGD.BK,0.9800000190734863,0.9800000190734863,0.9700000286102295,0.9700000286102295,0.9700000286102295,1225500.0
2019-09-27,CGD.BK,0.9700000286102295,0.9800000190734863,0.949999988079071,0.9599999785423279,0.9599999785423279,1935100.0
2019-09-30,CGD.BK,0.9599999785423279,0.9700000286102295,0.9599999785423279,0.9599999785423279,0.9599999785423279,42500.0
2019-10-01,CGD.BK,0.9700000286102295,0.9800000190734863,0.9700000286102295,0.9700000286102295,0.9700000286102295,992700.0
2019-10-02,CGD.BK,0.9700000286102295,0.9800000190734863,0.9700000286102295,0.9800000190734863,0.9800000190734863,647200.0
2019-10-03,CGD.BK,0.9700000286102295,0.9800000190734863,0.9599999785423279,0.9800000190734863,0.9800000190734863,672200.0
2019-10-04,CGD.BK,0.9700000286102295,0.9900000095367432,0.9700000286102295,0.9900000095367432,0.9900000095367432,2076700.0
2019-10-07,CGD.BK,0.9900000095367432,0.9900000095367432,0.9700000286102295,0.9700000286102295,0.9700000286102295,687300.0
2019-10-08,CGD.BK,0.9700000286102295,0.9800000190734863,0.9599999785423279,0.9700000286102295,0.9700000286102295,655300.0
2019-10-09,CGD.BK,0.9599999785423279,0.9900000095367432,0.9599999785423279,0.9599999785423279,0.9599999785423279,1921700.0
2019-10-10,CGD.BK,0.9599999785423279,0.9700000286102295,0.949999988079071,0.9599999785423279,0.9599999785423279,1815900.0
2019-10-11,CGD.BK,0.9599999785423279,0.9800000190734863,0.9599999785423279,0.9599999785423279,0.9599999785423279,1104900.0
2019-10-15,CGD.BK,0.9700000286102295,0.9800000190734863,0.9599999785423279,0.9599999785423279,0.9599999785423279,1225400.0
2019-10-16,CGD.BK,0.9599999785423279,0.9700000286102295,0.9599999785423279,0.9700000286102295,0.9700000286102295,867600.0
2019-10-17,CGD.BK,0.9599999785423279,0.9800000190734863,0.9599999785423279,0.9599999785423279,0.9599999785423279,2370700.0
2019-10-18,CGD.BK,0.9599999785423279,0.9700000286102295,0.9599999785423279,0.9700000286102295,0.9700000286102295,556000.0
2019-10-21,CGD.BK,0.9700000286102295,0.9800000190734863,0.9599999785423279,0.9700000286102295,0.9700000286102295,4771500.0
2019-10-22,CGD.BK,0.9700000286102295,0.9800000190734863,0.9599999785423279,0.9599999785423279,0.9599999785423279,535900.0
2019-10-24,CGD.BK,0.9599999785423279,0.9700000286102295,0.9599999785423279,0.9700000286102295,0.9700000286102295,788300.0
2019-10-25,CGD.BK,0.9700000286102295,0.9700000286102295,0.9300000071525574,0.949999988079071,0.949999988079071,13978400.0
2019-10-28,CGD.BK,0.8999999761581421,0.9300000071525574,0.8999999761581421,0.9200000166893005,0.9200000166893005,22072000.0
2019-10-29,CGD.BK,0.9200000166893005,0.9200000166893005,0.8899999856948853,0.8999999761581421,0.8999999761581421,11521700.0
2019-10-30,CGD.BK,0.8999999761581421,0.9100000262260437,0.8899999856948853,0.8999999761581421,0.8999999761581421,7113200.0
2019-10-31,CGD.BK,0.8999999761581421,0.8999999761581421,0.8899999856948853,0.8999999761581421,0.8999999761581421,757300.0
2019-11-01,CGD.BK,0.8899999856948853,0.9100000262260437,0.8899999856948853,0.8999999761581421,0.8999999761581421,1830200.0
2019-11-04,CGD.BK,0.8999999761581421,0.9300000071525574,0.8799999952316284,0.9300000071525574,0.9300000071525574,6954300.0
2019-11-05,CGD.BK,0.9399999976158142,0.9399999976158142,0.9200000166893005,0.9300000071525574,0.9300000071525574,2298500.0
2019-11-06,CGD.BK,0.9300000071525574,0.9300000071525574,0.9300000071525574,0.9300000071525574,0.9300000071525574,738200.0
2019-11-07,CGD.BK,0.9300000071525574,0.9300000071525574,0.9200000166893005,0.9300000071525574,0.9300000071525574,311400.0
2019-11-08,CGD.BK,0.9300000071525574,0.9599999785423279,0.9200000166893005,0.9399999976158142,0.9399999976158142,1939700.0
2019-11-11,CGD.BK,0.9399999976158142,0.9399999976158142,0.9300000071525574,0.9300000071525574,0.9300000071525574,131500.0
2019-11-12,CGD.BK,0.9399999976158142,0.9700000286102295,0.9399999976158142,0.9399999976158142,0.9399999976158142,2317100.0
2019-11-13,CGD.BK,0.9200000166893005,0.9399999976158142,0.9100000262260437,0.9200000166893005,0.9200000166893005,2419000.0
2019-11-14,CGD.BK,0.9200000166893005,0.9300000071525574,0.8999999761581421,0.8999999761581421,0.8999999761581421,913800.0
2019-11-15,CGD.BK,0.9100000262260437,0.9200000166893005,0.8999999761581421,0.9200000166893005,0.9200000166893005,456000.0
2019-11-18,CGD.BK,0.9100000262260437,0.9399999976158142,0.9100000262260437,0.9200000166893005,0.9200000166893005,693200.0
2019-11-19,CGD.BK,0.9200000166893005,0.9200000166893005,0.9100000262260437,0.9100000262260437,0.9100000262260437,178600.0
2019-11-20,CGD.BK,0.9300000071525574,0.9300000071525574,0.9100000262260437,0.9100000262260437,0.9100000262260437,327500.0
2019-11-21,CGD.BK,0.9100000262260437,0.9200000166893005,0.8999999761581421,0.8999999761581421,0.8999999761581421,2065100.0
2019-11-22,CGD.BK,0.8999999761581421,0.9200000166893005,0.8899999856948853,0.9200000166893005,0.9200000166893005,1214600.0
2019-11-25,CGD.BK,0.9100000262260437,0.9100000262260437,0.8899999856948853,0.8999999761581421,0.8999999761581421,1514200.0
2019-11-26,CGD.BK,0.8999999761581421,0.8999999761581421,0.8600000143051147,0.8700000047683716,0.8700000047683716,9479600.0
2019-11-27,CGD.BK,0.8700000047683716,0.8999999761581421,0.8700000047683716,0.8999999761581421,0.8999999761581421,1829700.0
2019-11-28,CGD.BK,0.8899999856948853,0.8999999761581421,0.8899999856948853,0.8999999761581421,0.8999999761581421,287800.0
2019-11-29,CGD.BK,0.8899999856948853,0.9200000166893005,0.8799999952316284,0.9200000166893005,0.9200000166893005,5287500.0
2019-12-02,CGD.BK,0.9100000262260437,0.9100000262260437,0.8899999856948853,0.9100000262260437,0.9100000262260437,184400.0
2019-12-03,CGD.BK,0.9100000262260437,0.9100000262260437,0.8899999856948853,0.9100000262260437,0.9100000262260437,259500.0
2019-12-04,CGD.BK,0.8999999761581421,0.8999999761581421,0.8899999856948853,0.8999999761581421,0.8999999761581421,693500.0
2019-12-06,CGD.BK,0.8999999761581421,0.8999999761581421,0.8799999952316284,0.8899999856948853,0.8899999856948853,1509800.0
2019-12-09,CGD.BK,0.8899999856948853,0.9200000166893005,0.8700000047683716,0.9200000166893005,0.9200000166893005,1828800.0
2019-12-11,CGD.BK,0.9100000262260437,0.9200000166893005,0.8899999856948853,0.8899999856948853,0.8899999856948853,722600.0
2019-12-12,CGD.BK,0.8999999761581421,0.8999999761581421,0.8899999856948853,0.8899999856948853,0.8899999856948853,189400.0
2019-12-13,CGD.BK,0.8999999761581421,0.8999999761581421,0.8799999952316284,0.8799999952316284,0.8799999952316284,1301700.0
2019-12-16,CGD.BK,0.8799999952316284,0.8799999952316284,0.8700000047683716,0.8700000047683716,0.8700000047683716,1874500.0
2019-12-17,CGD.BK,0.8700000047683716,0.9100000262260437,0.8700000047683716,0.8799999952316284,0.8799999952316284,1548500.0
2019-12-18,CGD.BK,0.8799999952316284,0.8999999761581421,0.8299999833106995,0.8999999761581421,0.8999999761581421,10781500.0
2019-12-19,CGD.BK,0.8799999952316284,0.8799999952316284,0.8799999952316284,0.8799999952316284,0.8799999952316284,112300.0
2019-12-20,CGD.BK,0.8799999952316284,0.8999999761581421,0.8799999952316284,0.8799999952316284,0.8799999952316284,1571400.0
2019-12-23,CGD.BK,0.8799999952316284,0.8799999952316284,0.8700000047683716,0.8799999952316284,0.8799999952316284,1014500.0
2019-12-24,CGD.BK,0.8700000047683716,0.8899999856948853,0.8600000143051147,0.8799999952316284,0.8799999952316284,6292800.0
2019-12-25,CGD.BK,0.8799999952316284,0.8899999856948853,0.8799999952316284,0.8899999856948853,0.8899999856948853,159600.0
2019-12-26,CGD.BK,0.8700000047683716,0.8799999952316284,0.8700000047683716,0.8799999952316284,0.8799999952316284,622800.0
2019-12-27,CGD.BK,0.8700000047683716,0.9100000262260437,0.8600000143051147,0.8999999761581421,0.8999999761581421,3494500.0
2019-12-30,CGD.BK,0.8899999856948853,0.8899999856948853,0.8600000143051147,0.8799999952316284,0.8799999952316284,4017700.0
2020-01-02,CGD.BK,0.8799999952316284,0.8999999761581421,0.8700000047683716,0.8999999761581421,0.8999999761581421,851200.0
2020-01-03,CGD.BK,0.8999999761581421,0.8999999761581421,0.8799999952316284,0.8799999952316284,0.8799999952316284,347300.0
2020-01-06,CGD.BK,0.8700000047683716,0.8799999952316284,0.8700000047683716,0.8799999952316284,0.8799999952316284,689600.0
2020-01-07,CGD.BK,0.8799999952316284,0.8899999856948853,0.8700000047683716,0.8899999856948853,0.8899999856948853,208800.0
2020-01-08,CGD.BK,0.8799999952316284,0.8799999952316284,0.8600000143051147,0.8799999952316284,0.8799999952316284,2095300.0
2020-01-09,CGD.BK,0.8899999856948853,0.8999999761581421,0.8600000143051147,0.8899999856948853,0.8899999856948853,3709500.0
2020-01-10,CGD.BK,0.8899999856948853,0.8899999856948853,0.8799999952316284,0.8899999856948853,0.8899999856948853,584600.0
2020-01-13,CGD.BK,0.8700000047683716,0.8799999952316284,0.8700000047683716,0.8799999952316284,0.8799999952316284,1062000.0
2020-01-14,CGD.BK,0.8799999952316284,0.8899999856948853,0.8700000047683716,0.8799999952316284,0.8799999952316284,1854900.0
2020-01-15,CGD.BK,0.8799999952316284,0.8799999952316284,0.8500000238418579,0.8799999952316284,0.8799999952316284,3383600.0
2020-01-16,CGD.BK,0.8700000047683716,0.8799999952316284,0.8600000143051147,0.8799999952316284,0.8799999952316284,2609400.0
2020-01-17,CGD.BK,0.8999999761581421,0.8999999761581421,0.8700000047683716,0.8700000047683716,0.8700000047683716,839800.0
2020-01-20,CGD.BK,0.8700000047683716,0.8799999952316284,0.8600000143051147,0.8700000047683716,0.8700000047683716,3812100.0
2020-01-21,CGD.BK,0.8700000047683716,0.8799999952316284,0.8600000143051147,0.8700000047683716,0.8700000047683716,1198300.0
2020-01-22,CGD.BK,0.8700000047683716,0.8799999952316284,0.8700000047683716,0.8700000047683716,0.8700000047683716,245100.0
2020-01-23,CGD.BK,0.8600000143051147,0.8899999856948853,0.8600000143051147,0.8799999952316284,0.8799999952316284,1107700.0
2020-01-24,CGD.BK,0.8799999952316284,0.8899999856948853,0.8700000047683716,0.8899999856948853,0.8899999856948853,615200.0
2020-01-27,CGD.BK,0.8700000047683716,0.8799999952316284,0.8500000238418579,0.8799999952316284,0.8799999952316284,2459100.0
2020-01-28,CGD.BK,0.8700000047683716,0.8799999952316284,0.8600000143051147,0.8799999952316284,0.8799999952316284,2146900.0
2020-01-29,CGD.BK,0.8700000047683716,0.8999999761581421,0.8700000047683716,0.8899999856948853,0.8899999856948853,1320400.0
2020-01-30,CGD.BK,0.8899999856948853,0.8899999856948853,0.8700000047683716,0.8899999856948853,0.8899999856948853,2479900.0
2020-01-31,CGD.BK,0.8799999952316284,0.8999999761581421,0.8799999952316284,0.8799999952316284,0.8799999952316284,1977400.0
2020-02-03,CGD.BK,0.8799999952316284,0.8899999856948853,0.8700000047683716,0.8799999952316284,0.8799999952316284,2304700.0
2020-02-04,CGD.BK,0.8799999952316284,0.8899999856948853,0.8700000047683716,0.8799999952316284,0.8799999952316284,629800.0
2020-02-05,CGD.BK,0.8899999856948853,0.8899999856948853,0.8700000047683716,0.8899999856948853,0.8899999856948853,1000.0
2020-02-06,CGD.BK,0.8899999856948853,0.8899999856948853,0.8700000047683716,0.8700000047683716,0.8700000047683716,344200.0
2020-02-07,CGD.BK,0.8799999952316284,0.9100000262260437,0.8799999952316284,0.8799999952316284,0.8799999952316284,2701700.0
2020-02-11,CGD.BK,0.8899999856948853,0.8899999856948853,0.8700000047683716,0.8799999952316284,0.8799999952316284,1281400.0
2020-02-12,CGD.BK,0.8700000047683716,0.8899999856948853,0.8700000047683716,0.8799999952316284,0.8799999952316284,204900.0
2020-02-13,CGD.BK,0.8899999856948853,0.8899999856948853,0.8700000047683716,0.8799999952316284,0.8799999952316284,1567400.0
2020-02-14,CGD.BK,0.8799999952316284,0.8799999952316284,0.8600000143051147,0.8799999952316284,0.8799999952316284,3495200.0
2020-02-17,CGD.BK,0.8700000047683716,0.8799999952316284,0.8700000047683716,0.8799999952316284,0.8799999952316284,1018900.0
2020-02-18,CGD.BK,0.8700000047683716,0.8799999952316284,0.8700000047683716,0.8799999952316284,0.8799999952316284,172300.0
2020-02-19,CGD.BK,0.8700000047683716,0.8799999952316284,0.8700000047683716,0.8799999952316284,0.8799999952316284,382200.0
2020-02-20,CGD.BK,0.8700000047683716,0.8799999952316284,0.8700000047683716,0.8799999952316284,0.8799999952316284,5494000.0
2020-02-21,CGD.BK,0.8700000047683716,0.8799999952316284,0.8600000143051147,0.8799999952316284,0.8799999952316284,8136600.0
2020-02-24,CGD.BK,0.8799999952316284,0.8799999952316284,0.8399999737739563,0.8600000143051147,0.8600000143051147,13337400.0
2020-02-25,CGD.BK,0.8600000143051147,0.8600000143051147,0.8399999737739563,0.8600000143051147,0.8600000143051147,17086300.0
2020-02-26,CGD.BK,0.8399999737739563,0.8399999737739563,0.8199999928474426,0.8399999737739563,0.8399999737739563,4264200.0
2020-02-27,CGD.BK,0.8299999833106995,0.8500000238418579,0.8199999928474426,0.8500000238418579,0.8500000238418579,2364600.0
2020-02-28,CGD.BK,0.8399999737739563,0.8399999737739563,0.800000011920929,0.8199999928474426,0.8199999928474426,6506100.0
2020-03-02,CGD.BK,0.8399999737739563,0.8399999737739563,0.7900000214576721,0.800000011920929,0.800000011920929,11242300.0
2020-03-03,CGD.BK,0.8199999928474426,0.8299999833106995,0.800000011920929,0.8199999928474426,0.8199999928474426,1753400.0
2020-03-04,CGD.BK,0.8199999928474426,0.8299999833106995,0.7900000214576721,0.8100000023841858,0.8100000023841858,6957300.0
2020-03-05,CGD.BK,0.8100000023841858,0.8100000023841858,0.800000011920929,0.8100000023841858,0.8100000023841858,426200.0
2020-03-06,CGD.BK,0.8100000023841858,0.8100000023841858,0.7900000214576721,0.8100000023841858,0.8100000023841858,2894800.0
2020-03-09,CGD.BK,0.7900000214576721,0.800000011920929,0.7699999809265137,0.7799999713897705,0.7799999713897705,2979200.0
2020-03-10,CGD.BK,0.7799999713897705,0.7900000214576721,0.7699999809265137,0.7799999713897705,0.7799999713897705,727600.0
2020-03-11,CGD.BK,0.7799999713897705,0.7799999713897705,0.75,0.7599999904632568,0.7599999904632568,3569200.0
2020-03-12,CGD.BK,0.75,0.7599999904632568,0.6800000071525574,0.699999988079071,0.699999988079071,6012900.0
2020-03-13,CGD.BK,0.6800000071525574,0.7300000190734863,0.6399999856948853,0.7200000286102295,0.7200000286102295,3495100.0
2020-03-16,CGD.BK,0.6800000071525574,0.699999988079071,0.6499999761581421,0.6499999761581421,0.6499999761581421,7938300.0
2020-03-17,CGD.BK,0.6499999761581421,0.6499999761581421,0.6100000143051147,0.6399999856948853,0.6399999856948853,5959100.0
2020-03-18,CGD.BK,0.6200000047683716,0.6299999952316284,0.6000000238418579,0.6200000047683716,0.6200000047683716,1588000.0
2020-03-19,CGD.BK,0.6299999952316284,0.6299999952316284,0.6100000143051147,0.6200000047683716,0.6200000047683716,1676200.0
2020-03-20,CGD.BK,0.6200000047683716,0.6399999856948853,0.5899999737739563,0.6200000047683716,0.6200000047683716,9413300.0
2020-03-23,CGD.BK,0.5899999737739563,0.6000000238418579,0.5600000023841858,0.5799999833106995,0.5799999833106995,10326400.0
2020-03-24,CGD.BK,0.5799999833106995,0.6000000238418579,0.5600000023841858,0.6000000238418579,0.6000000238418579,1868100.0
2020-03-25,CGD.BK,0.5799999833106995,0.6000000238418579,0.5799999833106995,0.6000000238418579,0.6000000238418579,1364800.0
2020-03-26,CGD.BK,0.6100000143051147,0.6100000143051147,0.5899999737739563,0.6000000238418579,0.6000000238418579,571400.0
2020-03-27,CGD.BK,0.6200000047683716,0.6200000047683716,0.5899999737739563,0.6000000238418579,0.6000000238418579,1273000.0
2020-03-30,CGD.BK,0.6100000143051147,0.6100000143051147,0.6100000143051147,0.6100000143051147,0.6100000143051147,650000.0
2020-03-31,CGD.BK,0.6000000238418579,0.6000000238418579,0.5699999928474426,0.5699999928474426,0.5699999928474426,4489200.0
2020-04-01,CGD.BK,0.5699999928474426,0.5799999833106995,0.550000011920929,0.5699999928474426,0.5699999928474426,3073400.0
2020-04-02,CGD.BK,0.5699999928474426,0.5899999737739563,0.550000011920929,0.5799999833106995,0.5799999833106995,1619100.0
2020-04-03,CGD.BK,0.5799999833106995,0.5899999737739563,0.5699999928474426,0.5799999833106995,0.5799999833106995,900200.0
2020-04-07,CGD.BK,0.5799999833106995,0.6100000143051147,0.5699999928474426,0.6100000143051147,0.6100000143051147,8090500.0
2020-04-08,CGD.BK,0.6100000143051147,0.6100000143051147,0.5899999737739563,0.6000000238418579,0.6000000238418579,548700.0
2020-04-09,CGD.BK,0.5899999737739563,0.6100000143051147,0.5899999737739563,0.6000000238418579,0.6000000238418579,452100.0
2020-04-10,CGD.BK,0.6000000238418579,0.6399999856948853,0.5899999737739563,0.6000000238418579,0.6000000238418579,768100.0
2020-04-13,CGD.BK,0.6000000238418579,0.6000000238418579,0.5899999737739563,0.5899999737739563,0.5899999737739563,1167600.0
2020-04-14,CGD.BK,0.5899999737739563,0.5899999737739563,0.5799999833106995,0.5899999737739563,0.5899999737739563,290800.0
2020-04-15,CGD.BK,0.5899999737739563,0.6000000238418579,0.5899999737739563,0.6000000238418579,0.6000000238418579,538300.0
2020-04-16,CGD.BK,0.5899999737739563,0.6000000238418579,0.5799999833106995,0.5899999737739563,0.5899999737739563,153600.0
2020-04-17,CGD.BK,0.5899999737739563,0.6700000166893005,0.5899999737739563,0.6700000166893005,0.6700000166893005,15537900.0
2020-04-20,CGD.BK,0.6700000166893005,0.6899999976158142,0.6100000143051147,0.6800000071525574,0.6800000071525574,5282900.0
2020-04-21,CGD.BK,0.6700000166893005,0.699999988079071,0.6499999761581421,0.699999988079071,0.699999988079071,1570400.0
2020-04-22,CGD.BK,0.699999988079071,0.7099999785423279,0.6899999976158142,0.699999988079071,0.699999988079071,1398000.0
2020-04-23,CGD.BK,0.699999988079071,0.7099999785423279,0.6899999976158142,0.699999988079071,0.699999988079071,1285200.0
2020-04-24,CGD.BK,0.699999988079071,0.7400000095367432,0.6899999976158142,0.699999988079071,0.699999988079071,2459900.0
2020-04-27,CGD.BK,0.699999988079071,0.7200000286102295,0.6800000071525574,0.7200000286102295,0.7200000286102295,1631300.0
2020-04-28,CGD.BK,0.7400000095367432,0.7400000095367432,0.699999988079071,0.7099999785423279,0.7099999785423279,1101200.0
2020-04-29,CGD.BK,0.7200000286102295,0.7300000190734863,0.7099999785423279,0.7200000286102295,0.7200000286102295,441000.0
2020-04-30,CGD.BK,0.7400000095367432,0.7400000095367432,0.7099999785423279,0.7300000190734863,0.7300000190734863,419100.0
2020-05-05,CGD.BK,0.7099999785423279,0.7099999785423279,0.6899999976158142,0.699999988079071,0.699999988079071,1115200.0
2020-05-07,CGD.BK,0.6899999976158142,0.699999988079071,0.6600000262260437,0.6600000262260437,0.6600000262260437,891900.0
2020-05-08,CGD.BK,0.6600000262260437,0.6800000071525574,0.6399999856948853,0.6499999761581421,0.6499999761581421,1140300.0
2020-05-11,CGD.BK,0.6499999761581421,0.6700000166893005,0.6399999856948853,0.6700000166893005,0.6700000166893005,1593400.0
2020-05-12,CGD.BK,0.6700000166893005,0.6700000166893005,0.6399999856948853,0.6499999761581421,0.6499999761581421,1948000.0
2020-05-13,CGD.BK,0.6399999856948853,0.6499999761581421,0.6100000143051147,0.6200000047683716,0.6200000047683716,4252700.0
2020-05-14,CGD.BK,0.6000000238418579,0.6100000143051147,0.5799999833106995,0.5899999737739563,0.5899999737739563,3556400.0
2020-05-15,CGD.BK,0.6000000238418579,0.6100000143051147,0.5799999833106995,0.6000000238418579,0.6000000238418579,1869000.0
2020-05-18,CGD.BK,0.6000000238418579,0.6100000143051147,0.6000000238418579,0.6100000143051147,0.6100000143051147,96500.0
2020-05-19,CGD.BK,0.6100000143051147,0.6200000047683716,0.5899999737739563,0.6200000047683716,0.6200000047683716,1550500.0
2020-05-20,CGD.BK,0.6100000143051147,0.6200000047683716,0.6000000238418579,0.6100000143051147,0.6100000143051147,638700.0
2020-05-21,CGD.BK,0.6100000143051147,0.6100000143051147,0.5899999737739563,0.5899999737739563,0.5899999737739563,1265000.0
2020-05-22,CGD.BK,0.6000000238418579,0.6000000238418579,0.5799999833106995,0.5899999737739563,0.5899999737739563,2245100.0
2020-05-25,CGD.BK,0.5899999737739563,0.6000000238418579,0.5799999833106995,0.5899999737739563,0.5899999737739563,683100.0
2020-05-26,CGD.BK,0.6000000238418579,0.6100000143051147,0.5899999737739563,0.6000000238418579,0.6000000238418579,2996700.0
2020-05-27,CGD.BK,0.6000000238418579,0.6000000238418579,0.5899999737739563,0.6000000238418579,0.6000000238418579,2193500.0
2020-05-28,CGD.BK,0.6000000238418579,0.6100000143051147,0.5799999833106995,0.6100000143051147,0.6100000143051147,8693300.0
2020-05-29,CGD.BK,0.6000000238418579,0.6000000238418579,0.5699999928474426,0.5699999928474426,0.5699999928474426,3356600.0
2020-06-01,CGD.BK,0.5799999833106995,0.6000000238418579,0.5799999833106995,0.5799999833106995,0.5799999833106995,3608500.0
2020-06-02,CGD.BK,0.5799999833106995,0.6100000143051147,0.5799999833106995,0.5899999737739563,0.5899999737739563,2932800.0
2020-06-04,CGD.BK,0.6000000238418579,0.6700000166893005,0.5899999737739563,0.6299999952316284,0.6299999952316284,12659600.0
2020-06-05,CGD.BK,0.6399999856948853,0.6399999856948853,0.6200000047683716,0.6200000047683716,0.6200000047683716,2506800.0
2020-06-08,CGD.BK,0.6299999952316284,0.6499999761581421,0.6200000047683716,0.6200000047683716,0.6200000047683716,2796000.0
2020-06-09,CGD.BK,0.6399999856948853,0.7099999785423279,0.6399999856948853,0.6899999976158142,0.6899999976158142,15566000.0
2020-06-10,CGD.BK,0.6899999976158142,0.7099999785423279,0.6399999856948853,0.6499999761581421,0.6499999761581421,10565000.0
2020-06-11,CGD.BK,0.6399999856948853,0.6499999761581421,0.6200000047683716,0.6299999952316284,0.6299999952316284,4310200.0
2020-06-12,CGD.BK,0.6100000143051147,0.6200000047683716,0.6000000238418579,0.6100000143051147,0.6100000143051147,3121800.0
2020-06-15,CGD.BK,0.6200000047683716,0.6200000047683716,0.6000000238418579,0.6000000238418579,0.6000000238418579,2193700.0
2020-06-16,CGD.BK,0.6100000143051147,0.6299999952316284,0.6000000238418579,0.6200000047683716,0.6200000047683716,1115400.0
2020-06-17,CGD.BK,0.6100000143051147,0.6499999761581421,0.6100000143051147,0.6499999761581421,0.6499999761581421,4960800.0
2020-06-18,CGD.BK,0.6499999761581421,0.6700000166893005,0.6100000143051147,0.6200000047683716,0.6200000047683716,8946000.0
2020-06-19,CGD.BK,0.6200000047683716,0.6299999952316284,0.6100000143051147,0.6299999952316284,0.6299999952316284,859200.0
2020-06-22,CGD.BK,0.6299999952316284,0.6399999856948853,0.6100000143051147,0.6100000143051147,0.6100000143051147,1928700.0
2020-06-23,CGD.BK,0.6100000143051147,0.6200000047683716,0.6100000143051147,0.6100000143051147,0.6100000143051147,597700.0
2020-06-24,CGD.BK,0.6100000143051147,0.6200000047683716,0.5899999737739563,0.5899999737739563,0.5899999737739563,1730900.0
2020-06-25,CGD.BK,0.5899999737739563,0.5899999737739563,0.5699999928474426,0.5799999833106995,0.5799999833106995,5521500.0
2020-06-26,CGD.BK,0.5899999737739563,0.6000000238418579,0.5699999928474426,0.6000000238418579,0.6000000238418579,6028400.0
2020-06-29,CGD.BK,0.6000000238418579,0.6100000143051147,0.5799999833106995,0.6100000143051147,0.6100000143051147,385800.0
2020-06-30,CGD.BK,0.6000000238418579,0.6000000238418579,0.5899999737739563,0.5899999737739563,0.5899999737739563,1447600.0
2020-07-01,CGD.BK,0.6100000143051147,0.6100000143051147,0.5899999737739563,0.5899999737739563,0.5899999737739563,1017800.0
2020-07-02,CGD.BK,0.6000000238418579,0.6000000238418579,0.5699999928474426,0.5899999737739563,0.5899999737739563,955200.0
2020-07-03,CGD.BK,0.5899999737739563,0.6100000143051147,0.5899999737739563,0.6100000143051147,0.6100000143051147,1768300.0
2020-07-07,CGD.BK,0.6000000238418579,0.6200000047683716,0.6000000238418579,0.6000000238418579,0.6000000238418579,889200.0
2020-07-08,CGD.BK,0.6000000238418579,0.6100000143051147,0.6000000238418579,0.6000000238418579,0.6000000238418579,119300.0
2020-07-09,CGD.BK,0.6000000238418579,0.6100000143051147,0.6000000238418579,0.6000000238418579,0.6000000238418579,374400.0
2020-07-10,CGD.BK,0.6000000238418579,0.6100000143051147,0.5899999737739563,0.6100000143051147,0.6100000143051147,798800.0
2020-07-13,CGD.BK,0.6100000143051147,0.6100000143051147,0.5799999833106995,0.5799999833106995,0.5799999833106995,3210600.0
2020-07-14,CGD.BK,0.5799999833106995,0.6000000238418579,0.5699999928474426,0.5799999833106995,0.5799999833106995,1049900.0
2020-07-15,CGD.BK,0.5799999833106995,0.5899999737739563,0.550000011920929,0.5899999737739563,0.5899999737739563,7737100.0
2020-07-16,CGD.BK,0.5899999737739563,0.6000000238418579,0.5799999833106995,0.5899999737739563,0.5899999737739563,3834500.0
2020-07-17,CGD.BK,0.5899999737739563,0.6000000238418579,0.5799999833106995,0.6000000238418579,0.6000000238418579,530200.0
2020-07-20,CGD.BK,0.5799999833106995,0.6100000143051147,0.5799999833106995,0.6100000143051147,0.6100000143051147,3187500.0
2020-07-21,CGD.BK,0.6000000238418579,0.6100000143051147,0.6000000238418579,0.6000000238418579,0.6000000238418579,359000.0
2020-07-22,CGD.BK,0.6000000238418579,0.6100000143051147,0.6000000238418579,0.6100000143051147,0.6100000143051147,768800.0
2020-07-23,CGD.BK,0.6000000238418579,0.6100000143051147,0.5899999737739563,0.5899999737739563,0.5899999737739563,753000.0
2020-07-24,CGD.BK,0.5899999737739563,0.6100000143051147,0.5899999737739563,0.6000000238418579,0.6000000238418579,885700.0
2020-07-29,CGD.BK,0.6000000238418579,0.6100000143051147,0.6000000238418579,0.6100000143051147,0.6100000143051147,1123400.0
2020-07-30,CGD.BK,0.6000000238418579,0.6000000238418579,0.5899999737739563,0.5899999737739563,0.5899999737739563,1694200.0
2020-07-31,CGD.BK,0.5899999737739563,0.6000000238418579,0.5899999737739563,0.6000000238418579,0.6000000238418579,403200.0
2020-08-03,CGD.BK,0.6000000238418579,0.6000000238418579,0.5899999737739563,0.6000000238418579,0.6000000238418579,99200.0
2020-08-04,CGD.BK,0.5899999737739563,0.6000000238418579,0.5899999737739563,0.6000000238418579,0.6000000238418579,35600.0
2020-08-05,CGD.BK,0.6000000238418579,0.6100000143051147,0.5899999737739563,0.6100000143051147,0.6100000143051147,1316700.0
2020-08-06,CGD.BK,0.6100000143051147,0.6100000143051147,0.6000000238418579,0.6000000238418579,0.6000000238418579,478100.0
2020-08-07,CGD.BK,0.6100000143051147,0.6100000143051147,0.5899999737739563,0.6000000238418579,0.6000000238418579,139000.0
2020-08-10,CGD.BK,0.5899999737739563,0.6000000238418579,0.5899999737739563,0.5899999737739563,0.5899999737739563,385300.0
2020-08-11,CGD.BK,0.5799999833106995,0.6000000238418579,0.5799999833106995,0.5899999737739563,0.5899999737739563,435400.0
2020-08-13,CGD.BK,0.6100000143051147,0.6200000047683716,0.6000000238418579,0.6100000143051147,0.6100000143051147,1710100.0
2020-08-14,CGD.BK,0.6100000143051147,0.6100000143051147,0.5899999737739563,0.5899999737739563,0.5899999737739563,2629700.0
2020-08-17,CGD.BK,0.5899999737739563,0.6100000143051147,0.5899999737739563,0.6000000238418579,0.6000000238418579,1219400.0
2020-08-18,CGD.BK,0.6000000238418579,0.6000000238418579,0.5899999737739563,0.5899999737739563,0.5899999737739563,984500.0
2020-08-19,CGD.BK,0.5899999737739563,0.6000000238418579,0.5799999833106995,0.5799999833106995,0.5799999833106995,963000.0
2020-08-20,CGD.BK,0.5699999928474426,0.6100000143051147,0.550000011920929,0.6100000143051147,0.6100000143051147,15161500.0
2020-08-21,CGD.BK,0.6100000143051147,0.6100000143051147,0.5799999833106995,0.5899999737739563,0.5899999737739563,2053600.0
2020-08-24,CGD.BK,0.5799999833106995,0.5799999833106995,0.5699999928474426,0.5699999928474426,0.5699999928474426,1802100.0
2020-08-25,CGD.BK,0.5699999928474426,0.5899999737739563,0.5699999928474426,0.5899999737739563,0.5899999737739563,2006200.0
2020-08-26,CGD.BK,0.5799999833106995,0.5899999737739563,0.5799999833106995,0.5799999833106995,0.5799999833106995,722000.0
2020-08-27,CGD.BK,0.5799999833106995,0.6100000143051147,0.5799999833106995,0.6100000143051147,0.6100000143051147,6903000.0
2020-08-28,CGD.BK,0.6100000143051147,0.6100000143051147,0.5899999737739563,0.5899999737739563,0.5899999737739563,3116300.0
2020-08-31,CGD.BK,0.5799999833106995,0.5899999737739563,0.5799999833106995,0.5899999737739563,0.5899999737739563,1935500.0
2020-09-01,CGD.BK,0.6100000143051147,0.6700000166893005,0.5899999737739563,0.6499999761581421,0.6499999761581421,55981900.0
2020-09-02,CGD.BK,0.6499999761581421,0.6499999761581421,0.6200000047683716,0.6499999761581421,0.6499999761581421,14310500.0
2020-09-03,CGD.BK,0.6499999761581421,0.6499999761581421,0.6100000143051147,0.6399999856948853,0.6399999856948853,12174600.0
2020-09-08,CGD.BK,0.6299999952316284,0.6299999952316284,0.6200000047683716,0.6200000047683716,0.6200000047683716,2114700.0
2020-09-09,CGD.BK,0.6100000143051147,0.6499999761581421,0.6100000143051147,0.6499999761581421,0.6499999761581421,14023200.0
2020-09-10,CGD.BK,0.6600000262260437,0.6800000071525574,0.6399999856948853,0.6600000262260437,0.6600000262260437,19683300.0
2020-09-11,CGD.BK,0.6600000262260437,0.6800000071525574,0.6399999856948853,0.6399999856948853,0.6399999856948853,7603900.0
2020-09-14,CGD.BK,0.6499999761581421,0.6499999761581421,0.6299999952316284,0.6299999952316284,0.6299999952316284,3249800.0
2020-09-15,CGD.BK,0.6299999952316284,0.6299999952316284,0.6200000047683716,0.6200000047683716,0.6200000047683716,2106100.0
2020-09-16,CGD.BK,0.6200000047683716,0.6600000262260437,0.6100000143051147,0.6399999856948853,0.6399999856948853,15072000.0
2020-09-17,CGD.BK,0.6399999856948853,0.6600000262260437,0.6299999952316284,0.6499999761581421,0.6499999761581421,9174500.0
2020-09-18,CGD.BK,0.6600000262260437,0.6600000262260437,0.6399999856948853,0.6399999856948853,0.6399999856948853,6529800.0
2020-09-21,CGD.BK,0.6399999856948853,0.6499999761581421,0.6299999952316284,0.6399999856948853,0.6399999856948853,1472900.0
2020-09-22,CGD.BK,0.6399999856948853,0.6499999761581421,0.6200000047683716,0.6399999856948853,0.6399999856948853,4706600.0
2020-09-23,CGD.BK,0.6399999856948853,0.6800000071525574,0.6299999952316284,0.6700000166893005,0.6700000166893005,16064400.0
2020-09-24,CGD.BK,0.6700000166893005,0.6700000166893005,0.6399999856948853,0.6399999856948853,0.6399999856948853,6564400.0
2020-09-25,CGD.BK,0.6399999856948853,0.6600000262260437,0.6399999856948853,0.6399999856948853,0.6399999856948853,7071800.0
2020-09-28,CGD.BK,0.6399999856948853,0.6499999761581421,0.6299999952316284,0.6299999952316284,0.6299999952316284,8047600.0
2020-09-29,CGD.BK,0.6399999856948853,0.6499999761581421,0.6200000047683716,0.6299999952316284,0.6299999952316284,5073300.0
2020-09-30,CGD.BK,0.6299999952316284,0.6499999761581421,0.6100000143051147,0.6200000047683716,0.6200000047683716,11005800.0
2020-10-01,CGD.BK,0.6200000047683716,0.6299999952316284,0.6100000143051147,0.6299999952316284,0.6299999952316284,3456200.0
2020-10-02,CGD.BK,0.6299999952316284,0.6299999952316284,0.6200000047683716,0.6299999952316284,0.6299999952316284,1406000.0
2020-10-05,CGD.BK,0.6299999952316284,0.6499999761581421,0.6100000143051147,0.6399999856948853,0.6399999856948853,13472500.0
2020-10-06,CGD.BK,0.6399999856948853,0.699999988079071,0.6399999856948853,0.699999988079071,0.699999988079071,63447300.0
2020-10-07,CGD.BK,0.699999988079071,0.7099999785423279,0.6800000071525574,0.7099999785423279,0.7099999785423279,10281000.0
2020-10-08,CGD.BK,0.7099999785423279,0.75,0.6899999976158142,0.7200000286102295,0.7200000286102295,35312100.0
2020-10-09,CGD.BK,0.7099999785423279,0.7300000190734863,0.6899999976158142,0.7099999785423279,0.7099999785423279,18765800.0
2020-10-12,CGD.BK,0.699999988079071,0.7300000190734863,0.6600000262260437,0.6800000071525574,0.6800000071525574,27655400.0
2020-10-14,CGD.BK,0.6800000071525574,0.699999988079071,0.6700000166893005,0.6899999976158142,0.6899999976158142,16424100.0
2020-10-15,CGD.BK,0.6899999976158142,0.699999988079071,0.6700000166893005,0.6800000071525574,0.6800000071525574,7108900.0
2020-10-16,CGD.BK,0.6899999976158142,0.699999988079071,0.6700000166893005,0.6800000071525574,0.6800000071525574,5290000.0
2020-10-19,CGD.BK,0.6800000071525574,0.6800000071525574,0.6399999856948853,0.6399999856948853,0.6399999856948853,3629800.0
2020-10-20,CGD.BK,0.6399999856948853,0.6700000166893005,0.6299999952316284,0.6600000262260437,0.6600000262260437,10967000.0
2020-10-21,CGD.BK,0.6600000262260437,0.6800000071525574,0.6600000262260437,0.6600000262260437,0.6600000262260437,9343600.0
2020-10-22,CGD.BK,0.6499999761581421,0.6600000262260437,0.6399999856948853,0.6499999761581421,0.6499999761581421,1476800.0
2020-10-26,CGD.BK,0.6499999761581421,0.6899999976158142,0.6499999761581421,0.6600000262260437,0.6600000262260437,8101200.0
2020-10-27,CGD.BK,0.6700000166893005,0.6700000166893005,0.6499999761581421,0.6600000262260437,0.6600000262260437,2305700.0
2020-10-28,CGD.BK,0.6600000262260437,0.6700000166893005,0.6600000262260437,0.6600000262260437,0.6600000262260437,1463200.0
2020-10-29,CGD.BK,0.6600000262260437,0.6600000262260437,0.6399999856948853,0.6499999761581421,0.6499999761581421,2588200.0
2020-10-30,CGD.BK,0.6499999761581421,0.6499999761581421,0.6399999856948853,0.6399999856948853,0.6399999856948853,7307000.0
2020-11-02,CGD.BK,0.6399999856948853,0.6600000262260437,0.6299999952316284,0.6399999856948853,0.6399999856948853,10978900.0
2020-11-03,CGD.BK,0.6499999761581421,0.6499999761581421,0.6399999856948853,0.6399999856948853,0.6399999856948853,527400.0
2020-11-04,CGD.BK,0.6399999856948853,0.6499999761581421,0.6200000047683716,0.6399999856948853,0.6399999856948853,18471100.0
2020-11-05,CGD.BK,0.6399999856948853,0.6600000262260437,0.6299999952316284,0.6600000262260437,0.6600000262260437,2951000.0
2020-11-06,CGD.BK,0.6600000262260437,0.6600000262260437,0.6399999856948853,0.6399999856948853,0.6399999856948853,3059100.0
2020-11-09,CGD.BK,0.6399999856948853,0.6700000166893005,0.6399999856948853,0.6700000166893005,0.6700000166893005,14625100.0
2020-11-10,CGD.BK,0.6700000166893005,0.6700000166893005,0.6399999856948853,0.6499999761581421,0.6499999761581421,6687700.0
2020-11-11,CGD.BK,0.6499999761581421,0.6499999761581421,0.6399999856948853,0.6499999761581421,0.6499999761581421,1623200.0
2020-11-12,CGD.BK,0.6399999856948853,0.6499999761581421,0.6399999856948853,0.6499999761581421,0.6499999761581421,539100.0
2020-11-13,CGD.BK,0.6499999761581421,0.6600000262260437,0.6399999856948853,0.6499999761581421,0.6499999761581421,9019900.0
2020-11-16,CGD.BK,0.6499999761581421,0.6499999761581421,0.6399999856948853,0.6399999856948853,0.6399999856948853,1376200.0
2020-11-17,CGD.BK,0.6499999761581421,0.6600000262260437,0.6399999856948853,0.6499999761581421,0.6499999761581421,6326600.0
2020-11-18,CGD.BK,0.6499999761581421,0.6499999761581421,0.6200000047683716,0.6499999761581421,0.6499999761581421,19093700.0
2020-11-19,CGD.BK,0.6499999761581421,0.6600000262260437,0.6399999856948853,0.6499999761581421,0.6499999761581421,4633000.0
2020-11-20,CGD.BK,0.6600000262260437,0.6600000262260437,0.6399999856948853,0.6499999761581421,0.6499999761581421,1040600.0
2020-11-23,CGD.BK,0.6499999761581421,0.6600000262260437,0.6399999856948853,0.6600000262260437,0.6600000262260437,4366500.0
2020-11-24,CGD.BK,0.6600000262260437,0.6700000166893005,0.6499999761581421,0.6600000262260437,0.6600000262260437,11405300.0
2020-11-25,CGD.BK,0.6700000166893005,0.6800000071525574,0.6499999761581421,0.6499999761581421,0.6499999761581421,15857200.0
2020-11-26,CGD.BK,0.6499999761581421,0.6600000262260437,0.6399999856948853,0.6499999761581421,0.6499999761581421,4745200.0
2020-11-27,CGD.BK,0.6600000262260437,0.6600000262260437,0.6499999761581421,0.6499999761581421,0.6499999761581421,4266300.0
2020-11-30,CGD.BK,0.6499999761581421,0.6600000262260437,0.6399999856948853,0.6499999761581421,0.6499999761581421,10208000.0
2020-12-01,CGD.BK,0.6499999761581421,0.6600000262260437,0.6499999761581421,0.6499999761581421,0.6499999761581421,4977000.0
2020-12-02,CGD.BK,0.6499999761581421,0.6600000262260437,0.6399999856948853,0.6499999761581421,0.6499999761581421,11718400.0
2020-12-03,CGD.BK,0.6399999856948853,0.6600000262260437,0.6399999856948853,0.6499999761581421,0.6499999761581421,2713700.0
2020-12-04,CGD.BK,0.6499999761581421,0.6600000262260437,0.6299999952316284,0.6399999856948853,0.6399999856948853,9355900.0
2020-12-08,CGD.BK,0.6399999856948853,0.6499999761581421,0.6200000047683716,0.6299999952316284,0.6299999952316284,15069700.0
2020-12-09,CGD.BK,0.6299999952316284,0.6299999952316284,0.6100000143051147,0.6299999952316284,0.6299999952316284,9925700.0
2020-12-14,CGD.BK,0.6399999856948853,0.6399999856948853,0.6200000047683716,0.6299999952316284,0.6299999952316284,4875800.0
2020-12-15,CGD.BK,0.6299999952316284,0.6299999952316284,0.6100000143051147,0.6100000143051147,0.6100000143051147,9607100.0
2020-12-16,CGD.BK,0.6100000143051147,0.6299999952316284,0.6000000238418579,0.6299999952316284,0.6299999952316284,11637300.0
2020-12-17,CGD.BK,0.6299999952316284,0.6299999952316284,0.6200000047683716,0.6299999952316284,0.6299999952316284,1756900.0
2020-12-18,CGD.BK,0.6299999952316284,0.6299999952316284,0.6200000047683716,0.6200000047683716,0.6200000047683716,5246900.0
2020-12-21,CGD.BK,0.6100000143051147,0.6299999952316284,0.5899999737739563,0.5899999737739563,0.5899999737739563,10247000.0
2020-12-22,CGD.BK,0.6000000238418579,0.6200000047683716,0.5899999737739563,0.6100000143051147,0.6100000143051147,9598100.0
2020-12-23,CGD.BK,0.6200000047683716,0.6200000047683716,0.6000000238418579,0.6000000238418579,0.6000000238418579,1993800.0
2020-12-24,CGD.BK,0.6000000238418579,0.6200000047683716,0.5899999737739563,0.6100000143051147,0.6100000143051147,7667300.0
2020-12-25,CGD.BK,0.6200000047683716,0.6200000047683716,0.6000000238418579,0.6100000143051147,0.6100000143051147,506300.0
2020-12-28,CGD.BK,0.6000000238418579,0.6100000143051147,0.6000000238418579,0.6000000238418579,0.6000000238418579,2543400.0
2020-12-29,CGD.BK,0.6100000143051147,0.6100000143051147,0.6000000238418579,0.6000000238418579,0.6000000238418579,2825700.0
2020-12-30,CGD.BK,0.6100000143051147,0.6100000143051147,0.6000000238418579,0.6100000143051147,0.6100000143051147,2282300.0
2021-01-04,CGD.BK,0.6100000143051147,0.6100000143051147,0.6000000238418579,0.6000000238418579,0.6000000238418579,1042100.0
2021-01-05,CGD.BK,0.6100000143051147,0.6100000143051147,0.6000000238418579,0.6100000143051147,0.6100000143051147,178200.0
2021-01-06,CGD.BK,0.6100000143051147,0.6100000143051147,0.5899999737739563,0.6000000238418579,0.6000000238418579,2676400.0
2021-01-07,CGD.BK,0.6000000238418579,0.6100000143051147,0.6000000238418579,0.6000000238418579,0.6000000238418579,2381800.0
2021-01-08,CGD.BK,0.6000000238418579,0.6200000047683716,0.6000000238418579,0.6000000238418579,0.6000000238418579,2596400.0
2021-01-11,CGD.BK,0.6000000238418579,0.6100000143051147,0.5899999737739563,0.6000000238418579,0.6000000238418579,9482400.0
2021-01-12,CGD.BK,0.6000000238418579,0.6000000238418579,0.5899999737739563,0.6000000238418579,0.6000000238418579,2929800.0
2021-01-13,CGD.BK,0.6000000238418579,0.6100000143051147,0.5899999737739563,0.6100000143051147,0.6100000143051147,16974600.0
2021-01-14,CGD.BK,0.5899999737739563,0.6000000238418579,0.5899999737739563,0.5899999737739563,0.5899999737739563,5918900.0
2021-01-15,CGD.BK,0.5899999737739563,0.6000000238418579,0.5799999833106995,0.6000000238418579,0.6000000238418579,3687800.0
2021-01-18,CGD.BK,0.5899999737739563,0.6000000238418579,0.5899999737739563,0.6000000238418579,0.6000000238418579,1313400.0
2021-01-19,CGD.BK,0.6000000238418579,0.6000000238418579,0.5799999833106995,0.5799999833106995,0.5799999833106995,2662800.0
2021-01-20,CGD.BK,0.5799999833106995,0.5899999737739563,0.5699999928474426,0.5699999928474426,0.5699999928474426,11940300.0
2021-01-21,CGD.BK,0.5699999928474426,0.6100000143051147,0.5600000023841858,0.6100000143051147,0.6100000143051147,40760900.0
2021-01-22,CGD.BK,0.6100000143051147,0.6100000143051147,0.5699999928474426,0.5699999928474426,0.5699999928474426,28620100.0
2021-01-25,CGD.BK,0.5799999833106995,0.5899999737739563,0.5699999928474426,0.5699999928474426,0.5699999928474426,12191100.0
2021-01-26,CGD.BK,0.5799999833106995,0.5899999737739563,0.5699999928474426,0.5699999928474426,0.5699999928474426,15816400.0
2021-01-27,CGD.BK,0.5799999833106995,0.6100000143051147,0.5600000023841858,0.6000000238418579,0.6000000238418579,23929300.0
2021-01-28,CGD.BK,0.5899999737739563,0.6000000238418579,0.5799999833106995,0.6000000238418579,0.6000000238418579,29930700.0
2021-01-29,CGD.BK,0.6000000238418579,0.6000000238418579,0.5799999833106995,0.6000000238418579,0.6000000238418579,76740100.0
2021-02-01,CGD.BK,0.5899999737739563,0.5899999737739563,0.5799999833106995,0.5899999737739563,0.5899999737739563,38637200.0
2021-02-02,CGD.BK,0.5899999737739563,0.6000000238418579,0.5799999833106995,0.5799999833106995,0.5799999833106995,41051800.0
2021-02-03,CGD.BK,0.5899999737739563,0.6000000238418579,0.5799999833106995,0.5899999737739563,0.5899999737739563,21777400.0
2021-02-04,CGD.BK,0.5899999737739563,0.5899999737739563,0.5799999833106995,0.5899999737739563,0.5899999737739563,3652100.0
2021-02-05,CGD.BK,0.5799999833106995,0.5899999737739563,0.5799999833106995,0.5799999833106995,0.5799999833106995,11449300.0
2021-02-08,CGD.BK,0.5799999833106995,0.5899999737739563,0.5699999928474426,0.5799999833106995,0.5799999833106995,7761300.0
2021-02-09,CGD.BK,0.5799999833106995,0.5799999833106995,0.5699999928474426,0.5799999833106995,0.5799999833106995,2099300.0
2021-02-10,CGD.BK,0.5699999928474426,0.5899999737739563,0.5699999928474426,0.5899999737739563,0.5899999737739563,27671000.0
2021-02-11,CGD.BK,0.5799999833106995,0.5799999833106995,0.5699999928474426,0.5799999833106995,0.5799999833106995,25610600.0
2021-02-15,CGD.BK,0.5799999833106995,0.5799999833106995,0.5699999928474426,0.5799999833106995,0.5799999833106995,1533700.0
2021-02-16,CGD.BK,0.5799999833106995,0.5799999833106995,0.5699999928474426,0.5699999928474426,0.5699999928474426,9940500.0
2021-02-17,CGD.BK,0.5699999928474426,0.5799999833106995,0.5600000023841858,0.5699999928474426,0.5699999928474426,3204700.0
2021-02-18,CGD.BK,0.5699999928474426,0.5899999737739563,0.5600000023841858,0.5899999737739563,0.5899999737739563,60052200.0
2021-02-19,CGD.BK,0.5699999928474426,0.5799999833106995,0.5600000023841858,0.5699999928474426,0.5699999928474426,15584900.0
2021-02-22,CGD.BK,0.5699999928474426,0.5699999928474426,0.550000011920929,0.550000011920929,0.550000011920929,48197600.0
2021-02-23,CGD.BK,0.550000011920929,0.5600000023841858,0.550000011920929,0.5600000023841858,0.5600000023841858,33217800.0
2021-02-24,CGD.BK,0.550000011920929,0.5600000023841858,0.550000011920929,0.5600000023841858,0.5600000023841858,1756600.0
2021-02-25,CGD.BK,0.550000011920929,0.5899999737739563,0.550000011920929,0.5899999737739563,0.5899999737739563,48304600.0
2021-03-01,CGD.BK,0.5799999833106995,0.5799999833106995,0.5600000023841858,0.5899999737739563,0.5899999737739563,13258800.0
2021-03-02,CGD.BK,0.5699999928474426,0.5699999928474426,0.550000011920929,0.5600000023841858,0.5600000023841858,13696300.0
2021-03-03,CGD.BK,0.5600000023841858,0.5699999928474426,0.5400000214576721,0.5600000023841858,0.5600000023841858,33102000.0
2021-03-04,CGD.BK,0.5600000023841858,0.5600000023841858,0.550000011920929,0.5600000023841858,0.5600000023841858,13557100.0
2021-03-05,CGD.BK,0.550000011920929,0.5600000023841858,0.550000011920929,0.5600000023841858,0.5600000023841858,1541400.0
2021-03-08,CGD.BK,0.550000011920929,0.5600000023841858,0.550000011920929,0.550000011920929,0.550000011920929,9895200.0
2021-03-09,CGD.BK,0.550000011920929,0.5600000023841858,0.5400000214576721,0.550000011920929,0.550000011920929,8594700.0
2021-03-10,CGD.BK,0.550000011920929,0.5699999928474426,0.5400000214576721,0.550000011920929,0.550000011920929,52894900.0
2021-03-11,CGD.BK,0.5699999928474426,0.5699999928474426,0.5400000214576721,0.5400000214576721,0.5400000214576721,46412900.0
2021-03-12,CGD.BK,0.550000011920929,0.5600000023841858,0.5400000214576721,0.5600000023841858,0.5600000023841858,10842600.0
2021-03-15,CGD.BK,0.5600000023841858,0.5600000023841858,0.550000011920929,0.550000011920929,0.550000011920929,9056300.0
2021-03-16,CGD.BK,0.550000011920929,0.6899999976158142,0.5400000214576721,0.6700000166893005,0.6700000166893005,281211000.0
2021-03-17,CGD.BK,0.7099999785423279,0.7699999809265137,0.6800000071525574,0.7099999785423279,0.7099999785423279,183127200.0
2021-03-18,CGD.BK,0.7099999785423279,0.7400000095367432,0.6800000071525574,0.7099999785423279,0.7099999785423279,62545200.0
2021-03-19,CGD.BK,0.7099999785423279,0.800000011920929,0.699999988079071,0.7699999809265137,0.7699999809265137,165679800.0
2021-03-22,CGD.BK,0.7900000214576721,0.8600000143051147,0.7900000214576721,0.8500000238418579,0.8500000238418579,72077800.0
2021-03-23,CGD.BK,0.8500000238418579,0.8500000238418579,0.8100000023841858,0.8299999833106995,0.8299999833106995,36285400.0
2021-03-24,CGD.BK,0.8600000143051147,0.8799999952316284,0.8299999833106995,0.8500000238418579,0.8500000238418579,60217100.0
2021-03-25,CGD.BK,0.8700000047683716,0.8700000047683716,0.8299999833106995,0.8299999833106995,0.8299999833106995,15355100.0
2021-03-26,CGD.BK,0.8299999833106995,0.8500000238418579,0.7799999713897705,0.8299999833106995,0.8299999833106995,47792300.0
2021-03-29,CGD.BK,0.8399999737739563,0.8600000143051147,0.8199999928474426,0.8299999833106995,0.8299999833106995,26984500.0
2021-03-30,CGD.BK,0.8199999928474426,0.8299999833106995,0.8100000023841858,0.8199999928474426,0.8199999928474426,14229600.0
2021-03-31,CGD.BK,0.8199999928474426,0.8799999952316284,0.8100000023841858,0.8399999737739563,0.8399999737739563,68084100.0
2021-04-01,CGD.BK,0.8500000238418579,0.8700000047683716,0.8100000023841858,0.8299999833106995,0.8299999833106995,34575800.0
2021-04-02,CGD.BK,0.8399999737739563,0.9599999785423279,0.8299999833106995,0.8600000143051147,0.8600000143051147,211616700.0
2021-04-05,CGD.BK,0.8799999952316284,0.8899999856948853,0.8299999833106995,0.8399999737739563,0.8399999737739563,38928500.0
2021-04-07,CGD.BK,0.8299999833106995,0.8399999737739563,0.800000011920929,0.8199999928474426,0.8199999928474426,31894800.0
2021-04-08,CGD.BK,0.7799999713897705,0.8299999833106995,0.7599999904632568,0.800000011920929,0.800000011920929,45838800.0
2021-04-09,CGD.BK,0.800000011920929,0.8500000238418579,0.800000011920929,0.8100000023841858,0.8100000023841858,17809300.0
2021-04-12,CGD.BK,0.8100000023841858,0.8199999928474426,0.7900000214576721,0.7900000214576721,0.7900000214576721,11073400.0
2021-04-16,CGD.BK,0.7799999713897705,0.7900000214576721,0.75,0.75,0.75,9049000.0
2021-04-19,CGD.BK,0.7599999904632568,0.7799999713897705,0.75,0.7599999904632568,0.7599999904632568,15768700.0
2021-04-20,CGD.BK,0.7599999904632568,0.7799999713897705,0.7599999904632568,0.7599999904632568,0.7599999904632568,29410600.0
2021-04-21,CGD.BK,0.7699999809265137,0.8500000238418579,0.7599999904632568,0.8100000023841858,0.8100000023841858,140538200.0
2021-04-22,CGD.BK,0.8199999928474426,0.8500000238418579,0.800000011920929,0.800000011920929,0.800000011920929,41299600.0
2021-04-23,CGD.BK,0.800000011920929,0.800000011920929,0.7599999904632568,0.7599999904632568,0.7599999904632568,90754000.0
2021-04-26,CGD.BK,0.7599999904632568,0.7900000214576721,0.75,0.7699999809265137,0.7699999809265137,39536600.0
2021-04-27,CGD.BK,0.7799999713897705,0.7799999713897705,0.7400000095367432,0.75,0.75,30540200.0
2021-04-28,CGD.BK,0.75,0.7799999713897705,0.7400000095367432,0.7699999809265137,0.7699999809265137,30008200.0
2021-04-29,CGD.BK,0.7799999713897705,0.7900000214576721,0.7599999904632568,0.7799999713897705,0.7799999713897705,19295100.0
2021-04-30,CGD.BK,0.7799999713897705,0.7900000214576721,0.7699999809265137,0.7900000214576721,0.7900000214576721,19218300.0
2021-05-05,CGD.BK,0.7799999713897705,0.7799999713897705,0.7400000095367432,0.75,0.75,28906300.0
2021-05-06,CGD.BK,0.75,0.7799999713897705,0.75,0.7599999904632568,0.7599999904632568,17474300.0
2021-05-07,CGD.BK,0.7599999904632568,0.7900000214576721,0.7599999904632568,0.7699999809265137,0.7699999809265137,9860000.0
2021-05-10,CGD.BK,0.7799999713897705,0.8600000143051147,0.7699999809265137,0.8299999833106995,0.8299999833106995,168825000.0
2021-05-11,CGD.BK,0.8299999833106995,0.8399999737739563,0.800000011920929,0.800000011920929,0.800000011920929,44111100.0
2021-05-12,CGD.BK,0.800000011920929,0.8199999928474426,0.7900000214576721,0.800000011920929,0.800000011920929,29436300.0
2021-05-13,CGD.BK,0.7900000214576721,0.800000011920929,0.7400000095367432,0.7799999713897705,0.7799999713897705,24974300.0
2021-05-14,CGD.BK,0.7699999809265137,0.7900000214576721,0.75,0.7599999904632568,0.7599999904632568,15696800.0
2021-05-17,CGD.BK,0.7699999809265137,0.7699999809265137,0.75,0.7599999904632568,0.7599999904632568,7467200.0
2021-05-18,CGD.BK,0.7599999904632568,0.8100000023841858,0.7599999904632568,0.7900000214576721,0.7900000214576721,20640200.0
2021-05-19,CGD.BK,0.7900000214576721,0.800000011920929,0.7799999713897705,0.7799999713897705,0.7799999713897705,14956100.0
2021-05-20,CGD.BK,0.7799999713897705,0.8199999928474426,0.7699999809265137,0.7900000214576721,0.7900000214576721,25691300.0
2021-05-21,CGD.BK,0.800000011920929,0.8199999928474426,0.7799999713897705,0.7799999713897705,0.7799999713897705,34313800.0
2021-05-24,CGD.BK,0.7799999713897705,0.8100000023841858,0.7699999809265137,0.800000011920929,0.800000011920929,75546600.0
2021-05-25,CGD.BK,0.7900000214576721,0.8199999928474426,0.7799999713897705,0.7900000214576721,0.7900000214576721,39594800.0
2021-05-27,CGD.BK,0.7900000214576721,0.8399999737739563,0.7799999713897705,0.800000011920929,0.800000011920929,85453700.0
2021-05-28,CGD.BK,0.8100000023841858,0.8799999952316284,0.75,0.7799999713897705,0.7799999713897705,432759900.0
2021-05-31,CGD.BK,0.7900000214576721,0.8100000023841858,0.7699999809265137,0.7799999713897705,0.7799999713897705,72207600.0
2021-06-01,CGD.BK,0.7799999713897705,0.800000011920929,0.7799999713897705,0.7799999713897705,0.7799999713897705,41436800.0
2021-06-02,CGD.BK,0.7799999713897705,0.800000011920929,0.7699999809265137,0.7799999713897705,0.7799999713897705,44360600.0
2021-06-04,CGD.BK,0.800000011920929,0.8299999833106995,0.7900000214576721,0.800000011920929,0.800000011920929,216955800.0
2021-06-07,CGD.BK,0.8100000023841858,0.8100000023841858,0.7799999713897705,0.7900000214576721,0.7900000214576721,45826800.0
2021-06-08,CGD.BK,0.7900000214576721,0.8100000023841858,0.7699999809265137,0.800000011920929,0.800000011920929,54394800.0
2021-06-09,CGD.BK,0.7900000214576721,0.800000011920929,0.7699999809265137,0.7699999809265137,0.7699999809265137,73692600.0
2021-06-10,CGD.BK,0.7699999809265137,0.7799999713897705,0.7599999904632568,0.7799999713897705,0.7799999713897705,69124200.0
2021-06-11,CGD.BK,0.7799999713897705,0.7799999713897705,0.75,0.75,0.75,65853200.0
2021-06-14,CGD.BK,0.75,0.75,0.699999988079071,0.7099999785423279,0.7099999785423279,158634300.0
2021-06-15,CGD.BK,0.7099999785423279,0.7200000286102295,0.6899999976158142,0.699999988079071,0.699999988079071,41597600.0
2021-06-16,CGD.BK,0.699999988079071,0.7300000190734863,0.6899999976158142,0.6899999976158142,0.6899999976158142,27862400.0
2021-06-17,CGD.BK,0.6899999976158142,0.699999988079071,0.6800000071525574,0.6800000071525574,0.6800000071525574,16061500.0
2021-06-18,CGD.BK,0.7099999785423279,0.800000011920929,0.6899999976158142,0.699999988079071,0.699999988079071,611050900.0
2021-06-21,CGD.BK,0.7099999785423279,0.7300000190734863,0.6899999976158142,0.6899999976158142,0.6899999976158142,99722300.0
2021-06-22,CGD.BK,0.7099999785423279,0.7099999785423279,0.6600000262260437,0.6800000071525574,0.6800000071525574,63744000.0
2021-06-23,CGD.BK,0.6899999976158142,0.6899999976158142,0.6499999761581421,0.6499999761581421,0.6499999761581421,56634900.0
2021-06-24,CGD.BK,0.6499999761581421,0.6600000262260437,0.6200000047683716,0.6299999952316284,0.6299999952316284,96433100.0
2021-06-25,CGD.BK,0.6299999952316284,0.6399999856948853,0.5899999737739563,0.6000000238418579,0.6000000238418579,91358200.0
2021-06-28,CGD.BK,0.5799999833106995,0.6299999952316284,0.5799999833106995,0.6000000238418579,0.6000000238418579,38219900.0
2021-06-29,CGD.BK,0.6100000143051147,0.6100000143051147,0.5899999737739563,0.6000000238418579,0.6000000238418579,25703800.0
2021-06-30,CGD.BK,0.6000000238418579,0.6100000143051147,0.5899999737739563,0.6000000238418579,0.6000000238418579,45709100.0
2021-07-01,CGD.BK,0.6000000238418579,0.6600000262260437,0.5899999737739563,0.6399999856948853,0.6399999856948853,160232700.0
2021-07-02,CGD.BK,0.6600000262260437,0.6800000071525574,0.6399999856948853,0.6800000071525574,0.6800000071525574,336524200.0
2021-07-05,CGD.BK,0.6700000166893005,0.6899999976158142,0.6000000238418579,0.6100000143051147,0.6100000143051147,294330600.0
2021-07-06,CGD.BK,0.6200000047683716,0.6200000047683716,0.6000000238418579,0.6100000143051147,0.6100000143051147,60836900.0
2021-07-07,CGD.BK,0.6100000143051147,0.6100000143051147,0.5899999737739563,0.5899999737739563,0.5899999737739563,46012500.0
2021-07-08,CGD.BK,0.5899999737739563,0.5899999737739563,0.550000011920929,0.5600000023841858,0.5600000023841858,48104600.0
2021-07-09,CGD.BK,0.550000011920929,0.5600000023841858,0.5199999809265137,0.5400000214576721,0.5400000214576721,65189400.0
2021-07-12,CGD.BK,0.5400000214576721,0.550000011920929,0.5299999713897705,0.5299999713897705,0.5299999713897705,12558100.0
2021-07-13,CGD.BK,0.5400000214576721,0.5799999833106995,0.5400000214576721,0.5699999928474426,0.5699999928474426,58834700.0
2021-07-14,CGD.BK,0.5699999928474426,0.5699999928474426,0.550000011920929,0.5699999928474426,0.5699999928474426,17246900.0
2021-07-15,CGD.BK,0.5699999928474426,0.5699999928474426,0.5600000023841858,0.5600000023841858,0.5600000023841858,15329600.0
2021-07-16,CGD.BK,0.5699999928474426,0.5899999737739563,0.5600000023841858,0.5699999928474426,0.5699999928474426,30098400.0
2021-07-19,CGD.BK,0.5600000023841858,0.5699999928474426,0.550000011920929,0.550000011920929,0.550000011920929,18859900.0
2021-07-20,CGD.BK,0.5600000023841858,0.5600000023841858,0.5299999713897705,0.5400000214576721,0.5400000214576721,18320700.0
2021-07-21,CGD.BK,0.5400000214576721,0.5600000023841858,0.5400000214576721,0.550000011920929,0.550000011920929,17915800.0
2021-07-22,CGD.BK,0.5600000023841858,0.5799999833106995,0.550000011920929,0.5600000023841858,0.5600000023841858,26839200.0
2021-07-23,CGD.BK,0.5699999928474426,0.5699999928474426,0.550000011920929,0.5600000023841858,0.5600000023841858,15212500.0
2021-07-27,CGD.BK,0.5600000023841858,0.5600000023841858,0.5400000214576721,0.550000011920929,0.550000011920929,26250800.0
2021-07-29,CGD.BK,0.550000011920929,0.5600000023841858,0.550000011920929,0.550000011920929,0.550000011920929,17152400.0
2021-07-30,CGD.BK,0.5600000023841858,0.5600000023841858,0.5299999713897705,0.5299999713897705,0.5299999713897705,33552800.0
2021-08-02,CGD.BK,0.5299999713897705,0.5400000214576721,0.5,0.5,0.5,41795400.0
2021-08-03,CGD.BK,0.5,0.5600000023841858,0.5,0.5299999713897705,0.5299999713897705,106305600.0
2021-08-04,CGD.BK,0.5299999713897705,0.5299999713897705,0.5199999809265137,0.5199999809265137,0.5199999809265137,12060400.0
2021-08-05,CGD.BK,0.5199999809265137,0.5400000214576721,0.5099999904632568,0.5199999809265137,0.5199999809265137,24811800.0
2021-08-06,CGD.BK,0.5199999809265137,0.5299999713897705,0.5099999904632568,0.5199999809265137,0.5199999809265137,13774500.0
2021-08-09,CGD.BK,0.5199999809265137,0.5199999809265137,0.49000000953674316,0.49000000953674316,0.49000000953674316,65037400.0
2021-08-10,CGD.BK,0.5,0.5199999809265137,0.49000000953674316,0.5,0.5,30588000.0
2021-08-11,CGD.BK,0.5,0.5099999904632568,0.49000000953674316,0.49000000953674316,0.49000000953674316,12273500.0
2021-08-13,CGD.BK,0.47999998927116394,0.49000000953674316,0.44999998807907104,0.49000000953674316,0.49000000953674316,63679700.0
2021-08-16,CGD.BK,0.47999998927116394,0.49000000953674316,0.46000000834465027,0.47999998927116394,0.47999998927116394,18898000.0
2021-08-17,CGD.BK,0.47999998927116394,0.49000000953674316,0.4699999988079071,0.47999998927116394,0.47999998927116394,13982100.0
2021-08-18,CGD.BK,0.49000000953674316,0.49000000953674316,0.4699999988079071,0.47999998927116394,0.47999998927116394,13230300.0
2021-08-19,CGD.BK,0.47999998927116394,0.5299999713897705,0.47999998927116394,0.5,0.5,126509400.0
2021-08-20,CGD.BK,0.5099999904632568,0.5099999904632568,0.49000000953674316,0.49000000953674316,0.49000000953674316,20570200.0
2021-08-23,CGD.BK,0.5,0.5,0.49000000953674316,0.49000000953674316,0.49000000953674316,16644800.0
2021-08-24,CGD.BK,0.5,0.5099999904632568,0.49000000953674316,0.5,0.5,79554900.0
2021-08-25,CGD.BK,0.5,0.5099999904632568,0.47999998927116394,0.5,0.5,38703500.0
2021-08-26,CGD.BK,0.5,0.5,0.49000000953674316,0.49000000953674316,0.49000000953674316,47027400.0
2021-08-27,CGD.BK,0.49000000953674316,0.5099999904632568,0.49000000953674316,0.5,0.5,90783700.0
2021-08-30,CGD.BK,0.49000000953674316,0.5199999809265137,0.47999998927116394,0.49000000953674316,0.49000000953674316,325761400.0
2021-08-31,CGD.BK,0.5,0.5,0.49000000953674316,0.49000000953674316,0.49000000953674316,82910600.0
2021-09-01,CGD.BK,0.49000000953674316,0.5099999904632568,0.49000000953674316,0.49000000953674316,0.49000000953674316,181733200.0
2021-09-02,CGD.BK,0.5,0.5099999904632568,0.49000000953674316,0.5,0.5,93712000.0
2021-09-03,CGD.BK,0.5099999904632568,0.5600000023841858,0.5,0.5400000214576721,0.5400000214576721,540351000.0
2021-09-06,CGD.BK,0.5699999928474426,0.6100000143051147,0.550000011920929,0.5899999737739563,0.5899999737739563,1607393900.0
2021-09-07,CGD.BK,0.6200000047683716,0.6200000047683716,0.550000011920929,0.550000011920929,0.550000011920929,728404200.0
2021-09-08,CGD.BK,0.5600000023841858,0.5699999928474426,0.5400000214576721,0.550000011920929,0.550000011920929,204505800.0
2021-09-09,CGD.BK,0.5600000023841858,0.5899999737739563,0.550000011920929,0.550000011920929,0.550000011920929,357716600.0
2021-09-10,CGD.BK,0.5600000023841858,0.5600000023841858,0.550000011920929,0.5600000023841858,0.5600000023841858,149488600.0
2021-09-13,CGD.BK,0.550000011920929,0.5600000023841858,0.5400000214576721,0.550000011920929,0.550000011920929,99820700.0
2021-09-14,CGD.BK,0.5600000023841858,0.5600000023841858,0.550000011920929,0.550000011920929,0.550000011920929,50301600.0
2021-09-15,CGD.BK,0.5600000023841858,0.5600000023841858,0.5400000214576721,0.550000011920929,0.550000011920929,52816500.0
2021-09-16,CGD.BK,0.5600000023841858,0.5600000023841858,0.550000011920929,0.550000011920929,0.550000011920929,44449100.0
2021-09-17,CGD.BK,0.550000011920929,0.5600000023841858,0.5400000214576721,0.550000011920929,0.550000011920929,48306800.0
2021-09-20,CGD.BK,0.550000011920929,0.5600000023841858,0.5299999713897705,0.5400000214576721,0.5400000214576721,79523900.0
2021-09-21,CGD.BK,0.5299999713897705,0.5400000214576721,0.5099999904632568,0.5199999809265137,0.5199999809265137,119114700.0
2021-09-22,CGD.BK,0.5299999713897705,0.5600000023841858,0.5199999809265137,0.550000011920929,0.550000011920929,84285700.0
2021-09-23,CGD.BK,0.550000011920929,0.5600000023841858,0.5400000214576721,0.5400000214576721,0.5400000214576721,32792900.0
2021-09-27,CGD.BK,0.5400000214576721,0.550000011920929,0.5199999809265137,0.5299999713897705,0.5299999713897705,66690800.0
2021-09-28,CGD.BK,0.5299999713897705,0.5299999713897705,0.5199999809265137,0.5299999713897705,0.5299999713897705,21643000.0
2021-09-29,CGD.BK,0.5199999809265137,0.5299999713897705,0.5199999809265137,0.5299999713897705,0.5299999713897705,24320800.0
2021-09-30,CGD.BK,0.5299999713897705,0.5299999713897705,0.5099999904632568,0.5299999713897705,0.5299999713897705,30233800.0
2021-10-01,CGD.BK,0.5199999809265137,0.5299999713897705,0.5099999904632568,0.5199999809265137,0.5199999809265137,24414900.0
2021-10-04,CGD.BK,0.5199999809265137,0.5299999713897705,0.5199999809265137,0.5199999809265137,0.5199999809265137,19669400.0
2021-10-05,CGD.BK,0.5199999809265137,0.5299999713897705,0.5099999904632568,0.5099999904632568,0.5099999904632568,14424700.0
2021-10-06,CGD.BK,0.5099999904632568,0.5299999713897705,0.5099999904632568,0.5299999713897705,0.5299999713897705,22214100.0
2021-10-07,CGD.BK,0.5299999713897705,0.5299999713897705,0.5199999809265137,0.5299999713897705,0.5299999713897705,20152000.0
2021-10-08,CGD.BK,0.5299999713897705,0.5299999713897705,0.5199999809265137,0.5199999809265137,0.5199999809265137,33400800.0
2021-10-11,CGD.BK,0.5199999809265137,0.5299999713897705,0.5199999809265137,0.5199999809265137,0.5199999809265137,17557300.0
2021-10-12,CGD.BK,0.5199999809265137,0.5299999713897705,0.5199999809265137,0.5299999713897705,0.5299999713897705,14728300.0
2021-10-14,CGD.BK,0.5299999713897705,0.5299999713897705,0.5199999809265137,0.5199999809265137,0.5199999809265137,18984200.0
2021-10-15,CGD.BK,0.5199999809265137,0.5299999713897705,0.5099999904632568,0.5199999809265137,0.5199999809265137,43525700.0
2021-10-18,CGD.BK,0.5199999809265137,0.5299999713897705,0.5099999904632568,0.5199999809265137,0.5199999809265137,27041000.0
2021-10-19,CGD.BK,0.5199999809265137,0.5299999713897705,0.5099999904632568,0.5199999809265137,0.5199999809265137,16399800.0
2021-10-20,CGD.BK,0.5199999809265137,0.5299999713897705,0.5099999904632568,0.5199999809265137,0.5199999809265137,26603800.0
2021-10-21,CGD.BK,0.5099999904632568,0.5400000214576721,0.5099999904632568,0.5299999713897705,0.5299999713897705,128496900.0
2021-10-25,CGD.BK,0.5400000214576721,0.5400000214576721,0.5299999713897705,0.5299999713897705,0.5299999713897705,46855400.0
2021-10-26,CGD.BK,0.5299999713897705,0.5400000214576721,0.5199999809265137,0.5199999809265137,0.5199999809265137,20731100.0
2021-10-27,CGD.BK,0.5299999713897705,0.5299999713897705,0.5199999809265137,0.5199999809265137,0.5199999809265137,18580700.0
2021-10-28,CGD.BK,0.5299999713897705,0.5299999713897705,0.5099999904632568,0.5199999809265137,0.5199999809265137,44309900.0
2021-10-29,CGD.BK,0.5199999809265137,0.5299999713897705,0.5099999904632568,0.5199999809265137,0.5199999809265137,34541300.0
2021-11-01,CGD.BK,0.5199999809265137,0.5299999713897705,0.5099999904632568,0.5099999904632568,0.5099999904632568,30673400.0
2021-11-02,CGD.BK,0.5099999904632568,0.5199999809265137,0.5,0.5099999904632568,0.5099999904632568,39303000.0
2021-11-03,CGD.BK,0.5099999904632568,0.5199999809265137,0.5,0.5,0.5,24410100.0
2021-11-04,CGD.BK,0.5,0.5199999809265137,0.5,0.5099999904632568,0.5099999904632568,20001000.0
2021-11-05,CGD.BK,0.5099999904632568,0.5199999809265137,0.5,0.5099999904632568,0.5099999904632568,9815100.0
2021-11-08,CGD.BK,0.5099999904632568,0.5199999809265137,0.5099999904632568,0.5099999904632568,0.5099999904632568,14990200.0
2021-11-09,CGD.BK,0.5099999904632568,0.5199999809265137,0.5099999904632568,0.5099999904632568,0.5099999904632568,15015100.0
2021-11-10,CGD.BK,0.5099999904632568,0.5199999809265137,0.49000000953674316,0.5099999904632568,0.5099999904632568,65178200.0
2021-11-11,CGD.BK,0.5099999904632568,0.5099999904632568,0.5,0.5,0.5,14297500.0
2021-11-12,CGD.BK,0.5,0.5199999809265137,0.5,0.5099999904632568,0.5099999904632568,30545200.0
2021-11-15,CGD.BK,0.5,0.5099999904632568,0.5,0.5,0.5,23639000.0
2021-11-16,CGD.BK,0.5,0.5099999904632568,0.49000000953674316,0.5,0.5,35234600.0
2021-11-17,CGD.BK,0.5,0.5,0.49000000953674316,0.49000000953674316,0.49000000953674316,20519400.0
2021-11-18,CGD.BK,0.49000000953674316,0.5099999904632568,0.47999998927116394,0.49000000953674316,0.49000000953674316,69912800.0
2021-11-19,CGD.BK,0.5,0.5,0.49000000953674316,0.49000000953674316,0.49000000953674316,7060100.0
2021-11-22,CGD.BK,0.49000000953674316,0.5199999809265137,0.49000000953674316,0.5,0.5,99787400.0
2021-11-23,CGD.BK,0.5,0.5099999904632568,0.49000000953674316,0.49000000953674316,0.49000000953674316,35067800.0
2021-11-24,CGD.BK,0.5,0.5,0.49000000953674316,0.5,0.5,14382400.0
2021-11-25,CGD.BK,0.5,0.5099999904632568,0.49000000953674316,0.5,0.5,31076000.0
2021-11-26,CGD.BK,0.5,0.5099999904632568,0.49000000953674316,0.49000000953674316,0.49000000953674316,14880300.0
2021-11-29,CGD.BK,0.49000000953674316,0.5,0.47999998927116394,0.47999998927116394,0.47999998927116394,41539800.0
2021-11-30,CGD.BK,0.49000000953674316,0.5,0.47999998927116394,0.47999998927116394,0.47999998927116394,27937000.0
2021-12-01,CGD.BK,0.47999998927116394,0.5099999904632568,0.4699999988079071,0.5099999904632568,0.5099999904632568,99541400.0
2021-12-02,CGD.BK,0.5099999904632568,0.5099999904632568,0.49000000953674316,0.5,0.5,42480800.0
2021-12-03,CGD.BK,0.5,0.5099999904632568,0.49000000953674316,0.5,0.5,25070200.0
2021-12-07,CGD.BK,0.5,0.5099999904632568,0.49000000953674316,0.5,0.5,22720700.0
2021-12-08,CGD.BK,0.5,0.5199999809265137,0.5,0.5,0.5,92569300.0
2021-12-09,CGD.BK,0.5,0.5099999904632568,0.5,0.5,0.5,10106300.0
2021-12-13,CGD.BK,0.5099999904632568,0.5099999904632568,0.5,0.5,0.5,23778000.0
2021-12-14,CGD.BK,0.5,0.5,0.49000000953674316,0.5,0.5,23102600.0
2021-12-15,CGD.BK,0.5,0.5099999904632568,0.49000000953674316,0.49000000953674316,0.49000000953674316,15936200.0
2021-12-16,CGD.BK,0.49000000953674316,0.5,0.49000000953674316,0.49000000953674316,0.49000000953674316,5973200.0
2021-12-17,CGD.BK,0.5,0.5199999809265137,0.49000000953674316,0.5099999904632568,0.5099999904632568,69336200.0
2021-12-20,CGD.BK,0.5099999904632568,0.5099999904632568,0.49000000953674316,0.5,0.5,29972500.0
2021-12-21,CGD.BK,0.5,0.5,0.49000000953674316,0.49000000953674316,0.49000000953674316,13335800.0
2021-12-22,CGD.BK,0.5,0.5,0.49000000953674316,0.5,0.5,7322100.0
2021-12-23,CGD.BK,0.5,0.5,0.49000000953674316,0.49000000953674316,0.49000000953674316,14069600.0
2021-12-24,CGD.BK,0.5,0.5,0.49000000953674316,0.5,0.5,55096500.0
2021-12-27,CGD.BK,0.49000000953674316,0.5,0.49000000953674316,0.49000000953674316,0.49000000953674316,9281600.0
2021-12-28,CGD.BK,0.49000000953674316,0.5,0.49000000953674316,0.49000000953674316,0.49000000953674316,27443000.0
2021-12-29,CGD.BK,0.49000000953674316,0.5,0.49000000953674316,0.49000000953674316,0.49000000953674316,18037200.0
2021-12-30,CGD.BK,0.49000000953674316,0.5,0.49000000953674316,0.49000000953674316,0.49000000953674316,3613100.0
2022-01-04,CGD.BK,0.5,0.5,0.49000000953674316,0.5,0.5,12807700.0
2022-01-05,CGD.BK,0.49000000953674316,0.5099999904632568,0.49000000953674316,0.5,0.5,50709100.0
2022-01-06,CGD.BK,0.5,0.5,0.49000000953674316,0.49000000953674316,0.49000000953674316,26699700.0
2022-01-07,CGD.BK,0.5,0.550000011920929,0.5,0.5299999713897705,0.5299999713897705,440123500.0
2022-01-10,CGD.BK,0.5400000214576721,0.5400000214576721,0.5199999809265137,0.5299999713897705,0.5299999713897705,109560300.0
2022-01-11,CGD.BK,0.5299999713897705,0.5299999713897705,0.5099999904632568,0.5199999809265137,0.5199999809265137,47831000.0
2022-01-12,CGD.BK,0.5199999809265137,0.5600000023841858,0.5099999904632568,0.550000011920929,0.550000011920929,407372200.0
2022-01-13,CGD.BK,0.5600000023841858,0.5699999928474426,0.550000011920929,0.550000011920929,0.550000011920929,196173300.0
2022-01-14,CGD.BK,0.5600000023841858,0.5899999737739563,0.550000011920929,0.5600000023841858,0.5600000023841858,331176800.0
2022-01-17,CGD.BK,0.5600000023841858,0.5699999928474426,0.5400000214576721,0.5400000214576721,0.5400000214576721,77927800.0
2022-01-18,CGD.BK,0.5400000214576721,0.550000011920929,0.5299999713897705,0.5299999713897705,0.5299999713897705,74287500.0
2022-01-19,CGD.BK,0.5299999713897705,0.550000011920929,0.5299999713897705,0.5400000214576721,0.5400000214576721,56214300.0
2022-01-20,CGD.BK,0.5400000214576721,0.550000011920929,0.5099999904632568,0.5199999809265137,0.5199999809265137,79900700.0
2022-01-21,CGD.BK,0.5199999809265137,0.5299999713897705,0.5099999904632568,0.5199999809265137,0.5199999809265137,41422200.0
2022-01-24,CGD.BK,0.5199999809265137,0.5299999713897705,0.5199999809265137,0.5199999809265137,0.5199999809265137,32677600.0
2022-01-25,CGD.BK,0.5299999713897705,0.5299999713897705,0.49000000953674316,0.5,0.5,89607000.0
2022-01-26,CGD.BK,0.5,0.5199999809265137,0.5,0.5,0.5,36329100.0
2022-01-27,CGD.BK,0.5,0.5099999904632568,0.47999998927116394,0.49000000953674316,0.49000000953674316,97430800.0
2022-01-28,CGD.BK,0.5,0.5099999904632568,0.49000000953674316,0.49000000953674316,0.49000000953674316,27923500.0
2022-01-31,CGD.BK,0.5,0.5099999904632568,0.5,0.5,0.5,18267700.0
2022-02-01,CGD.BK,0.5,0.5099999904632568,0.5,0.5,0.5,9535600.0
2022-02-02,CGD.BK,0.5099999904632568,0.5299999713897705,0.5099999904632568,0.5099999904632568,0.5099999904632568,41116500.0
2022-02-03,CGD.BK,0.5199999809265137,0.5199999809265137,0.5,0.5,0.5,19030600.0
2022-02-04,CGD.BK,0.5099999904632568,0.5099999904632568,0.5,0.5,0.5,12294400.0
2022-02-07,CGD.BK,0.5,0.5099999904632568,0.49000000953674316,0.5,0.5,35048000.0
2022-02-08,CGD.BK,0.5,0.5099999904632568,0.5,0.5,0.5,9608900.0
2022-02-09,CGD.BK,0.5099999904632568,0.5099999904632568,0.49000000953674316,0.5,0.5,11668000.0
2022-02-10,CGD.BK,0.5,0.5,0.47999998927116394,0.49000000953674316,0.49000000953674316,106807200.0
2022-02-11,CGD.BK,0.49000000953674316,0.5,0.47999998927116394,0.49000000953674316,0.49000000953674316,27680000.0
2022-02-14,CGD.BK,0.5,0.5,0.47999998927116394,0.49000000953674316,0.49000000953674316,36346800.0
2022-02-15,CGD.BK,0.49000000953674316,0.5,0.49000000953674316,0.49000000953674316,0.49000000953674316,10984500.0
2022-02-17,CGD.BK,0.49000000953674316,0.5,0.49000000953674316,0.49000000953674316,0.49000000953674316,15801200.0
2022-02-18,CGD.BK,0.49000000953674316,0.5,0.49000000953674316,0.49000000953674316,0.49000000953674316,7977100.0
2022-02-21,CGD.BK,0.49000000953674316,0.5,0.47999998927116394,0.49000000953674316,0.49000000953674316,24698700.0
2022-02-22,CGD.BK,0.49000000953674316,0.5,0.47999998927116394,0.49000000953674316,0.49000000953674316,12778400.0
2022-02-23,CGD.BK,0.49000000953674316,0.5,0.47999998927116394,0.49000000953674316,0.49000000953674316,11467100.0
2022-02-24,CGD.BK,0.49000000953674316,0.49000000953674316,0.4699999988079071,0.47999998927116394,0.47999998927116394,59178000.0
2022-02-25,CGD.BK,0.47999998927116394,0.49000000953674316,0.47999998927116394,0.47999998927116394,0.47999998927116394,15047100.0
2022-02-28,CGD.BK,0.49000000953674316,0.49000000953674316,0.47999998927116394,0.49000000953674316,0.49000000953674316,11002100.0
2022-03-01,CGD.BK,0.47999998927116394,0.5,0.47999998927116394,0.49000000953674316,0.49000000953674316,26331900.0
2022-03-02,CGD.BK,0.49000000953674316,0.49000000953674316,0.47999998927116394,0.47999998927116394,0.47999998927116394,19301700.0
2022-03-03,CGD.BK,0.49000000953674316,0.49000000953674316,0.47999998927116394,0.47999998927116394,0.47999998927116394,16982000.0
2022-03-04,CGD.BK,0.49000000953674316,0.49000000953674316,0.4699999988079071,0.47999998927116394,0.47999998927116394,24716200.0
2022-03-07,CGD.BK,0.47999998927116394,0.47999998927116394,0.44999998807907104,0.4699999988079071,0.4699999988079071,70930300.0
2022-03-08,CGD.BK,0.46000000834465027,0.4699999988079071,0.38999998569488525,0.4399999976158142,0.4399999976158142,160493400.0
2022-03-09,CGD.BK,0.4300000071525574,0.44999998807907104,0.41999998688697815,0.44999998807907104,0.44999998807907104,30729400.0
2022-03-10,CGD.BK,0.44999998807907104,0.46000000834465027,0.4399999976158142,0.4399999976158142,0.4399999976158142,33402600.0
2022-03-11,CGD.BK,0.4399999976158142,0.46000000834465027,0.4300000071525574,0.46000000834465027,0.46000000834465027,16934800.0
2022-03-14,CGD.BK,0.46000000834465027,0.46000000834465027,0.44999998807907104,0.44999998807907104,0.44999998807907104,9380200.0
2022-03-15,CGD.BK,0.46000000834465027,0.46000000834465027,0.4399999976158142,0.44999998807907104,0.44999998807907104,20294800.0
2022-03-16,CGD.BK,0.44999998807907104,0.47999998927116394,0.44999998807907104,0.4699999988079071,0.4699999988079071,59153500.0
2022-03-17,CGD.BK,0.4699999988079071,0.49000000953674316,0.4699999988079071,0.47999998927116394,0.47999998927116394,34749600.0
2022-03-18,CGD.BK,0.47999998927116394,0.49000000953674316,0.4699999988079071,0.4699999988079071,0.4699999988079071,39785600.0
2022-03-21,CGD.BK,0.4699999988079071,0.47999998927116394,0.44999998807907104,0.44999998807907104,0.44999998807907104,21790000.0
2022-03-22,CGD.BK,0.44999998807907104,0.46000000834465027,0.44999998807907104,0.44999998807907104,0.44999998807907104,2431100.0
2022-03-23,CGD.BK,0.46000000834465027,0.46000000834465027,0.44999998807907104,0.44999998807907104,0.44999998807907104,7426700.0
2022-03-24,CGD.BK,0.44999998807907104,0.46000000834465027,0.4399999976158142,0.44999998807907104,0.44999998807907104,19338800.0
2022-03-25,CGD.BK,0.44999998807907104,0.44999998807907104,0.4399999976158142,0.44999998807907104,0.44999998807907104,5866600.0
2022-03-28,CGD.BK,0.44999998807907104,0.46000000834465027,0.4399999976158142,0.4399999976158142,0.4399999976158142,13532300.0
2022-03-29,CGD.BK,0.4399999976158142,0.44999998807907104,0.4399999976158142,0.4399999976158142,0.4399999976158142,5497400.0
2022-03-30,CGD.BK,0.46000000834465027,0.46000000834465027,0.4399999976158142,0.44999998807907104,0.44999998807907104,11781800.0
2022-03-31,CGD.BK,0.44999998807907104,0.46000000834465027,0.4399999976158142,0.44999998807907104,0.44999998807907104,10495200.0
2022-04-01,CGD.BK,0.44999998807907104,0.46000000834465027,0.44999998807907104,0.44999998807907104,0.44999998807907104,6396700.0
2022-04-04,CGD.BK,0.44999998807907104,0.46000000834465027,0.4399999976158142,0.4399999976158142,0.4399999976158142,14311700.0
2022-04-05,CGD.BK,0.4399999976158142,0.44999998807907104,0.4300000071525574,0.4300000071525574,0.4300000071525574,12153300.0
2022-04-07,CGD.BK,0.4399999976158142,0.4399999976158142,0.41999998688697815,0.4399999976158142,0.4399999976158142,16135800.0
2022-04-08,CGD.BK,0.4399999976158142,0.4399999976158142,0.4300000071525574,0.4399999976158142,0.4399999976158142,8155200.0
2022-04-11,CGD.BK,0.4300000071525574,0.4399999976158142,0.4300000071525574,0.4399999976158142,0.4399999976158142,5031600.0
2022-04-12,CGD.BK,0.4300000071525574,0.4399999976158142,0.4300000071525574,0.4399999976158142,0.4399999976158142,4044600.0
2022-04-18,CGD.BK,0.4300000071525574,0.4399999976158142,0.4300000071525574,0.4399999976158142,0.4399999976158142,10986400.0
2022-04-19,CGD.BK,0.4399999976158142,0.47999998927116394,0.4300000071525574,0.44999998807907104,0.44999998807907104,32863100.0
2022-04-20,CGD.BK,0.46000000834465027,0.47999998927116394,0.44999998807907104,0.44999998807907104,0.44999998807907104,31559400.0
2022-04-21,CGD.BK,0.46000000834465027,0.4699999988079071,0.44999998807907104,0.44999998807907104,0.44999998807907104,9619300.0
2022-04-22,CGD.BK,0.44999998807907104,0.4699999988079071,0.44999998807907104,0.46000000834465027,0.46000000834465027,26452400.0
2022-04-25,CGD.BK,0.46000000834465027,0.4699999988079071,0.44999998807907104,0.46000000834465027,0.46000000834465027,17478900.0
2022-04-26,CGD.BK,0.46000000834465027,0.4699999988079071,0.44999998807907104,0.44999998807907104,0.44999998807907104,10365700.0
2022-04-27,CGD.BK,0.46000000834465027,0.4699999988079071,0.4399999976158142,0.44999998807907104,0.44999998807907104,53054600.0
2022-04-28,CGD.BK,0.4399999976158142,0.46000000834465027,0.4399999976158142,0.44999998807907104,0.44999998807907104,13848700.0
2022-04-29,CGD.BK,0.46000000834465027,0.46000000834465027,0.4399999976158142,0.46000000834465027,0.46000000834465027,8945900.0
2022-05-03,CGD.BK,0.4399999976158142,0.44999998807907104,0.4399999976158142,0.4399999976158142,0.4399999976158142,20161600.0
2022-05-05,CGD.BK,0.4399999976158142,0.44999998807907104,0.4300000071525574,0.4399999976158142,0.4399999976158142,13136800.0
2022-05-06,CGD.BK,0.4300000071525574,0.4399999976158142,0.4300000071525574,0.4399999976158142,0.4399999976158142,6318800.0
2022-05-09,CGD.BK,0.4300000071525574,0.4399999976158142,0.4000000059604645,0.4099999964237213,0.4099999964237213,42324200.0
2022-05-10,CGD.BK,0.4099999964237213,0.4300000071525574,0.4000000059604645,0.41999998688697815,0.41999998688697815,17438900.0
2022-05-11,CGD.BK,0.4300000071525574,0.4300000071525574,0.4099999964237213,0.41999998688697815,0.41999998688697815,5412000.0
2022-05-12,CGD.BK,0.41999998688697815,0.4399999976158142,0.4000000059604645,0.4399999976158142,0.4399999976158142,59274100.0
2022-05-13,CGD.BK,0.4399999976158142,0.44999998807907104,0.41999998688697815,0.4300000071525574,0.4300000071525574,10430800.0
2022-05-17,CGD.BK,0.4399999976158142,0.44999998807907104,0.4300000071525574,0.4399999976158142,0.4399999976158142,7105700.0
2022-05-18,CGD.BK,0.4399999976158142,0.4399999976158142,0.4300000071525574,0.4300000071525574,0.4300000071525574,2087600.0
2022-05-19,CGD.BK,0.4300000071525574,0.4399999976158142,0.4300000071525574,0.4300000071525574,0.4300000071525574,3095700.0
2022-05-20,CGD.BK,0.4300000071525574,0.4399999976158142,0.4300000071525574,0.4399999976158142,0.4399999976158142,3858700.0
2022-05-23,CGD.BK,0.4399999976158142,0.4399999976158142,0.4300000071525574,0.4399999976158142,0.4399999976158142,7527500.0
2022-05-24,CGD.BK,0.4300000071525574,0.4399999976158142,0.4300000071525574,0.4300000071525574,0.4300000071525574,4318200.0
2022-05-25,CGD.BK,0.4300000071525574,0.4399999976158142,0.41999998688697815,0.4300000071525574,0.4300000071525574,7951000.0
2022-05-26,CGD.BK,0.41999998688697815,0.4399999976158142,0.41999998688697815,0.4399999976158142,0.4399999976158142,5991800.0
2022-05-27,CGD.BK,0.4399999976158142,0.4399999976158142,0.4300000071525574,0.4300000071525574,0.4300000071525574,6213900.0
2022-05-30,CGD.BK,0.4300000071525574,0.4399999976158142,0.4300000071525574,0.4300000071525574,0.4300000071525574,5106600.0
2022-05-31,CGD.BK,0.4399999976158142,0.4399999976158142,0.4300000071525574,0.4300000071525574,0.4300000071525574,4608100.0
2022-06-01,CGD.BK,0.4300000071525574,0.4399999976158142,0.4300000071525574,0.4300000071525574,0.4300000071525574,8335300.0
2022-06-02,CGD.BK,0.4399999976158142,0.4399999976158142,0.4300000071525574,0.4399999976158142,0.4399999976158142,5602400.0
2022-06-06,CGD.BK,0.4300000071525574,0.4399999976158142,0.4300000071525574,0.4300000071525574,0.4300000071525574,7857600.0
2022-06-07,CGD.BK,0.4300000071525574,0.4699999988079071,0.4300000071525574,0.4699999988079071,0.4699999988079071,114622500.0
2022-06-08,CGD.BK,0.47999998927116394,0.5099999904632568,0.4699999988079071,0.5,0.5,146221300.0
2022-06-09,CGD.BK,0.5199999809265137,0.5199999809265137,0.49000000953674316,0.5099999904632568,0.5099999904632568,51777700.0
2022-06-10,CGD.BK,0.5099999904632568,0.5099999904632568,0.49000000953674316,0.5099999904632568,0.5099999904632568,33322900.0
2022-06-13,CGD.BK,0.5,0.5,0.4699999988079071,0.4699999988079071,0.4699999988079071,34767200.0
2022-06-14,CGD.BK,0.4699999988079071,0.49000000953674316,0.4699999988079071,0.49000000953674316,0.49000000953674316,28676400.0
2022-06-15,CGD.BK,0.49000000953674316,0.5,0.47999998927116394,0.47999998927116394,0.47999998927116394,20522100.0
2022-06-16,CGD.BK,0.47999998927116394,0.49000000953674316,0.46000000834465027,0.4699999988079071,0.4699999988079071,93446500.0
2022-06-17,CGD.BK,0.46000000834465027,0.4699999988079071,0.44999998807907104,0.44999998807907104,0.44999998807907104,29759000.0
2022-06-20,CGD.BK,0.44999998807907104,0.46000000834465027,0.4399999976158142,0.44999998807907104,0.44999998807907104,40274900.0
2022-06-21,CGD.BK,0.44999998807907104,0.4699999988079071,0.44999998807907104,0.46000000834465027,0.46000000834465027,49591400.0
2022-06-22,CGD.BK,0.4699999988079071,0.4699999988079071,0.44999998807907104,0.46000000834465027,0.46000000834465027,52289700.0
2022-06-23,CGD.BK,0.46000000834465027,0.4699999988079071,0.4399999976158142,0.46000000834465027,0.46000000834465027,96480800.0
2022-06-24,CGD.BK,0.46000000834465027,0.4699999988079071,0.44999998807907104,0.44999998807907104,0.44999998807907104,36727100.0
2022-06-27,CGD.BK,0.46000000834465027,0.46000000834465027,0.44999998807907104,0.44999998807907104,0.44999998807907104,27680600.0
2022-06-28,CGD.BK,0.46000000834465027,0.46000000834465027,0.44999998807907104,0.44999998807907104,0.44999998807907104,5366800.0
2022-06-29,CGD.BK,0.44999998807907104,0.46000000834465027,0.4399999976158142,0.44999998807907104,0.44999998807907104,13954000.0
2022-06-30,CGD.BK,0.44999998807907104,0.44999998807907104,0.4399999976158142,0.44999998807907104,0.44999998807907104,56647700.0
2022-07-01,CGD.BK,0.44999998807907104,0.46000000834465027,0.4399999976158142,0.44999998807907104,0.44999998807907104,43766900.0
2022-07-04,CGD.BK,0.44999998807907104,0.46000000834465027,0.4399999976158142,0.4399999976158142,0.4399999976158142,14316800.0
2022-07-05,CGD.BK,0.4399999976158142,0.4399999976158142,0.41999998688697815,0.41999998688697815,0.41999998688697815,71905600.0
2022-07-06,CGD.BK,0.4300000071525574,0.44999998807907104,0.41999998688697815,0.41999998688697815,0.41999998688697815,27601100.0
2022-07-07,CGD.BK,0.41999998688697815,0.4300000071525574,0.41999998688697815,0.4300000071525574,0.4300000071525574,17417600.0
2022-07-08,CGD.BK,0.4300000071525574,0.4300000071525574,0.4000000059604645,0.4099999964237213,0.4099999964237213,45362400.0
2022-07-11,CGD.BK,0.4099999964237213,0.4099999964237213,0.38999998569488525,0.4000000059604645,0.4000000059604645,22199400.0
2022-07-12,CGD.BK,0.4000000059604645,0.4000000059604645,0.38999998569488525,0.4000000059604645,0.4000000059604645,16279900.0
2022-07-14,CGD.BK,0.4000000059604645,0.4000000059604645,0.3799999952316284,0.4000000059604645,0.4000000059604645,18856000.0
2022-07-15,CGD.BK,0.38999998569488525,0.4300000071525574,0.38999998569488525,0.4300000071525574,0.4300000071525574,28251300.0
2022-07-18,CGD.BK,0.4300000071525574,0.4300000071525574,0.4099999964237213,0.41999998688697815,0.41999998688697815,5208300.0
2022-07-19,CGD.BK,0.41999998688697815,0.41999998688697815,0.4000000059604645,0.4099999964237213,0.4099999964237213,5273200.0
2022-07-20,CGD.BK,0.41999998688697815,0.41999998688697815,0.4099999964237213,0.41999998688697815,0.41999998688697815,5258700.0
2022-07-21,CGD.BK,0.41999998688697815,0.4300000071525574,0.4099999964237213,0.4300000071525574,0.4300000071525574,5580800.0
2022-07-22,CGD.BK,0.4300000071525574,0.4300000071525574,0.41999998688697815,0.4300000071525574,0.4300000071525574,2261200.0
2022-07-25,CGD.BK,0.41999998688697815,0.4300000071525574,0.41999998688697815,0.4300000071525574,0.4300000071525574,4477400.0
2022-07-26,CGD.BK,0.4300000071525574,0.4300000071525574,0.4099999964237213,0.4300000071525574,0.4300000071525574,4442500.0
2022-07-27,CGD.BK,0.41999998688697815,0.46000000834465027,0.41999998688697815,0.44999998807907104,0.44999998807907104,21572700.0
2022-08-01,CGD.BK,0.46000000834465027,0.46000000834465027,0.4399999976158142,0.46000000834465027,0.46000000834465027,10670100.0
2022-08-02,CGD.BK,0.44999998807907104,0.46000000834465027,0.4399999976158142,0.44999998807907104,0.44999998807907104,4910400.0
2022-08-03,CGD.BK,0.46000000834465027,0.46000000834465027,0.4399999976158142,0.44999998807907104,0.44999998807907104,9470800.0
2022-08-04,CGD.BK,0.44999998807907104,0.46000000834465027,0.4399999976158142,0.46000000834465027,0.46000000834465027,4825300.0
2022-08-05,CGD.BK,0.44999998807907104,0.46000000834465027,0.4399999976158142,0.44999998807907104,0.44999998807907104,3408100.0
2022-08-08,CGD.BK,0.44999998807907104,0.44999998807907104,0.4399999976158142,0.4399999976158142,0.4399999976158142,8187500.0
2022-08-09,CGD.BK,0.4399999976158142,0.44999998807907104,0.4300000071525574,0.44999998807907104,0.44999998807907104,7969700.0
2022-08-10,CGD.BK,0.44999998807907104,0.44999998807907104,0.4399999976158142,0.4399999976158142,0.4399999976158142,10946000.0
2022-08-11,CGD.BK,0.44999998807907104,0.46000000834465027,0.4399999976158142,0.44999998807907104,0.44999998807907104,13191500.0
2022-08-15,CGD.BK,0.4699999988079071,0.47999998927116394,0.46000000834465027,0.4699999988079071,0.4699999988079071,18394300.0
2022-08-16,CGD.BK,0.4699999988079071,0.47999998927116394,0.46000000834465027,0.46000000834465027,0.46000000834465027,5451000.0
2022-08-17,CGD.BK,0.46000000834465027,0.4699999988079071,0.44999998807907104,0.44999998807907104,0.44999998807907104,9242800.0
2022-08-18,CGD.BK,0.44999998807907104,0.46000000834465027,0.4399999976158142,0.44999998807907104,0.44999998807907104,16421900.0
2022-08-19,CGD.BK,0.4399999976158142,0.44999998807907104,0.4300000071525574,0.4399999976158142,0.4399999976158142,18647300.0
2022-08-22,CGD.BK,0.4399999976158142,0.46000000834465027,0.4399999976158142,0.4399999976158142,0.4399999976158142,20176000.0
2022-08-23,CGD.BK,0.4399999976158142,0.44999998807907104,0.4399999976158142,0.4399999976158142,0.4399999976158142,2473900.0
2022-08-24,CGD.BK,0.4399999976158142,0.44999998807907104,0.4300000071525574,0.4399999976158142,0.4399999976158142,9574100.0
2022-08-25,CGD.BK,0.4399999976158142,0.4699999988079071,0.4399999976158142,0.44999998807907104,0.44999998807907104,16572000.0
2022-08-26,CGD.BK,0.46000000834465027,0.46000000834465027,0.4399999976158142,0.44999998807907104,0.44999998807907104,11444000.0
2022-08-29,CGD.BK,0.44999998807907104,0.44999998807907104,0.4300000071525574,0.4399999976158142,0.4399999976158142,10533200.0
2022-08-30,CGD.BK,0.4399999976158142,0.44999998807907104,0.4399999976158142,0.44999998807907104,0.44999998807907104,6103400.0
2022-08-31,CGD.BK,0.44999998807907104,0.44999998807907104,0.4399999976158142,0.4399999976158142,0.4399999976158142,851000.0
2022-09-01,CGD.BK,0.44999998807907104,0.44999998807907104,0.4399999976158142,0.4399999976158142,0.4399999976158142,629000.0
2022-09-02,CGD.BK,0.4399999976158142,0.5099999904632568,0.4399999976158142,0.49000000953674316,0.49000000953674316,96894800.0
2022-09-05,CGD.BK,0.47999998927116394,0.5,0.47999998927116394,0.5,0.5,23986600.0
2022-09-06,CGD.BK,0.5,0.5,0.47999998927116394,0.47999998927116394,0.47999998927116394,17149800.0
2022-09-07,CGD.BK,0.47999998927116394,0.49000000953674316,0.46000000834465027,0.4699999988079071,0.4699999988079071,13684900.0
2022-09-08,CGD.BK,0.4699999988079071,0.47999998927116394,0.46000000834465027,0.46000000834465027,0.46000000834465027,9246000.0
2022-09-09,CGD.BK,0.46000000834465027,0.46000000834465027,0.4399999976158142,0.44999998807907104,0.44999998807907104,29525500.0
2022-09-12,CGD.BK,0.44999998807907104,0.46000000834465027,0.44999998807907104,0.44999998807907104,0.44999998807907104,2689500.0
2022-09-13,CGD.BK,0.44999998807907104,0.46000000834465027,0.44999998807907104,0.46000000834465027,0.46000000834465027,3027300.0
2022-09-14,CGD.BK,0.44999998807907104,0.46000000834465027,0.4399999976158142,0.4399999976158142,0.4399999976158142,16802600.0
2022-09-15,CGD.BK,0.44999998807907104,0.44999998807907104,0.4399999976158142,0.4399999976158142,0.4399999976158142,6180600.0
2022-09-16,CGD.BK,0.4399999976158142,0.44999998807907104,0.4300000071525574,0.4399999976158142,0.4399999976158142,14366200.0
2022-09-19,CGD.BK,0.4300000071525574,0.44999998807907104,0.4300000071525574,0.4399999976158142,0.4399999976158142,9694500.0
2022-09-20,CGD.BK,0.4399999976158142,0.44999998807907104,0.4399999976158142,0.44999998807907104,0.44999998807907104,1434700.0
2022-09-21,CGD.BK,0.44999998807907104,0.44999998807907104,0.4399999976158142,0.44999998807907104,0.44999998807907104,899000.0
2022-09-22,CGD.BK,0.4399999976158142,0.44999998807907104,0.4399999976158142,0.44999998807907104,0.44999998807907104,979400.0
2022-09-23,CGD.BK,0.44999998807907104,0.44999998807907104,0.4399999976158142,0.4399999976158142,0.4399999976158142,2552400.0
2022-09-26,CGD.BK,0.4399999976158142,0.4399999976158142,0.4300000071525574,0.4399999976158142,0.4399999976158142,7664900.0
2022-09-27,CGD.BK,0.4399999976158142,0.44999998807907104,0.4300000071525574,0.4399999976158142,0.4399999976158142,13102800.0
2022-09-28,CGD.BK,0.4300000071525574,0.4399999976158142,0.41999998688697815,0.4300000071525574,0.4300000071525574,7362200.0
2022-09-29,CGD.BK,0.4399999976158142,0.44999998807907104,0.4300000071525574,0.4300000071525574,0.4300000071525574,9063300.0
2022-09-30,CGD.BK,0.4399999976158142,0.46000000834465027,0.4300000071525574,0.4399999976158142,0.4399999976158142,10458000.0
2022-10-03,CGD.BK,0.4399999976158142,0.44999998807907104,0.4399999976158142,0.4399999976158142,0.4399999976158142,3605900.0
2022-10-04,CGD.BK,0.4399999976158142,0.44999998807907104,0.4300000071525574,0.4399999976158142,0.4399999976158142,8078000.0
2022-10-05,CGD.BK,0.4399999976158142,0.44999998807907104,0.4399999976158142,0.4399999976158142,0.4399999976158142,2486000.0
2022-10-06,CGD.BK,0.4399999976158142,0.44999998807907104,0.4399999976158142,0.44999998807907104,0.44999998807907104,1608600.0
2022-10-07,CGD.BK,0.4399999976158142,0.44999998807907104,0.4399999976158142,0.44999998807907104,0.44999998807907104,2003900.0
2022-10-10,CGD.BK,0.4399999976158142,0.44999998807907104,0.4399999976158142,0.4399999976158142,0.4399999976158142,3057100.0
2022-10-11,CGD.BK,0.4399999976158142,0.44999998807907104,0.4399999976158142,0.4399999976158142,0.4399999976158142,993500.0
2022-10-12,CGD.BK,0.4300000071525574,0.44999998807907104,0.4300000071525574,0.4399999976158142,0.4399999976158142,12432100.0
2022-10-17,CGD.BK,0.4399999976158142,0.4399999976158142,0.4300000071525574,0.4399999976158142,0.4399999976158142,4515800.0
2022-10-18,CGD.BK,0.4399999976158142,0.44999998807907104,0.4399999976158142,0.44999998807907104,0.44999998807907104,2905200.0
2022-10-19,CGD.BK,0.44999998807907104,0.49000000953674316,0.4300000071525574,0.4399999976158142,0.4399999976158142,58751700.0
2022-10-20,CGD.BK,0.4399999976158142,0.46000000834465027,0.4399999976158142,0.44999998807907104,0.44999998807907104,10539600.0
2022-10-21,CGD.BK,0.44999998807907104,0.46000000834465027,0.44999998807907104,0.44999998807907104,0.44999998807907104,5161400.0
2022-10-25,CGD.BK,0.44999998807907104,0.46000000834465027,0.44999998807907104,0.44999998807907104,0.44999998807907104,1859500.0
2022-10-26,CGD.BK,0.47999998927116394,0.47999998927116394,0.44999998807907104,0.44999998807907104,0.44999998807907104,6489400.0
2022-10-27,CGD.BK,0.46000000834465027,0.46000000834465027,0.44999998807907104,0.44999998807907104,0.44999998807907104,3548600.0
2022-10-28,CGD.BK,0.44999998807907104,0.46000000834465027,0.4399999976158142,0.44999998807907104,0.44999998807907104,3747500.0
2022-10-31,CGD.BK,0.44999998807907104,0.46000000834465027,0.44999998807907104,0.46000000834465027,0.46000000834465027,6806000.0
2022-11-01,CGD.BK,0.46000000834465027,0.46000000834465027,0.44999998807907104,0.44999998807907104,0.44999998807907104,3214300.0
2022-11-02,CGD.BK,0.44999998807907104,0.4699999988079071,0.44999998807907104,0.44999998807907104,0.44999998807907104,8102000.0
2022-11-03,CGD.BK,0.46000000834465027,0.47999998927116394,0.44999998807907104,0.47999998927116394,0.47999998927116394,21161800.0
2022-11-04,CGD.BK,0.4699999988079071,0.49000000953674316,0.46000000834465027,0.47999998927116394,0.47999998927116394,23500700.0
2022-11-07,CGD.BK,0.47999998927116394,0.49000000953674316,0.4699999988079071,0.47999998927116394,0.47999998927116394,29017200.0
2022-11-08,CGD.BK,0.49000000953674316,0.49000000953674316,0.4699999988079071,0.49000000953674316,0.49000000953674316,36798000.0
2022-11-09,CGD.BK,0.49000000953674316,0.5,0.49000000953674316,0.49000000953674316,0.49000000953674316,78568200.0
2022-11-10,CGD.BK,0.47999998927116394,0.49000000953674316,0.47999998927116394,0.49000000953674316,0.49000000953674316,54730700.0
2022-11-11,CGD.BK,0.49000000953674316,0.5,0.47999998927116394,0.5,0.5,106541400.0
2022-11-14,CGD.BK,0.5,0.5199999809265137,0.49000000953674316,0.5,0.5,189153100.0
2022-11-15,CGD.BK,0.5,0.5,0.46000000834465027,0.47999998927116394,0.47999998927116394,97382200.0
2022-11-16,CGD.BK,0.47999998927116394,0.47999998927116394,0.44999998807907104,0.44999998807907104,0.44999998807907104,25371600.0
2022-11-17,CGD.BK,0.46000000834465027,0.46000000834465027,0.4399999976158142,0.44999998807907104,0.44999998807907104,10543900.0
2022-11-18,CGD.BK,0.44999998807907104,0.46000000834465027,0.4399999976158142,0.44999998807907104,0.44999998807907104,11393200.0
2022-11-21,CGD.BK,0.4399999976158142,0.46000000834465027,0.4399999976158142,0.44999998807907104,0.44999998807907104,25020700.0
2022-11-22,CGD.BK,0.46000000834465027,0.46000000834465027,0.44999998807907104,0.44999998807907104,0.44999998807907104,38073900.0
2022-11-23,CGD.BK,0.44999998807907104,0.46000000834465027,0.4399999976158142,0.44999998807907104,0.44999998807907104,23302100.0
2022-11-24,CGD.BK,0.4399999976158142,0.46000000834465027,0.4399999976158142,0.44999998807907104,0.44999998807907104,39136800.0
2022-11-25,CGD.BK,0.44999998807907104,0.46000000834465027,0.4399999976158142,0.44999998807907104,0.44999998807907104,87708800.0
2022-11-28,CGD.BK,0.44999998807907104,0.4699999988079071,0.44999998807907104,0.46000000834465027,0.46000000834465027,40999800.0
2022-11-29,CGD.BK,0.46000000834465027,0.47999998927116394,0.44999998807907104,0.4699999988079071,0.4699999988079071,40123500.0
2022-11-30,CGD.BK,0.47999998927116394,0.47999998927116394,0.4699999988079071,0.47999998927116394,0.47999998927116394,6856600.0
2022-12-01,CGD.BK,0.47999998927116394,0.5,0.4399999976158142,0.44999998807907104,0.44999998807907104,210515100.0
2022-12-02,CGD.BK,0.46000000834465027,0.46000000834465027,0.4399999976158142,0.44999998807907104,0.44999998807907104,8085600.0
2022-12-06,CGD.BK,0.44999998807907104,0.46000000834465027,0.4399999976158142,0.44999998807907104,0.44999998807907104,16524800.0
2022-12-07,CGD.BK,0.46000000834465027,0.47999998927116394,0.44999998807907104,0.44999998807907104,0.44999998807907104,27271600.0
2022-12-08,CGD.BK,0.44999998807907104,0.4699999988079071,0.44999998807907104,0.44999998807907104,0.44999998807907104,15197300.0
2022-12-09,CGD.BK,0.44999998807907104,0.46000000834465027,0.44999998807907104,0.46000000834465027,0.46000000834465027,1968200.0
2022-12-13,CGD.BK,0.46000000834465027,0.46000000834465027,0.44999998807907104,0.44999998807907104,0.44999998807907104,6510800.0
2022-12-14,CGD.BK,0.44999998807907104,0.46000000834465027,0.44999998807907104,0.44999998807907104,0.44999998807907104,5772600.0
2022-12-15,CGD.BK,0.44999998807907104,0.44999998807907104,0.4399999976158142,0.4399999976158142,0.4399999976158142,6903400.0
2022-12-16,CGD.BK,0.4399999976158142,0.44999998807907104,0.4399999976158142,0.4399999976158142,0.4399999976158142,3931600.0
2022-12-19,CGD.BK,0.4399999976158142,0.44999998807907104,0.4300000071525574,0.4300000071525574,0.4300000071525574,19143000.0
2022-12-20,CGD.BK,0.4300000071525574,0.4399999976158142,0.41999998688697815,0.4300000071525574,0.4300000071525574,10042200.0
2022-12-21,CGD.BK,0.4300000071525574,0.4399999976158142,0.41999998688697815,0.4300000071525574,0.4300000071525574,2378400.0
2022-12-22,CGD.BK,0.4300000071525574,0.4399999976158142,0.4300000071525574,0.4399999976158142,0.4399999976158142,2592700.0
2022-12-23,CGD.BK,0.4399999976158142,0.47999998927116394,0.4099999964237213,0.41999998688697815,0.41999998688697815,148136700.0
2022-12-26,CGD.BK,0.41999998688697815,0.4300000071525574,0.41999998688697815,0.4300000071525574,0.4300000071525574,3256700.0
2022-12-27,CGD.BK,0.4300000071525574,0.4399999976158142,0.41999998688697815,0.4399999976158142,0.4399999976158142,19068300.0
2022-12-28,CGD.BK,0.4300000071525574,0.4399999976158142,0.4300000071525574,0.4300000071525574,0.4300000071525574,3404500.0
2022-12-29,CGD.BK,0.4300000071525574,0.4399999976158142,0.4300000071525574,0.4399999976158142,0.4399999976158142,1563200.0
2022-12-30,CGD.BK,0.4399999976158142,0.4399999976158142,0.4300000071525574,0.4399999976158142,0.4399999976158142,1490200.0
2023-01-03,CGD.BK,0.4399999976158142,0.4399999976158142,0.4300000071525574,0.4300000071525574,0.4300000071525574,3493600.0
2023-01-04,CGD.BK,0.4399999976158142,0.44999998807907104,0.4300000071525574,0.4399999976158142,0.4399999976158142,7950100.0
2023-01-05,CGD.BK,0.4300000071525574,0.44999998807907104,0.4300000071525574,0.4399999976158142,0.4399999976158142,31021700.0
2023-01-06,CGD.BK,0.4300000071525574,0.44999998807907104,0.4300000071525574,0.4399999976158142,0.4399999976158142,10327800.0
2023-01-09,CGD.BK,0.4399999976158142,0.44999998807907104,0.4300000071525574,0.4399999976158142,0.4399999976158142,12255500.0
2023-01-10,CGD.BK,0.4399999976158142,0.44999998807907104,0.4300000071525574,0.4399999976158142,0.4399999976158142,4186200.0
2023-01-11,CGD.BK,0.4399999976158142,0.44999998807907104,0.4300000071525574,0.44999998807907104,0.44999998807907104,9158400.0
2023-01-12,CGD.BK,0.44999998807907104,0.44999998807907104,0.4300000071525574,0.44999998807907104,0.44999998807907104,10822200.0
2023-01-13,CGD.BK,0.4399999976158142,0.44999998807907104,0.4399999976158142,0.4399999976158142,0.4399999976158142,3823800.0
2023-01-16,CGD.BK,0.44999998807907104,0.44999998807907104,0.4399999976158142,0.4399999976158142,0.4399999976158142,1972700.0
2023-01-17,CGD.BK,0.4399999976158142,0.44999998807907104,0.4399999976158142,0.44999998807907104,0.44999998807907104,1512700.0
2023-01-18,CGD.BK,0.44999998807907104,0.44999998807907104,0.4399999976158142,0.4399999976158142,0.4399999976158142,6609000.0
2023-01-19,CGD.BK,0.4399999976158142,0.4699999988079071,0.4399999976158142,0.46000000834465027,0.46000000834465027,55569700.0
2023-01-20,CGD.BK,0.4699999988079071,0.4699999988079071,0.46000000834465027,0.4699999988079071,0.4699999988079071,19713200.0
2023-01-23,CGD.BK,0.4699999988079071,0.4699999988079071,0.46000000834465027,0.4699999988079071,0.4699999988079071,40693700.0
2023-01-24,CGD.BK,0.46000000834465027,0.46000000834465027,0.44999998807907104,0.44999998807907104,0.44999998807907104,8841000.0
2023-01-25,CGD.BK,0.44999998807907104,0.44999998807907104,0.4399999976158142,0.44999998807907104,0.44999998807907104,3798700.0
2023-01-26,CGD.BK,0.4399999976158142,0.44999998807907104,0.4399999976158142,0.44999998807907104,0.44999998807907104,2006300.0
2023-01-27,CGD.BK,0.44999998807907104,0.44999998807907104,0.4399999976158142,0.4399999976158142,0.4399999976158142,1739000.0
2023-01-30,CGD.BK,0.44999998807907104,0.46000000834465027,0.4399999976158142,0.44999998807907104,0.44999998807907104,4812100.0
2023-01-31,CGD.BK,0.44999998807907104,0.46000000834465027,0.4399999976158142,0.44999998807907104,0.44999998807907104,6083000.0
2023-02-01,CGD.BK,0.44999998807907104,0.46000000834465027,0.4399999976158142,0.44999998807907104,0.44999998807907104,3040400.0
2023-02-02,CGD.BK,0.44999998807907104,0.46000000834465027,0.44999998807907104,0.44999998807907104,0.44999998807907104,4204400.0
2023-02-03,CGD.BK,0.44999998807907104,0.46000000834465027,0.44999998807907104,0.44999998807907104,0.44999998807907104,1253600.0
2023-02-06,CGD.BK,0.44999998807907104,0.4699999988079071,0.44999998807907104,0.46000000834465027,0.46000000834465027,27496800.0
2023-02-07,CGD.BK,0.4699999988079071,0.4699999988079071,0.46000000834465027,0.46000000834465027,0.46000000834465027,12995100.0
2023-02-08,CGD.BK,0.46000000834465027,0.47999998927116394,0.44999998807907104,0.44999998807907104,0.44999998807907104,71100000.0
2023-02-09,CGD.BK,0.44999998807907104,0.46000000834465027,0.44999998807907104,0.44999998807907104,0.44999998807907104,5449000.0
2023-02-10,CGD.BK,0.46000000834465027,0.46000000834465027,0.44999998807907104,0.44999998807907104,0.44999998807907104,5717700.0
2023-02-13,CGD.BK,0.46000000834465027,0.47999998927116394,0.44999998807907104,0.46000000834465027,0.46000000834465027,49758400.0
2023-02-14,CGD.BK,0.4699999988079071,0.4699999988079071,0.44999998807907104,0.4699999988079071,0.4699999988079071,22924400.0
2023-02-15,CGD.BK,0.4699999988079071,0.4699999988079071,0.44999998807907104,0.46000000834465027,0.46000000834465027,14870700.0
2023-02-16,CGD.BK,0.46000000834465027,0.4699999988079071,0.44999998807907104,0.46000000834465027,0.46000000834465027,4549600.0
2023-02-17,CGD.BK,0.46000000834465027,0.46000000834465027,0.44999998807907104,0.46000000834465027,0.46000000834465027,3200000.0
2023-02-20,CGD.BK,0.44999998807907104,0.47999998927116394,0.44999998807907104,0.47999998927116394,0.47999998927116394,50192100.0
2023-02-21,CGD.BK,0.47999998927116394,0.5099999904632568,0.4699999988079071,0.5099999904632568,0.5099999904632568,54781000.0
2023-02-22,CGD.BK,0.5099999904632568,0.5099999904632568,0.49000000953674316,0.49000000953674316,0.49000000953674316,12649200.0
2023-02-23,CGD.BK,0.5,0.5099999904632568,0.49000000953674316,0.5099999904632568,0.5099999904632568,18692400.0
2023-02-24,CGD.BK,0.5,0.5299999713897705,0.49000000953674316,0.5299999713897705,0.5299999713897705,50916900.0
2023-02-27,CGD.BK,0.550000011920929,0.5899999737739563,0.5400000214576721,0.5799999833106995,0.5799999833106995,346921200.0
2023-02-28,CGD.BK,0.5899999737739563,0.6299999952316284,0.550000011920929,0.6299999952316284,0.6299999952316284,415145200.0
2023-03-01,CGD.BK,0.6200000047683716,0.6600000262260437,0.5699999928474426,0.6000000238418579,0.6000000238418579,372461000.0
2023-03-02,CGD.BK,0.5899999737739563,0.6000000238418579,0.550000011920929,0.5899999737739563,0.5899999737739563,169366400.0
2023-03-03,CGD.BK,0.5899999737739563,0.6000000238418579,0.5600000023841858,0.5899999737739563,0.5899999737739563,77258700.0
2023-03-07,CGD.BK,0.5899999737739563,0.5899999737739563,0.5600000023841858,0.5799999833106995,0.5799999833106995,52844000.0
2023-03-08,CGD.BK,0.5600000023841858,0.6100000143051147,0.4099999964237213,0.4099999964237213,0.4099999964237213,1285978100.0
2023-03-09,CGD.BK,0.4099999964237213,0.41999998688697815,0.3100000023841858,0.4000000059604645,0.4000000059604645,355399600.0
2023-03-10,CGD.BK,0.4000000059604645,0.4099999964237213,0.3799999952316284,0.4099999964237213,0.4099999964237213,43811100.0
2023-03-13,CGD.BK,0.4099999964237213,0.4099999964237213,0.3700000047683716,0.4000000059604645,0.4000000059604645,63971400.0
2023-03-14,CGD.BK,0.3799999952316284,0.4000000059604645,0.3499999940395355,0.4000000059604645,0.4000000059604645,86241400.0
2023-03-15,CGD.BK,0.4000000059604645,0.4000000059604645,0.3799999952316284,0.4000000059604645,0.4000000059604645,51709200.0
2023-03-16,CGD.BK,0.38999998569488525,0.4000000059604645,0.3799999952316284,0.38999998569488525,0.38999998569488525,24938100.0
2023-03-17,CGD.BK,0.38999998569488525,0.41999998688697815,0.3799999952316284,0.3799999952316284,0.3799999952316284,78509800.0
2023-03-20,CGD.BK,0.38999998569488525,0.38999998569488525,0.3700000047683716,0.3799999952316284,0.3799999952316284,40843200.0
2023-03-21,CGD.BK,0.3799999952316284,0.38999998569488525,0.3799999952316284,0.38999998569488525,0.38999998569488525,20556100.0
2023-03-22,CGD.BK,0.3799999952316284,0.4000000059604645,0.3700000047683716,0.4000000059604645,0.4000000059604645,83363700.0
2023-03-23,CGD.BK,0.38999998569488525,0.38999998569488525,0.3700000047683716,0.3700000047683716,0.3700000047683716,81839500.0
2023-03-24,CGD.BK,0.3799999952316284,0.3799999952316284,0.36000001430511475,0.3799999952316284,0.3799999952316284,25221400.0
2023-03-27,CGD.BK,0.3799999952316284,0.3799999952316284,0.3700000047683716,0.3700000047683716,0.3700000047683716,12025800.0
2023-03-28,CGD.BK,0.3700000047683716,0.38999998569488525,0.3700000047683716,0.38999998569488525,0.38999998569488525,37783200.0
2023-03-29,CGD.BK,0.3799999952316284,0.38999998569488525,0.3700000047683716,0.3799999952316284,0.3799999952316284,10663100.0
2023-03-30,CGD.BK,0.3799999952316284,0.38999998569488525,0.3700000047683716,0.3799999952316284,0.3799999952316284,22109800.0
2023-03-31,CGD.BK,0.3799999952316284,0.3799999952316284,0.3700000047683716,0.3799999952316284,0.3799999952316284,13413000.0
2023-04-03,CGD.BK,0.3700000047683716,0.38999998569488525,0.36000001430511475,0.38999998569488525,0.38999998569488525,76011300.0
2023-04-04,CGD.BK,0.3700000047683716,0.3799999952316284,0.36000001430511475,0.3700000047683716,0.3700000047683716,83065100.0
2023-04-05,CGD.BK,0.3700000047683716,0.3700000047683716,0.3499999940395355,0.3700000047683716,0.3700000047683716,31293000.0
2023-04-07,CGD.BK,0.3700000047683716,0.3700000047683716,0.36000001430511475,0.36000001430511475,0.36000001430511475,10654600.0
2023-04-10,CGD.BK,0.36000001430511475,0.38999998569488525,0.3499999940395355,0.38999998569488525,0.38999998569488525,102061500.0
2023-04-11,CGD.BK,0.3799999952316284,0.3799999952316284,0.3700000047683716,0.3700000047683716,0.3700000047683716,27123700.0
2023-04-12,CGD.BK,0.3700000047683716,0.3799999952316284,0.3700000047683716,0.3700000047683716,0.3700000047683716,19527900.0
2023-04-17,CGD.BK,0.3700000047683716,0.38999998569488525,0.3499999940395355,0.3799999952316284,0.3799999952316284,91580500.0
2023-04-18,CGD.BK,0.3799999952316284,0.4000000059604645,0.3799999952316284,0.4000000059604645,0.4000000059604645,47650700.0
2023-04-19,CGD.BK,0.38999998569488525,0.4000000059604645,0.3799999952316284,0.4000000059604645,0.4000000059604645,25641400.0
2023-04-20,CGD.BK,0.38999998569488525,0.38999998569488525,0.3799999952316284,0.38999998569488525,0.38999998569488525,7504500.0
2023-04-21,CGD.BK,0.38999998569488525,0.38999998569488525,0.3799999952316284,0.38999998569488525,0.38999998569488525,11510500.0
2023-04-24,CGD.BK,0.38999998569488525,0.4000000059604645,0.3799999952316284,0.38999998569488525,0.38999998569488525,11132100.0
2023-04-25,CGD.BK,0.3799999952316284,0.4000000059604645,0.3799999952316284,0.38999998569488525,0.38999998569488525,16531000.0
2023-04-26,CGD.BK,0.3799999952316284,0.38999998569488525,0.3700000047683716,0.38999998569488525,0.38999998569488525,25687200.0
2023-04-27,CGD.BK,0.3799999952316284,0.38999998569488525,0.3700000047683716,0.38999998569488525,0.38999998569488525,25222600.0
2023-04-28,CGD.BK,0.3799999952316284,0.38999998569488525,0.3799999952316284,0.3799999952316284,0.3799999952316284,7649500.0
2023-05-02,CGD.BK,0.3799999952316284,0.38999998569488525,0.3799999952316284,0.38999998569488525,0.38999998569488525,8570000.0
2023-05-03,CGD.BK,0.3799999952316284,0.38999998569488525,0.3799999952316284,0.38999998569488525,0.38999998569488525,12858600.0
2023-05-08,CGD.BK,0.38999998569488525,0.38999998569488525,0.3799999952316284,0.3799999952316284,0.3799999952316284,6482400.0
2023-05-09,CGD.BK,0.38999998569488525,0.38999998569488525,0.3799999952316284,0.38999998569488525,0.38999998569488525,7126400.0
2023-05-10,CGD.BK,0.3799999952316284,0.38999998569488525,0.3799999952316284,0.3799999952316284,0.3799999952316284,10246800.0
2023-05-11,CGD.BK,0.3799999952316284,0.38999998569488525,0.3799999952316284,0.3799999952316284,0.3799999952316284,6124400.0
2023-05-12,CGD.BK,0.3799999952316284,0.38999998569488525,0.3799999952316284,0.3799999952316284,0.3799999952316284,5072600.0
2023-05-15,CGD.BK,0.3700000047683716,0.3799999952316284,0.3700000047683716,0.38999998569488525,0.38999998569488525,20968000.0
2023-05-16,CGD.BK,0.3799999952316284,0.38999998569488525,0.3799999952316284,0.3799999952316284,0.3799999952316284,8258500.0
2023-05-17,CGD.BK,0.3799999952316284,0.3799999952316284,0.3700000047683716,0.3700000047683716,0.3700000047683716,5209300.0
2023-05-18,CGD.BK,0.3799999952316284,0.3799999952316284,0.3700000047683716,0.3700000047683716,0.3700000047683716,1745000.0
2023-05-19,CGD.BK,0.3799999952316284,0.38999998569488525,0.3700000047683716,0.3700000047683716,0.3700000047683716,30050200.0
2023-05-22,CGD.BK,0.3700000047683716,0.3799999952316284,0.36000001430511475,0.3700000047683716,0.3700000047683716,10031800.0
2023-05-23,CGD.BK,0.3700000047683716,0.3700000047683716,0.36000001430511475,0.36000001430511475,0.36000001430511475,8370800.0
2023-05-24,CGD.BK,0.36000001430511475,0.3700000047683716,0.36000001430511475,0.36000001430511475,0.36000001430511475,2164400.0
2023-05-25,CGD.BK,0.36000001430511475,0.3700000047683716,0.36000001430511475,0.36000001430511475,0.36000001430511475,1759300.0
2023-05-26,CGD.BK,0.3700000047683716,0.3700000047683716,0.36000001430511475,0.36000001430511475,0.36000001430511475,376700.0
2023-05-29,CGD.BK,0.3700000047683716,0.3799999952316284,0.36000001430511475,0.3700000047683716,0.3700000047683716,102656200.0
2023-05-30,CGD.BK,0.3700000047683716,0.3799999952316284,0.36000001430511475,0.3700000047683716,0.3700000047683716,32521200.0
2023-05-31,CGD.BK,0.3700000047683716,0.3700000047683716,0.36000001430511475,0.3700000047683716,0.3700000047683716,12124900.0
2023-06-01,CGD.BK,0.3700000047683716,0.3700000047683716,0.36000001430511475,0.3700000047683716,0.3700000047683716,7444800.0
2023-06-02,CGD.BK,0.3700000047683716,0.3700000047683716,0.36000001430511475,0.36000001430511475,0.36000001430511475,3216800.0
2023-06-06,CGD.BK,0.36000001430511475,0.36000001430511475,0.3499999940395355,0.36000001430511475,0.36000001430511475,28093700.0
2023-06-07,CGD.BK,0.36000001430511475,0.3700000047683716,0.3499999940395355,0.3499999940395355,0.3499999940395355,59084400.0
2023-06-08,CGD.BK,0.3499999940395355,0.36000001430511475,0.3400000035762787,0.3499999940395355,0.3499999940395355,24341100.0
2023-06-09,CGD.BK,0.36000001430511475,0.36000001430511475,0.3400000035762787,0.36000001430511475,0.36000001430511475,21967500.0
2023-06-12,CGD.BK,0.3499999940395355,0.36000001430511475,0.3499999940395355,0.3499999940395355,0.3499999940395355,10960900.0
2023-06-13,CGD.BK,0.3499999940395355,0.36000001430511475,0.33000001311302185,0.3499999940395355,0.3499999940395355,51966000.0
2023-06-14,CGD.BK,0.3499999940395355,0.36000001430511475,0.3400000035762787,0.36000001430511475,0.36000001430511475,39852300.0
2023-06-15,CGD.BK,0.3499999940395355,0.3499999940395355,0.3400000035762787,0.3400000035762787,0.3400000035762787,13289700.0
2023-06-16,CGD.BK,0.3499999940395355,0.3499999940395355,0.3400000035762787,0.3499999940395355,0.3499999940395355,12054700.0
2023-06-19,CGD.BK,0.3499999940395355,0.3499999940395355,0.3400000035762787,0.3499999940395355,0.3499999940395355,1248700.0
2023-06-20,CGD.BK,0.3400000035762787,0.3499999940395355,0.3400000035762787,0.3499999940395355,0.3499999940395355,8165200.0
2023-06-21,CGD.BK,0.3400000035762787,0.3499999940395355,0.3400000035762787,0.3400000035762787,0.3400000035762787,70018700.0
2023-06-22,CGD.BK,0.3400000035762787,0.36000001430511475,0.3400000035762787,0.36000001430511475,0.36000001430511475,52812300.0
2023-06-23,CGD.BK,0.36000001430511475,0.36000001430511475,0.3499999940395355,0.3499999940395355,0.3499999940395355,10302200.0
2023-06-26,CGD.BK,0.36000001430511475,0.36000001430511475,0.3499999940395355,0.3499999940395355,0.3499999940395355,27466400.0
2023-06-27,CGD.BK,0.3499999940395355,0.36000001430511475,0.3400000035762787,0.3499999940395355,0.3499999940395355,14941300.0
2023-06-28,CGD.BK,0.3499999940395355,0.36000001430511475,0.3400000035762787,0.3499999940395355,0.3499999940395355,3479400.0
2023-06-29,CGD.BK,0.3499999940395355,0.3499999940395355,0.3400000035762787,0.3499999940395355,0.3499999940395355,725800.0
2023-06-30,CGD.BK,0.3499999940395355,0.36000001430511475,0.3400000035762787,0.3499999940395355,0.3499999940395355,2726000.0
2023-07-03,CGD.BK,0.3499999940395355,0.3499999940395355,0.3400000035762787,0.3499999940395355,0.3499999940395355,510100.0
2023-07-04,CGD.BK,0.3499999940395355,0.3499999940395355,0.3400000035762787,0.3499999940395355,0.3499999940395355,2619000.0
2023-07-05,CGD.BK,0.3499999940395355,0.36000001430511475,0.3499999940395355,0.3499999940395355,0.3499999940395355,32951100.0
2023-07-06,CGD.BK,0.36000001430511475,0.36000001430511475,0.3499999940395355,0.3499999940395355,0.3499999940395355,15701400.0
2023-07-07,CGD.BK,0.3499999940395355,0.36000001430511475,0.3499999940395355,0.36000001430511475,0.36000001430511475,20564600.0
2023-07-10,CGD.BK,0.36000001430511475,0.36000001430511475,0.3499999940395355,0.36000001430511475,0.36000001430511475,2840300.0
2023-07-11,CGD.BK,0.36000001430511475,0.3799999952316284,0.36000001430511475,0.3799999952316284,0.3799999952316284,30720100.0
2023-07-12,CGD.BK,0.3799999952316284,0.38999998569488525,0.3700000047683716,0.3799999952316284,0.3799999952316284,30430100.0
2023-07-13,CGD.BK,0.3799999952316284,0.3799999952316284,0.3700000047683716,0.3799999952316284,0.3799999952316284,15986600.0
2023-07-14,CGD.BK,0.3799999952316284,0.38999998569488525,0.3700000047683716,0.3799999952316284,0.3799999952316284,12916700.0
2023-07-17,CGD.BK,0.3799999952316284,0.38999998569488525,0.3799999952316284,0.3799999952316284,0.3799999952316284,28280400.0
2023-07-18,CGD.BK,0.3799999952316284,0.38999998569488525,0.3799999952316284,0.3799999952316284,0.3799999952316284,29258700.0
2023-07-19,CGD.BK,0.3799999952316284,0.3799999952316284,0.3700000047683716,0.3799999952316284,0.3799999952316284,24125400.0
2023-07-20,CGD.BK,0.3799999952316284,0.3799999952316284,0.36000001430511475,0.3700000047683716,0.3700000047683716,12345400.0
2023-07-21,CGD.BK,0.3700000047683716,0.3700000047683716,0.36000001430511475,0.3700000047683716,0.3700000047683716,740600.0
2023-07-24,CGD.BK,0.36000001430511475,0.3700000047683716,0.36000001430511475,0.3700000047683716,0.3700000047683716,96700.0
2023-07-25,CGD.BK,0.3700000047683716,0.3700000047683716,0.36000001430511475,0.36000001430511475,0.36000001430511475,342200.0
2023-07-26,CGD.BK,0.36000001430511475,0.3700000047683716,0.36000001430511475,0.36000001430511475,0.36000001430511475,1172000.0
2023-07-27,CGD.BK,0.36000001430511475,0.36000001430511475,0.36000001430511475,0.36000001430511475,0.36000001430511475,91800.0
2023-07-31,CGD.BK,0.36000001430511475,0.3700000047683716,0.36000001430511475,0.3700000047683716,0.3700000047683716,89800.0
2023-08-02,CGD.BK,0.36000001430511475,0.3700000047683716,0.36000001430511475,0.36000001430511475,0.36000001430511475,4083800.0
2023-08-03,CGD.BK,0.36000001430511475,0.3700000047683716,0.36000001430511475,0.36000001430511475,0.36000001430511475,702600.0
2023-08-04,CGD.BK,0.3700000047683716,0.3700000047683716,0.3499999940395355,0.3499999940395355,0.3499999940395355,2748300.0
2023-08-07,CGD.BK,0.3499999940395355,0.36000001430511475,0.3499999940395355,0.3499999940395355,0.3499999940395355,373800.0
2023-08-08,CGD.BK,0.3499999940395355,0.36000001430511475,0.3499999940395355,0.3499999940395355,0.3499999940395355,3362800.0
2023-08-09,CGD.BK,0.36000001430511475,0.36000001430511475,0.3499999940395355,0.3499999940395355,0.3499999940395355,546100.0
2023-08-10,CGD.BK,0.3499999940395355,0.36000001430511475,0.3499999940395355,0.3499999940395355,0.3499999940395355,252600.0
2023-08-11,CGD.BK,0.36000001430511475,0.36000001430511475,0.3499999940395355,0.36000001430511475,0.36000001430511475,684300.0
2023-08-15,CGD.BK,0.3499999940395355,0.36000001430511475,0.3499999940395355,0.3499999940395355,0.3499999940395355,2001700.0
2023-08-16,CGD.BK,0.3499999940395355,0.3499999940395355,0.3400000035762787,0.3499999940395355,0.3499999940395355,846300.0
2023-08-17,CGD.BK,0.3499999940395355,0.3499999940395355,0.3400000035762787,0.3499999940395355,0.3499999940395355,1587500.0
2023-08-18,CGD.BK,0.3499999940395355,0.3499999940395355,0.3400000035762787,0.3499999940395355,0.3499999940395355,2577400.0
2023-08-21,CGD.BK,0.3499999940395355,0.3499999940395355,0.3400000035762787,0.3499999940395355,0.3499999940395355,7376100.0
2023-08-22,CGD.BK,0.3400000035762787,0.3499999940395355,0.3400000035762787,0.3499999940395355,0.3499999940395355,4820400.0
2023-08-23,CGD.BK,0.3499999940395355,0.36000001430511475,0.3400000035762787,0.3499999940395355,0.3499999940395355,4596100.0
2023-08-24,CGD.BK,0.3499999940395355,0.36000001430511475,0.3400000035762787,0.3499999940395355,0.3499999940395355,7077000.0
2023-08-25,CGD.BK,0.3400000035762787,0.36000001430511475,0.3400000035762787,0.3499999940395355,0.3499999940395355,13525800.0
2023-08-28,CGD.BK,0.3499999940395355,0.3499999940395355,0.3400000035762787,0.3499999940395355,0.3499999940395355,2683900.0
2023-08-29,CGD.BK,0.36000001430511475,0.36000001430511475,0.3499999940395355,0.3499999940395355,0.3499999940395355,6226400.0
2023-08-30,CGD.BK,0.3499999940395355,0.36000001430511475,0.3499999940395355,0.3499999940395355,0.3499999940395355,4225700.0
2023-08-31,CGD.BK,0.3499999940395355,0.36000001430511475,0.3400000035762787,0.3499999940395355,0.3499999940395355,2600300.0
2023-09-01,CGD.BK,0.3499999940395355,0.3499999940395355,0.3400000035762787,0.3400000035762787,0.3400000035762787,758000.0
2023-09-04,CGD.BK,0.3400000035762787,0.3499999940395355,0.3400000035762787,0.3499999940395355,0.3499999940395355,1541200.0
2023-09-05,CGD.BK,0.3499999940395355,0.3499999940395355,0.3400000035762787,0.3499999940395355,0.3499999940395355,732600.0
2023-09-06,CGD.BK,0.3499999940395355,0.36000001430511475,0.3400000035762787,0.3499999940395355,0.3499999940395355,10960400.0
2023-09-07,CGD.BK,0.3499999940395355,0.36000001430511475,0.3400000035762787,0.3499999940395355,0.3499999940395355,4027400.0
2023-09-08,CGD.BK,0.3499999940395355,0.36000001430511475,0.3499999940395355,0.3499999940395355,0.3499999940395355,5697300.0
2023-09-11,CGD.BK,0.36000001430511475,0.36000001430511475,0.3499999940395355,0.3499999940395355,0.3499999940395355,3136200.0
2023-09-12,CGD.BK,0.3499999940395355,0.36000001430511475,0.3499999940395355,0.36000001430511475,0.36000001430511475,3756400.0
2023-09-13,CGD.BK,0.36000001430511475,0.36000001430511475,0.3499999940395355,0.36000001430511475,0.36000001430511475,847600.0
2023-09-14,CGD.BK,0.3499999940395355,0.36000001430511475,0.3499999940395355,0.3499999940395355,0.3499999940395355,1618700.0
2023-09-15,CGD.BK,0.3499999940395355,0.36000001430511475,0.3499999940395355,0.3499999940395355,0.3499999940395355,710500.0
2023-09-18,CGD.BK,0.3499999940395355,0.36000001430511475,0.3499999940395355,0.3499999940395355,0.3499999940395355,2541400.0
2023-09-19,CGD.BK,0.3499999940395355,0.3499999940395355,0.3400000035762787,0.3499999940395355,0.3499999940395355,762300.0
2023-09-20,CGD.BK,0.3499999940395355,0.3499999940395355,0.3400000035762787,0.3400000035762787,0.3400000035762787,442100.0
2023-09-21,CGD.BK,0.3499999940395355,0.3499999940395355,0.33000001311302185,0.3400000035762787,0.3400000035762787,8898600.0
2023-09-22,CGD.BK,0.3400000035762787,0.3499999940395355,0.3400000035762787,0.3499999940395355,0.3499999940395355,1873700.0
2023-09-25,CGD.BK,0.3499999940395355,0.3499999940395355,0.3400000035762787,0.3400000035762787,0.3400000035762787,2377800.0
2023-09-26,CGD.BK,0.3400000035762787,0.3499999940395355,0.3400000035762787,0.3400000035762787,0.3400000035762787,2839500.0
2023-09-27,CGD.BK,0.3499999940395355,0.3499999940395355,0.3400000035762787,0.3400000035762787,0.3400000035762787,212700.0
2023-09-28,CGD.BK,0.3400000035762787,0.3499999940395355,0.3400000035762787,0.3400000035762787,0.3400000035762787,1377100.0
2023-09-29,CGD.BK,0.3400000035762787,0.3499999940395355,0.3400000035762787,0.3499999940395355,0.3499999940395355,400300.0
2023-10-02,CGD.BK,0.3400000035762787,0.3499999940395355,0.3400000035762787,0.3400000035762787,0.3400000035762787,2637100.0
2023-10-03,CGD.BK,0.3400000035762787,0.3400000035762787,0.33000001311302185,0.3400000035762787,0.3400000035762787,1374000.0
2023-10-04,CGD.BK,0.33000001311302185,0.3400000035762787,0.33000001311302185,0.3400000035762787,0.3400000035762787,2058900.0
2023-10-05,CGD.BK,0.3400000035762787,0.3400000035762787,0.33000001311302185,0.3400000035762787,0.3400000035762787,2395600.0
2023-10-06,CGD.BK,0.33000001311302185,0.3400000035762787,0.33000001311302185,0.3400000035762787,0.3400000035762787,8453700.0
2023-10-09,CGD.BK,0.33000001311302185,0.33000001311302185,0.3100000023841858,0.33000001311302185,0.33000001311302185,5516100.0
2023-10-10,CGD.BK,0.3199999928474426,0.33000001311302185,0.3199999928474426,0.33000001311302185,0.33000001311302185,914800.0
2023-10-11,CGD.BK,0.33000001311302185,0.3499999940395355,0.3199999928474426,0.3499999940395355,0.3499999940395355,28488100.0
2023-10-12,CGD.BK,0.3400000035762787,0.3499999940395355,0.33000001311302185,0.3499999940395355,0.3499999940395355,11293000.0
2023-10-16,CGD.BK,0.3499999940395355,0.3499999940395355,0.3400000035762787,0.3499999940395355,0.3499999940395355,5817400.0
2023-10-17,CGD.BK,0.3499999940395355,0.3499999940395355,0.3400000035762787,0.3499999940395355,0.3499999940395355,16884100.0
2023-10-18,CGD.BK,0.3499999940395355,0.3499999940395355,0.33000001311302185,0.3400000035762787,0.3400000035762787,16118600.0
2023-10-19,CGD.BK,0.3400000035762787,0.3499999940395355,0.3400000035762787,0.3400000035762787,0.3400000035762787,2766000.0
2023-10-20,CGD.BK,0.3400000035762787,0.3499999940395355,0.33000001311302185,0.3400000035762787,0.3400000035762787,4097000.0
2023-10-24,CGD.BK,0.3400000035762787,0.3400000035762787,0.33000001311302185,0.3400000035762787,0.3400000035762787,872800.0
2023-10-25,CGD.BK,0.3400000035762787,0.3400000035762787,0.33000001311302185,0.33000001311302185,0.33000001311302185,832600.0
2023-10-26,CGD.BK,0.33000001311302185,0.3400000035762787,0.3199999928474426,0.3199999928474426,0.3199999928474426,7879500.0
2023-10-27,CGD.BK,0.3199999928474426,0.33000001311302185,0.30000001192092896,0.3199999928474426,0.3199999928474426,34145000.0
2023-10-30,CGD.BK,0.3199999928474426,0.3400000035762787,0.3100000023841858,0.3400000035762787,0.3400000035762787,3054600.0
2023-10-31,CGD.BK,0.33000001311302185,0.33000001311302185,0.3100000023841858,0.3100000023841858,0.3100000023841858,6420200.0
2023-11-01,CGD.BK,0.3100000023841858,0.3199999928474426,0.3100000023841858,0.3199999928474426,0.3199999928474426,3104900.0
2023-11-02,CGD.BK,0.3199999928474426,0.3400000035762787,0.3199999928474426,0.3400000035762787,0.3400000035762787,4103300.0
2023-11-03,CGD.BK,0.33000001311302185,0.3400000035762787,0.33000001311302185,0.33000001311302185,0.33000001311302185,1318000.0
2023-11-06,CGD.BK,0.3400000035762787,0.3400000035762787,0.3199999928474426,0.3400000035762787,0.3400000035762787,3765700.0
2023-11-07,CGD.BK,0.33000001311302185,0.3400000035762787,0.33000001311302185,0.33000001311302185,0.33000001311302185,781200.0
2023-11-08,CGD.BK,0.33000001311302185,0.33000001311302185,0.3199999928474426,0.33000001311302185,0.33000001311302185,1929100.0
2023-11-09,CGD.BK,0.33000001311302185,0.33000001311302185,0.3199999928474426,0.33000001311302185,0.33000001311302185,15600.0
2023-11-10,CGD.BK,0.3199999928474426,0.33000001311302185,0.3199999928474426,0.33000001311302185,0.33000001311302185,739900.0
2023-11-13,CGD.BK,0.3199999928474426,0.33000001311302185,0.3199999928474426,0.33000001311302185,0.33000001311302185,631500.0
2023-11-14,CGD.BK,0.33000001311302185,0.3499999940395355,0.3199999928474426,0.3400000035762787,0.3400000035762787,8736500.0
2023-11-15,CGD.BK,0.3400000035762787,0.3400000035762787,0.33000001311302185,0.3400000035762787,0.3400000035762787,205900.0
2023-11-16,CGD.BK,0.3400000035762787,0.3400000035762787,0.3400000035762787,0.3400000035762787,0.3400000035762787,738700.0
2023-11-17,CGD.BK,0.33000001311302185,0.3400000035762787,0.33000001311302185,0.3400000035762787,0.3400000035762787,336400.0
2023-11-20,CGD.BK,0.3400000035762787,0.3499999940395355,0.33000001311302185,0.3499999940395355,0.3499999940395355,6433500.0
2023-11-21,CGD.BK,0.3499999940395355,0.3499999940395355,0.3400000035762787,0.3499999940395355,0.3499999940395355,2782000.0
2023-11-22,CGD.BK,0.3499999940395355,0.3499999940395355,0.3400000035762787,0.3499999940395355,0.3499999940395355,1881000.0
2023-11-23,CGD.BK,0.3400000035762787,0.3499999940395355,0.3400000035762787,0.3499999940395355,0.3499999940395355,6980100.0
2023-11-24,CGD.BK,0.3499999940395355,0.3499999940395355,0.3400000035762787,0.3499999940395355,0.3499999940395355,973300.0
2023-11-27,CGD.BK,0.3400000035762787,0.3499999940395355,0.3400000035762787,0.3499999940395355,0.3499999940395355,1265100.0
2023-11-28,CGD.BK,0.3499999940395355,0.3499999940395355,0.3400000035762787,0.3400000035762787,0.3400000035762787,4143400.0
2023-11-29,CGD.BK,0.3400000035762787,0.3400000035762787,0.33000001311302185,0.3400000035762787,0.3400000035762787,886200.0
2023-11-30,CGD.BK,0.33000001311302185,0.3499999940395355,0.33000001311302185,0.33000001311302185,0.33000001311302185,1829400.0
2023-12-01,CGD.BK,0.3400000035762787,0.3400000035762787,0.33000001311302185,0.3400000035762787,0.3400000035762787,1089700.0
2023-12-04,CGD.BK,0.3400000035762787,0.3400000035762787,0.33000001311302185,0.33000001311302185,0.33000001311302185,6091800.0
2023-12-06,CGD.BK,0.33000001311302185,0.3400000035762787,0.33000001311302185,0.3400000035762787,0.3400000035762787,168400.0
2023-12-07,CGD.BK,0.3400000035762787,0.3400000035762787,0.33000001311302185,0.33000001311302185,0.33000001311302185,802500.0
2023-12-08,CGD.BK,0.33000001311302185,0.3400000035762787,0.33000001311302185,0.33000001311302185,0.33000001311302185,722000.0
2023-12-12,CGD.BK,0.33000001311302185,0.3400000035762787,0.33000001311302185,0.33000001311302185,0.33000001311302185,2532600.0
2023-12-13,CGD.BK,0.3400000035762787,0.3400000035762787,0.33000001311302185,0.33000001311302185,0.33000001311302185,1795000.0
2023-12-14,CGD.BK,0.33000001311302185,0.3400000035762787,0.33000001311302185,0.3400000035762787,0.3400000035762787,440600.0
2023-12-15,CGD.BK,0.3400000035762787,0.3400000035762787,0.33000001311302185,0.3400000035762787,0.3400000035762787,403300.0
2023-12-18,CGD.BK,0.3400000035762787,0.3400000035762787,0.33000001311302185,0.3400000035762787,0.3400000035762787,105700.0
2023-12-19,CGD.BK,0.3400000035762787,0.3400000035762787,0.33000001311302185,0.3400000035762787,0.3400000035762787,60000.0
2023-12-20,CGD.BK,0.3400000035762787,0.3400000035762787,0.33000001311302185,0.3400000035762787,0.3400000035762787,200800.0
2023-12-21,CGD.BK,0.33000001311302185,0.3400000035762787,0.33000001311302185,0.3400000035762787,0.3400000035762787,1302900.0
2023-12-22,CGD.BK,0.33000001311302185,0.3400000035762787,0.33000001311302185,0.33000001311302185,0.33000001311302185,272900.0
2023-12-25,CGD.BK,0.33000001311302185,0.3400000035762787,0.33000001311302185,0.3400000035762787,0.3400000035762787,439800.0
2023-12-26,CGD.BK,0.3400000035762787,0.3400000035762787,0.33000001311302185,0.3400000035762787,0.3400000035762787,752300.0
2023-12-27,CGD.BK,0.33000001311302185,0.3400000035762787,0.33000001311302185,0.3400000035762787,0.3400000035762787,301000.0
2023-12-28,CGD.BK,0.33000001311302185,0.3400000035762787,0.3199999928474426,0.33000001311302185,0.33000001311302185,3471400.0
2024-01-03,CGD.BK,0.3400000035762787,0.3400000035762787,0.33000001311302185,0.3400000035762787,0.3400000035762787,563400.0
2024-01-04,CGD.BK,0.3400000035762787,0.3400000035762787,0.33000001311302185,0.3400000035762787,0.3400000035762787,845200.0
2024-01-05,CGD.BK,0.3400000035762787,0.3499999940395355,0.33000001311302185,0.3499999940395355,0.3499999940395355,3839200.0
2024-01-08,CGD.BK,0.3499999940395355,0.3499999940395355,0.3400000035762787,0.3499999940395355,0.3499999940395355,3308400.0
2024-01-09,CGD.BK,0.3400000035762787,0.3499999940395355,0.3400000035762787,0.3400000035762787,0.3400000035762787,2535800.0
2024-01-10,CGD.BK,0.3499999940395355,0.3499999940395355,0.3400000035762787,0.3400000035762787,0.3400000035762787,1426000.0
2024-01-11,CGD.BK,0.3400000035762787,0.3499999940395355,0.3400000035762787,0.3400000035762787,0.3400000035762787,774900.0
2024-01-12,CGD.BK,0.3499999940395355,0.3700000047683716,0.3400000035762787,0.3400000035762787,0.3400000035762787,16925300.0
2024-01-15,CGD.BK,0.3400000035762787,0.36000001430511475,0.3400000035762787,0.36000001430511475,0.36000001430511475,7392600.0
2024-01-16,CGD.BK,0.36000001430511475,0.36000001430511475,0.3499999940395355,0.36000001430511475,0.36000001430511475,358500.0
2024-01-17,CGD.BK,0.36000001430511475,0.36000001430511475,0.3400000035762787,0.3400000035762787,0.3400000035762787,4468200.0
2024-01-18,CGD.BK,0.3400000035762787,0.3499999940395355,0.3400000035762787,0.3400000035762787,0.3400000035762787,369400.0
2024-01-19,CGD.BK,0.3499999940395355,0.3499999940395355,0.3400000035762787,0.3400000035762787,0.3400000035762787,489800.0
2024-01-22,CGD.BK,0.3400000035762787,0.3499999940395355,0.3400000035762787,0.3499999940395355,0.3499999940395355,1518200.0
2024-01-23,CGD.BK,0.3499999940395355,0.3499999940395355,0.3400000035762787,0.3400000035762787,0.3400000035762787,647600.0
2024-01-24,CGD.BK,0.3499999940395355,0.3499999940395355,0.3400000035762787,0.3400000035762787,0.3400000035762787,685000.0
2024-01-25,CGD.BK,0.3400000035762787,0.3499999940395355,0.3400000035762787,0.3400000035762787,0.3400000035762787,3642400.0
2024-01-26,CGD.BK,0.3400000035762787,0.3400000035762787,0.3199999928474426,0.33000001311302185,0.33000001311302185,6675900.0
2024-01-29,CGD.BK,0.33000001311302185,0.3400000035762787,0.33000001311302185,0.3400000035762787,0.3400000035762787,4828500.0
2024-01-30,CGD.BK,0.3400000035762787,0.3499999940395355,0.3400000035762787,0.3499999940395355,0.3499999940395355,2972400.0
2024-01-31,CGD.BK,0.3400000035762787,0.3499999940395355,0.3400000035762787,0.3499999940395355,0.3499999940395355,5843100.0
2024-02-01,CGD.BK,0.3499999940395355,0.3700000047683716,0.3400000035762787,0.3499999940395355,0.3499999940395355,13940600.0
2024-02-02,CGD.BK,0.3499999940395355,0.36000001430511475,0.3400000035762787,0.3499999940395355,0.3499999940395355,1567100.0
2024-02-05,CGD.BK,0.3499999940395355,0.36000001430511475,0.3400000035762787,0.3499999940395355,0.3499999940395355,2842700.0
2024-02-06,CGD.BK,0.3499999940395355,0.36000001430511475,0.3400000035762787,0.3499999940395355,0.3499999940395355,877800.0
2024-02-07,CGD.BK,0.3499999940395355,0.3700000047683716,0.3400000035762787,0.36000001430511475,0.36000001430511475,8804800.0
2024-02-08,CGD.BK,0.3499999940395355,0.36000001430511475,0.3400000035762787,0.36000001430511475,0.36000001430511475,4221900.0
2024-02-09,CGD.BK,0.36000001430511475,0.36000001430511475,0.3499999940395355,0.3499999940395355,0.3499999940395355,484300.0
2024-02-12,CGD.BK,0.36000001430511475,0.36000001430511475,0.3499999940395355,0.36000001430511475,0.36000001430511475,2533400.0
2024-02-13,CGD.BK,0.36000001430511475,0.36000001430511475,0.3499999940395355,0.3499999940395355,0.3499999940395355,3973000.0
2024-02-14,CGD.BK,0.3499999940395355,0.36000001430511475,0.3400000035762787,0.3499999940395355,0.3499999940395355,2692000.0
2024-02-15,CGD.BK,0.3499999940395355,0.36000001430511475,0.3400000035762787,0.3499999940395355,0.3499999940395355,1142400.0
2024-02-16,CGD.BK,0.3499999940395355,0.36000001430511475,0.3400000035762787,0.3400000035762787,0.3400000035762787,1357900.0
2024-02-19,CGD.BK,0.3400000035762787,0.3499999940395355,0.3400000035762787,0.3499999940395355,0.3499999940395355,550300.0
2024-02-20,CGD.BK,0.3499999940395355,0.3499999940395355,0.3400000035762787,0.3400000035762787,0.3400000035762787,1630800.0
2024-02-21,CGD.BK,0.3499999940395355,0.36000001430511475,0.3400000035762787,0.3499999940395355,0.3499999940395355,2459000.0
2024-02-22,CGD.BK,0.3400000035762787,0.3499999940395355,0.3400000035762787,0.3499999940395355,0.3499999940395355,1635200.0
2024-02-23,CGD.BK,0.3499999940395355,0.36000001430511475,0.33000001311302185,0.33000001311302185,0.33000001311302185,7230700.0
2024-02-27,CGD.BK,0.3400000035762787,0.3400000035762787,0.3199999928474426,0.33000001311302185,0.33000001311302185,6297800.0
2024-02-28,CGD.BK,0.3400000035762787,0.3400000035762787,0.33000001311302185,0.3400000035762787,0.3400000035762787,11673400.0
2024-02-29,CGD.BK,0.3400000035762787,0.3499999940395355,0.33000001311302185,0.3400000035762787,0.3400000035762787,6697200.0
2024-03-01,CGD.BK,0.3400000035762787,0.3499999940395355,0.33000001311302185,0.3499999940395355,0.3499999940395355,2634900.0
2024-03-04,CGD.BK,0.3400000035762787,0.3499999940395355,0.33000001311302185,0.3499999940395355,0.3499999940395355,988200.0
2024-03-05,CGD.BK,0.3400000035762787,0.3499999940395355,0.3400000035762787,0.3400000035762787,0.3400000035762787,947400.0
2024-03-06,CGD.BK,0.3400000035762787,0.3499999940395355,0.3400000035762787,0.3499999940395355,0.3499999940395355,943100.0
2024-03-07,CGD.BK,0.3499999940395355,0.3499999940395355,0.3400000035762787,0.3400000035762787,0.3400000035762787,583900.0
2024-03-08,CGD.BK,0.3400000035762787,0.3499999940395355,0.3400000035762787,0.3499999940395355,0.3499999940395355,1673600.0
2024-03-11,CGD.BK,0.3499999940395355,0.3499999940395355,0.33000001311302185,0.3400000035762787,0.3400000035762787,1985600.0
2024-03-12,CGD.BK,0.3400000035762787,0.3400000035762787,0.3400000035762787,0.3400000035762787,0.3400000035762787,0.0
2024-03-13,CGD.BK,0.3499999940395355,0.36000001430511475,0.3400000035762787,0.36000001430511475,0.36000001430511475,8453300.0
2024-03-14,CGD.BK,0.36000001430511475,0.36000001430511475,0.3499999940395355,0.36000001430511475,0.36000001430511475,3201200.0
2024-03-15,CGD.BK,0.3499999940395355,0.36000001430511475,0.3499999940395355,0.3499999940395355,0.3499999940395355,1413400.0
2024-03-18,CGD.BK,0.3499999940395355,0.36000001430511475,0.3499999940395355,0.3499999940395355,0.3499999940395355,1508400.0
2024-03-19,CGD.BK,0.3499999940395355,0.36000001430511475,0.3400000035762787,0.36000001430511475,0.36000001430511475,2082400.0
2024-03-20,CGD.BK,0.36000001430511475,0.36000001430511475,0.3499999940395355,0.3499999940395355,0.3499999940395355,5304800.0
2024-03-21,CGD.BK,0.36000001430511475,0.36000001430511475,0.3499999940395355,0.36000001430511475,0.36000001430511475,8796200.0
2024-03-22,CGD.BK,0.36000001430511475,0.36000001430511475,0.36000001430511475,0.36000001430511475,0.36000001430511475,0.0
2024-03-25,CGD.BK,0.3499999940395355,0.36000001430511475,0.3400000035762787,0.3400000035762787,0.3400000035762787,5263900.0
2024-03-26,CGD.BK,0.3400000035762787,0.3400000035762787,0.3400000035762787,0.3400000035762787,0.3400000035762787,0.0
2024-03-27,CGD.BK,0.3499999940395355,0.36000001430511475,0.3400000035762787,0.36000001430511475,0.36000001430511475,2641100.0
2024-03-28,CGD.BK,0.36000001430511475,0.36000001430511475,0.36000001430511475,0.36000001430511475,0.36000001430511475,0.0
2024-03-29,CGD.BK,0.3499999940395355,0.3499999940395355,0.3400000035762787,0.3499999940395355,0.3499999940395355,826300.0
2024-04-01,CGD.BK,0.3499999940395355,0.3499999940395355,0.3400000035762787,0.3499999940395355,0.3499999940395355,765500.0
2024-04-02,CGD.BK,0.3499999940395355,0.3499999940395355,0.3400000035762787,0.3499999940395355,0.3499999940395355,384800.0
2024-04-03,CGD.BK,0.3400000035762787,0.3499999940395355,0.3400000035762787,0.3400000035762787,0.3400000035762787,1440700.0
2024-04-04,CGD.BK,0.3499999940395355,0.3499999940395355,0.3400000035762787,0.3499999940395355,0.3499999940395355,778700.0
2024-04-05,CGD.BK,0.3499999940395355,0.3499999940395355,0.3400000035762787,0.3499999940395355,0.3499999940395355,125700.0
2024-04-09,CGD.BK,0.3499999940395355,0.3499999940395355,0.3400000035762787,0.3499999940395355,0.3499999940395355,3307700.0
2024-04-10,CGD.BK,0.3499999940395355,0.3499999940395355,0.3400000035762787,0.3499999940395355,0.3499999940395355,2359400.0
2024-04-11,CGD.BK,0.3499999940395355,0.3499999940395355,0.3400000035762787,0.3499999940395355,0.3499999940395355,2517300.0
2024-04-17,CGD.BK,0.3400000035762787,0.3499999940395355,0.3400000035762787,0.3400000035762787,0.3400000035762787,4862000.0
2024-04-18,CGD.BK,0.3400000035762787,0.3400000035762787,0.3400000035762787,0.3400000035762787,0.3400000035762787,0.0
2024-04-19,CGD.BK,0.3400000035762787,0.3400000035762787,0.3400000035762787,0.3400000035762787,0.3400000035762787,0.0
2024-04-22,CGD.BK,0.3400000035762787,0.3499999940395355,0.3400000035762787,0.3499999940395355,0.3499999940395355,1896900.0
2024-04-23,CGD.BK,0.3400000035762787,0.3499999940395355,0.33000001311302185,0.3400000035762787,0.3400000035762787,3140100.0
2024-04-24,CGD.BK,0.3400000035762787,0.3400000035762787,0.3400000035762787,0.3400000035762787,0.3400000035762787,0.0
2024-04-25,CGD.BK,0.3400000035762787,0.3499999940395355,0.33000001311302185,0.3400000035762787,0.3400000035762787,2278400.0
2024-04-26,CGD.BK,0.3400000035762787,0.3499999940395355,0.3400000035762787,0.3400000035762787,0.3400000035762787,299000.0
2024-04-29,CGD.BK,0.3400000035762787,0.3499999940395355,0.33000001311302185,0.3499999940395355,0.3499999940395355,2482700.0
2024-04-30,CGD.BK,0.3499999940395355,0.3499999940395355,0.3400000035762787,0.3400000035762787,0.3400000035762787,1947700.0
2024-05-02,CGD.BK,0.3400000035762787,0.3400000035762787,0.33000001311302185,0.33000001311302185,0.33000001311302185,1298100.0
2024-05-03,CGD.BK,0.3400000035762787,0.3400000035762787,0.33000001311302185,0.33000001311302185,0.33000001311302185,134600.0
2024-05-07,CGD.BK,0.33000001311302185,0.33000001311302185,0.33000001311302185,0.33000001311302185,0.33000001311302185,0.0
2024-05-08,CGD.BK,0.3400000035762787,0.3499999940395355,0.33000001311302185,0.3499999940395355,0.3499999940395355,5549500.0
2024-05-09,CGD.BK,0.3499999940395355,0.3499999940395355,0.33000001311302185,0.3400000035762787,0.3400000035762787,855600.0
2024-05-10,CGD.BK,0.3400000035762787,0.3400000035762787,0.33000001311302185,0.3400000035762787,0.3400000035762787,902400.0
2024-05-13,CGD.BK,0.3400000035762787,0.3400000035762787,0.33000001311302185,0.33000001311302185,0.33000001311302185,4061400.0
2024-05-14,CGD.BK,0.3400000035762787,0.3400000035762787,0.33000001311302185,0.3400000035762787,0.3400000035762787,171100.0
2024-05-15,CGD.BK,0.3400000035762787,0.3499999940395355,0.33000001311302185,0.3499999940395355,0.3499999940395355,3720000.0
2024-05-16,CGD.BK,0.3499999940395355,0.3499999940395355,0.3499999940395355,0.3499999940395355,0.3499999940395355,0.0
2024-05-17,CGD.BK,0.33000001311302185,0.3400000035762787,0.33000001311302185,0.33000001311302185,0.33000001311302185,2807500.0
2024-05-20,CGD.BK,0.33000001311302185,0.33000001311302185,0.33000001311302185,0.33000001311302185,0.33000001311302185,0.0
2024-05-21,CGD.BK,0.33000001311302185,0.33000001311302185,0.33000001311302185,0.33000001311302185,0.33000001311302185,0.0
2024-05-23,CGD.BK,0.3400000035762787,0.3499999940395355,0.33000001311302185,0.3499999940395355,0.3499999940395355,5434000.0
2024-05-24,CGD.BK,0.3499999940395355,0.3499999940395355,0.3499999940395355,0.3499999940395355,0.3499999940395355,0.0
2024-05-27,CGD.BK,0.3499999940395355,0.3499999940395355,0.3499999940395355,0.3499999940395355,0.3499999940395355,0.0
2024-05-28,CGD.BK,0.33000001311302185,0.3400000035762787,0.33000001311302185,0.33000001311302185,0.33000001311302185,3887100.0
2024-05-29,CGD.BK,0.33000001311302185,0.33000001311302185,0.33000001311302185,0.33000001311302185,0.33000001311302185,1046900.0
2024-05-30,CGD.BK,0.33000001311302185,0.33000001311302185,0.33000001311302185,0.33000001311302185,0.33000001311302185,0.0
2024-05-31,CGD.BK,0.33000001311302185,0.33000001311302185,0.33000001311302185,0.33000001311302185,0.33000001311302185,0.0
2024-06-04,CGD.BK,0.33000001311302185,0.33000001311302185,0.3100000023841858,0.33000001311302185,0.33000001311302185,15680900.0
2024-06-05,CGD.BK,0.33000001311302185,0.33000001311302185,0.3199999928474426,0.3199999928474426,0.3199999928474426,5349900.0
2024-06-06,CGD.BK,0.3199999928474426,0.33000001311302185,0.3100000023841858,0.3199999928474426,0.3199999928474426,3611000.0
2024-06-07,CGD.BK,0.3199999928474426,0.3499999940395355,0.30000001192092896,0.3499999940395355,0.3499999940395355,14502700.0
2024-06-10,CGD.BK,0.3400000035762787,0.3499999940395355,0.33000001311302185,0.3400000035762787,0.3400000035762787,1588700.0
2024-06-11,CGD.BK,0.3400000035762787,0.3400000035762787,0.33000001311302185,0.33000001311302185,0.33000001311302185,1836100.0
2024-06-12,CGD.BK,0.33000001311302185,0.3400000035762787,0.33000001311302185,0.33000001311302185,0.33000001311302185,202000.0
2024-06-13,CGD.BK,0.3400000035762787,0.3400000035762787,0.33000001311302185,0.3400000035762787,0.3400000035762787,502700.0
2024-06-14,CGD.BK,0.3400000035762787,0.3499999940395355,0.33000001311302185,0.3499999940395355,0.3499999940395355,6731100.0
2024-06-17,CGD.BK,0.3400000035762787,0.3499999940395355,0.33000001311302185,0.33000001311302185,0.33000001311302185,4440800.0
2024-06-18,CGD.BK,0.33000001311302185,0.33000001311302185,0.33000001311302185,0.33000001311302185,0.33000001311302185,0.0
2024-06-19,CGD.BK,0.33000001311302185,0.33000001311302185,0.33000001311302185,0.33000001311302185,0.33000001311302185,0.0
2024-06-20,CGD.BK,0.33000001311302185,0.3400000035762787,0.33000001311302185,0.33000001311302185,0.33000001311302185,1810100.0
2024-06-21,CGD.BK,0.33000001311302185,0.3499999940395355,0.33000001311302185,0.3400000035762787,0.3400000035762787,7664100.0
2024-06-24,CGD.BK,0.3400000035762787,0.3400000035762787,0.3400000035762787,0.3400000035762787,0.3400000035762787,0.0
2024-06-25,CGD.BK,0.3400000035762787,0.3400000035762787,0.3400000035762787,0.3400000035762787,0.3400000035762787,0.0
2024-06-26,CGD.BK,0.3400000035762787,0.3400000035762787,0.3400000035762787,0.3400000035762787,0.3400000035762787,0.0
2024-06-27,CGD.BK,0.3400000035762787,0.3499999940395355,0.3400000035762787,0.3400000035762787,0.3400000035762787,1634100.0
2024-06-28,CGD.BK,0.3400000035762787,0.3499999940395355,0.3400000035762787,0.3499999940395355,0.3499999940395355,2259000.0
2024-07-01,CGD.BK,0.3499999940395355,0.3499999940395355,0.3499999940395355,0.3499999940395355,0.3499999940395355,0.0
2024-07-02,CGD.BK,0.3499999940395355,0.3499999940395355,0.3499999940395355,0.3499999940395355,0.3499999940395355,0.0
2024-07-03,CGD.BK,0.3400000035762787,0.3499999940395355,0.3400000035762787,0.3400000035762787,0.3400000035762787,777500.0
2024-07-04,CGD.BK,0.3499999940395355,0.3499999940395355,0.3400000035762787,0.3499999940395355,0.3499999940395355,1820500.0
2024-07-05,CGD.BK,0.3499999940395355,0.3499999940395355,0.33000001311302185,0.3499999940395355,0.3499999940395355,2747600.0
2024-07-08,CGD.BK,0.3499999940395355,0.3499999940395355,0.3400000035762787,0.3400000035762787,0.3400000035762787,2281100.0
2024-07-09,CGD.BK,0.3400000035762787,0.3400000035762787,0.3400000035762787,0.3400000035762787,0.3400000035762787,0.0
2024-07-10,CGD.BK,0.3499999940395355,0.3499999940395355,0.33000001311302185,0.3400000035762787,0.3400000035762787,2015200.0
2024-07-11,CGD.BK,0.3400000035762787,0.3499999940395355,0.33000001311302185,0.3400000035762787,0.3400000035762787,2818400.0
2024-07-12,CGD.BK,0.3400000035762787,0.3400000035762787,0.3400000035762787,0.3400000035762787,0.3400000035762787,0.0
2024-07-15,CGD.BK,0.3400000035762787,0.3400000035762787,0.3400000035762787,0.3400000035762787,0.3400000035762787,0.0
2024-07-16,CGD.BK,0.3400000035762787,0.3499999940395355,0.33000001311302185,0.3400000035762787,0.3400000035762787,1948600.0
2024-07-17,CGD.BK,0.3400000035762787,0.3400000035762787,0.3400000035762787,0.3400000035762787,0.3400000035762787,0.0
2024-07-18,CGD.BK,0.3400000035762787,0.3400000035762787,0.33000001311302185,0.3400000035762787,0.3400000035762787,7256400.0
2024-07-19,CGD.BK,0.3400000035762787,0.3499999940395355,0.33000001311302185,0.3400000035762787,0.3400000035762787,6528900.0
2024-07-23,CGD.BK,0.3400000035762787,0.3499999940395355,0.33000001311302185,0.3499999940395355,0.3499999940395355,7818100.0
2024-07-24,CGD.BK,0.3400000035762787,0.3400000035762787,0.33000001311302185,0.3400000035762787,0.3400000035762787,3609000.0
2024-07-25,CGD.BK,0.3400000035762787,0.3499999940395355,0.33000001311302185,0.3400000035762787,0.3400000035762787,4371300.0
2024-07-26,CGD.BK,0.3400000035762787,0.3400000035762787,0.3400000035762787,0.3400000035762787,0.3400000035762787,1201000.0
2024-07-30,CGD.BK,0.3400000035762787,0.3400000035762787,0.3400000035762787,0.3400000035762787,0.3400000035762787,0.0
2024-07-31,CGD.BK,0.33000001311302185,0.3400000035762787,0.33000001311302185,0.33000001311302185,0.33000001311302185,629800.0
2024-08-01,CGD.BK,0.3400000035762787,0.3400000035762787,0.33000001311302185,0.3400000035762787,0.3400000035762787,10951800.0
2024-08-02,CGD.BK,0.3400000035762787,0.3400000035762787,0.3400000035762787,0.3400000035762787,0.3400000035762787,0.0
2024-08-05,CGD.BK,0.33000001311302185,0.33000001311302185,0.3199999928474426,0.3199999928474426,0.3199999928474426,10932300.0
2024-08-06,CGD.BK,0.3199999928474426,0.33000001311302185,0.3199999928474426,0.3199999928474426,0.3199999928474426,5202100.0
2024-08-07,CGD.BK,0.3199999928474426,0.3400000035762787,0.3199999928474426,0.3400000035762787,0.3400000035762787,5145100.0
2024-08-08,CGD.BK,0.3400000035762787,0.3400000035762787,0.3400000035762787,0.3400000035762787,0.3400000035762787,0.0
2024-08-09,CGD.BK,0.33000001311302185,0.3400000035762787,0.33000001311302185,0.33000001311302185,0.33000001311302185,827700.0
2024-08-13,CGD.BK,0.33000001311302185,0.33000001311302185,0.3100000023841858,0.3100000023841858,0.3100000023841858,4149900.0
2024-08-14,CGD.BK,0.3199999928474426,0.33000001311302185,0.3199999928474426,0.33000001311302185,0.33000001311302185,1705500.0
2024-08-15,CGD.BK,0.33000001311302185,0.33000001311302185,0.33000001311302185,0.33000001311302185,0.33000001311302185,0.0
2024-08-16,CGD.BK,0.3199999928474426,0.3400000035762787,0.3199999928474426,0.3199999928474426,0.3199999928474426,3040300.0
2024-08-19,CGD.BK,0.3199999928474426,0.3199999928474426,0.3199999928474426,0.3199999928474426,0.3199999928474426,0.0
2024-08-20,CGD.BK,0.3400000035762787,0.3400000035762787,0.33000001311302185,0.3400000035762787,0.3400000035762787,74600.0
2024-08-21,CGD.BK,0.33000001311302185,0.3400000035762787,0.33000001311302185,0.33000001311302185,0.33000001311302185,483900.0
2024-08-22,CGD.BK,0.33000001311302185,0.33000001311302185,0.33000001311302185,0.33000001311302185,0.33000001311302185,0.0
2024-08-23,CGD.BK,0.33000001311302185,0.33000001311302185,0.3199999928474426,0.33000001311302185,0.33000001311302185,2038600.0
2024-08-26,CGD.BK,0.33000001311302185,0.3400000035762787,0.3199999928474426,0.3400000035762787,0.3400000035762787,4773300.0
2024-08-27,CGD.BK,0.3400000035762787,0.3400000035762787,0.3199999928474426,0.33000001311302185,0.33000001311302185,3739000.0
2024-08-28,CGD.BK,0.33000001311302185,0.3400000035762787,0.33000001311302185,0.3400000035762787,0.3400000035762787,2221200.0
2024-08-29,CGD.BK,0.3400000035762787,0.3400000035762787,0.33000001311302185,0.33000001311302185,0.33000001311302185,1914300.0
2024-08-30,CGD.BK,0.33000001311302185,0.33000001311302185,0.3199999928474426,0.33000001311302185,0.33000001311302185,5074600.0
2024-09-02,CGD.BK,0.33000001311302185,0.33000001311302185,0.33000001311302185,0.33000001311302185,0.33000001311302185,0.0
2024-09-03,CGD.BK,0.33000001311302185,0.33000001311302185,0.33000001311302185,0.33000001311302185,0.33000001311302185,0.0
2024-09-04,CGD.BK,0.33000001311302185,0.33000001311302185,0.33000001311302185,0.33000001311302185,0.33000001311302185,0.0
2024-09-05,CGD.BK,0.33000001311302185,0.3400000035762787,0.33000001311302185,0.33000001311302185,0.33000001311302185,4568900.0
2024-09-06,CGD.BK,0.33000001311302185,0.3400000035762787,0.33000001311302185,0.33000001311302185,0.33000001311302185,1639200.0
2024-09-09,CGD.BK,0.33000001311302185,0.33000001311302185,0.33000001311302185,0.33000001311302185,0.33000001311302185,0.0
2024-09-10,CGD.BK,0.33000001311302185,0.3400000035762787,0.33000001311302185,0.3400000035762787,0.3400000035762787,1953300.0
2024-09-11,CGD.BK,0.3400000035762787,0.3400000035762787,0.33000001311302185,0.33000001311302185,0.33000001311302185,2962500.0
2024-09-12,CGD.BK,0.33000001311302185,0.3400000035762787,0.33000001311302185,0.33000001311302185,0.33000001311302185,4041500.0
2024-09-13,CGD.BK,0.3400000035762787,0.3400000035762787,0.33000001311302185,0.3400000035762787,0.3400000035762787,667500.0
2024-09-16,CGD.BK,0.3400000035762787,0.3400000035762787,0.3400000035762787,0.3400000035762787,0.3400000035762787,0.0
2024-09-17,CGD.BK,0.3400000035762787,0.3400000035762787,0.3400000035762787,0.3400000035762787,0.3400000035762787,0.0
2024-09-18,CGD.BK,0.3400000035762787,0.3400000035762787,0.3400000035762787,0.3400000035762787,0.3400000035762787,0.0
2024-09-19,CGD.BK,0.3400000035762787,0.3400000035762787,0.3400000035762787,0.3400000035762787,0.3400000035762787,0.0
2024-09-20,CGD.BK,0.3400000035762787,0.3400000035762787,0.3400000035762787,0.3400000035762787,0.3400000035762787,0.0
2024-09-23,CGD.BK,0.36000001430511475,0.36000001430511475,0.33000001311302185,0.3400000035762787,0.3400000035762787,16923400.0
2024-09-24,CGD.BK,0.3400000035762787,0.3400000035762787,0.33000001311302185,0.33000001311302185,0.33000001311302185,11076100.0
2024-09-25,CGD.BK,0.33000001311302185,0.3400000035762787,0.33000001311302185,0.3400000035762787,0.3400000035762787,678300.0
2024-09-26,CGD.BK,0.3400000035762787,0.3400000035762787,0.33000001311302185,0.33000001311302185,0.33000001311302185,3626900.0
2024-09-27,CGD.BK,0.33000001311302185,0.33000001311302185,0.33000001311302185,0.33000001311302185,0.33000001311302185,0.0
2024-09-30,CGD.BK,0.3400000035762787,0.3400000035762787,0.33000001311302185,0.33000001311302185,0.33000001311302185,5749200.0
2024-10-01,CGD.BK,0.3400000035762787,0.3400000035762787,0.33000001311302185,0.3400000035762787,0.3400000035762787,1252000.0
2024-10-02,CGD.BK,0.33000001311302185,0.3400000035762787,0.33000001311302185,0.3400000035762787,0.3400000035762787,1281700.0
2024-10-03,CGD.BK,0.33000001311302185,0.3400000035762787,0.33000001311302185,0.33000001311302185,0.33000001311302185,821000.0
2024-10-04,CGD.BK,0.33000001311302185,0.33000001311302185,0.33000001311302185,0.33000001311302185,0.33000001311302185,0.0
2024-10-07,CGD.BK,0.33000001311302185,0.3400000035762787,0.33000001311302185,0.33000001311302185,0.33000001311302185,8570400.0
2024-10-08,CGD.BK,0.33000001311302185,0.3400000035762787,0.33000001311302185,0.33000001311302185,0.33000001311302185,994900.0
2024-10-09,CGD.BK,0.33000001311302185,0.3400000035762787,0.33000001311302185,0.33000001311302185,0.33000001311302185,2142700.0
2024-10-10,CGD.BK,0.3400000035762787,0.3400000035762787,0.33000001311302185,0.3400000035762787,0.3400000035762787,2992200.0
2024-10-11,CGD.BK,0.33000001311302185,0.3400000035762787,0.33000001311302185,0.33000001311302185,0.33000001311302185,2743200.0
2024-10-15,CGD.BK,0.3400000035762787,0.3400000035762787,0.3199999928474426,0.33000001311302185,0.33000001311302185,1955800.0
2024-10-16,CGD.BK,0.33000001311302185,0.33000001311302185,0.33000001311302185,0.33000001311302185,0.33000001311302185,0.0
2024-10-17,CGD.BK,0.3400000035762787,0.3400000035762787,0.3100000023841858,0.33000001311302185,0.33000001311302185,26877600.0
2024-10-18,CGD.BK,0.33000001311302185,0.3400000035762787,0.3199999928474426,0.3400000035762787,0.3400000035762787,6093700.0
2024-10-21,CGD.BK,0.33000001311302185,0.33000001311302185,0.3199999928474426,0.3199999928474426,0.3199999928474426,28121400.0
2024-10-22,CGD.BK,0.3199999928474426,0.3199999928474426,0.3199999928474426,0.3199999928474426,0.3199999928474426,0.0
2024-10-24,CGD.BK,0.3199999928474426,0.3499999940395355,0.3199999928474426,0.33000001311302185,0.33000001311302185,16633700.0
2024-10-25,CGD.BK,0.33000001311302185,0.33000001311302185,0.33000001311302185,0.33000001311302185,0.33000001311302185,0.0
2024-10-28,CGD.BK,0.33000001311302185,0.3499999940395355,0.33000001311302185,0.3400000035762787,0.3400000035762787,14689400.0
2024-10-29,CGD.BK,0.3400000035762787,0.3400000035762787,0.3400000035762787,0.3400000035762787,0.3400000035762787,0.0
2024-10-30,CGD.BK,0.3400000035762787,0.3400000035762787,0.33000001311302185,0.33000001311302185,0.33000001311302185,15489300.0
2024-10-31,CGD.BK,0.33000001311302185,0.3400000035762787,0.33000001311302185,0.3400000035762787,0.3400000035762787,500100.0
2024-11-01,CGD.BK,0.3400000035762787,0.3400000035762787,0.33000001311302185,0.33000001311302185,0.33000001311302185,339900.0
2024-11-04,CGD.BK,0.33000001311302185,0.3499999940395355,0.33000001311302185,0.33000001311302185,0.33000001311302185,11039300.0
2024-11-05,CGD.BK,0.33000001311302185,0.3400000035762787,0.33000001311302185,0.3400000035762787,0.3400000035762787,16805400.0
2024-11-06,CGD.BK,0.33000001311302185,0.3400000035762787,0.33000001311302185,0.33000001311302185,0.33000001311302185,864600.0
2024-11-07,CGD.BK,0.3400000035762787,0.3400000035762787,0.33000001311302185,0.3400000035762787,0.3400000035762787,10626200.0
2024-11-08,CGD.BK,0.3400000035762787,0.3400000035762787,0.33000001311302185,0.3400000035762787,0.3400000035762787,10731800.0
2024-11-11,CGD.BK,0.3400000035762787,0.3400000035762787,0.33000001311302185,0.3400000035762787,0.3400000035762787,941700.0
2024-11-12,CGD.BK,0.3400000035762787,0.3400000035762787,0.33000001311302185,0.33000001311302185,0.33000001311302185,273500.0
2024-11-13,CGD.BK,0.33000001311302185,0.33000001311302185,0.3199999928474426,0.3199999928474426,0.3199999928474426,3293700.0
2024-11-14,CGD.BK,0.3199999928474426,0.33000001311302185,0.3199999928474426,0.3199999928474426,0.3199999928474426,471600.0
2024-11-15,CGD.BK,0.3199999928474426,0.33000001311302185,0.3199999928474426,0.3199999928474426,0.3199999928474426,1579800.0
2024-11-18,CGD.BK,0.33000001311302185,0.3400000035762787,0.3199999928474426,0.3400000035762787,0.3400000035762787,6024000.0
2024-11-19,CGD.BK,0.33000001311302185,0.33000001311302185,0.33000001311302185,0.33000001311302185,0.33000001311302185,812200.0
2024-11-20,CGD.BK,0.33000001311302185,0.33000001311302185,0.33000001311302185,0.33000001311302185,0.33000001311302185,1284400.0
2024-11-21,CGD.BK,0.33000001311302185,0.3400000035762787,0.33000001311302185,0.33000001311302185,0.33000001311302185,473400.0
2024-11-22,CGD.BK,0.33000001311302185,0.3400000035762787,0.33000001311302185,0.33000001311302185,0.33000001311302185,1562000.0
2024-11-25,CGD.BK,0.33000001311302185,0.3400000035762787,0.33000001311302185,0.3400000035762787,0.3400000035762787,3396200.0
2024-11-26,CGD.BK,0.33000001311302185,0.33000001311302185,0.3199999928474426,0.33000001311302185,0.33000001311302185,2929200.0
2024-11-27,CGD.BK,0.33000001311302185,0.33000001311302185,0.3199999928474426,0.33000001311302185,0.33000001311302185,168100.0
2024-11-28,CGD.BK,0.33000001311302185,0.3400000035762787,0.33000001311302185,0.3400000035762787,0.3400000035762787,11182300.0
2024-11-29,CGD.BK,0.3400000035762787,0.3400000035762787,0.33000001311302185,0.3400000035762787,0.3400000035762787,159700.0
2024-12-02,CGD.BK,0.3199999928474426,0.33000001311302185,0.3199999928474426,0.33000001311302185,0.33000001311302185,4228500.0
2024-12-03,CGD.BK,0.33000001311302185,0.33000001311302185,0.3199999928474426,0.3199999928474426,0.3199999928474426,6969400.0
2024-12-04,CGD.BK,0.3199999928474426,0.3199999928474426,0.3100000023841858,0.3100000023841858,0.3100000023841858,2972700.0
2024-12-06,CGD.BK,0.3100000023841858,0.33000001311302185,0.3100000023841858,0.33000001311302185,0.33000001311302185,12460600.0
2024-12-09,CGD.BK,0.33000001311302185,0.3400000035762787,0.33000001311302185,0.3400000035762787,0.3400000035762787,10523300.0
2024-12-11,CGD.BK,0.33000001311302185,0.3400000035762787,0.3199999928474426,0.33000001311302185,0.33000001311302185,8954600.0
2024-12-12,CGD.BK,0.33000001311302185,0.3400000035762787,0.33000001311302185,0.33000001311302185,0.33000001311302185,13269800.0
2024-12-13,CGD.BK,0.33000001311302185,0.3400000035762787,0.33000001311302185,0.33000001311302185,0.33000001311302185,13079600.0
2024-12-16,CGD.BK,0.33000001311302185,0.33000001311302185,0.3199999928474426,0.33000001311302185,0.33000001311302185,2336500.0
2024-12-17,CGD.BK,0.33000001311302185,0.3400000035762787,0.3199999928474426,0.3400000035762787,0.3400000035762787,8045800.0
2024-12-18,CGD.BK,0.3400000035762787,0.3400000035762787,0.33000001311302185,0.33000001311302185,0.33000001311302185,1914900.0
2024-12-19,CGD.BK,0.3199999928474426,0.33000001311302185,0.3199999928474426,0.33000001311302185,0.33000001311302185,5419400.0
2024-12-20,CGD.BK,0.3199999928474426,0.33000001311302185,0.3100000023841858,0.33000001311302185,0.33000001311302185,4594400.0
2024-12-23,CGD.BK,0.33000001311302185,0.33000001311302185,0.25999999046325684,0.3199999928474426,0.3199999928474426,44426100.0
2024-12-24,CGD.BK,0.3199999928474426,0.3400000035762787,0.3199999928474426,0.3400000035762787,0.3400000035762787,7404700.0
2024-12-25,CGD.BK,0.3400000035762787,0.3400000035762787,0.33000001311302185,0.3400000035762787,0.3400000035762787,2896000.0
2024-12-26,CGD.BK,0.3400000035762787,0.3400000035762787,0.33000001311302185,0.33000001311302185,0.33000001311302185,708800.0
2024-12-27,CGD.BK,0.33000001311302185,0.3400000035762787,0.33000001311302185,0.33000001311302185,0.33000001311302185,1690800.0
2024-12-30,CGD.BK,0.33000001311302185,0.3400000035762787,0.33000001311302185,0.33000001311302185,0.33000001311302185,273300.0
2025-01-02,CGD.BK,0.33000001311302185,0.33000001311302185,0.3199999928474426,0.33000001311302185,0.33000001311302185,9318700.0
2025-01-03,CGD.BK,0.33000001311302185,0.3400000035762787,0.3199999928474426,0.3400000035762787,0.3400000035762787,15526600.0
2025-01-06,CGD.BK,0.33000001311302185,0.33000001311302185,0.3199999928474426,0.33000001311302185,0.33000001311302185,706000.0
2025-01-07,CGD.BK,0.3199999928474426,0.33000001311302185,0.3199999928474426,0.3199999928474426,0.3199999928474426,441600.0
2025-01-08,CGD.BK,0.33000001311302185,0.33000001311302185,0.3199999928474426,0.33000001311302185,0.33000001311302185,210500.0
2025-01-09,CGD.BK,0.3199999928474426,0.3199999928474426,0.3100000023841858,0.3100000023841858,0.3100000023841858,1791500.0
2025-01-10,CGD.BK,0.3100000023841858,0.3199999928474426,0.3100000023841858,0.3100000023841858,0.3100000023841858,1380200.0
2025-01-13,CGD.BK,0.3100000023841858,0.3199999928474426,0.2800000011920929,0.2800000011920929,0.2800000011920929,6452300.0
2025-01-14,CGD.BK,0.2800000011920929,0.30000001192092896,0.2800000011920929,0.2800000011920929,0.2800000011920929,2619700.0
2025-01-15,CGD.BK,0.2800000011920929,0.28999999165534973,0.27000001072883606,0.28999999165534973,0.28999999165534973,1550400.0
2025-01-16,CGD.BK,0.3100000023841858,0.3199999928474426,0.28999999165534973,0.28999999165534973,0.28999999165534973,11813600.0
2025-01-17,CGD.BK,0.28999999165534973,0.28999999165534973,0.2800000011920929,0.28999999165534973,0.28999999165534973,2979000.0
2025-01-20,CGD.BK,0.28999999165534973,0.28999999165534973,0.2800000011920929,0.28999999165534973,0.28999999165534973,319600.0
2025-01-21,CGD.BK,0.28999999165534973,0.30000001192092896,0.2800000011920929,0.28999999165534973,0.28999999165534973,929500.0
2025-01-22,CGD.BK,0.28999999165534973,0.30000001192092896,0.2800000011920929,0.28999999165534973,0.28999999165534973,210900.0
2025-01-23,CGD.BK,0.30000001192092896,0.30000001192092896,0.2800000011920929,0.28999999165534973,0.28999999165534973,4200.0
2025-01-24,CGD.BK,0.28999999165534973,0.3100000023841858,0.28999999165534973,0.30000001192092896,0.30000001192092896,18288100.0
2025-01-27,CGD.BK,0.28999999165534973,0.30000001192092896,0.28999999165534973,0.28999999165534973,0.28999999165534973,56700.0
2025-01-28,CGD.BK,0.30000001192092896,0.30000001192092896,0.28999999165534973,0.28999999165534973,0.28999999165534973,9680700.0
2025-01-29,CGD.BK,0.30000001192092896,0.30000001192092896,0.2800000011920929,0.2800000011920929,0.2800000011920929,1972400.0
2025-01-30,CGD.BK,0.2800000011920929,0.28999999165534973,0.2800000011920929,0.2800000011920929,0.2800000011920929,1934800.0
2025-01-31,CGD.BK,0.28999999165534973,0.28999999165534973,0.2800000011920929,0.28999999165534973,0.28999999165534973,1272600.0
2025-02-03,CGD.BK,0.2800000011920929,0.2800000011920929,0.25999999046325684,0.27000001072883606,0.27000001072883606,1284400.0
2025-02-04,CGD.BK,0.27000001072883606,0.2800000011920929,0.27000001072883606,0.27000001072883606,0.27000001072883606,559800.0
2025-02-05,CGD.BK,0.25999999046325684,0.27000001072883606,0.25999999046325684,0.25999999046325684,0.25999999046325684,1306200.0
2025-02-06,CGD.BK,0.25999999046325684,0.27000001072883606,0.23999999463558197,0.27000001072883606,0.27000001072883606,4393300.0
2025-02-07,CGD.BK,0.25,0.27000001072883606,0.23999999463558197,0.27000001072883606,0.27000001072883606,3835100.0
2025-02-10,CGD.BK,0.27000001072883606,0.27000001072883606,0.25999999046325684,0.27000001072883606,0.27000001072883606,1676500.0
2025-02-11,CGD.BK,0.25999999046325684,0.25999999046325684,0.25999999046325684,0.25999999046325684,0.25999999046325684,1303300.0
2025-02-13,CGD.BK,0.25999999046325684,0.27000001072883606,0.25999999046325684,0.25999999046325684,0.25999999046325684,1190600.0
2025-02-14,CGD.BK,0.25999999046325684,0.25999999046325684,0.23999999463558197,0.25,0.25,5424500.0
2025-02-17,CGD.BK,0.25999999046325684,0.25999999046325684,0.23999999463558197,0.25999999046325684,0.25999999046325684,6190200.0
2025-02-18,CGD.BK,0.25999999046325684,0.2800000011920929,0.25,0.2800000011920929,0.2800000011920929,1595300.0
2025-02-19,CGD.BK,0.2800000011920929,0.2800000011920929,0.25999999046325684,0.27000001072883606,0.27000001072883606,1257800.0
2025-02-20,CGD.BK,0.27000001072883606,0.28999999165534973,0.25999999046325684,0.28999999165534973,0.28999999165534973,2992400.0
2025-02-21,CGD.BK,0.28999999165534973,0.28999999165534973,0.25999999046325684,0.25999999046325684,0.25999999046325684,694600.0
2025-02-24,CGD.BK,0.25999999046325684,0.2800000011920929,0.25999999046325684,0.25999999046325684,0.25999999046325684,326500.0
2025-02-25,CGD.BK,0.27000001072883606,0.27000001072883606,0.25,0.25,0.25,1798300.0
2025-02-26,CGD.BK,0.25999999046325684,0.25999999046325684,0.25,0.25,0.25,822000.0
2025-02-27,CGD.BK,0.25,0.25,0.23999999463558197,0.25,0.25,648700.0
2025-02-28,CGD.BK,0.25,0.25999999046325684,0.23999999463558197,0.25999999046325684,0.25999999046325684,795500.0
2025-03-03,CGD.BK,0.25999999046325684,0.25999999046325684,0.23999999463558197,0.25999999046325684,0.25999999046325684,2170600.0
2025-03-04,CGD.BK,0.25999999046325684,0.25999999046325684,0.25,0.25999999046325684,0.25999999046325684,8217300.0
2025-03-05,CGD.BK,0.25999999046325684,0.28999999165534973,0.25,0.28999999165534973,0.28999999165534973,7655500.0
2025-03-06,CGD.BK,0.2800000011920929,0.28999999165534973,0.25999999046325684,0.27000001072883606,0.27000001072883606,695300.0
2025-03-07,CGD.BK,0.27000001072883606,0.27000001072883606,0.25999999046325684,0.27000001072883606,0.27000001072883606,224800.0
2025-03-10,CGD.BK,0.27000001072883606,0.2800000011920929,0.25999999046325684,0.27000001072883606,0.27000001072883606,74200.0
2025-03-11,CGD.BK,0.25999999046325684,0.25999999046325684,0.25,0.25,0.25,1883000.0
2025-03-12,CGD.BK,0.25,0.25999999046325684,0.25,0.25999999046325684,0.25999999046325684,86400.0
2025-03-13,CGD.BK,0.25,0.25999999046325684,0.25,0.25999999046325684,0.25999999046325684,51600.0
2025-03-14,CGD.BK,0.25,0.27000001072883606,0.25,0.27000001072883606,0.27000001072883606,475800.0
2025-03-17,CGD.BK,0.27000001072883606,0.27000001072883606,0.25999999046325684,0.25999999046325684,0.25999999046325684,1858400.0
2025-03-18,CGD.BK,0.25999999046325684,0.27000001072883606,0.25,0.27000001072883606,0.27000001072883606,2836500.0
2025-03-19,CGD.BK,0.27000001072883606,0.2800000011920929,0.25999999046325684,0.27000001072883606,0.27000001072883606,7605300.0
2025-03-20,CGD.BK,0.2800000011920929,0.28999999165534973,0.25999999046325684,0.28999999165534973,0.28999999165534973,7725100.0
2025-03-21,CGD.BK,0.28999999165534973,0.28999999165534973,0.25,0.25,0.25,9731200.0
2025-03-24,CGD.BK,0.25,0.25999999046325684,0.25,0.25999999046325684,0.25999999046325684,2934800.0
2025-03-25,CGD.BK,0.25,0.25999999046325684,0.25,0.25,0.25,205500.0
2025-03-26,CGD.BK,0.25,0.25999999046325684,0.25,0.25,0.25,1860200.0
2025-03-27,CGD.BK,0.25,0.25,0.23000000417232513,0.23000000417232513,0.23000000417232513,3403200.0
2025-03-28,CGD.BK,0.23000000417232513,0.23999999463558197,0.23000000417232513,0.23999999463558197,0.23999999463558197,144600.0
2025-03-31,CGD.BK,0.23999999463558197,0.23999999463558197,0.2199999988079071,0.23000000417232513,0.23000000417232513,969500.0
2025-04-01,CGD.BK,0.2199999988079071,0.23000000417232513,0.20999999344348907,0.20999999344348907,0.20999999344348907,2551400.0
2025-04-02,CGD.BK,0.20999999344348907,0.23999999463558197,0.20999999344348907,0.2199999988079071,0.2199999988079071,2864100.0
2025-04-03,CGD.BK,0.23000000417232513,0.23000000417232513,0.20999999344348907,0.20999999344348907,0.20999999344348907,2353400.0
2025-04-04,CGD.BK,0.20999999344348907,0.20999999344348907,0.18000000715255737,0.20000000298023224,0.20000000298023224,8047500.0
2025-04-08,CGD.BK,0.1899999976158142,0.1899999976158142,0.17000000178813934,0.1899999976158142,0.1899999976158142,9500500.0
2025-04-09,CGD.BK,0.1899999976158142,0.1899999976158142,0.18000000715255737,0.1899999976158142,0.1899999976158142,1737600.0
2025-04-10,CGD.BK,0.1899999976158142,0.20000000298023224,0.1899999976158142,0.20000000298023224,0.20000000298023224,27300.0
2025-04-11,CGD.BK,0.20000000298023224,0.2199999988079071,0.1899999976158142,0.2199999988079071,0.2199999988079071,1880800.0
2025-04-16,CGD.BK,0.20999999344348907,0.2199999988079071,0.20999999344348907,0.2199999988079071,0.2199999988079071,32000.0
2025-04-17,CGD.BK,0.2199999988079071,0.2199999988079071,0.20999999344348907,0.2199999988079071,0.2199999988079071,120600.0
2025-04-18,CGD.BK,0.20999999344348907,0.2199999988079071,0.18000000715255737,0.1899999976158142,0.1899999976158142,9813800.0
2025-04-21,CGD.BK,0.20000000298023224,0.20000000298023224,0.1899999976158142,0.20000000298023224,0.20000000298023224,1585300.0
2025-04-22,CGD.BK,0.1899999976158142,0.20000000298023224,0.1899999976158142,0.20000000298023224,0.20000000298023224,331200.0
2025-04-23,CGD.BK,0.20000000298023224,0.20000000298023224,0.1899999976158142,0.1899999976158142,0.1899999976158142,405800.0
2025-04-24,CGD.BK,0.1899999976158142,0.20000000298023224,0.1899999976158142,0.20000000298023224,0.20000000298023224,194400.0
2025-04-25,CGD.BK,0.20000000298023224,0.20000000298023224,0.1899999976158142,0.1899999976158142,0.1899999976158142,294600.0
2025-04-28,CGD.BK,0.1899999976158142,0.20000000298023224,0.1899999976158142,0.1899999976158142,0.1899999976158142,379600.0
2025-04-29,CGD.BK,0.1899999976158142,0.20999999344348907,0.1899999976158142,0.20999999344348907,0.20999999344348907,203000.0
2025-04-30,CGD.BK,0.20000000298023224,0.20999999344348907,0.1899999976158142,0.20000000298023224,0.20000000298023224,582800.0
2025-05-02,CGD.BK,0.20000000298023224,0.20000000298023224,0.1899999976158142,0.1899999976158142,0.1899999976158142,862900.0
2025-05-06,CGD.BK,0.1899999976158142,0.20000000298023224,0.1899999976158142,0.1899999976158142,0.1899999976158142,182000.0
2025-05-07,CGD.BK,0.20000000298023224,0.20000000298023224,0.18000000715255737,0.1899999976158142,0.1899999976158142,2457500.0
2025-05-08,CGD.BK,0.1899999976158142,0.1899999976158142,0.1599999964237213,0.17000000178813934,0.17000000178813934,14237300.0
2025-05-09,CGD.BK,0.18000000715255737,0.18000000715255737,0.1599999964237213,0.1599999964237213,0.1599999964237213,7585200.0
2025-05-13,CGD.BK,0.15000000596046448,0.17000000178813934,0.14000000059604645,0.1599999964237213,0.1599999964237213,12643500.0
2025-05-14,CGD.BK,0.1599999964237213,0.1599999964237213,0.15000000596046448,0.1599999964237213,0.1599999964237213,3766900.0
2025-05-15,CGD.BK,0.1599999964237213,0.17000000178813934,0.15000000596046448,0.1599999964237213,0.1599999964237213,2312600.0
2025-05-16,CGD.BK,0.1599999964237213,0.1599999964237213,0.15000000596046448,0.1599999964237213,0.1599999964237213,1010500.0
2025-05-19,CGD.BK,0.15000000596046448,0.1599999964237213,0.15000000596046448,0.1599999964237213,0.1599999964237213,124200.0
2025-05-20,CGD.BK,0.15000000596046448,0.1599999964237213,0.15000000596046448,0.1599999964237213,0.1599999964237213,233100.0
2025-05-21,CGD.BK,0.1599999964237213,0.1599999964237213,0.15000000596046448,0.1599999964237213,0.1599999964237213,289200.0
2025-05-22,CGD.BK,0.1599999964237213,0.1599999964237213,0.15000000596046448,0.1599999964237213,0.1599999964237213,21879600.0
2025-05-23,CGD.BK,0.1599999964237213,0.1599999964237213,0.15000000596046448,0.1599999964237213,0.1599999964237213,255600.0
2025-05-26,CGD.BK,0.15000000596046448,0.1599999964237213,0.15000000596046448,0.1599999964237213,0.1599999964237213,281400.0
2025-05-27,CGD.BK,0.15000000596046448,0.1599999964237213,0.15000000596046448,0.1599999964237213,0.1599999964237213,69400.0
2025-05-28,CGD.BK,0.15000000596046448,0.1599999964237213,0.15000000596046448,0.1599999964237213,0.1599999964237213,2603800.0
2025-05-29,CGD.BK,0.1599999964237213,0.1599999964237213,0.1599999964237213,0.1599999964237213,0.1599999964237213,113400.0
2025-05-30,CGD.BK,0.15000000596046448,0.1599999964237213,0.15000000596046448,0.1599999964237213,0.1599999964237213,8200.0
2025-06-04,CGD.BK,0.15000000596046448,0.17000000178813934,0.15000000596046448,0.1599999964237213,0.1599999964237213,167900.0
2025-06-05,CGD.BK,0.15000000596046448,0.1599999964237213,0.14000000059604645,0.14000000059604645,0.14000000059604645,2585000.0
2025-06-06,CGD.BK,0.15000000596046448,0.15000000596046448,0.14000000059604645,0.14000000059604645,0.14000000059604645,1000900.0
2025-06-09,CGD.BK,0.14000000059604645,0.15000000596046448,0.14000000059604645,0.15000000596046448,0.15000000596046448,1343800.0
2025-06-10,CGD.BK,0.14000000059604645,0.15000000596046448,0.14000000059604645,0.14000000059604645,0.14000000059604645,2192200.0
2025-06-11,CGD.BK,0.15000000596046448,0.15000000596046448,0.14000000059604645,0.14000000059604645,0.14000000059604645,1823200.0
2025-06-12,CGD.BK,0.14000000059604645,0.15000000596046448,0.12999999523162842,0.14000000059604645,0.14000000059604645,2414800.0
2025-06-13,CGD.BK,0.14000000059604645,0.14000000059604645,0.12999999523162842,0.12999999523162842,0.12999999523162842,467500.0
2025-06-16,CGD.BK,0.12999999523162842,0.14000000059604645,0.12999999523162842,0.14000000059604645,0.14000000059604645,199800.0
2025-06-17,CGD.BK,0.12999999523162842,0.14000000059604645,0.12999999523162842,0.14000000059604645,0.14000000059604645,227000.0
2025-06-18,CGD.BK,0.12999999523162842,0.14000000059604645,0.12999999523162842,0.14000000059604645,0.14000000059604645,114800.0
2025-06-19,CGD.BK,0.12999999523162842,0.14000000059604645,0.12999999523162842,0.12999999523162842,0.12999999523162842,652000.0
2025-06-20,CGD.BK,0.12999999523162842,0.14000000059604645,0.11999999731779099,0.12999999523162842,0.12999999523162842,624900.0
2025-06-23,CGD.BK,0.12999999523162842,0.12999999523162842,0.11999999731779099,0.12999999523162842,0.12999999523162842,505100.0
2025-06-24,CGD.BK,0.12999999523162842,0.14000000059604645,0.12999999523162842,0.14000000059604645,0.14000000059604645,847600.0
2025-06-25,CGD.BK,0.12999999523162842,0.14000000059604645,0.12999999523162842,0.12999999523162842,0.12999999523162842,1657100.0
2025-06-26,CGD.BK,0.12999999523162842,0.14000000059604645,0.11999999731779099,0.12999999523162842,0.12999999523162842,1244200.0
2025-06-27,CGD.BK,0.12999999523162842,0.14000000059604645,0.11999999731779099,0.12999999523162842,0.12999999523162842,1841500.0
2025-06-30,CGD.BK,0.12999999523162842,0.14000000059604645,0.12999999523162842,0.14000000059604645,0.14000000059604645,807200.0
2025-07-01,CGD.BK,0.14000000059604645,0.15000000596046448,0.12999999523162842,0.15000000596046448,0.15000000596046448,1561100.0
2025-07-02,CGD.BK,0.14000000059604645,0.15000000596046448,0.12999999523162842,0.12999999523162842,0.12999999523162842,520100.0
2025-07-03,CGD.BK,0.14000000059604645,0.14000000059604645,0.11999999731779099,0.12999999523162842,0.12999999523162842,4111700.0
2025-07-04,CGD.BK,0.12999999523162842,0.14000000059604645,0.11999999731779099,0.14000000059604645,0.14000000059604645,449800.0
2025-07-07,CGD.BK,0.12999999523162842,0.14000000059604645,0.12999999523162842,0.12999999523162842,0.12999999523162842,88800.0
2025-07-08,CGD.BK,0.12999999523162842,0.14000000059604645,0.11999999731779099,0.12999999523162842,0.12999999523162842,2964700.0
2025-07-09,CGD.BK,0.12999999523162842,0.14000000059604645,0.11999999731779099,0.12999999523162842,0.12999999523162842,3688300.0
2025-07-11,CGD.BK,0.12999999523162842,0.14000000059604645,0.11999999731779099,0.14000000059604645,0.14000000059604645,111200.0
2025-07-14,CGD.BK,0.14000000059604645,0.14000000059604645,0.12999999523162842,0.14000000059604645,0.14000000059604645,222600.0
2025-07-15,CGD.BK,0.12999999523162842,0.14000000059604645,0.12999999523162842,0.12999999523162842,0.12999999523162842,1244000.0
2025-07-16,CGD.BK,0.14000000059604645,0.14000000059604645,0.11999999731779099,0.14000000059604645,0.14000000059604645,2656800.0
2025-07-17,CGD.BK,0.14000000059604645,0.14000000059604645,0.11999999731779099,0.12999999523162842,0.12999999523162842,2770900.0
2025-07-18,CGD.BK,0.12999999523162842,0.12999999523162842,0.11999999731779099,0.12999999523162842,0.12999999523162842,258600.0
2025-07-21,CGD.BK,0.11999999731779099,0.12999999523162842,0.11999999731779099,0.12999999523162842,0.12999999523162842,1018000.0
2025-07-22,CGD.BK,0.11999999731779099,0.12999999523162842,0.11999999731779099,0.11999999731779099,0.11999999731779099,2156700.0
2025-07-23,CGD.BK,0.11999999731779099,0.12999999523162842,0.10999999940395355,0.12999999523162842,0.12999999523162842,1981200.0
2025-07-24,CGD.BK,0.12999999523162842,0.12999999523162842,0.11999999731779099,0.12999999523162842,0.12999999523162842,33600.0
2025-07-25,CGD.BK,0.12999999523162842,0.12999999523162842,0.11999999731779099,0.11999999731779099,0.11999999731779099,238500.0
2025-07-29,CGD.BK,0.11999999731779099,0.12999999523162842,0.10999999940395355,0.11999999731779099,0.11999999731779099,818300.0
2025-07-30,CGD.BK,0.11999999731779099,0.12999999523162842,0.10999999940395355,0.11999999731779099,0.11999999731779099,530300.0
2025-07-31,CGD.BK,0.12999999523162842,0.12999999523162842,0.10999999940395355,0.11999999731779099,0.11999999731779099,1030700.0
2025-08-01,CGD.BK,0.11999999731779099,0.12999999523162842,0.10999999940395355,0.12999999523162842,0.12999999523162842,4773800.0
2025-08-04,CGD.BK,0.11999999731779099,0.12999999523162842,0.11999999731779099,0.11999999731779099,0.11999999731779099,2666300.0
2025-08-05,CGD.BK,0.12999999523162842,0.12999999523162842,0.11999999731779099,0.11999999731779099,0.11999999731779099,1763200.0
2025-08-06,CGD.BK,0.12999999523162842,0.12999999523162842,0.11999999731779099,0.12999999523162842,0.12999999523162842,331800.0
2025-08-07,CGD.BK,0.11999999731779099,0.12999999523162842,0.11999999731779099,0.12999999523162842,0.12999999523162842,1377500.0
2025-08-08,CGD.BK,0.12999999523162842,0.12999999523162842,0.11999999731779099,0.11999999731779099,0.11999999731779099,2778900.0
2025-08-13,CGD.BK,0.12999999523162842,0.12999999523162842,0.10999999940395355,0.12999999523162842,0.12999999523162842,3171800.0
2025-08-14,CGD.BK,0.11999999731779099,0.12999999523162842,0.10999999940395355,0.11999999731779099,0.11999999731779099,981100.0
2025-08-15,CGD.BK,0.11999999731779099,0.11999999731779099,0.10999999940395355,0.11999999731779099,0.11999999731779099,1284300.0
2025-08-18,CGD.BK,0.12999999523162842,0.12999999523162842,0.10999999940395355,0.11999999731779099,0.11999999731779099,3792200.0
2025-08-19,CGD.BK,0.10999999940395355,0.11999999731779099,0.10999999940395355,0.11999999731779099,0.11999999731779099,3241100.0
2025-08-20,CGD.BK,0.10999999940395355,0.12999999523162842,0.10999999940395355,0.12999999523162842,0.12999999523162842,1626400.0
2025-08-21,CGD.BK,0.12999999523162842,0.12999999523162842,0.11999999731779099,0.11999999731779099,0.11999999731779099,659200.0
2025-08-22,CGD.BK,0.11999999731779099,0.12999999523162842,0.11999999731779099,0.12999999523162842,0.12999999523162842,187500.0
2025-08-25,CGD.BK,0.12999999523162842,0.12999999523162842,0.10999999940395355,0.11999999731779099,0.11999999731779099,4964900.0
2025-08-26,CGD.BK,0.11999999731779099,0.12999999523162842,0.10999999940395355,0.11999999731779099,0.11999999731779099,1260800.0
2025-08-27,CGD.BK,0.11999999731779099,0.12999999523162842,0.10999999940395355,0.12999999523162842,0.12999999523162842,1322500.0
2025-08-28,CGD.BK,0.11999999731779099,0.12999999523162842,0.11999999731779099,0.11999999731779099,0.11999999731779099,649400.0
2025-08-29,CGD.BK,0.11999999731779099,0.12999999523162842,0.10999999940395355,0.11999999731779099,0.11999999731779099,793300.0
2025-09-01,CGD.BK,0.10999999940395355,0.12999999523162842,0.10999999940395355,0.12999999523162842,0.12999999523162842,843700.0
2025-09-02,CGD.BK,0.12999999523162842,0.12999999523162842,0.10999999940395355,0.12999999523162842,0.12999999523162842,2309800.0
2025-09-03,CGD.BK,0.12999999523162842,0.12999999523162842,0.11999999731779099,0.11999999731779099,0.11999999731779099,1193100.0
2025-09-04,CGD.BK,0.11999999731779099,0.12999999523162842,0.10999999940395355,0.11999999731779099,0.11999999731779099,3436400.0
2025-09-05,CGD.BK,0.11999999731779099,0.12999999523162842,0.10999999940395355,0.11999999731779099,0.11999999731779099,4254600.0
2025-09-08,CGD.BK,0.10999999940395355,0.12999999523162842,0.10999999940395355,0.12999999523162842,0.12999999523162842,4722800.0
2025-09-09,CGD.BK,0.12999999523162842,0.12999999523162842,0.11999999731779099,0.11999999731779099,0.11999999731779099,1393700.0
2025-09-10,CGD.BK,0.11999999731779099,0.12999999523162842,0.11999999731779099,0.11999999731779099,0.11999999731779099,1125700.0
2025-09-11,CGD.BK,0.12999999523162842,0.12999999523162842,0.11999999731779099,0.11999999731779099,0.11999999731779099,3466800.0
2025-09-12,CGD.BK,0.12999999523162842,0.12999999523162842,0.11999999731779099,0.11999999731779099,0.11999999731779099,2809400.0
2025-09-15,CGD.BK,0.11999999731779099,0.12999999523162842,0.10999999940395355,0.12999999523162842,0.12999999523162842,4564000.0
2025-09-16,CGD.BK,0.12999999523162842,0.12999999523162842,0.11999999731779099,0.12999999523162842,0.12999999523162842,3053000.0
2025-09-17,CGD.BK,0.11999999731779099,0.12999999523162842,0.11999999731779099,0.11999999731779099,0.11999999731779099,6060300.0
2025-09-18,CGD.BK,0.12999999523162842,0.12999999523162842,0.10999999940395355,0.11999999731779099,0.11999999731779099,5327900.0
2025-09-19,CGD.BK,0.10999999940395355,0.11999999731779099,0.10999999940395355,0.10999999940395355,0.10999999940395355,1621600.0
2025-09-22,CGD.BK,0.11999999731779099,0.11999999731779099,0.10999999940395355,0.11999999731779099,0.11999999731779099,2113100.0
2025-09-23,CGD.BK,0.11999999731779099,0.12999999523162842,0.11999999731779099,0.11999999731779099,0.11999999731779099,3599800.0
2025-09-24,CGD.BK,0.11999999731779099,0.11999999731779099,0.10999999940395355,0.11999999731779099,0.11999999731779099,2135700.0
2025-09-25,CGD.BK,0.11999999731779099,0.12999999523162842,0.11999999731779099,0.11999999731779099,0.11999999731779099,2388900.0
2025-09-26,CGD.BK,0.11999999731779099,0.11999999731779099,0.10999999940395355,0.11999999731779099,0.11999999731779099,1015700.0
2025-09-29,CGD.BK,0.10999999940395355,0.11999999731779099,0.10999999940395355,0.11999999731779099,0.11999999731779099,231700.0
2025-09-30,CGD.BK,0.11999999731779099,0.11999999731779099,0.10999999940395355,0.11999999731779099,0.11999999731779099,2127500.0
2025-10-01,CGD.BK,0.10999999940395355,0.11999999731779099,0.10999999940395355,0.11999999731779099,0.11999999731779099,858000.0
2025-10-02,CGD.BK,0.10999999940395355,0.11999999731779099,0.10999999940395355,0.11999999731779099,0.11999999731779099,166400.0
2025-10-03,CGD.BK,0.10999999940395355,0.11999999731779099,0.10999999940395355,0.10999999940395355,0.10999999940395355,4218700.0
2025-10-06,CGD.BK,0.11999999731779099,0.11999999731779099,0.10000000149011612,0.10999999940395355,0.10999999940395355,2852600.0
2025-10-07,CGD.BK,0.10999999940395355,0.10999999940395355,0.10999999940395355,0.10999999940395355,0.10999999940395355,0.0
2025-10-08,CGD.BK,0.10999999940395355,0.11999999731779099,0.10999999940395355,0.10999999940395355,0.10999999940395355,665100.0
2025-10-09,CGD.BK,0.10999999940395355,0.11999999731779099,0.10999999940395355,0.11999999731779099,0.11999999731779099,463900.0
2025-10-10,CGD.BK,0.10999999940395355,0.11999999731779099,0.10999999940395355,0.11999999731779099,0.11999999731779099,108300.0
2025-10-14,CGD.BK,0.11999999731779099,0.11999999731779099,0.10000000149011612,0.10999999940395355,0.10999999940395355,486800.0
2025-10-15,CGD.BK,0.10999999940395355,0.10999999940395355,0.10000000149011612,0.10999999940395355,0.10999999940395355,1676500.0
2025-10-16,CGD.BK,0.10999999940395355,0.11999999731779099,0.10999999940395355,0.11999999731779099,0.11999999731779099,153100.0
2025-10-17,CGD.BK,0.10999999940395355,0.11999999731779099,0.10000000149011612,0.10999999940395355,0.10999999940395355,697700.0
2025-10-20,CGD.BK,0.11999999731779099,0.11999999731779099,0.10000000149011612,0.10999999940395355,0.10999999940395355,879700.0
2025-10-21,CGD.BK,0.10999999940395355,0.11999999731779099,0.10999999940395355,0.11999999731779099,0.11999999731779099,590300.0
2025-10-22,CGD.BK,0.10999999940395355,0.11999999731779099,0.10999999940395355,0.10999999940395355,0.10999999940395355,19200.0
2025-10-24,CGD.BK,0.10999999940395355,0.11999999731779099,0.10000000149011612,0.11999999731779099,0.11999999731779099,2447200.0
2025-10-27,CGD.BK,0.11999999731779099,0.11999999731779099,0.10000000149011612,0.10999999940395355,0.10999999940395355,353100.0
2025-10-28,CGD.BK,0.10999999940395355,0.11999999731779099,0.10000000149011612,0.10999999940395355,0.10999999940395355,338400.0
2025-10-29,CGD.BK,0.10999999940395355,0.11999999731779099,0.10000000149011612,0.11999999731779099,0.11999999731779099,2123900.0
2025-10-30,CGD.BK,0.10999999940395355,0.10999999940395355,0.10000000149011612,0.10999999940395355,0.10999999940395355,208200.0
2025-10-31,CGD.BK,0.10999999940395355,0.11999999731779099,0.10000000149011612,0.10999999940395355,0.10999999940395355,6532900.0
2025-11-03,CGD.BK,0.10999999940395355,0.11999999731779099,0.10999999940395355,0.11999999731779099,0.11999999731779099,59000.0
2025-11-04,CGD.BK,0.10999999940395355,0.11999999731779099,0.10999999940395355,0.10999999940395355,0.10999999940395355,268000.0
2025-11-05,CGD.BK,0.10999999940395355,0.11999999731779099,0.10999999940395355,0.10999999940395355,0.10999999940395355,729500.0
2025-11-06,CGD.BK,0.10999999940395355,0.11999999731779099,0.10000000149011612,0.10999999940395355,0.10999999940395355,1218600.0
2025-11-07,CGD.BK,0.10999999940395355,0.11999999731779099,0.10000000149011612,0.11999999731779099,0.11999999731779099,929100.0
2025-11-10,CGD.BK,0.10999999940395355,0.11999999731779099,0.10999999940395355,0.11999999731779099,0.11999999731779099,110000.0
2025-11-11,CGD.BK,0.10999999940395355,0.11999999731779099,0.10999999940395355,0.10999999940395355,0.10999999940395355,574700.0
2025-11-12,CGD.BK,0.10999999940395355,0.10999999940395355,0.10000000149011612,0.10999999940395355,0.10999999940395355,517100.0
2025-11-13,CGD.BK,0.10999999940395355,0.11999999731779099,0.10000000149011612,0.11999999731779099,0.11999999731779099,455400.0
2025-11-14,CGD.BK,0.10999999940395355,0.10999999940395355,0.10000000149011612,0.10999999940395355,0.10999999940395355,697000.0
2025-11-17,CGD.BK,0.10000000149011612,0.10999999940395355,0.10000000149011612,0.10999999940395355,0.10999999940395355,1215700.0
2025-11-18,CGD.BK,0.10999999940395355,0.10999999940395355,0.10000000149011612,0.10999999940395355,0.10999999940395355,224300.0
2025-11-19,CGD.BK,0.10999999940395355,0.11999999731779099,0.10000000149011612,0.11999999731779099,0.11999999731779099,4352500.0
2025-11-20,CGD.BK,0.11999999731779099,0.11999999731779099,0.10000000149011612,0.10999999940395355,0.10999999940395355,1024800.0
2025-11-21,CGD.BK,0.10999999940395355,0.10999999940395355,0.10000000149011612,0.10999999940395355,0.10999999940395355,669000.0
2025-11-24,CGD.BK,0.10000000149011612,0.11999999731779099,0.09000000357627869,0.11999999731779099,0.11999999731779099,6910200.0
2025-11-25,CGD.BK,0.10999999940395355,0.10999999940395355,0.10000000149011612,0.10999999940395355,0.10999999940395355,542400.0
2025-11-26,CGD.BK,0.11999999731779099,0.11999999731779099,0.10999999940395355,0.11999999731779099,0.11999999731779099,848400.0
2025-11-27,CGD.BK,0.11999999731779099,0.11999999731779099,0.10999999940395355,0.11999999731779099,0.11999999731779099,120100.0
2025-11-28,CGD.BK,0.10999999940395355,0.11999999731779099,0.10999999940395355,0.10999999940395355,0.10999999940395355,149300.0
2025-12-01,CGD.BK,0.10999999940395355,0.11999999731779099,0.10999999940395355,0.10999999940395355,0.10999999940395355,206000.0
2025-12-02,CGD.BK,0.10999999940395355,0.11999999731779099,0.10000000149011612,0.10999999940395355,0.10999999940395355,530600.0
2025-12-03,CGD.BK,0.11999999731779099,0.11999999731779099,0.10999999940395355,0.11999999731779099,0.11999999731779099,4975300.0
2025-12-04,CGD.BK,0.10999999940395355,0.11999999731779099,0.10999999940395355,0.11999999731779099,0.11999999731779099,2577400.0
2025-12-08,CGD.BK,0.10999999940395355,0.11999999731779099,0.10999999940395355,0.10999999940395355,0.10999999940395355,710800.0
2025-12-09,CGD.BK,0.10999999940395355,0.11999999731779099,0.10000000149011612,0.10999999940395355,0.10999999940395355,389900.0
2025-12-11,CGD.BK,0.10999999940395355,0.10999999940395355,0.10000000149011612,0.10999999940395355,0.10999999940395355,11458500.0
2025-12-12,CGD.BK,0.10999999940395355,0.10999999940395355,0.10000000149011612,0.10999999940395355,0.10999999940395355,9529400.0
2025-12-15,CGD.BK,0.10999999940395355,0.11999999731779099,0.10999999940395355,0.10999999940395355,0.10999999940395355,1213300.0
2025-12-16,CGD.BK,0.10999999940395355,0.11999999731779099,0.10000000149011612,0.10999999940395355,0.10999999940395355,527600.0
2025-12-17,CGD.BK,0.11999999731779099,0.11999999731779099,0.10999999940395355,0.11999999731779099,0.11999999731779099,62600.0
2025-12-18,CGD.BK,0.10999999940395355,0.11999999731779099,0.10000000149011612,0.10999999940395355,0.10999999940395355,675100.0
2025-12-19,CGD.BK,0.11999999731779099,0.11999999731779099,0.10999999940395355,0.10999999940395355,0.10999999940395355,94200.0
2025-12-22,CGD.BK,0.10999999940395355,0.11999999731779099,0.10000000149011612,0.10999999940395355,0.10999999940395355,9410100.0
2025-12-23,CGD.BK,0.10000000149011612,0.10999999940395355,0.10000000149011612,0.10999999940395355,0.10999999940395355,12378000.0
2025-12-24,CGD.BK,0.10999999940395355,0.11999999731779099,0.09000000357627869,0.10000000149011612,0.10000000149011612,19956600.0
2025-12-25,CGD.BK,0.10000000149011612,0.10999999940395355,0.09000000357627869,0.10000000149011612,0.10000000149011612,6751600.0
2025-12-26,CGD.BK,0.10000000149011612,0.10999999940395355,0.09000000357627869,0.10999999940395355,0.10999999940395355,19584400.0
2025-12-29,CGD.BK,0.10000000149011612,0.10999999940395355,0.10000000149011612,0.10000000149011612,0.10000000149011612,800100.0
2025-12-30,CGD.BK,0.10999999940395355,0.10999999940395355,0.10000000149011612,0.10999999940395355,0.10999999940395355,5040000.0
2026-01-05,CGD.BK,0.10000000149011612,0.10999999940395355,0.10000000149011612,0.10000000149011612,0.10000000149011612,366400.0
2026-01-06,CGD.BK,0.10999999940395355,0.10999999940395355,0.10000000149011612,0.10000000149011612,0.10000000149011612,1164600.0
2026-01-07,CGD.BK,0.10999999940395355,0.10999999940395355,0.10000000149011612,0.10999999940395355,0.10999999940395355,1624400.0
2026-01-08,CGD.BK,0.10000000149011612,0.10999999940395355,0.10000000149011612,0.10000000149011612,0.10000000149011612,173400.0
2026-01-09,CGD.BK,0.10000000149011612,0.10999999940395355,0.10000000149011612,0.10999999940395355,0.10999999940395355,2374900.0
2026-01-12,CGD.BK,0.10000000149011612,0.10999999940395355,0.10000000149011612,0.10000000149011612,0.10000000149011612,1034600.0
2026-01-13,CGD.BK,0.10000000149011612,0.10999999940395355,0.10000000149011612,0.10000000149011612,0.10000000149011612,1011400.0
2026-01-14,CGD.BK,0.10000000149011612,0.10000000149011612,0.09000000357627869,0.09000000357627869,0.09000000357627869,3099400.0
2026-01-15,CGD.BK,0.10000000149011612,0.11999999731779099,0.10000000149011612,0.11999999731779099,0.11999999731779099,11598900.0
2026-01-16,CGD.BK,0.10999999940395355,0.11999999731779099,0.10999999940395355,0.10999999940395355,0.10999999940395355,4385900.0
2026-01-19,CGD.BK,0.10999999940395355,0.11999999731779099,0.10999999940395355,0.10999999940395355,0.10999999940395355,1561200.0
2026-01-20,CGD.BK,0.10999999940395355,0.11999999731779099,0.10999999940395355,0.11999999731779099,0.11999999731779099,693400.0
2026-01-21,CGD.BK,0.10999999940395355,0.11999999731779099,0.10999999940395355,0.10999999940395355,0.10999999940395355,4933700.0
2026-01-22,CGD.BK,0.10999999940395355,0.11999999731779099,0.10999999940395355,0.10999999940395355,0.10999999940395355,2685300.0
2026-01-23,CGD.BK,0.11999999731779099,0.11999999731779099,0.10999999940395355,0.11999999731779099,0.11999999731779099,310200.0
2026-01-26,CGD.BK,0.10999999940395355,0.11999999731779099,0.10999999940395355,0.10999999940395355,0.10999999940395355,1673100.0
2026-01-27,CGD.BK,0.10999999940395355,0.11999999731779099,0.10999999940395355,0.10999999940395355,0.10999999940395355,10927300.0
2026-01-28,CGD.BK,0.10999999940395355,0.11999999731779099,0.10999999940395355,0.11999999731779099,0.11999999731779099,88600.0
2026-01-29,CGD.BK,0.11999999731779099,0.11999999731779099,0.10999999940395355,0.10999999940395355,0.10999999940395355,603700.0
2026-01-30,CGD.BK,0.10999999940395355,0.11999999731779099,0.10999999940395355,0.10999999940395355,0.10999999940395355,2078800.0
2026-02-02,CGD.BK,0.10999999940395355,0.11999999731779099,0.10999999940395355,0.10999999940395355,0.10999999940395355,2682700.0
2026-02-03,CGD.BK,0.10999999940395355,0.11999999731779099,0.10999999940395355,0.10999999940395355,0.10999999940395355,244500.0
2026-02-04,CGD.BK,0.11999999731779099,0.11999999731779099,0.10999999940395355,0.10999999940395355,0.10999999940395355,42800.0
2026-02-05,CGD.BK,0.10999999940395355,0.11999999731779099,0.10999999940395355,0.10999999940395355,0.10999999940395355,2967900.0
2026-02-06,CGD.BK,0.10999999940395355,0.11999999731779099,0.10999999940395355,0.11999999731779099,0.11999999731779099,766900.0
2026-02-09,CGD.BK,0.10999999940395355,0.11999999731779099,0.10999999940395355,0.11999999731779099,0.11999999731779099,6100.0
2026-02-10,CGD.BK,0.11999999731779099,0.11999999731779099,0.10999999940395355,0.10999999940395355,0.10999999940395355,887900.0
2026-02-11,CGD.BK,0.10999999940395355,0.11999999731779099,0.10999999940395355,0.11999999731779099,0.11999999731779099,11900.0
2026-02-12,CGD.BK,0.10999999940395355,0.11999999731779099,0.10999999940395355,0.10999999940395355,0.10999999940395355,1992200.0
2026-02-13,CGD.BK,0.10999999940395355,0.11999999731779099,0.10999999940395355,0.10999999940395355,0.10999999940395355,5900.0
2026-02-16,CGD.BK,0.11999999731779099,0.11999999731779099,0.10999999940395355,0.11999999731779099,0.11999999731779099,120500.0
2026-02-17,CGD.BK,0.10999999940395355,0.11999999731779099,0.10999999940395355,0.11999999731779099,0.11999999731779099,130900.0
2026-02-18,CGD.BK,0.11999999731779099,0.11999999731779099,0.10999999940395355,0.11999999731779099,0.11999999731779099,183400.0
2026-02-19,CGD.BK,0.10999999940395355,0.11999999731779099,0.10999999940395355,0.11999999731779099,0.11999999731779099,1127400.0
2026-02-20,CGD.BK,0.11999999731779099,0.11999999731779099,0.10999999940395355,0.10999999940395355,0.10999999940395355,958300.0
2026-02-23,CGD.BK,0.10999999940395355,0.11999999731779099,0.10999999940395355,0.10999999940395355,0.10999999940395355,1712600.0
2026-02-24,CGD.BK,0.10999999940395355,0.11999999731779099,0.10999999940395355,0.10999999940395355,0.10999999940395355,1434600.0
2026-02-25,CGD.BK,0.10999999940395355,0.11999999731779099,0.10999999940395355,0.10999999940395355,0.10999999940395355,3177400.0
2026-02-26,CGD.BK,0.10999999940395355,0.10999999940395355,0.10999999940395355,0.10999999940395355,0.10999999940395355,309300.0
2026-02-27,CGD.BK,0.10999999940395355,0.11999999731779099,0.10999999940395355,0.10999999940395355,0.10999999940395355,556900.0
2026-03-02,CGD.BK,0.10999999940395355,0.11999999731779099,0.10999999940395355,0.10999999940395355,0.10999999940395355,504600.0
2026-03-04,CGD.BK,0.10999999940395355,0.10999999940395355,0.10000000149011612,0.10999999940395355,0.10999999940395355,1900700.0
2026-03-05,CGD.BK,0.10999999940395355,0.10999999940395355,0.10999999940395355,0.10999999940395355,0.10999999940395355,346500.0
2026-03-06,CGD.BK,0.10999999940395355,0.10999999940395355,0.10999999940395355,0.10999999940395355,0.10999999940395355,225200.0
2026-03-09,CGD.BK,0.10999999940395355,0.11999999731779099,0.10000000149011612,0.10999999940395355,0.10999999940395355,8939400.0
2026-03-10,CGD.BK,0.10999999940395355,0.11999999731779099,0.10999999940395355,0.10999999940395355,0.10999999940395355,80000.0
2026-03-11,CGD.BK,0.10999999940395355,0.11999999731779099,0.10000000149011612,0.10999999940395355,0.10999999940395355,449500.0
2026-03-12,CGD.BK,0.10999999940395355,0.11999999731779099,0.10999999940395355,0.10999999940395355,0.10999999940395355,431900.0
2026-03-13,CGD.BK,0.10999999940395355,0.10999999940395355,0.10999999940395355,0.10999999940395355,0.10999999940395355,3916900.0
2026-03-16,CGD.BK,0.10999999940395355,0.11999999731779099,0.10000000149011612,0.10999999940395355,0.10999999940395355,652400.0
2026-03-17,CGD.BK,0.10999999940395355,0.11999999731779099,0.10999999940395355,0.10999999940395355,0.10999999940395355,547600.0
2026-03-18,CGD.BK,0.10999999940395355,0.10999999940395355,0.10999999940395355,0.10999999940395355,0.10999999940395355,511200.0
2026-03-19,CGD.BK,0.11999999731779099,0.11999999731779099,0.10999999940395355,0.10999999940395355,0.10999999940395355,1058300.0
2026-03-20,CGD.BK,0.10999999940395355,0.10999999940395355,0.10999999940395355,0.10999999940395355,0.10999999940395355,681900.0
2026-03-23,CGD.BK,0.10999999940395355,0.10999999940395355,0.10999999940395355,0.10999999940395355,0.10999999940395355,603500.0
2026-03-24,CGD.BK,0.10999999940395355,0.10999999940395355,0.10999999940395355,0.10999999940395355,0.10999999940395355,919100.0
2026-03-25,CGD.BK,0.10999999940395355,0.11999999731779099,0.10000000149011612,0.11999999731779099,0.11999999731779099,2603300.0
2026-03-26,CGD.BK,0.11999999731779099,0.11999999731779099,0.10999999940395355,0.10999999940395355,0.10999999940395355,116700.0
2026-03-27,CGD.BK,0.10999999940395355,0.11999999731779099,0.10000000149011612,0.10999999940395355,0.10999999940395355,807700.0
2026-03-30,CGD.BK,0.10999999940395355,0.10999999940395355,0.10999999940395355,0.10999999940395355,0.10999999940395355,104200.0
2026-03-31,CGD.BK,0.10999999940395355,0.10999999940395355,0.10999999940395355,0.10999999940395355,0.10999999940395355,159900.0
2026-04-01,CGD.BK,0.10999999940395355,0.11999999731779099,0.10999999940395355,0.11999999731779099,0.11999999731779099,10200.0
2026-04-02,CGD.BK,0.10999999940395355,0.11999999731779099,0.10000000149011612,0.10999999940395355,0.10999999940395355,834800.0
2026-04-03,CGD.BK,0.10999999940395355,0.11999999731779099,0.10000000149011612,0.11999999731779099,0.11999999731779099,596500.0
2026-04-07,CGD.BK,0.10999999940395355,0.11999999731779099,0.10000000149011612,0.10000000149011612,0.10000000149011612,2191900.0
2026-04-08,CGD.BK,0.10999999940395355,0.11999999731779099,0.10999999940395355,0.10999999940395355,0.10999999940395355,1101900.0
2026-04-09,CGD.BK,0.10999999940395355,0.11999999731779099,0.10999999940395355,0.11999999731779099,0.11999999731779099,339500.0
2026-04-10,CGD.BK,0.10999999940395355,0.10999999940395355,0.10999999940395355,0.10999999940395355,0.10999999940395355,36500.0
