Date,Ticker,Open,High,Low,Close,Adj Close,Volume
2016-04-11,ADVANC.BK,155.5,155.5,151.5,151.5,96.38471221923828,16856900.0
2016-04-12,ADVANC.BK,153.5,155.0,150.5,152.5,97.02091979980469,12631500.0
2016-04-18,ADVANC.BK,154.0,154.5,151.0,151.0,96.06658935546875,17104000.0
2016-04-19,ADVANC.BK,151.5,157.0,151.5,155.5,98.92950439453125,20753500.0
2016-04-20,ADVANC.BK,155.0,158.0,154.5,155.0,98.6114273071289,12591600.0
2016-04-21,ADVANC.BK,156.0,157.5,155.0,155.5,98.92950439453125,10233500.0
2016-04-22,ADVANC.BK,156.0,157.5,154.5,154.5,98.29329681396484,11601100.0
2016-04-25,ADVANC.BK,154.0,155.5,153.5,154.5,98.29329681396484,5921000.0
2016-04-26,ADVANC.BK,154.0,156.0,154.0,156.0,99.24762725830078,4121000.0
2016-04-27,ADVANC.BK,155.5,156.0,154.0,154.0,97.97520446777344,4857800.0
2016-04-28,ADVANC.BK,154.0,155.5,153.0,154.0,97.97520446777344,4594800.0
2016-04-29,ADVANC.BK,154.0,156.0,153.5,156.0,99.24762725830078,3524600.0
2016-05-03,ADVANC.BK,155.0,155.5,154.0,155.0,98.6114273071289,5002300.0
2016-05-04,ADVANC.BK,154.0,154.5,153.5,154.5,98.29329681396484,3768400.0
2016-05-09,ADVANC.BK,153.0,153.5,149.0,151.0,96.06658935546875,15722000.0
2016-05-10,ADVANC.BK,152.5,153.0,151.0,151.0,96.06658935546875,8977100.0
2016-05-11,ADVANC.BK,151.5,151.5,148.5,148.5,94.47608947753906,11065600.0
2016-05-12,ADVANC.BK,148.0,149.0,146.0,148.0,94.15800476074219,10244400.0
2016-05-13,ADVANC.BK,148.5,150.0,146.5,146.5,93.20369720458984,9098700.0
2016-05-16,ADVANC.BK,147.5,148.5,145.0,146.5,93.20369720458984,6560500.0
2016-05-17,ADVANC.BK,155.0,159.5,154.0,159.5,101.47433471679688,31864000.0
2016-05-18,ADVANC.BK,161.0,162.5,157.0,157.0,99.88380432128906,19632700.0
2016-05-19,ADVANC.BK,157.0,157.5,155.0,156.0,99.24762725830078,7547400.0
2016-05-23,ADVANC.BK,155.0,155.5,150.5,151.0,96.06658935546875,15413000.0
2016-05-24,ADVANC.BK,151.0,152.5,150.5,152.0,96.70281219482422,4611600.0
2016-05-25,ADVANC.BK,153.5,154.0,151.5,154.0,97.97520446777344,6138200.0
2016-05-26,ADVANC.BK,154.0,159.0,153.0,158.0,100.52000427246094,14292400.0
2016-05-27,ADVANC.BK,158.5,160.5,156.0,159.5,101.47433471679688,14969200.0
2016-05-30,ADVANC.BK,162.0,164.5,161.0,163.5,104.0191421508789,13665700.0
2016-05-31,ADVANC.BK,164.5,165.0,161.5,165.0,104.97344970703125,13604600.0
2016-06-01,ADVANC.BK,165.0,165.0,162.5,162.5,103.38294982910156,6349200.0
2016-06-02,ADVANC.BK,162.5,164.5,162.0,163.0,103.7010498046875,5089900.0
2016-06-03,ADVANC.BK,163.0,163.5,161.0,162.0,103.06483459472656,8099100.0
2016-06-06,ADVANC.BK,163.0,167.0,162.5,165.0,104.97344970703125,10383000.0
2016-06-07,ADVANC.BK,166.0,166.0,163.5,164.5,104.65535736083984,6209900.0
2016-06-08,ADVANC.BK,165.5,165.5,163.0,164.5,104.65535736083984,6532600.0
2016-06-09,ADVANC.BK,164.5,165.0,162.0,162.0,103.06483459472656,5288100.0
2016-06-10,ADVANC.BK,162.0,163.0,161.0,161.5,102.74673461914062,4105100.0
2016-06-13,ADVANC.BK,161.0,163.0,160.5,161.5,102.74673461914062,6055600.0
2016-06-14,ADVANC.BK,162.0,164.0,162.0,163.0,103.7010498046875,5241300.0
2016-06-15,ADVANC.BK,163.5,164.5,162.0,162.5,103.38294982910156,7630100.0
2016-06-16,ADVANC.BK,160.5,161.5,156.0,156.0,99.24762725830078,15133300.0
2016-06-17,ADVANC.BK,157.0,158.5,156.0,157.5,100.20194244384766,7808100.0
2016-06-20,ADVANC.BK,158.0,159.0,156.5,156.5,99.56570434570312,5375400.0
2016-06-21,ADVANC.BK,156.5,159.0,156.0,157.5,100.20194244384766,4803300.0
2016-06-22,ADVANC.BK,157.5,158.0,156.0,157.5,100.20194244384766,3825000.0
2016-06-23,ADVANC.BK,156.5,159.5,155.5,159.5,101.47433471679688,5849900.0
2016-06-24,ADVANC.BK,156.0,158.0,154.0,158.0,100.52000427246094,14790000.0
2016-06-27,ADVANC.BK,157.0,159.0,157.0,157.5,100.20194244384766,4319400.0
2016-06-28,ADVANC.BK,157.5,160.0,156.5,156.5,99.56570434570312,17293500.0
2016-06-29,ADVANC.BK,158.5,159.5,157.0,157.0,99.88380432128906,13640200.0
2016-06-30,ADVANC.BK,158.5,159.0,157.5,158.0,100.52000427246094,13949500.0
2016-07-04,ADVANC.BK,159.0,159.0,157.5,158.0,100.52000427246094,5493900.0
2016-07-05,ADVANC.BK,158.0,159.5,158.0,158.5,100.838134765625,4671000.0
2016-07-06,ADVANC.BK,158.0,159.5,158.0,158.5,100.838134765625,6869500.0
2016-07-07,ADVANC.BK,160.0,161.0,159.0,160.0,101.79243469238281,8245100.0
2016-07-08,ADVANC.BK,160.0,162.0,160.0,161.0,102.42863464355469,9713400.0
2016-07-11,ADVANC.BK,162.5,170.0,162.0,169.5,107.83635711669922,30661600.0
2016-07-12,ADVANC.BK,169.0,169.5,166.5,169.0,107.51822662353516,17872100.0
2016-07-13,ADVANC.BK,171.0,172.0,169.0,169.0,107.51822662353516,17309500.0
2016-07-14,ADVANC.BK,169.5,173.5,169.0,172.0,109.42684936523438,17777100.0
2016-07-15,ADVANC.BK,172.0,173.5,170.0,170.0,108.15445709228516,12151900.0
2016-07-20,ADVANC.BK,172.5,175.5,172.0,175.5,111.65357208251953,17405400.0
2016-07-21,ADVANC.BK,175.0,177.0,174.5,175.0,111.3354721069336,8438900.0
2016-07-22,ADVANC.BK,175.0,175.5,173.5,175.0,111.3354721069336,7049600.0
2016-07-25,ADVANC.BK,174.5,177.5,174.0,175.5,111.65357208251953,7953900.0
2016-07-26,ADVANC.BK,175.5,177.5,174.5,174.5,111.0173568725586,7246600.0
2016-07-27,ADVANC.BK,175.5,177.5,175.0,176.5,112.2897720336914,6667900.0
2016-07-28,ADVANC.BK,177.0,177.5,175.5,176.5,112.2897720336914,6811600.0
2016-07-29,ADVANC.BK,177.0,181.0,177.0,178.0,113.24409484863281,15174400.0
2016-08-01,ADVANC.BK,179.0,179.5,176.0,177.0,112.60789489746094,9025600.0
2016-08-02,ADVANC.BK,176.0,177.5,174.0,174.0,110.69927215576172,7578000.0
2016-08-03,ADVANC.BK,173.5,175.5,173.0,175.5,111.65357208251953,6133500.0
2016-08-04,ADVANC.BK,175.5,176.5,175.0,176.0,111.9716796875,5009400.0
2016-08-05,ADVANC.BK,178.0,181.0,177.5,178.0,113.24409484863281,14544000.0
2016-08-08,ADVANC.BK,182.0,186.0,181.0,185.0,117.69747161865234,20477500.0
2016-08-09,ADVANC.BK,185.5,187.5,184.5,186.0,118.33366394042969,12531000.0
2016-08-10,ADVANC.BK,186.0,187.5,185.0,186.0,118.33366394042969,7618600.0
2016-08-11,ADVANC.BK,186.0,186.5,184.0,184.5,117.37938690185547,13834100.0
2016-08-15,ADVANC.BK,176.5,180.5,176.5,179.0,117.56981658935547,13196600.0
2016-08-16,ADVANC.BK,178.5,179.5,172.0,173.0,113.62899017333984,19466300.0
2016-08-17,ADVANC.BK,173.5,175.5,172.5,172.5,113.30057525634766,9509300.0
2016-08-18,ADVANC.BK,173.5,174.5,172.5,172.5,113.30057525634766,7433500.0
2016-08-19,ADVANC.BK,172.5,174.0,171.5,172.0,112.97215270996094,7837000.0
2016-08-22,ADVANC.BK,172.0,172.5,170.5,171.5,112.6437759399414,4037600.0
2016-08-23,ADVANC.BK,171.0,173.5,170.5,172.0,112.97215270996094,5060200.0
2016-08-24,ADVANC.BK,172.0,174.0,171.5,173.5,113.95736694335938,5795900.0
2016-08-25,ADVANC.BK,173.5,174.0,171.0,171.5,112.6437759399414,5626500.0
2016-08-26,ADVANC.BK,171.5,173.5,170.0,171.0,112.31533813476562,6821700.0
2016-08-29,ADVANC.BK,170.5,171.0,166.0,166.5,109.35966491699219,13229900.0
2016-08-30,ADVANC.BK,167.0,168.5,165.5,166.0,109.03125762939453,6625000.0
2016-08-31,ADVANC.BK,166.5,167.5,164.5,165.5,108.702880859375,10044000.0
2016-09-01,ADVANC.BK,165.0,166.0,164.0,164.5,108.04606628417969,5339700.0
2016-09-02,ADVANC.BK,165.0,165.0,163.5,164.0,107.71763610839844,6052100.0
2016-09-05,ADVANC.BK,165.5,167.0,160.5,163.0,107.06082916259766,11140500.0
2016-09-06,ADVANC.BK,162.0,163.5,162.0,162.5,106.73242950439453,7614400.0
2016-09-07,ADVANC.BK,163.0,164.0,160.0,160.0,105.09038543701172,7829400.0
2016-09-08,ADVANC.BK,160.0,161.0,156.0,158.0,103.7767333984375,16851700.0
2016-09-09,ADVANC.BK,158.5,159.0,155.5,156.5,102.7915267944336,8506300.0
2016-09-12,ADVANC.BK,154.0,156.0,153.0,153.0,100.4926986694336,9519600.0
2016-09-13,ADVANC.BK,155.0,158.0,155.0,158.0,103.7767333984375,7270000.0
2016-09-14,ADVANC.BK,157.5,159.0,156.5,158.0,103.7767333984375,5802100.0
2016-09-15,ADVANC.BK,158.0,162.0,157.5,160.5,105.4188003540039,8351500.0
2016-09-16,ADVANC.BK,162.0,165.5,162.0,165.0,108.37445831298828,13784700.0
2016-09-19,ADVANC.BK,166.0,168.0,165.0,166.0,109.03125762939453,11105600.0
2016-09-20,ADVANC.BK,166.0,166.0,162.0,163.0,107.06082916259766,8541700.0
2016-09-21,ADVANC.BK,163.5,165.0,162.0,163.0,107.06082916259766,8470100.0
2016-09-22,ADVANC.BK,165.0,165.5,163.0,163.0,107.06082916259766,8685000.0
2016-09-23,ADVANC.BK,163.5,163.5,161.0,162.5,106.73242950439453,6892400.0
2016-09-26,ADVANC.BK,161.0,162.5,160.5,161.5,106.07560729980469,5505200.0
2016-09-27,ADVANC.BK,162.5,163.5,161.5,162.0,106.40401458740234,4745200.0
2016-09-28,ADVANC.BK,162.5,163.0,160.0,160.0,105.09038543701172,5749700.0
2016-09-29,ADVANC.BK,161.5,162.5,160.5,162.0,106.40401458740234,5337500.0
2016-09-30,ADVANC.BK,161.5,161.5,160.0,160.0,105.09038543701172,4215000.0
2016-10-03,ADVANC.BK,160.5,161.5,160.5,161.0,105.74720001220703,2309400.0
2016-10-04,ADVANC.BK,161.0,163.0,161.0,163.0,107.06082916259766,4442500.0
2016-10-05,ADVANC.BK,164.0,164.0,162.0,163.5,107.38923645019531,5076500.0
2016-10-06,ADVANC.BK,163.5,163.5,161.0,161.5,106.07560729980469,6293800.0
2016-10-07,ADVANC.BK,161.5,162.0,159.5,160.0,105.09038543701172,5747800.0
2016-10-10,ADVANC.BK,155.0,158.0,155.0,156.0,102.463134765625,12178400.0
2016-10-11,ADVANC.BK,156.0,156.5,152.5,153.0,100.4926986694336,12667200.0
2016-10-12,ADVANC.BK,152.0,153.0,141.0,150.0,98.52224731445312,23562100.0
2016-10-13,ADVANC.BK,147.0,151.0,144.0,150.5,98.85063934326172,20202200.0
2016-10-14,ADVANC.BK,158.0,158.5,155.0,157.0,103.11991882324219,14131000.0
2016-10-17,ADVANC.BK,156.0,158.0,155.0,157.0,103.11991882324219,6273500.0
2016-10-18,ADVANC.BK,156.5,157.0,155.0,155.5,102.13470458984375,6006200.0
2016-10-19,ADVANC.BK,155.0,157.0,154.0,156.0,102.463134765625,6714200.0
2016-10-20,ADVANC.BK,156.5,157.0,156.0,156.5,102.7915267944336,5500400.0
2016-10-21,ADVANC.BK,156.5,156.5,155.5,156.5,102.7915267944336,4268900.0
2016-10-25,ADVANC.BK,156.5,158.0,156.0,156.5,102.7915267944336,5269800.0
2016-10-26,ADVANC.BK,157.0,157.0,156.0,156.5,102.7915267944336,2115600.0
2016-10-27,ADVANC.BK,156.0,157.0,155.5,156.0,102.463134765625,3035200.0
2016-10-28,ADVANC.BK,156.0,156.5,155.0,155.0,101.80633544921875,3558900.0
2016-10-31,ADVANC.BK,154.5,155.0,153.0,153.5,100.82109069824219,4483700.0
2016-11-01,ADVANC.BK,154.0,157.0,153.5,154.0,101.14949035644531,5261100.0
2016-11-02,ADVANC.BK,154.5,155.5,154.0,154.0,101.14949035644531,1733600.0
2016-11-03,ADVANC.BK,154.0,155.5,153.5,153.5,100.82109069824219,3329300.0
2016-11-04,ADVANC.BK,153.0,154.5,152.0,153.0,100.4926986694336,5140300.0
2016-11-07,ADVANC.BK,154.0,154.0,151.0,151.0,99.17902374267578,10211800.0
2016-11-08,ADVANC.BK,152.0,154.5,151.5,153.0,100.4926986694336,9032500.0
2016-11-09,ADVANC.BK,151.5,153.5,150.5,152.5,100.1642837524414,11013400.0
2016-11-10,ADVANC.BK,153.0,153.5,150.5,150.5,98.85063934326172,9305300.0
2016-11-11,ADVANC.BK,150.0,150.0,148.5,149.0,97.86542510986328,9496400.0
2016-11-14,ADVANC.BK,148.0,148.5,146.0,146.0,95.89496612548828,10092400.0
2016-11-15,ADVANC.BK,146.5,147.5,146.0,146.5,96.223388671875,6678100.0
2016-11-16,ADVANC.BK,147.0,147.5,143.5,144.0,94.58132934570312,11704300.0
2016-11-17,ADVANC.BK,144.0,145.0,143.5,143.5,94.2529296875,6044800.0
2016-11-18,ADVANC.BK,143.5,144.5,143.0,143.5,94.2529296875,6573800.0
2016-11-21,ADVANC.BK,143.5,145.0,143.5,143.5,94.2529296875,5122300.0
2016-11-22,ADVANC.BK,144.0,144.0,142.0,142.0,93.26770782470703,7976200.0
2016-11-23,ADVANC.BK,142.0,144.0,141.0,144.0,94.58132934570312,9737500.0
2016-11-24,ADVANC.BK,144.0,146.0,143.0,143.5,94.2529296875,5024700.0
2016-11-25,ADVANC.BK,143.5,145.0,143.5,144.5,94.90972900390625,4152400.0
2016-11-28,ADVANC.BK,145.0,145.5,144.5,144.5,94.90972900390625,2816900.0
2016-11-29,ADVANC.BK,145.0,147.0,145.0,145.0,95.23817443847656,7919800.0
2016-11-30,ADVANC.BK,145.0,145.5,144.0,144.5,94.90972900390625,6880400.0
2016-12-01,ADVANC.BK,144.5,145.0,142.5,143.0,93.92453002929688,6524200.0
2016-12-02,ADVANC.BK,142.5,143.5,141.5,142.0,93.26770782470703,4941000.0
2016-12-06,ADVANC.BK,142.5,144.0,142.0,144.0,94.58132934570312,2717000.0
2016-12-07,ADVANC.BK,144.5,146.0,143.5,145.5,95.56655883789062,5500300.0
2016-12-08,ADVANC.BK,146.5,148.5,146.0,147.0,96.5517807006836,9192800.0
2016-12-09,ADVANC.BK,148.5,148.5,147.0,147.0,96.5517807006836,3447800.0
2016-12-13,ADVANC.BK,147.0,148.0,145.0,147.5,96.88019561767578,6090700.0
2016-12-14,ADVANC.BK,147.5,147.5,146.5,146.5,96.223388671875,2753400.0
2016-12-15,ADVANC.BK,146.0,148.0,145.5,147.5,96.88019561767578,3722500.0
2016-12-16,ADVANC.BK,147.0,147.5,146.5,146.5,96.223388671875,3379300.0
2016-12-19,ADVANC.BK,146.0,147.5,145.5,146.5,96.223388671875,1963900.0
2016-12-20,ADVANC.BK,146.5,147.0,145.0,145.0,95.23817443847656,3145000.0
2016-12-21,ADVANC.BK,146.0,146.0,145.0,145.0,95.23817443847656,1868300.0
2016-12-22,ADVANC.BK,145.5,145.5,144.5,145.0,95.23817443847656,2350000.0
2016-12-23,ADVANC.BK,145.0,145.5,144.0,144.5,94.90972900390625,3364400.0
2016-12-26,ADVANC.BK,145.0,145.5,144.5,145.0,95.23817443847656,2073000.0
2016-12-27,ADVANC.BK,145.5,145.5,144.0,144.0,94.58132934570312,2083000.0
2016-12-28,ADVANC.BK,144.5,145.0,144.0,144.5,94.90972900390625,2412300.0
2016-12-29,ADVANC.BK,145.0,147.5,144.5,147.0,96.5517807006836,5939500.0
2016-12-30,ADVANC.BK,147.0,148.0,147.0,147.0,96.5517807006836,3421900.0
2017-01-04,ADVANC.BK,147.0,150.0,147.0,149.5,98.1938247680664,7239400.0
2017-01-05,ADVANC.BK,150.5,154.0,150.0,153.5,100.82109069824219,15745500.0
2017-01-06,ADVANC.BK,154.0,154.0,152.5,152.5,100.1642837524414,6743100.0
2017-01-09,ADVANC.BK,153.0,153.0,150.5,151.0,99.17902374267578,5734300.0
2017-01-10,ADVANC.BK,151.0,153.5,151.0,153.0,100.4926986694336,4839500.0
2017-01-11,ADVANC.BK,153.5,156.5,153.0,155.0,101.80633544921875,12043600.0
2017-01-12,ADVANC.BK,155.5,156.0,153.5,154.0,101.14949035644531,7291300.0
2017-01-16,ADVANC.BK,154.5,156.5,154.0,155.5,102.13470458984375,4748500.0
2017-01-17,ADVANC.BK,155.0,156.5,154.5,156.5,102.7915267944336,5448100.0
2017-01-18,ADVANC.BK,156.5,157.0,155.0,155.0,101.80633544921875,4458300.0
2017-01-19,ADVANC.BK,155.0,156.0,154.5,155.0,101.80633544921875,3779900.0
2017-01-20,ADVANC.BK,155.0,156.5,154.5,155.5,102.13470458984375,3758100.0
2017-01-23,ADVANC.BK,155.5,156.5,155.0,155.0,101.80633544921875,1846700.0
2017-01-24,ADVANC.BK,155.5,156.0,155.0,155.0,101.80633544921875,5032600.0
2017-01-25,ADVANC.BK,155.5,162.0,155.0,161.5,106.07560729980469,17182900.0
2017-01-26,ADVANC.BK,163.5,164.0,161.5,162.5,106.73242950439453,9659100.0
2017-01-27,ADVANC.BK,162.0,164.5,161.0,163.0,107.06082916259766,7115000.0
2017-01-30,ADVANC.BK,162.0,163.0,162.0,162.0,106.40401458740234,3392600.0
2017-01-31,ADVANC.BK,161.0,161.0,158.5,159.0,104.4335708618164,8637100.0
2017-02-01,ADVANC.BK,158.0,161.0,157.0,160.5,105.4188003540039,7204700.0
2017-02-02,ADVANC.BK,160.5,161.5,160.0,160.5,105.4188003540039,2835800.0
2017-02-03,ADVANC.BK,160.0,160.5,159.0,160.5,105.4188003540039,4846300.0
2017-02-06,ADVANC.BK,160.5,162.0,158.5,161.5,106.07560729980469,9702200.0
2017-02-07,ADVANC.BK,161.5,164.5,161.0,163.5,107.38923645019531,11256600.0
2017-02-08,ADVANC.BK,164.0,171.0,163.5,170.5,111.9869613647461,28107900.0
2017-02-09,ADVANC.BK,169.5,171.5,169.5,170.0,111.65853881835938,11464400.0
2017-02-10,ADVANC.BK,170.5,171.0,168.5,169.0,111.0016860961914,13558500.0
2017-02-14,ADVANC.BK,170.0,170.5,169.0,169.5,111.33012390136719,18109300.0
2017-02-15,ADVANC.BK,168.5,170.5,168.0,169.0,111.0016860961914,19782400.0
2017-02-16,ADVANC.BK,168.5,170.5,168.5,169.5,111.33012390136719,7248600.0
2017-02-17,ADVANC.BK,170.5,174.0,170.5,171.5,112.6437759399414,14106500.0
2017-02-20,ADVANC.BK,172.0,172.5,170.0,170.0,111.65853881835938,5758000.0
2017-02-21,ADVANC.BK,170.0,170.5,168.0,168.0,110.34491729736328,6086300.0
2017-02-22,ADVANC.BK,168.0,169.5,166.5,169.5,111.33012390136719,5839200.0
2017-02-23,ADVANC.BK,168.5,170.5,168.0,169.0,111.0016860961914,6663300.0
2017-02-24,ADVANC.BK,169.0,170.5,169.0,170.5,111.9869613647461,4159600.0
2017-02-27,ADVANC.BK,169.0,170.5,169.0,169.0,111.0016860961914,6311200.0
2017-02-28,ADVANC.BK,169.0,170.0,167.0,167.0,109.68807983398438,6185500.0
2017-03-01,ADVANC.BK,167.5,170.5,167.0,170.0,111.65853881835938,5971200.0
2017-03-02,ADVANC.BK,170.0,171.0,169.5,169.5,111.33012390136719,8771600.0
2017-03-03,ADVANC.BK,170.0,171.0,169.5,169.5,111.33012390136719,5420900.0
2017-03-06,ADVANC.BK,168.5,170.0,168.0,169.5,111.33012390136719,6453400.0
2017-03-07,ADVANC.BK,169.0,171.5,168.5,169.5,111.33012390136719,7023800.0
2017-03-08,ADVANC.BK,168.5,170.5,168.5,169.5,111.33012390136719,5636900.0
2017-03-09,ADVANC.BK,170.0,171.0,168.5,169.0,111.0016860961914,8672500.0
2017-03-10,ADVANC.BK,169.0,169.5,167.5,169.5,111.33012390136719,5652500.0
2017-03-13,ADVANC.BK,170.0,170.5,169.5,170.5,111.9869613647461,5059500.0
2017-03-14,ADVANC.BK,170.5,171.0,169.5,170.0,111.65853881835938,3288100.0
2017-03-15,ADVANC.BK,170.0,171.0,169.5,171.0,112.31533813476562,5512800.0
2017-03-16,ADVANC.BK,172.0,176.0,171.5,175.0,114.9426040649414,15796800.0
2017-03-17,ADVANC.BK,175.5,176.5,174.5,176.0,115.59942626953125,9356700.0
2017-03-20,ADVANC.BK,176.0,179.5,176.0,177.0,116.2562484741211,7832700.0
2017-03-21,ADVANC.BK,177.5,178.5,177.0,177.0,116.2562484741211,3686300.0
2017-03-22,ADVANC.BK,176.0,177.0,175.5,176.5,115.9278335571289,3744400.0
2017-03-23,ADVANC.BK,177.5,178.0,176.5,176.5,115.9278335571289,6402000.0
2017-03-24,ADVANC.BK,176.5,179.5,176.5,178.5,117.24146270751953,9180100.0
2017-03-27,ADVANC.BK,179.5,179.5,178.0,178.0,116.91307067871094,3812100.0
2017-03-28,ADVANC.BK,178.5,180.5,178.5,180.5,118.55509948730469,8550800.0
2017-03-29,ADVANC.BK,180.0,181.0,178.5,179.0,117.56981658935547,4521800.0
2017-03-30,ADVANC.BK,179.0,180.5,178.0,179.5,117.89827728271484,8577100.0
2017-03-31,ADVANC.BK,179.5,180.0,178.0,178.0,116.91307067871094,3165900.0
2017-04-03,ADVANC.BK,178.5,179.0,175.5,176.0,115.59942626953125,5464600.0
2017-04-04,ADVANC.BK,175.0,175.5,173.5,174.0,114.28579711914062,8280800.0
2017-04-05,ADVANC.BK,169.0,171.0,168.5,171.0,115.15450286865234,6941300.0
2017-04-07,ADVANC.BK,171.5,175.0,171.0,174.5,117.51144409179688,6642000.0
2017-04-10,ADVANC.BK,173.0,174.5,173.0,173.5,116.83805847167969,3502400.0
2017-04-11,ADVANC.BK,173.5,175.5,173.5,174.0,117.17475128173828,2730800.0
2017-04-12,ADVANC.BK,174.5,177.0,174.0,176.0,118.5215835571289,7199600.0
2017-04-17,ADVANC.BK,175.5,175.5,174.0,175.0,117.8481674194336,2418200.0
2017-04-18,ADVANC.BK,175.5,176.0,173.5,173.5,116.83805847167969,2617200.0
2017-04-19,ADVANC.BK,173.5,173.5,172.0,172.0,115.82792663574219,3864600.0
2017-04-20,ADVANC.BK,172.0,176.0,172.0,173.5,116.83805847167969,8646200.0
2017-04-21,ADVANC.BK,174.5,175.5,174.0,174.0,117.17475128173828,6234800.0
2017-04-24,ADVANC.BK,173.0,174.5,173.0,174.5,117.51144409179688,3997600.0
2017-04-25,ADVANC.BK,175.0,175.5,173.0,175.5,118.18486785888672,3831500.0
2017-04-26,ADVANC.BK,175.5,175.5,172.0,175.5,118.18486785888672,6264200.0
2017-04-27,ADVANC.BK,174.5,175.0,173.0,175.0,117.8481674194336,5528900.0
2017-04-28,ADVANC.BK,175.0,175.5,173.5,175.0,117.8481674194336,5928000.0
2017-05-02,ADVANC.BK,175.5,176.0,174.5,175.5,118.18486785888672,3755300.0
2017-05-03,ADVANC.BK,175.0,177.0,175.0,177.0,119.19498443603516,7153400.0
2017-05-04,ADVANC.BK,177.0,178.0,176.0,177.5,119.53173065185547,3286600.0
2017-05-08,ADVANC.BK,177.5,179.5,177.0,179.0,120.54185485839844,4121500.0
2017-05-09,ADVANC.BK,179.0,179.5,178.0,179.5,120.87852478027344,3087600.0
2017-05-11,ADVANC.BK,179.0,182.5,178.0,180.5,121.5519790649414,10683700.0
2017-05-12,ADVANC.BK,181.0,181.5,178.0,179.5,120.87852478027344,6244900.0
2017-05-15,ADVANC.BK,179.5,179.5,179.5,179.5,120.87852478027344,383100.0
2017-05-16,ADVANC.BK,178.5,181.0,178.5,180.5,121.5519790649414,5430800.0
2017-05-17,ADVANC.BK,180.5,181.0,179.0,180.0,121.21527099609375,5313800.0
2017-05-18,ADVANC.BK,179.0,180.0,178.5,179.5,120.87852478027344,4287500.0
2017-05-19,ADVANC.BK,179.5,180.0,179.0,179.5,120.87852478027344,4151300.0
2017-05-22,ADVANC.BK,178.0,178.5,177.0,178.5,120.20512390136719,5313800.0
2017-05-23,ADVANC.BK,178.0,179.0,177.5,177.5,119.53173065185547,3993400.0
2017-05-24,ADVANC.BK,177.5,179.0,177.0,178.0,119.86841583251953,8098700.0
2017-05-25,ADVANC.BK,178.0,178.5,177.0,177.5,119.53173065185547,3833200.0
2017-05-26,ADVANC.BK,177.5,178.0,177.0,178.0,119.86841583251953,3968800.0
2017-05-29,ADVANC.BK,177.5,178.5,177.5,178.0,119.86841583251953,3063600.0
2017-05-30,ADVANC.BK,178.0,178.0,177.0,177.0,119.19498443603516,2765100.0
2017-05-31,ADVANC.BK,177.5,178.0,173.0,173.0,116.50133514404297,14727500.0
2017-06-01,ADVANC.BK,173.5,174.0,172.0,173.5,116.83805847167969,4857800.0
2017-06-02,ADVANC.BK,173.5,175.0,173.0,174.5,117.51144409179688,5941300.0
2017-06-05,ADVANC.BK,174.0,174.5,170.0,171.0,115.15450286865234,17782400.0
2017-06-06,ADVANC.BK,171.0,173.5,169.5,172.5,116.16458892822266,12264700.0
2017-06-07,ADVANC.BK,172.5,174.0,172.0,172.5,116.16458892822266,3896100.0
2017-06-08,ADVANC.BK,173.0,173.5,171.5,173.0,116.50133514404297,7072600.0
2017-06-09,ADVANC.BK,174.0,174.5,173.0,173.5,116.83805847167969,6487900.0
2017-06-12,ADVANC.BK,174.0,174.0,171.5,172.5,116.16458892822266,2358900.0
2017-06-13,ADVANC.BK,172.0,173.0,172.0,173.0,116.50133514404297,4711500.0
2017-06-14,ADVANC.BK,173.0,174.5,172.5,174.5,117.51144409179688,3261200.0
2017-06-15,ADVANC.BK,173.5,174.5,173.5,173.5,116.83805847167969,2159200.0
2017-06-16,ADVANC.BK,173.5,174.0,172.5,173.5,116.83805847167969,4316600.0
2017-06-19,ADVANC.BK,174.0,175.5,173.5,175.5,118.18486785888672,3657200.0
2017-06-20,ADVANC.BK,175.5,176.0,175.0,175.5,118.18486785888672,1955100.0
2017-06-21,ADVANC.BK,174.5,177.5,174.5,177.5,119.53173065185547,7936900.0
2017-06-22,ADVANC.BK,178.0,179.5,178.0,179.0,120.54185485839844,8482700.0
2017-06-23,ADVANC.BK,179.5,180.5,179.0,179.5,120.87852478027344,5066900.0
2017-06-26,ADVANC.BK,179.5,180.0,178.0,178.5,120.20512390136719,1976100.0
2017-06-27,ADVANC.BK,178.5,179.0,178.0,178.5,120.20512390136719,1962800.0
2017-06-28,ADVANC.BK,178.5,179.0,176.0,177.0,119.19498443603516,3639600.0
2017-06-29,ADVANC.BK,177.5,178.0,176.0,176.0,118.5215835571289,3702800.0
2017-06-30,ADVANC.BK,176.5,179.0,176.5,177.5,119.53173065185547,4915400.0
2017-07-03,ADVANC.BK,177.5,180.0,177.5,180.0,121.21527099609375,4406700.0
2017-07-04,ADVANC.BK,179.5,180.0,177.0,178.0,119.86841583251953,3978500.0
2017-07-05,ADVANC.BK,178.0,179.0,177.5,179.0,120.54185485839844,1811100.0
2017-07-06,ADVANC.BK,179.0,180.5,179.0,179.5,120.87852478027344,6892000.0
2017-07-07,ADVANC.BK,179.5,180.0,178.0,180.0,121.21527099609375,3907200.0
2017-07-11,ADVANC.BK,180.0,183.5,179.5,183.5,123.57220458984375,8290200.0
2017-07-12,ADVANC.BK,184.5,188.0,183.5,187.5,126.26588439941406,12838700.0
2017-07-13,ADVANC.BK,189.5,190.5,186.5,187.0,125.9291763305664,8893900.0
2017-07-14,ADVANC.BK,188.0,189.5,188.0,189.5,127.61273956298828,7397000.0
2017-07-17,ADVANC.BK,189.5,190.0,187.0,187.5,126.26588439941406,2899700.0
2017-07-18,ADVANC.BK,187.5,188.0,184.5,185.5,124.91905975341797,9087100.0
2017-07-19,ADVANC.BK,186.0,189.0,185.5,187.5,126.26588439941406,5185400.0
2017-07-20,ADVANC.BK,187.5,188.0,186.0,187.0,125.9291763305664,5036800.0
2017-07-21,ADVANC.BK,186.0,186.5,184.0,185.0,124.58233642578125,5315400.0
2017-07-24,ADVANC.BK,185.5,189.0,185.0,188.5,126.93930053710938,6567400.0
2017-07-25,ADVANC.BK,189.0,191.0,188.0,191.0,128.6228790283203,9736200.0
2017-07-26,ADVANC.BK,190.5,191.0,187.5,188.5,126.93930053710938,6931300.0
2017-07-27,ADVANC.BK,188.5,188.5,186.5,188.0,126.60260009765625,4632200.0
2017-07-31,ADVANC.BK,187.0,187.0,183.0,185.5,124.91905975341797,19656600.0
2017-08-01,ADVANC.BK,185.0,186.5,184.5,185.5,124.91905975341797,6495200.0
2017-08-02,ADVANC.BK,186.0,186.0,184.0,184.5,124.24563598632812,7627100.0
2017-08-03,ADVANC.BK,185.0,188.5,185.0,188.0,126.60260009765625,9163700.0
2017-08-04,ADVANC.BK,188.5,189.5,187.0,188.0,126.60260009765625,5245400.0
2017-08-07,ADVANC.BK,184.0,184.5,182.5,182.5,125.23699951171875,5791000.0
2017-08-08,ADVANC.BK,183.5,184.5,183.0,184.0,126.26637268066406,2945100.0
2017-08-09,ADVANC.BK,184.5,184.5,183.0,184.0,126.26637268066406,2131800.0
2017-08-10,ADVANC.BK,184.0,184.5,182.5,182.5,125.23699951171875,2425400.0
2017-08-11,ADVANC.BK,182.0,182.5,178.0,178.5,122.4920883178711,7915200.0
2017-08-15,ADVANC.BK,179.0,180.0,178.0,178.5,122.4920883178711,2907500.0
2017-08-16,ADVANC.BK,178.5,180.5,177.0,180.0,123.52141571044922,4844700.0
2017-08-17,ADVANC.BK,180.5,180.5,179.5,180.0,123.52141571044922,2027500.0
2017-08-18,ADVANC.BK,180.0,180.5,179.0,180.0,123.52141571044922,3703200.0
2017-08-21,ADVANC.BK,180.0,182.0,179.5,181.0,124.20762634277344,2985900.0
2017-08-22,ADVANC.BK,181.5,181.5,179.0,181.5,124.55078887939453,3464000.0
2017-08-23,ADVANC.BK,180.5,181.5,180.0,180.0,123.52141571044922,3142500.0
2017-08-24,ADVANC.BK,180.5,180.5,179.5,180.0,123.52141571044922,1996500.0
2017-08-25,ADVANC.BK,180.0,185.0,179.5,182.5,125.23699951171875,7722000.0
2017-08-28,ADVANC.BK,185.0,185.0,185.0,185.0,126.95256042480469,865600.0
2017-08-29,ADVANC.BK,186.0,189.5,185.0,188.0,129.0113067626953,15209700.0
2017-08-30,ADVANC.BK,188.5,190.0,187.5,188.0,129.0113067626953,6119500.0
2017-08-31,ADVANC.BK,188.0,188.5,186.0,187.5,128.6681365966797,5872600.0
2017-09-01,ADVANC.BK,188.5,191.0,188.0,190.5,130.7268524169922,6572300.0
2017-09-04,ADVANC.BK,190.5,192.0,189.5,192.0,131.75619506835938,4822100.0
2017-09-05,ADVANC.BK,191.5,191.5,189.0,191.0,131.0699462890625,5339800.0
2017-09-06,ADVANC.BK,189.5,190.5,189.0,190.0,130.38372802734375,3756100.0
2017-09-07,ADVANC.BK,190.0,191.0,189.0,190.0,130.38372802734375,6324500.0
2017-09-08,ADVANC.BK,191.5,194.5,191.0,192.0,131.75619506835938,17800000.0
2017-09-11,ADVANC.BK,192.0,192.0,190.0,191.0,131.0699462890625,5127300.0
2017-09-12,ADVANC.BK,191.5,192.5,190.0,191.0,131.0699462890625,5671200.0
2017-09-13,ADVANC.BK,192.0,193.5,191.0,191.0,131.0699462890625,7799200.0
2017-09-14,ADVANC.BK,191.5,195.0,191.5,195.0,133.81488037109375,7956400.0
2017-09-15,ADVANC.BK,194.5,198.0,193.5,194.5,133.47177124023438,10633800.0
2017-09-18,ADVANC.BK,194.5,196.5,193.5,194.0,133.12867736816406,9510400.0
2017-09-19,ADVANC.BK,194.5,195.0,193.0,193.0,132.44241333007812,6019500.0
2017-09-20,ADVANC.BK,193.0,193.0,190.5,190.5,130.7268524169922,5666300.0
2017-09-21,ADVANC.BK,191.0,195.0,191.0,192.5,132.09930419921875,7126800.0
2017-09-22,ADVANC.BK,192.0,194.0,191.5,191.5,131.41305541992188,5111000.0
2017-09-25,ADVANC.BK,191.5,194.0,191.5,194.0,133.12867736816406,3031100.0
2017-09-26,ADVANC.BK,194.5,194.5,193.0,193.0,132.44241333007812,4438300.0
2017-09-27,ADVANC.BK,193.0,194.5,192.5,193.0,132.44241333007812,5002400.0
2017-09-28,ADVANC.BK,193.5,195.0,193.0,193.5,132.78553771972656,6496400.0
2017-09-29,ADVANC.BK,193.0,193.5,190.0,191.0,131.0699462890625,7668400.0
2017-10-02,ADVANC.BK,191.0,192.5,190.0,191.0,131.0699462890625,8039500.0
2017-10-03,ADVANC.BK,192.0,192.5,190.0,191.0,131.0699462890625,5771100.0
2017-10-04,ADVANC.BK,191.5,192.0,189.5,190.0,130.38372802734375,5848200.0
2017-10-05,ADVANC.BK,190.0,192.5,189.5,192.0,131.75619506835938,5382200.0
2017-10-06,ADVANC.BK,192.0,193.0,191.5,191.5,131.41305541992188,4546700.0
2017-10-09,ADVANC.BK,191.0,192.0,191.0,191.0,131.0699462890625,3010100.0
2017-10-10,ADVANC.BK,191.5,194.5,191.5,194.0,133.12867736816406,6673500.0
2017-10-11,ADVANC.BK,194.5,195.0,193.0,194.0,133.12867736816406,4619200.0
2017-10-12,ADVANC.BK,194.0,195.0,193.5,195.0,133.81488037109375,4699500.0
2017-10-16,ADVANC.BK,195.5,198.0,195.0,197.0,135.1873779296875,8551100.0
2017-10-17,ADVANC.BK,198.0,199.5,197.0,199.5,136.90293884277344,9496100.0
2017-10-18,ADVANC.BK,199.5,201.0,195.0,195.0,133.81488037109375,9406300.0
2017-10-19,ADVANC.BK,194.5,195.5,192.0,192.5,132.09930419921875,6342600.0
2017-10-20,ADVANC.BK,192.5,195.5,192.5,193.0,132.44241333007812,9439900.0
2017-10-24,ADVANC.BK,193.5,195.5,193.5,195.0,133.81488037109375,4043000.0
2017-10-25,ADVANC.BK,196.0,197.5,195.0,195.5,134.1580047607422,5525200.0
2017-10-27,ADVANC.BK,196.0,197.5,193.0,193.5,132.78553771972656,5800300.0
2017-10-30,ADVANC.BK,193.5,194.5,192.5,194.0,133.12867736816406,7409000.0
2017-10-31,ADVANC.BK,194.5,195.0,193.5,194.5,133.47177124023438,5169400.0
2017-11-01,ADVANC.BK,194.5,195.5,193.0,193.0,132.44241333007812,5097700.0
2017-11-02,ADVANC.BK,193.0,193.0,185.5,187.5,128.6681365966797,13243700.0
2017-11-03,ADVANC.BK,189.0,189.0,184.0,184.5,126.6094970703125,13517200.0
2017-11-06,ADVANC.BK,185.0,187.5,183.5,186.5,127.98194122314453,10994500.0
2017-11-07,ADVANC.BK,187.0,188.5,186.5,186.5,127.98194122314453,5376000.0
2017-11-08,ADVANC.BK,187.0,187.5,184.5,184.5,126.6094970703125,7653300.0
2017-11-09,ADVANC.BK,184.5,185.0,180.5,180.5,123.86454010009766,15130000.0
2017-11-10,ADVANC.BK,180.0,182.0,180.0,180.5,123.86454010009766,9398400.0
2017-11-13,ADVANC.BK,180.5,181.0,178.0,178.0,122.14898681640625,9473800.0
2017-11-14,ADVANC.BK,179.0,181.5,178.5,180.5,123.86454010009766,5605700.0
2017-11-15,ADVANC.BK,180.5,182.0,180.0,181.0,124.20762634277344,4439600.0
2017-11-16,ADVANC.BK,182.0,183.0,181.0,182.0,124.89388275146484,3912400.0
2017-11-17,ADVANC.BK,183.0,183.5,181.5,182.5,125.23699951171875,4085500.0
2017-11-20,ADVANC.BK,183.0,183.0,179.5,179.5,123.17831420898438,3975800.0
2017-11-21,ADVANC.BK,179.0,179.0,179.0,179.0,122.83521270751953,6717800.0
2017-11-22,ADVANC.BK,180.0,180.0,178.5,178.5,122.4920883178711,3831900.0
2017-11-23,ADVANC.BK,179.0,179.0,175.0,175.0,120.09030151367188,10055000.0
2017-11-24,ADVANC.BK,175.0,177.5,174.0,177.5,121.80585479736328,7831000.0
2017-11-27,ADVANC.BK,177.5,178.5,177.0,178.0,122.14898681640625,3105200.0
2017-11-28,ADVANC.BK,178.0,178.5,176.0,176.0,120.7764892578125,4071100.0
2017-11-29,ADVANC.BK,176.5,177.5,175.5,176.0,120.7764892578125,3665200.0
2017-11-30,ADVANC.BK,175.5,177.5,174.5,174.5,119.7471694946289,8961600.0
2017-12-01,ADVANC.BK,175.0,176.5,174.0,175.0,120.09030151367188,5503900.0
2017-12-04,ADVANC.BK,175.5,176.5,175.0,176.0,120.7764892578125,4091500.0
2017-12-06,ADVANC.BK,175.0,178.0,174.5,178.0,122.14898681640625,5991400.0
2017-12-07,ADVANC.BK,177.5,178.0,177.0,178.0,122.14898681640625,3702100.0
2017-12-08,ADVANC.BK,178.5,179.0,177.0,177.5,121.80585479736328,4003800.0
2017-12-12,ADVANC.BK,177.5,179.5,176.5,179.0,122.83521270751953,4868000.0
2017-12-13,ADVANC.BK,179.5,186.0,179.0,186.0,127.6388168334961,12878000.0
2017-12-14,ADVANC.BK,185.5,187.0,185.0,187.0,128.32504272460938,7155400.0
2017-12-15,ADVANC.BK,186.5,187.5,184.5,185.5,127.29568481445312,6619500.0
2017-12-18,ADVANC.BK,185.5,188.0,185.5,187.0,128.32504272460938,6703000.0
2017-12-19,ADVANC.BK,187.0,187.5,183.0,183.5,125.92322540283203,7766400.0
2017-12-20,ADVANC.BK,184.0,186.0,184.0,184.5,126.6094970703125,4005600.0
2017-12-21,ADVANC.BK,185.0,186.0,184.5,185.5,127.29568481445312,2187600.0
2017-12-22,ADVANC.BK,186.0,186.0,185.0,186.0,127.6388168334961,1875900.0
2017-12-25,ADVANC.BK,186.5,187.0,186.0,187.0,128.32504272460938,1997800.0
2017-12-26,ADVANC.BK,187.0,187.0,186.0,186.5,127.98194122314453,1562000.0
2017-12-27,ADVANC.BK,187.0,187.5,185.5,186.5,127.98194122314453,2968200.0
2017-12-28,ADVANC.BK,188.0,191.0,188.0,189.0,129.69752502441406,15192700.0
2017-12-29,ADVANC.BK,189.5,191.0,189.0,191.0,131.0699462890625,4871100.0
2018-01-03,ADVANC.BK,191.5,197.5,191.0,196.5,134.84422302246094,15405400.0
2018-01-04,ADVANC.BK,196.5,197.0,194.0,194.0,133.12867736816406,8361700.0
2018-01-05,ADVANC.BK,195.0,197.0,194.5,195.0,133.81488037109375,10294800.0
2018-01-08,ADVANC.BK,195.0,197.0,194.5,196.0,134.50111389160156,8141500.0
2018-01-09,ADVANC.BK,194.5,194.5,194.5,194.5,133.47177124023438,690900.0
2018-01-10,ADVANC.BK,196.0,196.5,193.5,194.0,133.12867736816406,6947400.0
2018-01-11,ADVANC.BK,194.5,194.5,190.5,192.0,131.75619506835938,10103200.0
2018-01-12,ADVANC.BK,192.0,193.5,191.5,192.0,131.75619506835938,9137300.0
2018-01-15,ADVANC.BK,192.0,195.5,191.5,194.5,133.47177124023438,8688200.0
2018-01-16,ADVANC.BK,195.5,195.5,193.5,193.5,132.78553771972656,4059500.0
2018-01-17,ADVANC.BK,193.0,193.5,192.0,192.5,132.09930419921875,6108400.0
2018-01-18,ADVANC.BK,192.5,194.0,192.0,192.0,131.75619506835938,7735300.0
2018-01-19,ADVANC.BK,191.0,194.0,190.5,193.0,132.44241333007812,7728300.0
2018-01-22,ADVANC.BK,193.0,195.0,192.5,195.0,133.81488037109375,6249100.0
2018-01-23,ADVANC.BK,195.0,197.5,195.0,196.5,134.84422302246094,10599600.0
2018-01-24,ADVANC.BK,196.5,198.0,195.5,198.0,135.87356567382812,5367500.0
2018-01-25,ADVANC.BK,198.0,198.5,192.5,193.0,132.44241333007812,11350100.0
2018-01-26,ADVANC.BK,193.5,194.5,193.0,194.0,133.12867736816406,6132500.0
2018-01-29,ADVANC.BK,195.0,195.5,193.5,194.0,133.12867736816406,4023400.0
2018-01-30,ADVANC.BK,193.5,194.0,192.5,193.5,132.78553771972656,3250400.0
2018-01-31,ADVANC.BK,193.0,194.5,192.5,192.5,132.09930419921875,4256100.0
2018-02-01,ADVANC.BK,192.5,195.0,192.5,194.0,133.12867736816406,3886800.0
2018-02-02,ADVANC.BK,194.5,195.5,193.5,194.5,133.47177124023438,4953200.0
2018-02-05,ADVANC.BK,192.0,194.5,192.0,194.5,133.47177124023438,6542700.0
2018-02-06,ADVANC.BK,191.5,192.5,190.5,192.0,131.75619506835938,10929700.0
2018-02-07,ADVANC.BK,194.0,195.5,192.0,193.0,132.44241333007812,10779300.0
2018-02-08,ADVANC.BK,193.0,194.0,192.0,192.0,131.75619506835938,3680300.0
2018-02-09,ADVANC.BK,191.0,192.5,190.5,192.5,132.09930419921875,5161500.0
2018-02-12,ADVANC.BK,193.5,194.0,193.0,193.5,132.78553771972656,3315600.0
2018-02-13,ADVANC.BK,194.0,196.0,194.0,195.5,134.1580047607422,6603800.0
2018-02-14,ADVANC.BK,196.5,196.5,195.0,195.0,133.81488037109375,3175900.0
2018-02-15,ADVANC.BK,195.5,196.0,194.5,196.0,134.50111389160156,2323000.0
2018-02-16,ADVANC.BK,196.5,197.0,195.0,195.0,133.81488037109375,1881900.0
2018-02-19,ADVANC.BK,195.0,195.5,193.5,194.0,133.12867736816406,2917800.0
2018-02-20,ADVANC.BK,194.0,194.5,193.5,193.5,132.78553771972656,1814300.0
2018-02-21,ADVANC.BK,194.0,194.5,192.5,192.5,132.09930419921875,3020400.0
2018-02-22,ADVANC.BK,193.0,194.5,192.0,192.5,132.09930419921875,3616800.0
2018-02-23,ADVANC.BK,193.0,195.0,192.5,194.5,133.47177124023438,2635900.0
2018-02-26,ADVANC.BK,195.0,196.0,194.5,196.0,134.50111389160156,4477600.0
2018-02-27,ADVANC.BK,197.0,200.0,195.0,196.0,134.50111389160156,14386300.0
2018-02-28,ADVANC.BK,196.0,199.5,196.0,198.0,135.87356567382812,7233100.0
2018-03-02,ADVANC.BK,197.5,199.5,196.0,197.0,135.1873779296875,5794800.0
2018-03-05,ADVANC.BK,197.0,198.0,194.0,196.5,134.84422302246094,6526700.0
2018-03-06,ADVANC.BK,200.0,200.0,200.0,200.0,137.24603271484375,812200.0
2018-03-07,ADVANC.BK,200.0,201.0,197.5,197.5,135.53045654296875,7438000.0
2018-03-08,ADVANC.BK,197.5,202.0,197.5,201.0,137.9322509765625,8078000.0
2018-03-09,ADVANC.BK,203.0,206.0,202.0,204.0,139.9909210205078,10752100.0
2018-03-12,ADVANC.BK,206.0,208.0,205.0,208.0,142.7358856201172,7325100.0
2018-03-13,ADVANC.BK,207.0,210.0,207.0,207.0,142.0496368408203,8419900.0
2018-03-14,ADVANC.BK,207.0,208.0,206.0,207.0,142.0496368408203,5382300.0
2018-03-15,ADVANC.BK,206.0,209.0,203.0,207.0,142.0496368408203,7950800.0
2018-03-16,ADVANC.BK,208.0,215.0,207.0,212.0,145.48077392578125,14273600.0
2018-03-19,ADVANC.BK,213.0,213.0,208.0,210.0,144.1083221435547,6160600.0
2018-03-20,ADVANC.BK,209.0,210.0,207.0,210.0,144.1083221435547,4093700.0
2018-03-21,ADVANC.BK,212.0,215.0,209.0,210.0,144.1083221435547,8368700.0
2018-03-22,ADVANC.BK,212.0,213.0,208.0,209.0,143.42210388183594,3840400.0
2018-03-23,ADVANC.BK,204.0,209.0,204.0,209.0,143.42210388183594,3504100.0
2018-03-26,ADVANC.BK,209.0,213.0,209.0,212.0,145.48077392578125,3238900.0
2018-03-27,ADVANC.BK,213.0,213.0,206.0,206.0,141.36341857910156,10850000.0
2018-03-28,ADVANC.BK,206.0,209.0,205.0,208.0,142.7358856201172,3843200.0
2018-03-29,ADVANC.BK,207.0,209.0,206.0,206.0,141.36341857910156,5622200.0
2018-03-30,ADVANC.BK,208.0,209.0,206.0,208.0,142.7358856201172,4148700.0
2018-04-02,ADVANC.BK,208.0,209.0,207.0,209.0,143.42210388183594,3296000.0
2018-04-03,ADVANC.BK,208.0,213.0,206.0,207.0,142.0496368408203,7549600.0
2018-04-04,ADVANC.BK,208.0,211.0,202.0,202.0,138.6184844970703,7834600.0
2018-04-05,ADVANC.BK,200.0,200.0,196.0,197.0,137.61953735351562,9000400.0
2018-04-09,ADVANC.BK,197.0,201.0,197.0,201.0,140.413818359375,5719200.0
2018-04-10,ADVANC.BK,201.0,202.0,199.5,199.5,139.365966796875,2482400.0
2018-04-11,ADVANC.BK,199.0,201.0,197.5,200.0,139.71524047851562,2590400.0
2018-04-12,ADVANC.BK,201.0,201.0,200.0,201.0,140.413818359375,1559800.0
2018-04-17,ADVANC.BK,202.0,205.0,201.0,204.0,142.5095672607422,5579200.0
2018-04-18,ADVANC.BK,204.0,205.0,201.0,203.0,141.8109893798828,3210200.0
2018-04-19,ADVANC.BK,201.0,203.0,199.0,203.0,141.8109893798828,5225400.0
2018-04-20,ADVANC.BK,202.0,207.0,202.0,207.0,144.6053009033203,7638000.0
2018-04-23,ADVANC.BK,206.0,206.0,204.0,204.0,142.5095672607422,4586300.0
2018-04-24,ADVANC.BK,206.0,209.0,206.0,208.0,145.30384826660156,7889300.0
2018-04-25,ADVANC.BK,207.0,209.0,206.0,207.0,144.6053009033203,3424800.0
2018-04-26,ADVANC.BK,207.0,208.0,204.0,206.0,143.90672302246094,2583600.0
2018-04-27,ADVANC.BK,207.0,209.0,205.0,209.0,146.00242614746094,5240400.0
2018-04-30,ADVANC.BK,209.0,209.0,207.0,208.0,145.30384826660156,2166100.0
2018-05-02,ADVANC.BK,207.0,209.0,206.0,209.0,146.00242614746094,4282400.0
2018-05-03,ADVANC.BK,207.0,209.0,206.0,207.0,144.6053009033203,6841300.0
2018-05-04,ADVANC.BK,207.0,208.0,206.0,206.0,143.90672302246094,2441100.0
2018-05-07,ADVANC.BK,207.0,209.0,206.0,209.0,146.00242614746094,2481200.0
2018-05-08,ADVANC.BK,209.0,209.0,203.0,204.0,142.5095672607422,4778300.0
2018-05-09,ADVANC.BK,201.0,201.0,195.0,195.0,136.2223663330078,14610100.0
2018-05-10,ADVANC.BK,193.5,197.5,193.5,194.0,135.5238037109375,8953500.0
2018-05-11,ADVANC.BK,195.0,197.5,193.5,197.0,137.61953735351562,7377300.0
2018-05-14,ADVANC.BK,197.5,199.5,196.0,198.5,138.6674041748047,5814100.0
2018-05-15,ADVANC.BK,197.5,198.0,194.0,196.0,136.92095947265625,7066100.0
2018-05-16,ADVANC.BK,194.5,195.0,190.5,191.5,133.77734375,8915900.0
2018-05-17,ADVANC.BK,192.0,192.0,187.0,188.5,131.68165588378906,12349300.0
2018-05-18,ADVANC.BK,188.5,192.5,185.5,192.0,134.1266632080078,11758000.0
2018-05-21,ADVANC.BK,193.5,194.0,191.0,193.0,134.82522583007812,4067100.0
2018-05-22,ADVANC.BK,193.0,195.0,193.0,194.5,135.87307739257812,5502800.0
2018-05-23,ADVANC.BK,194.5,195.5,193.0,195.0,136.2223663330078,2744400.0
2018-05-24,ADVANC.BK,193.5,194.5,192.0,193.5,135.17449951171875,2705600.0
2018-05-25,ADVANC.BK,194.0,194.5,193.0,194.5,135.87307739257812,2870900.0
2018-05-28,ADVANC.BK,194.5,195.0,193.0,193.5,135.17449951171875,1403800.0
2018-05-30,ADVANC.BK,192.0,193.5,189.0,191.5,133.77734375,5514300.0
2018-05-31,ADVANC.BK,191.0,192.5,189.0,190.5,133.07879638671875,7580000.0
2018-06-01,ADVANC.BK,190.5,191.0,188.5,190.5,133.07879638671875,3812600.0
2018-06-04,ADVANC.BK,189.0,195.0,189.0,194.5,135.87307739257812,3900800.0
2018-06-05,ADVANC.BK,194.5,194.5,190.0,193.5,135.17449951171875,4989000.0
2018-06-06,ADVANC.BK,193.0,196.0,193.0,195.5,136.57167053222656,5832100.0
2018-06-07,ADVANC.BK,196.0,196.5,192.5,192.5,134.47592163085938,3036900.0
2018-06-08,ADVANC.BK,193.0,195.5,192.5,193.0,134.82522583007812,3641800.0
2018-06-11,ADVANC.BK,192.5,193.0,191.0,191.0,133.42808532714844,4662800.0
2018-06-12,ADVANC.BK,191.5,192.5,190.5,191.0,133.42808532714844,4732200.0
2018-06-13,ADVANC.BK,190.0,191.0,188.5,189.5,132.38021850585938,6697000.0
2018-06-14,ADVANC.BK,188.5,189.0,186.5,189.0,132.03089904785156,7210100.0
2018-06-15,ADVANC.BK,190.5,194.5,190.0,190.5,133.07879638671875,15715500.0
2018-06-18,ADVANC.BK,190.0,194.5,190.0,193.0,134.82522583007812,7958900.0
2018-06-19,ADVANC.BK,190.5,192.5,189.0,189.0,132.03089904785156,8195100.0
2018-06-20,ADVANC.BK,189.5,192.0,188.5,191.5,133.77734375,6210400.0
2018-06-21,ADVANC.BK,191.5,192.0,184.5,186.0,129.93519592285156,8973200.0
2018-06-22,ADVANC.BK,187.5,188.5,186.0,187.5,130.98306274414062,2895800.0
2018-06-25,ADVANC.BK,187.5,188.5,186.0,187.5,130.98306274414062,2861700.0
2018-06-26,ADVANC.BK,187.5,188.0,185.0,186.0,129.93519592285156,3226500.0
2018-06-27,ADVANC.BK,187.0,189.0,186.0,187.0,130.63372802734375,3507700.0
2018-06-28,ADVANC.BK,187.5,189.0,185.5,185.5,129.58590698242188,4861600.0
2018-06-29,ADVANC.BK,186.0,188.0,184.5,185.0,129.2366180419922,5444600.0
2018-07-02,ADVANC.BK,186.0,191.5,185.0,191.5,133.77734375,5742800.0
2018-07-03,ADVANC.BK,191.0,191.5,188.5,191.5,133.77734375,4284400.0
2018-07-04,ADVANC.BK,191.0,193.5,190.5,193.5,135.17449951171875,5010400.0
2018-07-05,ADVANC.BK,193.5,194.0,191.5,193.0,134.82522583007812,3041100.0
2018-07-06,ADVANC.BK,194.0,196.5,192.5,196.5,137.2702178955078,6073900.0
2018-07-09,ADVANC.BK,197.0,198.5,196.0,197.5,137.96881103515625,5124600.0
2018-07-10,ADVANC.BK,197.5,198.0,194.5,197.0,137.61953735351562,3171400.0
2018-07-11,ADVANC.BK,194.0,199.5,194.0,197.0,137.61953735351562,5059600.0
2018-07-12,ADVANC.BK,197.5,198.0,196.0,197.0,137.61953735351562,1572000.0
2018-07-13,ADVANC.BK,198.0,198.5,196.0,197.0,137.61953735351562,1880200.0
2018-07-16,ADVANC.BK,195.0,197.5,194.5,197.5,137.96881103515625,2472100.0
2018-07-17,ADVANC.BK,197.0,198.5,196.0,196.5,137.2702178955078,2375100.0
2018-07-18,ADVANC.BK,196.5,197.0,195.0,197.0,137.61953735351562,1963400.0
2018-07-19,ADVANC.BK,197.5,198.0,195.5,196.5,137.2702178955078,2533600.0
2018-07-20,ADVANC.BK,196.5,199.5,196.5,198.0,138.31809997558594,4740000.0
2018-07-23,ADVANC.BK,197.5,198.5,196.5,197.5,137.96881103515625,1603700.0
2018-07-24,ADVANC.BK,199.0,199.5,196.5,197.5,137.96881103515625,4111200.0
2018-07-25,ADVANC.BK,197.5,199.0,197.0,197.5,137.96881103515625,3687900.0
2018-07-26,ADVANC.BK,198.0,201.0,198.0,199.5,139.365966796875,5083000.0
2018-07-31,ADVANC.BK,201.0,203.0,200.0,202.0,141.11239624023438,5996300.0
2018-08-01,ADVANC.BK,204.0,206.0,202.0,204.0,142.5095672607422,5659400.0
2018-08-02,ADVANC.BK,204.0,204.0,199.5,202.0,141.11239624023438,3440200.0
2018-08-03,ADVANC.BK,199.0,200.0,198.5,198.5,138.6674041748047,6389700.0
2018-08-06,ADVANC.BK,199.5,202.0,199.0,199.5,139.365966796875,2658100.0
2018-08-07,ADVANC.BK,199.5,201.0,198.5,199.5,139.365966796875,2840700.0
2018-08-08,ADVANC.BK,199.5,204.0,199.5,204.0,142.5095672607422,4271300.0
2018-08-09,ADVANC.BK,204.0,205.0,203.0,204.0,142.5095672607422,2775400.0
2018-08-10,ADVANC.BK,204.0,204.0,201.0,202.0,141.11239624023438,2241400.0
2018-08-14,ADVANC.BK,201.0,201.0,198.0,200.0,139.71524047851562,6769700.0
2018-08-15,ADVANC.BK,196.0,196.5,193.5,193.5,137.7785186767578,5489600.0
2018-08-16,ADVANC.BK,193.0,195.0,193.0,194.5,138.49053955078125,4923200.0
2018-08-17,ADVANC.BK,196.0,197.0,195.0,197.0,140.27064514160156,4066700.0
2018-08-20,ADVANC.BK,197.5,201.0,197.5,200.0,142.40672302246094,7812900.0
2018-08-21,ADVANC.BK,200.0,201.0,197.0,198.0,140.982666015625,5089000.0
2018-08-22,ADVANC.BK,198.5,201.0,197.0,198.0,140.982666015625,7409400.0
2018-08-23,ADVANC.BK,199.0,199.5,198.0,199.5,142.0507049560547,3330100.0
2018-08-24,ADVANC.BK,198.5,199.5,198.0,199.0,141.69473266601562,2450700.0
2018-08-27,ADVANC.BK,199.5,202.0,199.0,200.0,142.40672302246094,3441600.0
2018-08-28,ADVANC.BK,202.0,202.0,200.0,202.0,143.830810546875,2661100.0
2018-08-29,ADVANC.BK,203.0,204.0,201.0,203.0,144.5428466796875,2879500.0
2018-08-30,ADVANC.BK,203.0,204.0,200.0,201.0,143.1187744140625,2119000.0
2018-08-31,ADVANC.BK,200.0,203.0,200.0,202.0,143.830810546875,2455600.0
2018-09-03,ADVANC.BK,201.0,203.0,201.0,201.0,143.1187744140625,1003000.0
2018-09-04,ADVANC.BK,201.0,203.0,200.0,201.0,143.1187744140625,2412000.0
2018-09-05,ADVANC.BK,200.0,201.0,197.5,198.5,141.33871459960938,4280100.0
2018-09-06,ADVANC.BK,198.5,199.5,195.0,198.0,140.982666015625,6008300.0
2018-09-07,ADVANC.BK,196.5,197.0,195.5,196.5,139.91461181640625,2470600.0
2018-09-10,ADVANC.BK,195.5,199.0,195.5,199.0,141.69473266601562,2077400.0
2018-09-11,ADVANC.BK,199.0,202.0,199.0,199.5,142.0507049560547,6382300.0
2018-09-12,ADVANC.BK,198.0,201.0,198.0,200.0,142.40672302246094,3087100.0
2018-09-13,ADVANC.BK,201.0,203.0,199.5,201.0,143.1187744140625,5267400.0
2018-09-14,ADVANC.BK,202.0,203.0,199.5,200.0,142.40672302246094,3917500.0
2018-09-17,ADVANC.BK,200.0,202.0,199.5,201.0,143.1187744140625,2072200.0
2018-09-18,ADVANC.BK,201.0,204.0,201.0,204.0,145.2548828125,4332600.0
2018-09-19,ADVANC.BK,205.0,205.0,200.0,201.0,143.1187744140625,10223900.0
2018-09-20,ADVANC.BK,201.0,203.0,201.0,201.0,143.1187744140625,3130200.0
2018-09-21,ADVANC.BK,201.0,202.0,200.0,202.0,143.830810546875,5829000.0
2018-09-24,ADVANC.BK,201.0,202.0,199.5,200.0,142.40672302246094,3537700.0
2018-09-25,ADVANC.BK,200.0,201.0,199.0,199.5,142.0507049560547,4488300.0
2018-09-26,ADVANC.BK,200.0,202.0,200.0,202.0,143.830810546875,3826900.0
2018-09-27,ADVANC.BK,202.0,203.0,199.0,202.0,143.830810546875,5632100.0
2018-09-28,ADVANC.BK,202.0,203.0,201.0,201.0,143.1187744140625,2841400.0
2018-10-01,ADVANC.BK,202.0,202.0,199.0,200.0,142.40672302246094,2844900.0
2018-10-02,ADVANC.BK,199.0,200.0,197.5,199.5,142.0507049560547,6544000.0
2018-10-03,ADVANC.BK,199.0,200.0,198.5,199.0,141.69473266601562,1953900.0
2018-10-04,ADVANC.BK,198.5,199.5,198.0,199.0,141.69473266601562,3569400.0
2018-10-05,ADVANC.BK,199.5,201.0,198.5,198.5,141.33871459960938,2658200.0
2018-10-08,ADVANC.BK,199.5,201.0,197.0,197.0,140.27064514160156,4518200.0
2018-10-09,ADVANC.BK,196.5,197.5,195.0,195.5,139.20260620117188,4431700.0
2018-10-10,ADVANC.BK,197.5,198.5,197.0,198.5,141.33871459960938,2315200.0
2018-10-11,ADVANC.BK,195.0,197.0,194.5,196.0,139.55862426757812,7006800.0
2018-10-12,ADVANC.BK,197.5,197.5,195.5,196.0,139.55862426757812,1773600.0
2018-10-16,ADVANC.BK,196.5,197.5,195.5,197.5,140.62664794921875,3298600.0
2018-10-17,ADVANC.BK,198.0,198.5,196.0,196.0,139.55862426757812,1932100.0
2018-10-18,ADVANC.BK,196.0,198.0,195.5,196.5,139.91461181640625,2199500.0
2018-10-19,ADVANC.BK,197.0,197.5,195.5,197.0,140.27064514160156,5017600.0
2018-10-22,ADVANC.BK,197.0,197.0,195.0,195.0,138.8465576171875,2315400.0
2018-10-24,ADVANC.BK,194.0,195.5,190.5,191.0,135.9984588623047,5097700.0
2018-10-25,ADVANC.BK,189.5,192.5,186.5,192.5,137.0664825439453,7843300.0
2018-10-26,ADVANC.BK,191.5,194.0,190.0,193.0,137.42251586914062,3683900.0
2018-10-29,ADVANC.BK,192.5,194.5,191.5,194.5,138.49053955078125,1942400.0
2018-10-30,ADVANC.BK,194.5,194.5,192.0,192.0,136.71047973632812,2214100.0
2018-10-31,ADVANC.BK,194.0,196.0,193.0,196.0,139.55862426757812,3018800.0
2018-11-01,ADVANC.BK,196.0,197.5,195.0,196.5,139.91461181640625,2439500.0
2018-11-02,ADVANC.BK,191.0,191.5,187.5,189.0,134.57435607910156,21535700.0
2018-11-05,ADVANC.BK,188.0,189.0,184.0,184.5,131.37022399902344,13995600.0
2018-11-06,ADVANC.BK,185.5,186.5,181.0,181.5,129.23411560058594,16815000.0
2018-11-07,ADVANC.BK,182.0,184.0,179.5,184.0,131.0142059326172,19417700.0
2018-11-08,ADVANC.BK,184.0,184.0,181.5,183.0,130.3022003173828,10435500.0
2018-11-09,ADVANC.BK,182.0,183.0,180.5,182.0,129.5901336669922,5185600.0
2018-11-12,ADVANC.BK,183.0,183.0,181.0,181.5,129.23411560058594,3493300.0
2018-11-13,ADVANC.BK,180.5,182.5,179.5,181.5,129.23411560058594,7332600.0
2018-11-14,ADVANC.BK,180.5,181.5,180.0,181.0,128.87811279296875,3757400.0
2018-11-15,ADVANC.BK,181.0,181.0,177.0,177.5,126.38600158691406,12312700.0
2018-11-16,ADVANC.BK,177.5,177.5,175.5,176.5,125.6739501953125,5835700.0
2018-11-19,ADVANC.BK,177.0,181.0,176.5,180.5,128.52207946777344,8833100.0
2018-11-20,ADVANC.BK,180.5,180.5,176.5,177.5,126.38600158691406,6325600.0
2018-11-21,ADVANC.BK,176.5,178.0,176.5,177.5,126.38600158691406,8189900.0
2018-11-22,ADVANC.BK,177.5,178.0,177.0,177.0,126.0299301147461,2324500.0
2018-11-23,ADVANC.BK,177.0,178.5,175.0,177.5,126.38600158691406,7080700.0
2018-11-26,ADVANC.BK,178.0,179.0,177.0,178.0,126.74200439453125,4827900.0
2018-11-27,ADVANC.BK,178.0,178.5,176.5,178.0,126.74200439453125,4634300.0
2018-11-28,ADVANC.BK,178.5,182.0,178.0,181.5,129.23411560058594,8064200.0
2018-11-29,ADVANC.BK,181.0,182.0,176.0,176.5,125.6739501953125,13175900.0
2018-11-30,ADVANC.BK,176.0,178.5,175.5,178.5,127.09803771972656,10691400.0
2018-12-03,ADVANC.BK,180.0,180.5,179.0,179.0,127.45401000976562,5404700.0
2018-12-04,ADVANC.BK,179.0,179.5,176.0,176.5,125.6739501953125,9706700.0
2018-12-06,ADVANC.BK,175.5,177.0,174.0,177.0,126.0299301147461,9190000.0
2018-12-07,ADVANC.BK,175.5,176.0,174.5,175.0,124.60592651367188,4190300.0
2018-12-11,ADVANC.BK,174.0,175.0,172.5,173.0,123.18185424804688,6475900.0
2018-12-12,ADVANC.BK,173.5,174.0,172.0,172.5,122.82579803466797,3894800.0
2018-12-13,ADVANC.BK,172.5,172.5,166.5,166.5,118.55360412597656,11533200.0
2018-12-14,ADVANC.BK,165.0,170.5,165.0,170.0,121.04572296142578,10657800.0
2018-12-17,ADVANC.BK,171.0,171.5,169.0,171.0,121.75776672363281,5921300.0
2018-12-18,ADVANC.BK,171.0,171.0,167.0,168.0,119.62166595458984,5819700.0
2018-12-19,ADVANC.BK,168.5,172.5,167.5,172.5,122.82579803466797,5359900.0
2018-12-20,ADVANC.BK,172.0,173.5,170.5,173.5,123.537841796875,4617100.0
2018-12-21,ADVANC.BK,172.0,174.5,171.0,173.0,123.18185424804688,4763200.0
2018-12-24,ADVANC.BK,171.5,173.5,171.5,172.5,122.82579803466797,1740300.0
2018-12-25,ADVANC.BK,171.0,172.5,170.5,171.0,121.75776672363281,2547700.0
2018-12-26,ADVANC.BK,171.0,172.5,169.5,170.5,121.40174865722656,3089100.0
2018-12-27,ADVANC.BK,173.0,174.0,169.5,169.5,120.6897201538086,5425500.0
2018-12-28,ADVANC.BK,169.5,172.5,169.5,172.5,122.82579803466797,2419500.0
2019-01-02,ADVANC.BK,173.0,174.5,171.5,173.5,123.537841796875,3190700.0
2019-01-03,ADVANC.BK,174.0,176.0,172.5,172.5,122.82579803466797,5720500.0
2019-01-04,ADVANC.BK,172.5,178.0,172.5,177.0,126.0299301147461,7425100.0
2019-01-07,ADVANC.BK,178.0,178.0,176.5,177.0,126.0299301147461,3662300.0
2019-01-08,ADVANC.BK,177.0,178.0,176.5,177.5,126.38600158691406,2416100.0
2019-01-09,ADVANC.BK,178.0,179.0,177.0,178.5,127.09803771972656,4436900.0
2019-01-10,ADVANC.BK,178.5,178.5,172.5,174.0,123.89385986328125,8214500.0
2019-01-11,ADVANC.BK,173.5,174.0,167.5,169.0,120.33370971679688,19113700.0
2019-01-14,ADVANC.BK,167.0,171.0,166.0,169.0,120.33370971679688,7807200.0
2019-01-15,ADVANC.BK,170.0,172.5,169.5,172.0,122.46979522705078,5212100.0
2019-01-16,ADVANC.BK,172.5,172.5,169.0,171.5,122.11376953125,7527800.0
2019-01-17,ADVANC.BK,170.0,171.5,169.5,171.0,121.75776672363281,4140800.0
2019-01-18,ADVANC.BK,170.5,172.5,170.0,172.0,122.46979522705078,3984600.0
2019-01-21,ADVANC.BK,172.5,173.5,171.5,172.0,122.46979522705078,2808700.0
2019-01-22,ADVANC.BK,170.5,171.5,169.5,171.5,122.11376953125,4445000.0
2019-01-23,ADVANC.BK,171.0,175.5,171.0,175.0,124.60592651367188,10405100.0
2019-01-24,ADVANC.BK,174.5,177.0,173.5,177.0,126.0299301147461,8872800.0
2019-01-25,ADVANC.BK,177.5,177.5,175.0,177.0,126.0299301147461,3416500.0
2019-01-28,ADVANC.BK,177.5,179.0,176.0,177.5,126.38600158691406,4648300.0
2019-01-29,ADVANC.BK,177.0,179.5,177.0,179.5,127.81005096435547,7944300.0
2019-01-30,ADVANC.BK,179.5,180.5,178.0,179.0,127.45401000976562,6640100.0
2019-01-31,ADVANC.BK,180.0,180.5,178.5,178.5,127.09803771972656,5032600.0
2019-02-01,ADVANC.BK,179.5,180.5,179.0,180.0,128.1660614013672,3859600.0
2019-02-04,ADVANC.BK,180.0,180.5,178.5,180.0,128.1660614013672,1944600.0
2019-02-05,ADVANC.BK,179.5,180.5,178.5,179.5,127.81005096435547,2046200.0
2019-02-06,ADVANC.BK,180.0,180.0,179.0,180.0,128.1660614013672,2945000.0
2019-02-07,ADVANC.BK,180.0,185.0,179.0,183.5,130.658203125,16660800.0
2019-02-08,ADVANC.BK,184.0,188.0,182.0,188.0,133.8623504638672,16230100.0
2019-02-11,ADVANC.BK,183.5,184.0,181.0,181.0,128.87811279296875,11946300.0
2019-02-12,ADVANC.BK,180.5,183.5,180.5,181.0,128.87811279296875,6321900.0
2019-02-13,ADVANC.BK,182.0,182.5,181.0,182.0,129.5901336669922,4215800.0
2019-02-14,ADVANC.BK,183.5,185.5,182.5,184.5,131.37022399902344,9026200.0
2019-02-15,ADVANC.BK,184.0,184.0,182.5,183.5,130.658203125,3517200.0
2019-02-18,ADVANC.BK,184.5,184.5,182.5,183.5,130.658203125,3238200.0
2019-02-20,ADVANC.BK,179.0,179.5,177.0,177.5,128.70050048828125,9733300.0
2019-02-21,ADVANC.BK,177.5,180.0,177.0,178.0,129.06304931640625,6351400.0
2019-02-22,ADVANC.BK,178.0,178.5,177.0,178.5,129.4255828857422,6773700.0
2019-02-25,ADVANC.BK,179.5,181.0,179.0,179.5,130.15065002441406,7657600.0
2019-02-26,ADVANC.BK,179.5,184.0,178.5,183.5,133.0509033203125,10751600.0
2019-02-27,ADVANC.BK,183.5,184.0,182.0,182.5,132.32583618164062,4963500.0
2019-02-28,ADVANC.BK,183.0,185.0,181.5,182.0,131.96331787109375,6911000.0
2019-03-01,ADVANC.BK,183.0,183.5,182.0,182.5,132.32583618164062,4811500.0
2019-03-04,ADVANC.BK,183.0,183.0,179.0,181.0,131.23825073242188,6022500.0
2019-03-05,ADVANC.BK,180.5,182.0,180.5,181.0,131.23825073242188,2788800.0
2019-03-06,ADVANC.BK,181.0,182.5,178.5,179.0,129.78807067871094,5250900.0
2019-03-07,ADVANC.BK,178.5,181.0,178.5,180.0,130.51315307617188,4058900.0
2019-03-08,ADVANC.BK,179.5,180.0,178.5,179.5,130.15065002441406,2099300.0
2019-03-11,ADVANC.BK,180.0,181.0,179.0,179.0,129.78807067871094,1951100.0
2019-03-12,ADVANC.BK,179.5,180.0,178.5,179.5,130.15065002441406,3083900.0
2019-03-13,ADVANC.BK,179.5,181.0,178.5,181.0,131.23825073242188,4313100.0
2019-03-14,ADVANC.BK,181.5,182.0,180.5,180.5,130.875732421875,2275000.0
2019-03-15,ADVANC.BK,181.0,181.0,179.0,180.5,130.875732421875,3891800.0
2019-03-18,ADVANC.BK,181.0,181.0,179.5,180.5,130.875732421875,2024100.0
2019-03-19,ADVANC.BK,181.0,182.5,180.5,182.0,131.96331787109375,2868900.0
2019-03-20,ADVANC.BK,182.0,184.0,181.5,182.5,132.32583618164062,5562900.0
2019-03-21,ADVANC.BK,183.0,184.5,182.5,184.5,133.7760009765625,4368300.0
2019-03-22,ADVANC.BK,184.5,186.0,183.0,186.0,134.86361694335938,6099300.0
2019-03-25,ADVANC.BK,182.0,183.5,180.0,181.5,131.6007843017578,5851500.0
2019-03-26,ADVANC.BK,181.0,183.0,180.5,182.0,131.96331787109375,3393200.0
2019-03-27,ADVANC.BK,182.0,184.5,182.0,182.5,132.32583618164062,3806000.0
2019-03-28,ADVANC.BK,182.0,185.0,181.5,184.5,133.7760009765625,4392600.0
2019-03-29,ADVANC.BK,185.0,185.5,184.0,184.0,133.41348266601562,3383600.0
2019-04-01,ADVANC.BK,185.0,186.0,184.5,185.0,134.13853454589844,3064100.0
2019-04-02,ADVANC.BK,185.5,186.5,185.0,186.5,135.2261505126953,3613500.0
2019-04-03,ADVANC.BK,187.0,187.0,184.5,186.5,135.2261505126953,2116600.0
2019-04-04,ADVANC.BK,186.5,186.5,184.0,185.5,134.50108337402344,3064200.0
2019-04-05,ADVANC.BK,185.5,187.0,185.0,186.0,134.86361694335938,2743700.0
2019-04-09,ADVANC.BK,186.0,188.0,186.0,187.5,135.9512481689453,4898400.0
2019-04-10,ADVANC.BK,188.0,191.5,188.0,191.0,138.4889678955078,7231600.0
2019-04-11,ADVANC.BK,190.0,192.0,189.5,190.5,138.12644958496094,6158800.0
2019-04-12,ADVANC.BK,190.0,191.5,189.5,191.0,138.4889678955078,2734300.0
2019-04-17,ADVANC.BK,192.0,193.5,191.0,192.5,139.5765838623047,4311500.0
2019-04-18,ADVANC.BK,193.0,193.0,190.0,191.5,138.8515167236328,3947200.0
2019-04-19,ADVANC.BK,191.5,192.5,190.0,190.0,137.76390075683594,1757400.0
2019-04-22,ADVANC.BK,190.5,191.0,188.0,188.0,136.31375122070312,3294900.0
2019-04-23,ADVANC.BK,188.0,190.5,188.0,189.0,137.03883361816406,3396400.0
2019-04-24,ADVANC.BK,188.5,192.0,188.0,192.0,139.2140655517578,6735400.0
2019-04-25,ADVANC.BK,190.5,192.0,190.0,190.0,137.76390075683594,2815400.0
2019-04-26,ADVANC.BK,190.0,190.0,187.0,188.5,136.6763153076172,7490600.0
2019-04-29,ADVANC.BK,188.0,190.0,188.0,189.0,137.03883361816406,2938900.0
2019-04-30,ADVANC.BK,189.5,191.5,189.0,190.0,137.76390075683594,3538800.0
2019-05-02,ADVANC.BK,190.0,192.0,190.0,190.5,138.12644958496094,2426300.0
2019-05-03,ADVANC.BK,189.5,191.0,189.5,190.0,137.76390075683594,1855800.0
2019-05-07,ADVANC.BK,189.0,190.5,188.0,188.5,136.6763153076172,5683700.0
2019-05-08,ADVANC.BK,188.0,190.5,187.5,189.0,137.03883361816406,4147600.0
2019-05-09,ADVANC.BK,190.0,191.0,188.5,189.0,137.03883361816406,2542500.0
2019-05-10,ADVANC.BK,191.0,191.0,188.0,190.0,137.76390075683594,5290900.0
2019-05-13,ADVANC.BK,189.0,189.5,188.0,188.5,136.6763153076172,2126200.0
2019-05-14,ADVANC.BK,188.5,190.0,187.5,187.5,135.9512481689453,5502000.0
2019-05-15,ADVANC.BK,187.5,188.5,186.5,186.5,135.2261505126953,2803300.0
2019-05-16,ADVANC.BK,186.5,188.0,185.5,186.5,135.2261505126953,6211900.0
2019-05-17,ADVANC.BK,187.5,187.5,185.5,186.0,134.86361694335938,3307800.0
2019-05-21,ADVANC.BK,189.0,191.0,189.0,190.0,137.76390075683594,6958400.0
2019-05-22,ADVANC.BK,191.0,191.0,188.5,190.0,137.76390075683594,3916900.0
2019-05-23,ADVANC.BK,189.0,191.0,188.5,189.0,137.03883361816406,3972300.0
2019-05-24,ADVANC.BK,189.0,191.0,187.0,190.5,138.12644958496094,5011700.0
2019-05-27,ADVANC.BK,191.0,191.0,189.0,189.5,137.40138244628906,2667300.0
2019-05-28,ADVANC.BK,189.5,192.0,188.5,192.0,139.2140655517578,18485300.0
2019-05-29,ADVANC.BK,191.5,192.0,190.0,192.0,139.2140655517578,3644200.0
2019-05-30,ADVANC.BK,192.0,192.5,191.0,192.0,139.2140655517578,3009600.0
2019-05-31,ADVANC.BK,192.5,193.5,191.0,193.0,139.93914794921875,5630200.0
2019-06-04,ADVANC.BK,194.5,196.5,193.5,193.5,140.30165100097656,8967300.0
2019-06-05,ADVANC.BK,194.5,196.0,194.0,195.0,141.38926696777344,4789000.0
2019-06-06,ADVANC.BK,194.0,194.5,193.0,194.5,141.02671813964844,3460700.0
2019-06-07,ADVANC.BK,195.0,195.0,193.5,194.5,141.02671813964844,1815100.0
2019-06-10,ADVANC.BK,196.0,196.0,194.5,195.5,141.7517852783203,2922600.0
2019-06-11,ADVANC.BK,195.5,196.5,195.0,196.0,142.11436462402344,3902200.0
2019-06-12,ADVANC.BK,196.0,197.5,195.0,197.5,143.20196533203125,3747500.0
2019-06-13,ADVANC.BK,197.5,199.0,196.5,199.0,144.28955078125,6503800.0
2019-06-14,ADVANC.BK,198.0,198.5,196.5,198.5,143.9270477294922,3544700.0
2019-06-17,ADVANC.BK,198.0,199.0,196.5,196.5,142.4768829345703,2660400.0
2019-06-18,ADVANC.BK,196.0,199.5,196.0,199.0,144.28955078125,4482200.0
2019-06-19,ADVANC.BK,200.0,203.0,200.0,203.0,147.18984985351562,5905700.0
2019-06-20,ADVANC.BK,203.0,205.0,201.0,204.0,147.91493225097656,7584800.0
2019-06-21,ADVANC.BK,205.0,206.0,203.0,206.0,149.36508178710938,6073600.0
2019-06-24,ADVANC.BK,206.0,207.0,204.0,205.0,148.63999938964844,2186800.0
2019-06-25,ADVANC.BK,203.0,207.0,201.0,207.0,150.09014892578125,6293400.0
2019-06-26,ADVANC.BK,205.0,208.0,205.0,206.0,149.36508178710938,6279700.0
2019-06-27,ADVANC.BK,208.0,214.0,207.0,214.0,155.1656494140625,13302800.0
2019-06-28,ADVANC.BK,215.0,218.0,213.0,218.0,158.0659637451172,10025600.0
2019-07-01,ADVANC.BK,219.0,220.0,213.0,213.0,154.4405975341797,8497000.0
2019-07-02,ADVANC.BK,213.0,214.0,211.0,212.0,153.71551513671875,5423800.0
2019-07-03,ADVANC.BK,211.0,214.0,211.0,213.0,154.4405975341797,4494500.0
2019-07-04,ADVANC.BK,213.0,215.0,210.0,212.0,153.71551513671875,5610400.0
2019-07-05,ADVANC.BK,211.0,212.0,207.0,211.0,152.99044799804688,7217800.0
2019-07-08,ADVANC.BK,210.0,214.0,208.0,212.0,153.71551513671875,6419300.0
2019-07-09,ADVANC.BK,211.0,213.0,211.0,212.0,153.71551513671875,4564300.0
2019-07-10,ADVANC.BK,213.0,217.0,212.0,217.0,157.3408660888672,7438800.0
2019-07-11,ADVANC.BK,217.0,218.0,214.0,216.0,156.6157989501953,4527800.0
2019-07-12,ADVANC.BK,216.0,217.0,211.0,212.0,153.71551513671875,6591100.0
2019-07-15,ADVANC.BK,211.0,217.0,210.0,215.0,155.8907470703125,3804300.0
2019-07-17,ADVANC.BK,213.0,218.0,213.0,216.0,156.6157989501953,4958200.0
2019-07-18,ADVANC.BK,215.0,217.0,214.0,215.0,155.8907470703125,4311900.0
2019-07-19,ADVANC.BK,217.0,218.0,215.0,218.0,158.0659637451172,3772500.0
2019-07-22,ADVANC.BK,218.0,220.0,216.0,216.0,156.6157989501953,8592400.0
2019-07-23,ADVANC.BK,215.0,217.0,211.0,213.0,154.4405975341797,6052000.0
2019-07-24,ADVANC.BK,213.0,216.0,211.0,216.0,156.6157989501953,4140200.0
2019-07-25,ADVANC.BK,216.0,216.0,213.0,215.0,155.8907470703125,2181500.0
2019-07-26,ADVANC.BK,214.0,215.0,212.0,213.0,154.4405975341797,3072300.0
2019-07-30,ADVANC.BK,214.0,216.0,213.0,214.0,155.1656494140625,3417000.0
2019-07-31,ADVANC.BK,214.0,216.0,213.0,213.0,154.4405975341797,3791900.0
2019-08-01,ADVANC.BK,212.0,214.0,210.0,212.0,153.71551513671875,4900200.0
2019-08-02,ADVANC.BK,210.0,212.0,209.0,212.0,153.71551513671875,6546100.0
2019-08-05,ADVANC.BK,210.0,211.0,205.0,206.0,149.36508178710938,6836100.0
2019-08-06,ADVANC.BK,205.0,216.0,205.0,215.0,155.8907470703125,11670800.0
2019-08-07,ADVANC.BK,217.0,220.0,215.0,220.0,159.51611328125,11000900.0
2019-08-08,ADVANC.BK,220.0,222.0,217.0,219.0,158.79103088378906,7413300.0
2019-08-09,ADVANC.BK,220.0,222.0,218.0,221.0,160.24118041992188,8539400.0
2019-08-13,ADVANC.BK,220.0,226.0,220.0,223.0,161.69131469726562,10458600.0
2019-08-14,ADVANC.BK,225.0,226.0,220.0,224.0,162.4163818359375,6981100.0
2019-08-15,ADVANC.BK,219.0,219.0,215.0,216.0,156.6157989501953,11485100.0
2019-08-16,ADVANC.BK,214.0,219.0,212.0,218.0,160.88137817382812,5963400.0
2019-08-19,ADVANC.BK,218.0,220.0,217.0,218.0,160.88137817382812,5297500.0
2019-08-20,ADVANC.BK,223.0,224.0,220.0,224.0,165.3092803955078,6785900.0
2019-08-21,ADVANC.BK,225.0,229.0,221.0,228.0,168.26124572753906,8631600.0
2019-08-22,ADVANC.BK,225.0,230.0,224.0,230.0,169.7372283935547,8339700.0
2019-08-23,ADVANC.BK,231.0,233.0,229.0,232.0,171.21322631835938,5862500.0
2019-08-26,ADVANC.BK,227.0,232.0,225.0,232.0,171.21322631835938,6344000.0
2019-08-27,ADVANC.BK,232.0,232.0,226.0,229.0,168.99925231933594,9499700.0
2019-08-28,ADVANC.BK,231.0,232.0,228.0,230.0,169.7372283935547,4054900.0
2019-08-29,ADVANC.BK,230.0,231.0,227.0,231.0,170.47523498535156,4097000.0
2019-08-30,ADVANC.BK,231.0,232.0,228.0,232.0,171.21322631835938,4895300.0
2019-09-02,ADVANC.BK,230.0,232.0,228.0,228.0,168.26124572753906,2905300.0
2019-09-03,ADVANC.BK,231.0,235.0,230.0,230.0,169.7372283935547,6991000.0
2019-09-04,ADVANC.BK,233.0,236.0,232.0,234.0,172.68917846679688,7331800.0
2019-09-05,ADVANC.BK,237.0,238.0,234.0,237.0,174.9031524658203,6504000.0
2019-09-06,ADVANC.BK,238.0,238.0,235.0,235.0,173.4271697998047,4318400.0
2019-09-09,ADVANC.BK,236.0,238.0,234.0,235.0,173.4271697998047,3092000.0
2019-09-10,ADVANC.BK,235.0,236.0,227.0,228.0,168.26124572753906,7840600.0
2019-09-11,ADVANC.BK,228.0,230.0,224.0,229.0,168.99925231933594,9752800.0
2019-09-12,ADVANC.BK,229.0,229.0,220.0,221.0,163.09535217285156,12393200.0
2019-09-13,ADVANC.BK,222.0,226.0,222.0,223.0,164.57131958007812,7315700.0
2019-09-16,ADVANC.BK,222.0,224.0,221.0,223.0,164.57131958007812,7205100.0
2019-09-17,ADVANC.BK,223.0,228.0,222.0,225.0,166.04727172851562,13219800.0
2019-09-18,ADVANC.BK,227.0,229.0,226.0,229.0,168.99925231933594,9224200.0
2019-09-19,ADVANC.BK,230.0,233.0,223.0,224.0,165.3092803955078,10696900.0
2019-09-20,ADVANC.BK,224.0,226.0,222.0,222.0,163.83335876464844,7497800.0
2019-09-23,ADVANC.BK,221.0,221.0,211.0,211.0,155.7154541015625,13878600.0
2019-09-24,ADVANC.BK,212.0,218.0,212.0,218.0,160.88137817382812,10148900.0
2019-09-25,ADVANC.BK,219.0,219.0,215.0,215.0,158.6674041748047,5794200.0
2019-09-26,ADVANC.BK,219.0,221.0,218.0,220.0,162.35736083984375,6959600.0
2019-09-27,ADVANC.BK,221.0,222.0,217.0,221.0,163.09535217285156,6610000.0
2019-09-30,ADVANC.BK,222.0,222.0,219.0,220.0,162.35736083984375,3537400.0
2019-10-01,ADVANC.BK,222.0,224.0,218.0,219.0,161.61935424804688,7214200.0
2019-10-02,ADVANC.BK,217.0,221.0,217.0,220.0,162.35736083984375,5962600.0
2019-10-03,ADVANC.BK,221.0,222.0,219.0,221.0,163.09535217285156,3240000.0
2019-10-04,ADVANC.BK,222.0,225.0,220.0,224.0,165.3092803955078,7844400.0
2019-10-07,ADVANC.BK,227.0,228.0,221.0,222.0,163.83335876464844,5690500.0
2019-10-08,ADVANC.BK,224.0,226.0,223.0,226.0,166.7852783203125,3650500.0
2019-10-09,ADVANC.BK,225.0,228.0,224.0,228.0,168.26124572753906,3584600.0
2019-10-10,ADVANC.BK,229.0,229.0,225.0,226.0,166.7852783203125,2838400.0
2019-10-11,ADVANC.BK,228.0,230.0,226.0,229.0,168.99925231933594,4058800.0
2019-10-15,ADVANC.BK,230.0,235.0,229.0,234.0,172.68917846679688,5554800.0
2019-10-16,ADVANC.BK,235.0,237.0,232.0,236.0,174.16517639160156,5109000.0
2019-10-17,ADVANC.BK,238.0,238.0,228.0,230.0,169.7372283935547,10312000.0
2019-10-18,ADVANC.BK,230.0,232.0,229.0,231.0,170.47523498535156,4180400.0
2019-10-21,ADVANC.BK,231.0,233.0,229.0,233.0,171.95118713378906,3109000.0
2019-10-22,ADVANC.BK,232.0,233.0,229.0,231.0,170.47523498535156,3602300.0
2019-10-24,ADVANC.BK,233.0,235.0,231.0,233.0,171.95118713378906,5182800.0
2019-10-25,ADVANC.BK,233.0,234.0,230.0,232.0,171.21322631835938,6384900.0
2019-10-28,ADVANC.BK,232.0,235.0,232.0,232.0,171.21322631835938,3980000.0
2019-10-29,ADVANC.BK,232.0,238.0,232.0,238.0,175.64112854003906,8083200.0
2019-10-30,ADVANC.BK,239.0,239.0,234.0,238.0,175.64112854003906,5115500.0
2019-10-31,ADVANC.BK,239.0,240.0,227.0,229.0,168.99925231933594,11912600.0
2019-11-01,ADVANC.BK,230.0,231.0,224.0,225.0,166.04727172851562,10024200.0
2019-11-04,ADVANC.BK,227.0,232.0,225.0,231.0,170.47523498535156,6465300.0
2019-11-05,ADVANC.BK,233.0,234.0,230.0,232.0,171.21322631835938,5310200.0
2019-11-06,ADVANC.BK,232.0,232.0,226.0,229.0,168.99925231933594,7828200.0
2019-11-07,ADVANC.BK,230.0,234.0,229.0,232.0,171.21322631835938,7769000.0
2019-11-08,ADVANC.BK,232.0,232.0,229.0,230.0,169.7372283935547,4276200.0
2019-11-11,ADVANC.BK,229.0,230.0,228.0,228.0,168.26124572753906,3695700.0
2019-11-12,ADVANC.BK,230.0,236.0,229.0,233.0,171.95118713378906,8773300.0
2019-11-13,ADVANC.BK,233.0,235.0,230.0,233.0,171.95118713378906,4803900.0
2019-11-14,ADVANC.BK,235.0,235.0,231.0,232.0,171.21322631835938,5900300.0
2019-11-15,ADVANC.BK,232.0,232.0,229.0,231.0,170.47523498535156,4866500.0
2019-11-18,ADVANC.BK,231.0,232.0,230.0,230.0,169.7372283935547,3547100.0
2019-11-19,ADVANC.BK,230.0,232.0,226.0,227.0,167.5232696533203,10377700.0
2019-11-20,ADVANC.BK,225.0,229.0,224.0,227.0,167.5232696533203,8321700.0
2019-11-21,ADVANC.BK,226.0,227.0,217.0,220.0,162.35736083984375,13165700.0
2019-11-22,ADVANC.BK,220.0,222.0,217.0,220.0,162.35736083984375,9304200.0
2019-11-25,ADVANC.BK,222.0,225.0,221.0,224.0,165.3092803955078,4447300.0
2019-11-26,ADVANC.BK,227.0,227.0,221.0,221.0,163.09535217285156,9987800.0
2019-11-27,ADVANC.BK,222.0,223.0,217.0,219.0,161.61935424804688,9713200.0
2019-11-28,ADVANC.BK,220.0,221.0,217.0,219.0,161.61935424804688,6956600.0
2019-11-29,ADVANC.BK,218.0,218.0,210.0,212.0,156.45346069335938,12956400.0
2019-12-02,ADVANC.BK,212.0,212.0,205.0,207.0,152.7635040283203,16602900.0
2019-12-03,ADVANC.BK,204.0,212.0,202.0,211.0,155.7154541015625,11708400.0
2019-12-04,ADVANC.BK,212.0,215.0,209.0,214.0,157.92942810058594,7873800.0
2019-12-06,ADVANC.BK,217.0,217.0,211.0,212.0,156.45346069335938,5963100.0
2019-12-09,ADVANC.BK,212.0,215.0,210.0,214.0,157.92942810058594,4685700.0
2019-12-11,ADVANC.BK,216.0,216.0,210.0,212.0,156.45346069335938,7025700.0
2019-12-12,ADVANC.BK,214.0,215.0,211.0,213.0,157.19146728515625,5718400.0
2019-12-13,ADVANC.BK,213.0,214.0,207.0,209.0,154.23948669433594,8942300.0
2019-12-16,ADVANC.BK,209.0,212.0,208.0,208.0,153.50149536132812,5096600.0
2019-12-17,ADVANC.BK,208.0,211.0,208.0,210.0,154.97744750976562,6345400.0
2019-12-18,ADVANC.BK,212.0,218.0,211.0,218.0,160.88137817382812,10644800.0
2019-12-19,ADVANC.BK,216.0,220.0,215.0,220.0,162.35736083984375,7109800.0
2019-12-20,ADVANC.BK,221.0,221.0,215.0,216.0,159.4053955078125,7735600.0
2019-12-23,ADVANC.BK,218.0,221.0,217.0,220.0,162.35736083984375,6129900.0
2019-12-24,ADVANC.BK,220.0,221.0,214.0,215.0,158.6674041748047,6880100.0
2019-12-25,ADVANC.BK,213.0,216.0,212.0,215.0,158.6674041748047,2423600.0
2019-12-26,ADVANC.BK,216.0,216.0,214.0,215.0,158.6674041748047,1685300.0
2019-12-27,ADVANC.BK,216.0,216.0,213.0,214.0,157.92942810058594,3996200.0
2019-12-30,ADVANC.BK,215.0,216.0,213.0,213.0,157.19146728515625,2624300.0
2020-01-02,ADVANC.BK,214.0,219.0,212.0,218.0,160.88137817382812,5921300.0
2020-01-03,ADVANC.BK,216.0,217.0,215.0,216.0,159.4053955078125,4426800.0
2020-01-06,ADVANC.BK,216.0,220.0,216.0,217.0,160.14337158203125,5147100.0
2020-01-07,ADVANC.BK,218.0,224.0,217.0,223.0,164.57131958007812,7220900.0
2020-01-08,ADVANC.BK,221.0,223.0,219.0,220.0,162.35736083984375,6768300.0
2020-01-09,ADVANC.BK,222.0,223.0,217.0,218.0,160.88137817382812,8962100.0
2020-01-10,ADVANC.BK,219.0,220.0,211.0,214.0,157.92942810058594,10177800.0
2020-01-13,ADVANC.BK,215.0,215.0,209.0,213.0,157.19146728515625,8900500.0
2020-01-14,ADVANC.BK,214.0,216.0,212.0,213.0,157.19146728515625,5864800.0
2020-01-15,ADVANC.BK,212.0,214.0,210.0,213.0,157.19146728515625,5294000.0
2020-01-16,ADVANC.BK,213.0,214.0,211.0,213.0,157.19146728515625,4052900.0
2020-01-17,ADVANC.BK,215.0,219.0,214.0,217.0,160.14337158203125,9183500.0
2020-01-20,ADVANC.BK,217.0,218.0,214.0,217.0,160.14337158203125,3718600.0
2020-01-21,ADVANC.BK,219.0,220.0,217.0,219.0,161.61935424804688,4145800.0
2020-01-22,ADVANC.BK,219.0,220.0,215.0,219.0,161.61935424804688,6313200.0
2020-01-23,ADVANC.BK,218.0,219.0,216.0,218.0,160.88137817382812,4144800.0
2020-01-24,ADVANC.BK,219.0,223.0,218.0,223.0,164.57131958007812,4792600.0
2020-01-27,ADVANC.BK,221.0,223.0,216.0,216.0,159.4053955078125,6309000.0
2020-01-28,ADVANC.BK,217.0,218.0,214.0,216.0,159.4053955078125,4915200.0
2020-01-29,ADVANC.BK,217.0,218.0,211.0,214.0,157.92942810058594,8106700.0
2020-01-30,ADVANC.BK,204.0,208.0,201.0,203.0,149.81155395507812,20977500.0
2020-01-31,ADVANC.BK,204.0,207.0,204.0,204.0,150.549560546875,8813600.0
2020-02-03,ADVANC.BK,205.0,208.0,204.0,205.0,151.2875213623047,4785200.0
2020-02-04,ADVANC.BK,207.0,208.0,205.0,208.0,153.50149536132812,6384700.0
2020-02-05,ADVANC.BK,209.0,210.0,206.0,210.0,154.97744750976562,6672100.0
2020-02-06,ADVANC.BK,209.0,210.0,203.0,204.0,150.549560546875,7937100.0
2020-02-07,ADVANC.BK,205.0,205.0,197.0,199.5,147.22860717773438,20780000.0
2020-02-11,ADVANC.BK,201.0,202.0,195.5,196.5,145.01463317871094,10063800.0
2020-02-12,ADVANC.BK,200.0,201.0,197.5,200.0,147.59759521484375,9706700.0
2020-02-13,ADVANC.BK,200.0,201.0,197.5,198.0,146.12161254882812,5217300.0
2020-02-14,ADVANC.BK,199.5,204.0,199.0,204.0,150.549560546875,8611900.0
2020-02-17,ADVANC.BK,210.0,215.0,208.0,214.0,157.92942810058594,14666900.0
2020-02-18,ADVANC.BK,213.0,215.0,212.0,213.0,157.19146728515625,5728600.0
2020-02-19,ADVANC.BK,210.0,211.0,208.0,210.0,157.6117401123047,7120900.0
2020-02-20,ADVANC.BK,211.0,211.0,204.0,206.0,154.60960388183594,8440200.0
2020-02-21,ADVANC.BK,204.0,211.0,204.0,211.0,158.3622589111328,6541700.0
2020-02-24,ADVANC.BK,207.0,211.0,206.0,206.0,154.60960388183594,8291400.0
2020-02-25,ADVANC.BK,207.0,210.0,204.0,207.0,155.36013793945312,9125700.0
2020-02-26,ADVANC.BK,206.0,207.0,197.0,197.0,147.8548126220703,12846400.0
2020-02-27,ADVANC.BK,199.0,205.0,197.5,204.0,153.1085662841797,8705700.0
2020-02-28,ADVANC.BK,198.0,202.0,197.0,200.0,150.1063995361328,13856200.0
2020-03-02,ADVANC.BK,202.0,202.0,193.5,197.5,148.23008728027344,12781400.0
2020-03-03,ADVANC.BK,196.0,201.0,195.0,201.0,150.85693359375,11241800.0
2020-03-04,ADVANC.BK,199.0,202.0,198.5,199.5,149.73114013671875,8283400.0
2020-03-05,ADVANC.BK,200.0,202.0,199.5,199.5,149.73114013671875,7200900.0
2020-03-06,ADVANC.BK,198.0,198.5,195.5,196.0,147.1042938232422,10184300.0
2020-03-09,ADVANC.BK,193.5,197.5,187.0,188.5,141.47528076171875,11617600.0
2020-03-10,ADVANC.BK,188.5,192.5,188.0,191.5,143.72689819335938,6877700.0
2020-03-11,ADVANC.BK,190.0,190.5,170.0,185.0,138.84841918945312,14720200.0
2020-03-12,ADVANC.BK,175.0,178.0,168.0,173.5,130.21731567382812,18794600.0
2020-03-13,ADVANC.BK,161.5,184.0,158.0,177.5,133.21945190429688,21569000.0
2020-03-16,ADVANC.BK,166.0,182.0,165.5,171.5,128.71624755859375,14230600.0
2020-03-17,ADVANC.BK,171.5,179.0,171.0,172.5,129.46676635742188,13605300.0
2020-03-18,ADVANC.BK,174.0,184.5,172.5,180.0,135.09576416015625,17524800.0
2020-03-19,ADVANC.BK,177.0,192.0,176.0,190.0,142.60110473632812,18088200.0
2020-03-20,ADVANC.BK,194.5,201.0,193.0,197.5,148.23008728027344,20125700.0
2020-03-23,ADVANC.BK,192.0,195.5,188.0,188.0,141.1000213623047,11395600.0
2020-03-24,ADVANC.BK,193.0,195.5,191.5,194.0,145.60324096679688,16057100.0
2020-03-25,ADVANC.BK,201.0,208.0,197.0,202.0,151.60745239257812,18404000.0
2020-03-26,ADVANC.BK,202.0,203.0,198.5,202.0,151.60745239257812,11642400.0
2020-03-27,ADVANC.BK,204.0,206.0,195.5,199.0,149.35589599609375,15255700.0
2020-03-30,ADVANC.BK,198.0,198.0,198.0,198.0,148.6053466796875,628600.0
2020-03-31,ADVANC.BK,202.0,203.0,200.0,201.0,150.85693359375,6030600.0
2020-04-01,ADVANC.BK,200.0,202.0,194.5,195.5,146.72903442382812,11903300.0
2020-04-02,ADVANC.BK,197.0,200.0,196.0,199.0,149.35589599609375,8379700.0
2020-04-03,ADVANC.BK,200.0,200.0,195.0,195.0,146.353759765625,8752900.0
2020-04-07,ADVANC.BK,199.0,199.5,195.0,195.0,146.353759765625,16957800.0
2020-04-08,ADVANC.BK,193.0,193.5,186.5,187.5,140.72474670410156,24226200.0
2020-04-09,ADVANC.BK,189.0,192.5,188.0,191.0,143.35162353515625,14721200.0
2020-04-10,ADVANC.BK,191.0,194.0,191.0,192.5,144.4774169921875,6618500.0
2020-04-13,ADVANC.BK,193.0,195.0,192.0,194.5,145.97850036621094,5384700.0
2020-04-14,ADVANC.BK,196.0,196.5,189.5,191.5,143.72689819335938,12484600.0
2020-04-15,ADVANC.BK,190.0,192.0,189.5,190.0,142.60110473632812,5375100.0
2020-04-16,ADVANC.BK,189.0,190.5,188.0,188.5,141.47528076171875,6532600.0
2020-04-17,ADVANC.BK,191.0,195.0,190.0,195.0,146.353759765625,10170600.0
2020-04-20,ADVANC.BK,194.0,195.5,192.5,194.5,145.97850036621094,10964100.0
2020-04-21,ADVANC.BK,193.0,196.5,193.0,195.5,146.72903442382812,7029300.0
2020-04-22,ADVANC.BK,195.0,202.0,194.5,202.0,151.60745239257812,14231300.0
2020-04-23,ADVANC.BK,201.0,202.0,198.0,199.5,149.73114013671875,8061100.0
2020-04-24,ADVANC.BK,199.0,200.0,197.0,198.5,148.98062133789062,7015600.0
2020-04-27,ADVANC.BK,199.0,201.0,197.5,200.0,150.1063995361328,5402400.0
2020-04-28,ADVANC.BK,199.0,201.0,198.0,199.5,149.73114013671875,5255700.0
2020-04-29,ADVANC.BK,199.5,201.0,199.0,201.0,150.85693359375,3031100.0
2020-04-30,ADVANC.BK,202.0,202.0,198.0,198.0,148.6053466796875,7327100.0
2020-05-05,ADVANC.BK,197.5,199.0,197.0,198.5,148.98062133789062,4135700.0
2020-05-07,ADVANC.BK,197.5,199.5,197.0,197.5,148.23008728027344,6325400.0
2020-05-08,ADVANC.BK,197.0,198.5,193.0,193.5,145.22793579101562,11343000.0
2020-05-11,ADVANC.BK,194.0,195.5,193.0,193.5,145.22793579101562,8988100.0
2020-05-12,ADVANC.BK,192.0,192.5,189.5,190.5,142.9763641357422,13200100.0
2020-05-13,ADVANC.BK,190.0,192.0,189.0,191.0,143.35162353515625,8059600.0
2020-05-14,ADVANC.BK,190.0,191.0,189.5,190.0,142.60110473632812,5746400.0
2020-05-15,ADVANC.BK,190.0,191.0,189.0,189.0,141.85055541992188,4962400.0
2020-05-18,ADVANC.BK,189.5,190.5,188.0,188.5,141.47528076171875,6402500.0
2020-05-19,ADVANC.BK,190.5,191.0,189.5,189.5,142.225830078125,7610200.0
2020-05-20,ADVANC.BK,190.0,193.5,189.0,191.5,143.72689819335938,10133400.0
2020-05-21,ADVANC.BK,192.5,192.5,191.0,192.0,144.10215759277344,4992100.0
2020-05-22,ADVANC.BK,190.0,190.5,188.0,188.5,141.47528076171875,5507200.0
2020-05-25,ADVANC.BK,190.0,191.0,189.0,189.5,142.225830078125,3734100.0
2020-05-26,ADVANC.BK,190.5,192.5,190.5,191.0,143.35162353515625,6908200.0
2020-05-27,ADVANC.BK,191.5,192.0,189.0,191.0,143.35162353515625,7624100.0
2020-05-28,ADVANC.BK,192.0,192.0,189.5,189.5,142.225830078125,7442800.0
2020-05-29,ADVANC.BK,189.0,193.0,189.0,192.5,144.4774169921875,14201400.0
2020-06-01,ADVANC.BK,193.5,194.0,191.0,191.5,143.72689819335938,6954000.0
2020-06-02,ADVANC.BK,193.0,193.5,192.0,193.5,145.22793579101562,5965200.0
2020-06-04,ADVANC.BK,195.0,199.0,194.0,197.0,147.8548126220703,17562000.0
2020-06-05,ADVANC.BK,197.5,203.0,197.5,201.0,150.85693359375,20702000.0
2020-06-08,ADVANC.BK,203.0,203.0,199.5,199.5,149.73114013671875,8906700.0
2020-06-09,ADVANC.BK,200.0,202.0,195.0,195.0,146.353759765625,10651200.0
2020-06-10,ADVANC.BK,196.5,197.0,195.0,196.0,147.1042938232422,5572200.0
2020-06-11,ADVANC.BK,196.0,196.0,192.0,194.0,145.60324096679688,6956100.0
2020-06-12,ADVANC.BK,191.0,193.0,190.5,192.5,144.4774169921875,8286100.0
2020-06-15,ADVANC.BK,194.0,195.5,191.0,191.5,143.72689819335938,11284900.0
2020-06-16,ADVANC.BK,194.5,194.5,192.5,193.0,144.85269165039062,5291700.0
2020-06-17,ADVANC.BK,193.0,194.0,191.0,191.0,143.35162353515625,8477100.0
2020-06-18,ADVANC.BK,190.5,192.0,190.0,191.0,143.35162353515625,4564100.0
2020-06-19,ADVANC.BK,192.0,192.0,190.0,190.0,142.60110473632812,8453000.0
2020-06-22,ADVANC.BK,190.0,191.0,190.0,190.5,142.9763641357422,3320900.0
2020-06-23,ADVANC.BK,191.0,191.5,190.0,190.0,142.60110473632812,3771300.0
2020-06-24,ADVANC.BK,189.5,190.0,188.0,188.0,141.1000213623047,9423400.0
2020-06-25,ADVANC.BK,187.5,188.0,186.0,187.5,140.72474670410156,7515000.0
2020-06-26,ADVANC.BK,188.0,189.5,185.0,186.0,139.59896850585938,8318500.0
2020-06-29,ADVANC.BK,185.0,187.0,183.5,187.0,140.34951782226562,6195600.0
2020-06-30,ADVANC.BK,188.5,190.0,183.5,185.0,138.84841918945312,10916700.0
2020-07-01,ADVANC.BK,185.0,186.5,184.0,185.5,139.2237091064453,7112900.0
2020-07-02,ADVANC.BK,186.0,189.5,186.0,189.5,142.225830078125,6266400.0
2020-07-03,ADVANC.BK,190.0,190.0,187.0,188.0,141.1000213623047,4221400.0
2020-07-07,ADVANC.BK,189.0,189.5,187.5,188.0,141.1000213623047,8128100.0
2020-07-08,ADVANC.BK,188.5,191.5,187.5,189.5,142.225830078125,7551700.0
2020-07-09,ADVANC.BK,190.0,192.0,190.0,190.5,142.9763641357422,6022200.0
2020-07-10,ADVANC.BK,190.5,191.5,189.0,189.5,142.225830078125,5344000.0
2020-07-13,ADVANC.BK,191.0,191.0,188.0,188.0,141.1000213623047,4332900.0
2020-07-14,ADVANC.BK,187.0,187.5,185.0,187.5,140.72474670410156,5588400.0
2020-07-15,ADVANC.BK,188.0,188.5,186.5,186.5,139.97422790527344,3674100.0
2020-07-16,ADVANC.BK,187.0,188.5,186.0,186.5,139.97422790527344,6780800.0
2020-07-17,ADVANC.BK,187.5,190.0,186.5,189.5,142.225830078125,3738100.0
2020-07-20,ADVANC.BK,189.5,191.0,188.5,191.0,143.35162353515625,5075600.0
2020-07-21,ADVANC.BK,191.0,191.5,187.5,187.5,140.72474670410156,9054000.0
2020-07-22,ADVANC.BK,187.5,188.5,185.5,186.0,139.59896850585938,4807600.0
2020-07-23,ADVANC.BK,185.5,188.0,185.0,187.0,140.34951782226562,4019000.0
2020-07-24,ADVANC.BK,185.5,186.0,185.0,185.0,138.84841918945312,4500400.0
2020-07-29,ADVANC.BK,185.5,187.0,185.0,186.0,139.59896850585938,3815400.0
2020-07-30,ADVANC.BK,187.0,187.0,183.0,184.5,138.47315979003906,4265400.0
2020-07-31,ADVANC.BK,183.0,185.5,182.5,185.0,138.84841918945312,5550200.0
2020-08-03,ADVANC.BK,184.5,185.0,183.0,183.0,137.3473663330078,3292100.0
2020-08-04,ADVANC.BK,184.0,186.0,183.0,184.5,138.47315979003906,4198400.0
2020-08-05,ADVANC.BK,185.0,186.0,184.0,185.0,138.84841918945312,3047000.0
2020-08-06,ADVANC.BK,184.0,191.5,184.0,190.0,142.60110473632812,10296300.0
2020-08-07,ADVANC.BK,191.0,191.0,188.0,189.5,142.225830078125,9225200.0
2020-08-10,ADVANC.BK,190.5,191.0,189.5,190.5,142.9763641357422,3388700.0
2020-08-11,ADVANC.BK,191.5,194.0,190.5,192.5,144.4774169921875,9838400.0
2020-08-13,ADVANC.BK,190.0,193.0,189.0,193.0,144.85269165039062,6300400.0
2020-08-14,ADVANC.BK,193.0,193.5,190.0,191.5,143.72689819335938,7776000.0
2020-08-17,ADVANC.BK,192.0,192.5,191.0,191.5,143.72689819335938,3791200.0
2020-08-18,ADVANC.BK,191.5,193.0,191.5,192.0,144.10215759277344,5895800.0
2020-08-19,ADVANC.BK,189.5,190.0,187.0,187.0,142.758544921875,5437700.0
2020-08-20,ADVANC.BK,186.5,187.5,185.0,185.5,141.6134033203125,5169600.0
2020-08-21,ADVANC.BK,186.5,187.5,185.0,185.0,141.2317352294922,2144600.0
2020-08-24,ADVANC.BK,185.0,187.0,184.5,186.0,141.99514770507812,2311400.0
2020-08-25,ADVANC.BK,187.0,188.5,187.0,187.5,143.14027404785156,2982900.0
2020-08-26,ADVANC.BK,186.5,187.0,185.5,187.0,142.758544921875,2891500.0
2020-08-27,ADVANC.BK,186.0,186.0,184.5,184.5,140.8500213623047,4708500.0
2020-08-28,ADVANC.BK,185.5,186.5,183.5,184.0,140.4683074951172,3881800.0
2020-08-31,ADVANC.BK,185.0,186.0,182.5,183.0,139.70489501953125,6695700.0
2020-09-01,ADVANC.BK,183.5,184.0,182.5,182.5,139.32318115234375,3103300.0
2020-09-02,ADVANC.BK,182.5,184.0,182.0,183.5,140.08660888671875,2853100.0
2020-09-03,ADVANC.BK,183.5,184.0,182.5,183.5,140.08660888671875,2651600.0
2020-09-08,ADVANC.BK,182.5,183.5,181.5,181.5,138.5597686767578,4256700.0
2020-09-09,ADVANC.BK,180.0,181.5,180.0,180.5,137.79635620117188,2468800.0
2020-09-10,ADVANC.BK,180.5,182.5,180.5,182.0,138.94146728515625,3655200.0
2020-09-11,ADVANC.BK,182.0,182.5,181.0,181.0,138.1780548095703,2110200.0
2020-09-14,ADVANC.BK,181.5,182.0,181.0,181.5,138.5597686767578,2526100.0
2020-09-15,ADVANC.BK,181.5,182.0,181.0,181.0,138.1780548095703,2213400.0
2020-09-16,ADVANC.BK,181.0,182.0,180.0,181.5,138.5597686767578,3025100.0
2020-09-17,ADVANC.BK,180.5,180.5,177.5,177.5,135.506103515625,5636600.0
2020-09-18,ADVANC.BK,178.0,180.5,177.5,179.0,136.65122985839844,6117200.0
2020-09-21,ADVANC.BK,180.0,180.0,176.5,177.5,135.506103515625,3298200.0
2020-09-22,ADVANC.BK,177.0,177.5,175.5,176.0,134.36099243164062,3375700.0
2020-09-23,ADVANC.BK,177.0,178.5,176.0,176.0,134.36099243164062,4224800.0
2020-09-24,ADVANC.BK,175.0,176.5,171.0,171.0,130.54393005371094,7185500.0
2020-09-25,ADVANC.BK,171.0,172.5,170.0,170.0,129.78048706054688,4712200.0
2020-09-28,ADVANC.BK,171.0,175.5,170.5,174.5,133.2158660888672,6231000.0
2020-09-29,ADVANC.BK,175.0,176.5,173.5,174.0,132.8341522216797,4357000.0
2020-09-30,ADVANC.BK,175.0,175.0,171.0,171.0,130.54393005371094,4579600.0
2020-10-01,ADVANC.BK,171.5,172.5,170.0,170.5,130.16221618652344,3489200.0
2020-10-02,ADVANC.BK,170.5,171.5,169.0,170.0,129.78048706054688,3957200.0
2020-10-05,ADVANC.BK,170.5,174.5,170.5,174.0,132.8341522216797,5650400.0
2020-10-06,ADVANC.BK,173.0,173.5,171.0,171.5,130.92562866210938,4881500.0
2020-10-07,ADVANC.BK,171.0,173.5,171.0,173.5,132.45245361328125,5125000.0
2020-10-08,ADVANC.BK,173.5,177.0,173.0,176.5,134.74269104003906,6244000.0
2020-10-09,ADVANC.BK,177.5,178.0,176.5,177.0,135.12442016601562,4305100.0
2020-10-12,ADVANC.BK,178.0,179.0,177.0,178.5,136.26953125,2217500.0
2020-10-14,ADVANC.BK,177.5,178.0,174.5,176.0,134.36099243164062,4430100.0
2020-10-15,ADVANC.BK,174.5,176.0,173.5,175.5,133.97927856445312,4745700.0
2020-10-16,ADVANC.BK,175.0,176.0,172.5,173.5,132.45245361328125,5105700.0
2020-10-19,ADVANC.BK,172.5,175.5,172.5,173.5,132.45245361328125,5949600.0
2020-10-20,ADVANC.BK,173.5,174.0,172.0,172.0,131.3073272705078,5876500.0
2020-10-21,ADVANC.BK,172.5,172.5,171.0,171.5,130.92562866210938,4670800.0
2020-10-22,ADVANC.BK,171.0,174.0,171.0,171.0,130.54393005371094,5647800.0
2020-10-26,ADVANC.BK,171.0,173.0,169.5,172.5,131.68902587890625,4054000.0
2020-10-27,ADVANC.BK,171.0,172.5,170.0,172.0,131.3073272705078,3595500.0
2020-10-28,ADVANC.BK,171.5,173.0,171.0,173.0,132.0707550048828,3682000.0
2020-10-29,ADVANC.BK,173.0,174.5,172.0,174.5,133.2158660888672,4034900.0
2020-10-30,ADVANC.BK,175.0,175.0,171.5,172.5,131.68902587890625,4408800.0
2020-11-02,ADVANC.BK,173.5,173.5,171.0,171.0,130.54393005371094,2981800.0
2020-11-03,ADVANC.BK,171.5,172.0,170.0,170.5,130.16221618652344,6584700.0
2020-11-04,ADVANC.BK,170.5,173.0,170.5,172.0,131.3073272705078,5860700.0
2020-11-05,ADVANC.BK,174.0,179.5,173.0,179.0,136.65122985839844,8691500.0
2020-11-06,ADVANC.BK,177.0,178.0,174.0,174.0,132.8341522216797,8087700.0
2020-11-09,ADVANC.BK,178.0,181.0,178.0,179.0,136.65122985839844,11230100.0
2020-11-10,ADVANC.BK,178.0,183.5,176.5,181.5,138.5597686767578,16305700.0
2020-11-11,ADVANC.BK,183.5,184.5,181.0,182.0,138.94146728515625,9222600.0
2020-11-12,ADVANC.BK,182.0,182.0,175.5,176.0,134.36099243164062,14057600.0
2020-11-13,ADVANC.BK,174.5,176.0,173.0,174.5,133.2158660888672,12901400.0
2020-11-16,ADVANC.BK,176.0,177.0,174.5,174.5,133.2158660888672,8479800.0
2020-11-17,ADVANC.BK,176.0,176.0,173.5,174.5,133.2158660888672,12495700.0
2020-11-18,ADVANC.BK,174.0,175.5,173.5,175.5,133.97927856445312,5825500.0
2020-11-19,ADVANC.BK,175.5,180.0,175.5,176.5,134.74269104003906,20517200.0
2020-11-20,ADVANC.BK,176.0,176.5,172.5,175.5,133.97927856445312,28570600.0
2020-11-23,ADVANC.BK,176.5,180.0,176.0,179.5,137.032958984375,20353600.0
2020-11-24,ADVANC.BK,182.0,182.5,178.0,178.0,135.88780212402344,26041600.0
2020-11-25,ADVANC.BK,178.5,179.5,175.5,177.0,135.12442016601562,15608500.0
2020-11-26,ADVANC.BK,177.5,179.5,177.0,178.5,136.26953125,12646400.0
2020-11-27,ADVANC.BK,178.0,180.5,178.0,179.5,137.032958984375,10346100.0
2020-11-30,ADVANC.BK,179.0,180.0,175.5,175.5,133.97927856445312,20143400.0
2020-12-01,ADVANC.BK,176.5,179.5,176.5,178.0,135.88780212402344,12453300.0
2020-12-02,ADVANC.BK,179.5,183.0,178.5,180.0,137.41465759277344,18803500.0
2020-12-03,ADVANC.BK,181.5,182.0,179.5,180.5,137.79635620117188,10016400.0
2020-12-04,ADVANC.BK,181.0,182.5,179.5,181.5,138.5597686767578,9514700.0
2020-12-08,ADVANC.BK,182.0,186.5,182.0,185.0,141.2317352294922,18421600.0
2020-12-09,ADVANC.BK,188.0,190.0,187.0,189.0,144.28538513183594,21196500.0
2020-12-14,ADVANC.BK,190.5,195.0,190.5,191.0,145.81222534179688,21056400.0
2020-12-15,ADVANC.BK,189.5,190.0,186.5,187.5,143.14027404785156,14870800.0
2020-12-16,ADVANC.BK,189.0,189.5,188.0,188.0,143.52195739746094,8171400.0
2020-12-17,ADVANC.BK,188.0,191.0,188.0,189.0,144.28538513183594,8686200.0
2020-12-18,ADVANC.BK,189.5,190.5,187.0,187.5,143.14027404785156,12678900.0
2020-12-21,ADVANC.BK,182.5,184.5,177.5,177.5,135.506103515625,18273800.0
2020-12-22,ADVANC.BK,178.5,180.0,175.5,178.5,136.26953125,12598300.0
2020-12-23,ADVANC.BK,179.0,180.5,177.5,177.5,135.506103515625,9969700.0
2020-12-24,ADVANC.BK,177.5,179.5,176.5,178.5,136.26953125,7358400.0
2020-12-25,ADVANC.BK,179.0,180.0,178.5,179.0,136.65122985839844,5196700.0
2020-12-28,ADVANC.BK,180.0,180.0,176.5,177.0,135.12442016601562,7816100.0
2020-12-29,ADVANC.BK,177.0,178.5,177.0,178.5,136.26953125,5908400.0
2020-12-30,ADVANC.BK,179.0,179.0,176.0,176.0,134.36099243164062,7337300.0
2021-01-04,ADVANC.BK,175.0,176.5,174.5,176.0,134.36099243164062,7455500.0
2021-01-05,ADVANC.BK,176.0,179.0,175.0,178.5,136.26953125,9815300.0
2021-01-06,ADVANC.BK,179.0,182.5,178.0,179.5,137.032958984375,14578500.0
2021-01-07,ADVANC.BK,181.5,181.5,179.5,180.5,137.79635620117188,7760600.0
2021-01-08,ADVANC.BK,181.5,185.0,180.5,184.5,140.8500213623047,14310800.0
2021-01-11,ADVANC.BK,185.0,185.0,181.5,182.0,138.94146728515625,12165600.0
2021-01-12,ADVANC.BK,182.0,182.5,179.5,180.5,137.79635620117188,7747700.0
2021-01-13,ADVANC.BK,181.5,181.5,180.0,181.5,138.5597686767578,7677900.0
2021-01-14,ADVANC.BK,182.0,182.0,180.5,180.5,137.79635620117188,5480200.0
2021-01-15,ADVANC.BK,181.0,183.0,180.0,180.0,137.41465759277344,7785300.0
2021-01-18,ADVANC.BK,180.0,180.5,178.5,179.0,136.65122985839844,5328200.0
2021-01-19,ADVANC.BK,179.5,181.0,179.0,179.0,136.65122985839844,4260500.0
2021-01-20,ADVANC.BK,179.5,179.5,177.5,177.5,135.506103515625,6911400.0
2021-01-21,ADVANC.BK,178.0,179.5,176.5,177.5,135.506103515625,7709900.0
2021-01-22,ADVANC.BK,176.5,177.5,176.0,177.0,135.12442016601562,5155700.0
2021-01-25,ADVANC.BK,177.5,178.0,175.0,176.0,134.36099243164062,9287900.0
2021-01-26,ADVANC.BK,175.5,177.5,175.0,176.5,134.74269104003906,5660700.0
2021-01-27,ADVANC.BK,176.0,177.0,175.5,175.5,133.97927856445312,4338000.0
2021-01-28,ADVANC.BK,175.0,175.5,174.0,174.0,132.8341522216797,5659500.0
2021-01-29,ADVANC.BK,174.5,175.0,172.0,172.0,131.3073272705078,8282600.0
2021-02-01,ADVANC.BK,172.0,174.0,171.0,172.0,131.3073272705078,3929500.0
2021-02-02,ADVANC.BK,173.0,174.5,172.5,173.0,132.0707550048828,5043300.0
2021-02-03,ADVANC.BK,173.5,173.5,170.5,171.0,130.54393005371094,10454500.0
2021-02-04,ADVANC.BK,171.0,171.5,170.0,170.0,129.78048706054688,7157600.0
2021-02-05,ADVANC.BK,171.0,171.0,169.5,170.0,129.78048706054688,7133200.0
2021-02-08,ADVANC.BK,172.0,173.5,172.0,173.5,132.45245361328125,6643900.0
2021-02-09,ADVANC.BK,174.5,176.0,174.5,175.0,133.5975799560547,8260100.0
2021-02-10,ADVANC.BK,176.0,176.0,173.5,173.5,132.45245361328125,5848300.0
2021-02-11,ADVANC.BK,173.5,174.5,173.0,173.0,132.0707550048828,4989800.0
2021-02-15,ADVANC.BK,173.5,174.5,173.0,173.0,132.0707550048828,4604100.0
2021-02-16,ADVANC.BK,173.5,174.5,173.0,173.5,132.45245361328125,2764200.0
2021-02-17,ADVANC.BK,173.5,174.0,173.0,173.5,132.45245361328125,4670300.0
2021-02-18,ADVANC.BK,173.5,174.0,173.0,173.5,132.45245361328125,4901700.0
2021-02-19,ADVANC.BK,170.0,171.0,169.0,170.0,132.59283447265625,5293100.0
2021-02-22,ADVANC.BK,170.0,170.0,168.0,168.0,131.03294372558594,5407800.0
2021-02-23,ADVANC.BK,167.5,168.0,165.0,166.0,129.47299194335938,9640200.0
2021-02-24,ADVANC.BK,166.0,167.5,164.0,164.0,127.91311645507812,9279600.0
2021-02-25,ADVANC.BK,165.5,168.0,164.5,165.5,129.08303833007812,7112500.0
2021-03-01,ADVANC.BK,164.5,169.0,164.0,165.5,129.08303833007812,6619600.0
2021-03-02,ADVANC.BK,167.5,167.5,165.5,165.5,129.08303833007812,5515900.0
2021-03-03,ADVANC.BK,166.5,170.5,166.0,170.0,132.59283447265625,8304400.0
2021-03-04,ADVANC.BK,168.5,169.5,168.0,168.5,131.42291259765625,4438700.0
2021-03-05,ADVANC.BK,167.5,169.0,166.0,167.0,130.2529754638672,7622900.0
2021-03-08,ADVANC.BK,168.5,168.5,165.5,165.5,129.08303833007812,8033300.0
2021-03-09,ADVANC.BK,165.5,168.5,165.5,168.5,131.42291259765625,5029300.0
2021-03-10,ADVANC.BK,169.0,173.0,169.0,172.5,134.542724609375,13703700.0
2021-03-11,ADVANC.BK,173.5,174.0,171.0,171.0,133.372802734375,9106800.0
2021-03-12,ADVANC.BK,172.0,172.5,170.5,170.5,132.98281860351562,3795900.0
2021-03-15,ADVANC.BK,171.5,172.0,170.5,171.5,133.76280212402344,4052400.0
2021-03-16,ADVANC.BK,172.0,172.5,171.5,172.0,134.15277099609375,6170300.0
2021-03-17,ADVANC.BK,172.0,173.0,171.0,171.0,133.372802734375,6244700.0
2021-03-18,ADVANC.BK,172.5,172.5,171.0,171.5,133.76280212402344,4660600.0
2021-03-19,ADVANC.BK,171.0,172.5,170.0,172.5,134.542724609375,7018800.0
2021-03-22,ADVANC.BK,171.5,172.0,170.5,170.5,132.98281860351562,4790500.0
2021-03-23,ADVANC.BK,171.0,171.5,170.0,170.0,132.59283447265625,4353500.0
2021-03-24,ADVANC.BK,171.0,171.0,169.0,171.0,133.372802734375,4665800.0
2021-03-25,ADVANC.BK,170.5,175.5,170.0,173.5,135.32269287109375,15346700.0
2021-03-26,ADVANC.BK,175.0,175.0,172.5,173.5,135.32269287109375,6517300.0
2021-03-29,ADVANC.BK,174.0,174.5,173.0,173.0,134.93272399902344,4654100.0
2021-03-30,ADVANC.BK,173.5,174.0,173.0,173.0,134.93272399902344,3979900.0
2021-03-31,ADVANC.BK,173.5,175.0,172.5,173.5,135.32269287109375,7132700.0
2021-04-01,ADVANC.BK,173.5,174.0,173.5,173.5,135.32269287109375,1836600.0
2021-04-02,ADVANC.BK,173.5,174.5,173.0,174.0,135.71266174316406,4415700.0
2021-04-05,ADVANC.BK,173.5,174.0,172.0,172.0,134.15277099609375,3094700.0
2021-04-07,ADVANC.BK,171.5,171.5,169.5,170.0,132.59283447265625,7339500.0
2021-04-08,ADVANC.BK,170.0,171.0,169.5,170.0,132.59283447265625,3339200.0
2021-04-09,ADVANC.BK,170.0,171.0,169.5,169.5,132.20285034179688,3115500.0
2021-04-12,ADVANC.BK,169.0,170.0,167.0,167.0,130.2529754638672,6208800.0
2021-04-16,ADVANC.BK,169.0,170.0,167.0,168.0,131.03294372558594,5625200.0
2021-04-19,ADVANC.BK,167.0,169.5,166.0,169.5,132.20285034179688,11094300.0
2021-04-20,ADVANC.BK,170.5,176.5,170.0,175.0,136.49264526367188,22866900.0
2021-04-21,ADVANC.BK,174.5,179.0,174.0,179.0,139.61245727539062,18849000.0
2021-04-22,ADVANC.BK,178.5,178.5,174.5,175.5,136.8826141357422,14251200.0
2021-04-23,ADVANC.BK,174.5,175.5,173.0,174.0,135.71266174316406,8861800.0
2021-04-26,ADVANC.BK,174.0,174.5,172.5,172.5,134.542724609375,6194800.0
2021-04-27,ADVANC.BK,173.5,174.5,172.5,173.0,134.93272399902344,4232200.0
2021-04-28,ADVANC.BK,173.5,174.0,171.0,171.5,133.76280212402344,7428400.0
2021-04-29,ADVANC.BK,172.5,173.0,171.0,172.0,134.15277099609375,5321500.0
2021-04-30,ADVANC.BK,173.5,173.5,170.5,171.0,133.372802734375,4932400.0
2021-05-05,ADVANC.BK,171.0,172.5,169.0,169.0,131.8129119873047,11748700.0
2021-05-06,ADVANC.BK,169.0,170.5,169.0,169.0,131.8129119873047,6170500.0
2021-05-07,ADVANC.BK,170.0,171.5,169.5,170.0,132.59283447265625,3421500.0
2021-05-10,ADVANC.BK,170.5,171.0,169.5,170.0,132.59283447265625,3093000.0
2021-05-11,ADVANC.BK,169.0,171.0,169.0,171.0,133.372802734375,3778300.0
2021-05-12,ADVANC.BK,170.5,170.5,169.0,169.5,132.20285034179688,2392200.0
2021-05-13,ADVANC.BK,168.5,169.0,167.0,169.0,131.8129119873047,8172300.0
2021-05-14,ADVANC.BK,169.0,169.5,168.0,169.5,132.20285034179688,2618700.0
2021-05-17,ADVANC.BK,169.0,169.5,168.0,168.5,131.42291259765625,4877500.0
2021-05-18,ADVANC.BK,169.0,171.0,169.0,171.0,133.372802734375,3926100.0
2021-05-19,ADVANC.BK,170.0,170.5,169.5,169.5,132.20285034179688,2912600.0
2021-05-20,ADVANC.BK,170.0,171.0,168.5,170.0,132.59283447265625,4540100.0
2021-05-21,ADVANC.BK,170.0,170.5,169.0,170.0,132.59283447265625,3080100.0
2021-05-24,ADVANC.BK,170.0,170.5,169.0,169.5,132.20285034179688,3530100.0
2021-05-25,ADVANC.BK,170.0,170.5,168.5,168.5,131.42291259765625,4687900.0
2021-05-27,ADVANC.BK,168.5,169.5,168.0,168.0,131.03294372558594,9872800.0
2021-05-28,ADVANC.BK,169.5,170.5,169.0,169.0,131.8129119873047,4385000.0
2021-05-31,ADVANC.BK,169.5,169.5,168.0,168.5,131.42291259765625,4283800.0
2021-06-01,ADVANC.BK,168.5,170.0,168.0,169.5,132.20285034179688,5069600.0
2021-06-02,ADVANC.BK,170.0,172.5,169.5,171.0,133.372802734375,11350300.0
2021-06-04,ADVANC.BK,171.0,171.5,169.5,169.5,132.20285034179688,5039400.0
2021-06-07,ADVANC.BK,170.5,171.0,169.5,169.5,132.20285034179688,4397600.0
2021-06-08,ADVANC.BK,170.5,173.0,170.0,172.5,134.542724609375,11671000.0
2021-06-09,ADVANC.BK,173.0,175.0,173.0,173.5,135.32269287109375,11997400.0
2021-06-10,ADVANC.BK,175.0,175.5,173.5,173.5,135.32269287109375,5251100.0
2021-06-11,ADVANC.BK,174.0,174.5,173.5,174.5,136.1026611328125,3081900.0
2021-06-14,ADVANC.BK,175.0,176.0,174.0,174.5,136.1026611328125,4734700.0
2021-06-15,ADVANC.BK,174.5,175.5,173.5,173.5,135.32269287109375,4870200.0
2021-06-16,ADVANC.BK,173.5,174.0,173.0,173.5,135.32269287109375,2721300.0
2021-06-17,ADVANC.BK,173.5,173.5,172.5,172.5,134.542724609375,3125900.0
2021-06-18,ADVANC.BK,172.5,173.5,172.0,173.5,135.32269287109375,5636100.0
2021-06-21,ADVANC.BK,172.0,172.5,171.0,172.0,134.15277099609375,3989100.0
2021-06-22,ADVANC.BK,172.5,173.5,171.0,171.5,133.76280212402344,4133500.0
2021-06-23,ADVANC.BK,171.5,172.0,170.5,170.5,132.98281860351562,3736400.0
2021-06-24,ADVANC.BK,170.5,171.5,170.0,171.5,133.76280212402344,4065100.0
2021-06-25,ADVANC.BK,172.0,172.0,170.5,171.5,133.76280212402344,2563100.0
2021-06-28,ADVANC.BK,170.5,171.5,170.0,170.0,132.59283447265625,3646200.0
2021-06-29,ADVANC.BK,170.0,171.5,169.0,170.5,132.98281860351562,5303500.0
2021-06-30,ADVANC.BK,171.0,172.0,171.0,171.0,133.372802734375,4338700.0
2021-07-01,ADVANC.BK,171.0,172.5,170.5,172.5,134.542724609375,3169800.0
2021-07-02,ADVANC.BK,172.5,173.0,171.5,171.5,133.76280212402344,3962700.0
2021-07-05,ADVANC.BK,171.5,171.5,170.5,171.0,133.372802734375,2445000.0
2021-07-06,ADVANC.BK,171.5,172.0,170.5,171.5,133.76280212402344,3338700.0
2021-07-07,ADVANC.BK,170.5,172.0,170.0,170.5,132.98281860351562,4552600.0
2021-07-08,ADVANC.BK,169.0,170.5,169.0,169.0,131.8129119873047,4506500.0
2021-07-09,ADVANC.BK,169.0,170.5,169.0,169.5,132.20285034179688,4329100.0
2021-07-12,ADVANC.BK,170.5,171.0,169.0,170.0,132.59283447265625,2124700.0
2021-07-13,ADVANC.BK,171.0,171.5,170.5,170.5,132.98281860351562,2213500.0
2021-07-14,ADVANC.BK,171.0,171.0,170.0,170.5,132.98281860351562,4346800.0
2021-07-15,ADVANC.BK,171.0,172.0,170.0,170.5,132.98281860351562,4086300.0
2021-07-16,ADVANC.BK,171.5,171.5,170.0,170.5,132.98281860351562,3941800.0
2021-07-19,ADVANC.BK,169.5,172.0,169.5,171.5,133.76280212402344,3980000.0
2021-07-20,ADVANC.BK,171.5,174.5,171.0,174.5,136.1026611328125,12191500.0
2021-07-21,ADVANC.BK,175.0,177.0,174.0,177.0,138.0525665283203,10852000.0
2021-07-22,ADVANC.BK,176.5,177.0,175.0,176.5,137.6625518798828,5868200.0
2021-07-23,ADVANC.BK,176.0,177.0,175.5,176.5,137.6625518798828,4257700.0
2021-07-27,ADVANC.BK,177.0,177.0,174.0,176.0,137.27259826660156,6247700.0
2021-07-29,ADVANC.BK,176.5,179.0,175.5,178.5,139.2224884033203,11744500.0
2021-07-30,ADVANC.BK,178.0,180.0,177.0,179.5,140.00245666503906,10072400.0
2021-08-02,ADVANC.BK,179.5,180.5,178.5,180.5,140.7823944091797,6492300.0
2021-08-03,ADVANC.BK,180.0,180.0,174.5,177.0,138.0525665283203,14072900.0
2021-08-04,ADVANC.BK,177.5,179.0,176.0,179.0,139.61245727539062,6989400.0
2021-08-05,ADVANC.BK,179.0,179.0,175.0,175.5,136.8826141357422,7637400.0
2021-08-06,ADVANC.BK,176.0,176.5,174.0,176.0,137.27259826660156,4276700.0
2021-08-09,ADVANC.BK,176.5,178.0,175.5,177.5,138.44252014160156,4459300.0
2021-08-10,ADVANC.BK,177.5,183.0,177.5,182.0,141.9523468017578,14385300.0
2021-08-11,ADVANC.BK,182.5,186.5,182.0,185.5,144.68215942382812,22428000.0
2021-08-13,ADVANC.BK,185.5,186.0,182.5,184.5,143.90223693847656,7590200.0
2021-08-16,ADVANC.BK,181.0,181.0,178.5,181.0,143.86248779296875,6054600.0
2021-08-17,ADVANC.BK,181.5,184.0,180.0,183.5,145.84954833984375,6880900.0
2021-08-18,ADVANC.BK,183.5,184.0,182.0,182.5,145.05470275878906,4285800.0
2021-08-19,ADVANC.BK,181.5,184.5,181.0,182.5,145.05470275878906,3908400.0
2021-08-20,ADVANC.BK,182.5,184.5,182.0,183.5,145.84954833984375,9840600.0
2021-08-23,ADVANC.BK,183.5,184.0,180.0,181.0,143.86248779296875,10197200.0
2021-08-24,ADVANC.BK,181.5,183.0,180.5,181.0,143.86248779296875,5456900.0
2021-08-25,ADVANC.BK,181.0,184.0,180.5,183.5,145.84954833984375,7122600.0
2021-08-26,ADVANC.BK,183.5,185.0,182.0,184.0,146.24696350097656,9407000.0
2021-08-27,ADVANC.BK,183.5,185.5,183.0,184.5,146.64437866210938,9635000.0
2021-08-30,ADVANC.BK,185.5,186.5,183.5,184.0,146.24696350097656,8232500.0
2021-08-31,ADVANC.BK,183.5,189.5,183.5,188.0,149.42623901367188,17957000.0
2021-09-01,ADVANC.BK,188.5,189.5,186.0,186.0,147.8365936279297,9287500.0
2021-09-02,ADVANC.BK,187.0,190.5,186.5,188.5,149.8236541748047,16097500.0
2021-09-03,ADVANC.BK,189.0,190.0,188.0,190.0,151.015869140625,6704600.0
2021-09-06,ADVANC.BK,190.5,192.0,189.0,191.5,152.2080841064453,7256600.0
2021-09-07,ADVANC.BK,193.0,198.0,192.5,197.5,156.97702026367188,20584400.0
2021-09-08,ADVANC.BK,197.0,201.0,192.0,194.0,154.19515991210938,23185100.0
2021-09-09,ADVANC.BK,195.0,197.0,190.5,191.0,151.8107147216797,20907100.0
2021-09-10,ADVANC.BK,191.0,192.0,187.0,190.0,151.015869140625,21824600.0
2021-09-13,ADVANC.BK,190.0,193.5,190.0,193.5,153.79776000976562,8596600.0
2021-09-14,ADVANC.BK,193.0,193.5,189.5,190.0,151.015869140625,7610600.0
2021-09-15,ADVANC.BK,189.0,193.0,189.0,192.5,153.00291442871094,6287800.0
2021-09-16,ADVANC.BK,193.0,194.0,191.5,193.5,153.79776000976562,4477700.0
2021-09-17,ADVANC.BK,193.0,194.0,191.5,194.0,154.19515991210938,4806900.0
2021-09-20,ADVANC.BK,192.0,192.5,188.5,189.0,150.22105407714844,7533000.0
2021-09-21,ADVANC.BK,189.5,193.0,189.0,193.0,153.40032958984375,7406800.0
2021-09-22,ADVANC.BK,196.5,198.5,195.0,196.5,156.18222045898438,14177600.0
2021-09-23,ADVANC.BK,198.5,199.5,194.0,196.5,156.18222045898438,12576100.0
2021-09-27,ADVANC.BK,197.5,197.5,194.5,195.5,155.38739013671875,5830800.0
2021-09-28,ADVANC.BK,195.0,196.0,193.5,195.5,155.38739013671875,3821500.0
2021-09-29,ADVANC.BK,192.0,196.0,192.0,194.5,154.59254455566406,6049500.0
2021-09-30,ADVANC.BK,195.0,197.0,194.0,196.0,155.7847900390625,7141100.0
2021-10-01,ADVANC.BK,195.0,197.0,193.5,195.5,155.38739013671875,6231800.0
2021-10-04,ADVANC.BK,194.5,195.5,193.5,194.5,154.59254455566406,4105800.0
2021-10-05,ADVANC.BK,194.0,197.0,193.5,196.0,155.7847900390625,3684300.0
2021-10-06,ADVANC.BK,196.0,198.0,194.5,195.5,155.38739013671875,6697800.0
2021-10-07,ADVANC.BK,195.5,198.0,195.5,196.0,155.7847900390625,4073800.0
2021-10-08,ADVANC.BK,196.5,196.5,193.0,193.5,153.79776000976562,7538900.0
2021-10-11,ADVANC.BK,193.5,194.0,192.0,193.0,153.40032958984375,4580100.0
2021-10-12,ADVANC.BK,193.0,194.0,191.5,193.0,153.40032958984375,5026200.0
2021-10-14,ADVANC.BK,193.5,194.0,191.5,191.5,152.2080841064453,4661200.0
2021-10-15,ADVANC.BK,191.5,193.0,190.5,190.5,151.41329956054688,4156000.0
2021-10-18,ADVANC.BK,190.5,191.0,189.0,190.0,151.015869140625,6083300.0
2021-10-19,ADVANC.BK,190.0,190.5,187.0,187.0,148.6314239501953,9316700.0
2021-10-20,ADVANC.BK,187.0,189.5,187.0,188.0,149.42623901367188,5593300.0
2021-10-21,ADVANC.BK,189.0,189.0,187.5,188.0,149.42623901367188,2562300.0
2021-10-25,ADVANC.BK,188.5,189.5,187.5,188.5,149.8236541748047,4426100.0
2021-10-26,ADVANC.BK,188.5,189.5,187.5,189.0,150.22105407714844,5513800.0
2021-10-27,ADVANC.BK,189.0,189.5,188.0,188.0,149.42623901367188,3821600.0
2021-10-28,ADVANC.BK,188.0,191.0,187.5,189.5,150.6184539794922,4868200.0
2021-10-29,ADVANC.BK,190.0,190.5,189.0,189.0,150.22105407714844,3488400.0
2021-11-01,ADVANC.BK,189.5,191.5,188.5,188.5,149.8236541748047,4466000.0
2021-11-02,ADVANC.BK,189.5,192.0,189.0,192.0,152.60552978515625,5552900.0
2021-11-03,ADVANC.BK,192.5,192.5,189.0,189.5,150.6184539794922,4999900.0
2021-11-04,ADVANC.BK,190.0,192.0,189.5,191.0,151.8107147216797,5281000.0
2021-11-05,ADVANC.BK,191.5,192.5,190.0,192.0,152.60552978515625,3504000.0
2021-11-08,ADVANC.BK,192.5,193.0,191.5,193.0,153.40032958984375,5336300.0
2021-11-09,ADVANC.BK,193.5,195.0,193.5,194.0,154.19515991210938,5803000.0
2021-11-10,ADVANC.BK,193.0,194.5,192.0,194.0,154.19515991210938,3520500.0
2021-11-11,ADVANC.BK,194.0,194.5,193.0,193.5,153.79776000976562,2565700.0
2021-11-12,ADVANC.BK,193.5,194.5,192.5,193.0,153.40032958984375,3457300.0
2021-11-15,ADVANC.BK,192.5,195.0,192.5,194.0,154.19515991210938,3155600.0
2021-11-16,ADVANC.BK,193.5,195.5,193.5,195.5,155.38739013671875,4339300.0
2021-11-17,ADVANC.BK,195.0,197.0,194.0,197.0,156.57962036132812,5179200.0
2021-11-18,ADVANC.BK,196.0,197.5,196.0,197.5,156.97702026367188,6247400.0
2021-11-19,ADVANC.BK,197.5,198.5,195.5,196.0,155.7847900390625,7154000.0
2021-11-22,ADVANC.BK,205.0,212.0,201.0,209.0,166.1174774169922,35129200.0
2021-11-23,ADVANC.BK,209.0,215.0,207.0,215.0,170.8863983154297,16610400.0
2021-11-24,ADVANC.BK,216.0,219.0,212.0,214.0,170.091552734375,16550700.0
2021-11-25,ADVANC.BK,214.0,215.0,209.0,210.0,166.9122772216797,6643100.0
2021-11-26,ADVANC.BK,209.0,210.0,205.0,205.0,162.93817138671875,8125000.0
2021-11-29,ADVANC.BK,207.0,214.0,206.0,211.0,167.70709228515625,10640100.0
2021-11-30,ADVANC.BK,212.0,215.0,205.0,206.0,163.73300170898438,17453400.0
2021-12-01,ADVANC.BK,209.0,211.0,204.0,211.0,167.70709228515625,11582400.0
2021-12-02,ADVANC.BK,209.0,214.0,208.0,212.0,168.50192260742188,9273900.0
2021-12-03,ADVANC.BK,212.0,213.0,210.0,212.0,168.50192260742188,5808100.0
2021-12-07,ADVANC.BK,213.0,215.0,211.0,211.0,167.70709228515625,6114400.0
2021-12-08,ADVANC.BK,212.0,220.0,212.0,220.0,174.8604736328125,7825000.0
2021-12-09,ADVANC.BK,219.0,219.0,214.0,216.0,171.6811981201172,6901800.0
2021-12-13,ADVANC.BK,218.0,219.0,214.0,217.0,172.4760284423828,5783500.0
2021-12-14,ADVANC.BK,216.0,219.0,215.0,219.0,174.06565856933594,4155400.0
2021-12-15,ADVANC.BK,218.0,221.0,217.0,218.0,173.27085876464844,4952100.0
2021-12-16,ADVANC.BK,219.0,220.0,216.0,220.0,174.8604736328125,4817100.0
2021-12-17,ADVANC.BK,220.0,220.0,218.0,218.0,173.27085876464844,5087500.0
2021-12-20,ADVANC.BK,216.0,217.0,209.0,212.0,168.50192260742188,7621000.0
2021-12-21,ADVANC.BK,214.0,219.0,213.0,218.0,173.27085876464844,6393800.0
2021-12-22,ADVANC.BK,218.0,219.0,216.0,216.0,171.6811981201172,1872300.0
2021-12-23,ADVANC.BK,218.0,230.0,218.0,226.0,179.62940979003906,13940900.0
2021-12-24,ADVANC.BK,225.0,226.0,222.0,224.0,178.039794921875,2762800.0
2021-12-27,ADVANC.BK,224.0,226.0,222.0,223.0,177.24493408203125,2884100.0
2021-12-28,ADVANC.BK,224.0,229.0,223.0,225.0,178.83457946777344,5460600.0
2021-12-29,ADVANC.BK,225.0,229.0,224.0,229.0,182.0138702392578,3419700.0
2021-12-30,ADVANC.BK,230.0,231.0,228.0,230.0,182.80870056152344,5029000.0
2022-01-04,ADVANC.BK,230.0,232.0,227.0,228.0,181.21905517578125,5137200.0
2022-01-05,ADVANC.BK,227.0,227.0,224.0,226.0,179.62940979003906,5786600.0
2022-01-06,ADVANC.BK,223.0,224.0,221.0,221.0,175.65530395507812,8504200.0
2022-01-07,ADVANC.BK,221.0,222.0,215.0,221.0,175.65530395507812,12073900.0
2022-01-10,ADVANC.BK,221.0,221.0,218.0,219.0,174.06565856933594,6136300.0
2022-01-11,ADVANC.BK,221.0,226.0,221.0,224.0,178.039794921875,8143300.0
2022-01-12,ADVANC.BK,225.0,226.0,221.0,222.0,176.4501190185547,3214800.0
2022-01-13,ADVANC.BK,223.0,224.0,218.0,220.0,174.8604736328125,4652800.0
2022-01-14,ADVANC.BK,220.0,222.0,219.0,220.0,174.8604736328125,6093900.0
2022-01-17,ADVANC.BK,219.0,220.0,217.0,218.0,173.27085876464844,5103000.0
2022-01-18,ADVANC.BK,219.0,223.0,219.0,222.0,176.4501190185547,6068000.0
2022-01-19,ADVANC.BK,221.0,222.0,219.0,222.0,176.4501190185547,2204600.0
2022-01-20,ADVANC.BK,222.0,223.0,221.0,221.0,175.65530395507812,2437000.0
2022-01-21,ADVANC.BK,220.0,222.0,220.0,222.0,176.4501190185547,2847500.0
2022-01-24,ADVANC.BK,222.0,225.0,221.0,223.0,177.24493408203125,3713900.0
2022-01-25,ADVANC.BK,222.0,223.0,219.0,222.0,176.4501190185547,3299700.0
2022-01-26,ADVANC.BK,223.0,224.0,221.0,221.0,175.65530395507812,2816300.0
2022-01-27,ADVANC.BK,220.0,225.0,220.0,224.0,178.039794921875,3657900.0
2022-01-28,ADVANC.BK,223.0,224.0,221.0,222.0,176.4501190185547,2523300.0
2022-01-31,ADVANC.BK,223.0,224.0,220.0,220.0,174.8604736328125,2585100.0
2022-02-01,ADVANC.BK,221.0,222.0,220.0,221.0,175.65530395507812,2656900.0
2022-02-02,ADVANC.BK,221.0,224.0,220.0,223.0,177.24493408203125,2557700.0
2022-02-03,ADVANC.BK,222.0,224.0,222.0,223.0,177.24493408203125,2155700.0
2022-02-04,ADVANC.BK,223.0,224.0,219.0,220.0,174.8604736328125,5450300.0
2022-02-07,ADVANC.BK,219.0,220.0,218.0,219.0,174.06565856933594,2758700.0
2022-02-08,ADVANC.BK,219.0,222.0,219.0,222.0,176.4501190185547,5941700.0
2022-02-09,ADVANC.BK,223.0,227.0,223.0,226.0,179.62940979003906,12703100.0
2022-02-10,ADVANC.BK,226.0,230.0,225.0,229.0,182.0138702392578,6593800.0
2022-02-11,ADVANC.BK,228.0,237.0,226.0,237.0,188.37242126464844,13664400.0
2022-02-14,ADVANC.BK,236.0,236.0,230.0,234.0,185.9879608154297,10761500.0
2022-02-15,ADVANC.BK,234.0,237.0,232.0,237.0,188.37242126464844,6928800.0
2022-02-17,ADVANC.BK,239.0,242.0,238.0,240.0,190.75689697265625,11546800.0
2022-02-18,ADVANC.BK,236.0,239.0,235.0,238.0,192.56930541992188,6703600.0
2022-02-21,ADVANC.BK,236.0,237.0,227.0,228.0,184.47816467285156,8389000.0
2022-02-22,ADVANC.BK,225.0,231.0,225.0,230.0,186.0963897705078,6370800.0
2022-02-23,ADVANC.BK,230.0,233.0,229.0,233.0,188.5237274169922,4535000.0
2022-02-24,ADVANC.BK,230.0,233.0,226.0,227.0,183.66903686523438,6724500.0
2022-02-25,ADVANC.BK,229.0,231.0,227.0,228.0,184.47816467285156,2600600.0
2022-02-28,ADVANC.BK,227.0,230.0,225.0,229.0,185.2872772216797,7649300.0
2022-03-01,ADVANC.BK,232.0,237.0,231.0,237.0,191.76019287109375,7476800.0
2022-03-02,ADVANC.BK,241.0,242.0,236.0,236.0,190.95108032226562,8599500.0
2022-03-03,ADVANC.BK,237.0,239.0,235.0,238.0,192.56930541992188,4608400.0
2022-03-04,ADVANC.BK,236.0,237.0,232.0,232.0,187.71463012695312,5877200.0
2022-03-07,ADVANC.BK,230.0,232.0,222.0,226.0,182.85992431640625,10329100.0
2022-03-08,ADVANC.BK,225.0,227.0,221.0,226.0,182.85992431640625,9175500.0
2022-03-09,ADVANC.BK,227.0,232.0,224.0,232.0,187.71463012695312,8919200.0
2022-03-10,ADVANC.BK,235.0,235.0,229.0,231.0,186.90550231933594,5651900.0
2022-03-11,ADVANC.BK,231.0,235.0,231.0,234.0,189.33285522460938,4616200.0
2022-03-14,ADVANC.BK,236.0,237.0,233.0,235.0,190.1419677734375,3921000.0
2022-03-15,ADVANC.BK,234.0,235.0,230.0,232.0,187.71463012695312,7052200.0
2022-03-16,ADVANC.BK,233.0,235.0,232.0,235.0,190.1419677734375,4274000.0
2022-03-17,ADVANC.BK,236.0,240.0,233.0,234.0,189.33285522460938,8914700.0
2022-03-18,ADVANC.BK,234.0,235.0,231.0,232.0,187.71463012695312,5152300.0
2022-03-21,ADVANC.BK,232.0,233.0,229.0,230.0,186.0963897705078,4189700.0
2022-03-22,ADVANC.BK,230.0,232.0,229.0,230.0,186.0963897705078,3243800.0
2022-03-23,ADVANC.BK,230.0,231.0,226.0,226.0,182.85992431640625,4672500.0
2022-03-24,ADVANC.BK,227.0,233.0,227.0,231.0,186.90550231933594,6830700.0
2022-03-25,ADVANC.BK,231.0,232.0,229.0,231.0,186.90550231933594,2823400.0
2022-03-28,ADVANC.BK,232.0,234.0,231.0,232.0,187.71463012695312,2672100.0
2022-03-29,ADVANC.BK,233.0,237.0,232.0,237.0,191.76019287109375,5522100.0
2022-03-30,ADVANC.BK,237.0,237.0,232.0,235.0,190.1419677734375,5683200.0
2022-03-31,ADVANC.BK,235.0,235.0,232.0,233.0,188.5237274169922,3648300.0
2022-04-01,ADVANC.BK,233.0,236.0,233.0,236.0,190.95108032226562,4151200.0
2022-04-04,ADVANC.BK,235.0,236.0,233.0,233.0,188.5237274169922,1637200.0
2022-04-05,ADVANC.BK,235.0,236.0,233.0,234.0,189.33285522460938,3093100.0
2022-04-07,ADVANC.BK,234.0,235.0,227.0,227.0,183.66903686523438,8726100.0
2022-04-08,ADVANC.BK,228.0,229.0,225.0,226.0,182.85992431640625,4388900.0
2022-04-11,ADVANC.BK,225.0,226.0,223.0,224.0,181.24169921875,3504800.0
2022-04-12,ADVANC.BK,222.0,225.0,221.0,223.0,180.4325714111328,2646900.0
2022-04-18,ADVANC.BK,223.0,223.0,219.0,221.0,178.81434631347656,5392900.0
2022-04-19,ADVANC.BK,222.0,223.0,214.0,215.0,173.95965576171875,9313500.0
2022-04-20,ADVANC.BK,215.0,220.0,215.0,216.0,174.76876831054688,7284200.0
2022-04-21,ADVANC.BK,218.0,221.0,218.0,219.0,177.1961212158203,7440500.0
2022-04-22,ADVANC.BK,218.0,220.0,216.0,218.0,176.3870086669922,3601400.0
2022-04-25,ADVANC.BK,217.0,217.0,215.0,216.0,174.76876831054688,4644400.0
2022-04-26,ADVANC.BK,217.0,220.0,217.0,217.0,175.57789611816406,3812900.0
2022-04-27,ADVANC.BK,218.0,220.0,217.0,219.0,177.1961212158203,5408800.0
2022-04-28,ADVANC.BK,220.0,221.0,218.0,220.0,178.00523376464844,5937400.0
2022-04-29,ADVANC.BK,218.0,219.0,214.0,215.0,173.95965576171875,8740400.0
2022-05-03,ADVANC.BK,215.0,217.0,211.0,212.0,171.53231811523438,5932100.0
2022-05-05,ADVANC.BK,210.0,212.0,207.0,209.0,169.10498046875,11389700.0
2022-05-06,ADVANC.BK,207.0,210.0,207.0,208.0,168.2958526611328,5578600.0
2022-05-09,ADVANC.BK,207.0,207.0,204.0,205.0,165.86851501464844,6402600.0
2022-05-10,ADVANC.BK,211.0,215.0,207.0,213.0,172.34144592285156,17219900.0
2022-05-11,ADVANC.BK,214.0,217.0,212.0,214.0,173.15054321289062,8217600.0
2022-05-12,ADVANC.BK,212.0,218.0,212.0,216.0,174.76876831054688,9042500.0
2022-05-13,ADVANC.BK,215.0,216.0,212.0,215.0,173.95965576171875,5005100.0
2022-05-17,ADVANC.BK,218.0,219.0,215.0,218.0,176.3870086669922,5213300.0
2022-05-18,ADVANC.BK,219.0,220.0,216.0,219.0,177.1961212158203,6393100.0
2022-05-19,ADVANC.BK,216.0,219.0,215.0,217.0,175.57789611816406,4322600.0
2022-05-20,ADVANC.BK,218.0,220.0,216.0,218.0,176.3870086669922,4577000.0
2022-05-23,ADVANC.BK,219.0,220.0,217.0,220.0,178.00523376464844,4706200.0
2022-05-24,ADVANC.BK,221.0,225.0,221.0,224.0,181.24169921875,10321200.0
2022-05-25,ADVANC.BK,224.0,225.0,220.0,220.0,178.00523376464844,6623900.0
2022-05-26,ADVANC.BK,221.0,223.0,220.0,222.0,179.6234588623047,3041000.0
2022-05-27,ADVANC.BK,222.0,223.0,216.0,218.0,176.3870086669922,8360300.0
2022-05-30,ADVANC.BK,218.0,219.0,216.0,217.0,175.57789611816406,3380900.0
2022-05-31,ADVANC.BK,217.0,219.0,216.0,217.0,175.57789611816406,15004000.0
2022-06-01,ADVANC.BK,218.0,221.0,217.0,220.0,178.00523376464844,4631200.0
2022-06-02,ADVANC.BK,219.0,219.0,216.0,217.0,175.57789611816406,4504800.0
2022-06-06,ADVANC.BK,217.0,217.0,211.0,214.0,173.15054321289062,6308300.0
2022-06-07,ADVANC.BK,213.0,214.0,211.0,212.0,171.53231811523438,3961600.0
2022-06-08,ADVANC.BK,212.0,213.0,209.0,211.0,170.72320556640625,8316200.0
2022-06-09,ADVANC.BK,211.0,213.0,210.0,212.0,171.53231811523438,5267000.0
2022-06-10,ADVANC.BK,211.0,211.0,207.0,208.0,168.2958526611328,6371100.0
2022-06-13,ADVANC.BK,206.0,208.0,205.0,207.0,167.48675537109375,5286400.0
2022-06-14,ADVANC.BK,206.0,210.0,205.0,209.0,169.10498046875,3995600.0
2022-06-15,ADVANC.BK,208.0,208.0,206.0,206.0,166.67762756347656,3916600.0
2022-06-16,ADVANC.BK,207.0,208.0,198.5,199.5,161.41839599609375,14878800.0
2022-06-17,ADVANC.BK,199.0,203.0,197.5,202.0,163.441162109375,10878900.0
2022-06-20,ADVANC.BK,202.0,204.0,201.0,203.0,164.2502899169922,2743700.0
2022-06-21,ADVANC.BK,202.0,203.0,200.0,201.0,162.63206481933594,4067300.0
2022-06-22,ADVANC.BK,200.0,202.0,197.5,198.0,160.20469665527344,8415400.0
2022-06-23,ADVANC.BK,198.0,199.5,196.0,197.0,159.39559936523438,8709000.0
2022-06-24,ADVANC.BK,197.5,203.0,197.0,202.0,163.441162109375,9721300.0
2022-06-27,ADVANC.BK,204.0,204.0,200.0,202.0,163.441162109375,4343600.0
2022-06-28,ADVANC.BK,202.0,204.0,200.0,204.0,165.05938720703125,4737100.0
2022-06-29,ADVANC.BK,201.0,202.0,198.0,199.0,161.01382446289062,10647400.0
2022-06-30,ADVANC.BK,198.5,199.5,194.5,194.5,157.37281799316406,13220100.0
2022-07-01,ADVANC.BK,195.0,197.5,194.5,197.5,159.8001708984375,6110900.0
2022-07-04,ADVANC.BK,201.0,203.0,199.5,200.0,161.82293701171875,11295900.0
2022-07-05,ADVANC.BK,201.0,206.0,200.0,203.0,164.2502899169922,12766200.0
2022-07-06,ADVANC.BK,203.0,204.0,201.0,203.0,164.2502899169922,6937600.0
2022-07-07,ADVANC.BK,203.0,207.0,202.0,205.0,165.86851501464844,6658300.0
2022-07-08,ADVANC.BK,206.0,206.0,203.0,204.0,165.05938720703125,5121300.0
2022-07-11,ADVANC.BK,204.0,205.0,203.0,204.0,165.05938720703125,2121000.0
2022-07-12,ADVANC.BK,204.0,206.0,202.0,203.0,164.2502899169922,3132700.0
2022-07-14,ADVANC.BK,206.0,207.0,202.0,204.0,165.05938720703125,6402900.0
2022-07-15,ADVANC.BK,205.0,205.0,203.0,205.0,165.86851501464844,3977200.0
2022-07-18,ADVANC.BK,205.0,206.0,204.0,205.0,165.86851501464844,3059500.0
2022-07-19,ADVANC.BK,203.0,204.0,200.0,202.0,163.441162109375,5117900.0
2022-07-20,ADVANC.BK,203.0,204.0,200.0,202.0,163.441162109375,5676200.0
2022-07-21,ADVANC.BK,202.0,204.0,200.0,202.0,163.441162109375,3591500.0
2022-07-22,ADVANC.BK,203.0,204.0,200.0,202.0,163.441162109375,4698300.0
2022-07-25,ADVANC.BK,200.0,201.0,198.0,200.0,161.82293701171875,5294300.0
2022-07-26,ADVANC.BK,200.0,200.0,198.0,198.0,160.20469665527344,4156300.0
2022-07-27,ADVANC.BK,200.0,201.0,198.5,201.0,162.63206481933594,4889800.0
2022-08-01,ADVANC.BK,201.0,203.0,200.0,202.0,163.441162109375,6402500.0
2022-08-02,ADVANC.BK,203.0,205.0,201.0,202.0,163.441162109375,6196500.0
2022-08-03,ADVANC.BK,203.0,203.0,201.0,202.0,163.441162109375,2975700.0
2022-08-04,ADVANC.BK,202.0,203.0,201.0,202.0,163.441162109375,2364100.0
2022-08-05,ADVANC.BK,203.0,203.0,201.0,202.0,163.441162109375,2602200.0
2022-08-08,ADVANC.BK,203.0,203.0,201.0,203.0,164.2502899169922,4579800.0
2022-08-09,ADVANC.BK,203.0,205.0,202.0,205.0,165.86851501464844,4120500.0
2022-08-10,ADVANC.BK,204.0,205.0,201.0,202.0,163.441162109375,6113700.0
2022-08-11,ADVANC.BK,202.0,203.0,198.5,199.5,161.41839599609375,9791500.0
2022-08-15,ADVANC.BK,201.0,203.0,200.0,201.0,162.63206481933594,4680300.0
2022-08-16,ADVANC.BK,202.0,202.0,200.0,201.0,162.63206481933594,5280900.0
2022-08-17,ADVANC.BK,200.0,201.0,199.0,200.0,161.82293701171875,6693100.0
2022-08-18,ADVANC.BK,199.5,201.0,199.5,200.0,161.82293701171875,3976300.0
2022-08-19,ADVANC.BK,197.0,198.5,196.0,196.0,161.3701171875,7738700.0
2022-08-22,ADVANC.BK,196.0,196.5,193.5,194.0,159.72349548339844,7223100.0
2022-08-23,ADVANC.BK,194.0,195.5,192.5,193.5,159.31182861328125,8814600.0
2022-08-24,ADVANC.BK,193.5,193.5,192.0,193.0,158.90017700195312,6082200.0
2022-08-25,ADVANC.BK,194.0,194.5,192.0,192.5,158.488525390625,5430200.0
2022-08-26,ADVANC.BK,193.0,193.5,192.0,192.5,158.488525390625,3801400.0
2022-08-29,ADVANC.BK,190.5,191.5,189.5,191.5,157.66519165039062,6652900.0
2022-08-30,ADVANC.BK,191.0,194.0,191.0,193.5,159.31182861328125,5947900.0
2022-08-31,ADVANC.BK,192.0,193.5,192.0,192.0,158.0768585205078,9149400.0
2022-09-01,ADVANC.BK,192.0,192.5,190.5,190.5,156.84188842773438,5709600.0
2022-09-02,ADVANC.BK,190.5,192.0,190.0,191.5,157.66519165039062,3907900.0
2022-09-05,ADVANC.BK,191.5,192.0,189.0,191.5,157.66519165039062,9130100.0
2022-09-06,ADVANC.BK,191.0,194.0,190.5,193.5,159.31182861328125,9511900.0
2022-09-07,ADVANC.BK,193.5,194.0,192.5,193.5,159.31182861328125,7093600.0
2022-09-08,ADVANC.BK,193.0,193.5,192.5,193.0,158.90017700195312,5722100.0
2022-09-09,ADVANC.BK,193.0,193.5,191.5,192.5,158.488525390625,4915400.0
2022-09-12,ADVANC.BK,192.0,193.0,191.5,192.0,158.0768585205078,3615200.0
2022-09-13,ADVANC.BK,192.5,196.5,192.0,196.0,161.3701171875,11936400.0
2022-09-14,ADVANC.BK,194.5,196.0,194.5,195.0,160.54681396484375,8701700.0
2022-09-15,ADVANC.BK,195.0,195.5,193.0,194.0,159.72349548339844,6661700.0
2022-09-16,ADVANC.BK,193.0,194.0,192.5,193.0,158.90017700195312,5724300.0
2022-09-19,ADVANC.BK,193.0,193.0,190.0,191.0,157.2535400390625,5472000.0
2022-09-20,ADVANC.BK,191.0,192.5,190.0,191.0,157.2535400390625,5579700.0
2022-09-21,ADVANC.BK,192.0,196.0,191.5,193.5,159.31182861328125,16742200.0
2022-09-22,ADVANC.BK,193.5,194.5,192.5,194.0,159.72349548339844,4763400.0
2022-09-23,ADVANC.BK,193.0,193.5,192.5,193.0,158.90017700195312,3053400.0
2022-09-26,ADVANC.BK,192.5,200.0,192.0,198.5,163.42840576171875,19157800.0
2022-09-27,ADVANC.BK,199.0,201.0,197.0,197.5,162.60508728027344,8648100.0
2022-09-28,ADVANC.BK,196.5,200.0,196.0,197.5,162.60508728027344,8785400.0
2022-09-29,ADVANC.BK,197.5,198.5,194.5,195.5,160.95846557617188,6699100.0
2022-09-30,ADVANC.BK,195.5,197.0,194.5,195.0,160.54681396484375,5223800.0
2022-10-03,ADVANC.BK,194.5,195.0,191.5,192.0,158.0768585205078,8462700.0
2022-10-04,ADVANC.BK,192.0,194.0,190.0,193.0,158.90017700195312,7969800.0
2022-10-05,ADVANC.BK,192.5,193.0,190.0,190.0,156.43023681640625,9975600.0
2022-10-06,ADVANC.BK,190.0,190.5,185.0,186.5,153.54859924316406,20090500.0
2022-10-07,ADVANC.BK,186.0,188.0,186.0,186.5,153.54859924316406,3662400.0
2022-10-10,ADVANC.BK,186.0,186.0,184.0,184.5,151.9019775390625,6266200.0
2022-10-11,ADVANC.BK,186.5,186.5,184.5,185.0,152.3136444091797,4581600.0
2022-10-12,ADVANC.BK,185.0,185.0,183.5,184.5,151.9019775390625,3338100.0
2022-10-17,ADVANC.BK,184.5,185.0,181.5,185.0,152.3136444091797,4854300.0
2022-10-18,ADVANC.BK,185.0,187.5,184.0,185.0,152.3136444091797,8029600.0
2022-10-19,ADVANC.BK,184.0,185.5,184.0,185.5,152.72528076171875,3703700.0
2022-10-20,ADVANC.BK,185.5,190.0,184.5,189.0,155.60691833496094,14218000.0
2022-10-21,ADVANC.BK,190.0,191.0,186.0,187.0,153.96026611328125,11680000.0
2022-10-25,ADVANC.BK,187.0,187.5,185.0,185.5,152.72528076171875,4833900.0
2022-10-26,ADVANC.BK,185.5,188.0,185.5,187.5,154.37193298339844,4484600.0
2022-10-27,ADVANC.BK,188.0,188.5,187.0,188.0,154.78358459472656,5035500.0
2022-10-28,ADVANC.BK,188.0,189.0,188.0,189.0,155.60691833496094,4206100.0
2022-10-31,ADVANC.BK,189.5,191.5,189.0,191.0,157.2535400390625,7126800.0
2022-11-01,ADVANC.BK,191.0,193.5,191.0,193.5,159.31182861328125,5184600.0
2022-11-02,ADVANC.BK,193.5,194.0,192.5,192.5,158.488525390625,5764500.0
2022-11-03,ADVANC.BK,192.0,193.0,191.5,191.5,157.66519165039062,4463700.0
2022-11-04,ADVANC.BK,192.0,192.0,186.5,187.0,153.96026611328125,14437300.0
2022-11-07,ADVANC.BK,187.5,187.5,184.5,185.0,152.3136444091797,9737700.0
2022-11-08,ADVANC.BK,185.0,188.5,185.0,187.5,154.37193298339844,6050600.0
2022-11-09,ADVANC.BK,188.0,188.0,186.5,188.0,154.78358459472656,4485100.0
2022-11-10,ADVANC.BK,186.0,187.0,185.0,186.5,153.54859924316406,6012800.0
2022-11-11,ADVANC.BK,188.5,189.5,187.5,189.0,155.60691833496094,7631900.0
2022-11-14,ADVANC.BK,188.0,190.0,188.0,188.5,155.19525146484375,4685800.0
2022-11-15,ADVANC.BK,189.0,189.0,187.0,187.5,154.37193298339844,5067300.0
2022-11-16,ADVANC.BK,187.0,189.0,187.0,187.5,154.37193298339844,5616900.0
2022-11-17,ADVANC.BK,187.5,187.5,186.0,187.0,153.96026611328125,5787400.0
2022-11-18,ADVANC.BK,188.0,190.0,187.5,190.0,156.43023681640625,7921400.0
2022-11-21,ADVANC.BK,189.5,191.0,188.5,190.5,156.84188842773438,4995900.0
2022-11-22,ADVANC.BK,190.5,191.5,189.5,190.0,156.43023681640625,7786200.0
2022-11-23,ADVANC.BK,190.0,191.0,189.5,190.0,156.43023681640625,4280900.0
2022-11-24,ADVANC.BK,190.5,191.0,188.0,189.0,155.60691833496094,4726200.0
2022-11-25,ADVANC.BK,189.0,189.0,187.0,188.5,155.19525146484375,3167000.0
2022-11-28,ADVANC.BK,188.0,189.0,187.0,188.5,155.19525146484375,2293800.0
2022-11-29,ADVANC.BK,189.0,190.5,189.0,190.0,156.43023681640625,3564400.0
2022-11-30,ADVANC.BK,189.0,190.0,188.5,189.0,155.60691833496094,8367700.0
2022-12-01,ADVANC.BK,190.0,190.5,189.0,190.0,156.43023681640625,2908500.0
2022-12-02,ADVANC.BK,190.0,190.0,188.5,188.5,155.19525146484375,3418300.0
2022-12-06,ADVANC.BK,188.0,188.5,183.0,185.0,152.3136444091797,11185200.0
2022-12-07,ADVANC.BK,185.0,187.5,185.0,186.5,153.54859924316406,3787900.0
2022-12-08,ADVANC.BK,187.0,187.0,185.5,186.5,153.54859924316406,2847700.0
2022-12-09,ADVANC.BK,186.0,187.5,186.0,187.0,153.96026611328125,2850000.0
2022-12-13,ADVANC.BK,188.0,188.0,186.0,186.5,153.54859924316406,3709500.0
2022-12-14,ADVANC.BK,187.0,187.0,185.5,186.5,153.54859924316406,3836900.0
2022-12-15,ADVANC.BK,186.0,186.5,185.0,185.5,152.72528076171875,2776600.0
2022-12-16,ADVANC.BK,185.0,186.0,184.5,185.0,152.3136444091797,4992000.0
2022-12-19,ADVANC.BK,186.0,186.5,184.5,186.0,153.13694763183594,2955200.0
2022-12-20,ADVANC.BK,186.0,187.0,185.0,186.0,153.13694763183594,2003100.0
2022-12-21,ADVANC.BK,186.5,188.5,186.0,188.0,154.78358459472656,4693800.0
2022-12-22,ADVANC.BK,189.0,189.5,188.0,188.5,155.19525146484375,4636500.0
2022-12-23,ADVANC.BK,188.0,190.0,188.0,190.0,156.43023681640625,4747500.0
2022-12-26,ADVANC.BK,190.5,193.0,190.0,192.0,158.0768585205078,7569900.0
2022-12-27,ADVANC.BK,192.5,194.0,192.0,193.5,159.31182861328125,5127600.0
2022-12-28,ADVANC.BK,194.0,195.0,193.5,194.0,159.72349548339844,3691100.0
2022-12-29,ADVANC.BK,194.0,196.0,193.5,196.0,161.3701171875,4646600.0
2022-12-30,ADVANC.BK,196.0,197.0,194.5,195.0,160.54681396484375,6034600.0
2023-01-03,ADVANC.BK,196.0,196.5,194.5,194.5,160.1351318359375,2992300.0
2023-01-04,ADVANC.BK,194.5,197.5,194.0,197.0,162.19345092773438,5078000.0
2023-01-05,ADVANC.BK,197.0,202.0,196.5,201.0,165.48670959472656,13624900.0
2023-01-06,ADVANC.BK,201.0,202.0,199.5,201.0,165.48670959472656,4262300.0
2023-01-09,ADVANC.BK,202.0,203.0,201.0,203.0,167.1333465576172,4561800.0
2023-01-10,ADVANC.BK,204.0,204.0,202.0,203.0,167.1333465576172,4852900.0
2023-01-11,ADVANC.BK,203.0,204.0,199.0,199.0,163.84007263183594,6663900.0
2023-01-12,ADVANC.BK,200.0,203.0,199.5,201.0,165.48670959472656,7078600.0
2023-01-13,ADVANC.BK,202.0,203.0,200.0,202.0,166.31002807617188,3937300.0
2023-01-16,ADVANC.BK,203.0,203.0,201.0,202.0,166.31002807617188,3680700.0
2023-01-17,ADVANC.BK,201.0,202.0,200.0,201.0,165.48670959472656,4213600.0
2023-01-18,ADVANC.BK,200.0,202.0,200.0,202.0,166.31002807617188,3823300.0
2023-01-19,ADVANC.BK,201.0,202.0,200.0,202.0,166.31002807617188,3115500.0
2023-01-20,ADVANC.BK,202.0,202.0,200.0,200.0,164.66339111328125,4366200.0
2023-01-23,ADVANC.BK,200.0,202.0,200.0,201.0,165.48670959472656,2546400.0
2023-01-24,ADVANC.BK,201.0,202.0,200.0,200.0,164.66339111328125,2341400.0
2023-01-25,ADVANC.BK,200.0,201.0,199.0,201.0,165.48670959472656,2432100.0
2023-01-26,ADVANC.BK,201.0,202.0,199.0,200.0,164.66339111328125,4414300.0
2023-01-27,ADVANC.BK,200.0,201.0,199.0,200.0,164.66339111328125,1974700.0
2023-01-30,ADVANC.BK,200.0,201.0,196.5,197.5,162.60508728027344,8722800.0
2023-01-31,ADVANC.BK,196.5,197.5,195.0,195.0,160.54681396484375,8277800.0
2023-02-01,ADVANC.BK,196.0,198.5,196.0,198.0,163.01673889160156,4759400.0
2023-02-02,ADVANC.BK,198.5,200.0,197.0,197.5,162.60508728027344,5754300.0
2023-02-03,ADVANC.BK,197.5,198.5,197.0,198.5,163.42840576171875,2401200.0
2023-02-06,ADVANC.BK,198.5,198.5,197.0,197.0,162.19345092773438,2112300.0
2023-02-07,ADVANC.BK,197.0,198.0,196.0,196.5,161.7817840576172,3222700.0
2023-02-08,ADVANC.BK,196.0,196.5,195.0,195.5,160.95846557617188,3769600.0
2023-02-09,ADVANC.BK,195.0,201.0,194.0,199.5,164.25173950195312,11696300.0
2023-02-10,ADVANC.BK,202.0,206.0,201.0,206.0,169.60328674316406,16099700.0
2023-02-13,ADVANC.BK,208.0,210.0,207.0,210.0,172.8965606689453,11095800.0
2023-02-14,ADVANC.BK,211.0,211.0,206.0,208.0,171.24990844726562,8695700.0
2023-02-15,ADVANC.BK,207.0,210.0,206.0,209.0,172.0732421875,5605900.0
2023-02-16,ADVANC.BK,209.0,212.0,208.0,211.0,173.71987915039062,6836200.0
2023-02-17,ADVANC.BK,210.0,211.0,208.0,209.0,172.0732421875,6406500.0
2023-02-20,ADVANC.BK,208.0,210.0,207.0,209.0,172.0732421875,5039600.0
2023-02-21,ADVANC.BK,210.0,211.0,208.0,210.0,172.8965606689453,6670500.0
2023-02-22,ADVANC.BK,206.0,208.0,206.0,208.0,174.77879333496094,5605500.0
2023-02-23,ADVANC.BK,207.0,208.0,205.0,206.0,173.0982208251953,4638800.0
2023-02-24,ADVANC.BK,205.0,206.0,201.0,201.0,168.89682006835938,9418200.0
2023-02-27,ADVANC.BK,201.0,201.0,198.5,200.0,168.05653381347656,7383600.0
2023-02-28,ADVANC.BK,201.0,203.0,200.0,202.0,169.7371063232422,5706700.0
2023-03-01,ADVANC.BK,202.0,204.0,201.0,202.0,169.7371063232422,7670600.0
2023-03-02,ADVANC.BK,202.0,203.0,200.0,202.0,169.7371063232422,5280500.0
2023-03-03,ADVANC.BK,203.0,203.0,200.0,203.0,170.57737731933594,4207500.0
2023-03-07,ADVANC.BK,204.0,205.0,202.0,204.0,171.4176483154297,7244400.0
2023-03-08,ADVANC.BK,201.0,204.0,201.0,204.0,171.4176483154297,6516900.0
2023-03-09,ADVANC.BK,205.0,208.0,203.0,207.0,173.9385223388672,9662700.0
2023-03-10,ADVANC.BK,206.0,209.0,205.0,209.0,175.61907958984375,7456100.0
2023-03-13,ADVANC.BK,210.0,210.0,201.0,202.0,169.7371063232422,11559700.0
2023-03-14,ADVANC.BK,200.0,207.0,200.0,201.0,168.89682006835938,13588700.0
2023-03-15,ADVANC.BK,203.0,207.0,201.0,205.0,172.2579345703125,8989900.0
2023-03-16,ADVANC.BK,202.0,207.0,202.0,207.0,173.9385223388672,6964000.0
2023-03-17,ADVANC.BK,208.0,208.0,204.0,206.0,173.0982208251953,8668500.0
2023-03-20,ADVANC.BK,207.0,210.0,206.0,209.0,175.61907958984375,9315100.0
2023-03-21,ADVANC.BK,210.0,215.0,208.0,214.0,179.82049560546875,13701400.0
2023-03-22,ADVANC.BK,214.0,214.0,211.0,214.0,179.82049560546875,9118200.0
2023-03-23,ADVANC.BK,214.0,215.0,211.0,213.0,178.98020935058594,6941000.0
2023-03-24,ADVANC.BK,215.0,215.0,212.0,213.0,178.98020935058594,5702200.0
2023-03-27,ADVANC.BK,213.0,213.0,210.0,212.0,178.1399383544922,4282400.0
2023-03-28,ADVANC.BK,213.0,214.0,211.0,214.0,179.82049560546875,3294600.0
2023-03-29,ADVANC.BK,214.0,214.0,211.0,212.0,178.1399383544922,4271200.0
2023-03-30,ADVANC.BK,212.0,213.0,211.0,211.0,177.29962158203125,4399900.0
2023-03-31,ADVANC.BK,212.0,213.0,211.0,212.0,178.1399383544922,3142700.0
2023-04-03,ADVANC.BK,213.0,213.0,211.0,213.0,178.98020935058594,2613000.0
2023-04-04,ADVANC.BK,213.0,214.0,211.0,213.0,178.98020935058594,4915800.0
2023-04-05,ADVANC.BK,213.0,213.0,209.0,209.0,175.61907958984375,4477700.0
2023-04-07,ADVANC.BK,207.0,210.0,206.0,210.0,176.4593505859375,3624200.0
2023-04-10,ADVANC.BK,211.0,213.0,209.0,212.0,178.1399383544922,4216300.0
2023-04-11,ADVANC.BK,212.0,213.0,211.0,213.0,178.98020935058594,3171200.0
2023-04-12,ADVANC.BK,213.0,214.0,210.0,211.0,177.29962158203125,3786300.0
2023-04-17,ADVANC.BK,213.0,215.0,211.0,213.0,178.98020935058594,4412700.0
2023-04-18,ADVANC.BK,213.0,214.0,212.0,212.0,178.1399383544922,2889000.0
2023-04-19,ADVANC.BK,212.0,214.0,211.0,212.0,178.1399383544922,4750600.0
2023-04-20,ADVANC.BK,211.0,212.0,209.0,210.0,176.4593505859375,4690700.0
2023-04-21,ADVANC.BK,210.0,211.0,207.0,209.0,175.61907958984375,4716300.0
2023-04-24,ADVANC.BK,209.0,209.0,206.0,208.0,174.77879333496094,5808000.0
2023-04-25,ADVANC.BK,207.0,210.0,206.0,208.0,174.77879333496094,6072900.0
2023-04-26,ADVANC.BK,208.0,212.0,208.0,212.0,178.1399383544922,4219100.0
2023-04-27,ADVANC.BK,213.0,216.0,212.0,214.0,179.82049560546875,11108900.0
2023-04-28,ADVANC.BK,214.0,216.0,212.0,214.0,179.82049560546875,4333600.0
2023-05-02,ADVANC.BK,215.0,215.0,213.0,214.0,179.82049560546875,2332400.0
2023-05-03,ADVANC.BK,213.0,215.0,210.0,214.0,179.82049560546875,6266800.0
2023-05-08,ADVANC.BK,213.0,220.0,213.0,219.0,184.02191162109375,9343400.0
2023-05-09,ADVANC.BK,219.0,219.0,216.0,218.0,183.18162536621094,4522300.0
2023-05-10,ADVANC.BK,218.0,221.0,217.0,220.0,184.8621826171875,3517100.0
2023-05-11,ADVANC.BK,220.0,221.0,219.0,219.0,184.02191162109375,2566400.0
2023-05-12,ADVANC.BK,219.0,221.0,218.0,221.0,185.7024688720703,3733900.0
2023-05-15,ADVANC.BK,222.0,222.0,210.0,211.0,177.29962158203125,12483000.0
2023-05-16,ADVANC.BK,212.0,215.0,211.0,213.0,178.98020935058594,6325900.0
2023-05-17,ADVANC.BK,215.0,216.0,214.0,215.0,180.6607666015625,4680900.0
2023-05-18,ADVANC.BK,215.0,215.0,211.0,211.0,177.29962158203125,3567800.0
2023-05-19,ADVANC.BK,211.0,212.0,209.0,210.0,176.4593505859375,2926800.0
2023-05-22,ADVANC.BK,209.0,212.0,206.0,212.0,178.1399383544922,5255200.0
2023-05-23,ADVANC.BK,212.0,213.0,210.0,213.0,178.98020935058594,2928400.0
2023-05-24,ADVANC.BK,212.0,213.0,211.0,211.0,177.29962158203125,1878400.0
2023-05-25,ADVANC.BK,212.0,213.0,210.0,212.0,178.1399383544922,3049500.0
2023-05-26,ADVANC.BK,211.0,213.0,210.0,212.0,178.1399383544922,2034000.0
2023-05-29,ADVANC.BK,212.0,214.0,211.0,212.0,178.1399383544922,3286300.0
2023-05-30,ADVANC.BK,212.0,213.0,211.0,212.0,178.1399383544922,3173900.0
2023-05-31,ADVANC.BK,211.0,213.0,211.0,211.0,177.29962158203125,2694800.0
2023-06-01,ADVANC.BK,211.0,213.0,208.0,210.0,176.4593505859375,3622200.0
2023-06-02,ADVANC.BK,210.0,213.0,208.0,212.0,178.1399383544922,3373100.0
2023-06-06,ADVANC.BK,214.0,214.0,211.0,214.0,179.82049560546875,3530200.0
2023-06-07,ADVANC.BK,215.0,215.0,213.0,215.0,180.6607666015625,3611500.0
2023-06-08,ADVANC.BK,215.0,218.0,214.0,217.0,182.34133911132812,4091500.0
2023-06-09,ADVANC.BK,217.0,219.0,217.0,219.0,184.02191162109375,4394600.0
2023-06-12,ADVANC.BK,218.0,219.0,216.0,218.0,183.18162536621094,2907100.0
2023-06-13,ADVANC.BK,217.0,219.0,216.0,218.0,183.18162536621094,3209200.0
2023-06-14,ADVANC.BK,217.0,218.0,215.0,218.0,183.18162536621094,2466100.0
2023-06-15,ADVANC.BK,218.0,218.0,216.0,218.0,183.18162536621094,2867500.0
2023-06-16,ADVANC.BK,218.0,219.0,216.0,218.0,183.18162536621094,3487600.0
2023-06-19,ADVANC.BK,217.0,218.0,215.0,216.0,181.5010528564453,1122900.0
2023-06-20,ADVANC.BK,217.0,219.0,216.0,218.0,183.18162536621094,2842000.0
2023-06-21,ADVANC.BK,219.0,219.0,216.0,216.0,181.5010528564453,2064600.0
2023-06-22,ADVANC.BK,216.0,216.0,211.0,212.0,178.1399383544922,4350000.0
2023-06-23,ADVANC.BK,211.0,213.0,209.0,211.0,177.29962158203125,3871800.0
2023-06-26,ADVANC.BK,211.0,213.0,210.0,210.0,176.4593505859375,2093400.0
2023-06-27,ADVANC.BK,211.0,213.0,210.0,210.0,176.4593505859375,2812100.0
2023-06-28,ADVANC.BK,211.0,212.0,210.0,212.0,178.1399383544922,3019200.0
2023-06-29,ADVANC.BK,212.0,213.0,211.0,211.0,177.29962158203125,2917500.0
2023-06-30,ADVANC.BK,213.0,216.0,211.0,214.0,179.82049560546875,5817000.0
2023-07-03,ADVANC.BK,215.0,215.0,210.0,212.0,178.1399383544922,4078500.0
2023-07-04,ADVANC.BK,211.0,215.0,209.0,214.0,179.82049560546875,7167800.0
2023-07-05,ADVANC.BK,215.0,218.0,215.0,216.0,181.5010528564453,6525600.0
2023-07-06,ADVANC.BK,218.0,219.0,215.0,216.0,181.5010528564453,4167100.0
2023-07-07,ADVANC.BK,215.0,217.0,214.0,214.0,179.82049560546875,3259300.0
2023-07-10,ADVANC.BK,215.0,216.0,213.0,214.0,179.82049560546875,3246100.0
2023-07-11,ADVANC.BK,214.0,216.0,213.0,216.0,181.5010528564453,3037600.0
2023-07-12,ADVANC.BK,217.0,218.0,215.0,217.0,182.34133911132812,4900200.0
2023-07-13,ADVANC.BK,218.0,219.0,217.0,218.0,183.18162536621094,3293000.0
2023-07-14,ADVANC.BK,219.0,222.0,218.0,222.0,186.54273986816406,5495400.0
2023-07-17,ADVANC.BK,223.0,223.0,220.0,222.0,186.54273986816406,4704700.0
2023-07-18,ADVANC.BK,222.0,224.0,221.0,225.0,189.06361389160156,2584500.0
2023-07-19,ADVANC.BK,224.0,225.0,220.0,221.0,185.7024688720703,5093400.0
2023-07-20,ADVANC.BK,221.0,222.0,219.0,220.0,184.8621826171875,3381900.0
2023-07-21,ADVANC.BK,220.0,223.0,218.0,222.0,186.54273986816406,3631600.0
2023-07-24,ADVANC.BK,222.0,223.0,221.0,222.0,186.54273986816406,1923200.0
2023-07-25,ADVANC.BK,222.0,223.0,220.0,222.0,186.54273986816406,1811300.0
2023-07-26,ADVANC.BK,222.0,223.0,221.0,223.0,187.38302612304688,1588500.0
2023-07-27,ADVANC.BK,223.0,225.0,221.0,224.0,188.2233123779297,4573400.0
2023-07-31,ADVANC.BK,226.0,227.0,225.0,226.0,189.9038848876953,1626700.0
2023-08-02,ADVANC.BK,222.0,228.0,222.0,226.0,189.9038848876953,5201600.0
2023-08-03,ADVANC.BK,226.0,227.0,222.0,222.0,186.54273986816406,4908500.0
2023-08-04,ADVANC.BK,222.0,226.0,222.0,224.0,188.2233123779297,1905700.0
2023-08-07,ADVANC.BK,224.0,226.0,222.0,224.0,188.2233123779297,3945500.0
2023-08-08,ADVANC.BK,223.0,225.0,220.0,220.0,184.8621826171875,4418800.0
2023-08-09,ADVANC.BK,220.0,222.0,218.0,222.0,186.54273986816406,3140300.0
2023-08-10,ADVANC.BK,221.0,222.0,219.0,221.0,185.7024688720703,4019300.0
2023-08-11,ADVANC.BK,221.0,222.0,220.0,221.0,185.7024688720703,1810700.0
2023-08-15,ADVANC.BK,222.0,222.0,219.0,221.0,185.7024688720703,2278100.0
2023-08-16,ADVANC.BK,220.0,222.0,218.0,222.0,186.54273986816406,5354300.0
2023-08-17,ADVANC.BK,221.0,223.0,220.0,223.0,187.38302612304688,2879600.0
2023-08-18,ADVANC.BK,220.0,223.0,219.0,222.0,189.94992065429688,5947200.0
2023-08-21,ADVANC.BK,222.0,222.0,219.0,222.0,189.94992065429688,5055700.0
2023-08-22,ADVANC.BK,222.0,223.0,219.0,221.0,189.09429931640625,6317100.0
2023-08-23,ADVANC.BK,220.0,223.0,220.0,222.0,189.94992065429688,3851600.0
2023-08-24,ADVANC.BK,223.0,223.0,220.0,220.0,188.23866271972656,3924900.0
2023-08-25,ADVANC.BK,219.0,220.0,216.0,218.0,186.5274200439453,6995900.0
2023-08-28,ADVANC.BK,218.0,219.0,216.0,219.0,187.38304138183594,3177500.0
2023-08-29,ADVANC.BK,219.0,220.0,213.0,214.0,183.10488891601562,11740800.0
2023-08-30,ADVANC.BK,217.0,219.0,215.0,217.0,185.67178344726562,7439800.0
2023-08-31,ADVANC.BK,216.0,218.0,215.0,216.0,184.81614685058594,3691500.0
2023-09-01,ADVANC.BK,216.0,217.0,214.0,215.0,183.96051025390625,3234700.0
2023-09-04,ADVANC.BK,214.0,215.0,212.0,213.0,182.24925231933594,3981200.0
2023-09-05,ADVANC.BK,213.0,215.0,212.0,214.0,183.10488891601562,2597700.0
2023-09-06,ADVANC.BK,214.0,216.0,213.0,214.0,183.10488891601562,3308800.0
2023-09-07,ADVANC.BK,214.0,217.0,214.0,216.0,184.81614685058594,3389000.0
2023-09-08,ADVANC.BK,216.0,217.0,215.0,216.0,184.81614685058594,1604800.0
2023-09-11,ADVANC.BK,217.0,218.0,215.0,218.0,186.5274200439453,3640600.0
2023-09-12,ADVANC.BK,218.0,219.0,216.0,219.0,187.38304138183594,3179100.0
2023-09-13,ADVANC.BK,218.0,220.0,217.0,219.0,187.38304138183594,2535200.0
2023-09-14,ADVANC.BK,220.0,221.0,219.0,221.0,189.09429931640625,2439300.0
2023-09-15,ADVANC.BK,221.0,223.0,219.0,222.0,189.94992065429688,4147900.0
2023-09-18,ADVANC.BK,222.0,223.0,221.0,222.0,189.94992065429688,2735500.0
2023-09-19,ADVANC.BK,223.0,225.0,222.0,225.0,192.51683044433594,6514700.0
2023-09-20,ADVANC.BK,225.0,225.0,221.0,221.0,189.09429931640625,5867300.0
2023-09-21,ADVANC.BK,221.0,224.0,220.0,222.0,189.94992065429688,3185500.0
2023-09-22,ADVANC.BK,224.0,231.0,223.0,228.0,195.08370971679688,10752000.0
2023-09-25,ADVANC.BK,229.0,229.0,226.0,226.0,193.37245178222656,2465000.0
2023-09-26,ADVANC.BK,225.0,228.0,225.0,225.0,192.51683044433594,5573800.0
2023-09-27,ADVANC.BK,226.0,228.0,226.0,226.0,193.37245178222656,1747400.0
2023-09-28,ADVANC.BK,226.0,228.0,224.0,225.0,192.51683044433594,4505100.0
2023-09-29,ADVANC.BK,227.0,228.0,226.0,228.0,195.08370971679688,4672700.0
2023-10-02,ADVANC.BK,229.0,230.0,226.0,228.0,195.08370971679688,7345900.0
2023-10-03,ADVANC.BK,227.0,228.0,224.0,226.0,193.37245178222656,6836700.0
2023-10-04,ADVANC.BK,224.0,227.0,224.0,226.0,193.37245178222656,3750100.0
2023-10-05,ADVANC.BK,226.0,226.0,222.0,225.0,192.51683044433594,3133800.0
2023-10-06,ADVANC.BK,226.0,226.0,222.0,223.0,190.80555725097656,2262200.0
2023-10-09,ADVANC.BK,223.0,224.0,220.0,223.0,190.80555725097656,2550600.0
2023-10-10,ADVANC.BK,224.0,224.0,220.0,222.0,189.94992065429688,1905400.0
2023-10-11,ADVANC.BK,222.0,224.0,221.0,222.0,189.94992065429688,2759100.0
2023-10-12,ADVANC.BK,222.0,224.0,222.0,224.0,191.6611785888672,1944400.0
2023-10-16,ADVANC.BK,224.0,224.0,221.0,223.0,190.80555725097656,3116000.0
2023-10-17,ADVANC.BK,224.0,224.0,222.0,222.0,189.94992065429688,1335300.0
2023-10-18,ADVANC.BK,222.0,225.0,222.0,224.0,191.6611785888672,1185000.0
2023-10-19,ADVANC.BK,226.0,227.0,223.0,226.0,193.37245178222656,4001300.0
2023-10-20,ADVANC.BK,225.0,225.0,220.0,220.0,188.23866271972656,3641600.0
2023-10-24,ADVANC.BK,220.0,221.0,215.0,215.0,183.96051025390625,5868400.0
2023-10-25,ADVANC.BK,216.0,219.0,215.0,216.0,184.81614685058594,3661600.0
2023-10-26,ADVANC.BK,216.0,219.0,215.0,215.0,183.96051025390625,4353500.0
2023-10-27,ADVANC.BK,216.0,218.0,215.0,217.0,185.67178344726562,3157500.0
2023-10-30,ADVANC.BK,216.0,220.0,216.0,219.0,187.38304138183594,2927600.0
2023-10-31,ADVANC.BK,223.0,224.0,219.0,220.0,188.23866271972656,7400300.0
2023-11-01,ADVANC.BK,217.0,217.0,211.0,212.0,181.39364624023438,10386800.0
2023-11-02,ADVANC.BK,214.0,217.0,212.0,215.0,183.96051025390625,7659400.0
2023-11-03,ADVANC.BK,217.0,219.0,216.0,219.0,187.38304138183594,4325300.0
2023-11-06,ADVANC.BK,220.0,223.0,220.0,222.0,189.94992065429688,6804700.0
2023-11-07,ADVANC.BK,224.0,226.0,221.0,221.0,189.09429931640625,8348200.0
2023-11-08,ADVANC.BK,222.0,224.0,221.0,224.0,191.6611785888672,3506400.0
2023-11-09,ADVANC.BK,223.0,224.0,221.0,222.0,189.94992065429688,4883700.0
2023-11-10,ADVANC.BK,222.0,223.0,221.0,222.0,189.94992065429688,3807800.0
2023-11-13,ADVANC.BK,222.0,225.0,221.0,225.0,192.51683044433594,2985000.0
2023-11-14,ADVANC.BK,225.0,227.0,222.0,223.0,190.80555725097656,4574100.0
2023-11-15,ADVANC.BK,224.0,225.0,217.0,218.0,186.5274200439453,8719300.0
2023-11-16,ADVANC.BK,217.0,220.0,217.0,218.0,186.5274200439453,4663800.0
2023-11-17,ADVANC.BK,218.0,220.0,217.0,218.0,186.5274200439453,3068500.0
2023-11-20,ADVANC.BK,217.0,218.0,215.0,216.0,184.81614685058594,3674500.0
2023-11-21,ADVANC.BK,216.0,217.0,214.0,216.0,184.81614685058594,6111500.0
2023-11-22,ADVANC.BK,217.0,219.0,215.0,218.0,186.5274200439453,3009200.0
2023-11-23,ADVANC.BK,218.0,219.0,216.0,218.0,186.5274200439453,2523200.0
2023-11-24,ADVANC.BK,218.0,218.0,215.0,217.0,185.67178344726562,3781600.0
2023-11-27,ADVANC.BK,217.0,217.0,215.0,216.0,184.81614685058594,2355700.0
2023-11-28,ADVANC.BK,217.0,219.0,216.0,217.0,185.67178344726562,3150600.0
2023-11-29,ADVANC.BK,218.0,218.0,217.0,218.0,186.5274200439453,2664700.0
2023-11-30,ADVANC.BK,218.0,218.0,217.0,218.0,186.5274200439453,6075500.0
2023-12-01,ADVANC.BK,218.0,219.0,217.0,219.0,187.38304138183594,2296900.0
2023-12-04,ADVANC.BK,220.0,222.0,219.0,221.0,189.09429931640625,5564300.0
2023-12-06,ADVANC.BK,221.0,222.0,219.0,221.0,189.09429931640625,4552300.0
2023-12-07,ADVANC.BK,219.0,220.0,217.0,220.0,188.23866271972656,3642000.0
2023-12-08,ADVANC.BK,220.0,220.0,218.0,220.0,188.23866271972656,2055300.0
2023-12-12,ADVANC.BK,220.0,220.0,218.0,220.0,188.23866271972656,2771100.0
2023-12-13,ADVANC.BK,219.0,220.0,217.0,218.0,186.5274200439453,2665500.0
2023-12-14,ADVANC.BK,219.0,220.0,218.0,218.0,186.5274200439453,3042600.0
2023-12-15,ADVANC.BK,219.0,220.0,218.0,220.0,188.23866271972656,5917900.0
2023-12-18,ADVANC.BK,220.0,220.0,218.0,218.0,186.5274200439453,1551700.0
2023-12-19,ADVANC.BK,218.0,219.0,217.0,219.0,187.38304138183594,2253100.0
2023-12-20,ADVANC.BK,219.0,221.0,219.0,220.0,188.23866271972656,3086100.0
2023-12-21,ADVANC.BK,221.0,221.0,219.0,220.0,188.23866271972656,2776800.0
2023-12-22,ADVANC.BK,220.0,222.0,220.0,221.0,189.09429931640625,3183800.0
2023-12-25,ADVANC.BK,221.0,222.0,220.0,221.0,189.09429931640625,1346000.0
2023-12-26,ADVANC.BK,220.0,222.0,218.0,219.0,187.38304138183594,4789400.0
2023-12-27,ADVANC.BK,219.0,220.0,218.0,219.0,187.38304138183594,5366300.0
2023-12-28,ADVANC.BK,219.0,219.0,216.0,217.0,185.67178344726562,6049200.0
2024-01-03,ADVANC.BK,218.0,220.0,218.0,219.0,187.38304138183594,3801200.0
2024-01-04,ADVANC.BK,218.0,219.0,217.0,219.0,187.38304138183594,2936200.0
2024-01-05,ADVANC.BK,218.0,219.0,213.0,214.0,183.10488891601562,9841600.0
2024-01-08,ADVANC.BK,214.0,215.0,213.0,214.0,183.10488891601562,3091900.0
2024-01-09,ADVANC.BK,216.0,217.0,215.0,217.0,185.67178344726562,5244000.0
2024-01-10,ADVANC.BK,217.0,217.0,215.0,216.0,184.81614685058594,3885700.0
2024-01-11,ADVANC.BK,217.0,218.0,216.0,217.0,185.67178344726562,3228900.0
2024-01-12,ADVANC.BK,217.0,219.0,216.0,218.0,186.5274200439453,4328500.0
2024-01-15,ADVANC.BK,218.0,218.0,216.0,217.0,185.67178344726562,3516200.0
2024-01-16,ADVANC.BK,217.0,217.0,215.0,217.0,185.67178344726562,2600400.0
2024-01-17,ADVANC.BK,216.0,216.0,213.0,213.0,182.24925231933594,4803600.0
2024-01-18,ADVANC.BK,214.0,215.0,213.0,215.0,183.96051025390625,2661900.0
2024-01-19,ADVANC.BK,215.0,218.0,215.0,218.0,186.5274200439453,3161900.0
2024-01-22,ADVANC.BK,217.0,217.0,215.0,216.0,184.81614685058594,2477000.0
2024-01-23,ADVANC.BK,215.0,216.0,214.0,215.0,183.96051025390625,3001200.0
2024-01-24,ADVANC.BK,215.0,218.0,214.0,216.0,184.81614685058594,3220900.0
2024-01-25,ADVANC.BK,216.0,218.0,216.0,218.0,186.5274200439453,2731900.0
2024-01-26,ADVANC.BK,218.0,219.0,216.0,216.0,184.81614685058594,6715900.0
2024-01-29,ADVANC.BK,217.0,218.0,217.0,218.0,186.5274200439453,2527200.0
2024-01-30,ADVANC.BK,217.0,219.0,216.0,219.0,187.38304138183594,2995100.0
2024-01-31,ADVANC.BK,218.0,219.0,217.0,219.0,187.38304138183594,4795700.0
2024-02-01,ADVANC.BK,218.0,220.0,217.0,220.0,188.23866271972656,3231900.0
2024-02-02,ADVANC.BK,220.0,221.0,219.0,221.0,189.09429931640625,2797000.0
2024-02-05,ADVANC.BK,220.0,221.0,219.0,219.0,187.38304138183594,2987100.0
2024-02-06,ADVANC.BK,220.0,221.0,217.0,218.0,186.5274200439453,5134000.0
2024-02-07,ADVANC.BK,218.0,219.0,217.0,218.0,186.5274200439453,5227700.0
2024-02-08,ADVANC.BK,219.0,219.0,214.0,214.0,183.10488891601562,6477600.0
2024-02-09,ADVANC.BK,215.0,216.0,213.0,214.0,183.10488891601562,3840700.0
2024-02-12,ADVANC.BK,215.0,216.0,215.0,215.0,183.96051025390625,1867100.0
2024-02-13,ADVANC.BK,215.0,216.0,214.0,214.0,183.10488891601562,3549000.0
2024-02-14,ADVANC.BK,214.0,214.0,212.0,213.0,182.24925231933594,4513500.0
2024-02-15,ADVANC.BK,213.0,213.0,210.0,210.0,179.682373046875,5778600.0
2024-02-16,ADVANC.BK,211.0,214.0,211.0,213.0,182.24925231933594,7729400.0
2024-02-19,ADVANC.BK,209.0,210.0,208.0,209.0,182.78274536132812,4822100.0
2024-02-20,ADVANC.BK,210.0,210.0,207.0,207.0,181.0336456298828,4352500.0
2024-02-21,ADVANC.BK,208.0,209.0,203.0,205.0,179.2845001220703,12475500.0
2024-02-22,ADVANC.BK,205.0,211.0,204.0,209.0,182.78274536132812,9222400.0
2024-02-23,ADVANC.BK,209.0,209.0,206.0,206.0,180.15907287597656,4196600.0
2024-02-27,ADVANC.BK,207.0,208.0,205.0,205.0,179.2845001220703,3848800.0
2024-02-28,ADVANC.BK,205.0,206.0,204.0,204.0,178.40994262695312,2716700.0
2024-02-29,ADVANC.BK,205.0,205.0,200.0,201.0,175.78627014160156,10429600.0
2024-03-01,ADVANC.BK,201.0,208.0,201.0,206.0,180.15907287597656,6041500.0
2024-03-04,ADVANC.BK,206.0,209.0,206.0,208.0,181.90817260742188,4853400.0
2024-03-05,ADVANC.BK,207.0,207.0,204.0,206.0,180.15907287597656,4801900.0
2024-03-06,ADVANC.BK,205.0,207.0,204.0,206.0,180.15907287597656,2346500.0
2024-03-07,ADVANC.BK,208.0,212.0,207.0,211.0,184.53184509277344,8100200.0
2024-03-08,ADVANC.BK,211.0,212.0,211.0,211.0,184.53184509277344,2478000.0
2024-03-11,ADVANC.BK,211.0,212.0,211.0,211.0,184.53184509277344,2287700.0
2024-03-12,ADVANC.BK,211.0,211.0,211.0,211.0,184.53184509277344,0.0
2024-03-13,ADVANC.BK,209.0,209.0,208.0,208.0,181.90817260742188,3358000.0
2024-03-14,ADVANC.BK,209.0,210.0,208.0,209.0,182.78274536132812,3793700.0
2024-03-15,ADVANC.BK,209.0,209.0,206.0,206.0,180.15907287597656,8691700.0
2024-03-18,ADVANC.BK,207.0,210.0,207.0,209.0,182.78274536132812,3295400.0
2024-03-19,ADVANC.BK,210.0,212.0,209.0,210.0,183.6573028564453,8109300.0
2024-03-20,ADVANC.BK,210.0,210.0,210.0,210.0,183.6573028564453,0.0
2024-03-21,ADVANC.BK,210.0,212.0,210.0,211.0,184.53184509277344,3865200.0
2024-03-22,ADVANC.BK,211.0,211.0,211.0,211.0,184.53184509277344,0.0
2024-03-25,ADVANC.BK,210.0,212.0,206.0,208.0,181.90817260742188,7482400.0
2024-03-26,ADVANC.BK,208.0,208.0,208.0,208.0,181.90817260742188,0.0
2024-03-27,ADVANC.BK,205.0,206.0,204.0,206.0,180.15907287597656,2941900.0
2024-03-28,ADVANC.BK,206.0,206.0,206.0,206.0,180.15907287597656,0.0
2024-03-29,ADVANC.BK,204.0,206.0,204.0,205.0,179.2845001220703,2118900.0
2024-04-01,ADVANC.BK,205.0,207.0,204.0,205.0,179.2845001220703,3338800.0
2024-04-02,ADVANC.BK,205.0,206.0,203.0,203.0,177.535400390625,3181600.0
2024-04-03,ADVANC.BK,202.0,205.0,202.0,204.0,178.40994262695312,7311700.0
2024-04-04,ADVANC.BK,205.0,205.0,203.0,203.0,177.535400390625,3738600.0
2024-04-05,ADVANC.BK,203.0,205.0,203.0,204.0,178.40994262695312,2633800.0
2024-04-09,ADVANC.BK,205.0,207.0,204.0,207.0,181.0336456298828,8294100.0
2024-04-10,ADVANC.BK,207.0,208.0,204.0,204.0,178.40994262695312,9393600.0
2024-04-11,ADVANC.BK,204.0,204.0,202.0,202.0,176.66082763671875,4761700.0
2024-04-17,ADVANC.BK,202.0,202.0,198.5,199.5,174.47442626953125,8657300.0
2024-04-18,ADVANC.BK,199.5,199.5,199.5,199.5,174.47442626953125,0.0
2024-04-19,ADVANC.BK,199.5,199.5,199.5,199.5,174.47442626953125,0.0
2024-04-22,ADVANC.BK,197.5,199.0,197.0,197.5,172.72532653808594,3589600.0
2024-04-23,ADVANC.BK,198.0,199.5,196.0,198.5,173.59988403320312,3637600.0
2024-04-24,ADVANC.BK,198.5,198.5,198.5,198.5,173.59988403320312,0.0
2024-04-25,ADVANC.BK,196.5,198.0,196.5,197.5,172.72532653808594,2177800.0
2024-04-26,ADVANC.BK,197.5,197.5,194.5,195.0,170.53892517089844,5166500.0
2024-04-29,ADVANC.BK,196.0,198.0,196.0,197.0,172.28805541992188,4379100.0
2024-04-30,ADVANC.BK,197.0,197.0,197.0,197.0,172.28805541992188,0.0
2024-05-02,ADVANC.BK,197.0,197.0,197.0,197.0,172.28805541992188,0.0
2024-05-03,ADVANC.BK,208.0,209.0,206.0,207.0,181.0336456298828,5684000.0
2024-05-07,ADVANC.BK,207.0,207.0,207.0,207.0,181.0336456298828,0.0
2024-05-08,ADVANC.BK,209.0,209.0,205.0,206.0,180.15907287597656,8836700.0
2024-05-09,ADVANC.BK,207.0,209.0,206.0,206.0,180.15907287597656,5189900.0
2024-05-10,ADVANC.BK,205.0,206.0,203.0,206.0,180.15907287597656,6482500.0
2024-05-13,ADVANC.BK,205.0,206.0,204.0,205.0,179.2845001220703,4833200.0
2024-05-14,ADVANC.BK,205.0,206.0,205.0,205.0,179.2845001220703,2669400.0
2024-05-15,ADVANC.BK,206.0,207.0,205.0,206.0,180.15907287597656,3967000.0
2024-05-16,ADVANC.BK,206.0,206.0,206.0,206.0,180.15907287597656,0.0
2024-05-17,ADVANC.BK,207.0,209.0,206.0,208.0,181.90817260742188,2359300.0
2024-05-20,ADVANC.BK,208.0,208.0,208.0,208.0,181.90817260742188,0.0
2024-05-21,ADVANC.BK,208.0,208.0,208.0,208.0,181.90817260742188,0.0
2024-05-23,ADVANC.BK,206.0,209.0,206.0,207.0,181.0336456298828,3522000.0
2024-05-24,ADVANC.BK,207.0,207.0,207.0,207.0,181.0336456298828,0.0
2024-05-27,ADVANC.BK,207.0,207.0,207.0,207.0,181.0336456298828,0.0
2024-05-28,ADVANC.BK,207.0,208.0,207.0,207.0,181.0336456298828,2078700.0
2024-05-29,ADVANC.BK,207.0,207.0,204.0,204.0,178.40994262695312,4858500.0
2024-05-30,ADVANC.BK,204.0,204.0,204.0,204.0,178.40994262695312,0.0
2024-05-31,ADVANC.BK,204.0,204.0,204.0,204.0,178.40994262695312,0.0
2024-06-04,ADVANC.BK,203.0,208.0,202.0,207.0,181.0336456298828,6526100.0
2024-06-05,ADVANC.BK,207.0,209.0,206.0,208.0,181.90817260742188,5464900.0
2024-06-06,ADVANC.BK,209.0,210.0,208.0,208.0,181.90817260742188,5275900.0
2024-06-07,ADVANC.BK,208.0,212.0,208.0,211.0,184.53184509277344,8066900.0
2024-06-10,ADVANC.BK,211.0,212.0,208.0,209.0,182.78274536132812,7496900.0
2024-06-11,ADVANC.BK,210.0,212.0,209.0,211.0,184.53184509277344,8577400.0
2024-06-12,ADVANC.BK,211.0,212.0,209.0,210.0,183.6573028564453,4981600.0
2024-06-13,ADVANC.BK,210.0,211.0,209.0,209.0,182.78274536132812,3079800.0
2024-06-14,ADVANC.BK,210.0,211.0,209.0,211.0,184.53184509277344,1942900.0
2024-06-17,ADVANC.BK,212.0,212.0,208.0,209.0,182.78274536132812,6861900.0
2024-06-18,ADVANC.BK,209.0,209.0,209.0,209.0,182.78274536132812,0.0
2024-06-19,ADVANC.BK,209.0,209.0,209.0,209.0,182.78274536132812,0.0
2024-06-20,ADVANC.BK,206.0,208.0,204.0,208.0,181.90817260742188,4734200.0
2024-06-21,ADVANC.BK,208.0,209.0,207.0,208.0,181.90817260742188,4354700.0
2024-06-24,ADVANC.BK,208.0,209.0,207.0,207.0,181.0336456298828,2404500.0
2024-06-25,ADVANC.BK,207.0,207.0,207.0,207.0,181.0336456298828,0.0
2024-06-26,ADVANC.BK,207.0,207.0,207.0,207.0,181.0336456298828,0.0
2024-06-27,ADVANC.BK,210.0,212.0,210.0,211.0,184.53184509277344,2200800.0
2024-06-28,ADVANC.BK,212.0,212.0,208.0,209.0,182.78274536132812,7015000.0
2024-07-01,ADVANC.BK,209.0,209.0,209.0,209.0,182.78274536132812,0.0
2024-07-02,ADVANC.BK,209.0,209.0,209.0,209.0,182.78274536132812,0.0
2024-07-03,ADVANC.BK,211.0,211.0,210.0,211.0,184.53184509277344,1807100.0
2024-07-04,ADVANC.BK,210.0,211.0,208.0,210.0,183.6573028564453,3025900.0
2024-07-05,ADVANC.BK,210.0,211.0,209.0,210.0,183.6573028564453,1760800.0
2024-07-08,ADVANC.BK,210.0,214.0,210.0,213.0,186.28097534179688,3985100.0
2024-07-09,ADVANC.BK,213.0,213.0,213.0,213.0,186.28097534179688,0.0
2024-07-10,ADVANC.BK,219.0,222.0,218.0,221.0,193.27745056152344,7626000.0
2024-07-11,ADVANC.BK,221.0,221.0,221.0,221.0,193.27745056152344,0.0
2024-07-12,ADVANC.BK,221.0,221.0,221.0,221.0,193.27745056152344,0.0
2024-07-15,ADVANC.BK,221.0,221.0,221.0,221.0,193.27745056152344,0.0
2024-07-16,ADVANC.BK,222.0,223.0,220.0,220.0,192.4028778076172,3925700.0
2024-07-17,ADVANC.BK,220.0,220.0,220.0,220.0,192.4028778076172,0.0
2024-07-18,ADVANC.BK,225.0,230.0,225.0,228.0,199.39935302734375,8698000.0
2024-07-19,ADVANC.BK,225.0,228.0,225.0,228.0,199.39935302734375,6262600.0
2024-07-23,ADVANC.BK,228.0,228.0,224.0,224.0,195.901123046875,3526500.0
2024-07-24,ADVANC.BK,223.0,225.0,222.0,222.0,194.15199279785156,4756400.0
2024-07-25,ADVANC.BK,221.0,224.0,221.0,223.0,195.02655029296875,3838800.0
2024-07-26,ADVANC.BK,223.0,227.0,221.0,227.0,198.52479553222656,6611200.0
2024-07-30,ADVANC.BK,227.0,227.0,227.0,227.0,198.52479553222656,0.0
2024-07-31,ADVANC.BK,231.0,235.0,230.0,234.0,204.64671325683594,6834200.0
2024-08-01,ADVANC.BK,233.0,235.0,233.0,233.0,203.7721405029297,4572200.0
2024-08-02,ADVANC.BK,233.0,233.0,233.0,233.0,203.7721405029297,0.0
2024-08-05,ADVANC.BK,237.0,246.0,237.0,240.0,209.89405822753906,17940100.0
2024-08-06,ADVANC.BK,241.0,242.0,235.0,238.0,208.1449432373047,7480500.0
2024-08-07,ADVANC.BK,239.0,241.0,235.0,239.0,209.01950073242188,8825900.0
2024-08-08,ADVANC.BK,239.0,239.0,239.0,239.0,209.01950073242188,0.0
2024-08-09,ADVANC.BK,241.0,247.0,240.0,245.0,214.266845703125,6536600.0
2024-08-13,ADVANC.BK,244.0,245.0,242.0,245.0,214.266845703125,2638300.0
2024-08-14,ADVANC.BK,246.0,247.0,240.0,245.0,214.266845703125,5232700.0
2024-08-15,ADVANC.BK,245.0,245.0,245.0,245.0,214.266845703125,0.0
2024-08-16,ADVANC.BK,245.0,245.0,240.0,241.0,210.76861572265625,3978800.0
2024-08-19,ADVANC.BK,241.0,241.0,241.0,241.0,215.1155548095703,0.0
2024-08-20,ADVANC.BK,241.0,246.0,241.0,244.0,217.7933349609375,6029200.0
2024-08-21,ADVANC.BK,245.0,246.0,243.0,244.0,217.7933349609375,2802600.0
2024-08-22,ADVANC.BK,244.0,244.0,244.0,244.0,217.7933349609375,0.0
2024-08-23,ADVANC.BK,243.0,247.0,242.0,247.0,220.47113037109375,6215900.0
2024-08-26,ADVANC.BK,247.0,247.0,247.0,247.0,220.47113037109375,0.0
2024-08-27,ADVANC.BK,248.0,251.0,247.0,247.0,220.47113037109375,4971600.0
2024-08-28,ADVANC.BK,247.0,252.0,247.0,250.0,223.14891052246094,8048500.0
2024-08-29,ADVANC.BK,250.0,251.0,245.0,246.0,219.5785369873047,7524800.0
2024-08-30,ADVANC.BK,248.0,248.0,245.0,247.0,220.47113037109375,7715700.0
2024-09-02,ADVANC.BK,247.0,247.0,247.0,247.0,220.47113037109375,0.0
2024-09-03,ADVANC.BK,247.0,247.0,247.0,247.0,220.47113037109375,0.0
2024-09-04,ADVANC.BK,247.0,247.0,247.0,247.0,220.47113037109375,0.0
2024-09-05,ADVANC.BK,249.0,268.0,249.0,267.0,238.3230438232422,17848400.0
2024-09-06,ADVANC.BK,267.0,271.0,265.0,269.0,240.1082305908203,9544300.0
2024-09-09,ADVANC.BK,269.0,269.0,269.0,269.0,240.1082305908203,0.0
2024-09-10,ADVANC.BK,258.0,262.0,257.0,259.0,231.18226623535156,8435600.0
2024-09-11,ADVANC.BK,258.0,261.0,257.0,259.0,231.18226623535156,6989000.0
2024-09-12,ADVANC.BK,261.0,263.0,258.0,259.0,231.18226623535156,8424800.0
2024-09-13,ADVANC.BK,258.0,260.0,256.0,260.0,232.07485961914062,4563500.0
2024-09-16,ADVANC.BK,260.0,260.0,260.0,260.0,232.07485961914062,0.0
2024-09-17,ADVANC.BK,260.0,260.0,260.0,260.0,232.07485961914062,0.0
2024-09-18,ADVANC.BK,260.0,260.0,260.0,260.0,232.07485961914062,0.0
2024-09-19,ADVANC.BK,260.0,260.0,260.0,260.0,232.07485961914062,0.0
2024-09-20,ADVANC.BK,260.0,260.0,260.0,260.0,232.07485961914062,0.0
2024-09-23,ADVANC.BK,260.0,261.0,254.0,258.0,230.28968811035156,5833100.0
2024-09-24,ADVANC.BK,258.0,265.0,257.0,265.0,236.53785705566406,5996400.0
2024-09-25,ADVANC.BK,264.0,268.0,264.0,265.0,236.53785705566406,5292000.0
2024-09-26,ADVANC.BK,263.0,264.0,259.0,264.0,235.645263671875,6523200.0
2024-09-27,ADVANC.BK,264.0,264.0,264.0,264.0,235.645263671875,0.0
2024-09-30,ADVANC.BK,259.0,261.0,258.0,260.0,232.07485961914062,5697400.0
2024-10-01,ADVANC.BK,260.0,260.0,260.0,260.0,232.07485961914062,0.0
2024-10-02,ADVANC.BK,265.0,267.0,262.0,265.0,236.53785705566406,5001400.0
2024-10-03,ADVANC.BK,263.0,270.0,262.0,270.0,241.0008087158203,7791100.0
2024-10-04,ADVANC.BK,270.0,270.0,270.0,270.0,241.0008087158203,0.0
2024-10-07,ADVANC.BK,267.0,269.0,266.0,269.0,240.1082305908203,3288100.0
2024-10-08,ADVANC.BK,268.0,270.0,265.0,268.0,239.2156219482422,7047400.0
2024-10-09,ADVANC.BK,268.0,271.0,267.0,270.0,241.0008087158203,4503500.0
2024-10-10,ADVANC.BK,271.0,275.0,270.0,272.0,242.7860107421875,7135500.0
2024-10-11,ADVANC.BK,272.0,272.0,272.0,272.0,242.7860107421875,0.0
2024-10-15,ADVANC.BK,277.0,281.0,276.0,280.0,249.9267578125,7246800.0
2024-10-16,ADVANC.BK,280.0,280.0,280.0,280.0,249.9267578125,0.0
2024-10-17,ADVANC.BK,280.0,280.0,280.0,280.0,249.9267578125,0.0
2024-10-18,ADVANC.BK,295.0,296.0,280.0,282.0,251.7119903564453,17193900.0
2024-10-21,ADVANC.BK,280.0,285.0,280.0,284.0,253.49717712402344,7422000.0
2024-10-22,ADVANC.BK,284.0,284.0,284.0,284.0,253.49717712402344,0.0
2024-10-24,ADVANC.BK,277.0,278.0,273.0,275.0,245.4637908935547,7671200.0
2024-10-25,ADVANC.BK,275.0,275.0,275.0,275.0,245.4637908935547,0.0
2024-10-28,ADVANC.BK,276.0,277.0,270.0,271.0,241.8934326171875,6489800.0
2024-10-29,ADVANC.BK,271.0,271.0,271.0,271.0,241.8934326171875,0.0
2024-10-30,ADVANC.BK,266.0,272.0,265.0,268.0,239.2156219482422,11440100.0
2024-10-31,ADVANC.BK,267.0,276.0,266.0,275.0,245.4637908935547,8132800.0
2024-11-01,ADVANC.BK,274.0,274.0,270.0,272.0,242.7860107421875,4671900.0
2024-11-04,ADVANC.BK,274.0,275.0,269.0,272.0,242.7860107421875,4015700.0
2024-11-05,ADVANC.BK,272.0,278.0,271.0,278.0,248.1416015625,5135200.0
2024-11-06,ADVANC.BK,277.0,281.0,274.0,274.0,244.57119750976562,8822200.0
2024-11-07,ADVANC.BK,275.0,297.0,275.0,285.0,254.3897705078125,14823900.0
2024-11-08,ADVANC.BK,286.0,288.0,280.0,283.0,252.60459899902344,4920800.0
2024-11-11,ADVANC.BK,283.0,286.0,279.0,285.0,254.3897705078125,4470300.0
2024-11-12,ADVANC.BK,285.0,288.0,283.0,286.0,255.28237915039062,5244100.0
2024-11-13,ADVANC.BK,286.0,290.0,283.0,286.0,255.28237915039062,6175000.0
2024-11-14,ADVANC.BK,285.0,287.0,279.0,285.0,254.3897705078125,13107600.0
2024-11-15,ADVANC.BK,285.0,286.0,280.0,286.0,255.28237915039062,6895100.0
2024-11-18,ADVANC.BK,287.0,288.0,283.0,286.0,255.28237915039062,3655500.0
2024-11-19,ADVANC.BK,286.0,287.0,283.0,284.0,253.49717712402344,4258900.0
2024-11-20,ADVANC.BK,285.0,286.0,282.0,282.0,251.7119903564453,4173500.0
2024-11-21,ADVANC.BK,285.0,293.0,285.0,286.0,255.28237915039062,5753400.0
2024-11-22,ADVANC.BK,286.0,292.0,283.0,289.0,257.96014404296875,9468900.0
2024-11-25,ADVANC.BK,291.0,291.0,287.0,288.0,257.06756591796875,6523800.0
2024-11-26,ADVANC.BK,288.0,288.0,282.0,283.0,252.60459899902344,5797100.0
2024-11-27,ADVANC.BK,282.0,284.0,280.0,281.0,250.8193817138672,4338000.0
2024-11-28,ADVANC.BK,281.0,286.0,280.0,286.0,255.28237915039062,4372800.0
2024-11-29,ADVANC.BK,284.0,287.0,283.0,285.0,254.3897705078125,4717600.0
2024-12-02,ADVANC.BK,286.0,288.0,285.0,286.0,255.28237915039062,2811100.0
2024-12-03,ADVANC.BK,288.0,299.0,288.0,296.0,264.2083435058594,9576500.0
2024-12-04,ADVANC.BK,296.0,296.0,288.0,289.0,257.96014404296875,7597100.0
2024-12-06,ADVANC.BK,290.0,296.0,289.0,295.0,263.31573486328125,4127100.0
2024-12-09,ADVANC.BK,292.0,297.0,290.0,295.0,263.31573486328125,4253100.0
2024-12-11,ADVANC.BK,291.0,295.0,289.0,289.0,257.96014404296875,6583000.0
2024-12-12,ADVANC.BK,290.0,292.0,285.0,287.0,256.1749572753906,6915900.0
2024-12-13,ADVANC.BK,285.0,288.0,285.0,287.0,256.1749572753906,4637100.0
2024-12-16,ADVANC.BK,285.0,286.0,283.0,286.0,255.28237915039062,3685500.0
2024-12-17,ADVANC.BK,285.0,286.0,279.0,279.0,249.0341796875,7877600.0
2024-12-18,ADVANC.BK,280.0,284.0,279.0,282.0,251.7119903564453,5374600.0
2024-12-19,ADVANC.BK,278.0,281.0,273.0,274.0,244.57119750976562,7435100.0
2024-12-20,ADVANC.BK,271.0,276.0,268.0,274.0,244.57119750976562,8562600.0
2024-12-23,ADVANC.BK,276.0,286.0,276.0,284.0,253.49717712402344,5399300.0
2024-12-24,ADVANC.BK,284.0,286.0,283.0,284.0,253.49717712402344,3781900.0
2024-12-25,ADVANC.BK,285.0,287.0,284.0,286.0,255.28237915039062,1681600.0
2024-12-26,ADVANC.BK,286.0,288.0,285.0,287.0,256.1749572753906,2295600.0
2024-12-27,ADVANC.BK,286.0,293.0,285.0,289.0,257.96014404296875,5168100.0
2024-12-30,ADVANC.BK,289.0,292.0,287.0,287.0,256.1749572753906,3429200.0
2025-01-02,ADVANC.BK,286.0,288.0,282.0,285.0,254.3897705078125,3018900.0
2025-01-03,ADVANC.BK,285.0,286.0,283.0,285.0,254.3897705078125,3403700.0
2025-01-06,ADVANC.BK,285.0,286.0,278.0,278.0,248.1416015625,4809700.0
2025-01-07,ADVANC.BK,279.0,284.0,279.0,281.0,250.8193817138672,5287600.0
2025-01-08,ADVANC.BK,281.0,285.0,280.0,284.0,253.49717712402344,5078700.0
2025-01-09,ADVANC.BK,282.0,282.0,272.0,276.0,246.3563995361328,9650100.0
2025-01-10,ADVANC.BK,279.0,283.0,274.0,283.0,252.60459899902344,4631600.0
2025-01-13,ADVANC.BK,280.0,284.0,280.0,282.0,251.7119903564453,3831500.0
2025-01-14,ADVANC.BK,284.0,286.0,282.0,284.0,253.49717712402344,4527100.0
2025-01-15,ADVANC.BK,284.0,287.0,278.0,287.0,256.1749572753906,7854200.0
2025-01-16,ADVANC.BK,287.0,290.0,284.0,290.0,258.852783203125,6273800.0
2025-01-17,ADVANC.BK,289.0,291.0,284.0,284.0,253.49717712402344,7022200.0
2025-01-20,ADVANC.BK,285.0,286.0,282.0,283.0,252.60459899902344,2402400.0
2025-01-21,ADVANC.BK,283.0,288.0,282.0,288.0,257.06756591796875,3457800.0
2025-01-22,ADVANC.BK,286.0,290.0,286.0,289.0,257.96014404296875,3977500.0
2025-01-23,ADVANC.BK,287.0,288.0,283.0,283.0,252.60459899902344,5075300.0
2025-01-24,ADVANC.BK,285.0,287.0,284.0,287.0,256.1749572753906,3360600.0
2025-01-27,ADVANC.BK,285.0,289.0,285.0,287.0,256.1749572753906,2818700.0
2025-01-28,ADVANC.BK,289.0,292.0,286.0,288.0,257.06756591796875,5881200.0
2025-01-29,ADVANC.BK,288.0,290.0,284.0,285.0,254.3897705078125,5319000.0
2025-01-30,ADVANC.BK,284.0,288.0,284.0,286.0,255.28237915039062,2157500.0
2025-01-31,ADVANC.BK,286.0,288.0,280.0,284.0,253.49717712402344,4726100.0
2025-02-03,ADVANC.BK,279.0,281.0,276.0,279.0,249.0341796875,4830800.0
2025-02-04,ADVANC.BK,281.0,283.0,279.0,279.0,249.0341796875,4490500.0
2025-02-05,ADVANC.BK,282.0,285.0,280.0,281.0,250.8193817138672,5935300.0
2025-02-06,ADVANC.BK,282.0,283.0,275.0,275.0,245.4637908935547,4739300.0
2025-02-07,ADVANC.BK,277.0,280.0,272.0,280.0,249.9267578125,9770900.0
2025-02-10,ADVANC.BK,281.0,285.0,280.0,283.0,252.60459899902344,9866500.0
2025-02-11,ADVANC.BK,284.0,285.0,280.0,284.0,253.49717712402344,11073400.0
2025-02-13,ADVANC.BK,287.0,307.0,286.0,304.0,271.3490905761719,28394300.0
2025-02-14,ADVANC.BK,303.0,304.0,295.0,299.0,266.8861083984375,9535800.0
2025-02-17,ADVANC.BK,305.0,305.0,295.0,296.0,264.2083435058594,7556700.0
2025-02-18,ADVANC.BK,296.0,297.0,291.0,294.0,262.4231262207031,7869000.0
2025-02-19,ADVANC.BK,295.0,298.0,292.0,295.0,263.31573486328125,8947300.0
2025-02-20,ADVANC.BK,288.0,288.0,283.0,283.0,257.6171875,10032100.0
2025-02-21,ADVANC.BK,282.0,289.0,280.0,286.0,260.3481140136719,8083300.0
2025-02-24,ADVANC.BK,286.0,287.0,281.0,286.0,260.3481140136719,6039800.0
2025-02-25,ADVANC.BK,284.0,285.0,276.0,277.0,252.15533447265625,9041500.0
2025-02-26,ADVANC.BK,278.0,288.0,277.0,285.0,259.43780517578125,8128400.0
2025-02-27,ADVANC.BK,285.0,286.0,277.0,281.0,255.7965850830078,10390100.0
2025-02-28,ADVANC.BK,277.0,278.0,273.0,276.0,251.24502563476562,14586300.0
2025-03-03,ADVANC.BK,278.0,280.0,270.0,271.0,246.69349670410156,8261500.0
2025-03-04,ADVANC.BK,270.0,272.0,266.0,268.0,243.96258544921875,9743100.0
2025-03-05,ADVANC.BK,270.0,277.0,268.0,272.0,247.6038055419922,8877900.0
2025-03-06,ADVANC.BK,273.0,275.0,270.0,274.0,249.42442321777344,7640500.0
2025-03-07,ADVANC.BK,274.0,276.0,271.0,274.0,249.42442321777344,6830800.0
2025-03-10,ADVANC.BK,272.0,273.0,268.0,268.0,243.96258544921875,3706000.0
2025-03-11,ADVANC.BK,267.0,273.0,264.0,270.0,245.78318786621094,7579300.0
2025-03-12,ADVANC.BK,271.0,273.0,265.0,265.0,241.23165893554688,7319600.0
2025-03-13,ADVANC.BK,267.0,271.0,267.0,269.0,244.8728790283203,3267900.0
2025-03-14,ADVANC.BK,269.0,271.0,267.0,267.0,243.05227661132812,3704700.0
2025-03-17,ADVANC.BK,268.0,269.0,259.0,259.0,235.76979064941406,8331600.0
2025-03-18,ADVANC.BK,263.0,267.0,260.0,263.0,239.41102600097656,6371200.0
2025-03-19,ADVANC.BK,264.0,268.0,262.0,266.0,242.1419677734375,6287100.0
2025-03-20,ADVANC.BK,269.0,271.0,265.0,266.0,242.1419677734375,7067800.0
2025-03-21,ADVANC.BK,266.0,268.0,261.0,268.0,243.96258544921875,10847800.0
2025-03-24,ADVANC.BK,267.0,275.0,266.0,274.0,249.42442321777344,4039200.0
2025-03-25,ADVANC.BK,273.0,275.0,271.0,275.0,250.334716796875,5286000.0
2025-03-26,ADVANC.BK,276.0,278.0,272.0,272.0,247.6038055419922,3712200.0
2025-03-27,ADVANC.BK,272.0,276.0,272.0,275.0,250.334716796875,1950700.0
2025-03-28,ADVANC.BK,274.0,275.0,272.0,273.0,248.5141143798828,1420300.0
2025-03-31,ADVANC.BK,270.0,275.0,270.0,275.0,250.334716796875,4151600.0
2025-04-01,ADVANC.BK,276.0,281.0,276.0,281.0,255.7965850830078,4856200.0
2025-04-02,ADVANC.BK,282.0,282.0,277.0,277.0,252.15533447265625,3485000.0
2025-04-03,ADVANC.BK,277.0,280.0,276.0,278.0,253.065673828125,3730300.0
2025-04-04,ADVANC.BK,277.0,278.0,270.0,272.0,247.6038055419922,4825500.0
2025-04-08,ADVANC.BK,270.0,272.0,264.0,271.0,246.69349670410156,9973600.0
2025-04-09,ADVANC.BK,273.0,275.0,269.0,270.0,245.78318786621094,7425100.0
2025-04-10,ADVANC.BK,275.0,280.0,273.0,280.0,254.8862762451172,6276400.0
2025-04-11,ADVANC.BK,281.0,285.0,278.0,284.0,258.5274963378906,5060800.0
2025-04-16,ADVANC.BK,285.0,285.0,281.0,284.0,258.5274963378906,6199300.0
2025-04-17,ADVANC.BK,284.0,284.0,279.0,280.0,254.8862762451172,2478100.0
2025-04-18,ADVANC.BK,280.0,283.0,278.0,282.0,256.7068786621094,2269700.0
2025-04-21,ADVANC.BK,282.0,283.0,279.0,281.0,255.7965850830078,1852500.0
2025-04-22,ADVANC.BK,280.0,283.0,279.0,281.0,255.7965850830078,6551300.0
2025-04-23,ADVANC.BK,284.0,285.0,281.0,283.0,257.6171875,4082523.0
2025-04-24,ADVANC.BK,283.0,283.0,279.0,280.0,254.8862762451172,3775100.0
2025-04-25,ADVANC.BK,281.0,282.0,276.0,277.0,252.15533447265625,3989200.0
2025-04-28,ADVANC.BK,276.0,279.0,276.0,278.0,253.065673828125,3060400.0
2025-04-29,ADVANC.BK,279.0,284.0,278.0,284.0,258.5274963378906,4232600.0
2025-04-30,ADVANC.BK,285.0,295.0,283.0,295.0,268.5408935546875,11713100.0
2025-05-02,ADVANC.BK,300.0,300.0,292.0,295.0,268.5408935546875,4849400.0
2025-05-06,ADVANC.BK,297.0,302.0,294.0,297.0,270.36151123046875,7672800.0
2025-05-07,ADVANC.BK,305.0,309.0,300.0,304.0,276.733642578125,13640800.0
2025-05-08,ADVANC.BK,305.0,309.0,301.0,305.0,277.6439514160156,10332700.0
2025-05-09,ADVANC.BK,306.0,309.0,300.0,303.0,275.8233642578125,7573200.0
2025-05-13,ADVANC.BK,306.0,307.0,299.0,303.0,275.8233642578125,12389600.0
2025-05-14,ADVANC.BK,301.0,303.0,298.0,302.0,274.9130554199219,9678100.0
2025-05-15,ADVANC.BK,302.0,302.0,294.0,296.0,269.4512023925781,7229500.0
2025-05-16,ADVANC.BK,297.0,297.0,286.0,289.0,263.07904052734375,12026500.0
2025-05-19,ADVANC.BK,292.0,296.0,291.0,294.0,267.6305847167969,4286700.0
2025-05-20,ADVANC.BK,295.0,299.0,293.0,294.0,267.6305847167969,5305800.0
2025-05-21,ADVANC.BK,297.0,297.0,291.0,297.0,270.36151123046875,5936600.0
2025-05-22,ADVANC.BK,296.0,298.0,294.0,297.0,270.36151123046875,4690600.0
2025-05-23,ADVANC.BK,296.0,296.0,292.0,293.0,266.72027587890625,2153700.0
2025-05-26,ADVANC.BK,294.0,295.0,291.0,294.0,267.6305847167969,1941600.0
2025-05-27,ADVANC.BK,294.0,294.0,290.0,292.0,265.80999755859375,3388300.0
2025-05-28,ADVANC.BK,292.0,294.0,287.0,288.0,262.1687316894531,5499900.0
2025-05-29,ADVANC.BK,291.0,291.0,285.0,287.0,261.2584228515625,5844100.0
2025-05-30,ADVANC.BK,287.0,291.0,284.0,286.0,260.3481140136719,28115200.0
2025-06-04,ADVANC.BK,285.0,294.0,283.0,293.0,266.72027587890625,9004100.0
2025-06-05,ADVANC.BK,295.0,295.0,291.0,293.0,266.72027587890625,4252800.0
2025-06-06,ADVANC.BK,293.0,295.0,289.0,290.0,263.9893493652344,3482000.0
2025-06-09,ADVANC.BK,291.0,292.0,288.0,289.0,263.07904052734375,2891700.0
2025-06-10,ADVANC.BK,288.0,291.0,287.0,288.0,262.1687316894531,2263500.0
2025-06-11,ADVANC.BK,288.0,293.0,288.0,292.0,265.80999755859375,3821800.0
2025-06-12,ADVANC.BK,291.0,291.0,285.0,286.0,260.3481140136719,4361600.0
2025-06-13,ADVANC.BK,284.0,286.0,282.0,284.0,258.5274963378906,3138900.0
2025-06-16,ADVANC.BK,283.0,286.0,282.0,282.0,256.7068786621094,5020000.0
2025-06-17,ADVANC.BK,284.0,285.0,280.0,282.0,256.7068786621094,6395700.0
2025-06-18,ADVANC.BK,281.0,282.0,277.0,278.0,253.065673828125,6284400.0
2025-06-19,ADVANC.BK,275.0,277.0,267.0,269.0,244.8728790283203,10192800.0
2025-06-20,ADVANC.BK,275.0,275.0,267.0,269.0,244.8728790283203,9465700.0
2025-06-23,ADVANC.BK,267.0,276.0,267.0,274.0,249.42442321777344,8184300.0
2025-06-24,ADVANC.BK,277.0,279.0,274.0,278.0,253.065673828125,10748600.0
2025-06-25,ADVANC.BK,276.0,280.0,276.0,279.0,253.97598266601562,7153800.0
2025-06-26,ADVANC.BK,280.0,283.0,279.0,282.0,256.7068786621094,7504300.0
2025-06-27,ADVANC.BK,280.0,281.0,269.0,270.0,245.78318786621094,12249800.0
2025-06-30,ADVANC.BK,277.0,280.0,274.0,278.0,253.065673828125,14996600.0
2025-07-01,ADVANC.BK,279.0,284.0,275.0,283.0,257.6171875,8460600.0
2025-07-02,ADVANC.BK,284.0,286.0,278.0,281.0,255.7965850830078,7904600.0
2025-07-03,ADVANC.BK,281.0,282.0,278.0,280.0,254.8862762451172,5224700.0
2025-07-04,ADVANC.BK,281.0,281.0,277.0,279.0,253.97598266601562,3052700.0
2025-07-07,ADVANC.BK,281.0,287.0,280.0,287.0,261.2584228515625,6427600.0
2025-07-08,ADVANC.BK,287.0,288.0,284.0,284.0,258.5274963378906,4605000.0
2025-07-09,ADVANC.BK,284.0,285.0,282.0,284.0,258.5274963378906,5072600.0
2025-07-11,ADVANC.BK,285.0,288.0,284.0,286.0,260.3481140136719,3314900.0
2025-07-14,ADVANC.BK,287.0,290.0,286.0,288.0,262.1687316894531,4414600.0
2025-07-15,ADVANC.BK,288.0,292.0,287.0,291.0,264.899658203125,2947900.0
2025-07-16,ADVANC.BK,290.0,291.0,288.0,289.0,263.07904052734375,3225200.0
2025-07-17,ADVANC.BK,291.0,293.0,289.0,292.0,265.80999755859375,6117200.0
2025-07-18,ADVANC.BK,292.0,296.0,292.0,294.0,267.6305847167969,4406300.0
2025-07-21,ADVANC.BK,294.0,295.0,291.0,293.0,266.72027587890625,2738500.0
2025-07-22,ADVANC.BK,294.0,296.0,291.0,292.0,265.80999755859375,4558000.0
2025-07-23,ADVANC.BK,294.0,298.0,294.0,297.0,270.36151123046875,3003800.0
2025-07-24,ADVANC.BK,295.0,297.0,294.0,294.0,267.6305847167969,2991000.0
2025-07-25,ADVANC.BK,294.0,297.0,291.0,293.0,266.72027587890625,5407000.0
2025-07-29,ADVANC.BK,294.0,295.0,288.0,292.0,265.80999755859375,5599800.0
2025-07-30,ADVANC.BK,291.0,293.0,287.0,288.0,262.1687316894531,5390200.0
2025-07-31,ADVANC.BK,285.0,291.0,285.0,291.0,264.899658203125,6140500.0
2025-08-01,ADVANC.BK,292.0,292.0,287.0,288.0,262.1687316894531,3924100.0
2025-08-04,ADVANC.BK,289.0,290.0,287.0,290.0,263.9893493652344,3614300.0
2025-08-05,ADVANC.BK,291.0,296.0,289.0,295.0,268.5408935546875,8272700.0
2025-08-06,ADVANC.BK,297.0,297.0,293.0,296.0,269.4512023925781,3374800.0
2025-08-07,ADVANC.BK,303.0,305.0,297.0,298.0,271.2718200683594,9431900.0
2025-08-08,ADVANC.BK,301.0,302.0,295.0,297.0,270.36151123046875,7285300.0
2025-08-13,ADVANC.BK,299.0,302.0,298.0,301.0,274.00274658203125,5196200.0
2025-08-14,ADVANC.BK,302.0,302.0,299.0,300.0,273.0924377441406,3116700.0
2025-08-15,ADVANC.BK,300.0,301.0,298.0,298.0,271.2718200683594,3502300.0
2025-08-18,ADVANC.BK,299.0,299.0,294.0,294.0,267.6305847167969,5183200.0
2025-08-19,ADVANC.BK,287.0,291.0,286.0,290.0,270.3244934082031,8790700.0
2025-08-20,ADVANC.BK,290.0,293.0,288.0,292.0,272.1888122558594,3451600.0
2025-08-21,ADVANC.BK,293.0,293.0,290.0,291.0,271.25665283203125,3219800.0
2025-08-22,ADVANC.BK,292.0,294.0,291.0,291.0,271.25665283203125,2319500.0
2025-08-25,ADVANC.BK,293.0,296.0,290.0,291.0,271.25665283203125,4350800.0
2025-08-26,ADVANC.BK,291.0,304.0,291.0,298.0,277.78173828125,14602600.0
2025-08-27,ADVANC.BK,298.0,300.0,297.0,299.0,278.7138977050781,3658800.0
2025-08-28,ADVANC.BK,299.0,301.0,297.0,299.0,278.7138977050781,5007700.0
2025-08-29,ADVANC.BK,298.0,299.0,292.0,294.0,274.0531311035156,8879300.0
2025-09-01,ADVANC.BK,294.0,299.0,292.0,299.0,278.7138977050781,4584300.0
2025-09-02,ADVANC.BK,299.0,300.0,297.0,300.0,279.6460266113281,3292600.0
2025-09-03,ADVANC.BK,300.0,302.0,296.0,298.0,277.78173828125,5270500.0
2025-09-04,ADVANC.BK,298.0,298.0,292.0,292.0,272.1888122558594,5349300.0
2025-09-05,ADVANC.BK,292.0,294.0,290.0,293.0,273.1209716796875,6021100.0
2025-09-08,ADVANC.BK,294.0,295.0,290.0,290.0,270.3244934082031,4366500.0
2025-09-09,ADVANC.BK,291.0,293.0,290.0,290.0,270.3244934082031,4023000.0
2025-09-10,ADVANC.BK,290.0,292.0,288.0,290.0,270.3244934082031,5141500.0
2025-09-11,ADVANC.BK,291.0,293.0,290.0,293.0,273.1209716796875,4255700.0
2025-09-12,ADVANC.BK,293.0,294.0,290.0,292.0,272.1888122558594,5964500.0
2025-09-15,ADVANC.BK,292.0,295.0,290.0,295.0,274.9852600097656,3247200.0
2025-09-16,ADVANC.BK,296.0,297.0,292.0,293.0,273.1209716796875,4134500.0
2025-09-17,ADVANC.BK,293.0,298.0,292.0,297.0,276.8495788574219,5347000.0
2025-09-18,ADVANC.BK,296.0,297.0,292.0,293.0,273.1209716796875,4605900.0
2025-09-19,ADVANC.BK,293.0,295.0,292.0,294.0,274.0531311035156,5815100.0
2025-09-22,ADVANC.BK,294.0,294.0,291.0,292.0,272.1888122558594,2388400.0
2025-09-23,ADVANC.BK,292.0,292.0,288.0,288.0,268.460205078125,5402900.0
2025-09-24,ADVANC.BK,288.0,295.0,288.0,292.0,272.1888122558594,7583400.0
2025-09-25,ADVANC.BK,293.0,294.0,291.0,291.0,271.25665283203125,4330400.0
2025-09-26,ADVANC.BK,290.0,293.0,290.0,290.0,270.3244934082031,4059400.0
2025-09-29,ADVANC.BK,291.0,295.0,291.0,293.0,273.1209716796875,4329500.0
2025-09-30,ADVANC.BK,294.0,294.0,290.0,291.0,271.25665283203125,6900300.0
2025-10-01,ADVANC.BK,291.0,295.0,290.0,292.0,272.1888122558594,5256200.0
2025-10-02,ADVANC.BK,293.0,295.0,292.0,292.0,272.1888122558594,5268700.0
2025-10-03,ADVANC.BK,292.0,293.0,291.0,291.0,271.25665283203125,2463000.0
2025-10-06,ADVANC.BK,293.0,294.0,291.0,291.0,271.25665283203125,3008500.0
2025-10-07,ADVANC.BK,291.0,291.0,291.0,291.0,271.25665283203125,0.0
2025-10-08,ADVANC.BK,292.0,293.0,291.0,292.0,272.1888122558594,3114200.0
2025-10-09,ADVANC.BK,292.0,298.0,292.0,298.0,277.78173828125,6080900.0
2025-10-10,ADVANC.BK,298.0,299.0,295.0,295.0,274.9852600097656,4809000.0
2025-10-14,ADVANC.BK,295.0,299.0,294.0,296.0,275.91741943359375,5203000.0
2025-10-15,ADVANC.BK,297.0,298.0,296.0,298.0,277.78173828125,6043300.0
2025-10-16,ADVANC.BK,299.0,300.0,296.0,297.0,276.8495788574219,2883600.0
2025-10-17,ADVANC.BK,296.0,298.0,295.0,297.0,276.8495788574219,2149100.0
2025-10-20,ADVANC.BK,298.0,300.0,297.0,299.0,278.7138977050781,2702500.0
2025-10-21,ADVANC.BK,299.0,300.0,298.0,299.0,278.7138977050781,3471200.0
2025-10-22,ADVANC.BK,299.0,306.0,297.0,303.0,282.4425048828125,7875600.0
2025-10-24,ADVANC.BK,304.0,313.0,303.0,308.0,287.103271484375,8735100.0
2025-10-27,ADVANC.BK,311.0,316.0,309.0,310.0,288.9675598144531,8301400.0
2025-10-28,ADVANC.BK,311.0,312.0,303.0,305.0,284.3067932128906,10845600.0
2025-10-29,ADVANC.BK,305.0,310.0,304.0,308.0,287.103271484375,4626600.0
2025-10-30,ADVANC.BK,305.0,307.0,303.0,305.0,284.3067932128906,5450500.0
2025-10-31,ADVANC.BK,305.0,305.0,301.0,302.0,281.5103454589844,5191900.0
2025-11-03,ADVANC.BK,304.0,306.0,300.0,302.0,281.5103454589844,5141200.0
2025-11-04,ADVANC.BK,301.0,305.0,298.0,303.0,282.4425048828125,11393500.0
2025-11-05,ADVANC.BK,302.0,315.0,301.0,313.0,291.7640380859375,10900300.0
2025-11-06,ADVANC.BK,314.0,320.0,313.0,314.0,292.6961975097656,7903500.0
2025-11-07,ADVANC.BK,313.0,317.0,312.0,315.0,293.6283264160156,3580000.0
2025-11-10,ADVANC.BK,316.0,319.0,312.0,316.0,294.56048583984375,5557300.0
2025-11-11,ADVANC.BK,316.0,319.0,315.0,316.0,294.56048583984375,4453400.0
2025-11-12,ADVANC.BK,318.0,319.0,314.0,315.0,293.6283264160156,6636300.0
2025-11-13,ADVANC.BK,317.0,318.0,315.0,317.0,295.4926452636719,3186900.0
2025-11-14,ADVANC.BK,315.0,316.0,308.0,309.0,288.0354309082031,7420500.0
2025-11-17,ADVANC.BK,310.0,314.0,309.0,314.0,292.6961975097656,3849700.0
2025-11-18,ADVANC.BK,313.0,319.0,312.0,316.0,294.56048583984375,4932900.0
2025-11-19,ADVANC.BK,316.0,317.0,312.0,313.0,291.7640380859375,5091100.0
2025-11-20,ADVANC.BK,314.0,317.0,313.0,315.0,293.6283264160156,4226100.0
2025-11-21,ADVANC.BK,314.0,315.0,310.0,312.0,290.8318786621094,4347800.0
2025-11-24,ADVANC.BK,313.0,314.0,310.0,311.0,289.89971923828125,8389100.0
2025-11-25,ADVANC.BK,312.0,315.0,311.0,315.0,293.6283264160156,3882700.0
2025-11-26,ADVANC.BK,315.0,315.0,308.0,309.0,288.0354309082031,4659300.0
2025-11-27,ADVANC.BK,309.0,309.0,303.0,304.0,283.3746643066406,5959000.0
2025-11-28,ADVANC.BK,307.0,309.0,305.0,307.0,286.1711120605469,4590600.0
2025-12-01,ADVANC.BK,306.0,313.0,306.0,313.0,291.7640380859375,4910700.0
2025-12-02,ADVANC.BK,313.0,313.0,309.0,312.0,290.8318786621094,4179100.0
2025-12-03,ADVANC.BK,312.0,313.0,308.0,308.0,287.103271484375,2857400.0
2025-12-04,ADVANC.BK,308.0,310.0,305.0,306.0,285.23895263671875,4840400.0
2025-12-08,ADVANC.BK,307.0,309.0,304.0,305.0,284.3067932128906,4095000.0
2025-12-09,ADVANC.BK,305.0,310.0,304.0,310.0,288.9675598144531,3651100.0
2025-12-11,ADVANC.BK,311.0,311.0,307.0,310.0,288.9675598144531,3877300.0
2025-12-12,ADVANC.BK,308.0,309.0,304.0,305.0,284.3067932128906,5303600.0
2025-12-15,ADVANC.BK,307.0,311.0,304.0,310.0,288.9675598144531,4407500.0
2025-12-16,ADVANC.BK,310.0,314.0,309.0,310.0,288.9675598144531,3152600.0
2025-12-17,ADVANC.BK,310.0,312.0,309.0,310.0,288.9675598144531,3262100.0
2025-12-18,ADVANC.BK,312.0,314.0,309.0,310.0,288.9675598144531,3738400.0
2025-12-19,ADVANC.BK,311.0,312.0,309.0,309.0,288.0354309082031,4029000.0
2025-12-22,ADVANC.BK,310.0,313.0,309.0,313.0,291.7640380859375,2869900.0
2025-12-23,ADVANC.BK,313.0,314.0,312.0,314.0,292.6961975097656,2389000.0
2025-12-24,ADVANC.BK,315.0,318.0,312.0,314.0,292.6961975097656,3547500.0
2025-12-25,ADVANC.BK,314.0,314.0,312.0,314.0,292.6961975097656,995800.0
2025-12-26,ADVANC.BK,312.0,314.0,311.0,314.0,292.6961975097656,1181400.0
2025-12-29,ADVANC.BK,313.0,314.0,310.0,312.0,290.8318786621094,3097600.0
2025-12-30,ADVANC.BK,312.0,314.0,312.0,313.0,291.7640380859375,2727900.0
2026-01-05,ADVANC.BK,315.0,325.0,315.0,321.0,299.22125244140625,8238300.0
2026-01-06,ADVANC.BK,322.0,326.0,318.0,321.0,299.22125244140625,6542500.0
2026-01-07,ADVANC.BK,320.0,322.0,317.0,320.0,298.28912353515625,4612300.0
2026-01-08,ADVANC.BK,317.0,322.0,316.0,322.0,300.1534118652344,3192700.0
2026-01-09,ADVANC.BK,321.0,323.0,319.0,320.0,298.28912353515625,2676400.0
2026-01-12,ADVANC.BK,321.0,329.0,320.0,327.0,304.8141784667969,5344000.0
2026-01-13,ADVANC.BK,328.0,332.0,326.0,332.0,309.4749450683594,5558000.0
2026-01-14,ADVANC.BK,335.0,342.0,334.0,338.0,315.06787109375,6899900.0
2026-01-15,ADVANC.BK,335.0,343.0,335.0,339.0,316.0000305175781,6190800.0
2026-01-16,ADVANC.BK,335.0,342.0,335.0,342.0,318.7964782714844,8105600.0
2026-01-19,ADVANC.BK,343.0,343.0,339.0,340.0,316.93218994140625,3213000.0
2026-01-20,ADVANC.BK,340.0,346.0,339.0,342.0,318.7964782714844,4771200.0
2026-01-21,ADVANC.BK,348.0,354.0,347.0,349.0,325.3215637207031,5550800.0
2026-01-22,ADVANC.BK,348.0,350.0,341.0,343.0,319.7286376953125,7525400.0
2026-01-23,ADVANC.BK,343.0,352.0,343.0,351.0,327.18585205078125,8556900.0
2026-01-26,ADVANC.BK,347.0,349.0,344.0,347.0,323.4572448730469,3928400.0
2026-01-27,ADVANC.BK,349.0,354.0,347.0,351.0,327.18585205078125,7849800.0
2026-01-28,ADVANC.BK,350.0,353.0,348.0,352.0,328.1180114746094,3591200.0
2026-01-29,ADVANC.BK,351.0,351.0,346.0,348.0,324.389404296875,5627600.0
2026-01-30,ADVANC.BK,346.0,351.0,345.0,349.0,325.3215637207031,7617100.0
2026-02-02,ADVANC.BK,353.0,359.0,352.0,359.0,334.6430969238281,7545300.0
2026-02-03,ADVANC.BK,364.0,369.0,357.0,361.0,336.50738525390625,13367600.0
2026-02-04,ADVANC.BK,376.0,381.0,370.0,374.0,348.6253967285156,13632200.0
2026-02-05,ADVANC.BK,375.0,383.0,363.0,367.0,342.1003112792969,18619900.0
2026-02-06,ADVANC.BK,365.0,373.0,363.0,365.0,340.23602294921875,10817900.0
2026-02-09,ADVANC.BK,370.0,375.0,366.0,374.0,348.6253967285156,10444200.0
2026-02-10,ADVANC.BK,377.0,391.0,375.0,391.0,364.4720153808594,13113300.0
2026-02-11,ADVANC.BK,387.0,389.0,382.0,385.0,358.87908935546875,9267800.0
2026-02-12,ADVANC.BK,387.0,396.0,386.0,395.0,368.20062255859375,12045100.0
2026-02-13,ADVANC.BK,392.0,396.0,388.0,389.0,362.6076965332031,5259000.0
2026-02-16,ADVANC.BK,392.0,393.0,388.0,390.0,363.53985595703125,2299400.0
2026-02-17,ADVANC.BK,390.0,394.0,388.0,391.0,364.4720153808594,3668800.0
2026-02-18,ADVANC.BK,391.0,391.0,386.0,389.0,362.6076965332031,4724600.0
2026-02-19,ADVANC.BK,389.0,392.0,387.0,390.0,363.53985595703125,8263600.0
2026-02-20,ADVANC.BK,390.0,393.0,385.0,386.0,359.8112487792969,8755800.0
2026-02-23,ADVANC.BK,388.0,391.0,387.0,388.0,361.675537109375,6666500.0
2026-02-24,ADVANC.BK,389.0,395.0,387.0,394.0,367.2684631347656,8257100.0
2026-02-25,ADVANC.BK,402.0,410.0,402.0,404.0,376.5899963378906,8912600.0
2026-02-26,ADVANC.BK,404.0,404.0,396.0,404.0,376.5899963378906,10983200.0
2026-02-27,ADVANC.BK,379.0,385.0,377.0,380.0,380.0,16177700.0
2026-03-02,ADVANC.BK,377.0,378.0,365.0,365.0,365.0,12678400.0
2026-03-04,ADVANC.BK,344.0,362.0,344.0,360.0,360.0,17788000.0
2026-03-05,ADVANC.BK,365.0,367.0,352.0,360.0,360.0,9769000.0
2026-03-06,ADVANC.BK,359.0,365.0,357.0,361.0,361.0,6543000.0
2026-03-09,ADVANC.BK,348.0,357.0,342.0,356.0,356.0,11727400.0
2026-03-10,ADVANC.BK,363.0,367.0,358.0,365.0,365.0,6765000.0
2026-03-11,ADVANC.BK,367.0,368.0,360.0,360.0,360.0,5974600.0
2026-03-12,ADVANC.BK,357.0,368.0,357.0,368.0,368.0,4857800.0
2026-03-13,ADVANC.BK,366.0,367.0,360.0,363.0,363.0,6525100.0
2026-03-16,ADVANC.BK,365.0,373.0,363.0,370.0,370.0,7348600.0
2026-03-17,ADVANC.BK,374.0,381.0,372.0,379.0,379.0,8750700.0
2026-03-18,ADVANC.BK,382.0,385.0,379.0,379.0,379.0,5555900.0
2026-03-19,ADVANC.BK,377.0,382.0,375.0,376.0,376.0,6338900.0
2026-03-20,ADVANC.BK,380.0,383.0,375.0,380.0,380.0,8648400.0
2026-03-23,ADVANC.BK,374.0,375.0,366.0,366.0,366.0,7426800.0
2026-03-24,ADVANC.BK,372.0,372.0,367.0,368.0,368.0,5549500.0
2026-03-25,ADVANC.BK,372.0,373.0,369.0,371.0,371.0,5421300.0
2026-03-26,ADVANC.BK,370.0,370.0,364.0,368.0,368.0,6641200.0
2026-03-27,ADVANC.BK,369.0,369.0,364.0,367.0,367.0,6213700.0
2026-03-30,ADVANC.BK,366.0,370.0,365.0,370.0,370.0,4604100.0
2026-03-31,ADVANC.BK,370.0,374.0,368.0,373.0,373.0,8159200.0
2026-04-01,ADVANC.BK,378.0,378.0,365.0,365.0,365.0,14195800.0
2026-04-02,ADVANC.BK,365.0,365.0,360.0,364.0,364.0,7982500.0
2026-04-03,ADVANC.BK,365.0,368.0,363.0,365.0,365.0,3359900.0
2026-04-07,ADVANC.BK,367.0,367.0,362.0,364.0,364.0,5780500.0
2026-04-08,ADVANC.BK,368.0,368.0,363.0,363.0,363.0,7590700.0
2026-04-09,ADVANC.BK,363.0,367.0,362.0,362.0,362.0,6074200.0
2026-04-10,ADVANC.BK,364.0,364.0,361.0,363.0,363.0,1797200.0
