Date,Ticker,Open,High,Low,Close,Adj Close,Volume
2016-04-11,DELTA.BK,8.425000190734863,8.675000190734863,8.399999618530273,8.600000381469727,7.2940993309021,9359000.0
2016-04-12,DELTA.BK,8.675000190734863,8.899999618530273,8.649999618530273,8.899999618530273,7.548543453216553,10707000.0
2016-04-18,DELTA.BK,8.899999618530273,8.899999618530273,8.600000381469727,8.824999809265137,7.484931945800781,18924000.0
2016-04-19,DELTA.BK,8.875,8.875,8.574999809265137,8.649999618530273,7.336505889892578,17944000.0
2016-04-20,DELTA.BK,8.649999618530273,8.850000381469727,8.625,8.850000381469727,7.506137371063232,14537000.0
2016-04-21,DELTA.BK,8.850000381469727,8.850000381469727,8.600000381469727,8.649999618530273,7.336505889892578,8262000.0
2016-04-22,DELTA.BK,8.574999809265137,8.600000381469727,8.274999618530273,8.274999618530273,7.0184502601623535,19602000.0
2016-04-25,DELTA.BK,8.199999809265137,8.300000190734863,8.050000190734863,8.300000190734863,7.039654731750488,16658000.0
2016-04-26,DELTA.BK,8.25,8.25,7.925000190734863,7.925000190734863,6.721596717834473,23362000.0
2016-04-27,DELTA.BK,7.849999904632568,7.875,7.550000190734863,7.724999904632568,6.551967620849609,23420000.0
2016-04-28,DELTA.BK,7.699999809265137,7.724999904632568,7.125,7.400000095367432,6.276317596435547,46315000.0
2016-04-29,DELTA.BK,7.400000095367432,7.525000095367432,7.199999809265137,7.199999809265137,6.106687068939209,35562000.0
2016-05-03,DELTA.BK,7.125,7.125,6.925000190734863,6.925000190734863,5.873446464538574,47395000.0
2016-05-04,DELTA.BK,6.900000095367432,6.900000095367432,6.550000190734863,6.724999904632568,5.703815937042236,64914000.0
2016-05-09,DELTA.BK,6.625,7.150000095367432,6.425000190734863,7.050000190734863,5.979465007781982,107942000.0
2016-05-10,DELTA.BK,6.900000095367432,7.025000095367432,6.75,6.75,5.725019931793213,38422000.0
2016-05-11,DELTA.BK,6.699999809265137,6.775000095367432,6.525000095367432,6.550000190734863,5.555390357971191,38192000.0
2016-05-12,DELTA.BK,6.5,6.675000190734863,6.349999904632568,6.675000190734863,5.6614089012146,48112000.0
2016-05-13,DELTA.BK,6.650000095367432,6.775000095367432,6.425000190734863,6.425000190734863,5.449370861053467,56355000.0
2016-05-16,DELTA.BK,6.5,6.550000190734863,6.224999904632568,6.224999904632568,5.279740333557129,28844000.0
2016-05-17,DELTA.BK,6.25,6.25,6.0,6.125,5.194925308227539,45623000.0
2016-05-18,DELTA.BK,6.099999904632568,6.550000190734863,6.099999904632568,6.525000095367432,5.534185409545898,81771000.0
2016-05-19,DELTA.BK,6.474999904632568,6.525000095367432,6.125,6.175000190734863,5.237333297729492,49480000.0
2016-05-23,DELTA.BK,6.175000190734863,6.474999904632568,6.175000190734863,6.474999904632568,5.491777420043945,37464000.0
2016-05-24,DELTA.BK,6.525000095367432,6.949999809265137,6.5,6.875,5.831037998199463,73290000.0
2016-05-25,DELTA.BK,7.0,7.050000190734863,6.900000095367432,6.974999904632568,5.915853500366211,42622000.0
2016-05-26,DELTA.BK,6.900000095367432,7.0,6.824999809265137,7.0,5.937057971954346,30614000.0
2016-05-27,DELTA.BK,7.0,7.025000095367432,6.900000095367432,7.0,5.937057971954346,11524000.0
2016-05-30,DELTA.BK,7.099999904632568,7.099999904632568,7.0,7.074999809265137,6.000668048858643,14662000.0
2016-05-31,DELTA.BK,7.099999904632568,7.175000190734863,7.025000095367432,7.175000190734863,6.085484504699707,32286000.0
2016-06-01,DELTA.BK,7.099999904632568,7.199999809265137,6.949999809265137,7.0,5.937057971954346,27193000.0
2016-06-02,DELTA.BK,7.0,7.025000095367432,6.949999809265137,6.949999809265137,5.894649505615234,15459000.0
2016-06-03,DELTA.BK,7.0,7.199999809265137,7.0,7.199999809265137,6.106687068939209,19890000.0
2016-06-06,DELTA.BK,7.074999809265137,7.099999904632568,6.949999809265137,6.949999809265137,5.894649505615234,19316000.0
2016-06-07,DELTA.BK,7.0,7.074999809265137,6.900000095367432,7.074999809265137,6.000668048858643,21446000.0
2016-06-08,DELTA.BK,7.0,7.074999809265137,6.974999904632568,6.974999904632568,5.915853500366211,13289000.0
2016-06-09,DELTA.BK,6.949999809265137,7.025000095367432,6.925000190734863,7.0,5.937057971954346,14490000.0
2016-06-10,DELTA.BK,7.0,7.0,6.900000095367432,6.974999904632568,5.915853500366211,13269000.0
2016-06-13,DELTA.BK,6.900000095367432,6.925000190734863,6.625,6.699999809265137,5.682611465454102,26974000.0
2016-06-14,DELTA.BK,6.699999809265137,6.75,6.675000190734863,6.75,5.725019931793213,13480000.0
2016-06-15,DELTA.BK,6.800000190734863,7.050000190734863,6.75,7.050000190734863,5.979465007781982,17954000.0
2016-06-16,DELTA.BK,7.0,7.0,6.824999809265137,6.849999904632568,5.809834957122803,13107000.0
2016-06-17,DELTA.BK,6.949999809265137,7.025000095367432,6.925000190734863,7.025000095367432,5.958260536193848,10788000.0
2016-06-20,DELTA.BK,7.050000190734863,7.074999809265137,6.949999809265137,6.974999904632568,5.915853500366211,12065000.0
2016-06-21,DELTA.BK,6.900000095367432,6.949999809265137,6.75,6.824999809265137,5.788631916046143,20483000.0
2016-06-22,DELTA.BK,6.824999809265137,6.849999904632568,6.625,6.625,5.6190009117126465,24364000.0
2016-06-23,DELTA.BK,6.650000095367432,6.849999904632568,6.625,6.849999904632568,5.809834957122803,14808000.0
2016-06-24,DELTA.BK,6.724999904632568,6.849999904632568,6.599999904632568,6.775000095367432,5.7462239265441895,38641000.0
2016-06-27,DELTA.BK,6.824999809265137,6.824999809265137,6.675000190734863,6.699999809265137,5.682611465454102,13575000.0
2016-06-28,DELTA.BK,6.724999904632568,6.75,6.625,6.699999809265137,5.682611465454102,9224000.0
2016-06-29,DELTA.BK,6.699999809265137,6.824999809265137,6.699999809265137,6.724999904632568,5.703815937042236,11648000.0
2016-06-30,DELTA.BK,6.724999904632568,6.849999904632568,6.675000190734863,6.824999809265137,5.788631916046143,16975000.0
2016-07-04,DELTA.BK,6.800000190734863,6.900000095367432,6.800000190734863,6.824999809265137,5.788631916046143,10000000.0
2016-07-05,DELTA.BK,6.775000095367432,6.849999904632568,6.75,6.800000190734863,5.767427444458008,4312000.0
2016-07-06,DELTA.BK,6.75,6.800000190734863,6.675000190734863,6.699999809265137,5.682611465454102,6101000.0
2016-07-07,DELTA.BK,6.75,6.824999809265137,6.724999904632568,6.724999904632568,5.703815937042236,8701000.0
2016-07-08,DELTA.BK,6.775000095367432,6.925000190734863,6.75,6.875,5.831037998199463,12430000.0
2016-07-11,DELTA.BK,6.900000095367432,6.900000095367432,6.75,6.800000190734863,5.767427444458008,7757000.0
2016-07-12,DELTA.BK,6.75,6.900000095367432,6.75,6.849999904632568,5.809834957122803,11828000.0
2016-07-13,DELTA.BK,6.824999809265137,7.0,6.775000095367432,7.0,5.937057971954346,23024000.0
2016-07-14,DELTA.BK,7.050000190734863,7.074999809265137,6.900000095367432,7.025000095367432,5.958260536193848,25727000.0
2016-07-15,DELTA.BK,7.025000095367432,7.375,7.025000095367432,7.324999809265137,6.21270751953125,31396000.0
2016-07-20,DELTA.BK,7.449999809265137,7.449999809265137,7.199999809265137,7.25,6.14909553527832,33165000.0
2016-07-21,DELTA.BK,7.25,7.349999904632568,7.224999904632568,7.300000190734863,6.191503047943115,13193000.0
2016-07-22,DELTA.BK,7.300000190734863,7.400000095367432,7.199999809265137,7.349999904632568,6.23391056060791,15321000.0
2016-07-25,DELTA.BK,7.25,7.300000190734863,7.224999904632568,7.25,6.14909553527832,18112000.0
2016-07-26,DELTA.BK,7.199999809265137,7.275000095367432,7.175000190734863,7.275000095367432,6.170299053192139,20149000.0
2016-07-27,DELTA.BK,7.275000095367432,7.275000095367432,7.150000095367432,7.150000095367432,6.0642805099487305,13450000.0
2016-07-28,DELTA.BK,7.050000190734863,7.074999809265137,6.949999809265137,7.050000190734863,5.979465007781982,16878000.0
2016-07-29,DELTA.BK,7.099999904632568,7.150000095367432,7.050000190734863,7.125,6.043076515197754,9608000.0
2016-08-01,DELTA.BK,7.150000095367432,7.300000190734863,6.949999809265137,7.074999809265137,6.000668048858643,21301000.0
2016-08-02,DELTA.BK,6.974999904632568,7.199999809265137,6.949999809265137,7.074999809265137,6.000668048858643,18809000.0
2016-08-03,DELTA.BK,7.199999809265137,7.300000190734863,7.025000095367432,7.074999809265137,6.000668048858643,14082000.0
2016-08-04,DELTA.BK,7.0,7.050000190734863,6.949999809265137,6.949999809265137,5.894649505615234,9396000.0
2016-08-05,DELTA.BK,7.0,7.199999809265137,6.974999904632568,7.199999809265137,6.106687068939209,7813000.0
2016-08-08,DELTA.BK,7.300000190734863,7.300000190734863,7.099999904632568,7.125,6.043076515197754,9710000.0
2016-08-09,DELTA.BK,7.099999904632568,7.175000190734863,7.050000190734863,7.099999904632568,6.021872520446777,16503000.0
2016-08-10,DELTA.BK,7.125,7.25,7.125,7.199999809265137,6.106687068939209,11104000.0
2016-08-11,DELTA.BK,7.125,7.25,7.099999904632568,7.25,6.14909553527832,13917000.0
2016-08-15,DELTA.BK,7.199999809265137,7.25,7.150000095367432,7.224999904632568,6.127891540527344,8225000.0
2016-08-16,DELTA.BK,7.175000190734863,7.224999904632568,7.125,7.224999904632568,6.127891540527344,10683000.0
2016-08-17,DELTA.BK,7.25,7.474999904632568,7.224999904632568,7.425000190734863,6.297521591186523,30316000.0
2016-08-18,DELTA.BK,7.474999904632568,7.550000190734863,7.449999809265137,7.5,6.361133575439453,30810000.0
2016-08-19,DELTA.BK,7.5,7.525000095367432,7.400000095367432,7.449999809265137,6.318725109100342,19232000.0
2016-08-22,DELTA.BK,7.400000095367432,7.5,7.324999809265137,7.324999809265137,6.21270751953125,7970000.0
2016-08-23,DELTA.BK,7.324999809265137,7.449999809265137,7.224999904632568,7.449999809265137,6.318725109100342,16991000.0
2016-08-24,DELTA.BK,7.324999809265137,7.400000095367432,7.324999809265137,7.375,6.25511360168457,3614000.0
2016-08-25,DELTA.BK,7.425000190734863,7.449999809265137,7.324999809265137,7.375,6.25511360168457,6958000.0
2016-08-26,DELTA.BK,7.400000095367432,7.400000095367432,7.224999904632568,7.275000095367432,6.170299053192139,7160000.0
2016-08-29,DELTA.BK,7.25,7.349999904632568,7.199999809265137,7.349999904632568,6.23391056060791,9602000.0
2016-08-30,DELTA.BK,7.324999809265137,7.375,7.324999809265137,7.349999904632568,6.23391056060791,5724000.0
2016-08-31,DELTA.BK,7.324999809265137,7.400000095367432,7.275000095367432,7.400000095367432,6.276317596435547,13759000.0
2016-09-01,DELTA.BK,7.349999904632568,7.400000095367432,7.199999809265137,7.275000095367432,6.170299053192139,12211000.0
2016-09-02,DELTA.BK,7.224999904632568,7.375,7.199999809265137,7.25,6.14909553527832,12086000.0
2016-09-05,DELTA.BK,7.224999904632568,7.25,6.974999904632568,7.150000095367432,6.0642805099487305,11987000.0
2016-09-06,DELTA.BK,7.099999904632568,7.199999809265137,7.074999809265137,7.125,6.043076515197754,13039000.0
2016-09-07,DELTA.BK,7.150000095367432,7.25,7.050000190734863,7.099999904632568,6.021872520446777,16987000.0
2016-09-08,DELTA.BK,7.099999904632568,7.275000095367432,7.050000190734863,7.175000190734863,6.085484504699707,19122000.0
2016-09-09,DELTA.BK,7.175000190734863,7.224999904632568,7.099999904632568,7.099999904632568,6.021872520446777,14528000.0
2016-09-12,DELTA.BK,6.849999904632568,7.099999904632568,6.699999809265137,7.025000095367432,5.958260536193848,9115000.0
2016-09-13,DELTA.BK,7.074999809265137,7.275000095367432,7.0,7.199999809265137,6.106687068939209,14101000.0
2016-09-14,DELTA.BK,7.275000095367432,7.400000095367432,7.224999904632568,7.275000095367432,6.170299053192139,14830000.0
2016-09-15,DELTA.BK,7.224999904632568,7.474999904632568,7.224999904632568,7.375,6.25511360168457,6837000.0
2016-09-16,DELTA.BK,7.5,7.599999904632568,7.425000190734863,7.599999904632568,6.445947647094727,16403000.0
2016-09-19,DELTA.BK,7.650000095367432,7.650000095367432,7.574999809265137,7.650000095367432,6.48835563659668,10442000.0
2016-09-20,DELTA.BK,7.599999904632568,7.625,7.400000095367432,7.474999904632568,6.339929103851318,18177000.0
2016-09-21,DELTA.BK,7.5,7.599999904632568,7.400000095367432,7.525000095367432,6.382336616516113,8960000.0
2016-09-22,DELTA.BK,7.574999809265137,7.824999809265137,7.574999809265137,7.824999809265137,6.636782169342041,21786000.0
2016-09-23,DELTA.BK,7.800000190734863,7.824999809265137,7.650000095367432,7.824999809265137,6.636782169342041,11892000.0
2016-09-26,DELTA.BK,7.699999809265137,8.050000190734863,7.650000095367432,8.0,6.785208225250244,19067000.0
2016-09-27,DELTA.BK,8.024999618530273,8.074999809265137,7.900000095367432,7.949999809265137,6.742801666259766,12502000.0
2016-09-28,DELTA.BK,8.0,8.024999618530273,7.824999809265137,7.875,6.679189682006836,19181000.0
2016-09-29,DELTA.BK,7.974999904632568,8.024999618530273,7.900000095367432,7.949999809265137,6.742801666259766,19191000.0
2016-09-30,DELTA.BK,7.900000095367432,8.024999618530273,7.849999904632568,7.925000190734863,6.721596717834473,19008000.0
2016-10-03,DELTA.BK,7.925000190734863,7.974999904632568,7.925000190734863,7.925000190734863,6.721596717834473,7198000.0
2016-10-04,DELTA.BK,8.0,8.350000381469727,7.974999904632568,8.350000381469727,7.082062244415283,31489000.0
2016-10-05,DELTA.BK,8.350000381469727,8.449999809265137,8.350000381469727,8.375,7.103265762329102,21324000.0
2016-10-06,DELTA.BK,8.274999618530273,8.524999618530273,8.25,8.399999618530273,7.124469757080078,13384000.0
2016-10-07,DELTA.BK,8.399999618530273,8.399999618530273,8.175000190734863,8.199999809265137,6.954838275909424,22056000.0
2016-10-10,DELTA.BK,7.75,7.949999809265137,7.75,7.849999904632568,6.657985210418701,16403000.0
2016-10-11,DELTA.BK,7.900000095367432,8.149999618530273,7.900000095367432,7.974999904632568,6.764004230499268,18850000.0
2016-10-12,DELTA.BK,7.949999809265137,8.100000381469727,7.775000095367432,8.050000190734863,6.8276166915893555,37453000.0
2016-10-13,DELTA.BK,7.900000095367432,8.0,7.474999904632568,7.875,6.679189682006836,34755000.0
2016-10-14,DELTA.BK,8.274999618530273,8.675000190734863,8.274999618530273,8.300000190734863,7.039654731750488,45629000.0
2016-10-17,DELTA.BK,8.199999809265137,8.399999618530273,8.100000381469727,8.125,6.891227722167969,12520000.0
2016-10-18,DELTA.BK,8.199999809265137,8.300000190734863,8.149999618530273,8.199999809265137,6.954838275909424,10692000.0
2016-10-19,DELTA.BK,8.199999809265137,8.350000381469727,8.149999618530273,8.25,6.997246742248535,18893000.0
2016-10-20,DELTA.BK,8.225000381469727,8.274999618530273,8.074999809265137,8.100000381469727,6.870023727416992,15429000.0
2016-10-21,DELTA.BK,8.100000381469727,8.100000381469727,7.699999809265137,7.775000095367432,6.594375133514404,40877000.0
2016-10-25,DELTA.BK,7.699999809265137,8.074999809265137,7.625,7.900000095367432,6.7003936767578125,43646000.0
2016-10-26,DELTA.BK,7.824999809265137,8.050000190734863,7.824999809265137,7.949999809265137,6.742801666259766,12345000.0
2016-10-27,DELTA.BK,7.875,8.0,7.875,7.875,6.679189682006836,9384000.0
2016-10-28,DELTA.BK,7.900000095367432,7.900000095367432,7.775000095367432,7.800000190734863,6.6155781745910645,11837000.0
2016-10-31,DELTA.BK,7.699999809265137,7.849999904632568,7.675000190734863,7.849999904632568,6.657985210418701,14409000.0
2016-11-01,DELTA.BK,7.949999809265137,7.974999904632568,7.900000095367432,7.949999809265137,6.742801666259766,7695000.0
2016-11-02,DELTA.BK,7.949999809265137,8.0,7.900000095367432,7.949999809265137,6.742801666259766,6471000.0
2016-11-03,DELTA.BK,7.900000095367432,7.974999904632568,7.849999904632568,7.875,6.679189682006836,8655000.0
2016-11-04,DELTA.BK,7.824999809265137,7.875,7.75,7.824999809265137,6.636782169342041,8732000.0
2016-11-07,DELTA.BK,7.824999809265137,7.900000095367432,7.775000095367432,7.849999904632568,6.657985210418701,10595000.0
2016-11-08,DELTA.BK,7.900000095367432,7.900000095367432,7.800000190734863,7.824999809265137,6.636782169342041,8191000.0
2016-11-09,DELTA.BK,7.824999809265137,7.849999904632568,7.699999809265137,7.724999904632568,6.551967620849609,14330000.0
2016-11-10,DELTA.BK,7.75,7.849999904632568,7.724999904632568,7.724999904632568,6.551967620849609,8803000.0
2016-11-11,DELTA.BK,7.650000095367432,7.675000190734863,7.525000095367432,7.525000095367432,6.382336616516113,20295000.0
2016-11-14,DELTA.BK,7.474999904632568,7.474999904632568,7.300000190734863,7.324999809265137,6.21270751953125,13233000.0
2016-11-15,DELTA.BK,7.349999904632568,7.425000190734863,7.199999809265137,7.300000190734863,6.191503047943115,10025000.0
2016-11-16,DELTA.BK,7.300000190734863,7.349999904632568,7.175000190734863,7.175000190734863,6.085484504699707,10964000.0
2016-11-17,DELTA.BK,7.175000190734863,7.5,7.175000190734863,7.375,6.25511360168457,15336000.0
2016-11-18,DELTA.BK,7.5,7.550000190734863,7.449999809265137,7.5,6.361133575439453,8821000.0
2016-11-21,DELTA.BK,7.5,7.5,7.349999904632568,7.400000095367432,6.276317596435547,8693000.0
2016-11-22,DELTA.BK,7.474999904632568,7.650000095367432,7.449999809265137,7.574999809265137,6.424744129180908,20312000.0
2016-11-23,DELTA.BK,7.599999904632568,7.800000190734863,7.5,7.800000190734863,6.6155781745910645,13029000.0
2016-11-24,DELTA.BK,7.75,7.75,7.425000190734863,7.425000190734863,6.297521591186523,13745000.0
2016-11-25,DELTA.BK,7.474999904632568,7.625,7.449999809265137,7.599999904632568,6.445947647094727,11033000.0
2016-11-28,DELTA.BK,7.699999809265137,7.699999809265137,7.599999904632568,7.599999904632568,6.445947647094727,5280000.0
2016-11-29,DELTA.BK,7.650000095367432,7.800000190734863,7.650000095367432,7.675000190734863,6.5095601081848145,22145000.0
2016-11-30,DELTA.BK,7.675000190734863,7.675000190734863,7.525000095367432,7.574999809265137,6.424744129180908,36524000.0
2016-12-01,DELTA.BK,7.699999809265137,7.724999904632568,7.599999904632568,7.625,6.467152118682861,12969000.0
2016-12-02,DELTA.BK,7.574999809265137,7.599999904632568,7.474999904632568,7.5,6.361133575439453,14215000.0
2016-12-06,DELTA.BK,7.875,7.875,7.625,7.775000095367432,6.594375133514404,17979000.0
2016-12-07,DELTA.BK,7.675000190734863,7.900000095367432,7.625,7.900000095367432,6.7003936767578125,12693000.0
2016-12-08,DELTA.BK,7.949999809265137,8.0,7.875,7.875,6.679189682006836,12886000.0
2016-12-09,DELTA.BK,8.0,8.024999618530273,7.849999904632568,7.849999904632568,6.657985210418701,11911000.0
2016-12-13,DELTA.BK,8.024999618530273,8.199999809265137,7.974999904632568,8.199999809265137,6.954838275909424,20236000.0
2016-12-14,DELTA.BK,8.25,8.399999618530273,8.175000190734863,8.399999618530273,7.124469757080078,22483000.0
2016-12-15,DELTA.BK,8.399999618530273,8.449999809265137,8.125,8.125,6.891227722167969,9787000.0
2016-12-16,DELTA.BK,8.199999809265137,8.300000190734863,8.074999809265137,8.175000190734863,6.9336347579956055,18620000.0
2016-12-19,DELTA.BK,8.199999809265137,8.199999809265137,8.050000190734863,8.074999809265137,6.848819732666016,8592000.0
2016-12-20,DELTA.BK,8.199999809265137,8.199999809265137,8.050000190734863,8.100000381469727,6.870023727416992,6122000.0
2016-12-21,DELTA.BK,8.175000190734863,8.175000190734863,8.024999618530273,8.024999618530273,6.806411266326904,5408000.0
2016-12-22,DELTA.BK,8.050000190734863,8.125,8.024999618530273,8.074999809265137,6.848819732666016,7681000.0
2016-12-23,DELTA.BK,8.100000381469727,8.149999618530273,7.949999809265137,8.0,6.785208225250244,5951000.0
2016-12-26,DELTA.BK,8.074999809265137,8.125,7.974999904632568,8.024999618530273,6.806411266326904,3973000.0
2016-12-27,DELTA.BK,8.050000190734863,8.050000190734863,7.949999809265137,8.0,6.785208225250244,4817000.0
2016-12-28,DELTA.BK,8.074999809265137,8.225000381469727,8.050000190734863,8.149999618530273,6.912431716918945,11449000.0
2016-12-29,DELTA.BK,8.125,8.274999618530273,8.125,8.225000381469727,6.976042747497559,17414000.0
2016-12-30,DELTA.BK,8.225000381469727,8.225000381469727,8.149999618530273,8.149999618530273,6.912431716918945,3264000.0
2017-01-04,DELTA.BK,8.225000381469727,8.425000190734863,8.199999809265137,8.425000190734863,7.14567232131958,17732000.0
2017-01-05,DELTA.BK,8.475000381469727,8.475000381469727,8.274999618530273,8.375,7.103265762329102,10326000.0
2017-01-06,DELTA.BK,8.5,8.899999618530273,8.399999618530273,8.5,7.209282875061035,23912000.0
2017-01-09,DELTA.BK,8.524999618530273,8.574999809265137,8.449999809265137,8.5,7.209282875061035,8468000.0
2017-01-10,DELTA.BK,8.5,8.524999618530273,8.425000190734863,8.475000381469727,7.188079833984375,10826000.0
2017-01-11,DELTA.BK,8.375,8.600000381469727,8.350000381469727,8.524999618530273,7.23048734664917,8174000.0
2017-01-12,DELTA.BK,8.524999618530273,8.699999809265137,8.399999618530273,8.399999618530273,7.124469757080078,7158000.0
2017-01-16,DELTA.BK,8.5,8.675000190734863,8.475000381469727,8.625,7.315302848815918,3033000.0
2017-01-17,DELTA.BK,8.600000381469727,8.675000190734863,8.425000190734863,8.475000381469727,7.188079833984375,6088000.0
2017-01-18,DELTA.BK,8.475000381469727,8.524999618530273,8.300000190734863,8.300000190734863,7.039654731750488,12983000.0
2017-01-19,DELTA.BK,8.350000381469727,8.475000381469727,8.350000381469727,8.475000381469727,7.188079833984375,10597000.0
2017-01-20,DELTA.BK,8.375,8.425000190734863,8.350000381469727,8.399999618530273,7.124469757080078,7072000.0
2017-01-23,DELTA.BK,8.5,8.524999618530273,8.425000190734863,8.5,7.209282875061035,6435000.0
2017-01-24,DELTA.BK,8.524999618530273,8.524999618530273,8.399999618530273,8.475000381469727,7.188079833984375,6179000.0
2017-01-25,DELTA.BK,8.550000190734863,8.600000381469727,8.5,8.550000190734863,7.251690864562988,9358000.0
2017-01-26,DELTA.BK,8.449999809265137,8.625,8.449999809265137,8.524999618530273,7.23048734664917,9622000.0
2017-01-27,DELTA.BK,8.550000190734863,8.600000381469727,8.449999809265137,8.524999618530273,7.23048734664917,9116000.0
2017-01-30,DELTA.BK,8.524999618530273,8.524999618530273,8.475000381469727,8.524999618530273,7.23048734664917,6203000.0
2017-01-31,DELTA.BK,8.5,8.625,8.449999809265137,8.574999809265137,7.272895336151123,8548000.0
2017-02-01,DELTA.BK,8.449999809265137,8.824999809265137,8.449999809265137,8.625,7.315302848815918,10890000.0
2017-02-02,DELTA.BK,8.625,8.800000190734863,8.574999809265137,8.649999618530273,7.336505889892578,12568000.0
2017-02-03,DELTA.BK,8.574999809265137,8.774999618530273,8.5,8.699999809265137,7.378913879394531,13814000.0
2017-02-06,DELTA.BK,8.800000190734863,8.850000381469727,8.574999809265137,8.699999809265137,7.378913879394531,13342000.0
2017-02-07,DELTA.BK,8.800000190734863,8.800000190734863,8.649999618530273,8.675000190734863,7.357710361480713,9490000.0
2017-02-08,DELTA.BK,8.675000190734863,9.225000381469727,8.675000190734863,9.225000381469727,7.824194431304932,19708000.0
2017-02-09,DELTA.BK,9.050000190734863,9.324999809265137,9.050000190734863,9.199999809265137,7.802989959716797,11222000.0
2017-02-10,DELTA.BK,9.199999809265137,9.600000381469727,9.199999809265137,9.399999618530273,7.972620487213135,28221000.0
2017-02-14,DELTA.BK,9.350000381469727,9.425000190734863,9.024999618530273,9.225000381469727,7.824194431304932,15279000.0
2017-02-15,DELTA.BK,9.199999809265137,9.199999809265137,8.975000381469727,9.050000190734863,7.6757683753967285,29940000.0
2017-02-16,DELTA.BK,9.050000190734863,9.199999809265137,9.050000190734863,9.100000381469727,7.718175411224365,6443000.0
2017-02-17,DELTA.BK,9.149999618530273,9.199999809265137,8.925000190734863,9.0,7.633359909057617,19148000.0
2017-02-20,DELTA.BK,9.100000381469727,9.100000381469727,8.975000381469727,9.024999618530273,7.654562473297119,7898000.0
2017-02-21,DELTA.BK,9.0,9.074999809265137,8.875,8.875,7.527340888977051,10068000.0
2017-02-22,DELTA.BK,8.824999809265137,8.899999618530273,8.675000190734863,8.899999618530273,7.548543453216553,34137000.0
2017-02-23,DELTA.BK,9.0,9.0,8.899999618530273,8.899999618530273,7.548543453216553,12817000.0
2017-02-24,DELTA.BK,8.5,8.524999618530273,8.274999618530273,8.300000190734863,7.285223484039307,31953000.0
2017-02-27,DELTA.BK,8.199999809265137,8.524999618530273,8.199999809265137,8.5,7.460769176483154,15072000.0
2017-02-28,DELTA.BK,8.475000381469727,9.25,8.425000190734863,9.25,8.119072914123535,19425000.0
2017-03-01,DELTA.BK,9.25,9.25,8.800000190734863,8.949999809265137,7.855751991271973,15349000.0
2017-03-02,DELTA.BK,8.975000381469727,9.074999809265137,8.600000381469727,8.600000381469727,7.548544406890869,21170000.0
2017-03-03,DELTA.BK,8.574999809265137,8.899999618530273,8.574999809265137,8.824999809265137,7.746034622192383,10093000.0
2017-03-06,DELTA.BK,8.824999809265137,8.875,8.625,8.75,7.680205345153809,8922000.0
2017-03-07,DELTA.BK,8.774999618530273,8.850000381469727,8.725000381469727,8.774999618530273,7.702147483825684,14022000.0
2017-03-08,DELTA.BK,8.699999809265137,8.975000381469727,8.625,8.824999809265137,7.746034622192383,10861000.0
2017-03-09,DELTA.BK,8.800000190734863,8.800000190734863,8.675000190734863,8.699999809265137,7.636318206787109,5310000.0
2017-03-10,DELTA.BK,8.725000381469727,8.725000381469727,8.600000381469727,8.625,7.570487976074219,7910000.0
2017-03-13,DELTA.BK,8.625,8.625,8.425000190734863,8.524999618530273,7.48271369934082,13229000.0
2017-03-14,DELTA.BK,8.449999809265137,8.524999618530273,8.425000190734863,8.425000190734863,7.394939422607422,21660000.0
2017-03-15,DELTA.BK,8.449999809265137,8.574999809265137,8.425000190734863,8.524999618530273,7.48271369934082,17690000.0
2017-03-16,DELTA.BK,8.5,8.550000190734863,8.25,8.324999809265137,7.307166576385498,19409000.0
2017-03-17,DELTA.BK,8.324999809265137,8.425000190734863,8.274999618530273,8.300000190734863,7.285223484039307,19008000.0
2017-03-20,DELTA.BK,8.399999618530273,8.475000381469727,8.300000190734863,8.324999809265137,7.307166576385498,7982000.0
2017-03-21,DELTA.BK,8.350000381469727,8.375,8.199999809265137,8.300000190734863,7.285223484039307,14255000.0
2017-03-22,DELTA.BK,8.274999618530273,8.300000190734863,8.149999618530273,8.149999618530273,7.153562068939209,13421000.0
2017-03-23,DELTA.BK,8.199999809265137,8.324999809265137,8.175000190734863,8.199999809265137,7.19744873046875,12006000.0
2017-03-24,DELTA.BK,8.199999809265137,8.550000190734863,8.199999809265137,8.550000190734863,7.504656791687012,9353000.0
2017-03-27,DELTA.BK,8.550000190734863,8.649999618530273,8.5,8.649999618530273,7.592430114746094,5240000.0
2017-03-28,DELTA.BK,8.699999809265137,8.725000381469727,8.449999809265137,8.725000381469727,7.658262252807617,8213000.0
2017-03-29,DELTA.BK,8.699999809265137,8.699999809265137,8.475000381469727,8.475000381469727,7.438826560974121,7785000.0
2017-03-30,DELTA.BK,8.524999618530273,8.899999618530273,8.524999618530273,8.850000381469727,7.767979145050049,15412000.0
2017-03-31,DELTA.BK,8.699999809265137,8.875,8.600000381469727,8.75,7.680205345153809,16649000.0
2017-04-03,DELTA.BK,8.75,8.774999618530273,8.425000190734863,8.425000190734863,7.394939422607422,9137000.0
2017-04-04,DELTA.BK,8.449999809265137,8.625,8.449999809265137,8.524999618530273,7.48271369934082,7254000.0
2017-04-05,DELTA.BK,8.649999618530273,8.649999618530273,8.475000381469727,8.574999809265137,7.526600360870361,7487000.0
2017-04-07,DELTA.BK,8.800000190734863,8.800000190734863,8.574999809265137,8.600000381469727,7.548544406890869,15019000.0
2017-04-10,DELTA.BK,8.550000190734863,8.675000190734863,8.550000190734863,8.625,7.570487976074219,10054000.0
2017-04-11,DELTA.BK,8.699999809265137,8.699999809265137,8.600000381469727,8.625,7.570487976074219,7636000.0
2017-04-12,DELTA.BK,8.649999618530273,8.699999809265137,8.574999809265137,8.699999809265137,7.636318206787109,9601000.0
2017-04-17,DELTA.BK,8.800000190734863,8.800000190734863,8.625,8.725000381469727,7.658262252807617,5902000.0
2017-04-18,DELTA.BK,8.675000190734863,8.699999809265137,8.600000381469727,8.625,7.570487976074219,3597000.0
2017-04-19,DELTA.BK,8.625,8.725000381469727,8.600000381469727,8.649999618530273,7.592430114746094,7939000.0
2017-04-20,DELTA.BK,8.699999809265137,8.899999618530273,8.675000190734863,8.899999618530273,7.811864376068115,8055000.0
2017-04-21,DELTA.BK,8.949999809265137,8.975000381469727,8.850000381469727,8.975000381469727,7.877696990966797,4981000.0
2017-04-24,DELTA.BK,8.925000190734863,9.100000381469727,8.824999809265137,8.925000190734863,7.8338093757629395,4357000.0
2017-04-25,DELTA.BK,9.0,9.024999618530273,8.875,8.949999809265137,7.855751991271973,11894000.0
2017-04-26,DELTA.BK,9.0,9.199999809265137,8.949999809265137,9.074999809265137,7.9654693603515625,21068000.0
2017-04-27,DELTA.BK,9.100000381469727,9.225000381469727,9.050000190734863,9.175000190734863,8.053244590759277,6736000.0
2017-04-28,DELTA.BK,9.125,9.274999618530273,9.100000381469727,9.199999809265137,8.075186729431152,10690000.0
2017-05-02,DELTA.BK,9.199999809265137,9.25,9.175000190734863,9.199999809265137,8.075186729431152,8141000.0
2017-05-03,DELTA.BK,9.199999809265137,9.199999809265137,8.975000381469727,9.100000381469727,7.987412929534912,4985000.0
2017-05-04,DELTA.BK,8.975000381469727,9.050000190734863,8.925000190734863,9.050000190734863,7.943527698516846,10530000.0
2017-05-08,DELTA.BK,9.125,9.125,9.050000190734863,9.125,8.009357452392578,5782000.0
2017-05-09,DELTA.BK,9.149999618530273,9.149999618530273,9.050000190734863,9.100000381469727,7.987412929534912,7817000.0
2017-05-11,DELTA.BK,9.199999809265137,9.5,9.175000190734863,9.5,8.338508605957031,20636000.0
2017-05-12,DELTA.BK,9.600000381469727,9.725000381469727,9.550000190734863,9.649999618530273,8.470169067382812,12745000.0
2017-05-15,DELTA.BK,9.725000381469727,9.725000381469727,9.600000381469727,9.699999809265137,8.514054298400879,14609000.0
2017-05-16,DELTA.BK,9.75,9.899999618530273,9.75,9.875,8.667659759521484,16236000.0
2017-05-17,DELTA.BK,9.899999618530273,10.0,9.774999618530273,9.824999809265137,8.623773574829102,15180000.0
2017-05-18,DELTA.BK,9.800000190734863,10.0,9.625,9.725000381469727,8.53600025177002,11409000.0
2017-05-19,DELTA.BK,9.850000381469727,9.899999618530273,9.649999618530273,9.649999618530273,8.470169067382812,9017000.0
2017-05-22,DELTA.BK,9.75,9.824999809265137,9.625,9.75,8.557941436767578,10670000.0
2017-05-23,DELTA.BK,9.725000381469727,9.725000381469727,9.225000381469727,9.25,8.119072914123535,24948000.0
2017-05-24,DELTA.BK,9.274999618530273,9.375,9.175000190734863,9.175000190734863,8.053244590759277,15148000.0
2017-05-25,DELTA.BK,9.225000381469727,9.300000190734863,9.175000190734863,9.300000190734863,8.16296100616455,10840000.0
2017-05-26,DELTA.BK,9.175000190734863,9.199999809265137,9.074999809265137,9.100000381469727,7.987412929534912,13995000.0
2017-05-29,DELTA.BK,9.100000381469727,9.175000190734863,8.949999809265137,9.074999809265137,7.9654693603515625,21557000.0
2017-05-30,DELTA.BK,9.0,9.100000381469727,9.0,9.050000190734863,7.943527698516846,6165000.0
2017-05-31,DELTA.BK,9.175000190734863,9.274999618530273,8.475000381469727,9.0,7.89963960647583,73521000.0
2017-06-01,DELTA.BK,9.0,9.199999809265137,8.949999809265137,9.125,8.009357452392578,7751000.0
2017-06-02,DELTA.BK,9.199999809265137,9.300000190734863,9.050000190734863,9.25,8.119072914123535,11756000.0
2017-06-05,DELTA.BK,9.25,9.324999809265137,9.149999618530273,9.199999809265137,8.075186729431152,8587000.0
2017-06-06,DELTA.BK,9.199999809265137,9.225000381469727,9.149999618530273,9.225000381469727,8.097131729125977,7516000.0
2017-06-07,DELTA.BK,9.199999809265137,9.350000381469727,9.199999809265137,9.300000190734863,8.16296100616455,14219000.0
2017-06-08,DELTA.BK,9.300000190734863,9.375,9.25,9.350000381469727,8.206847190856934,10799000.0
2017-06-09,DELTA.BK,9.350000381469727,9.375,9.274999618530273,9.350000381469727,8.206847190856934,18877000.0
2017-06-12,DELTA.BK,9.350000381469727,9.375,9.25,9.274999618530273,8.14101791381836,10416000.0
2017-06-13,DELTA.BK,9.274999618530273,9.274999618530273,9.100000381469727,9.125,8.009357452392578,7019000.0
2017-06-14,DELTA.BK,9.175000190734863,9.25,9.100000381469727,9.175000190734863,8.053244590759277,4211000.0
2017-06-15,DELTA.BK,9.149999618530273,9.149999618530273,9.0,9.0,7.89963960647583,7990000.0
2017-06-16,DELTA.BK,8.875,9.050000190734863,8.800000190734863,8.975000381469727,7.877696990966797,22179000.0
2017-06-19,DELTA.BK,8.949999809265137,9.225000381469727,8.949999809265137,9.175000190734863,8.053244590759277,13099000.0
2017-06-20,DELTA.BK,9.125,9.300000190734863,9.125,9.274999618530273,8.14101791381836,11892000.0
2017-06-21,DELTA.BK,9.199999809265137,9.25,8.949999809265137,8.949999809265137,7.855751991271973,11736000.0
2017-06-22,DELTA.BK,9.024999618530273,9.199999809265137,9.024999618530273,9.175000190734863,8.053244590759277,11855000.0
2017-06-23,DELTA.BK,9.149999618530273,9.175000190734863,9.050000190734863,9.050000190734863,7.943527698516846,8328000.0
2017-06-26,DELTA.BK,9.100000381469727,9.125,9.024999618530273,9.074999809265137,7.9654693603515625,4801000.0
2017-06-27,DELTA.BK,9.125,9.149999618530273,9.074999809265137,9.100000381469727,7.987412929534912,4435000.0
2017-06-28,DELTA.BK,9.024999618530273,9.100000381469727,8.800000190734863,8.800000190734863,7.72409200668335,18638000.0
2017-06-29,DELTA.BK,8.800000190734863,9.024999618530273,8.75,8.75,7.680205345153809,26248000.0
2017-06-30,DELTA.BK,8.75,8.800000190734863,8.625,8.675000190734863,7.614374160766602,8939000.0
2017-07-03,DELTA.BK,8.699999809265137,8.699999809265137,8.550000190734863,8.625,7.570487976074219,8331000.0
2017-07-04,DELTA.BK,8.625,8.675000190734863,8.550000190734863,8.625,7.570487976074219,5419000.0
2017-07-05,DELTA.BK,8.625,8.649999618530273,8.524999618530273,8.574999809265137,7.526600360870361,5383000.0
2017-07-06,DELTA.BK,8.550000190734863,8.699999809265137,8.550000190734863,8.649999618530273,7.592430114746094,8403000.0
2017-07-07,DELTA.BK,8.600000381469727,8.699999809265137,8.600000381469727,8.625,7.570487976074219,4398000.0
2017-07-11,DELTA.BK,8.574999809265137,8.649999618530273,8.574999809265137,8.625,7.570487976074219,6307000.0
2017-07-12,DELTA.BK,8.649999618530273,8.75,8.550000190734863,8.625,7.570487976074219,7166000.0
2017-07-13,DELTA.BK,8.649999618530273,8.774999618530273,8.425000190734863,8.774999618530273,7.702147483825684,15590000.0
2017-07-14,DELTA.BK,8.75,8.774999618530273,8.625,8.649999618530273,7.592430114746094,5378000.0
2017-07-17,DELTA.BK,8.649999618530273,8.75,8.649999618530273,8.699999809265137,7.636318206787109,6092000.0
2017-07-18,DELTA.BK,8.699999809265137,8.824999809265137,8.699999809265137,8.774999618530273,7.702147483825684,9329000.0
2017-07-19,DELTA.BK,8.800000190734863,8.899999618530273,8.75,8.875,7.78992223739624,12126000.0
2017-07-20,DELTA.BK,8.875,8.899999618530273,8.824999809265137,8.824999809265137,7.746034622192383,9022000.0
2017-07-21,DELTA.BK,8.899999618530273,8.899999618530273,8.725000381469727,8.725000381469727,7.658262252807617,6812000.0
2017-07-24,DELTA.BK,8.824999809265137,8.824999809265137,8.699999809265137,8.75,7.680205345153809,7898000.0
2017-07-25,DELTA.BK,8.75,8.774999618530273,8.600000381469727,8.649999618530273,7.592430114746094,5523000.0
2017-07-26,DELTA.BK,8.649999618530273,9.125,8.600000381469727,8.949999809265137,7.855751991271973,26023000.0
2017-07-27,DELTA.BK,8.949999809265137,9.0,8.875,8.899999618530273,7.811864376068115,6046000.0
2017-07-31,DELTA.BK,8.75,8.899999618530273,8.699999809265137,8.875,7.78992223739624,11310000.0
2017-08-01,DELTA.BK,8.875,8.899999618530273,8.725000381469727,8.725000381469727,7.658262252807617,2437000.0
2017-08-02,DELTA.BK,8.824999809265137,8.899999618530273,8.75,8.774999618530273,7.702147483825684,6943000.0
2017-08-03,DELTA.BK,8.800000190734863,8.824999809265137,8.75,8.75,7.680205345153809,11078000.0
2017-08-04,DELTA.BK,8.75,8.824999809265137,8.75,8.774999618530273,7.702147483825684,3849000.0
2017-08-07,DELTA.BK,8.800000190734863,8.800000190734863,8.675000190734863,8.675000190734863,7.614374160766602,3972000.0
2017-08-08,DELTA.BK,8.699999809265137,8.774999618530273,8.600000381469727,8.75,7.680205345153809,17162000.0
2017-08-09,DELTA.BK,8.675000190734863,8.675000190734863,8.600000381469727,8.625,7.570487976074219,3839000.0
2017-08-10,DELTA.BK,8.625,8.675000190734863,8.600000381469727,8.649999618530273,7.592430114746094,2745000.0
2017-08-11,DELTA.BK,8.600000381469727,8.675000190734863,8.574999809265137,8.600000381469727,7.548544406890869,7221000.0
2017-08-15,DELTA.BK,8.75,8.925000190734863,8.675000190734863,8.850000381469727,7.767979145050049,7493000.0
2017-08-16,DELTA.BK,8.800000190734863,8.925000190734863,8.800000190734863,8.850000381469727,7.767979145050049,6273000.0
2017-08-17,DELTA.BK,8.850000381469727,8.899999618530273,8.774999618530273,8.875,7.78992223739624,2279000.0
2017-08-18,DELTA.BK,8.800000190734863,8.899999618530273,8.774999618530273,8.899999618530273,7.811864376068115,5999000.0
2017-08-21,DELTA.BK,8.899999618530273,8.925000190734863,8.675000190734863,8.800000190734863,7.72409200668335,6747000.0
2017-08-22,DELTA.BK,8.75,8.850000381469727,8.699999809265137,8.800000190734863,7.72409200668335,7148000.0
2017-08-23,DELTA.BK,8.774999618530273,8.925000190734863,8.649999618530273,8.649999618530273,7.592430114746094,11108000.0
2017-08-24,DELTA.BK,8.649999618530273,8.675000190734863,8.524999618530273,8.550000190734863,7.504656791687012,10183000.0
2017-08-25,DELTA.BK,8.574999809265137,8.574999809265137,8.300000190734863,8.375,7.351053714752197,24560000.0
2017-08-28,DELTA.BK,8.375,8.425000190734863,8.274999618530273,8.324999809265137,7.307166576385498,14790000.0
2017-08-29,DELTA.BK,8.399999618530273,9.100000381469727,8.350000381469727,8.75,7.680205345153809,30700000.0
2017-08-30,DELTA.BK,8.75,8.899999618530273,8.75,8.824999809265137,7.746034622192383,6186000.0
2017-08-31,DELTA.BK,8.800000190734863,8.899999618530273,8.675000190734863,8.899999618530273,7.811864376068115,10617000.0
2017-09-01,DELTA.BK,8.899999618530273,8.899999618530273,8.625,8.675000190734863,7.614374160766602,11112000.0
2017-09-04,DELTA.BK,8.725000381469727,8.800000190734863,8.625,8.774999618530273,7.702147483825684,6215000.0
2017-09-05,DELTA.BK,8.824999809265137,8.899999618530273,8.774999618530273,8.850000381469727,7.767979145050049,3966000.0
2017-09-06,DELTA.BK,8.774999618530273,8.899999618530273,8.774999618530273,8.899999618530273,7.811864376068115,3826000.0
2017-09-07,DELTA.BK,8.925000190734863,8.975000381469727,8.850000381469727,8.899999618530273,7.811864376068115,13221000.0
2017-09-08,DELTA.BK,9.0,9.175000190734863,8.824999809265137,8.875,7.78992223739624,14711000.0
2017-09-11,DELTA.BK,8.800000190734863,8.875,8.75,8.800000190734863,7.72409200668335,9350000.0
2017-09-12,DELTA.BK,8.800000190734863,8.850000381469727,8.725000381469727,8.725000381469727,7.658262252807617,7497000.0
2017-09-13,DELTA.BK,8.75,8.800000190734863,8.699999809265137,8.699999809265137,7.636318206787109,6694000.0
2017-09-14,DELTA.BK,8.675000190734863,8.850000381469727,8.675000190734863,8.725000381469727,7.658262252807617,23317000.0
2017-09-15,DELTA.BK,8.774999618530273,8.975000381469727,8.75,8.824999809265137,7.746034622192383,17143000.0
2017-09-18,DELTA.BK,8.824999809265137,9.300000190734863,8.824999809265137,9.274999618530273,8.14101791381836,31289000.0
2017-09-19,DELTA.BK,9.274999618530273,9.399999618530273,9.199999809265137,9.225000381469727,8.097131729125977,20022000.0
2017-09-20,DELTA.BK,9.225000381469727,9.350000381469727,9.100000381469727,9.274999618530273,8.14101791381836,17161000.0
2017-09-21,DELTA.BK,9.225000381469727,9.350000381469727,9.149999618530273,9.225000381469727,8.097131729125977,11334000.0
2017-09-22,DELTA.BK,9.149999618530273,9.199999809265137,9.024999618530273,9.074999809265137,7.9654693603515625,8913000.0
2017-09-25,DELTA.BK,9.100000381469727,9.100000381469727,8.949999809265137,9.0,7.89963960647583,10832000.0
2017-09-26,DELTA.BK,9.024999618530273,9.024999618530273,8.850000381469727,8.850000381469727,7.767979145050049,17227000.0
2017-09-27,DELTA.BK,8.899999618530273,8.925000190734863,8.800000190734863,8.824999809265137,7.746034622192383,12999000.0
2017-09-28,DELTA.BK,8.850000381469727,8.899999618530273,8.625,8.699999809265137,7.636318206787109,26561000.0
2017-09-29,DELTA.BK,8.699999809265137,8.800000190734863,8.699999809265137,8.725000381469727,7.658262252807617,13199000.0
2017-10-02,DELTA.BK,8.774999618530273,8.899999618530273,8.75,8.899999618530273,7.811864376068115,18319000.0
2017-10-03,DELTA.BK,8.899999618530273,9.0,8.875,8.899999618530273,7.811864376068115,10097000.0
2017-10-04,DELTA.BK,8.925000190734863,8.975000381469727,8.824999809265137,8.875,7.78992223739624,11272000.0
2017-10-05,DELTA.BK,8.875,8.899999618530273,8.800000190734863,8.800000190734863,7.72409200668335,7583000.0
2017-10-06,DELTA.BK,8.800000190734863,8.850000381469727,8.725000381469727,8.75,7.680205345153809,9884000.0
2017-10-09,DELTA.BK,8.75,8.774999618530273,8.675000190734863,8.675000190734863,7.614374160766602,10264000.0
2017-10-10,DELTA.BK,8.699999809265137,8.774999618530273,8.699999809265137,8.774999618530273,7.702147483825684,8545000.0
2017-10-11,DELTA.BK,8.774999618530273,8.800000190734863,8.625,8.675000190734863,7.614374160766602,16341000.0
2017-10-12,DELTA.BK,8.675000190734863,8.675000190734863,8.600000381469727,8.675000190734863,7.614374160766602,11482000.0
2017-10-16,DELTA.BK,8.699999809265137,8.699999809265137,8.699999809265137,8.699999809265137,7.636318206787109,945000.0
2017-10-17,DELTA.BK,8.699999809265137,8.75,8.675000190734863,8.725000381469727,7.658262252807617,9645000.0
2017-10-18,DELTA.BK,8.725000381469727,8.800000190734863,8.649999618530273,8.75,7.680205345153809,7168000.0
2017-10-19,DELTA.BK,8.675000190734863,8.699999809265137,8.5,8.524999618530273,7.48271369934082,20781000.0
2017-10-20,DELTA.BK,8.524999618530273,8.649999618530273,8.524999618530273,8.574999809265137,7.526600360870361,9853000.0
2017-10-24,DELTA.BK,8.649999618530273,8.725000381469727,8.625,8.699999809265137,7.636318206787109,9169000.0
2017-10-25,DELTA.BK,8.699999809265137,8.75,8.699999809265137,8.725000381469727,7.658262252807617,3735000.0
2017-10-27,DELTA.BK,8.725000381469727,8.725000381469727,8.699999809265137,8.725000381469727,7.658262252807617,4416000.0
2017-10-30,DELTA.BK,8.675000190734863,8.725000381469727,8.399999618530273,8.625,7.570487976074219,19372000.0
2017-10-31,DELTA.BK,8.600000381469727,8.600000381469727,8.475000381469727,8.600000381469727,7.548544406890869,11946000.0
2017-11-01,DELTA.BK,8.600000381469727,8.625,8.5,8.574999809265137,7.526600360870361,5225000.0
2017-11-02,DELTA.BK,8.5,8.550000190734863,8.300000190734863,8.350000381469727,7.329110622406006,23124000.0
2017-11-03,DELTA.BK,8.324999809265137,8.375,8.274999618530273,8.375,7.351053714752197,9239000.0
2017-11-06,DELTA.BK,8.324999809265137,8.449999809265137,8.149999618530273,8.300000190734863,7.285223484039307,11795000.0
2017-11-07,DELTA.BK,8.300000190734863,8.324999809265137,8.199999809265137,8.324999809265137,7.307166576385498,7674000.0
2017-11-08,DELTA.BK,8.225000381469727,8.300000190734863,8.175000190734863,8.25,7.241336345672607,10943000.0
2017-11-09,DELTA.BK,8.25,8.25,8.125,8.225000381469727,7.219392776489258,9046000.0
2017-11-10,DELTA.BK,8.225000381469727,8.25,8.149999618530273,8.225000381469727,7.219392776489258,3790000.0
2017-11-13,DELTA.BK,8.300000190734863,8.300000190734863,8.149999618530273,8.175000190734863,7.175505638122559,4685000.0
2017-11-14,DELTA.BK,8.175000190734863,8.350000381469727,8.175000190734863,8.274999618530273,7.263279438018799,7226000.0
2017-11-15,DELTA.BK,8.274999618530273,8.375,8.25,8.324999809265137,7.307166576385498,6431000.0
2017-11-16,DELTA.BK,8.274999618530273,8.550000190734863,8.225000381469727,8.475000381469727,7.438826560974121,12624000.0
2017-11-17,DELTA.BK,8.574999809265137,8.574999809265137,8.375,8.574999809265137,7.526600360870361,13540000.0
2017-11-20,DELTA.BK,8.600000381469727,8.600000381469727,8.475000381469727,8.574999809265137,7.526600360870361,10913000.0
2017-11-21,DELTA.BK,8.600000381469727,8.600000381469727,8.600000381469727,8.600000381469727,7.548544406890869,10299000.0
2017-11-22,DELTA.BK,8.600000381469727,8.675000190734863,8.550000190734863,8.675000190734863,7.614374160766602,9546000.0
2017-11-23,DELTA.BK,8.649999618530273,8.675000190734863,8.524999618530273,8.625,7.570487976074219,6068000.0
2017-11-24,DELTA.BK,8.550000190734863,8.625,8.449999809265137,8.574999809265137,7.526600360870361,9037000.0
2017-11-27,DELTA.BK,8.475000381469727,8.550000190734863,8.399999618530273,8.550000190734863,7.504656791687012,5722000.0
2017-11-28,DELTA.BK,8.524999618530273,8.675000190734863,8.475000381469727,8.649999618530273,7.592430114746094,7037000.0
2017-11-29,DELTA.BK,8.675000190734863,8.675000190734863,8.375,8.475000381469727,7.438826560974121,11261000.0
2017-11-30,DELTA.BK,8.475000381469727,8.524999618530273,8.399999618530273,8.425000190734863,7.394939422607422,42083000.0
2017-12-01,DELTA.BK,8.5,8.550000190734863,8.399999618530273,8.5,7.460769176483154,7820000.0
2017-12-04,DELTA.BK,8.574999809265137,8.574999809265137,8.475000381469727,8.524999618530273,7.48271369934082,3609000.0
2017-12-06,DELTA.BK,8.375,8.399999618530273,8.175000190734863,8.274999618530273,7.263279438018799,34277000.0
2017-12-07,DELTA.BK,8.324999809265137,8.324999809265137,8.199999809265137,8.274999618530273,7.263279438018799,9603000.0
2017-12-08,DELTA.BK,8.274999618530273,8.350000381469727,8.199999809265137,8.199999809265137,7.19744873046875,10998000.0
2017-12-12,DELTA.BK,8.199999809265137,8.324999809265137,8.175000190734863,8.274999618530273,7.263279438018799,5909000.0
2017-12-13,DELTA.BK,8.25,8.25,8.175000190734863,8.199999809265137,7.19744873046875,13396000.0
2017-12-14,DELTA.BK,8.125,8.149999618530273,7.800000190734863,7.849999904632568,6.890240669250488,30538000.0
2017-12-15,DELTA.BK,7.900000095367432,7.949999809265137,7.75,7.75,6.802467346191406,29982000.0
2017-12-18,DELTA.BK,7.75,7.775000095367432,7.525000095367432,7.550000190734863,6.626919746398926,19458000.0
2017-12-19,DELTA.BK,7.675000190734863,7.699999809265137,7.425000190734863,7.650000095367432,6.714693546295166,31361000.0
2017-12-20,DELTA.BK,7.724999904632568,7.75,7.525000095367432,7.625,6.692749977111816,24169000.0
2017-12-21,DELTA.BK,7.625,7.625,7.525000095367432,7.574999809265137,6.648862838745117,13714000.0
2017-12-22,DELTA.BK,7.625,7.650000095367432,7.574999809265137,7.599999904632568,6.670805931091309,9116000.0
2017-12-25,DELTA.BK,7.599999904632568,7.599999904632568,7.449999809265137,7.449999809265137,6.539145469665527,16539000.0
2017-12-26,DELTA.BK,7.474999904632568,7.5,7.224999904632568,7.25,6.363598823547363,20207000.0
2017-12-27,DELTA.BK,7.300000190734863,7.324999809265137,7.0,7.25,6.363598823547363,39928000.0
2017-12-28,DELTA.BK,7.25,7.375,7.199999809265137,7.25,6.363598823547363,36489000.0
2017-12-29,DELTA.BK,7.300000190734863,7.449999809265137,7.150000095367432,7.324999809265137,6.429429531097412,67367000.0
2018-01-03,DELTA.BK,7.349999904632568,7.574999809265137,7.324999809265137,7.425000190734863,6.517201900482178,36831000.0
2018-01-04,DELTA.BK,7.5,7.824999809265137,7.474999904632568,7.5,6.583033084869385,37977000.0
2018-01-05,DELTA.BK,7.525000095367432,7.675000190734863,7.525000095367432,7.550000190734863,6.626919746398926,17609000.0
2018-01-08,DELTA.BK,7.599999904632568,7.699999809265137,7.599999904632568,7.650000095367432,6.714693546295166,13808000.0
2018-01-09,DELTA.BK,7.724999904632568,7.724999904632568,7.724999904632568,7.724999904632568,6.780523777008057,1811000.0
2018-01-10,DELTA.BK,7.724999904632568,7.724999904632568,7.5,7.5,6.583033084869385,17422000.0
2018-01-11,DELTA.BK,7.550000190734863,7.650000095367432,7.525000095367432,7.625,6.692749977111816,6647000.0
2018-01-12,DELTA.BK,7.525000095367432,7.574999809265137,7.5,7.525000095367432,6.604975700378418,8887000.0
2018-01-15,DELTA.BK,7.550000190734863,7.599999904632568,7.449999809265137,7.5,6.583033084869385,5557000.0
2018-01-16,DELTA.BK,7.5,7.650000095367432,7.5,7.625,6.692749977111816,11499000.0
2018-01-17,DELTA.BK,7.625,7.699999809265137,7.599999904632568,7.675000190734863,6.736637592315674,9037000.0
2018-01-18,DELTA.BK,7.699999809265137,7.75,7.650000095367432,7.699999809265137,6.758580207824707,8381000.0
2018-01-19,DELTA.BK,7.724999904632568,7.75,7.675000190734863,7.699999809265137,6.758580207824707,9687000.0
2018-01-22,DELTA.BK,7.699999809265137,7.699999809265137,7.625,7.650000095367432,6.714693546295166,6077000.0
2018-01-23,DELTA.BK,7.650000095367432,7.75,7.650000095367432,7.699999809265137,6.758580207824707,9998000.0
2018-01-24,DELTA.BK,7.699999809265137,7.699999809265137,7.650000095367432,7.650000095367432,6.714693546295166,8123000.0
2018-01-25,DELTA.BK,7.650000095367432,7.724999904632568,7.650000095367432,7.675000190734863,6.736637592315674,9456000.0
2018-01-26,DELTA.BK,7.650000095367432,7.675000190734863,7.574999809265137,7.599999904632568,6.670805931091309,20293000.0
2018-01-29,DELTA.BK,7.599999904632568,7.699999809265137,7.599999904632568,7.650000095367432,6.714693546295166,18357000.0
2018-01-30,DELTA.BK,7.650000095367432,7.75,7.574999809265137,7.75,6.802467346191406,8854000.0
2018-01-31,DELTA.BK,7.724999904632568,7.75,7.650000095367432,7.699999809265137,6.758580207824707,9077000.0
2018-02-01,DELTA.BK,7.699999809265137,7.699999809265137,7.400000095367432,7.400000095367432,6.4952592849731445,21053000.0
2018-02-02,DELTA.BK,7.400000095367432,7.400000095367432,7.25,7.25,6.363598823547363,9049000.0
2018-02-05,DELTA.BK,7.300000190734863,7.349999904632568,7.275000095367432,7.300000190734863,6.4074859619140625,11699000.0
2018-02-06,DELTA.BK,7.275000095367432,7.275000095367432,7.125,7.199999809265137,6.319711208343506,9003000.0
2018-02-07,DELTA.BK,7.300000190734863,7.300000190734863,7.199999809265137,7.199999809265137,6.319711208343506,6531000.0
2018-02-08,DELTA.BK,7.199999809265137,7.25,7.175000190734863,7.175000190734863,6.297768592834473,10466000.0
2018-02-09,DELTA.BK,7.199999809265137,7.275000095367432,7.125,7.150000095367432,6.275825023651123,7318000.0
2018-02-12,DELTA.BK,7.150000095367432,7.275000095367432,7.150000095367432,7.150000095367432,6.275825023651123,5084000.0
2018-02-13,DELTA.BK,7.199999809265137,7.324999809265137,7.199999809265137,7.25,6.363598823547363,6631000.0
2018-02-14,DELTA.BK,7.25,7.275000095367432,7.175000190734863,7.224999904632568,6.341655254364014,5059000.0
2018-02-15,DELTA.BK,7.224999904632568,7.25,7.175000190734863,7.199999809265137,6.319711208343506,1635000.0
2018-02-16,DELTA.BK,7.224999904632568,7.25,7.125,7.175000190734863,6.297768592834473,5822000.0
2018-02-19,DELTA.BK,7.175000190734863,7.199999809265137,7.150000095367432,7.199999809265137,6.319711208343506,3853000.0
2018-02-20,DELTA.BK,7.175000190734863,7.25,7.125,7.125,6.253881454467773,5807000.0
2018-02-21,DELTA.BK,7.125,7.150000095367432,6.824999809265137,6.824999809265137,5.990560054779053,13884000.0
2018-02-22,DELTA.BK,6.900000095367432,6.900000095367432,6.800000190734863,6.849999904632568,6.012503623962402,7080000.0
2018-02-23,DELTA.BK,6.849999904632568,6.925000190734863,6.800000190734863,6.800000190734863,5.968616485595703,7787000.0
2018-02-26,DELTA.BK,6.800000190734863,6.824999809265137,6.449999809265137,6.525000095367432,5.727238178253174,19937000.0
2018-02-27,DELTA.BK,6.599999904632568,6.699999809265137,6.574999809265137,6.675000190734863,5.85890007019043,21387000.0
2018-02-28,DELTA.BK,6.75,6.949999809265137,6.75,6.800000190734863,5.968616485595703,31422000.0
2018-03-02,DELTA.BK,6.875,7.025000095367432,6.75,6.949999809265137,6.100276470184326,24423000.0
2018-03-05,DELTA.BK,6.949999809265137,6.949999809265137,6.75,6.900000095367432,6.056389808654785,13483000.0
2018-03-06,DELTA.BK,6.650000095367432,6.650000095367432,6.650000095367432,6.650000095367432,5.836955547332764,1564000.0
2018-03-07,DELTA.BK,6.650000095367432,6.849999904632568,6.650000095367432,6.699999809265137,5.880842208862305,15474000.0
2018-03-08,DELTA.BK,6.474999904632568,6.599999904632568,6.474999904632568,6.599999904632568,5.989748001098633,6770000.0
2018-03-09,DELTA.BK,6.650000095367432,6.650000095367432,6.550000190734863,6.574999809265137,5.967059135437012,3803000.0
2018-03-12,DELTA.BK,6.699999809265137,6.699999809265137,6.625,6.625,6.0124359130859375,7418000.0
2018-03-13,DELTA.BK,6.699999809265137,6.800000190734863,6.650000095367432,6.775000095367432,6.148567199707031,14709000.0
2018-03-14,DELTA.BK,6.699999809265137,6.724999904632568,6.574999809265137,6.599999904632568,5.989748001098633,11676000.0
2018-03-15,DELTA.BK,6.599999904632568,6.650000095367432,6.550000190734863,6.550000190734863,5.944370746612549,9223000.0
2018-03-16,DELTA.BK,6.625,6.625,6.550000190734863,6.599999904632568,5.989748001098633,16296000.0
2018-03-19,DELTA.BK,6.625,6.650000095367432,6.574999809265137,6.574999809265137,5.967059135437012,4421000.0
2018-03-20,DELTA.BK,6.599999904632568,6.699999809265137,6.574999809265137,6.599999904632568,5.989748001098633,5054000.0
2018-03-21,DELTA.BK,6.599999904632568,6.699999809265137,6.574999809265137,6.650000095367432,6.0351243019104,4802000.0
2018-03-22,DELTA.BK,6.699999809265137,6.824999809265137,6.650000095367432,6.775000095367432,6.148567199707031,9419000.0
2018-03-23,DELTA.BK,6.699999809265137,6.775000095367432,6.599999904632568,6.599999904632568,5.989748001098633,9246000.0
2018-03-26,DELTA.BK,6.675000190734863,6.675000190734863,6.550000190734863,6.550000190734863,5.944370746612549,4721000.0
2018-03-27,DELTA.BK,6.574999809265137,6.650000095367432,6.550000190734863,6.599999904632568,5.989748001098633,3946000.0
2018-03-28,DELTA.BK,6.625,6.675000190734863,6.574999809265137,6.625,6.0124359130859375,4838000.0
2018-03-29,DELTA.BK,6.625,6.625,6.550000190734863,6.625,6.0124359130859375,5429000.0
2018-03-30,DELTA.BK,6.699999809265137,6.800000190734863,6.599999904632568,6.800000190734863,6.171255588531494,5819000.0
2018-04-02,DELTA.BK,6.800000190734863,6.800000190734863,6.724999904632568,6.800000190734863,6.171255588531494,4225000.0
2018-04-03,DELTA.BK,6.775000095367432,6.824999809265137,6.724999904632568,6.75,6.12587833404541,8267000.0
2018-04-04,DELTA.BK,6.800000190734863,6.824999809265137,6.75,6.775000095367432,6.148567199707031,10047000.0
2018-04-05,DELTA.BK,6.800000190734863,6.900000095367432,6.775000095367432,6.849999904632568,6.21663236618042,9738000.0
2018-04-09,DELTA.BK,6.824999809265137,6.849999904632568,6.650000095367432,6.699999809265137,6.080500602722168,15658000.0
2018-04-10,DELTA.BK,6.800000190734863,7.0,6.775000095367432,7.0,6.352762699127197,15759000.0
2018-04-11,DELTA.BK,7.0,7.050000190734863,6.925000190734863,6.949999809265137,6.307385444641113,10340000.0
2018-04-12,DELTA.BK,6.949999809265137,7.0,6.925000190734863,6.949999809265137,6.307385444641113,6890000.0
2018-04-17,DELTA.BK,7.0,7.050000190734863,6.875,6.900000095367432,6.262008190155029,11965000.0
2018-04-18,DELTA.BK,6.925000190734863,7.099999904632568,6.900000095367432,7.099999904632568,6.443515777587891,7167000.0
2018-04-19,DELTA.BK,7.125,7.199999809265137,7.050000190734863,7.175000190734863,6.511581897735596,10807000.0
2018-04-20,DELTA.BK,7.199999809265137,7.375,7.125,7.275000095367432,6.602335453033447,12231000.0
2018-04-23,DELTA.BK,7.300000190734863,7.400000095367432,7.275000095367432,7.324999809265137,6.647712230682373,14340000.0
2018-04-24,DELTA.BK,7.425000190734863,7.449999809265137,7.224999904632568,7.224999904632568,6.5569586753845215,12506000.0
2018-04-25,DELTA.BK,7.25,7.349999904632568,7.199999809265137,7.349999904632568,6.670400619506836,5970000.0
2018-04-26,DELTA.BK,7.324999809265137,7.400000095367432,7.175000190734863,7.175000190734863,6.511581897735596,10319000.0
2018-04-27,DELTA.BK,7.150000095367432,7.150000095367432,6.824999809265137,6.849999904632568,6.21663236618042,21802000.0
2018-04-30,DELTA.BK,6.849999904632568,6.875,6.574999809265137,6.724999904632568,6.103189468383789,23873000.0
2018-05-02,DELTA.BK,6.724999904632568,6.75,6.5,6.650000095367432,6.0351243019104,21146000.0
2018-05-03,DELTA.BK,6.625,6.675000190734863,6.449999809265137,6.599999904632568,5.989748001098633,30147000.0
2018-05-04,DELTA.BK,6.5,6.550000190734863,6.425000190734863,6.449999809265137,5.853617191314697,35835000.0
2018-05-07,DELTA.BK,6.474999904632568,6.525000095367432,6.425000190734863,6.425000190734863,5.830928325653076,14660000.0
2018-05-08,DELTA.BK,6.449999809265137,6.574999809265137,6.425000190734863,6.574999809265137,5.967059135437012,28641000.0
2018-05-09,DELTA.BK,6.574999809265137,6.574999809265137,6.525000095367432,6.525000095367432,5.921681880950928,18800000.0
2018-05-10,DELTA.BK,6.5,6.574999809265137,6.474999904632568,6.525000095367432,5.921681880950928,21016000.0
2018-05-11,DELTA.BK,6.525000095367432,6.550000190734863,6.449999809265137,6.550000190734863,5.944370746612549,12582000.0
2018-05-14,DELTA.BK,6.574999809265137,6.574999809265137,6.449999809265137,6.5,5.898993492126465,11755000.0
2018-05-15,DELTA.BK,6.525000095367432,6.525000095367432,6.349999904632568,6.474999904632568,5.876304626464844,18022000.0
2018-05-16,DELTA.BK,6.449999809265137,6.574999809265137,6.400000095367432,6.425000190734863,5.830928325653076,14541000.0
2018-05-17,DELTA.BK,6.425000190734863,6.5,6.349999904632568,6.349999904632568,5.762862682342529,10360000.0
2018-05-18,DELTA.BK,6.324999809265137,6.400000095367432,6.275000095367432,6.300000190734863,5.717486381530762,20343000.0
2018-05-21,DELTA.BK,6.349999904632568,6.400000095367432,6.300000190734863,6.300000190734863,5.717486381530762,4944000.0
2018-05-22,DELTA.BK,6.324999809265137,6.550000190734863,6.324999809265137,6.474999904632568,5.876304626464844,13423000.0
2018-05-23,DELTA.BK,6.550000190734863,6.550000190734863,6.449999809265137,6.474999904632568,5.876304626464844,7080000.0
2018-05-24,DELTA.BK,6.5,6.625,6.474999904632568,6.625,6.0124359130859375,22951000.0
2018-05-25,DELTA.BK,6.574999809265137,6.75,6.574999809265137,6.724999904632568,6.103189468383789,25763000.0
2018-05-28,DELTA.BK,6.699999809265137,6.699999809265137,6.550000190734863,6.574999809265137,5.967059135437012,8029000.0
2018-05-30,DELTA.BK,6.525000095367432,6.574999809265137,6.449999809265137,6.449999809265137,5.853617191314697,10482000.0
2018-05-31,DELTA.BK,6.425000190734863,6.550000190734863,6.425000190734863,6.449999809265137,5.853617191314697,20630000.0
2018-06-01,DELTA.BK,6.5,6.550000190734863,6.474999904632568,6.525000095367432,5.921681880950928,8086000.0
2018-06-04,DELTA.BK,6.5,6.525000095367432,6.474999904632568,6.5,5.898993492126465,5861000.0
2018-06-05,DELTA.BK,6.525000095367432,6.550000190734863,6.400000095367432,6.474999904632568,5.876304626464844,8957000.0
2018-06-06,DELTA.BK,6.474999904632568,6.474999904632568,6.400000095367432,6.400000095367432,5.808239936828613,9271000.0
2018-06-07,DELTA.BK,6.400000095367432,6.474999904632568,6.400000095367432,6.425000190734863,5.830928325653076,5091000.0
2018-06-08,DELTA.BK,6.449999809265137,6.550000190734863,6.425000190734863,6.550000190734863,5.944370746612549,8807000.0
2018-06-11,DELTA.BK,6.550000190734863,6.550000190734863,6.400000095367432,6.400000095367432,5.808239936828613,20361000.0
2018-06-12,DELTA.BK,6.425000190734863,6.449999809265137,6.400000095367432,6.425000190734863,5.830928325653076,3393000.0
2018-06-13,DELTA.BK,6.474999904632568,6.474999904632568,6.375,6.425000190734863,5.830928325653076,4140000.0
2018-06-14,DELTA.BK,6.425000190734863,6.449999809265137,6.375,6.449999809265137,5.853617191314697,10232000.0
2018-06-15,DELTA.BK,6.400000095367432,6.449999809265137,6.099999904632568,6.099999904632568,5.5359787940979,41141000.0
2018-06-18,DELTA.BK,6.125,6.199999809265137,5.949999809265137,6.0,5.445224761962891,16080000.0
2018-06-19,DELTA.BK,6.050000190734863,6.125,6.0,6.050000190734863,5.490601539611816,14061000.0
2018-06-20,DELTA.BK,6.099999904632568,6.099999904632568,6.0,6.074999809265137,5.513289451599121,9507000.0
2018-06-21,DELTA.BK,6.050000190734863,6.050000190734863,6.0,6.050000190734863,5.490601539611816,4602000.0
2018-06-22,DELTA.BK,6.050000190734863,6.050000190734863,6.0,6.0,5.445224761962891,4140000.0
2018-06-25,DELTA.BK,6.050000190734863,6.074999809265137,5.949999809265137,5.949999809265137,5.399847984313965,16035000.0
2018-06-26,DELTA.BK,5.925000190734863,5.974999904632568,5.675000190734863,5.675000190734863,5.150275707244873,19945000.0
2018-06-27,DELTA.BK,5.675000190734863,5.724999904632568,5.599999904632568,5.625,5.104897975921631,16567000.0
2018-06-28,DELTA.BK,5.599999904632568,5.724999904632568,5.550000190734863,5.550000190734863,5.036832809448242,13948000.0
2018-06-29,DELTA.BK,5.550000190734863,6.050000190734863,5.550000190734863,5.849999904632568,5.309093952178955,81893000.0
2018-07-02,DELTA.BK,5.824999809265137,5.925000190734863,5.775000095367432,5.925000190734863,5.377159595489502,32333000.0
2018-07-03,DELTA.BK,5.849999904632568,6.0,5.800000190734863,5.974999904632568,5.4225358963012695,12834000.0
2018-07-04,DELTA.BK,5.900000095367432,6.099999904632568,5.900000095367432,6.074999809265137,5.513289451599121,13982000.0
2018-07-05,DELTA.BK,6.074999809265137,6.150000095367432,5.849999904632568,5.949999809265137,5.399847984313965,8995000.0
2018-07-06,DELTA.BK,5.949999809265137,6.175000190734863,5.949999809265137,6.125,5.558666706085205,16954000.0
2018-07-09,DELTA.BK,6.175000190734863,6.199999809265137,6.074999809265137,6.199999809265137,5.6267313957214355,6521000.0
2018-07-10,DELTA.BK,6.224999904632568,6.224999904632568,5.824999809265137,6.099999904632568,5.5359787940979,22673000.0
2018-07-11,DELTA.BK,6.0,6.125,5.949999809265137,6.0,5.445224761962891,16042000.0
2018-07-12,DELTA.BK,6.025000095367432,6.199999809265137,6.0,6.150000095367432,5.581355571746826,21109000.0
2018-07-13,DELTA.BK,6.199999809265137,6.275000095367432,6.150000095367432,6.275000095367432,5.694797992706299,16350000.0
2018-07-16,DELTA.BK,6.175000190734863,6.349999904632568,6.150000095367432,6.324999809265137,5.740173816680908,12895000.0
2018-07-17,DELTA.BK,6.324999809265137,6.474999904632568,6.324999809265137,6.400000095367432,5.808239936828613,18602000.0
2018-07-18,DELTA.BK,6.425000190734863,6.449999809265137,6.300000190734863,6.375,5.78555154800415,10939000.0
2018-07-19,DELTA.BK,6.525000095367432,6.675000190734863,6.525000095367432,6.650000095367432,6.0351243019104,23592000.0
2018-07-20,DELTA.BK,6.650000095367432,6.800000190734863,6.574999809265137,6.75,6.12587833404541,34908000.0
2018-07-23,DELTA.BK,6.675000190734863,6.800000190734863,6.675000190734863,6.699999809265137,6.080500602722168,15365000.0
2018-07-24,DELTA.BK,6.724999904632568,6.849999904632568,6.724999904632568,6.775000095367432,6.148567199707031,12865000.0
2018-07-25,DELTA.BK,6.800000190734863,6.800000190734863,6.675000190734863,6.724999904632568,6.103189468383789,29687000.0
2018-07-26,DELTA.BK,6.75,6.875,6.724999904632568,6.849999904632568,6.21663236618042,30529000.0
2018-07-31,DELTA.BK,6.900000095367432,7.050000190734863,6.875,6.974999904632568,6.330073833465576,40245000.0
2018-08-01,DELTA.BK,7.0,7.125,7.0,7.074999809265137,6.420827388763428,48843000.0
2018-08-02,DELTA.BK,7.074999809265137,7.099999904632568,7.0,7.074999809265137,6.420827388763428,29096000.0
2018-08-03,DELTA.BK,7.074999809265137,7.099999904632568,7.0,7.050000190734863,6.398139476776123,35959000.0
2018-08-06,DELTA.BK,7.074999809265137,7.074999809265137,7.0,7.0,6.352762699127197,22003000.0
2018-08-07,DELTA.BK,7.0,7.050000190734863,7.0,7.050000190734863,6.398139476776123,24686000.0
2018-08-08,DELTA.BK,7.050000190734863,7.050000190734863,6.949999809265137,7.0,6.352762699127197,17471000.0
2018-08-09,DELTA.BK,7.025000095367432,7.050000190734863,7.0,7.050000190734863,6.398139476776123,10810000.0
2018-08-10,DELTA.BK,7.050000190734863,7.050000190734863,7.0,7.025000095367432,6.37545108795166,7828000.0
2018-08-14,DELTA.BK,7.025000095367432,7.050000190734863,7.0,7.050000190734863,6.398139476776123,8937000.0
2018-08-15,DELTA.BK,7.0,7.025000095367432,7.0,7.025000095367432,6.37545108795166,13283000.0
2018-08-16,DELTA.BK,7.0,7.025000095367432,6.974999904632568,7.0,6.352762699127197,10016000.0
2018-08-17,DELTA.BK,7.0,7.0,6.974999904632568,6.974999904632568,6.330073833465576,11126000.0
2018-08-20,DELTA.BK,7.0,7.0,6.925000190734863,6.949999809265137,6.307385444641113,8350000.0
2018-08-21,DELTA.BK,6.949999809265137,6.974999904632568,6.949999809265137,6.949999809265137,6.307385444641113,10949000.0
2018-08-22,DELTA.BK,6.949999809265137,6.974999904632568,6.900000095367432,6.925000190734863,6.284697532653809,8289000.0
2018-08-23,DELTA.BK,6.974999904632568,6.974999904632568,6.949999809265137,6.974999904632568,6.330073833465576,5450000.0
2018-08-24,DELTA.BK,6.949999809265137,6.974999904632568,6.900000095367432,6.949999809265137,6.307385444641113,8360000.0
2018-08-27,DELTA.BK,6.974999904632568,6.974999904632568,6.949999809265137,6.974999904632568,6.330073833465576,4998000.0
2018-08-28,DELTA.BK,6.974999904632568,7.0,6.949999809265137,7.0,6.352762699127197,5278000.0
2018-08-29,DELTA.BK,7.0,7.0,6.949999809265137,6.974999904632568,6.330073833465576,4459000.0
2018-08-30,DELTA.BK,7.0,7.0,6.974999904632568,6.974999904632568,6.330073833465576,5312000.0
2018-08-31,DELTA.BK,6.949999809265137,6.974999904632568,6.949999809265137,6.974999904632568,6.330073833465576,9076000.0
2018-09-03,DELTA.BK,6.949999809265137,7.0,6.949999809265137,6.949999809265137,6.307385444641113,12304000.0
2018-09-04,DELTA.BK,6.949999809265137,6.974999904632568,6.949999809265137,6.974999904632568,6.330073833465576,6252000.0
2018-09-05,DELTA.BK,6.949999809265137,6.974999904632568,6.949999809265137,6.974999904632568,6.330073833465576,6976000.0
2018-09-06,DELTA.BK,6.974999904632568,6.974999904632568,6.925000190734863,6.949999809265137,6.307385444641113,12134000.0
2018-09-07,DELTA.BK,6.925000190734863,6.949999809265137,6.925000190734863,6.949999809265137,6.307385444641113,8629000.0
2018-09-10,DELTA.BK,6.925000190734863,6.974999904632568,6.900000095367432,6.974999904632568,6.330073833465576,17304000.0
2018-09-11,DELTA.BK,6.974999904632568,6.974999904632568,6.925000190734863,6.974999904632568,6.330073833465576,6416000.0
2018-09-12,DELTA.BK,6.949999809265137,6.974999904632568,6.925000190734863,6.974999904632568,6.330073833465576,4334000.0
2018-09-13,DELTA.BK,6.949999809265137,7.0,6.925000190734863,7.0,6.352762699127197,22216000.0
2018-09-14,DELTA.BK,6.949999809265137,6.974999904632568,6.925000190734863,6.974999904632568,6.330073833465576,12325000.0
2018-09-17,DELTA.BK,6.949999809265137,6.949999809265137,6.925000190734863,6.925000190734863,6.284697532653809,4747000.0
2018-09-18,DELTA.BK,6.925000190734863,6.949999809265137,6.900000095367432,6.925000190734863,6.284697532653809,9542000.0
2018-09-19,DELTA.BK,6.925000190734863,6.949999809265137,6.900000095367432,6.949999809265137,6.307385444641113,5458000.0
2018-09-20,DELTA.BK,6.925000190734863,6.949999809265137,6.925000190734863,6.949999809265137,6.307385444641113,6142000.0
2018-09-21,DELTA.BK,6.925000190734863,6.949999809265137,6.900000095367432,6.949999809265137,6.307385444641113,14100000.0
2018-09-24,DELTA.BK,6.925000190734863,6.949999809265137,6.925000190734863,6.949999809265137,6.307385444641113,3987000.0
2018-09-25,DELTA.BK,6.925000190734863,6.974999904632568,6.925000190734863,6.974999904632568,6.330073833465576,6856000.0
2018-09-26,DELTA.BK,6.974999904632568,6.974999904632568,6.925000190734863,6.925000190734863,6.284697532653809,5652000.0
2018-09-27,DELTA.BK,6.925000190734863,6.974999904632568,6.925000190734863,6.974999904632568,6.330073833465576,11477000.0
2018-09-28,DELTA.BK,6.974999904632568,6.974999904632568,6.949999809265137,6.974999904632568,6.330073833465576,11428000.0
2018-10-01,DELTA.BK,6.974999904632568,7.0,6.949999809265137,6.974999904632568,6.330073833465576,6085000.0
2018-10-02,DELTA.BK,6.949999809265137,6.974999904632568,6.925000190734863,6.949999809265137,6.307385444641113,12142000.0
2018-10-03,DELTA.BK,6.974999904632568,6.974999904632568,6.925000190734863,6.949999809265137,6.307385444641113,2746000.0
2018-10-04,DELTA.BK,6.974999904632568,6.974999904632568,6.949999809265137,6.974999904632568,6.330073833465576,8041000.0
2018-10-05,DELTA.BK,6.974999904632568,6.974999904632568,6.949999809265137,6.949999809265137,6.307385444641113,3298000.0
2018-10-08,DELTA.BK,6.949999809265137,6.974999904632568,6.949999809265137,6.949999809265137,6.307385444641113,8254000.0
2018-10-09,DELTA.BK,6.949999809265137,6.974999904632568,6.925000190734863,6.949999809265137,6.307385444641113,9989000.0
2018-10-10,DELTA.BK,6.974999904632568,6.974999904632568,6.925000190734863,6.974999904632568,6.330073833465576,8046000.0
2018-10-11,DELTA.BK,6.949999809265137,6.974999904632568,6.875,6.900000095367432,6.262008190155029,22167000.0
2018-10-12,DELTA.BK,6.900000095367432,6.949999809265137,6.900000095367432,6.949999809265137,6.307385444641113,10801000.0
2018-10-16,DELTA.BK,6.949999809265137,6.974999904632568,6.900000095367432,6.949999809265137,6.307385444641113,14909000.0
2018-10-17,DELTA.BK,6.949999809265137,6.949999809265137,6.900000095367432,6.900000095367432,6.262008190155029,3404000.0
2018-10-18,DELTA.BK,6.875,6.949999809265137,6.875,6.900000095367432,6.262008190155029,9197000.0
2018-10-19,DELTA.BK,6.900000095367432,6.925000190734863,6.875,6.925000190734863,6.284697532653809,5427000.0
2018-10-22,DELTA.BK,6.925000190734863,6.949999809265137,6.900000095367432,6.900000095367432,6.262008190155029,2375000.0
2018-10-24,DELTA.BK,6.900000095367432,6.925000190734863,6.800000190734863,6.800000190734863,6.171255588531494,13804000.0
2018-10-25,DELTA.BK,6.724999904632568,6.800000190734863,6.675000190734863,6.800000190734863,6.171255588531494,10154000.0
2018-10-26,DELTA.BK,6.849999904632568,6.849999904632568,6.699999809265137,6.75,6.12587833404541,3911000.0
2018-10-29,DELTA.BK,6.75,6.900000095367432,6.75,6.900000095367432,6.262008190155029,13238000.0
2018-10-30,DELTA.BK,6.800000190734863,6.900000095367432,6.800000190734863,6.900000095367432,6.262008190155029,7225000.0
2018-10-31,DELTA.BK,6.900000095367432,6.925000190734863,6.849999904632568,6.900000095367432,6.262008190155029,9905000.0
2018-11-01,DELTA.BK,6.875,6.949999809265137,6.849999904632568,6.925000190734863,6.284697532653809,9649000.0
2018-11-02,DELTA.BK,6.974999904632568,6.974999904632568,6.925000190734863,6.949999809265137,6.307385444641113,6925000.0
2018-11-05,DELTA.BK,6.900000095367432,6.949999809265137,6.900000095367432,6.949999809265137,6.307385444641113,3648000.0
2018-11-06,DELTA.BK,6.925000190734863,6.974999904632568,6.900000095367432,6.925000190734863,6.284697532653809,9525000.0
2018-11-07,DELTA.BK,6.925000190734863,6.949999809265137,6.849999904632568,6.925000190734863,6.284697532653809,14906000.0
2018-11-08,DELTA.BK,6.974999904632568,6.974999904632568,6.875,6.900000095367432,6.262008190155029,4052000.0
2018-11-09,DELTA.BK,6.849999904632568,6.925000190734863,6.849999904632568,6.900000095367432,6.262008190155029,2692000.0
2018-11-12,DELTA.BK,6.949999809265137,6.949999809265137,6.875,6.875,6.239320278167725,2429000.0
2018-11-13,DELTA.BK,6.824999809265137,6.900000095367432,6.824999809265137,6.875,6.239320278167725,5537000.0
2018-11-14,DELTA.BK,6.849999904632568,6.900000095367432,6.849999904632568,6.900000095367432,6.262008190155029,5369000.0
2018-11-15,DELTA.BK,6.900000095367432,6.900000095367432,6.849999904632568,6.849999904632568,6.21663236618042,5114000.0
2018-11-16,DELTA.BK,6.824999809265137,6.900000095367432,6.824999809265137,6.900000095367432,6.262008190155029,7578000.0
2018-11-19,DELTA.BK,6.900000095367432,6.900000095367432,6.875,6.900000095367432,6.262008190155029,5063000.0
2018-11-20,DELTA.BK,6.849999904632568,6.900000095367432,6.849999904632568,6.875,6.239320278167725,5542000.0
2018-11-21,DELTA.BK,6.849999904632568,6.900000095367432,6.849999904632568,6.875,6.239320278167725,3231000.0
2018-11-22,DELTA.BK,6.849999904632568,6.900000095367432,6.849999904632568,6.849999904632568,6.21663236618042,7989000.0
2018-11-23,DELTA.BK,6.849999904632568,6.900000095367432,6.824999809265137,6.900000095367432,6.262008190155029,7122000.0
2018-11-26,DELTA.BK,6.875,6.875,6.824999809265137,6.849999904632568,6.21663236618042,5567000.0
2018-11-27,DELTA.BK,6.824999809265137,6.900000095367432,6.824999809265137,6.900000095367432,6.262008190155029,6596000.0
2018-11-28,DELTA.BK,6.849999904632568,6.900000095367432,6.824999809265137,6.875,6.239320278167725,7106000.0
2018-11-29,DELTA.BK,6.900000095367432,6.925000190734863,6.849999904632568,6.900000095367432,6.262008190155029,9155000.0
2018-11-30,DELTA.BK,6.925000190734863,6.974999904632568,6.875,6.974999904632568,6.330073833465576,31046000.0
2018-12-03,DELTA.BK,7.0,7.025000095367432,6.925000190734863,6.949999809265137,6.307385444641113,13904000.0
2018-12-04,DELTA.BK,7.0,7.0,6.949999809265137,7.0,6.352762699127197,13693000.0
2018-12-06,DELTA.BK,6.949999809265137,7.0,6.925000190734863,6.974999904632568,6.330073833465576,16274000.0
2018-12-07,DELTA.BK,6.974999904632568,6.974999904632568,6.925000190734863,6.925000190734863,6.284697532653809,7151000.0
2018-12-11,DELTA.BK,6.925000190734863,7.0,6.925000190734863,7.0,6.352762699127197,8141000.0
2018-12-12,DELTA.BK,7.050000190734863,7.050000190734863,6.949999809265137,7.0,6.352762699127197,6884000.0
2018-12-13,DELTA.BK,6.974999904632568,7.0,6.949999809265137,7.0,6.352762699127197,6293000.0
2018-12-14,DELTA.BK,7.0,7.0,6.925000190734863,6.925000190734863,6.284697532653809,10975000.0
2018-12-17,DELTA.BK,6.949999809265137,6.974999904632568,6.900000095367432,6.925000190734863,6.284697532653809,4284000.0
2018-12-18,DELTA.BK,6.949999809265137,7.0,6.925000190734863,7.0,6.352762699127197,11619000.0
2018-12-19,DELTA.BK,7.0,7.0,6.949999809265137,7.0,6.352762699127197,12680000.0
2018-12-20,DELTA.BK,6.949999809265137,7.025000095367432,6.949999809265137,7.0,6.352762699127197,8631000.0
2018-12-21,DELTA.BK,6.949999809265137,7.0,6.949999809265137,6.974999904632568,6.330073833465576,16922000.0
2018-12-24,DELTA.BK,6.949999809265137,6.974999904632568,6.925000190734863,6.925000190734863,6.284697532653809,6395000.0
2018-12-25,DELTA.BK,6.900000095367432,6.974999904632568,6.900000095367432,6.949999809265137,6.307385444641113,5222000.0
2018-12-26,DELTA.BK,6.900000095367432,6.925000190734863,6.900000095367432,6.900000095367432,6.262008190155029,3789000.0
2018-12-27,DELTA.BK,6.974999904632568,6.974999904632568,6.849999904632568,6.875,6.239320278167725,15059000.0
2018-12-28,DELTA.BK,6.875,6.974999904632568,6.849999904632568,6.949999809265137,6.307385444641113,8909000.0
2019-01-02,DELTA.BK,6.974999904632568,6.974999904632568,6.900000095367432,6.900000095367432,6.262008190155029,2216000.0
2019-01-03,DELTA.BK,6.900000095367432,6.949999809265137,6.900000095367432,6.925000190734863,6.284697532653809,6884000.0
2019-01-04,DELTA.BK,6.900000095367432,6.925000190734863,6.875,6.875,6.239320278167725,8933000.0
2019-01-07,DELTA.BK,6.875,6.925000190734863,6.875,6.875,6.239320278167725,6083000.0
2019-01-08,DELTA.BK,6.875,6.900000095367432,6.875,6.875,6.239320278167725,4191000.0
2019-01-09,DELTA.BK,6.875,6.900000095367432,6.849999904632568,6.849999904632568,6.21663236618042,9586000.0
2019-01-10,DELTA.BK,6.824999809265137,6.925000190734863,6.800000190734863,6.900000095367432,6.262008190155029,10235000.0
2019-01-11,DELTA.BK,6.925000190734863,6.925000190734863,6.849999904632568,6.900000095367432,6.262008190155029,7060000.0
2019-01-14,DELTA.BK,6.900000095367432,6.925000190734863,6.875,6.900000095367432,6.262008190155029,6001000.0
2019-01-15,DELTA.BK,6.875,6.900000095367432,6.849999904632568,6.900000095367432,6.262008190155029,3246000.0
2019-01-16,DELTA.BK,6.900000095367432,6.900000095367432,6.875,6.900000095367432,6.262008190155029,2376000.0
2019-01-17,DELTA.BK,6.900000095367432,6.925000190734863,6.900000095367432,6.925000190734863,6.284697532653809,4309000.0
2019-01-18,DELTA.BK,6.949999809265137,6.949999809265137,6.900000095367432,6.925000190734863,6.284697532653809,11947000.0
2019-01-21,DELTA.BK,6.925000190734863,6.925000190734863,6.900000095367432,6.925000190734863,6.284697532653809,5923000.0
2019-01-22,DELTA.BK,6.925000190734863,6.949999809265137,6.900000095367432,6.925000190734863,6.284697532653809,6345000.0
2019-01-23,DELTA.BK,6.900000095367432,6.925000190734863,6.900000095367432,6.900000095367432,6.262008190155029,9698000.0
2019-01-24,DELTA.BK,6.925000190734863,6.925000190734863,6.900000095367432,6.925000190734863,6.284697532653809,5094000.0
2019-01-25,DELTA.BK,6.925000190734863,7.0,6.925000190734863,6.974999904632568,6.330073833465576,17394000.0
2019-01-28,DELTA.BK,6.974999904632568,6.974999904632568,6.900000095367432,6.949999809265137,6.307385444641113,22253000.0
2019-01-29,DELTA.BK,6.949999809265137,6.974999904632568,6.925000190734863,6.949999809265137,6.307385444641113,6546000.0
2019-01-30,DELTA.BK,6.949999809265137,6.974999904632568,6.925000190734863,6.974999904632568,6.330073833465576,10329000.0
2019-01-31,DELTA.BK,6.949999809265137,6.974999904632568,6.925000190734863,6.949999809265137,6.307385444641113,11784000.0
2019-02-01,DELTA.BK,6.974999904632568,6.974999904632568,6.949999809265137,6.974999904632568,6.330073833465576,6073000.0
2019-02-04,DELTA.BK,6.974999904632568,6.974999904632568,6.949999809265137,6.974999904632568,6.330073833465576,4713000.0
2019-02-05,DELTA.BK,6.949999809265137,6.974999904632568,6.949999809265137,6.949999809265137,6.307385444641113,2776000.0
2019-02-06,DELTA.BK,6.949999809265137,6.974999904632568,6.949999809265137,6.974999904632568,6.330073833465576,4817000.0
2019-02-07,DELTA.BK,6.949999809265137,6.974999904632568,6.925000190734863,6.949999809265137,6.307385444641113,10385000.0
2019-02-08,DELTA.BK,6.974999904632568,6.974999904632568,6.925000190734863,6.925000190734863,6.284697532653809,3730000.0
2019-02-11,DELTA.BK,6.925000190734863,6.949999809265137,6.925000190734863,6.925000190734863,6.284697532653809,2118000.0
2019-02-12,DELTA.BK,6.949999809265137,6.974999904632568,6.925000190734863,6.974999904632568,6.330073833465576,9841000.0
2019-02-13,DELTA.BK,6.974999904632568,7.324999809265137,6.974999904632568,7.099999904632568,6.443515777587891,21113000.0
2019-02-14,DELTA.BK,7.099999904632568,7.125,7.050000190734863,7.074999809265137,6.420827388763428,16002000.0
2019-02-15,DELTA.BK,7.074999809265137,7.125,7.050000190734863,7.099999904632568,6.443515777587891,28984000.0
2019-02-18,DELTA.BK,7.125,7.150000095367432,7.099999904632568,7.150000095367432,6.488893508911133,39290000.0
2019-02-20,DELTA.BK,7.199999809265137,7.199999809265137,7.150000095367432,7.175000190734863,6.511581897735596,91766000.0
2019-02-21,DELTA.BK,7.175000190734863,7.175000190734863,7.099999904632568,7.150000095367432,6.488893508911133,150575000.0
2019-02-22,DELTA.BK,7.150000095367432,7.224999904632568,7.125,7.224999904632568,6.5569586753845215,108895000.0
2019-02-25,DELTA.BK,7.199999809265137,7.275000095367432,7.199999809265137,7.275000095367432,6.602335453033447,55068000.0
2019-02-26,DELTA.BK,7.25,7.275000095367432,7.224999904632568,7.25,6.579646110534668,61867000.0
2019-02-27,DELTA.BK,7.25,7.275000095367432,7.25,7.25,6.579646110534668,11674000.0
2019-02-28,DELTA.BK,7.25,7.275000095367432,7.25,7.25,6.579646110534668,53094000.0
2019-03-01,DELTA.BK,7.050000190734863,7.050000190734863,7.025000095367432,7.025000095367432,6.5843329429626465,31512000.0
2019-03-04,DELTA.BK,7.025000095367432,7.050000190734863,7.025000095367432,7.025000095367432,6.5843329429626465,27791000.0
2019-03-05,DELTA.BK,7.025000095367432,7.050000190734863,7.025000095367432,7.025000095367432,6.5843329429626465,13776000.0
2019-03-06,DELTA.BK,7.025000095367432,7.074999809265137,7.025000095367432,7.025000095367432,6.5843329429626465,24135000.0
2019-03-07,DELTA.BK,7.025000095367432,7.099999904632568,7.025000095367432,7.050000190734863,6.607764720916748,28105000.0
2019-03-08,DELTA.BK,7.050000190734863,7.074999809265137,7.050000190734863,7.050000190734863,6.607764720916748,5423000.0
2019-03-11,DELTA.BK,7.074999809265137,7.074999809265137,7.050000190734863,7.050000190734863,6.607764720916748,35807000.0
2019-03-12,DELTA.BK,7.050000190734863,7.074999809265137,7.050000190734863,7.050000190734863,6.607764720916748,8430000.0
2019-03-13,DELTA.BK,7.050000190734863,7.074999809265137,7.050000190734863,7.050000190734863,6.607764720916748,14765000.0
2019-03-14,DELTA.BK,7.050000190734863,7.074999809265137,7.050000190734863,7.050000190734863,6.607764720916748,12877000.0
2019-03-15,DELTA.BK,7.050000190734863,7.074999809265137,7.025000095367432,7.050000190734863,6.607764720916748,72269000.0
2019-03-18,DELTA.BK,7.050000190734863,7.074999809265137,7.050000190734863,7.074999809265137,6.63119649887085,8344000.0
2019-03-19,DELTA.BK,7.050000190734863,7.074999809265137,7.050000190734863,7.074999809265137,6.63119649887085,8856000.0
2019-03-20,DELTA.BK,7.050000190734863,7.074999809265137,7.050000190734863,7.050000190734863,6.607764720916748,18215000.0
2019-03-21,DELTA.BK,7.074999809265137,7.074999809265137,7.050000190734863,7.050000190734863,6.607764720916748,23048000.0
2019-03-22,DELTA.BK,7.050000190734863,7.074999809265137,7.025000095367432,7.074999809265137,6.63119649887085,18478000.0
2019-03-25,DELTA.BK,7.050000190734863,7.074999809265137,7.025000095367432,7.050000190734863,6.607764720916748,35891000.0
2019-03-26,DELTA.BK,7.050000190734863,7.074999809265137,7.050000190734863,7.074999809265137,6.63119649887085,8945000.0
2019-03-27,DELTA.BK,7.050000190734863,7.099999904632568,7.050000190734863,7.074999809265137,6.63119649887085,16821000.0
2019-03-28,DELTA.BK,7.074999809265137,7.125,6.949999809265137,7.125,6.678060054779053,6669000.0
2019-03-29,DELTA.BK,7.099999904632568,7.099999904632568,7.025000095367432,7.099999904632568,6.654628276824951,3912000.0
2019-04-01,DELTA.BK,7.099999904632568,7.099999904632568,6.974999904632568,7.0,6.560901641845703,3378000.0
2019-04-02,DELTA.BK,7.0,7.074999809265137,6.974999904632568,7.025000095367432,6.5843329429626465,3350000.0
2019-04-03,DELTA.BK,6.974999904632568,7.0,6.75,6.824999809265137,6.396879196166992,10137000.0
2019-04-04,DELTA.BK,6.800000190734863,8.0,6.775000095367432,8.0,7.498173236846924,31496000.0
2019-04-05,DELTA.BK,7.25,7.849999904632568,7.199999809265137,7.800000190734863,7.310718536376953,24800000.0
2019-04-09,DELTA.BK,7.699999809265137,8.0,7.625,7.949999809265137,7.4513092041015625,19342000.0
2019-04-10,DELTA.BK,7.900000095367432,7.974999904632568,7.849999904632568,7.900000095367432,7.404445648193359,7482000.0
2019-04-11,DELTA.BK,7.849999904632568,7.900000095367432,7.75,7.800000190734863,7.310718536376953,7045000.0
2019-04-12,DELTA.BK,7.75,7.824999809265137,7.724999904632568,7.800000190734863,7.310718536376953,11984000.0
2019-04-17,DELTA.BK,7.800000190734863,7.949999809265137,7.800000190734863,7.824999809265137,7.334150314331055,16003000.0
2019-04-18,DELTA.BK,7.800000190734863,7.824999809265137,7.650000095367432,7.824999809265137,7.334150314331055,13310000.0
2019-04-19,DELTA.BK,7.75,7.75,7.550000190734863,7.550000190734863,7.0764007568359375,6739000.0
2019-04-22,DELTA.BK,7.525000095367432,7.550000190734863,7.449999809265137,7.474999904632568,7.006105422973633,6585000.0
2019-04-23,DELTA.BK,7.5,7.675000190734863,7.5,7.650000095367432,7.170127868652344,11446000.0
2019-04-24,DELTA.BK,7.724999904632568,7.724999904632568,7.599999904632568,7.650000095367432,7.170127868652344,8262000.0
2019-04-25,DELTA.BK,7.625,7.699999809265137,7.574999809265137,7.625,7.146696090698242,7700000.0
2019-04-26,DELTA.BK,7.574999809265137,7.574999809265137,7.300000190734863,7.300000190734863,6.84208345413208,11239000.0
2019-04-29,DELTA.BK,7.349999904632568,7.425000190734863,7.324999809265137,7.400000095367432,6.935810565948486,3166000.0
2019-04-30,DELTA.BK,7.400000095367432,7.5,7.349999904632568,7.474999904632568,7.006105422973633,8262000.0
2019-05-02,DELTA.BK,7.525000095367432,7.650000095367432,7.5,7.599999904632568,7.123263835906982,10322000.0
2019-05-03,DELTA.BK,7.5,7.599999904632568,7.400000095367432,7.425000190734863,6.95924186706543,5348000.0
2019-05-07,DELTA.BK,7.400000095367432,7.5,7.375,7.400000095367432,6.935810565948486,8529000.0
2019-05-08,DELTA.BK,7.400000095367432,7.449999809265137,7.300000190734863,7.425000190734863,6.95924186706543,5151000.0
2019-05-09,DELTA.BK,7.449999809265137,7.449999809265137,7.300000190734863,7.300000190734863,6.84208345413208,2462000.0
2019-05-10,DELTA.BK,7.375,7.400000095367432,7.25,7.275000095367432,6.81865119934082,5340000.0
2019-05-13,DELTA.BK,7.25,7.25,6.949999809265137,7.099999904632568,6.654628276824951,5215000.0
2019-05-14,DELTA.BK,7.125,7.125,6.550000190734863,6.599999904632568,6.185993194580078,18425000.0
2019-05-15,DELTA.BK,6.599999904632568,6.75,6.550000190734863,6.574999809265137,6.162560939788818,7448000.0
2019-05-16,DELTA.BK,6.574999809265137,6.875,6.550000190734863,6.650000095367432,6.232856273651123,9808000.0
2019-05-17,DELTA.BK,6.574999809265137,6.650000095367432,6.5,6.525000095367432,6.115697383880615,6405000.0
2019-05-21,DELTA.BK,6.5,6.675000190734863,6.275000095367432,6.275000095367432,5.8813796043396,23660000.0
2019-05-22,DELTA.BK,6.224999904632568,6.375,6.199999809265137,6.224999904632568,5.834515571594238,22449000.0
2019-05-23,DELTA.BK,6.199999809265137,6.224999904632568,5.800000190734863,5.824999809265137,5.459607124328613,25357000.0
2019-05-24,DELTA.BK,5.800000190734863,5.925000190734863,5.775000095367432,5.824999809265137,5.459607124328613,18521000.0
2019-05-27,DELTA.BK,5.800000190734863,5.849999904632568,5.599999904632568,5.699999809265137,5.342448711395264,27210000.0
2019-05-28,DELTA.BK,5.5,5.625,5.449999809265137,5.599999904632568,5.248720645904541,226573000.0
2019-05-29,DELTA.BK,5.699999809265137,5.849999904632568,5.599999904632568,5.724999904632568,5.365880012512207,31094000.0
2019-05-30,DELTA.BK,5.724999904632568,6.199999809265137,5.699999809265137,6.099999904632568,5.717357635498047,40498000.0
2019-05-31,DELTA.BK,6.050000190734863,6.550000190734863,6.0,6.349999904632568,5.951674938201904,23550000.0
2019-06-04,DELTA.BK,6.324999809265137,6.375,6.224999904632568,6.300000190734863,5.904811382293701,16047000.0
2019-06-05,DELTA.BK,6.300000190734863,6.349999904632568,6.224999904632568,6.300000190734863,5.904811382293701,12463000.0
2019-06-06,DELTA.BK,6.224999904632568,6.324999809265137,6.224999904632568,6.275000095367432,5.8813796043396,6627000.0
2019-06-07,DELTA.BK,6.275000095367432,6.324999809265137,6.199999809265137,6.224999904632568,5.834515571594238,6550000.0
2019-06-10,DELTA.BK,6.224999904632568,6.275000095367432,6.199999809265137,6.199999809265137,5.8110833168029785,7934000.0
2019-06-11,DELTA.BK,6.224999904632568,6.300000190734863,6.224999904632568,6.300000190734863,5.904811382293701,9932000.0
2019-06-12,DELTA.BK,6.275000095367432,6.349999904632568,6.224999904632568,6.224999904632568,5.834515571594238,6097000.0
2019-06-13,DELTA.BK,6.224999904632568,6.375,6.224999904632568,6.300000190734863,5.904811382293701,7586000.0
2019-06-14,DELTA.BK,6.275000095367432,6.349999904632568,6.275000095367432,6.324999809265137,5.9282426834106445,3330000.0
2019-06-17,DELTA.BK,6.324999809265137,6.400000095367432,6.275000095367432,6.275000095367432,5.8813796043396,4590000.0
2019-06-18,DELTA.BK,6.224999904632568,6.525000095367432,6.224999904632568,6.375,5.975106716156006,11208000.0
2019-06-19,DELTA.BK,6.425000190734863,6.775000095367432,6.425000190734863,6.675000190734863,6.256288528442383,18116000.0
2019-06-20,DELTA.BK,6.724999904632568,6.875,6.650000095367432,6.775000095367432,6.350015640258789,14392000.0
2019-06-21,DELTA.BK,6.75,6.925000190734863,6.724999904632568,6.849999904632568,6.420310974121094,30501000.0
2019-06-24,DELTA.BK,6.900000095367432,7.050000190734863,6.724999904632568,6.724999904632568,6.3031511306762695,13382000.0
2019-06-25,DELTA.BK,6.75,6.974999904632568,6.699999809265137,6.849999904632568,6.420310974121094,13909000.0
2019-06-26,DELTA.BK,6.800000190734863,6.925000190734863,6.800000190734863,6.875,6.443742752075195,7913000.0
2019-06-27,DELTA.BK,6.849999904632568,6.900000095367432,6.824999809265137,6.824999809265137,6.396879196166992,9472000.0
2019-06-28,DELTA.BK,6.775000095367432,6.824999809265137,6.699999809265137,6.800000190734863,6.373446941375732,8212000.0
2019-07-01,DELTA.BK,6.900000095367432,6.974999904632568,6.824999809265137,6.824999809265137,6.396879196166992,9256000.0
2019-07-02,DELTA.BK,6.824999809265137,6.824999809265137,6.724999904632568,6.775000095367432,6.350015640258789,5375000.0
2019-07-03,DELTA.BK,6.875,6.875,6.724999904632568,6.75,6.3265838623046875,5414000.0
2019-07-04,DELTA.BK,6.724999904632568,6.775000095367432,6.449999809265137,6.5,6.0922651290893555,6754000.0
2019-07-05,DELTA.BK,6.474999904632568,6.525000095367432,6.449999809265137,6.5,6.0922651290893555,4001000.0
2019-07-08,DELTA.BK,6.449999809265137,6.474999904632568,6.150000095367432,6.175000190734863,5.787652492523193,8370000.0
2019-07-09,DELTA.BK,6.074999809265137,6.150000095367432,5.949999809265137,6.0,5.623629570007324,14880000.0
2019-07-10,DELTA.BK,6.0,6.074999809265137,5.949999809265137,6.050000190734863,5.6704936027526855,10117000.0
2019-07-11,DELTA.BK,6.074999809265137,6.199999809265137,6.050000190734863,6.050000190734863,5.6704936027526855,7605000.0
2019-07-12,DELTA.BK,6.074999809265137,6.099999904632568,5.900000095367432,5.949999809265137,5.576766014099121,7048000.0
2019-07-15,DELTA.BK,5.974999904632568,6.125,5.949999809265137,6.050000190734863,5.6704936027526855,5317000.0
2019-07-17,DELTA.BK,6.025000095367432,6.050000190734863,5.949999809265137,5.974999904632568,5.600197792053223,5510000.0
2019-07-18,DELTA.BK,5.974999904632568,6.0,5.900000095367432,5.925000190734863,5.553334712982178,3726000.0
2019-07-19,DELTA.BK,6.0,6.0,5.824999809265137,5.849999904632568,5.483038902282715,7251000.0
2019-07-22,DELTA.BK,5.824999809265137,5.849999904632568,5.525000095367432,5.525000095367432,5.178426265716553,15753000.0
2019-07-23,DELTA.BK,5.574999809265137,5.650000095367432,5.525000095367432,5.525000095367432,5.178426265716553,9656000.0
2019-07-24,DELTA.BK,5.525000095367432,5.599999904632568,5.525000095367432,5.525000095367432,5.178426265716553,6209000.0
2019-07-25,DELTA.BK,5.550000190734863,5.699999809265137,5.375,5.400000095367432,5.061267375946045,18356000.0
2019-07-26,DELTA.BK,5.425000190734863,5.5,5.400000095367432,5.449999809265137,5.10813045501709,7992000.0
2019-07-30,DELTA.BK,5.449999809265137,5.474999904632568,5.400000095367432,5.449999809265137,5.10813045501709,3289000.0
2019-07-31,DELTA.BK,5.400000095367432,5.425000190734863,5.224999904632568,5.300000190734863,4.967540264129639,14112000.0
2019-08-01,DELTA.BK,5.25,5.324999809265137,5.074999809265137,5.074999809265137,4.756653308868408,12567000.0
2019-08-02,DELTA.BK,5.050000190734863,5.175000190734863,4.974999904632568,5.0,4.686358451843262,15760000.0
2019-08-05,DELTA.BK,5.0,5.074999809265137,4.949999809265137,5.0,4.686358451843262,5417000.0
2019-08-06,DELTA.BK,4.949999809265137,4.974999904632568,4.849999904632568,4.900000095367432,4.592630863189697,9030000.0
2019-08-07,DELTA.BK,4.900000095367432,5.0,4.900000095367432,5.0,4.686358451843262,10804000.0
2019-08-08,DELTA.BK,5.0,5.150000095367432,5.0,5.150000095367432,4.826948642730713,5673000.0
2019-08-09,DELTA.BK,5.150000095367432,5.25,5.025000095367432,5.050000190734863,4.733221530914307,7651000.0
2019-08-13,DELTA.BK,5.025000095367432,5.099999904632568,4.949999809265137,4.974999904632568,4.662925720214844,6126000.0
2019-08-14,DELTA.BK,5.0,5.099999904632568,4.949999809265137,5.099999904632568,4.780085563659668,8981000.0
2019-08-15,DELTA.BK,5.199999809265137,5.199999809265137,5.050000190734863,5.099999904632568,4.780085563659668,10141000.0
2019-08-16,DELTA.BK,5.050000190734863,5.099999904632568,5.025000095367432,5.099999904632568,4.780085563659668,5176000.0
2019-08-19,DELTA.BK,5.025000095367432,5.074999809265137,5.0,5.074999809265137,4.756653308868408,6132000.0
2019-08-20,DELTA.BK,5.025000095367432,5.099999904632568,4.974999904632568,5.025000095367432,4.709790229797363,6730000.0
2019-08-21,DELTA.BK,5.050000190734863,5.449999809265137,5.0,5.375,5.037834167480469,6549000.0
2019-08-22,DELTA.BK,5.25,5.25,5.099999904632568,5.150000095367432,4.826948642730713,12120000.0
2019-08-23,DELTA.BK,5.125,5.150000095367432,5.099999904632568,5.125,4.803516387939453,2299000.0
2019-08-26,DELTA.BK,5.050000190734863,5.050000190734863,4.949999809265137,5.0,4.686358451843262,3426000.0
2019-08-27,DELTA.BK,4.949999809265137,4.949999809265137,4.75,4.800000190734863,4.498903751373291,9368000.0
2019-08-28,DELTA.BK,4.775000095367432,4.800000190734863,4.625,4.650000095367432,4.358313083648682,6042000.0
2019-08-29,DELTA.BK,4.699999809265137,4.974999904632568,4.650000095367432,4.900000095367432,4.592630863189697,6895000.0
2019-08-30,DELTA.BK,4.849999904632568,4.925000190734863,4.824999809265137,4.875,4.569199085235596,10439000.0
2019-09-02,DELTA.BK,4.800000190734863,4.849999904632568,4.699999809265137,4.699999809265137,4.405176639556885,8722000.0
2019-09-03,DELTA.BK,4.699999809265137,4.724999904632568,4.574999809265137,4.574999809265137,4.288017272949219,7693000.0
2019-09-04,DELTA.BK,4.650000095367432,4.699999809265137,4.550000190734863,4.650000095367432,4.358313083648682,3522000.0
2019-09-05,DELTA.BK,4.699999809265137,4.800000190734863,4.675000190734863,4.75,4.452040672302246,9118000.0
2019-09-06,DELTA.BK,4.800000190734863,5.125,4.775000095367432,5.050000190734863,4.733221530914307,22441000.0
2019-09-09,DELTA.BK,5.0,5.0,4.800000190734863,4.824999809265137,4.522335529327393,12963000.0
2019-09-10,DELTA.BK,4.849999904632568,4.875,4.775000095367432,4.849999904632568,4.545767307281494,8160000.0
2019-09-11,DELTA.BK,4.875,5.025000095367432,4.849999904632568,5.0,4.686358451843262,15477000.0
2019-09-12,DELTA.BK,5.025000095367432,5.050000190734863,4.900000095367432,4.949999809265137,4.6394944190979,14578000.0
2019-09-13,DELTA.BK,4.974999904632568,5.025000095367432,4.925000190734863,4.974999904632568,4.662925720214844,5343000.0
2019-09-16,DELTA.BK,5.0,5.074999809265137,4.974999904632568,5.050000190734863,4.733221530914307,2860000.0
2019-09-17,DELTA.BK,5.099999904632568,5.175000190734863,5.074999809265137,5.074999809265137,4.756653308868408,18865000.0
2019-09-18,DELTA.BK,5.074999809265137,5.074999809265137,4.775000095367432,4.800000190734863,4.498903751373291,15678000.0
2019-09-19,DELTA.BK,4.824999809265137,4.875,4.724999904632568,4.800000190734863,4.498903751373291,4344000.0
2019-09-20,DELTA.BK,4.849999904632568,4.849999904632568,4.75,4.849999904632568,4.545767307281494,5472000.0
2019-09-23,DELTA.BK,4.875,4.949999809265137,4.849999904632568,4.900000095367432,4.592630863189697,2474000.0
2019-09-24,DELTA.BK,4.849999904632568,4.925000190734863,4.800000190734863,4.925000190734863,4.616063117980957,3511000.0
2019-09-25,DELTA.BK,4.925000190734863,4.974999904632568,4.875,4.949999809265137,4.6394944190979,2545000.0
2019-09-26,DELTA.BK,4.974999904632568,4.974999904632568,4.824999809265137,4.849999904632568,4.545767307281494,4442000.0
2019-09-27,DELTA.BK,4.824999809265137,4.974999904632568,4.800000190734863,4.974999904632568,4.662925720214844,6746000.0
2019-09-30,DELTA.BK,4.949999809265137,4.974999904632568,4.849999904632568,4.949999809265137,4.6394944190979,6084000.0
2019-10-01,DELTA.BK,4.900000095367432,4.925000190734863,4.849999904632568,4.849999904632568,4.545767307281494,2134000.0
2019-10-02,DELTA.BK,4.800000190734863,4.900000095367432,4.775000095367432,4.824999809265137,4.522335529327393,7481000.0
2019-10-03,DELTA.BK,4.800000190734863,5.0,4.75,5.0,4.686358451843262,9680000.0
2019-10-04,DELTA.BK,5.025000095367432,5.050000190734863,4.925000190734863,5.0,4.686358451843262,4850000.0
2019-10-07,DELTA.BK,5.0,5.099999904632568,4.925000190734863,5.074999809265137,4.756653308868408,5188000.0
2019-10-08,DELTA.BK,5.099999904632568,5.099999904632568,5.0,5.099999904632568,4.780085563659668,6215000.0
2019-10-09,DELTA.BK,5.074999809265137,5.099999904632568,5.0,5.099999904632568,4.780085563659668,4180000.0
2019-10-10,DELTA.BK,5.074999809265137,5.224999904632568,5.025000095367432,5.199999809265137,4.873811721801758,12333000.0
2019-10-11,DELTA.BK,5.199999809265137,5.300000190734863,5.175000190734863,5.25,4.920676231384277,7245000.0
2019-10-15,DELTA.BK,5.275000095367432,5.400000095367432,5.25,5.275000095367432,4.944108009338379,6973000.0
2019-10-16,DELTA.BK,5.275000095367432,5.349999904632568,5.074999809265137,5.099999904632568,4.780085563659668,8900000.0
2019-10-17,DELTA.BK,5.099999904632568,5.300000190734863,5.074999809265137,5.175000190734863,4.850380897521973,10724000.0
2019-10-18,DELTA.BK,5.175000190734863,5.324999809265137,5.150000095367432,5.150000095367432,4.826948642730713,26203000.0
2019-10-21,DELTA.BK,5.150000095367432,5.224999904632568,4.949999809265137,5.0,4.686358451843262,9235000.0
2019-10-22,DELTA.BK,5.025000095367432,5.050000190734863,4.949999809265137,5.025000095367432,4.709790229797363,5904000.0
2019-10-24,DELTA.BK,4.974999904632568,5.025000095367432,4.875,4.974999904632568,4.662925720214844,3347000.0
2019-10-25,DELTA.BK,4.900000095367432,4.925000190734863,4.824999809265137,4.900000095367432,4.592630863189697,5944000.0
2019-10-28,DELTA.BK,4.875,4.875,4.650000095367432,4.699999809265137,4.405176639556885,6828000.0
2019-10-29,DELTA.BK,4.5,4.550000190734863,4.224999904632568,4.25,3.9834046363830566,15053000.0
2019-10-30,DELTA.BK,4.224999904632568,4.300000190734863,4.199999809265137,4.300000190734863,4.03026819229126,11236000.0
2019-10-31,DELTA.BK,4.300000190734863,4.449999809265137,4.199999809265137,4.400000095367432,4.123995780944824,12158000.0
2019-11-01,DELTA.BK,4.349999904632568,4.5,4.25,4.449999809265137,4.170859336853027,7438000.0
2019-11-04,DELTA.BK,4.449999809265137,4.775000095367432,4.449999809265137,4.75,4.452040672302246,5770000.0
2019-11-05,DELTA.BK,4.625,4.675000190734863,4.574999809265137,4.599999904632568,4.3114495277404785,4851000.0
2019-11-06,DELTA.BK,4.525000095367432,4.824999809265137,4.525000095367432,4.650000095367432,4.358313083648682,5597000.0
2019-11-07,DELTA.BK,4.599999904632568,4.75,4.599999904632568,4.724999904632568,4.428607940673828,11449000.0
2019-11-08,DELTA.BK,4.724999904632568,4.775000095367432,4.724999904632568,4.724999904632568,4.428607940673828,7297000.0
2019-11-11,DELTA.BK,4.675000190734863,4.675000190734863,4.574999809265137,4.599999904632568,4.3114495277404785,5103000.0
2019-11-12,DELTA.BK,4.574999809265137,4.625,4.5,4.625,4.334881782531738,3543000.0
2019-11-13,DELTA.BK,4.550000190734863,4.574999809265137,4.449999809265137,4.5,4.217721462249756,5839000.0
2019-11-14,DELTA.BK,4.525000095367432,4.574999809265137,4.449999809265137,4.5,4.217721462249756,3589000.0
2019-11-15,DELTA.BK,4.5,4.550000190734863,4.474999904632568,4.550000190734863,4.264585971832275,3357000.0
2019-11-18,DELTA.BK,4.550000190734863,4.650000095367432,4.550000190734863,4.599999904632568,4.3114495277404785,3631000.0
2019-11-19,DELTA.BK,4.574999809265137,4.625,4.5,4.525000095367432,4.241154193878174,3266000.0
2019-11-20,DELTA.BK,4.425000190734863,4.5,4.375,4.400000095367432,4.123995780944824,5021000.0
2019-11-21,DELTA.BK,4.349999904632568,4.449999809265137,4.349999904632568,4.400000095367432,4.123995780944824,4713000.0
2019-11-22,DELTA.BK,4.400000095367432,4.474999904632568,4.400000095367432,4.449999809265137,4.170859336853027,2285000.0
2019-11-25,DELTA.BK,4.5,4.650000095367432,4.5,4.625,4.334881782531738,5444000.0
2019-11-26,DELTA.BK,4.650000095367432,4.675000190734863,4.550000190734863,4.675000190734863,4.381744861602783,3800000.0
2019-11-27,DELTA.BK,4.675000190734863,4.699999809265137,4.574999809265137,4.625,4.334881782531738,4624000.0
2019-11-28,DELTA.BK,4.675000190734863,4.699999809265137,4.574999809265137,4.625,4.334881782531738,3775000.0
2019-11-29,DELTA.BK,4.625,4.675000190734863,4.574999809265137,4.650000095367432,4.358313083648682,2650000.0
2019-12-02,DELTA.BK,4.675000190734863,4.824999809265137,4.650000095367432,4.775000095367432,4.4754719734191895,6565000.0
2019-12-03,DELTA.BK,4.775000095367432,4.800000190734863,4.699999809265137,4.775000095367432,4.4754719734191895,5039000.0
2019-12-04,DELTA.BK,4.775000095367432,4.800000190734863,4.650000095367432,4.75,4.452040672302246,7327000.0
2019-12-06,DELTA.BK,4.800000190734863,4.925000190734863,4.724999904632568,4.775000095367432,4.4754719734191895,4648000.0
2019-12-09,DELTA.BK,4.824999809265137,4.875,4.775000095367432,4.824999809265137,4.522335529327393,4089000.0
2019-12-11,DELTA.BK,4.775000095367432,4.849999904632568,4.75,4.775000095367432,4.4754719734191895,3742000.0
2019-12-12,DELTA.BK,4.824999809265137,4.849999904632568,4.75,4.75,4.452040672302246,8549000.0
2019-12-13,DELTA.BK,4.800000190734863,4.875,4.75,4.800000190734863,4.498903751373291,6958000.0
2019-12-16,DELTA.BK,4.724999904632568,4.800000190734863,4.625,4.625,4.334881782531738,2820000.0
2019-12-17,DELTA.BK,4.599999904632568,4.599999904632568,4.425000190734863,4.525000095367432,4.241154193878174,4625000.0
2019-12-18,DELTA.BK,4.550000190734863,4.599999904632568,4.5,4.574999809265137,4.288017272949219,2515000.0
2019-12-19,DELTA.BK,4.724999904632568,4.824999809265137,4.650000095367432,4.800000190734863,4.498903751373291,10920000.0
2019-12-20,DELTA.BK,4.775000095367432,4.974999904632568,4.775000095367432,4.824999809265137,4.522335529327393,15260000.0
2019-12-23,DELTA.BK,4.824999809265137,5.0,4.824999809265137,4.925000190734863,4.616063117980957,5344000.0
2019-12-24,DELTA.BK,4.974999904632568,5.099999904632568,4.949999809265137,5.025000095367432,4.709790229797363,6697000.0
2019-12-25,DELTA.BK,4.949999809265137,5.050000190734863,4.949999809265137,5.050000190734863,4.733221530914307,8687000.0
2019-12-26,DELTA.BK,4.974999904632568,5.275000095367432,4.974999904632568,5.275000095367432,4.944108009338379,8122000.0
2019-12-27,DELTA.BK,5.275000095367432,5.724999904632568,5.224999904632568,5.324999809265137,4.990970611572266,40291000.0
2019-12-30,DELTA.BK,5.300000190734863,5.449999809265137,5.25,5.349999904632568,5.014402389526367,11508000.0
2020-01-02,DELTA.BK,5.349999904632568,5.375,5.125,5.175000190734863,4.850380897521973,10778000.0
2020-01-03,DELTA.BK,5.150000095367432,5.300000190734863,5.150000095367432,5.150000095367432,4.826948642730713,9647000.0
2020-01-06,DELTA.BK,5.099999904632568,5.125,4.900000095367432,5.025000095367432,4.709790229797363,6337000.0
2020-01-07,DELTA.BK,5.050000190734863,5.125,4.974999904632568,5.0,4.686358451843262,6354000.0
2020-01-08,DELTA.BK,4.875,4.974999904632568,4.849999904632568,4.925000190734863,4.616063117980957,6263000.0
2020-01-09,DELTA.BK,5.050000190734863,5.349999904632568,5.050000190734863,5.300000190734863,4.967540264129639,12328000.0
2020-01-10,DELTA.BK,5.449999809265137,5.474999904632568,5.300000190734863,5.349999904632568,5.014402389526367,6004000.0
2020-01-13,DELTA.BK,5.400000095367432,5.5,5.324999809265137,5.474999904632568,5.13156270980835,12391000.0
2020-01-14,DELTA.BK,5.525000095367432,5.574999809265137,5.099999904632568,5.150000095367432,4.826948642730713,14973000.0
2020-01-15,DELTA.BK,5.199999809265137,5.199999809265137,5.099999904632568,5.199999809265137,4.873811721801758,5527000.0
2020-01-16,DELTA.BK,5.199999809265137,5.199999809265137,5.025000095367432,5.099999904632568,4.780085563659668,6710000.0
2020-01-17,DELTA.BK,5.150000095367432,5.349999904632568,5.099999904632568,5.275000095367432,4.944108009338379,19210000.0
2020-01-20,DELTA.BK,5.300000190734863,5.349999904632568,5.224999904632568,5.300000190734863,4.967540264129639,6211000.0
2020-01-21,DELTA.BK,5.349999904632568,5.349999904632568,5.275000095367432,5.349999904632568,5.014402389526367,7204000.0
2020-01-22,DELTA.BK,5.324999809265137,5.599999904632568,5.324999809265137,5.599999904632568,5.248720645904541,13988000.0
2020-01-23,DELTA.BK,5.550000190734863,5.625,5.300000190734863,5.349999904632568,5.014402389526367,13915000.0
2020-01-24,DELTA.BK,5.400000095367432,5.449999809265137,5.300000190734863,5.375,5.037834167480469,5354000.0
2020-01-27,DELTA.BK,5.324999809265137,5.449999809265137,5.300000190734863,5.425000190734863,5.084698677062988,15601000.0
2020-01-28,DELTA.BK,5.400000095367432,5.400000095367432,4.949999809265137,5.0,4.686358451843262,14156000.0
2020-01-29,DELTA.BK,5.050000190734863,5.300000190734863,5.0,5.199999809265137,4.873811721801758,8648000.0
2020-01-30,DELTA.BK,5.150000095367432,5.275000095367432,5.074999809265137,5.199999809265137,4.873811721801758,9562000.0
2020-01-31,DELTA.BK,5.099999904632568,5.525000095367432,5.099999904632568,5.525000095367432,5.178426265716553,13188000.0
2020-02-03,DELTA.BK,5.474999904632568,5.5,5.375,5.449999809265137,5.10813045501709,6970000.0
2020-02-04,DELTA.BK,5.474999904632568,5.5,5.375,5.5,5.154994010925293,7844000.0
2020-02-05,DELTA.BK,5.5,5.599999904632568,5.449999809265137,5.574999809265137,5.225289344787598,9306000.0
2020-02-06,DELTA.BK,5.525000095367432,5.824999809265137,5.525000095367432,5.650000095367432,5.295584678649902,14945000.0
2020-02-07,DELTA.BK,5.650000095367432,5.724999904632568,5.599999904632568,5.650000095367432,5.295584678649902,9303000.0
2020-02-11,DELTA.BK,5.675000190734863,5.724999904632568,5.625,5.675000190734863,5.319016456604004,3748000.0
2020-02-12,DELTA.BK,5.650000095367432,5.824999809265137,5.650000095367432,5.800000190734863,5.436175346374512,6212000.0
2020-02-13,DELTA.BK,5.800000190734863,5.949999809265137,5.699999809265137,5.900000095367432,5.529902458190918,12298000.0
2020-02-14,DELTA.BK,5.900000095367432,5.974999904632568,5.900000095367432,5.900000095367432,5.529902458190918,6899000.0
2020-02-17,DELTA.BK,5.875,6.050000190734863,5.875,6.050000190734863,5.6704936027526855,7168000.0
2020-02-18,DELTA.BK,5.974999904632568,6.0,5.425000190734863,5.474999904632568,5.13156270980835,16855000.0
2020-02-19,DELTA.BK,5.5,5.650000095367432,5.375,5.625,5.272153377532959,12121000.0
2020-02-20,DELTA.BK,5.75,5.75,5.599999904632568,5.675000190734863,5.319016456604004,4854000.0
2020-02-21,DELTA.BK,5.625,5.775000095367432,5.625,5.724999904632568,5.365880012512207,8807000.0
2020-02-24,DELTA.BK,5.675000190734863,5.675000190734863,5.349999904632568,5.375,5.037834167480469,9487000.0
2020-02-25,DELTA.BK,5.400000095367432,5.650000095367432,5.300000190734863,5.525000095367432,5.178426265716553,7660000.0
2020-02-26,DELTA.BK,5.550000190734863,5.599999904632568,5.375,5.449999809265137,5.10813045501709,5068000.0
2020-02-27,DELTA.BK,5.574999809265137,5.574999809265137,5.300000190734863,5.425000190734863,5.084698677062988,6848000.0
2020-02-28,DELTA.BK,5.025000095367432,5.150000095367432,4.875,5.0,4.847186088562012,7777000.0
2020-03-02,DELTA.BK,5.099999904632568,5.25,4.824999809265137,5.0,4.847186088562012,4697000.0
2020-03-03,DELTA.BK,5.0,5.099999904632568,4.824999809265137,4.900000095367432,4.750242710113525,6057000.0
2020-03-04,DELTA.BK,4.974999904632568,5.125,4.875,4.974999904632568,4.82295036315918,5562000.0
2020-03-05,DELTA.BK,4.900000095367432,5.150000095367432,4.875,5.0,4.847186088562012,7485000.0
2020-03-06,DELTA.BK,4.849999904632568,4.900000095367432,4.775000095367432,4.824999809265137,4.677534103393555,7413000.0
2020-03-09,DELTA.BK,4.974999904632568,5.099999904632568,4.5,4.574999809265137,4.43517541885376,8385000.0
2020-03-10,DELTA.BK,4.5,4.650000095367432,4.449999809265137,4.625,4.48364782333374,7819000.0
2020-03-11,DELTA.BK,4.550000190734863,4.599999904632568,4.275000095367432,4.324999809265137,4.192816257476807,7961000.0
2020-03-12,DELTA.BK,3.825000047683716,4.0,3.5,3.5999999046325684,3.4899742603302,12685000.0
2020-03-13,DELTA.BK,2.799999952316284,3.700000047683716,2.700000047683716,3.4749999046325684,3.3687944412231445,12287000.0
2020-03-16,DELTA.BK,3.25,3.450000047683716,2.950000047683716,3.125,3.029491424560547,8464000.0
2020-03-17,DELTA.BK,3.0250000953674316,3.2750000953674316,2.950000047683716,3.0,2.908311605453491,8990000.0
2020-03-18,DELTA.BK,3.049999952316284,3.2750000953674316,3.0,3.1500000953674316,3.053727388381958,6711000.0
2020-03-19,DELTA.BK,3.0250000953674316,3.299999952316284,3.0250000953674316,3.299999952316284,3.1991426944732666,6153000.0
2020-03-20,DELTA.BK,3.424999952316284,3.674999952316284,3.424999952316284,3.549999952316284,3.441502094268799,11588000.0
2020-03-23,DELTA.BK,3.375,3.5250000953674316,3.125,3.1500000953674316,3.053727388381958,8633000.0
2020-03-24,DELTA.BK,3.25,3.299999952316284,3.0,3.075000047683716,2.9810197353363037,10140000.0
2020-03-25,DELTA.BK,3.4000000953674316,3.4000000953674316,3.174999952316284,3.325000047683716,3.2233786582946777,5035000.0
2020-03-26,DELTA.BK,3.200000047683716,3.375,3.200000047683716,3.325000047683716,3.2233786582946777,4683000.0
2020-03-27,DELTA.BK,3.5,3.5250000953674316,3.4000000953674316,3.4749999046325684,3.3687944412231445,6020000.0
2020-03-30,DELTA.BK,3.375,3.375,3.375,3.375,3.271850824356079,562000.0
2020-03-31,DELTA.BK,3.375,3.5250000953674316,3.375,3.4000000953674316,3.2960867881774902,7845000.0
2020-04-01,DELTA.BK,3.4000000953674316,3.575000047683716,3.375,3.4000000953674316,3.2960867881774902,10630000.0
2020-04-02,DELTA.BK,3.450000047683716,3.5,3.375,3.4000000953674316,3.2960867881774902,6234000.0
2020-04-03,DELTA.BK,3.4000000953674316,3.450000047683716,3.325000047683716,3.3499999046325684,3.247615098953247,4660000.0
2020-04-07,DELTA.BK,3.5999999046325684,3.7249999046325684,3.5,3.674999952316284,3.5626814365386963,15336000.0
2020-04-08,DELTA.BK,3.674999952316284,3.674999952316284,3.549999952316284,3.6500000953674316,3.5384461879730225,7741000.0
2020-04-09,DELTA.BK,3.799999952316284,3.9000000953674316,3.7249999046325684,3.75,3.635389566421509,12305000.0
2020-04-10,DELTA.BK,3.799999952316284,3.9000000953674316,3.75,3.799999952316284,3.683861494064331,7632000.0
2020-04-13,DELTA.BK,3.75,3.825000047683716,3.700000047683716,3.7750000953674316,3.659625768661499,6548000.0
2020-04-14,DELTA.BK,3.825000047683716,3.9749999046325684,3.825000047683716,3.950000047683716,3.8292770385742188,14149000.0
2020-04-15,DELTA.BK,3.950000047683716,4.050000190734863,3.799999952316284,3.8499999046325684,3.7323334217071533,13291000.0
2020-04-16,DELTA.BK,3.924999952316284,3.924999952316284,3.799999952316284,3.825000047683716,3.708097457885742,6886000.0
2020-04-17,DELTA.BK,3.9000000953674316,3.924999952316284,3.799999952316284,3.924999952316284,3.8050410747528076,6663000.0
2020-04-20,DELTA.BK,3.924999952316284,4.150000095367432,3.924999952316284,4.074999809265137,3.9504568576812744,13947000.0
2020-04-21,DELTA.BK,4.0,4.074999809265137,3.875,4.0,3.87774920463562,10231000.0
2020-04-22,DELTA.BK,4.025000095367432,4.099999904632568,4.0,4.0,3.87774920463562,18623000.0
2020-04-23,DELTA.BK,4.025000095367432,4.125,4.025000095367432,4.025000095367432,3.9019851684570312,15402000.0
2020-04-24,DELTA.BK,4.074999809265137,4.074999809265137,3.875,3.9000000953674316,3.7808053493499756,10274000.0
2020-04-27,DELTA.BK,3.9749999046325684,4.224999904632568,3.950000047683716,4.150000095367432,4.023165225982666,19420000.0
2020-04-28,DELTA.BK,4.25,4.599999904632568,4.150000095367432,4.324999809265137,4.192816257476807,27965000.0
2020-04-29,DELTA.BK,4.425000190734863,4.574999809265137,4.400000095367432,4.5,4.3624677658081055,13454000.0
2020-04-30,DELTA.BK,4.574999809265137,4.599999904632568,4.375,4.474999904632568,4.338231563568115,17042000.0
2020-05-05,DELTA.BK,4.400000095367432,4.425000190734863,4.275000095367432,4.349999904632568,4.217051982879639,8038000.0
2020-05-07,DELTA.BK,4.375,4.574999809265137,4.349999904632568,4.474999904632568,4.338231563568115,13937000.0
2020-05-08,DELTA.BK,4.574999809265137,4.650000095367432,4.525000095367432,4.574999809265137,4.43517541885376,12923000.0
2020-05-11,DELTA.BK,4.599999904632568,4.675000190734863,4.574999809265137,4.599999904632568,4.45941162109375,7581000.0
2020-05-12,DELTA.BK,4.625,5.25,4.625,4.875,4.726006984710693,37128000.0
2020-05-13,DELTA.BK,4.900000095367432,5.300000190734863,4.900000095367432,5.199999809265137,5.041073322296143,27186000.0
2020-05-14,DELTA.BK,5.175000190734863,5.574999809265137,5.150000095367432,5.550000190734863,5.380377292633057,18240000.0
2020-05-15,DELTA.BK,5.599999904632568,5.900000095367432,5.574999809265137,5.900000095367432,5.719680309295654,27840000.0
2020-05-18,DELTA.BK,6.0,6.175000190734863,5.900000095367432,5.900000095367432,5.719680309295654,13013000.0
2020-05-19,DELTA.BK,6.050000190734863,6.050000190734863,5.75,5.849999904632568,5.671207904815674,15433000.0
2020-05-20,DELTA.BK,5.900000095367432,5.925000190734863,5.849999904632568,5.875,5.695444107055664,10666000.0
2020-05-21,DELTA.BK,5.849999904632568,5.925000190734863,5.849999904632568,5.849999904632568,5.671207904815674,10199000.0
2020-05-22,DELTA.BK,5.775000095367432,5.925000190734863,5.775000095367432,5.875,5.695444107055664,5452000.0
2020-05-25,DELTA.BK,5.949999809265137,6.0,5.800000190734863,6.0,5.816623210906982,3810000.0
2020-05-26,DELTA.BK,6.099999904632568,6.099999904632568,5.925000190734863,5.925000190734863,5.743916034698486,6531000.0
2020-05-27,DELTA.BK,6.0,6.0,5.824999809265137,5.875,5.695444107055664,4374000.0
2020-05-28,DELTA.BK,5.949999809265137,5.949999809265137,5.699999809265137,5.699999809265137,5.525792598724365,4851000.0
2020-05-29,DELTA.BK,5.699999809265137,5.775000095367432,5.199999809265137,5.5,5.331904888153076,13166000.0
2020-06-01,DELTA.BK,5.5,5.650000095367432,5.400000095367432,5.474999904632568,5.307669162750244,7548000.0
2020-06-02,DELTA.BK,5.550000190734863,5.675000190734863,5.5,5.675000190734863,5.501556396484375,5669000.0
2020-06-04,DELTA.BK,5.900000095367432,5.900000095367432,5.525000095367432,5.574999809265137,5.404612064361572,15704000.0
2020-06-05,DELTA.BK,5.625,5.625,5.449999809265137,5.550000190734863,5.380377292633057,7674000.0
2020-06-08,DELTA.BK,5.5,5.574999809265137,5.400000095367432,5.449999809265137,5.283433437347412,13636000.0
2020-06-09,DELTA.BK,5.474999904632568,5.675000190734863,5.474999904632568,5.474999904632568,5.307669162750244,13117000.0
2020-06-10,DELTA.BK,5.525000095367432,5.675000190734863,5.400000095367432,5.675000190734863,5.501556396484375,17011000.0
2020-06-11,DELTA.BK,5.699999809265137,5.824999809265137,5.599999904632568,5.824999809265137,5.646971702575684,20090000.0
2020-06-12,DELTA.BK,5.699999809265137,5.75,5.574999809265137,5.75,5.574264049530029,12079000.0
2020-06-15,DELTA.BK,5.599999904632568,5.675000190734863,5.349999904632568,5.525000095367432,5.356140613555908,8500000.0
2020-06-16,DELTA.BK,5.849999904632568,5.849999904632568,5.300000190734863,5.349999904632568,5.186488628387451,13842000.0
2020-06-17,DELTA.BK,5.199999809265137,5.400000095367432,5.199999809265137,5.324999809265137,5.162252902984619,12495000.0
2020-06-18,DELTA.BK,5.25,5.474999904632568,5.25,5.400000095367432,5.234961986541748,7600000.0
2020-06-19,DELTA.BK,5.425000190734863,5.425000190734863,5.224999904632568,5.224999904632568,5.065310001373291,10697000.0
2020-06-22,DELTA.BK,5.25,5.349999904632568,5.199999809265137,5.349999904632568,5.186488628387451,12428000.0
2020-06-23,DELTA.BK,5.400000095367432,5.425000190734863,5.275000095367432,5.300000190734863,5.138017654418945,5365000.0
2020-06-24,DELTA.BK,5.324999809265137,5.574999809265137,5.275000095367432,5.400000095367432,5.234961986541748,21632000.0
2020-06-25,DELTA.BK,5.300000190734863,5.474999904632568,5.25,5.400000095367432,5.234961986541748,11841000.0
2020-06-26,DELTA.BK,5.400000095367432,5.425000190734863,5.349999904632568,5.400000095367432,5.234961986541748,6940000.0
2020-06-29,DELTA.BK,5.324999809265137,5.375,5.199999809265137,5.375,5.2107253074646,19405000.0
2020-06-30,DELTA.BK,5.400000095367432,5.425000190734863,5.199999809265137,5.375,5.2107253074646,50468000.0
2020-07-01,DELTA.BK,5.400000095367432,5.824999809265137,5.400000095367432,5.800000190734863,5.62273645401001,30456000.0
2020-07-02,DELTA.BK,5.800000190734863,5.849999904632568,5.75,5.800000190734863,5.62273645401001,6289000.0
2020-07-03,DELTA.BK,5.849999904632568,5.875,5.775000095367432,5.849999904632568,5.671207904815674,8496000.0
2020-07-07,DELTA.BK,5.925000190734863,6.199999809265137,5.925000190734863,5.974999904632568,5.792387962341309,30261000.0
2020-07-08,DELTA.BK,6.0,6.050000190734863,5.875,5.875,5.695444107055664,9787000.0
2020-07-09,DELTA.BK,5.925000190734863,6.125,5.900000095367432,6.050000190734863,5.865095138549805,23371000.0
2020-07-10,DELTA.BK,6.099999904632568,6.949999809265137,6.099999904632568,6.949999809265137,6.737588882446289,82783000.0
2020-07-13,DELTA.BK,6.974999904632568,7.925000190734863,6.949999809265137,7.824999809265137,7.585846424102783,94474000.0
2020-07-14,DELTA.BK,8.25,8.274999618530273,7.400000095367432,7.599999904632568,7.367722988128662,68394000.0
2020-07-15,DELTA.BK,7.724999904632568,7.824999809265137,7.574999809265137,7.800000190734863,7.561610698699951,34755000.0
2020-07-16,DELTA.BK,7.800000190734863,7.824999809265137,7.599999904632568,7.800000190734863,7.561610698699951,20516000.0
2020-07-17,DELTA.BK,7.800000190734863,8.0,7.724999904632568,7.800000190734863,7.561610698699951,45872000.0
2020-07-20,DELTA.BK,7.824999809265137,7.974999904632568,7.724999904632568,7.974999904632568,7.73126220703125,28289000.0
2020-07-21,DELTA.BK,8.100000381469727,8.949999809265137,8.074999809265137,8.449999809265137,8.191743850708008,80339000.0
2020-07-22,DELTA.BK,8.649999618530273,9.175000190734863,8.574999809265137,8.725000381469727,8.45833969116211,90425000.0
2020-07-23,DELTA.BK,8.649999618530273,8.899999618530273,8.625,8.699999809265137,8.434103965759277,26940000.0
2020-07-24,DELTA.BK,8.850000381469727,9.350000381469727,8.75,9.0,8.724935531616211,61567000.0
2020-07-29,DELTA.BK,9.5,10.350000381469727,9.475000381469727,10.350000381469727,10.033676147460938,90615000.0
2020-07-30,DELTA.BK,11.350000381469727,11.899999618530273,10.949999809265137,11.899999618530273,11.536304473876953,124759000.0
2020-07-31,DELTA.BK,12.399999618530273,12.399999618530273,11.300000190734863,11.350000381469727,11.00311279296875,97185000.0
2020-08-03,DELTA.BK,11.0,12.300000190734863,10.600000381469727,12.300000190734863,11.924078941345215,120370000.0
2020-08-04,DELTA.BK,12.0,12.399999618530273,11.350000381469727,11.350000381469727,11.00311279296875,138041000.0
2020-08-05,DELTA.BK,11.550000190734863,11.850000381469727,11.350000381469727,11.649999618530273,11.293943405151367,61783000.0
2020-08-06,DELTA.BK,11.600000381469727,11.600000381469727,11.100000381469727,11.100000381469727,10.760754585266113,36440000.0
2020-08-07,DELTA.BK,11.25,11.699999809265137,11.149999618530273,11.350000381469727,11.00311279296875,48575000.0
2020-08-10,DELTA.BK,11.449999809265137,11.5,11.25,11.25,10.906169891357422,12361000.0
2020-08-11,DELTA.BK,11.350000381469727,11.5,10.800000190734863,10.949999809265137,10.615338325500488,32761000.0
2020-08-13,DELTA.BK,11.300000190734863,11.350000381469727,10.800000190734863,10.800000190734863,10.469923973083496,39526000.0
2020-08-14,DELTA.BK,10.899999618530273,11.149999618530273,10.300000190734863,10.300000190734863,9.985203742980957,28442000.0
2020-08-17,DELTA.BK,10.399999618530273,10.949999809265137,10.300000190734863,10.5,10.179091453552246,32758000.0
2020-08-18,DELTA.BK,10.350000381469727,11.149999618530273,10.350000381469727,11.050000190734863,10.712281227111816,30302000.0
2020-08-19,DELTA.BK,11.050000190734863,11.199999809265137,10.600000381469727,10.850000381469727,10.518394470214844,27198000.0
2020-08-20,DELTA.BK,10.600000381469727,11.050000190734863,10.600000381469727,10.800000190734863,10.469923973083496,16971000.0
2020-08-21,DELTA.BK,10.949999809265137,11.149999618530273,10.850000381469727,11.0,10.663809776306152,26646000.0
2020-08-24,DELTA.BK,11.199999809265137,12.5,11.0,12.399999618530273,12.021021842956543,79091000.0
2020-08-25,DELTA.BK,12.25,12.300000190734863,11.350000381469727,11.399999618530273,11.05158519744873,70191000.0
2020-08-26,DELTA.BK,11.5,11.800000190734863,11.350000381469727,11.649999618530273,11.293943405151367,31171000.0
2020-08-27,DELTA.BK,11.75,11.899999618530273,11.649999618530273,11.699999809265137,11.342415809631348,22719000.0
2020-08-28,DELTA.BK,11.800000190734863,11.899999618530273,11.600000381469727,11.699999809265137,11.342415809631348,21143000.0
2020-08-31,DELTA.BK,11.800000190734863,11.800000190734863,11.300000190734863,11.550000190734863,11.197001457214355,16763000.0
2020-09-01,DELTA.BK,11.600000381469727,12.0,11.600000381469727,11.899999618530273,11.536304473876953,27077000.0
2020-09-02,DELTA.BK,11.899999618530273,12.5,11.800000190734863,12.449999809265137,12.069494247436523,47397000.0
2020-09-03,DELTA.BK,12.449999809265137,12.850000381469727,11.899999618530273,11.949999809265137,11.584775924682617,55876000.0
2020-09-08,DELTA.BK,11.75,11.850000381469727,11.550000190734863,11.699999809265137,11.342415809631348,21991000.0
2020-09-09,DELTA.BK,11.600000381469727,12.050000190734863,11.5,12.050000190734863,11.681719779968262,20235000.0
2020-09-10,DELTA.BK,12.0,12.350000381469727,11.699999809265137,12.350000381469727,11.972551345825195,33258000.0
2020-09-11,DELTA.BK,12.350000381469727,12.5,11.899999618530273,11.899999618530273,11.536304473876953,15390000.0
2020-09-14,DELTA.BK,11.899999618530273,12.100000381469727,11.850000381469727,12.0,11.633246421813965,11915000.0
2020-09-15,DELTA.BK,12.0,12.649999618530273,11.949999809265137,12.550000190734863,12.166438102722168,23433000.0
2020-09-16,DELTA.BK,12.600000381469727,13.899999618530273,12.5,13.899999618530273,13.475177764892578,71071000.0
2020-09-17,DELTA.BK,13.800000190734863,14.399999618530273,13.300000190734863,14.0,13.572121620178223,66667000.0
2020-09-18,DELTA.BK,14.0,14.649999618530273,13.899999618530273,14.649999618530273,14.202256202697754,51927000.0
2020-09-21,DELTA.BK,14.649999618530273,14.850000381469727,14.149999618530273,14.199999809265137,13.766008377075195,34253000.0
2020-09-22,DELTA.BK,14.100000381469727,15.5,14.100000381469727,15.300000190734863,14.832389831542969,70265000.0
2020-09-23,DELTA.BK,15.350000381469727,15.449999809265137,15.0,15.149999618530273,14.686973571777344,30000000.0
2020-09-24,DELTA.BK,15.100000381469727,15.649999618530273,15.050000190734863,15.600000381469727,15.123221397399902,52048000.0
2020-09-25,DELTA.BK,15.699999809265137,15.800000190734863,15.199999809265137,15.300000190734863,14.832389831542969,36276000.0
2020-09-28,DELTA.BK,15.449999809265137,15.5,14.800000190734863,14.850000381469727,14.396142959594727,33545000.0
2020-09-29,DELTA.BK,15.050000190734863,16.100000381469727,15.0,15.5,15.026277542114258,78268000.0
2020-09-30,DELTA.BK,15.449999809265137,15.699999809265137,15.199999809265137,15.649999618530273,15.171692848205566,32258000.0
2020-10-01,DELTA.BK,15.649999618530273,16.549999237060547,15.649999618530273,16.450000762939453,15.947243690490723,41940000.0
2020-10-02,DELTA.BK,16.649999618530273,17.799999237060547,16.600000381469727,17.5,16.965152740478516,54554000.0
2020-10-05,DELTA.BK,17.649999618530273,17.850000381469727,17.049999237060547,17.549999237060547,17.013622283935547,51224000.0
2020-10-06,DELTA.BK,17.649999618530273,17.649999618530273,17.100000381469727,17.100000381469727,16.577373504638672,37706000.0
2020-10-07,DELTA.BK,17.25,18.25,17.149999618530273,17.899999618530273,17.35292625427246,52980000.0
2020-10-08,DELTA.BK,18.0,20.5,17.950000762939453,19.549999237060547,18.952495574951172,99018000.0
2020-10-09,DELTA.BK,19.899999618530273,20.200000762939453,19.25,19.350000381469727,18.75861167907715,39284000.0
2020-10-12,DELTA.BK,19.5,19.850000381469727,19.25,19.549999237060547,18.952495574951172,26203000.0
2020-10-14,DELTA.BK,19.600000381469727,20.0,19.399999618530273,20.0,19.388744354248047,42062000.0
2020-10-15,DELTA.BK,19.850000381469727,20.100000381469727,18.5,18.5,17.93459129333496,64226000.0
2020-10-16,DELTA.BK,18.649999618530273,19.049999237060547,18.0,18.399999618530273,17.837646484375,45978000.0
2020-10-19,DELTA.BK,18.600000381469727,18.799999237060547,18.299999237060547,18.600000381469727,18.031532287597656,31874000.0
2020-10-20,DELTA.BK,18.649999618530273,18.700000762939453,18.149999618530273,18.149999618530273,17.595285415649414,19806000.0
2020-10-21,DELTA.BK,18.350000381469727,18.700000762939453,18.299999237060547,18.399999618530273,17.837646484375,17325000.0
2020-10-22,DELTA.BK,18.350000381469727,18.350000381469727,17.649999618530273,17.850000381469727,17.30445671081543,57222000.0
2020-10-26,DELTA.BK,18.0,18.149999618530273,17.700000762939453,17.950000762939453,17.40140151977539,14489000.0
2020-10-27,DELTA.BK,18.200000762939453,18.350000381469727,17.5,17.5,16.965152740478516,25610000.0
2020-10-28,DELTA.BK,17.649999618530273,18.799999237060547,17.299999237060547,18.600000381469727,18.031532287597656,46559000.0
2020-10-29,DELTA.BK,18.450000762939453,18.75,17.950000762939453,18.049999237060547,17.498342514038086,21070000.0
2020-10-30,DELTA.BK,17.950000762939453,18.350000381469727,17.799999237060547,17.899999618530273,17.35292625427246,13723000.0
2020-11-02,DELTA.BK,17.799999237060547,18.100000381469727,17.399999618530273,18.100000381469727,17.54681396484375,27644000.0
2020-11-03,DELTA.BK,18.200000762939453,18.700000762939453,17.899999618530273,17.899999618530273,17.35292625427246,29875000.0
2020-11-04,DELTA.BK,18.049999237060547,19.850000381469727,18.049999237060547,19.399999618530273,18.807083129882812,70905000.0
2020-11-05,DELTA.BK,19.850000381469727,19.899999618530273,19.299999237060547,19.899999618530273,19.29180145263672,40707000.0
2020-11-06,DELTA.BK,19.850000381469727,19.850000381469727,18.799999237060547,18.950000762939453,18.37083625793457,36999000.0
2020-11-09,DELTA.BK,19.350000381469727,19.450000762939453,18.950000762939453,19.350000381469727,18.75861167907715,22663000.0
2020-11-10,DELTA.BK,17.799999237060547,18.5,16.100000381469727,16.350000381469727,15.850300788879395,75057000.0
2020-11-11,DELTA.BK,16.700000762939453,17.149999618530273,16.399999618530273,16.700000762939453,16.189603805541992,64621000.0
2020-11-12,DELTA.BK,16.899999618530273,17.549999237060547,16.850000381469727,17.350000381469727,16.819734573364258,44587000.0
2020-11-13,DELTA.BK,17.25,17.75,17.25,17.5,16.965152740478516,20275000.0
2020-11-16,DELTA.BK,17.75,18.0,17.549999237060547,17.799999237060547,17.255983352661133,20181000.0
2020-11-17,DELTA.BK,18.0,18.450000762939453,18.0,18.149999618530273,17.595285415649414,15946000.0
2020-11-18,DELTA.BK,18.399999618530273,19.0,18.350000381469727,18.799999237060547,18.225419998168945,29991000.0
2020-11-19,DELTA.BK,18.950000762939453,19.450000762939453,18.950000762939453,19.450000762939453,18.85555648803711,24358000.0
2020-11-20,DELTA.BK,19.600000381469727,19.799999237060547,19.0,19.049999237060547,18.46778106689453,23072000.0
2020-11-23,DELTA.BK,19.25,20.200000762939453,19.200000762939453,19.850000381469727,19.243330001831055,40078000.0
2020-11-24,DELTA.BK,19.649999618530273,19.799999237060547,19.299999237060547,19.299999237060547,18.71013641357422,21280000.0
2020-11-25,DELTA.BK,19.75,19.75,19.350000381469727,19.549999237060547,18.952495574951172,23868000.0
2020-11-26,DELTA.BK,19.649999618530273,22.5,19.649999618530273,22.5,21.812339782714844,98934000.0
2020-11-27,DELTA.BK,22.899999618530273,24.700000762939453,22.799999237060547,23.600000381469727,22.878721237182617,89900000.0
2020-11-30,DELTA.BK,24.100000381469727,24.600000381469727,22.299999237060547,23.100000381469727,22.39400291442871,329128000.0
2020-12-01,DELTA.BK,23.200000762939453,23.399999618530273,22.600000381469727,22.799999237060547,22.10317039489746,33948000.0
2020-12-02,DELTA.BK,23.100000381469727,23.799999237060547,22.700000762939453,23.200000762939453,22.49094581604004,36933000.0
2020-12-03,DELTA.BK,23.399999618530273,24.700000762939453,23.0,24.700000762939453,23.94510269165039,48056000.0
2020-12-04,DELTA.BK,24.899999618530273,25.700000762939453,24.600000381469727,25.700000762939453,24.914539337158203,46741000.0
2020-12-08,DELTA.BK,25.799999237060547,33.20000076293945,25.799999237060547,32.70000076293945,31.70060157775879,124356000.0
2020-12-09,DELTA.BK,35.0,40.599998474121094,33.599998474121094,34.29999923706055,33.2516975402832,170380000.0
2020-12-14,DELTA.BK,37.79999923706055,37.900001525878906,35.400001525878906,37.400001525878906,36.256954193115234,75421000.0
2020-12-15,DELTA.BK,37.400001525878906,37.400001525878906,34.70000076293945,35.400001525878906,34.318077087402344,47433000.0
2020-12-16,DELTA.BK,35.900001525878906,36.20000076293945,33.599998474121094,34.599998474121094,33.54253005981445,36882000.0
2020-12-17,DELTA.BK,34.79999923706055,36.5,34.099998474121094,35.599998474121094,34.511966705322266,55503000.0
2020-12-18,DELTA.BK,35.599998474121094,36.20000076293945,35.29999923706055,36.099998474121094,34.99668502807617,45366000.0
2020-12-21,DELTA.BK,35.599998474121094,38.099998474121094,35.599998474121094,36.099998474121094,34.99668502807617,47757000.0
2020-12-22,DELTA.BK,36.79999923706055,37.79999923706055,36.400001525878906,37.79999923706055,36.64472579956055,31988000.0
2020-12-23,DELTA.BK,37.70000076293945,44.400001525878906,37.599998474121094,42.0,40.716365814208984,104058000.0
2020-12-24,DELTA.BK,42.0,54.400001525878906,40.79999923706055,53.599998474121094,51.96184158325195,156518000.0
2020-12-25,DELTA.BK,57.400001525878906,68.5999984741211,57.0,68.4000015258789,66.30949401855469,130888000.0
2020-12-28,DELTA.BK,73.0,83.80000305175781,56.0,56.0,54.28848648071289,157339000.0
2020-12-29,DELTA.BK,49.79999923706055,57.599998474121094,39.599998474121094,43.79999923706055,42.46135330200195,178884000.0
2020-12-30,DELTA.BK,44.400001525878906,56.599998474121094,44.20000076293945,48.599998474121094,47.114646911621094,217976000.0
2021-01-04,DELTA.BK,51.0,54.0,48.20000076293945,52.79999923706055,51.186283111572266,94494000.0
2021-01-05,DELTA.BK,55.599998474121094,65.5999984741211,53.0,65.5999984741211,63.59508514404297,106759000.0
2021-01-06,DELTA.BK,57.0,60.79999923706055,52.599998474121094,56.79999923706055,55.06403350830078,34606000.0
2021-01-07,DELTA.BK,56.400001525878906,57.400001525878906,54.400001525878906,56.400001525878906,54.676265716552734,25347000.0
2021-01-08,DELTA.BK,58.20000076293945,71.80000305175781,58.20000076293945,71.80000305175781,69.60560607910156,57589000.0
2021-01-11,DELTA.BK,73.5999984741211,80.4000015258789,68.80000305175781,74.80000305175781,72.51390838623047,37914000.0
2021-01-12,DELTA.BK,74.80000305175781,74.80000305175781,68.5999984741211,73.19999694824219,70.96280670166016,23655000.0
2021-01-13,DELTA.BK,74.5999984741211,74.5999984741211,70.0,70.0,67.86061096191406,14594000.0
2021-01-14,DELTA.BK,66.0,69.19999694824219,61.0,63.0,61.074546813964844,30393000.0
2021-01-15,DELTA.BK,61.0,63.20000076293945,54.400001525878906,58.0,56.22736740112305,25037000.0
2021-01-18,DELTA.BK,54.400001525878906,57.400001525878906,52.599998474121094,56.0,54.28848648071289,15299000.0
2021-01-19,DELTA.BK,58.0,62.20000076293945,57.599998474121094,62.20000076293945,60.299007415771484,19338000.0
2021-01-20,DELTA.BK,60.20000076293945,61.20000076293945,57.400001525878906,60.0,58.16623306274414,16021000.0
2021-01-21,DELTA.BK,58.400001525878906,59.20000076293945,55.599998474121094,55.79999923706055,54.09459686279297,16868000.0
2021-01-22,DELTA.BK,55.79999923706055,57.79999923706055,52.400001525878906,54.400001525878906,52.737388610839844,22271000.0
2021-01-25,DELTA.BK,54.0,54.20000076293945,49.599998474121094,50.400001525878906,48.85963821411133,12330000.0
2021-01-26,DELTA.BK,48.20000076293945,55.599998474121094,47.400001525878906,55.599998474121094,53.90071105957031,29089000.0
2021-01-27,DELTA.BK,53.0,54.0,50.20000076293945,50.20000076293945,48.66575241088867,15167000.0
2021-01-28,DELTA.BK,48.0,52.79999923706055,47.599998474121094,48.79999923706055,47.30853271484375,16034000.0
2021-01-29,DELTA.BK,50.0,52.79999923706055,48.400001525878906,52.79999923706055,51.186283111572266,17631000.0
2021-02-01,DELTA.BK,52.20000076293945,52.20000076293945,49.0,49.0,47.50242614746094,12272000.0
2021-02-02,DELTA.BK,51.0,51.0,49.20000076293945,50.0,48.47186279296875,8527000.0
2021-02-03,DELTA.BK,50.0,50.20000076293945,48.0,48.0,46.53298568725586,9522000.0
2021-02-04,DELTA.BK,48.0,48.79999923706055,46.400001525878906,47.20000076293945,45.757442474365234,9956000.0
2021-02-05,DELTA.BK,46.0,47.20000076293945,45.0,46.0,44.594112396240234,7989000.0
2021-02-08,DELTA.BK,46.79999923706055,46.79999923706055,44.20000076293945,44.400001525878906,43.04301834106445,8412000.0
2021-02-09,DELTA.BK,43.400001525878906,43.79999923706055,40.79999923706055,41.20000076293945,39.94081497192383,14474000.0
2021-02-10,DELTA.BK,42.0,43.599998474121094,41.400001525878906,42.400001525878906,41.10414123535156,14321000.0
2021-02-11,DELTA.BK,42.79999923706055,42.79999923706055,40.20000076293945,40.79999923706055,39.553043365478516,8025000.0
2021-02-15,DELTA.BK,41.0,49.599998474121094,41.0,48.20000076293945,46.72687911987305,37811000.0
2021-02-16,DELTA.BK,44.20000076293945,45.400001525878906,41.79999923706055,44.0,42.65523910522461,14986000.0
2021-02-17,DELTA.BK,43.79999923706055,47.79999923706055,43.599998474121094,45.0,43.62467956542969,12411000.0
2021-02-18,DELTA.BK,45.0,46.0,42.599998474121094,42.599998474121094,41.29802322387695,8126000.0
2021-02-19,DELTA.BK,42.0,44.400001525878906,42.0,42.400001525878906,41.10414123535156,8788000.0
2021-02-22,DELTA.BK,42.400001525878906,42.599998474121094,39.0,40.0,38.777488708496094,14166000.0
2021-02-23,DELTA.BK,40.20000076293945,41.599998474121094,38.099998474121094,41.20000076293945,39.94081497192383,8290000.0
2021-02-24,DELTA.BK,40.0,40.400001525878906,39.20000076293945,39.5,38.29277420043945,7208000.0
2021-02-25,DELTA.BK,40.400001525878906,40.400001525878906,38.29999923706055,40.0,38.777488708496094,13384000.0
2021-03-01,DELTA.BK,41.20000076293945,41.400001525878906,37.900001525878906,40.0,38.777488708496094,9992000.0
2021-03-02,DELTA.BK,37.400001525878906,37.79999923706055,36.0,36.0,34.899742126464844,9284000.0
2021-03-03,DELTA.BK,36.0,40.599998474121094,36.0,40.599998474121094,39.359153747558594,16618000.0
2021-03-04,DELTA.BK,38.79999923706055,38.79999923706055,36.599998474121094,37.099998474121094,36.26085662841797,21200000.0
2021-03-05,DELTA.BK,36.0,38.20000076293945,35.79999923706055,37.20000076293945,36.35859680175781,16424000.0
2021-03-08,DELTA.BK,37.0,37.0,33.0,34.0,33.2309684753418,27835000.0
2021-03-09,DELTA.BK,36.0,36.79999923706055,33.79999923706055,34.29999923706055,33.5241813659668,37544000.0
2021-03-10,DELTA.BK,34.79999923706055,35.70000076293945,34.20000076293945,34.20000076293945,33.42644500732422,33454000.0
2021-03-11,DELTA.BK,34.70000076293945,38.0,33.79999923706055,37.0,36.16312026977539,68638000.0
2021-03-12,DELTA.BK,37.599998474121094,38.79999923706055,34.29999923706055,34.400001525878906,33.621925354003906,74748000.0
2021-03-15,DELTA.BK,35.0,35.5,34.20000076293945,34.5,33.71966552734375,22260000.0
2021-03-16,DELTA.BK,34.29999923706055,34.5,32.79999923706055,33.099998474121094,32.3513298034668,32546000.0
2021-03-17,DELTA.BK,32.79999923706055,33.0,31.700000762939453,32.099998474121094,31.373945236206055,30930000.0
2021-03-18,DELTA.BK,33.099998474121094,33.900001525878906,32.0,32.0,31.276206970214844,32166000.0
2021-03-19,DELTA.BK,31.600000381469727,32.599998474121094,31.399999618530273,31.399999618530273,30.689777374267578,86496000.0
2021-03-22,DELTA.BK,31.299999237060547,31.700000762939453,30.299999237060547,30.299999237060547,29.614660263061523,23986000.0
2021-03-23,DELTA.BK,30.5,30.600000381469727,29.0,29.0,28.344064712524414,26788000.0
2021-03-24,DELTA.BK,28.899999618530273,31.5,28.600000381469727,31.0,30.298830032348633,50950000.0
2021-03-25,DELTA.BK,31.100000381469727,31.100000381469727,28.899999618530273,28.899999618530273,28.246326446533203,48727000.0
2021-03-26,DELTA.BK,29.299999237060547,30.100000381469727,28.700000762939453,29.0,28.344064712524414,40940000.0
2021-03-29,DELTA.BK,29.200000762939453,29.5,28.700000762939453,28.799999237060547,28.14858627319336,19501000.0
2021-03-30,DELTA.BK,29.100000381469727,30.399999618530273,29.0,29.899999618530273,29.22370719909668,48124000.0
2021-03-31,DELTA.BK,30.0,30.200000762939453,29.0,29.0,28.344064712524414,28022000.0
2021-04-01,DELTA.BK,29.399999618530273,32.599998474121094,29.100000381469727,32.400001525878906,31.667163848876953,115827000.0
2021-04-02,DELTA.BK,33.0,35.900001525878906,33.0,35.29999923706055,34.501564025878906,135737000.0
2021-04-05,DELTA.BK,37.099998474121094,38.900001525878906,35.20000076293945,37.900001525878906,37.04275894165039,150296000.0
2021-04-07,DELTA.BK,37.29999923706055,39.70000076293945,36.0,36.20000076293945,35.3812141418457,104956000.0
2021-04-08,DELTA.BK,37.70000076293945,38.099998474121094,36.400001525878906,37.79999923706055,36.94501876831055,77223000.0
2021-04-09,DELTA.BK,37.20000076293945,38.599998474121094,37.20000076293945,37.5,36.65180587768555,55804000.0
2021-04-12,DELTA.BK,37.400001525878906,38.20000076293945,36.599998474121094,36.70000076293945,35.869903564453125,46812000.0
2021-04-16,DELTA.BK,37.70000076293945,37.70000076293945,36.70000076293945,37.20000076293945,36.35859680175781,38688000.0
2021-04-19,DELTA.BK,37.5,40.599998474121094,37.29999923706055,39.900001525878906,38.997528076171875,90685000.0
2021-04-20,DELTA.BK,39.70000076293945,40.0,38.29999923706055,38.5,37.629188537597656,46493000.0
2021-04-21,DELTA.BK,38.79999923706055,40.20000076293945,38.400001525878906,38.5,37.629188537597656,58697000.0
2021-04-22,DELTA.BK,38.900001525878906,39.0,37.400001525878906,38.099998474121094,37.23823547363281,33573000.0
2021-04-23,DELTA.BK,38.099998474121094,38.599998474121094,37.70000076293945,38.0,37.14049530029297,22850000.0
2021-04-26,DELTA.BK,38.20000076293945,38.900001525878906,38.0,38.70000076293945,37.82466506958008,28597000.0
2021-04-27,DELTA.BK,39.0,39.70000076293945,38.099998474121094,38.099998474121094,37.23823547363281,39520000.0
2021-04-28,DELTA.BK,38.0,38.5,37.70000076293945,37.79999923706055,36.94501876831055,27706000.0
2021-04-29,DELTA.BK,38.099998474121094,38.29999923706055,37.70000076293945,37.900001525878906,37.04275894165039,15740000.0
2021-04-30,DELTA.BK,38.099998474121094,38.20000076293945,35.400001525878906,35.400001525878906,34.599308013916016,45056000.0
2021-05-05,DELTA.BK,35.0,35.099998474121094,31.0,31.5,30.787519454956055,69494000.0
2021-05-06,DELTA.BK,32.0,37.70000076293945,32.0,36.70000076293945,35.869903564453125,129735000.0
2021-05-07,DELTA.BK,38.400001525878906,41.0,38.400001525878906,40.20000076293945,39.290740966796875,105427000.0
2021-05-10,DELTA.BK,42.0,46.20000076293945,40.79999923706055,45.599998474121094,44.5685920715332,101774000.0
2021-05-11,DELTA.BK,44.400001525878906,49.599998474121094,44.400001525878906,46.400001525878906,45.35050582885742,147610000.0
2021-05-12,DELTA.BK,48.599998474121094,57.79999923706055,47.79999923706055,55.79999923706055,54.53788757324219,180636000.0
2021-05-13,DELTA.BK,52.400001525878906,53.599998474121094,43.400001525878906,48.400001525878906,47.30526351928711,43002000.0
2021-05-14,DELTA.BK,48.599998474121094,51.0,46.599998474121094,48.0,46.914310455322266,20766000.0
2021-05-17,DELTA.BK,47.20000076293945,52.0,46.0,51.0,49.846458435058594,22931000.0
2021-05-18,DELTA.BK,51.400001525878906,52.599998474121094,50.599998474121094,51.599998474121094,50.432884216308594,23365000.0
2021-05-19,DELTA.BK,50.0,52.20000076293945,49.599998474121094,50.400001525878906,49.26002883911133,13005000.0
2021-05-20,DELTA.BK,50.599998474121094,51.20000076293945,49.20000076293945,49.79999923706055,48.67359924316406,10068000.0
2021-05-21,DELTA.BK,50.599998474121094,50.599998474121094,47.599998474121094,50.20000076293945,49.064552307128906,13445000.0
2021-05-24,DELTA.BK,49.79999923706055,50.400001525878906,48.79999923706055,50.20000076293945,49.064552307128906,8862000.0
2021-05-25,DELTA.BK,50.79999923706055,56.79999923706055,50.400001525878906,55.400001525878906,54.14693832397461,47371000.0
2021-05-27,DELTA.BK,55.20000076293945,56.400001525878906,54.20000076293945,54.400001525878906,53.1695556640625,29417000.0
2021-05-28,DELTA.BK,54.400001525878906,55.400001525878906,54.20000076293945,54.79999923706055,53.56050491333008,8859000.0
2021-05-31,DELTA.BK,54.79999923706055,58.79999923706055,54.79999923706055,58.0,56.68812942504883,24839000.0
2021-06-01,DELTA.BK,58.400001525878906,59.599998474121094,57.20000076293945,58.79999923706055,57.47003173828125,16115000.0
2021-06-02,DELTA.BK,58.79999923706055,59.599998474121094,56.0,57.400001525878906,56.10169982910156,13944000.0
2021-06-04,DELTA.BK,55.0,58.0,54.400001525878906,56.599998474121094,55.31978988647461,13373000.0
2021-06-07,DELTA.BK,56.599998474121094,58.599998474121094,56.599998474121094,57.20000076293945,55.906227111816406,10412000.0
2021-06-08,DELTA.BK,56.79999923706055,58.20000076293945,56.400001525878906,57.20000076293945,55.906227111816406,8602000.0
2021-06-09,DELTA.BK,57.599998474121094,58.20000076293945,57.0,57.79999923706055,56.492652893066406,14516000.0
2021-06-10,DELTA.BK,57.79999923706055,58.400001525878906,57.0,57.400001525878906,56.10169982910156,9215000.0
2021-06-11,DELTA.BK,57.400001525878906,58.0,53.400001525878906,56.400001525878906,55.12431716918945,19914000.0
2021-06-14,DELTA.BK,56.79999923706055,56.79999923706055,54.79999923706055,55.0,53.7559814453125,8084000.0
2021-06-15,DELTA.BK,55.0,55.79999923706055,54.400001525878906,54.79999923706055,53.56050491333008,8411000.0
2021-06-16,DELTA.BK,54.79999923706055,54.79999923706055,53.400001525878906,53.400001525878906,52.19217300415039,7162000.0
2021-06-17,DELTA.BK,51.599998474121094,54.79999923706055,50.400001525878906,53.0,51.80122375488281,16617000.0
2021-06-18,DELTA.BK,53.400001525878906,55.79999923706055,53.0,54.0,52.77860641479492,32990000.0
2021-06-21,DELTA.BK,53.20000076293945,53.79999923706055,51.400001525878906,53.599998474121094,52.38764572143555,12017000.0
2021-06-22,DELTA.BK,54.0,54.400001525878906,52.400001525878906,52.599998474121094,51.4102668762207,6555000.0
2021-06-23,DELTA.BK,53.599998474121094,55.79999923706055,52.79999923706055,55.599998474121094,54.34241485595703,12918000.0
2021-06-24,DELTA.BK,54.0,55.599998474121094,53.79999923706055,55.0,53.7559814453125,7867000.0
2021-06-25,DELTA.BK,55.599998474121094,56.0,54.599998474121094,55.0,53.7559814453125,4676000.0
2021-06-28,DELTA.BK,54.599998474121094,56.400001525878906,54.0,56.400001525878906,55.12431716918945,7711000.0
2021-06-29,DELTA.BK,56.599998474121094,59.20000076293945,56.20000076293945,59.20000076293945,57.860984802246094,13493000.0
2021-06-30,DELTA.BK,59.79999923706055,60.599998474121094,56.599998474121094,57.79999923706055,56.492652893066406,16611000.0
2021-07-01,DELTA.BK,57.599998474121094,58.0,54.599998474121094,56.0,54.73336410522461,9253000.0
2021-07-02,DELTA.BK,54.79999923706055,56.0,54.0,54.79999923706055,53.56050491333008,8150000.0
2021-07-05,DELTA.BK,55.0,55.20000076293945,54.0,54.599998474121094,53.36503219604492,2981000.0
2021-07-06,DELTA.BK,55.0,57.400001525878906,54.400001525878906,57.0,55.71074676513672,12010000.0
2021-07-07,DELTA.BK,55.79999923706055,57.400001525878906,55.79999923706055,56.400001525878906,55.12431716918945,8875000.0
2021-07-08,DELTA.BK,56.0,58.20000076293945,55.79999923706055,56.0,54.73336410522461,10795000.0
2021-07-09,DELTA.BK,56.79999923706055,59.0,56.599998474121094,58.79999923706055,57.47003173828125,14480000.0
2021-07-12,DELTA.BK,59.20000076293945,59.79999923706055,58.400001525878906,59.79999923706055,58.44741439819336,7197000.0
2021-07-13,DELTA.BK,60.0,60.400001525878906,58.20000076293945,58.599998474121094,57.274559020996094,6912000.0
2021-07-14,DELTA.BK,58.599998474121094,59.400001525878906,57.20000076293945,57.400001525878906,56.10169982910156,9121000.0
2021-07-15,DELTA.BK,58.20000076293945,68.19999694824219,57.400001525878906,65.19999694824219,63.72526931762695,101533000.0
2021-07-16,DELTA.BK,63.20000076293945,63.400001525878906,57.79999923706055,58.599998474121094,57.274559020996094,18862000.0
2021-07-19,DELTA.BK,57.20000076293945,58.599998474121094,55.400001525878906,56.599998474121094,55.31978988647461,6942000.0
2021-07-20,DELTA.BK,56.0,56.79999923706055,54.79999923706055,56.400001525878906,55.12431716918945,7279000.0
2021-07-21,DELTA.BK,56.20000076293945,57.400001525878906,56.20000076293945,57.0,55.71074676513672,4357000.0
2021-07-22,DELTA.BK,58.0,58.599998474121094,56.79999923706055,58.20000076293945,56.88360595703125,7909000.0
2021-07-23,DELTA.BK,57.599998474121094,58.20000076293945,57.20000076293945,57.599998474121094,56.29717254638672,2611000.0
2021-07-27,DELTA.BK,56.599998474121094,57.599998474121094,55.400001525878906,55.400001525878906,54.14693832397461,7265000.0
2021-07-29,DELTA.BK,55.79999923706055,58.599998474121094,55.599998474121094,57.20000076293945,55.906227111816406,4879000.0
2021-07-30,DELTA.BK,57.599998474121094,58.400001525878906,57.0,58.400001525878906,57.07908248901367,9378000.0
2021-08-02,DELTA.BK,58.599998474121094,59.400001525878906,58.400001525878906,59.20000076293945,57.860984802246094,4803000.0
2021-08-03,DELTA.BK,59.599998474121094,60.0,59.400001525878906,60.0,58.642887115478516,4126000.0
2021-08-04,DELTA.BK,60.0,61.400001525878906,59.400001525878906,60.20000076293945,58.8383674621582,5857000.0
2021-08-05,DELTA.BK,59.79999923706055,60.599998474121094,57.599998474121094,57.599998474121094,56.29717254638672,7458000.0
2021-08-06,DELTA.BK,59.79999923706055,65.80000305175781,57.20000076293945,57.599998474121094,56.29717254638672,77168000.0
2021-08-09,DELTA.BK,59.20000076293945,61.0,56.20000076293945,59.0,57.66550827026367,39003000.0
2021-08-10,DELTA.BK,59.20000076293945,59.400001525878906,57.599998474121094,57.79999923706055,56.492652893066406,13920000.0
2021-08-11,DELTA.BK,58.599998474121094,58.79999923706055,57.0,57.20000076293945,55.906227111816406,11291000.0
2021-08-13,DELTA.BK,57.0,57.79999923706055,56.400001525878906,56.400001525878906,55.12431716918945,6758000.0
2021-08-16,DELTA.BK,56.400001525878906,57.599998474121094,55.0,57.20000076293945,55.906227111816406,8574000.0
2021-08-17,DELTA.BK,57.599998474121094,57.79999923706055,56.400001525878906,56.79999923706055,55.5152702331543,11919000.0
2021-08-18,DELTA.BK,56.79999923706055,57.20000076293945,55.0,55.0,53.7559814453125,12911000.0
2021-08-19,DELTA.BK,55.20000076293945,56.20000076293945,55.0,55.0,53.7559814453125,7967000.0
2021-08-20,DELTA.BK,55.599998474121094,56.0,54.400001525878906,54.599998474121094,53.36503219604492,8457000.0
2021-08-23,DELTA.BK,55.599998474121094,56.599998474121094,54.599998474121094,56.0,54.73336410522461,9927000.0
2021-08-24,DELTA.BK,56.599998474121094,56.79999923706055,56.0,56.0,54.73336410522461,6768000.0
2021-08-25,DELTA.BK,56.20000076293945,58.0,55.599998474121094,57.0,55.71074676513672,11174000.0
2021-08-26,DELTA.BK,57.20000076293945,57.400001525878906,55.599998474121094,56.0,54.73336410522461,8497000.0
2021-08-27,DELTA.BK,56.400001525878906,57.599998474121094,56.20000076293945,56.599998474121094,55.31978988647461,8169000.0
2021-08-30,DELTA.BK,56.20000076293945,57.599998474121094,55.599998474121094,57.0,55.71074676513672,14496000.0
2021-08-31,DELTA.BK,56.400001525878906,59.0,56.400001525878906,58.400001525878906,57.07908248901367,20356000.0
2021-09-01,DELTA.BK,59.400001525878906,66.0,59.0,65.5999984741211,64.11622619628906,67371000.0
2021-09-02,DELTA.BK,66.0,73.5999984741211,65.4000015258789,72.5999984741211,70.95790100097656,83883000.0
2021-09-03,DELTA.BK,74.5999984741211,79.0,72.4000015258789,73.0,71.3488540649414,45784000.0
2021-09-06,DELTA.BK,74.0,77.80000305175781,73.5999984741211,76.4000015258789,74.67194366455078,30458000.0
2021-09-07,DELTA.BK,78.0,78.19999694824219,74.19999694824219,74.19999694824219,72.52171325683594,21572000.0
2021-09-08,DELTA.BK,74.0,77.4000015258789,73.80000305175781,76.80000305175781,75.06290435791016,25530000.0
2021-09-09,DELTA.BK,76.0,77.5999984741211,74.4000015258789,74.4000015258789,72.71719360351562,19598000.0
2021-09-10,DELTA.BK,76.19999694824219,77.4000015258789,75.19999694824219,76.0,74.28099060058594,15609000.0
2021-09-13,DELTA.BK,75.5999984741211,76.0,64.5999984741211,65.19999694824219,63.72526931762695,39441000.0
2021-09-14,DELTA.BK,65.0,65.4000015258789,58.0,58.20000076293945,56.88360595703125,72094000.0
2021-09-15,DELTA.BK,59.20000076293945,60.20000076293945,56.599998474121094,57.400001525878906,56.10169982910156,38080000.0
2021-09-16,DELTA.BK,58.20000076293945,58.79999923706055,55.20000076293945,56.20000076293945,54.92884063720703,54859000.0
2021-09-17,DELTA.BK,56.599998474121094,58.0,55.20000076293945,56.599998474121094,55.31978988647461,49382000.0
2021-09-20,DELTA.BK,57.0,57.20000076293945,55.400001525878906,55.599998474121094,54.34241485595703,26868000.0
2021-09-21,DELTA.BK,55.20000076293945,55.400001525878906,49.0,49.79999923706055,48.67359924316406,79357000.0
2021-09-22,DELTA.BK,46.79999923706055,50.400001525878906,46.599998474121094,47.400001525878906,46.32788848876953,45067000.0
2021-09-23,DELTA.BK,47.79999923706055,49.20000076293945,47.400001525878906,48.599998474121094,47.500736236572266,28345000.0
2021-09-27,DELTA.BK,49.400001525878906,49.599998474121094,45.79999923706055,46.0,44.95955276489258,21998000.0
2021-09-28,DELTA.BK,46.400001525878906,47.79999923706055,45.20000076293945,45.79999923706055,44.76407241821289,25394000.0
2021-09-29,DELTA.BK,45.400001525878906,47.79999923706055,45.0,47.79999923706055,46.71883773803711,34884000.0
2021-09-30,DELTA.BK,47.400001525878906,48.20000076293945,46.20000076293945,47.0,45.936927795410156,32740000.0
2021-10-01,DELTA.BK,46.599998474121094,48.0,46.0,46.79999923706055,45.741455078125,21922000.0
2021-10-04,DELTA.BK,47.0,47.20000076293945,46.0,46.0,44.95955276489258,8580000.0
2021-10-05,DELTA.BK,45.20000076293945,46.0,42.400001525878906,45.20000076293945,44.177642822265625,35949000.0
2021-10-06,DELTA.BK,45.20000076293945,45.400001525878906,43.599998474121094,44.0,43.00478744506836,13421000.0
2021-10-07,DELTA.BK,44.0,46.400001525878906,44.0,45.0,43.98217010498047,25413000.0
2021-10-08,DELTA.BK,45.79999923706055,46.20000076293945,45.400001525878906,45.599998474121094,44.5685920715332,10741000.0
2021-10-11,DELTA.BK,45.79999923706055,46.20000076293945,45.20000076293945,45.400001525878906,44.37311935424805,8146000.0
2021-10-12,DELTA.BK,46.0,46.20000076293945,45.0,45.599998474121094,44.5685920715332,6801000.0
2021-10-14,DELTA.BK,45.599998474121094,45.79999923706055,43.79999923706055,43.79999923706055,42.80931091308594,16121000.0
2021-10-15,DELTA.BK,44.0,45.79999923706055,44.0,45.20000076293945,44.177642822265625,15957000.0
2021-10-18,DELTA.BK,46.20000076293945,49.0,44.79999923706055,45.400001525878906,44.37311935424805,45451000.0
2021-10-19,DELTA.BK,46.0,46.79999923706055,45.20000076293945,45.20000076293945,44.177642822265625,16646000.0
2021-10-20,DELTA.BK,45.599998474121094,46.400001525878906,45.400001525878906,45.599998474121094,44.5685920715332,11446000.0
2021-10-21,DELTA.BK,46.0,46.0,44.599998474121094,45.20000076293945,44.177642822265625,11037000.0
2021-10-25,DELTA.BK,45.599998474121094,45.599998474121094,43.79999923706055,44.0,43.00478744506836,13371000.0
2021-10-26,DELTA.BK,44.20000076293945,46.400001525878906,44.0,45.79999923706055,44.76407241821289,25075000.0
2021-10-27,DELTA.BK,44.79999923706055,46.599998474121094,43.79999923706055,44.20000076293945,43.20026779174805,28855000.0
2021-10-28,DELTA.BK,44.599998474121094,44.79999923706055,43.20000076293945,43.400001525878906,42.41836166381836,10583000.0
2021-10-29,DELTA.BK,43.20000076293945,43.400001525878906,41.599998474121094,41.599998474121094,40.6590690612793,19988000.0
2021-11-01,DELTA.BK,41.599998474121094,42.79999923706055,40.79999923706055,41.0,40.0726432800293,21832000.0
2021-11-02,DELTA.BK,41.400001525878906,43.20000076293945,41.0,41.599998474121094,40.6590690612793,30376000.0
2021-11-03,DELTA.BK,41.79999923706055,44.400001525878906,41.79999923706055,44.0,43.00478744506836,36655000.0
2021-11-04,DELTA.BK,44.599998474121094,45.400001525878906,43.20000076293945,44.599998474121094,43.59121322631836,23930000.0
2021-11-05,DELTA.BK,45.0,47.400001525878906,44.20000076293945,45.20000076293945,44.177642822265625,45650000.0
2021-11-08,DELTA.BK,45.599998474121094,45.599998474121094,38.900001525878906,39.099998474121094,38.215614318847656,78992000.0
2021-11-09,DELTA.BK,39.099998474121094,39.29999923706055,37.20000076293945,38.20000076293945,37.33597183227539,45655000.0
2021-11-10,DELTA.BK,38.0,39.5,37.70000076293945,38.70000076293945,37.82466506958008,41677000.0
2021-11-11,DELTA.BK,38.79999923706055,39.900001525878906,38.79999923706055,39.70000076293945,38.80205154418945,22467000.0
2021-11-12,DELTA.BK,40.0,40.79999923706055,39.900001525878906,40.400001525878906,39.48621368408203,17615000.0
2021-11-15,DELTA.BK,41.0,42.79999923706055,40.599998474121094,42.400001525878906,41.44097900390625,31755000.0
2021-11-16,DELTA.BK,43.0,43.0,41.20000076293945,41.599998474121094,40.6590690612793,19402000.0
2021-11-17,DELTA.BK,41.599998474121094,42.79999923706055,41.400001525878906,42.20000076293945,41.24549865722656,16207000.0
2021-11-18,DELTA.BK,42.400001525878906,43.400001525878906,41.599998474121094,43.20000076293945,42.22288131713867,25625000.0
2021-11-19,DELTA.BK,43.400001525878906,43.599998474121094,42.20000076293945,42.599998474121094,41.636451721191406,10929000.0
2021-11-22,DELTA.BK,42.599998474121094,43.599998474121094,42.400001525878906,43.0,42.02740478515625,7895000.0
2021-11-23,DELTA.BK,43.20000076293945,43.79999923706055,43.0,43.599998474121094,42.613834381103516,9490000.0
2021-11-24,DELTA.BK,43.400001525878906,44.0,42.599998474121094,43.20000076293945,42.22288131713867,12128000.0
2021-11-25,DELTA.BK,43.400001525878906,43.599998474121094,43.20000076293945,43.599998474121094,42.613834381103516,5868000.0
2021-11-26,DELTA.BK,43.599998474121094,43.599998474121094,41.20000076293945,41.79999923706055,40.85454559326172,17547000.0
2021-11-29,DELTA.BK,42.599998474121094,45.599998474121094,42.0,44.20000076293945,43.20026779174805,54098000.0
2021-11-30,DELTA.BK,44.79999923706055,47.20000076293945,44.20000076293945,44.599998474121094,43.59121322631836,68139000.0
2021-12-01,DELTA.BK,45.400001525878906,46.0,43.599998474121094,44.20000076293945,43.20026779174805,21978000.0
2021-12-02,DELTA.BK,44.599998474121094,44.79999923706055,42.599998474121094,43.599998474121094,42.613834381103516,13853000.0
2021-12-03,DELTA.BK,43.20000076293945,43.400001525878906,41.400001525878906,41.79999923706055,40.85454559326172,18988000.0
2021-12-07,DELTA.BK,42.20000076293945,42.79999923706055,41.599998474121094,42.0,41.05002212524414,9352000.0
2021-12-08,DELTA.BK,42.400001525878906,43.599998474121094,42.400001525878906,43.0,42.02740478515625,13111000.0
2021-12-09,DELTA.BK,43.20000076293945,45.0,42.400001525878906,42.79999923706055,41.831932067871094,27917000.0
2021-12-13,DELTA.BK,43.400001525878906,43.599998474121094,42.20000076293945,42.400001525878906,41.44097900390625,7284000.0
2021-12-14,DELTA.BK,42.20000076293945,45.599998474121094,42.20000076293945,44.0,43.00478744506836,43921000.0
2021-12-15,DELTA.BK,43.79999923706055,44.20000076293945,42.599998474121094,43.0,42.02740478515625,18191000.0
2021-12-16,DELTA.BK,43.599998474121094,43.79999923706055,42.599998474121094,43.79999923706055,42.80931091308594,17978000.0
2021-12-17,DELTA.BK,44.0,44.20000076293945,42.599998474121094,42.599998474121094,41.636451721191406,17886000.0
2021-12-20,DELTA.BK,42.599998474121094,42.79999923706055,39.900001525878906,40.0,39.09526062011719,33987000.0
2021-12-21,DELTA.BK,41.0,41.20000076293945,39.70000076293945,40.0,39.09526062011719,21839000.0
2021-12-22,DELTA.BK,40.599998474121094,41.599998474121094,40.0,41.400001525878906,40.46359634399414,20870000.0
2021-12-23,DELTA.BK,42.0,42.400001525878906,41.20000076293945,41.79999923706055,40.85454559326172,21122000.0
2021-12-24,DELTA.BK,42.0,42.400001525878906,41.400001525878906,42.0,41.05002212524414,9623000.0
2021-12-27,DELTA.BK,42.79999923706055,44.0,42.0,43.599998474121094,42.613834381103516,23183000.0
2021-12-28,DELTA.BK,44.0,44.79999923706055,43.599998474121094,44.0,43.00478744506836,19624000.0
2021-12-29,DELTA.BK,43.400001525878906,44.0,40.20000076293945,41.400001525878906,40.46359634399414,87116000.0
2021-12-30,DELTA.BK,41.0,41.400001525878906,39.29999923706055,41.20000076293945,40.268123626708984,98887000.0
2022-01-04,DELTA.BK,41.400001525878906,41.400001525878906,40.0,40.0,39.09526062011719,29345000.0
2022-01-05,DELTA.BK,40.400001525878906,40.599998474121094,40.0,40.20000076293945,39.290740966796875,8454000.0
2022-01-06,DELTA.BK,40.20000076293945,40.20000076293945,39.400001525878906,39.400001525878906,38.50883483886719,18550000.0
2022-01-07,DELTA.BK,39.70000076293945,40.400001525878906,39.599998474121094,39.599998474121094,38.70431137084961,11198000.0
2022-01-10,DELTA.BK,40.20000076293945,40.20000076293945,39.29999923706055,39.5,38.6065673828125,9798000.0
2022-01-11,DELTA.BK,40.20000076293945,41.599998474121094,40.0,41.0,40.0726432800293,37725000.0
2022-01-12,DELTA.BK,41.599998474121094,42.0,41.20000076293945,41.79999923706055,40.85454559326172,22859000.0
2022-01-13,DELTA.BK,42.0,42.20000076293945,41.20000076293945,41.400001525878906,40.46359634399414,9431000.0
2022-01-14,DELTA.BK,41.20000076293945,41.400001525878906,40.400001525878906,40.79999923706055,39.87716293334961,11502000.0
2022-01-17,DELTA.BK,41.0,41.599998474121094,40.599998474121094,41.20000076293945,40.268123626708984,10242000.0
2022-01-18,DELTA.BK,41.20000076293945,41.79999923706055,39.599998474121094,39.70000076293945,38.80205154418945,18025000.0
2022-01-19,DELTA.BK,39.599998474121094,40.20000076293945,39.5,39.79999923706055,38.89978790283203,10031000.0
2022-01-20,DELTA.BK,40.20000076293945,40.400001525878906,39.599998474121094,39.70000076293945,38.80205154418945,6276000.0
2022-01-21,DELTA.BK,39.79999923706055,40.20000076293945,39.0,39.20000076293945,38.3133544921875,11934000.0
2022-01-24,DELTA.BK,39.29999923706055,39.599998474121094,37.0,37.099998474121094,36.26085662841797,28513000.0
2022-01-25,DELTA.BK,37.29999923706055,37.70000076293945,36.29999923706055,36.79999923706055,35.9676399230957,21467000.0
2022-01-26,DELTA.BK,37.20000076293945,37.400001525878906,36.20000076293945,36.20000076293945,35.3812141418457,15250000.0
2022-01-27,DELTA.BK,35.20000076293945,35.400001525878906,34.29999923706055,34.5,33.71966552734375,24985000.0
2022-01-28,DELTA.BK,34.79999923706055,35.0,33.599998474121094,33.900001525878906,33.13323211669922,20550000.0
2022-01-31,DELTA.BK,34.20000076293945,35.79999923706055,34.20000076293945,34.70000076293945,33.915138244628906,19704000.0
2022-02-01,DELTA.BK,35.5,37.5,35.5,36.79999923706055,35.9676399230957,43362000.0
2022-02-02,DELTA.BK,37.0,39.0,36.20000076293945,39.0,38.11787796020508,63327000.0
2022-02-03,DELTA.BK,38.599998474121094,39.79999923706055,38.400001525878906,39.400001525878906,38.50883483886719,41823000.0
2022-02-04,DELTA.BK,39.5,41.599998474121094,39.099998474121094,41.599998474121094,40.6590690612793,47076000.0
2022-02-07,DELTA.BK,41.599998474121094,42.20000076293945,40.599998474121094,41.400001525878906,40.46359634399414,18909000.0
2022-02-08,DELTA.BK,41.400001525878906,41.79999923706055,41.20000076293945,41.79999923706055,40.85454559326172,11341000.0
2022-02-09,DELTA.BK,42.20000076293945,42.79999923706055,40.599998474121094,41.0,40.0726432800293,29302000.0
2022-02-10,DELTA.BK,41.20000076293945,41.79999923706055,40.599998474121094,41.79999923706055,40.85454559326172,16304000.0
2022-02-11,DELTA.BK,41.79999923706055,41.79999923706055,39.70000076293945,40.20000076293945,39.290740966796875,14985000.0
2022-02-14,DELTA.BK,39.599998474121094,40.0,38.5,38.70000076293945,37.82466506958008,14896000.0
2022-02-15,DELTA.BK,38.900001525878906,41.79999923706055,38.900001525878906,41.79999923706055,40.85454559326172,26371000.0
2022-02-17,DELTA.BK,41.79999923706055,42.20000076293945,40.79999923706055,41.599998474121094,40.6590690612793,18315000.0
2022-02-18,DELTA.BK,41.599998474121094,41.79999923706055,41.20000076293945,41.599998474121094,40.6590690612793,5146000.0
2022-02-21,DELTA.BK,41.79999923706055,41.79999923706055,40.79999923706055,41.0,40.0726432800293,3370000.0
2022-02-22,DELTA.BK,40.400001525878906,40.599998474121094,39.5,40.20000076293945,39.290740966796875,7481000.0
2022-02-23,DELTA.BK,40.599998474121094,41.599998474121094,40.599998474121094,41.0,40.0726432800293,5635000.0
2022-02-24,DELTA.BK,40.599998474121094,40.79999923706055,39.900001525878906,40.20000076293945,39.290740966796875,5873000.0
2022-02-25,DELTA.BK,40.599998474121094,41.599998474121094,40.400001525878906,41.0,40.0726432800293,8229000.0
2022-02-28,DELTA.BK,40.599998474121094,41.599998474121094,40.20000076293945,40.400001525878906,39.65061950683594,14260000.0
2022-03-01,DELTA.BK,41.0,41.20000076293945,39.599998474121094,39.599998474121094,38.86545944213867,14289000.0
2022-03-02,DELTA.BK,39.79999923706055,40.400001525878906,36.29999923706055,36.599998474121094,35.921104431152344,49708000.0
2022-03-03,DELTA.BK,37.599998474121094,38.20000076293945,36.79999923706055,37.900001525878906,37.196990966796875,20264000.0
2022-03-04,DELTA.BK,37.599998474121094,38.20000076293945,36.5,36.5,35.82296371459961,15267000.0
2022-03-07,DELTA.BK,36.5,37.099998474121094,34.599998474121094,34.70000076293945,34.05634689331055,22768000.0
2022-03-08,DELTA.BK,34.70000076293945,36.099998474121094,33.400001525878906,33.400001525878906,32.78046417236328,41603000.0
2022-03-09,DELTA.BK,34.20000076293945,34.5,33.20000076293945,34.0,33.36933135986328,16489000.0
2022-03-10,DELTA.BK,34.599998474121094,35.20000076293945,33.79999923706055,33.79999923706055,33.17304229736328,13455000.0
2022-03-11,DELTA.BK,33.79999923706055,34.0,33.20000076293945,33.900001525878906,33.27118682861328,9810000.0
2022-03-14,DELTA.BK,33.79999923706055,33.79999923706055,32.5,32.70000076293945,32.09344482421875,18800000.0
2022-03-15,DELTA.BK,32.400001525878906,33.20000076293945,31.299999237060547,31.5,30.91570472717285,20061000.0
2022-03-16,DELTA.BK,32.20000076293945,33.599998474121094,32.099998474121094,33.400001525878906,32.78046417236328,15290000.0
2022-03-17,DELTA.BK,35.0,35.70000076293945,34.29999923706055,35.70000076293945,35.03779983520508,36335000.0
2022-03-18,DELTA.BK,35.400001525878906,36.20000076293945,34.900001525878906,34.900001525878906,34.25263977050781,19291000.0
2022-03-21,DELTA.BK,35.20000076293945,36.70000076293945,35.099998474121094,36.5,35.82296371459961,21308000.0
2022-03-22,DELTA.BK,36.5,37.0,35.900001525878906,37.0,36.31368637084961,14108000.0
2022-03-23,DELTA.BK,37.900001525878906,38.400001525878906,37.70000076293945,38.400001525878906,37.68771743774414,18947000.0
2022-03-24,DELTA.BK,38.5,38.79999923706055,37.70000076293945,38.5,37.78586196899414,11370000.0
2022-03-25,DELTA.BK,39.0,39.29999923706055,38.70000076293945,39.0,38.276588439941406,14754000.0
2022-03-28,DELTA.BK,39.20000076293945,39.5,39.0,39.400001525878906,38.66917037963867,9920000.0
2022-03-29,DELTA.BK,39.599998474121094,40.20000076293945,39.5,39.70000076293945,38.96360397338867,7739000.0
2022-03-30,DELTA.BK,40.0,40.20000076293945,39.099998474121094,39.5,38.767311096191406,7929000.0
2022-03-31,DELTA.BK,39.400001525878906,39.900001525878906,38.70000076293945,38.79999923706055,38.08029556274414,9808000.0
2022-04-01,DELTA.BK,38.599998474121094,38.79999923706055,37.70000076293945,38.599998474121094,37.88400650024414,11348000.0
2022-04-04,DELTA.BK,38.400001525878906,39.20000076293945,38.400001525878906,38.70000076293945,37.98215103149414,4963000.0
2022-04-05,DELTA.BK,39.0,39.400001525878906,38.5,38.79999923706055,38.08029556274414,7607000.0
2022-04-07,DELTA.BK,38.79999923706055,38.79999923706055,37.099998474121094,37.099998474121094,36.411827087402344,11218000.0
2022-04-08,DELTA.BK,37.5,37.70000076293945,37.20000076293945,37.29999923706055,36.60811996459961,2828000.0
2022-04-11,DELTA.BK,37.0,37.099998474121094,35.79999923706055,35.900001525878906,35.234092712402344,7190000.0
2022-04-12,DELTA.BK,35.79999923706055,35.79999923706055,35.0,35.20000076293945,34.54707336425781,8403000.0
2022-04-18,DELTA.BK,34.70000076293945,34.70000076293945,33.599998474121094,33.599998474121094,32.97675323486328,15472000.0
2022-04-19,DELTA.BK,33.900001525878906,34.29999923706055,33.599998474121094,33.599998474121094,32.97675323486328,11706000.0
2022-04-20,DELTA.BK,33.900001525878906,34.79999923706055,33.79999923706055,34.29999923706055,33.66376495361328,13375000.0
2022-04-21,DELTA.BK,34.79999923706055,38.29999923706055,34.29999923706055,38.099998474121094,37.39327621459961,44117000.0
2022-04-22,DELTA.BK,37.70000076293945,38.099998474121094,36.5,37.900001525878906,37.196990966796875,19851000.0
2022-04-25,DELTA.BK,37.900001525878906,39.20000076293945,37.400001525878906,38.79999923706055,38.08029556274414,20930000.0
2022-04-26,DELTA.BK,39.29999923706055,39.29999923706055,37.5,37.79999923706055,37.098846435546875,18047000.0
2022-04-27,DELTA.BK,37.79999923706055,38.900001525878906,37.099998474121094,37.400001525878906,36.706268310546875,15286000.0
2022-04-28,DELTA.BK,37.599998474121094,37.599998474121094,36.20000076293945,36.599998474121094,35.921104431152344,12943000.0
2022-04-29,DELTA.BK,36.900001525878906,37.20000076293945,36.29999923706055,36.29999923706055,35.626670837402344,8069000.0
2022-05-03,DELTA.BK,36.5,36.70000076293945,35.599998474121094,35.599998474121094,34.93965148925781,7179000.0
2022-05-05,DELTA.BK,36.20000076293945,36.599998474121094,35.400001525878906,35.400001525878906,34.74336242675781,8046000.0
2022-05-06,DELTA.BK,34.79999923706055,34.900001525878906,33.79999923706055,34.099998474121094,33.46747589111328,15524000.0
2022-05-09,DELTA.BK,33.900001525878906,34.099998474121094,33.20000076293945,33.20000076293945,32.58417510986328,11032000.0
2022-05-10,DELTA.BK,33.20000076293945,33.29999923706055,32.099998474121094,33.29999923706055,32.682315826416016,19528000.0
2022-05-11,DELTA.BK,33.400001525878906,34.70000076293945,33.0,34.20000076293945,33.56562423706055,23681000.0
2022-05-12,DELTA.BK,34.20000076293945,34.20000076293945,32.5,32.5,31.89715576171875,21695000.0
2022-05-13,DELTA.BK,33.20000076293945,33.400001525878906,32.599998474121094,32.599998474121094,31.995302200317383,9790000.0
2022-05-17,DELTA.BK,33.20000076293945,34.20000076293945,33.0,34.20000076293945,33.56562423706055,16097000.0
2022-05-18,DELTA.BK,34.20000076293945,34.79999923706055,33.599998474121094,34.5,33.86005401611328,10346000.0
2022-05-19,DELTA.BK,33.5,33.79999923706055,33.099998474121094,33.29999923706055,32.682315826416016,11081000.0
2022-05-20,DELTA.BK,33.79999923706055,34.099998474121094,33.5,33.599998474121094,32.97675323486328,6884000.0
2022-05-23,DELTA.BK,33.900001525878906,33.900001525878906,33.400001525878906,33.900001525878906,33.27118682861328,6629000.0
2022-05-24,DELTA.BK,33.79999923706055,33.79999923706055,33.29999923706055,33.400001525878906,32.78046417236328,5873000.0
2022-05-25,DELTA.BK,33.79999923706055,33.79999923706055,32.900001525878906,32.900001525878906,32.289737701416016,10074000.0
2022-05-26,DELTA.BK,33.0,33.099998474121094,32.70000076293945,32.79999923706055,32.191593170166016,7943000.0
2022-05-27,DELTA.BK,32.900001525878906,33.0,32.400001525878906,32.900001525878906,32.289737701416016,15051000.0
2022-05-30,DELTA.BK,33.400001525878906,34.400001525878906,33.29999923706055,34.0,33.36933135986328,18367000.0
2022-05-31,DELTA.BK,34.0,34.599998474121094,33.70000076293945,34.599998474121094,33.95819854736328,27698000.0
2022-06-01,DELTA.BK,34.70000076293945,34.70000076293945,34.099998474121094,34.20000076293945,33.56562423706055,6518000.0
2022-06-02,DELTA.BK,34.0,34.099998474121094,33.5,33.599998474121094,32.97675323486328,5810000.0
2022-06-06,DELTA.BK,33.70000076293945,33.70000076293945,33.099998474121094,33.400001525878906,32.78046417236328,4121000.0
2022-06-07,DELTA.BK,33.400001525878906,33.5,32.599998474121094,32.599998474121094,31.995302200317383,12876000.0
2022-06-08,DELTA.BK,33.0,33.0,32.400001525878906,32.400001525878906,31.799015045166016,11120000.0
2022-06-09,DELTA.BK,32.599998474121094,32.70000076293945,31.899999618530273,31.899999618530273,31.308284759521484,13288000.0
2022-06-10,DELTA.BK,32.0,32.20000076293945,31.600000381469727,31.700000762939453,31.111995697021484,10176000.0
2022-06-13,DELTA.BK,30.899999618530273,31.299999237060547,30.5,30.5,29.934253692626953,14701000.0
2022-06-14,DELTA.BK,30.399999618530273,31.600000381469727,30.399999618530273,31.399999618530273,30.81755828857422,10403000.0
2022-06-15,DELTA.BK,31.600000381469727,31.600000381469727,30.700000762939453,30.799999237060547,30.228689193725586,7557000.0
2022-06-16,DELTA.BK,31.399999618530273,31.5,30.200000762939453,30.200000762939453,29.639820098876953,12740000.0
2022-06-17,DELTA.BK,30.200000762939453,30.299999237060547,29.200000762939453,29.200000762939453,28.658369064331055,21369000.0
2022-06-20,DELTA.BK,29.399999618530273,30.700000762939453,28.700000762939453,30.5,29.934253692626953,27331000.0
2022-06-21,DELTA.BK,30.600000381469727,31.200000762939453,30.299999237060547,31.200000762939453,30.62126922607422,15654000.0
2022-06-22,DELTA.BK,31.100000381469727,31.700000762939453,30.299999237060547,30.299999237060547,29.737964630126953,18651000.0
2022-06-23,DELTA.BK,30.600000381469727,31.399999618530273,30.5,31.299999237060547,30.719411849975586,10687000.0
2022-06-24,DELTA.BK,31.5,33.20000076293945,31.399999618530273,32.29999923706055,31.70086669921875,24215000.0
2022-06-27,DELTA.BK,32.79999923706055,33.79999923706055,32.79999923706055,33.599998474121094,32.97675323486328,28867000.0
2022-06-28,DELTA.BK,33.400001525878906,34.0,33.0,34.0,33.36933135986328,17270000.0
2022-06-29,DELTA.BK,33.900001525878906,34.20000076293945,33.29999923706055,33.70000076293945,33.07490158081055,13733000.0
2022-06-30,DELTA.BK,33.79999923706055,33.79999923706055,32.70000076293945,33.29999923706055,32.682315826416016,23305000.0
2022-07-01,DELTA.BK,33.0,34.099998474121094,33.0,33.79999923706055,33.17304229736328,12641000.0
2022-07-04,DELTA.BK,33.900001525878906,33.900001525878906,32.599998474121094,32.599998474121094,31.995302200317383,7862000.0
2022-07-05,DELTA.BK,32.900001525878906,33.0,31.5,31.600000381469727,31.01384925842285,8878000.0
2022-07-06,DELTA.BK,31.700000762939453,32.29999923706055,31.100000381469727,31.200000762939453,30.62126922607422,9593000.0
2022-07-07,DELTA.BK,31.399999618530273,33.20000076293945,31.200000762939453,33.099998474121094,32.486026763916016,18109000.0
2022-07-08,DELTA.BK,33.099998474121094,33.099998474121094,32.099998474121094,32.5,31.89715576171875,7453000.0
2022-07-11,DELTA.BK,32.400001525878906,32.599998474121094,32.099998474121094,32.20000076293945,31.60272216796875,3339000.0
2022-07-12,DELTA.BK,31.799999237060547,32.599998474121094,31.600000381469727,31.799999237060547,31.210140228271484,8546000.0
2022-07-14,DELTA.BK,31.799999237060547,33.29999923706055,31.799999237060547,32.70000076293945,32.09344482421875,13227000.0
2022-07-15,DELTA.BK,32.900001525878906,32.900001525878906,31.600000381469727,32.29999923706055,31.70086669921875,13091000.0
2022-07-18,DELTA.BK,32.5,33.900001525878906,32.400001525878906,33.900001525878906,33.27118682861328,22675000.0
2022-07-19,DELTA.BK,33.599998474121094,34.0,33.0,34.0,33.36933135986328,12949000.0
2022-07-20,DELTA.BK,34.400001525878906,37.20000076293945,34.400001525878906,36.400001525878906,35.724815368652344,57836000.0
2022-07-21,DELTA.BK,36.29999923706055,36.900001525878906,36.0,36.900001525878906,36.21554183959961,20318000.0
2022-07-22,DELTA.BK,37.20000076293945,37.20000076293945,36.400001525878906,36.900001525878906,36.21554183959961,13064000.0
2022-07-25,DELTA.BK,37.099998474121094,38.599998474121094,37.0,37.400001525878906,36.706268310546875,16883000.0
2022-07-26,DELTA.BK,37.70000076293945,37.79999923706055,36.5,36.79999923706055,36.11739730834961,9211000.0
2022-07-27,DELTA.BK,39.400001525878906,47.79999923706055,39.0,47.400001525878906,46.52077865600586,146230000.0
2022-08-01,DELTA.BK,49.400001525878906,54.20000076293945,47.400001525878906,51.0,50.05399703979492,138543000.0
2022-08-02,DELTA.BK,49.79999923706055,53.20000076293945,48.0,49.0,48.09109878540039,91459000.0
2022-08-03,DELTA.BK,50.20000076293945,52.20000076293945,49.79999923706055,52.20000076293945,51.23173904418945,73685000.0
2022-08-04,DELTA.BK,53.0,54.400001525878906,52.400001525878906,54.20000076293945,53.194644927978516,59890000.0
2022-08-05,DELTA.BK,54.400001525878906,56.0,53.79999923706055,54.0,52.99835205078125,38541000.0
2022-08-08,DELTA.BK,55.0,55.0,49.599998474121094,50.599998474121094,49.661415100097656,51747000.0
2022-08-09,DELTA.BK,50.599998474121094,54.20000076293945,50.599998474121094,53.79999923706055,52.80206298828125,47221000.0
2022-08-10,DELTA.BK,53.20000076293945,54.599998474121094,51.599998474121094,54.400001525878906,53.39093780517578,39858000.0
2022-08-11,DELTA.BK,55.0,55.79999923706055,54.0,55.400001525878906,54.37238311767578,39109000.0
2022-08-15,DELTA.BK,54.599998474121094,56.0,53.599998474121094,55.0,53.97980499267578,29914000.0
2022-08-16,DELTA.BK,55.599998474121094,60.0,55.20000076293945,59.0,57.90560531616211,71458000.0
2022-08-17,DELTA.BK,60.0,61.599998474121094,57.79999923706055,58.599998474121094,57.51302719116211,48420000.0
2022-08-18,DELTA.BK,59.20000076293945,59.20000076293945,56.599998474121094,57.599998474121094,56.53157043457031,23024000.0
2022-08-19,DELTA.BK,58.0,58.400001525878906,55.79999923706055,56.400001525878906,55.35383224487305,20078000.0
2022-08-22,DELTA.BK,56.0,57.400001525878906,55.400001525878906,55.400001525878906,54.37238311767578,21089000.0
2022-08-23,DELTA.BK,55.20000076293945,58.400001525878906,54.400001525878906,58.0,56.924156188964844,33187000.0
2022-08-24,DELTA.BK,58.0,58.20000076293945,55.400001525878906,55.400001525878906,54.37238311767578,27816000.0
2022-08-25,DELTA.BK,56.20000076293945,56.79999923706055,55.400001525878906,55.79999923706055,54.764957427978516,12868000.0
2022-08-26,DELTA.BK,56.400001525878906,58.599998474121094,56.400001525878906,57.79999923706055,56.72786331176758,30237000.0
2022-08-29,DELTA.BK,56.0,56.79999923706055,53.20000076293945,53.400001525878906,52.409481048583984,37016000.0
2022-08-30,DELTA.BK,54.0,54.79999923706055,53.400001525878906,53.599998474121094,52.605770111083984,17020000.0
2022-08-31,DELTA.BK,53.0,54.400001525878906,50.79999923706055,52.400001525878906,51.42803192138672,43457000.0
2022-09-01,DELTA.BK,53.0,53.599998474121094,51.79999923706055,52.400001525878906,51.42803192138672,17994000.0
2022-09-02,DELTA.BK,52.400001525878906,52.599998474121094,50.599998474121094,51.0,50.05399703979492,18322000.0
2022-09-05,DELTA.BK,50.599998474121094,52.599998474121094,48.79999923706055,52.400001525878906,51.42803192138672,39522000.0
2022-09-06,DELTA.BK,52.599998474121094,52.79999923706055,51.400001525878906,51.79999923706055,50.83915710449219,15914000.0
2022-09-07,DELTA.BK,52.0,57.20000076293945,52.0,57.20000076293945,56.13899612426758,63307000.0
2022-09-08,DELTA.BK,57.599998474121094,61.599998474121094,57.599998474121094,60.400001525878906,59.279640197753906,64082000.0
2022-09-09,DELTA.BK,61.400001525878906,67.4000015258789,59.79999923706055,66.80000305175781,65.56092834472656,99656000.0
2022-09-12,DELTA.BK,66.80000305175781,69.4000015258789,66.0,66.4000015258789,65.16835021972656,41588000.0
2022-09-13,DELTA.BK,67.0,67.5999984741211,61.20000076293945,61.20000076293945,60.06480026245117,37002000.0
2022-09-14,DELTA.BK,59.0,63.599998474121094,58.0,62.20000076293945,61.0462532043457,80630000.0
2022-09-15,DELTA.BK,63.20000076293945,64.19999694824219,58.400001525878906,58.400001525878906,57.31673812866211,63489000.0
2022-09-16,DELTA.BK,58.400001525878906,60.79999923706055,58.0,59.0,57.90560531616211,42954000.0
2022-09-19,DELTA.BK,59.20000076293945,63.0,59.20000076293945,61.79999923706055,60.65367126464844,39297000.0
2022-09-20,DELTA.BK,62.79999923706055,64.80000305175781,61.20000076293945,61.400001525878906,60.26108932495117,44288000.0
2022-09-21,DELTA.BK,62.400001525878906,62.599998474121094,61.400001525878906,61.599998474121094,60.45737838745117,22108000.0
2022-09-22,DELTA.BK,61.79999923706055,63.79999923706055,61.79999923706055,63.599998474121094,62.42028045654297,35102000.0
2022-09-23,DELTA.BK,64.19999694824219,64.19999694824219,61.20000076293945,62.0,60.84996032714844,37330000.0
2022-09-26,DELTA.BK,61.599998474121094,63.20000076293945,61.400001525878906,62.79999923706055,61.63511657714844,23003000.0
2022-09-27,DELTA.BK,63.20000076293945,63.79999923706055,62.20000076293945,62.20000076293945,61.0462532043457,26221000.0
2022-09-28,DELTA.BK,61.79999923706055,63.20000076293945,61.79999923706055,62.599998474121094,61.43882369995117,17912000.0
2022-09-29,DELTA.BK,63.20000076293945,67.0,62.400001525878906,66.0,64.77576446533203,71308000.0
2022-09-30,DELTA.BK,66.0,67.4000015258789,64.0,65.4000015258789,64.1868896484375,40540000.0
2022-10-03,DELTA.BK,64.80000305175781,65.80000305175781,62.0,62.0,60.84996032714844,26460000.0
2022-10-04,DELTA.BK,64.5999984741211,69.0,64.0,66.80000305175781,65.56092834472656,64727000.0
2022-10-05,DELTA.BK,67.5999984741211,68.5999984741211,65.4000015258789,66.5999984741211,65.36463165283203,26971000.0
2022-10-06,DELTA.BK,67.4000015258789,70.80000305175781,67.4000015258789,70.0,68.70156860351562,56084000.0
2022-10-07,DELTA.BK,70.0,70.0,65.0,65.80000305175781,64.57947540283203,49976000.0
2022-10-10,DELTA.BK,64.19999694824219,66.5999984741211,64.19999694824219,66.19999694824219,64.97205352783203,21472000.0
2022-10-11,DELTA.BK,66.19999694824219,67.0,64.5999984741211,66.5999984741211,65.36463165283203,24519000.0
2022-10-12,DELTA.BK,66.4000015258789,66.5999984741211,63.79999923706055,64.0,62.812862396240234,24985000.0
2022-10-17,DELTA.BK,65.0,67.0,64.5999984741211,66.5999984741211,65.36463165283203,26941000.0
2022-10-18,DELTA.BK,67.19999694824219,68.5999984741211,66.19999694824219,67.80000305175781,66.54237365722656,26114000.0
2022-10-19,DELTA.BK,68.0,68.5999984741211,65.80000305175781,67.0,65.75721740722656,24618000.0
2022-10-20,DELTA.BK,66.5999984741211,67.0,61.0,61.20000076293945,60.06480026245117,61922000.0
2022-10-21,DELTA.BK,62.400001525878906,63.79999923706055,61.79999923706055,62.599998474121094,61.43882369995117,27685000.0
2022-10-25,DELTA.BK,63.20000076293945,66.80000305175781,61.400001525878906,66.5999984741211,65.36463165283203,60996000.0
2022-10-26,DELTA.BK,64.0,65.19999694824219,59.400001525878906,60.400001525878906,59.279640197753906,65468000.0
2022-10-27,DELTA.BK,60.79999923706055,61.400001525878906,54.79999923706055,55.79999923706055,54.764957427978516,92957000.0
2022-10-28,DELTA.BK,56.20000076293945,59.400001525878906,56.20000076293945,59.400001525878906,58.29819107055664,47342000.0
2022-10-31,DELTA.BK,59.79999923706055,60.400001525878906,58.0,58.0,56.924156188964844,23918000.0
2022-11-01,DELTA.BK,58.599998474121094,61.0,58.599998474121094,60.400001525878906,59.279640197753906,31018000.0
2022-11-02,DELTA.BK,60.400001525878906,60.79999923706055,58.79999923706055,59.79999923706055,58.690765380859375,17126000.0
2022-11-03,DELTA.BK,60.0,62.20000076293945,60.0,62.0,60.84996032714844,25210000.0
2022-11-04,DELTA.BK,62.0,62.0,60.20000076293945,60.20000076293945,59.08334732055664,18388000.0
2022-11-07,DELTA.BK,61.0,62.20000076293945,60.79999923706055,61.0,59.868507385253906,18371000.0
2022-11-08,DELTA.BK,61.400001525878906,62.0,61.0,61.20000076293945,60.06480026245117,10189000.0
2022-11-09,DELTA.BK,61.599998474121094,62.0,59.599998474121094,60.79999923706055,59.672218322753906,18381000.0
2022-11-10,DELTA.BK,60.20000076293945,61.20000076293945,60.20000076293945,60.599998474121094,59.475929260253906,9474000.0
2022-11-11,DELTA.BK,62.0,63.79999923706055,61.599998474121094,62.0,60.84996032714844,41847000.0
2022-11-14,DELTA.BK,61.400001525878906,63.0,60.400001525878906,62.400001525878906,61.24253845214844,16416000.0
2022-11-15,DELTA.BK,62.79999923706055,63.599998474121094,62.400001525878906,63.20000076293945,62.0276985168457,15510000.0
2022-11-16,DELTA.BK,62.79999923706055,64.0,62.400001525878906,63.400001525878906,62.22399139404297,17010000.0
2022-11-17,DELTA.BK,63.79999923706055,64.0,63.0,63.79999923706055,62.61656951904297,15969000.0
2022-11-18,DELTA.BK,63.79999923706055,66.80000305175781,63.79999923706055,66.0,64.77576446533203,25219000.0
2022-11-21,DELTA.BK,65.4000015258789,65.5999984741211,63.599998474121094,64.0,62.812862396240234,17055000.0
2022-11-22,DELTA.BK,64.5999984741211,66.19999694824219,64.4000015258789,65.19999694824219,63.990604400634766,12476000.0
2022-11-23,DELTA.BK,66.0,67.0,65.0,65.5999984741211,64.38318634033203,18228000.0
2022-11-24,DELTA.BK,66.19999694824219,66.80000305175781,65.5999984741211,66.5999984741211,65.36463165283203,11620000.0
2022-11-25,DELTA.BK,66.5999984741211,66.5999984741211,65.5999984741211,66.19999694824219,64.97205352783203,5016000.0
2022-11-28,DELTA.BK,66.4000015258789,67.5999984741211,65.5999984741211,66.5999984741211,65.36463165283203,12387000.0
2022-11-29,DELTA.BK,66.80000305175781,66.80000305175781,64.4000015258789,65.5999984741211,64.38318634033203,18329000.0
2022-11-30,DELTA.BK,65.80000305175781,67.19999694824219,65.80000305175781,67.19999694824219,65.95350646972656,20417000.0
2022-12-01,DELTA.BK,68.4000015258789,78.19999694824219,68.19999694824219,76.4000015258789,74.98284912109375,102840000.0
2022-12-02,DELTA.BK,77.5999984741211,79.5999984741211,76.0,77.19999694824219,75.76801300048828,43913000.0
2022-12-06,DELTA.BK,76.4000015258789,77.80000305175781,73.80000305175781,74.0,72.62737274169922,27878000.0
2022-12-07,DELTA.BK,73.5999984741211,74.19999694824219,68.5999984741211,69.4000015258789,68.1126937866211,28326000.0
2022-12-08,DELTA.BK,70.4000015258789,71.4000015258789,67.80000305175781,68.19999694824219,66.93495178222656,25059000.0
2022-12-09,DELTA.BK,68.80000305175781,72.0,67.80000305175781,70.0,68.70156860351562,28875000.0
2022-12-13,DELTA.BK,71.5999984741211,72.5999984741211,69.80000305175781,70.0,68.70156860351562,20319000.0
2022-12-14,DELTA.BK,71.0,74.5999984741211,70.5999984741211,72.19999694824219,70.86076354980469,44584000.0
2022-12-15,DELTA.BK,72.5999984741211,72.5999984741211,70.4000015258789,71.19999694824219,69.87930297851562,17088000.0
2022-12-16,DELTA.BK,70.80000305175781,72.0,68.5999984741211,68.5999984741211,67.32752990722656,34968000.0
2022-12-19,DELTA.BK,69.0,70.19999694824219,67.80000305175781,68.4000015258789,67.1312484741211,17396000.0
2022-12-20,DELTA.BK,68.5999984741211,69.19999694824219,65.4000015258789,66.19999694824219,64.97205352783203,21975000.0
2022-12-21,DELTA.BK,70.0,72.4000015258789,68.80000305175781,71.80000305175781,70.46818542480469,50761000.0
2022-12-22,DELTA.BK,72.19999694824219,72.80000305175781,69.0,70.4000015258789,69.09414672851562,35155000.0
2022-12-23,DELTA.BK,70.19999694824219,71.80000305175781,69.80000305175781,70.80000305175781,69.48672485351562,23765000.0
2022-12-26,DELTA.BK,71.19999694824219,72.80000305175781,70.80000305175781,72.0,70.66446685791016,32572000.0
2022-12-27,DELTA.BK,72.19999694824219,72.19999694824219,70.5999984741211,71.5999984741211,70.27188110351562,25917000.0
2022-12-28,DELTA.BK,71.5999984741211,71.80000305175781,69.80000305175781,70.4000015258789,69.09414672851562,28894000.0
2022-12-29,DELTA.BK,70.19999694824219,72.19999694824219,69.5999984741211,72.19999694824219,70.86076354980469,35077000.0
2022-12-30,DELTA.BK,72.5999984741211,87.5999984741211,71.80000305175781,83.0,81.4604263305664,234826000.0
2023-01-03,DELTA.BK,84.0,93.5999984741211,83.5999984741211,93.0,91.27494049072266,139164000.0
2023-01-04,DELTA.BK,92.80000305175781,99.0,89.19999694824219,91.19999694824219,89.50831604003906,96624000.0
2023-01-05,DELTA.BK,89.4000015258789,89.80000305175781,80.0,80.5999984741211,79.10494995117188,89514000.0
2023-01-06,DELTA.BK,80.0,82.80000305175781,79.80000305175781,80.80000305175781,79.30123901367188,47353000.0
2023-01-09,DELTA.BK,82.80000305175781,86.19999694824219,82.5999984741211,84.19999694824219,82.63816833496094,45375000.0
2023-01-10,DELTA.BK,85.0,86.4000015258789,83.19999694824219,83.19999694824219,81.6567153930664,36992000.0
2023-01-11,DELTA.BK,84.5999984741211,85.5999984741211,84.19999694824219,85.0,83.42332458496094,23654000.0
2023-01-12,DELTA.BK,85.80000305175781,87.19999694824219,84.4000015258789,87.19999694824219,85.58251953125,33801000.0
2023-01-13,DELTA.BK,87.5999984741211,88.19999694824219,82.5999984741211,83.0,81.4604263305664,41636000.0
2023-01-16,DELTA.BK,83.5999984741211,85.5999984741211,83.0,84.4000015258789,82.83446502685547,25484000.0
2023-01-17,DELTA.BK,84.4000015258789,85.19999694824219,83.80000305175781,84.19999694824219,82.63816833496094,14962000.0
2023-01-18,DELTA.BK,84.80000305175781,88.0,84.80000305175781,86.0,84.40477752685547,33292000.0
2023-01-19,DELTA.BK,85.0,87.0,85.0,86.19999694824219,84.60106658935547,19227000.0
2023-01-20,DELTA.BK,86.80000305175781,87.19999694824219,85.19999694824219,86.0,84.40477752685547,19065000.0
2023-01-23,DELTA.BK,86.5999984741211,89.4000015258789,86.19999694824219,89.0,87.34912872314453,28264000.0
2023-01-24,DELTA.BK,90.5999984741211,93.4000015258789,87.80000305175781,88.4000015258789,86.76026916503906,47225000.0
2023-01-25,DELTA.BK,89.19999694824219,90.19999694824219,88.5999984741211,89.4000015258789,87.74171447753906,18612000.0
2023-01-26,DELTA.BK,90.0,90.4000015258789,87.4000015258789,87.80000305175781,86.17140197753906,19479000.0
2023-01-27,DELTA.BK,88.4000015258789,88.5999984741211,87.19999694824219,87.19999694824219,85.58251953125,11498000.0
2023-01-30,DELTA.BK,87.80000305175781,90.0,87.5999984741211,89.80000305175781,88.13429260253906,21482000.0
2023-01-31,DELTA.BK,90.80000305175781,91.80000305175781,89.4000015258789,90.0,88.3305892944336,33459000.0
2023-02-01,DELTA.BK,90.5999984741211,91.80000305175781,89.5999984741211,89.80000305175781,88.13429260253906,17673000.0
2023-02-02,DELTA.BK,90.80000305175781,94.4000015258789,90.4000015258789,91.5999984741211,89.9009017944336,34237000.0
2023-02-03,DELTA.BK,92.19999694824219,95.0,91.5999984741211,95.0,93.23784637451172,42615000.0
2023-02-06,DELTA.BK,95.0,96.0,93.19999694824219,95.0,93.23784637451172,26845000.0
2023-02-07,DELTA.BK,96.5999984741211,99.5999984741211,96.19999694824219,97.0,95.20073699951172,41226500.0
2023-02-08,DELTA.BK,97.5999984741211,97.80000305175781,93.0,93.0,91.27494049072266,27700000.0
2023-02-09,DELTA.BK,93.4000015258789,94.19999694824219,91.5999984741211,92.19999694824219,90.48977661132812,17657000.0
2023-02-10,DELTA.BK,92.0,93.4000015258789,89.0,89.5999984741211,87.93800354003906,24925000.0
2023-02-13,DELTA.BK,89.80000305175781,90.5999984741211,88.4000015258789,90.19999694824219,88.52687072753906,17161000.0
2023-02-14,DELTA.BK,90.80000305175781,92.4000015258789,87.80000305175781,88.0,86.36769104003906,29049000.0
2023-02-15,DELTA.BK,88.80000305175781,91.19999694824219,88.80000305175781,90.4000015258789,88.72315979003906,19431000.0
2023-02-16,DELTA.BK,93.4000015258789,98.80000305175781,93.0,97.5999984741211,95.78961181640625,71422500.0
2023-02-17,DELTA.BK,97.5999984741211,98.80000305175781,94.5999984741211,95.19999694824219,93.43412780761719,32175500.0
2023-02-20,DELTA.BK,96.19999694824219,96.4000015258789,95.0,95.80000305175781,94.02300262451172,8340500.0
2023-02-21,DELTA.BK,95.80000305175781,97.19999694824219,95.4000015258789,97.0,95.20073699951172,15277000.0
2023-02-22,DELTA.BK,96.5999984741211,98.0,96.0,96.5999984741211,94.80815887451172,11571000.0
2023-02-23,DELTA.BK,96.5999984741211,97.19999694824219,95.80000305175781,96.80000305175781,95.00445556640625,9559000.0
2023-02-24,DELTA.BK,97.0,97.4000015258789,93.5999984741211,94.19999694824219,92.45268249511719,17814500.0
2023-02-27,DELTA.BK,93.5999984741211,95.19999694824219,93.4000015258789,93.5999984741211,91.86380767822266,9774500.0
2023-02-28,DELTA.BK,94.0,94.80000305175781,91.0,91.19999694824219,89.8924789428711,20670000.0
2023-03-01,DELTA.BK,92.19999694824219,98.80000305175781,91.5999984741211,98.5999984741211,97.18638610839844,44683000.0
2023-03-02,DELTA.BK,97.80000305175781,101.5999984741211,97.0,100.0,98.56632232666016,44551500.0
2023-03-03,DELTA.BK,100.0,100.19999694824219,95.19999694824219,97.5999984741211,96.20072937011719,30721500.0
2023-03-07,DELTA.BK,98.19999694824219,100.5999984741211,97.80000305175781,99.5999984741211,98.17205810546875,16022500.0
2023-03-08,DELTA.BK,98.80000305175781,100.19999694824219,98.19999694824219,99.0,97.58065795898438,12781500.0
2023-03-09,DELTA.BK,99.0,101.0,98.5999984741211,99.4000015258789,97.97492218017578,21824000.0
2023-03-10,DELTA.BK,99.19999694824219,100.19999694824219,98.4000015258789,99.19999694824219,97.77779388427734,16733000.0
2023-03-13,DELTA.BK,99.4000015258789,100.19999694824219,97.5999984741211,97.80000305175781,96.39786529541016,25921500.0
2023-03-14,DELTA.BK,98.4000015258789,98.4000015258789,92.5999984741211,93.4000015258789,92.06095123291016,29059500.0
2023-03-15,DELTA.BK,95.0,98.0,94.5999984741211,97.4000015258789,96.00360107421875,20275000.0
2023-03-16,DELTA.BK,97.4000015258789,97.80000305175781,95.80000305175781,97.19999694824219,95.80646514892578,13197500.0
2023-03-17,DELTA.BK,98.5999984741211,102.0,98.4000015258789,99.5999984741211,98.17205810546875,34947500.0
2023-03-20,DELTA.BK,99.19999694824219,101.19999694824219,97.19999694824219,98.0,96.5949935913086,23936000.0
2023-03-21,DELTA.BK,98.0,100.19999694824219,97.80000305175781,98.80000305175781,97.38352966308594,19554000.0
2023-03-22,DELTA.BK,99.80000305175781,99.80000305175781,99.0,99.4000015258789,97.97492218017578,9570000.0
2023-03-23,DELTA.BK,99.5999984741211,100.19999694824219,98.4000015258789,98.80000305175781,97.38352966308594,8378000.0
2023-03-24,DELTA.BK,99.0,100.5999984741211,99.0,99.4000015258789,97.97492218017578,14989000.0
2023-03-27,DELTA.BK,99.80000305175781,99.80000305175781,98.5999984741211,99.19999694824219,97.77779388427734,6355000.0
2023-03-28,DELTA.BK,99.5999984741211,99.5999984741211,97.80000305175781,97.80000305175781,96.39786529541016,14300000.0
2023-03-29,DELTA.BK,98.4000015258789,100.5999984741211,98.19999694824219,100.5999984741211,99.15772247314453,24387500.0
2023-03-30,DELTA.BK,100.4000015258789,110.80000305175781,99.80000305175781,110.0,108.4229507446289,55501500.0
2023-03-31,DELTA.BK,110.0,115.4000015258789,108.0,114.19999694824219,112.56273651123047,46606500.0
2023-04-03,DELTA.BK,108.0,109.4000015258789,96.4000015258789,97.0,95.60932922363281,25985500.0
2023-04-04,DELTA.BK,96.0,98.4000015258789,95.19999694824219,96.4000015258789,95.01793670654297,8771500.0
2023-04-05,DELTA.BK,96.19999694824219,97.0,87.0,88.19999694824219,86.93549346923828,17645000.0
2023-04-07,DELTA.BK,89.0,93.4000015258789,86.80000305175781,91.4000015258789,90.08961486816406,10316500.0
2023-04-10,DELTA.BK,90.5999984741211,96.80000305175781,89.80000305175781,96.80000305175781,95.4122085571289,8328000.0
2023-04-11,DELTA.BK,98.0,98.19999694824219,95.19999694824219,96.5999984741211,95.2150650024414,6859000.0
2023-04-12,DELTA.BK,96.5999984741211,96.5999984741211,91.4000015258789,95.0,93.63800048828125,10879000.0
2023-04-17,DELTA.BK,95.0,97.4000015258789,94.5999984741211,96.4000015258789,95.01793670654297,5955500.0
2023-04-18,DELTA.BK,96.19999694824219,96.5999984741211,95.4000015258789,95.80000305175781,94.42654418945312,3588500.0
2023-04-19,DELTA.BK,95.19999694824219,98.0,92.80000305175781,97.19999694824219,95.80646514892578,12648500.0
2023-04-20,DELTA.BK,96.5999984741211,97.0,95.5999984741211,96.0,94.62366485595703,4697500.0
2023-04-21,DELTA.BK,95.4000015258789,96.0,86.0,89.0,87.7240219116211,16452000.0
2023-04-24,DELTA.BK,89.0,92.4000015258789,88.80000305175781,90.5999984741211,89.30108642578125,14154000.0
2023-04-25,DELTA.BK,91.0,91.5999984741211,88.5999984741211,88.80000305175781,87.52689361572266,14167500.0
2023-04-26,DELTA.BK,91.5999984741211,92.0,86.19999694824219,89.5999984741211,88.3154296875,16673000.0
2023-04-27,DELTA.BK,86.19999694824219,86.4000015258789,74.80000305175781,74.80000305175781,73.72760772705078,48980000.0
2023-04-28,DELTA.BK,74.75,80.0,70.5,72.75,71.70700073242188,36755500.0
2023-05-02,DELTA.BK,74.0,77.0,72.75,76.5,75.40324401855469,17801400.0
2023-05-03,DELTA.BK,75.0,76.75,73.25,76.5,75.40324401855469,26056700.0
2023-05-08,DELTA.BK,78.0,79.75,76.5,79.75,78.60664367675781,19641700.0
2023-05-09,DELTA.BK,79.5,79.75,77.0,78.75,77.62097930908203,14717500.0
2023-05-10,DELTA.BK,79.25,79.25,75.75,78.0,76.88172912597656,19648600.0
2023-05-11,DELTA.BK,79.5,79.75,77.25,77.5,76.38890075683594,13056300.0
2023-05-12,DELTA.BK,77.25,78.0,75.5,77.25,76.14248657226562,10968800.0
2023-05-15,DELTA.BK,79.0,82.25,77.75,81.75,80.57796478271484,22118400.0
2023-05-16,DELTA.BK,81.25,82.5,80.0,80.25,79.09947204589844,10931100.0
2023-05-17,DELTA.BK,81.0,82.25,79.25,80.5,79.34588623046875,11858500.0
2023-05-18,DELTA.BK,81.25,89.75,81.0,87.5,86.24553680419922,33926900.0
2023-05-19,DELTA.BK,88.5,89.5,87.25,89.0,87.7240219116211,16784900.0
2023-05-22,DELTA.BK,88.0,93.0,87.0,92.25,90.92743682861328,23421200.0
2023-05-23,DELTA.BK,92.0,92.25,86.0,87.0,85.75270080566406,32843600.0
2023-05-24,DELTA.BK,85.75,88.75,85.5,88.0,86.73836517333984,14999800.0
2023-05-25,DELTA.BK,90.0,95.75,90.0,94.0,92.65234375,41948400.0
2023-05-26,DELTA.BK,94.0,95.75,93.25,93.25,91.91309356689453,20184800.0
2023-05-29,DELTA.BK,95.0,96.75,94.75,96.25,94.87008666992188,14468200.0
2023-05-30,DELTA.BK,97.5,98.0,96.25,96.75,95.36290740966797,12385500.0
2023-05-31,DELTA.BK,95.5,96.75,93.75,99.0,97.58065795898438,18492300.0
2023-06-01,DELTA.BK,99.0,100.5,97.75,98.0,96.5949935913086,20910100.0
2023-06-02,DELTA.BK,99.25,101.0,98.75,99.0,97.58065795898438,14164600.0
2023-06-06,DELTA.BK,100.0,103.0,100.0,101.5,100.04481506347656,19575300.0
2023-06-07,DELTA.BK,102.5,103.0,100.0,100.5,99.05915832519531,14842400.0
2023-06-08,DELTA.BK,100.5,103.5,98.75,103.5,102.01614379882812,15970800.0
2023-06-09,DELTA.BK,102.0,102.5,97.75,98.0,96.5949935913086,22637200.0
2023-06-12,DELTA.BK,97.75,100.5,97.75,99.75,98.31990814208984,8687500.0
2023-06-13,DELTA.BK,100.5,102.5,100.0,102.0,100.53765106201172,13463000.0
2023-06-14,DELTA.BK,103.0,103.5,101.0,102.0,100.53765106201172,5995500.0
2023-06-15,DELTA.BK,102.5,113.0,102.0,111.5,109.90145111083984,37758300.0
2023-06-16,DELTA.BK,113.0,115.0,108.5,111.5,109.90145111083984,21761400.0
2023-06-19,DELTA.BK,111.5,119.5,110.5,117.5,115.8154296875,17793300.0
2023-06-20,DELTA.BK,100.0,103.0,90.75,95.5,94.1308364868164,43150700.0
2023-06-21,DELTA.BK,93.75,96.5,91.5,96.25,94.87008666992188,13837900.0
2023-06-22,DELTA.BK,97.25,98.25,95.0,97.5,96.10215759277344,5786900.0
2023-06-23,DELTA.BK,97.25,99.25,96.75,98.75,97.33424377441406,4605900.0
2023-06-26,DELTA.BK,98.75,99.0,94.0,96.0,94.62366485595703,9264000.0
2023-06-27,DELTA.BK,97.0,98.25,95.75,97.25,95.85574340820312,4108300.0
2023-06-28,DELTA.BK,97.75,98.0,93.5,94.0,92.65234375,8755700.0
2023-06-29,DELTA.BK,93.5,95.75,90.75,92.0,90.68102264404297,17730100.0
2023-06-30,DELTA.BK,91.0,92.25,88.0,92.0,90.68102264404297,10359700.0
2023-07-03,DELTA.BK,92.5,94.0,92.25,93.75,92.40592956542969,3256900.0
2023-07-04,DELTA.BK,92.75,95.25,92.5,95.0,93.63800048828125,4090300.0
2023-07-05,DELTA.BK,93.25,97.0,93.0,96.5,95.11650085449219,6281800.0
2023-07-06,DELTA.BK,95.0,96.0,94.5,95.0,93.63800048828125,5054100.0
2023-07-07,DELTA.BK,94.5,98.75,93.5,98.75,97.33424377441406,12160000.0
2023-07-10,DELTA.BK,99.0,101.5,96.0,101.0,99.5519790649414,11158700.0
2023-07-11,DELTA.BK,104.5,105.5,100.5,101.0,99.5519790649414,15311500.0
2023-07-12,DELTA.BK,101.5,102.0,99.0,99.0,97.58065795898438,9617900.0
2023-07-13,DELTA.BK,99.75,101.5,99.25,101.0,99.5519790649414,5137200.0
2023-07-14,DELTA.BK,100.5,103.5,100.5,103.0,101.5233154296875,7356500.0
2023-07-17,DELTA.BK,104.0,104.5,103.5,104.0,102.50897979736328,4265600.0
2023-07-18,DELTA.BK,103.5,108.0,103.5,107.0,105.4659652709961,10397000.0
2023-07-19,DELTA.BK,107.0,108.0,104.5,105.5,103.98747253417969,7090100.0
2023-07-20,DELTA.BK,105.5,107.5,105.0,105.5,103.98747253417969,7520900.0
2023-07-21,DELTA.BK,106.0,106.5,104.0,105.5,103.98747253417969,7614000.0
2023-07-24,DELTA.BK,106.5,110.0,106.0,109.0,107.43729400634766,10379000.0
2023-07-25,DELTA.BK,110.0,111.0,108.5,109.5,107.93011474609375,6530600.0
2023-07-26,DELTA.BK,110.0,110.5,108.0,109.0,107.43729400634766,6530200.0
2023-07-27,DELTA.BK,109.5,111.5,108.5,109.5,107.93011474609375,12971300.0
2023-07-31,DELTA.BK,115.5,115.5,112.5,113.0,111.37993621826172,7958300.0
2023-08-02,DELTA.BK,112.0,116.0,111.0,114.5,112.85843658447266,13909600.0
2023-08-03,DELTA.BK,114.0,115.0,112.0,112.5,110.8871078491211,6588600.0
2023-08-04,DELTA.BK,112.5,114.0,112.5,112.5,110.8871078491211,4758800.0
2023-08-07,DELTA.BK,113.0,114.5,112.0,113.5,111.87277221679688,4903600.0
2023-08-08,DELTA.BK,114.0,116.0,113.0,113.0,111.37993621826172,8038200.0
2023-08-09,DELTA.BK,114.0,115.0,107.0,108.0,106.4516372680664,15581400.0
2023-08-10,DELTA.BK,108.5,109.0,103.0,105.5,103.98747253417969,12555100.0
2023-08-11,DELTA.BK,105.5,108.0,104.0,106.0,104.48030090332031,6122200.0
2023-08-15,DELTA.BK,107.0,108.0,103.5,103.5,102.01614379882812,5169700.0
2023-08-16,DELTA.BK,103.0,105.5,102.5,104.0,102.50897979736328,5631400.0
2023-08-17,DELTA.BK,103.0,105.0,101.5,104.5,103.00180053710938,6671400.0
2023-08-18,DELTA.BK,103.0,104.0,99.0,99.5,98.07349395751953,12292600.0
2023-08-21,DELTA.BK,101.0,102.5,98.75,101.0,99.5519790649414,7180900.0
2023-08-22,DELTA.BK,103.5,106.5,101.5,105.0,103.49463653564453,14357100.0
2023-08-23,DELTA.BK,106.5,106.5,103.0,103.0,101.5233154296875,10353900.0
2023-08-24,DELTA.BK,105.0,111.5,105.0,110.5,108.91577911376953,27785100.0
2023-08-25,DELTA.BK,109.0,109.5,105.5,107.5,105.95880126953125,16417200.0
2023-08-28,DELTA.BK,108.0,110.0,106.0,106.5,104.97313690185547,9953000.0
2023-08-29,DELTA.BK,108.0,109.5,107.0,109.0,107.43729400634766,7314400.0
2023-08-30,DELTA.BK,110.5,111.0,109.5,109.5,107.93011474609375,9494400.0
2023-08-31,DELTA.BK,109.5,110.0,106.5,108.5,106.9444580078125,8896200.0
2023-09-01,DELTA.BK,108.5,112.5,108.5,110.0,108.4229507446289,11984700.0
2023-09-04,DELTA.BK,110.0,110.5,108.5,109.0,107.43729400634766,3970500.0
2023-09-05,DELTA.BK,109.0,109.5,107.0,109.0,107.43729400634766,4321700.0
2023-09-06,DELTA.BK,108.5,109.0,107.5,108.0,106.4516372680664,4755200.0
2023-09-07,DELTA.BK,107.5,109.5,106.0,107.0,105.4659652709961,4408800.0
2023-09-08,DELTA.BK,107.0,107.5,105.5,105.5,103.98747253417969,4712800.0
2023-09-11,DELTA.BK,106.5,107.0,104.5,104.5,103.00180053710938,4690300.0
2023-09-12,DELTA.BK,105.5,110.0,105.5,108.0,106.4516372680664,8949600.0
2023-09-13,DELTA.BK,107.5,107.5,105.5,106.0,104.48030090332031,5729800.0
2023-09-14,DELTA.BK,106.5,110.0,106.5,108.0,106.4516372680664,9742400.0
2023-09-15,DELTA.BK,108.5,108.5,107.0,108.0,106.4516372680664,4961300.0
2023-09-18,DELTA.BK,106.5,107.0,103.5,106.5,104.97313690185547,9096200.0
2023-09-19,DELTA.BK,106.5,106.5,105.0,106.0,104.48030090332031,3247200.0
2023-09-20,DELTA.BK,106.0,107.0,104.5,106.0,104.48030090332031,4465500.0
2023-09-21,DELTA.BK,106.5,106.5,103.5,104.5,103.00180053710938,9851900.0
2023-09-22,DELTA.BK,105.0,108.0,104.5,107.5,105.95880126953125,8736800.0
2023-09-25,DELTA.BK,107.0,108.0,104.5,105.0,103.49463653564453,7078800.0
2023-09-26,DELTA.BK,104.5,106.0,104.0,104.0,102.50897979736328,6902400.0
2023-09-27,DELTA.BK,103.0,103.5,102.0,103.0,101.5233154296875,2468500.0
2023-09-28,DELTA.BK,103.0,105.5,102.5,104.0,102.50897979736328,11199700.0
2023-09-29,DELTA.BK,95.25,96.75,82.5,82.75,81.56362915039062,259955400.0
2023-10-02,DELTA.BK,82.0,89.0,81.75,87.0,85.75270080566406,59765400.0
2023-10-03,DELTA.BK,86.0,86.5,84.75,85.5,84.27420043945312,20813800.0
2023-10-04,DELTA.BK,85.5,85.75,82.75,83.75,82.5492935180664,17695700.0
2023-10-05,DELTA.BK,84.5,86.0,83.5,85.0,83.7813720703125,19143600.0
2023-10-06,DELTA.BK,85.75,85.75,80.0,80.5,79.34588623046875,23123000.0
2023-10-09,DELTA.BK,79.0,80.5,75.5,79.0,77.86740112304688,34243200.0
2023-10-10,DELTA.BK,81.5,83.75,80.25,83.25,82.05646514892578,19327800.0
2023-10-11,DELTA.BK,84.0,86.25,82.75,86.0,84.76703643798828,18508600.0
2023-10-12,DELTA.BK,86.0,86.0,84.25,84.5,83.28854370117188,12418100.0
2023-10-16,DELTA.BK,82.5,83.5,80.25,82.25,81.07079315185547,11295200.0
2023-10-17,DELTA.BK,83.0,84.0,80.75,83.75,82.5492935180664,13230700.0
2023-10-18,DELTA.BK,83.0,85.0,83.0,84.5,83.28854370117188,6645300.0
2023-10-19,DELTA.BK,83.25,84.25,82.75,84.0,82.79570770263672,7598600.0
2023-10-20,DELTA.BK,83.5,84.25,81.25,81.25,80.08512878417969,6893200.0
2023-10-24,DELTA.BK,82.0,82.0,79.25,80.25,79.09947204589844,10163300.0
2023-10-25,DELTA.BK,82.0,83.0,80.5,80.75,79.5923080444336,8977100.0
2023-10-26,DELTA.BK,79.25,79.75,72.25,72.25,71.21417236328125,32800800.0
2023-10-27,DELTA.BK,74.75,77.0,73.25,76.25,75.15682220458984,16699500.0
2023-10-30,DELTA.BK,77.0,82.25,76.5,81.25,80.08512878417969,24796500.0
2023-10-31,DELTA.BK,81.5,81.75,78.75,79.0,77.86740112304688,12645700.0
2023-11-01,DELTA.BK,79.5,81.25,79.5,80.5,79.34588623046875,12351600.0
2023-11-02,DELTA.BK,82.0,85.75,81.5,84.25,83.04212951660156,20439400.0
2023-11-03,DELTA.BK,85.25,85.5,83.5,83.5,82.3028793334961,9924800.0
2023-11-06,DELTA.BK,85.25,86.25,84.0,84.25,83.04212951660156,9013800.0
2023-11-07,DELTA.BK,83.0,84.25,83.0,84.25,83.04212951660156,6657900.0
2023-11-08,DELTA.BK,85.0,85.25,83.25,83.25,82.05646514892578,7503000.0
2023-11-09,DELTA.BK,83.25,83.75,81.0,83.5,82.3028793334961,9610100.0
2023-11-10,DELTA.BK,81.5,82.0,77.5,77.75,76.63531494140625,18989200.0
2023-11-13,DELTA.BK,78.75,80.25,77.75,79.25,78.11381530761719,11157100.0
2023-11-14,DELTA.BK,79.75,80.0,77.5,78.5,77.37456512451172,7305400.0
2023-11-15,DELTA.BK,81.0,84.5,81.0,84.25,83.04212951660156,18449900.0
2023-11-16,DELTA.BK,85.0,85.0,82.25,83.0,81.81004333496094,7624700.0
2023-11-17,DELTA.BK,81.0,82.5,80.5,81.25,80.08512878417969,7445100.0
2023-11-20,DELTA.BK,80.25,82.5,79.75,82.5,81.31721496582031,8708200.0
2023-11-21,DELTA.BK,83.75,84.75,83.25,84.0,82.79570770263672,8341200.0
2023-11-22,DELTA.BK,83.5,84.0,80.25,81.0,79.83871459960938,12475700.0
2023-11-23,DELTA.BK,81.75,82.0,79.25,80.25,79.09947204589844,9109200.0
2023-11-24,DELTA.BK,80.0,81.5,80.0,80.25,79.09947204589844,5875200.0
2023-11-27,DELTA.BK,79.5,80.5,78.5,80.0,78.85306549072266,8378400.0
2023-11-28,DELTA.BK,80.75,81.75,80.5,81.75,80.57796478271484,6590100.0
2023-11-29,DELTA.BK,81.75,81.75,76.0,77.0,75.89606475830078,18296200.0
2023-11-30,DELTA.BK,77.0,78.75,76.25,77.75,76.63531494140625,20222600.0
2023-12-01,DELTA.BK,79.25,79.25,77.0,77.5,76.38890075683594,10186000.0
2023-12-04,DELTA.BK,77.0,77.25,76.25,76.5,75.40324401855469,7938600.0
2023-12-06,DELTA.BK,78.0,79.75,77.0,78.25,77.1281509399414,10398800.0
2023-12-07,DELTA.BK,77.0,77.75,75.75,76.0,74.91040802001953,10567900.0
2023-12-08,DELTA.BK,77.25,81.25,77.25,81.0,79.83871459960938,16688600.0
2023-12-12,DELTA.BK,82.5,83.25,81.25,83.0,81.81004333496094,16731800.0
2023-12-13,DELTA.BK,82.0,82.25,80.5,81.5,80.33155059814453,9513100.0
2023-12-14,DELTA.BK,83.5,86.0,82.5,85.75,84.52061462402344,20768600.0
2023-12-15,DELTA.BK,85.75,86.0,82.5,83.25,82.05646514892578,25424000.0
2023-12-18,DELTA.BK,82.5,88.0,82.25,86.5,85.2598648071289,22090000.0
2023-12-19,DELTA.BK,91.0,92.75,89.5,90.25,88.95610809326172,23027300.0
2023-12-20,DELTA.BK,90.25,90.75,89.25,89.75,88.46327209472656,12595400.0
2023-12-21,DELTA.BK,88.5,92.75,88.25,91.0,89.69535827636719,17573600.0
2023-12-22,DELTA.BK,91.5,92.25,90.75,92.0,90.68102264404297,13190500.0
2023-12-25,DELTA.BK,92.25,95.5,92.25,94.0,92.65234375,21596300.0
2023-12-26,DELTA.BK,94.25,94.5,93.5,94.0,92.65234375,8403500.0
2023-12-27,DELTA.BK,94.0,94.25,91.25,91.25,89.9417724609375,20305800.0
2023-12-28,DELTA.BK,91.25,92.25,87.75,88.0,86.73836517333984,22652500.0
2024-01-03,DELTA.BK,91.0,91.0,89.5,90.0,88.70968627929688,12454600.0
2024-01-04,DELTA.BK,90.25,90.75,86.75,87.0,85.75270080566406,26853100.0
2024-01-05,DELTA.BK,86.75,88.0,84.25,84.25,83.04212951660156,21972100.0
2024-01-08,DELTA.BK,83.75,86.0,83.75,84.5,83.28854370117188,12203200.0
2024-01-09,DELTA.BK,86.75,87.75,85.0,85.25,84.02778625488281,16649700.0
2024-01-10,DELTA.BK,86.25,86.25,84.75,85.0,83.7813720703125,5903500.0
2024-01-11,DELTA.BK,85.25,85.75,84.0,84.25,83.04212951660156,7823900.0
2024-01-12,DELTA.BK,83.5,86.0,83.5,85.0,83.7813720703125,10733900.0
2024-01-15,DELTA.BK,85.25,85.75,84.25,84.75,83.53495788574219,5456100.0
2024-01-16,DELTA.BK,84.5,84.5,83.0,83.0,81.81004333496094,11301900.0
2024-01-17,DELTA.BK,82.25,83.75,82.0,82.75,81.56362915039062,16808400.0
2024-01-18,DELTA.BK,83.5,83.75,81.5,83.0,81.81004333496094,13493600.0
2024-01-19,DELTA.BK,84.25,85.5,83.25,84.0,82.79570770263672,11482200.0
2024-01-22,DELTA.BK,85.0,85.25,83.25,84.25,83.04212951660156,8843100.0
2024-01-23,DELTA.BK,84.5,86.0,83.0,83.25,82.05646514892578,9663500.0
2024-01-24,DELTA.BK,83.0,85.25,82.5,85.25,84.02778625488281,9504900.0
2024-01-25,DELTA.BK,84.5,85.25,81.25,82.5,81.31721496582031,12623400.0
2024-01-26,DELTA.BK,82.5,83.25,81.5,82.0,80.82437896728516,6054600.0
2024-01-29,DELTA.BK,82.5,82.5,78.0,79.0,77.86740112304688,20110500.0
2024-01-30,DELTA.BK,79.75,80.5,79.5,80.0,78.85306549072266,8999000.0
2024-01-31,DELTA.BK,80.0,80.0,78.5,78.75,77.62097930908203,6936000.0
2024-02-01,DELTA.BK,78.5,78.75,77.5,78.0,76.88172912597656,7170900.0
2024-02-02,DELTA.BK,78.75,81.5,78.75,80.75,79.5923080444336,10158700.0
2024-02-05,DELTA.BK,80.25,81.0,79.5,80.5,79.34588623046875,6648700.0
2024-02-06,DELTA.BK,80.0,83.25,80.0,82.75,81.56362915039062,13461200.0
2024-02-07,DELTA.BK,83.0,83.5,81.75,81.75,80.57796478271484,7944500.0
2024-02-08,DELTA.BK,81.0,82.25,80.75,80.75,79.5923080444336,5535100.0
2024-02-09,DELTA.BK,80.5,81.5,80.5,80.5,79.34588623046875,3716800.0
2024-02-12,DELTA.BK,81.25,81.75,81.0,81.25,80.08512878417969,2663900.0
2024-02-13,DELTA.BK,81.5,83.25,81.5,82.0,80.82437896728516,7011800.0
2024-02-14,DELTA.BK,80.25,80.5,78.25,79.0,77.86740112304688,12564300.0
2024-02-15,DELTA.BK,79.5,82.0,78.75,81.5,80.33155059814453,14987600.0
2024-02-16,DELTA.BK,82.5,82.5,76.75,77.5,76.38890075683594,33249100.0
2024-02-19,DELTA.BK,77.5,79.0,77.5,78.0,76.88172912597656,14994200.0
2024-02-20,DELTA.BK,78.25,78.25,74.0,74.75,73.67832946777344,23445100.0
2024-02-21,DELTA.BK,73.5,75.75,73.0,75.0,73.92474365234375,18208400.0
2024-02-22,DELTA.BK,76.0,76.75,74.0,74.25,73.18549346923828,14257200.0
2024-02-23,DELTA.BK,75.25,75.25,73.5,73.75,72.69265747070312,12498000.0
2024-02-27,DELTA.BK,74.5,75.0,73.25,73.75,72.69265747070312,7619300.0
2024-02-28,DELTA.BK,73.0,73.0,69.0,69.0,68.01075744628906,19786200.0
2024-02-29,DELTA.BK,69.25,72.25,69.25,71.25,70.22850036621094,22069100.0
2024-03-01,DELTA.BK,71.25,71.5,68.0,68.0,67.02510070800781,14031100.0
2024-03-04,DELTA.BK,68.0,68.75,66.75,67.0,66.03943634033203,13499500.0
2024-03-05,DELTA.BK,67.25,67.5,65.25,65.5,64.56094360351562,17977900.0
2024-03-06,DELTA.BK,64.0,69.0,63.25,68.5,67.51792907714844,22058000.0
2024-03-07,DELTA.BK,69.25,69.5,65.75,67.5,66.97222900390625,17174700.0
2024-03-08,DELTA.BK,68.25,71.0,68.0,70.25,69.70072937011719,22110700.0
2024-03-11,DELTA.BK,69.5,69.75,68.25,68.75,68.21246337890625,6575400.0
2024-03-12,DELTA.BK,68.75,68.75,68.75,68.75,68.21246337890625,0.0
2024-03-13,DELTA.BK,69.75,69.75,68.25,68.75,68.21246337890625,8019100.0
2024-03-14,DELTA.BK,68.75,69.0,67.5,69.0,68.46050262451172,6443000.0
2024-03-15,DELTA.BK,69.0,69.0,69.0,69.0,68.46050262451172,0.0
2024-03-18,DELTA.BK,66.75,68.75,66.75,68.25,67.71636962890625,8798700.0
2024-03-19,DELTA.BK,67.5,68.0,66.75,66.75,66.22809600830078,8797800.0
2024-03-20,DELTA.BK,66.75,66.75,66.75,66.75,66.22809600830078,0.0
2024-03-21,DELTA.BK,68.0,72.5,68.0,72.25,71.68509674072266,26929800.0
2024-03-22,DELTA.BK,72.25,72.25,72.25,72.25,71.68509674072266,0.0
2024-03-25,DELTA.BK,73.0,74.75,72.25,73.0,72.42922973632812,15129300.0
2024-03-26,DELTA.BK,73.0,73.0,73.0,73.0,72.42922973632812,0.0
2024-03-27,DELTA.BK,73.5,74.5,73.25,73.5,72.9253158569336,5968900.0
2024-03-28,DELTA.BK,73.5,73.5,73.5,73.5,72.9253158569336,0.0
2024-03-29,DELTA.BK,72.75,75.25,72.5,74.5,73.91749572753906,7675100.0
2024-04-01,DELTA.BK,74.25,74.75,72.75,74.5,73.91749572753906,7918500.0
2024-04-02,DELTA.BK,74.0,75.5,73.75,75.0,74.41358947753906,9437600.0
2024-04-03,DELTA.BK,74.25,74.5,73.5,74.0,73.4214096069336,7251200.0
2024-04-04,DELTA.BK,74.0,74.0,74.0,74.0,73.4214096069336,0.0
2024-04-05,DELTA.BK,72.5,74.0,72.25,73.0,72.42922973632812,6584200.0
2024-04-09,DELTA.BK,73.0,73.0,73.0,73.0,72.42922973632812,0.0
2024-04-10,DELTA.BK,78.5,80.75,78.5,79.75,79.12644958496094,14440600.0
2024-04-11,DELTA.BK,79.25,79.25,76.0,76.25,75.65381622314453,11186300.0
2024-04-17,DELTA.BK,73.5,74.0,71.25,71.5,70.94095611572266,24273800.0
2024-04-18,DELTA.BK,71.5,71.5,71.5,71.5,70.94095611572266,0.0
2024-04-19,DELTA.BK,71.5,71.5,71.5,71.5,70.94095611572266,0.0
2024-04-22,DELTA.BK,71.0,71.25,69.25,69.5,68.95658874511719,14002800.0
2024-04-23,DELTA.BK,70.25,71.0,69.5,70.0,69.45268249511719,11836100.0
2024-04-24,DELTA.BK,70.0,70.0,70.0,70.0,69.45268249511719,0.0
2024-04-25,DELTA.BK,71.75,73.75,71.75,73.0,72.42922973632812,10881600.0
2024-04-26,DELTA.BK,73.5,74.0,73.0,73.75,73.1733627319336,8690500.0
2024-04-29,DELTA.BK,73.0,73.0,68.25,70.0,69.45268249511719,27100900.0
2024-04-30,DELTA.BK,70.5,71.5,70.0,70.0,69.45268249511719,13839300.0
2024-05-02,DELTA.BK,70.5,71.25,69.0,69.0,68.46050262451172,17819700.0
2024-05-03,DELTA.BK,70.0,70.75,69.5,70.0,69.45268249511719,6394200.0
2024-05-07,DELTA.BK,70.0,70.0,70.0,70.0,69.45268249511719,0.0
2024-05-08,DELTA.BK,73.5,73.75,72.5,73.25,72.67727661132812,11027500.0
2024-05-09,DELTA.BK,72.75,73.0,71.5,71.5,70.94095611572266,7278300.0
2024-05-10,DELTA.BK,72.25,72.5,71.25,71.75,71.18900299072266,4347600.0
2024-05-13,DELTA.BK,71.5,71.5,70.5,70.75,70.19682312011719,6691400.0
2024-05-14,DELTA.BK,71.25,72.25,71.0,71.25,70.69290924072266,5397700.0
2024-05-15,DELTA.BK,71.25,71.25,71.25,71.25,70.69290924072266,0.0
2024-05-16,DELTA.BK,71.25,71.25,71.25,71.25,70.69290924072266,0.0
2024-05-17,DELTA.BK,75.0,77.75,74.25,76.75,76.14990997314453,16538300.0
2024-05-20,DELTA.BK,76.75,76.75,76.75,76.75,76.14990997314453,0.0
2024-05-21,DELTA.BK,74.75,75.5,73.75,74.5,73.91749572753906,9517600.0
2024-05-23,DELTA.BK,75.0,77.5,74.75,77.0,76.39794921875,20575500.0
2024-05-24,DELTA.BK,77.0,77.0,77.0,77.0,76.39794921875,0.0
2024-05-27,DELTA.BK,76.0,76.5,74.5,75.0,74.41358947753906,9236900.0
2024-05-28,DELTA.BK,75.5,75.75,73.75,74.25,73.6694564819336,8533400.0
2024-05-29,DELTA.BK,73.75,75.0,73.0,73.25,72.67727661132812,12601800.0
2024-05-30,DELTA.BK,73.25,73.25,73.25,73.25,72.67727661132812,0.0
2024-05-31,DELTA.BK,73.25,73.25,73.25,73.25,72.67727661132812,0.0
2024-06-04,DELTA.BK,75.75,76.25,73.0,73.25,72.67727661132812,13694200.0
2024-06-05,DELTA.BK,73.75,74.25,71.25,72.5,71.93313598632812,11234800.0
2024-06-06,DELTA.BK,74.25,76.25,74.0,75.5,74.90967559814453,24483400.0
2024-06-07,DELTA.BK,75.5,75.5,75.5,75.5,74.90967559814453,0.0
2024-06-10,DELTA.BK,74.5,74.5,72.5,74.25,73.6694564819336,12090000.0
2024-06-11,DELTA.BK,74.5,75.5,73.75,74.75,74.1655502319336,10552500.0
2024-06-12,DELTA.BK,74.75,78.75,74.75,78.0,77.39012908935547,25425300.0
2024-06-13,DELTA.BK,79.5,79.75,78.25,78.5,77.88622283935547,17113100.0
2024-06-14,DELTA.BK,78.5,80.5,77.75,79.75,79.12644958496094,15346700.0
2024-06-17,DELTA.BK,79.5,79.5,77.75,79.0,78.38231658935547,9282300.0
2024-06-18,DELTA.BK,79.0,79.0,79.0,79.0,78.38231658935547,0.0
2024-06-19,DELTA.BK,79.0,79.0,79.0,79.0,78.38231658935547,0.0
2024-06-20,DELTA.BK,87.75,87.75,85.25,87.25,86.56781005859375,24498000.0
2024-06-21,DELTA.BK,85.75,87.75,84.75,84.75,84.08735656738281,28113400.0
2024-06-24,DELTA.BK,83.5,86.25,83.25,86.0,85.32758331298828,14974400.0
2024-06-25,DELTA.BK,86.0,86.0,86.0,86.0,85.32758331298828,0.0
2024-06-26,DELTA.BK,86.0,86.0,86.0,86.0,85.32758331298828,0.0
2024-06-27,DELTA.BK,84.0,84.25,83.0,83.75,83.09517669677734,10223200.0
2024-06-28,DELTA.BK,84.25,84.5,83.25,83.25,82.59909057617188,11713500.0
2024-07-01,DELTA.BK,83.25,83.25,83.25,83.25,82.59909057617188,0.0
2024-07-02,DELTA.BK,83.0,83.75,81.25,82.0,81.35885620117188,11321900.0
2024-07-03,DELTA.BK,82.25,83.75,82.0,82.75,82.10299682617188,10411100.0
2024-07-04,DELTA.BK,84.25,85.0,83.75,84.5,83.83930969238281,8992800.0
2024-07-05,DELTA.BK,85.0,85.75,84.25,85.25,84.58345031738281,11402800.0
2024-07-08,DELTA.BK,85.5,86.0,84.25,85.25,84.58345031738281,8404500.0
2024-07-09,DELTA.BK,85.25,85.25,85.25,85.25,84.58345031738281,0.0
2024-07-10,DELTA.BK,86.0,86.75,85.25,86.5,85.82366943359375,6033800.0
2024-07-11,DELTA.BK,88.0,91.5,87.75,90.75,90.04044342041016,30284200.0
2024-07-12,DELTA.BK,90.75,90.75,90.75,90.75,90.04044342041016,0.0
2024-07-15,DELTA.BK,90.75,90.75,90.75,90.75,90.04044342041016,0.0
2024-07-16,DELTA.BK,91.25,93.75,91.0,93.5,92.7689437866211,32953300.0
2024-07-17,DELTA.BK,93.5,93.5,93.5,93.5,92.7689437866211,0.0
2024-07-18,DELTA.BK,91.0,93.25,90.75,92.5,91.7767562866211,22314000.0
2024-07-19,DELTA.BK,91.5,93.0,91.5,92.25,91.52871704101562,10333500.0
2024-07-23,DELTA.BK,93.5,93.75,91.25,91.5,90.78457641601562,10469200.0
2024-07-24,DELTA.BK,91.25,92.5,90.5,91.75,91.03263092041016,11259800.0
2024-07-25,DELTA.BK,89.5,91.5,89.25,91.5,90.78457641601562,21112600.0
2024-07-26,DELTA.BK,91.75,93.0,90.5,92.75,92.02481079101562,19133200.0
2024-07-30,DELTA.BK,92.75,92.75,92.75,92.75,92.02481079101562,0.0
2024-07-31,DELTA.BK,100.5,103.0,100.0,102.0,101.20248413085938,17269000.0
2024-08-01,DELTA.BK,102.5,105.0,101.5,103.5,102.69075012207031,15015100.0
2024-08-02,DELTA.BK,101.5,103.0,100.0,101.0,100.21029663085938,17597800.0
2024-08-05,DELTA.BK,97.25,97.25,93.25,95.25,94.50526428222656,42372700.0
2024-08-06,DELTA.BK,97.5,99.0,96.25,96.75,95.9935302734375,21152000.0
2024-08-07,DELTA.BK,98.25,101.0,98.0,101.0,100.21029663085938,17720000.0
2024-08-08,DELTA.BK,101.0,101.0,101.0,101.0,100.21029663085938,0.0
2024-08-09,DELTA.BK,102.0,103.5,100.0,102.0,101.20248413085938,15286800.0
2024-08-13,DELTA.BK,103.0,104.5,101.0,101.5,100.70639038085938,15157400.0
2024-08-14,DELTA.BK,102.0,103.5,101.0,102.5,101.69857025146484,9746500.0
2024-08-15,DELTA.BK,102.5,103.0,101.5,102.5,101.69857025146484,5484100.0
2024-08-16,DELTA.BK,103.0,104.0,103.0,104.0,103.18684387207031,5502500.0
2024-08-19,DELTA.BK,104.0,104.0,104.0,104.0,103.18684387207031,0.0
2024-08-20,DELTA.BK,104.0,107.0,103.5,105.5,104.67511749267578,14114900.0
2024-08-21,DELTA.BK,105.0,105.0,102.0,103.5,102.69075012207031,12617100.0
2024-08-22,DELTA.BK,103.5,103.5,103.5,103.5,102.69075012207031,0.0
2024-08-23,DELTA.BK,101.5,102.5,101.0,102.0,101.20248413085938,9713300.0
2024-08-26,DELTA.BK,100.0,102.5,99.25,102.5,101.69857025146484,11498600.0
2024-08-27,DELTA.BK,102.0,103.5,101.5,102.5,101.69857025146484,7376900.0
2024-08-28,DELTA.BK,103.0,108.0,102.5,107.0,106.16338348388672,21794800.0
2024-08-29,DELTA.BK,104.5,106.0,103.0,105.0,104.17902374267578,15863000.0
2024-08-30,DELTA.BK,105.5,109.0,105.0,106.5,105.66729736328125,25171700.0
2024-09-02,DELTA.BK,106.5,106.5,106.5,106.5,105.66729736328125,0.0
2024-09-03,DELTA.BK,106.5,106.5,106.5,106.5,105.66729736328125,0.0
2024-09-04,DELTA.BK,106.5,106.5,106.5,106.5,105.66729736328125,0.0
2024-09-05,DELTA.BK,107.0,107.5,105.5,107.0,106.16338348388672,12056300.0
2024-09-06,DELTA.BK,108.0,109.0,101.0,101.0,100.21029663085938,27410900.0
2024-09-09,DELTA.BK,101.0,101.0,101.0,101.0,100.21029663085938,0.0
2024-09-10,DELTA.BK,103.0,104.5,102.0,104.0,103.18684387207031,16857600.0
2024-09-11,DELTA.BK,103.0,104.0,101.5,101.5,100.70639038085938,9459500.0
2024-09-12,DELTA.BK,103.5,106.0,103.5,104.0,103.18684387207031,15131900.0
2024-09-13,DELTA.BK,105.5,105.5,103.0,103.5,102.69075012207031,8091400.0
2024-09-16,DELTA.BK,103.5,103.5,103.5,103.5,102.69075012207031,0.0
2024-09-17,DELTA.BK,103.5,103.5,103.5,103.5,102.69075012207031,0.0
2024-09-18,DELTA.BK,103.5,103.5,103.5,103.5,102.69075012207031,0.0
2024-09-19,DELTA.BK,104.5,109.0,103.5,108.5,107.65165710449219,22898200.0
2024-09-20,DELTA.BK,109.0,109.5,106.5,107.0,106.16338348388672,13776000.0
2024-09-23,DELTA.BK,108.0,108.5,105.5,107.0,106.16338348388672,7523300.0
2024-09-24,DELTA.BK,107.0,111.5,106.5,110.0,109.13993072509766,17378700.0
2024-09-25,DELTA.BK,111.5,112.0,108.0,109.5,108.64383697509766,12065700.0
2024-09-26,DELTA.BK,111.0,111.5,109.5,110.0,109.13993072509766,6304300.0
2024-09-27,DELTA.BK,110.0,110.0,110.0,110.0,109.13993072509766,0.0
2024-09-30,DELTA.BK,108.5,109.5,107.0,107.0,106.16338348388672,9741800.0
2024-10-01,DELTA.BK,107.0,110.5,107.0,109.5,108.64383697509766,9266800.0
2024-10-02,DELTA.BK,108.5,109.5,108.0,108.5,107.65165710449219,4338300.0
2024-10-03,DELTA.BK,108.0,108.0,106.5,106.5,105.66729736328125,5638800.0
2024-10-04,DELTA.BK,106.5,106.5,106.5,106.5,105.66729736328125,0.0
2024-10-07,DELTA.BK,108.0,109.0,107.0,108.5,107.65165710449219,6219000.0
2024-10-08,DELTA.BK,107.5,111.0,107.0,107.5,106.65947723388672,11375500.0
2024-10-09,DELTA.BK,109.0,110.5,108.5,110.5,109.63601684570312,17775000.0
2024-10-10,DELTA.BK,112.0,118.0,111.5,116.0,115.093017578125,28949500.0
2024-10-11,DELTA.BK,116.5,120.0,115.5,117.0,116.08519744873047,22026000.0
2024-10-15,DELTA.BK,118.0,126.5,118.0,122.0,121.04610443115234,22918200.0
2024-10-16,DELTA.BK,122.0,122.0,122.0,122.0,121.04610443115234,0.0
2024-10-17,DELTA.BK,125.5,127.0,124.0,126.0,125.01483154296875,10975200.0
2024-10-18,DELTA.BK,126.0,131.5,125.5,130.5,129.47964477539062,15809600.0
2024-10-21,DELTA.BK,133.0,133.5,129.0,129.5,128.4874725341797,9715200.0
2024-10-22,DELTA.BK,129.5,129.5,129.5,129.5,128.4874725341797,0.0
2024-10-24,DELTA.BK,129.5,136.0,129.0,135.0,133.9444580078125,14549200.0
2024-10-25,DELTA.BK,135.0,135.0,135.0,135.0,133.9444580078125,0.0
2024-10-28,DELTA.BK,135.0,135.0,126.0,127.0,126.00701141357422,25426400.0
2024-10-29,DELTA.BK,125.0,129.0,125.0,126.0,125.01483154296875,14196200.0
2024-10-30,DELTA.BK,128.0,133.5,127.0,131.5,130.47183227539062,17358600.0
2024-10-31,DELTA.BK,131.5,140.0,131.0,138.0,136.92100524902344,23197400.0
2024-11-01,DELTA.BK,138.0,139.5,136.5,138.0,136.92100524902344,13041800.0
2024-11-04,DELTA.BK,139.5,141.5,138.5,139.5,138.40928649902344,11585000.0
2024-11-05,DELTA.BK,140.0,150.0,139.5,148.5,147.3389129638672,32777700.0
2024-11-06,DELTA.BK,150.5,159.5,149.5,155.5,154.2841796875,38370300.0
2024-11-07,DELTA.BK,158.0,160.5,155.5,157.0,155.77244567871094,20969000.0
2024-11-08,DELTA.BK,156.0,157.0,149.0,155.0,153.7880859375,32256900.0
2024-11-11,DELTA.BK,155.5,159.5,154.0,157.0,155.77244567871094,11817000.0
2024-11-12,DELTA.BK,157.0,159.0,155.5,157.5,156.26853942871094,8989300.0
2024-11-13,DELTA.BK,158.5,167.0,158.0,162.0,160.7333526611328,17602700.0
2024-11-14,DELTA.BK,162.0,167.0,161.5,165.0,163.70989990234375,15079400.0
2024-11-15,DELTA.BK,167.5,169.0,163.0,163.5,162.2216339111328,18240400.0
2024-11-18,DELTA.BK,165.0,166.0,160.0,164.5,163.21380615234375,13687100.0
2024-11-19,DELTA.BK,166.0,170.0,165.5,165.5,164.20599365234375,10723800.0
2024-11-20,DELTA.BK,167.5,173.5,166.5,173.5,172.14344787597656,13951400.0
2024-11-21,DELTA.BK,147.0,155.0,141.0,145.0,143.86627197265625,28831400.0
2024-11-22,DELTA.BK,146.0,147.0,141.5,146.0,144.85845947265625,11377800.0
2024-11-25,DELTA.BK,147.5,148.0,145.0,145.5,144.36236572265625,16921100.0
2024-11-26,DELTA.BK,145.5,153.0,145.5,151.5,150.31546020507812,10034400.0
2024-11-27,DELTA.BK,152.5,152.5,148.5,151.0,149.81935119628906,7604200.0
2024-11-28,DELTA.BK,151.5,153.0,150.0,151.5,150.31546020507812,7535500.0
2024-11-29,DELTA.BK,152.5,153.0,148.5,150.5,149.32327270507812,14039100.0
2024-12-02,DELTA.BK,151.0,152.0,146.0,152.0,150.81153869628906,10954500.0
2024-12-03,DELTA.BK,152.5,153.0,149.5,151.0,149.81935119628906,8944600.0
2024-12-04,DELTA.BK,150.5,152.0,149.5,151.0,149.81935119628906,8335700.0
2024-12-06,DELTA.BK,152.0,152.0,149.5,150.5,149.32327270507812,13360000.0
2024-12-09,DELTA.BK,150.0,153.0,147.0,152.5,151.30763244628906,16674600.0
2024-12-11,DELTA.BK,150.5,153.0,150.0,151.0,149.81935119628906,14512900.0
2024-12-12,DELTA.BK,155.0,161.0,153.5,155.5,154.2841796875,28482800.0
2024-12-13,DELTA.BK,154.0,154.5,149.0,151.5,150.31546020507812,24948700.0
2024-12-16,DELTA.BK,152.0,152.0,149.5,151.0,149.81935119628906,13943800.0
2024-12-17,DELTA.BK,152.0,154.5,150.0,151.0,149.81935119628906,17233400.0
2024-12-18,DELTA.BK,152.5,153.0,150.5,151.5,150.31546020507812,14123300.0
2024-12-19,DELTA.BK,149.5,152.5,149.0,150.0,148.82717895507812,16566800.0
2024-12-20,DELTA.BK,150.5,153.0,148.5,149.5,148.3311004638672,21550200.0
2024-12-23,DELTA.BK,151.5,152.5,149.0,152.0,150.81153869628906,17059500.0
2024-12-24,DELTA.BK,153.0,154.5,150.5,151.0,149.81935119628906,16441300.0
2024-12-25,DELTA.BK,152.0,152.0,150.5,150.5,149.32327270507812,6489200.0
2024-12-26,DELTA.BK,150.5,152.5,150.5,152.5,151.30763244628906,5079500.0
2024-12-27,DELTA.BK,151.5,155.0,151.0,152.5,151.30763244628906,21784300.0
2024-12-30,DELTA.BK,153.0,158.0,151.5,152.5,151.30763244628906,24994500.0
2025-01-02,DELTA.BK,152.5,153.0,138.5,139.0,137.91317749023438,43716800.0
2025-01-03,DELTA.BK,139.5,144.0,139.5,143.0,141.8819122314453,16135600.0
2025-01-06,DELTA.BK,145.0,146.0,144.0,145.0,143.86627197265625,8302500.0
2025-01-07,DELTA.BK,146.5,153.5,146.0,152.0,150.81153869628906,22096200.0
2025-01-08,DELTA.BK,152.5,155.0,151.5,154.5,153.29200744628906,11187200.0
2025-01-09,DELTA.BK,155.5,158.0,154.0,155.5,154.2841796875,17465100.0
2025-01-10,DELTA.BK,156.0,159.0,155.0,156.5,155.2763671875,19111200.0
2025-01-13,DELTA.BK,155.0,155.0,148.5,148.5,147.3389129638672,21871500.0
2025-01-14,DELTA.BK,151.0,151.0,137.0,143.5,142.3780059814453,84674300.0
2025-01-15,DELTA.BK,145.5,145.5,138.0,140.0,138.90536499023438,26565200.0
2025-01-16,DELTA.BK,144.0,144.0,137.5,138.5,137.41709899902344,21436300.0
2025-01-17,DELTA.BK,137.0,140.5,136.0,138.5,137.41709899902344,16675200.0
2025-01-20,DELTA.BK,140.0,142.5,139.0,140.5,139.40145874023438,10751600.0
2025-01-21,DELTA.BK,142.0,144.5,141.5,142.5,141.3858184814453,13222300.0
2025-01-22,DELTA.BK,144.0,147.0,143.5,147.0,145.8506317138672,15240200.0
2025-01-23,DELTA.BK,148.5,150.5,146.5,146.5,145.35455322265625,15032000.0
2025-01-24,DELTA.BK,148.0,148.0,144.5,147.0,145.8506317138672,10449800.0
2025-01-27,DELTA.BK,144.5,145.0,138.0,138.0,136.92100524902344,20737000.0
2025-01-28,DELTA.BK,130.0,135.0,130.0,134.5,133.44837951660156,23961900.0
2025-01-29,DELTA.BK,137.0,137.5,133.5,134.5,133.44837951660156,12505600.0
2025-01-30,DELTA.BK,133.5,134.0,128.0,128.5,127.49528503417969,20227600.0
2025-01-31,DELTA.BK,129.5,131.0,126.0,126.0,125.01483154296875,21439800.0
2025-02-03,DELTA.BK,115.0,126.0,114.0,125.5,124.51873779296875,21511000.0
2025-02-04,DELTA.BK,127.0,129.0,123.0,123.0,122.03828430175781,19948100.0
2025-02-05,DELTA.BK,117.5,121.0,112.5,114.5,113.60474395751953,35295600.0
2025-02-06,DELTA.BK,115.5,116.0,108.5,110.0,109.13993072509766,29369500.0
2025-02-07,DELTA.BK,109.0,115.0,109.0,114.0,113.10865783691406,21983200.0
2025-02-10,DELTA.BK,111.0,112.5,108.0,112.0,111.1242904663086,22886400.0
2025-02-11,DELTA.BK,115.0,115.0,112.5,114.0,113.10865783691406,9734600.0
2025-02-13,DELTA.BK,115.0,118.5,114.0,115.5,114.596923828125,21294700.0
2025-02-14,DELTA.BK,116.5,117.0,112.0,113.0,112.11647033691406,16660000.0
2025-02-17,DELTA.BK,79.25,88.5,79.25,86.5,85.82366943359375,83792200.0
2025-02-18,DELTA.BK,87.0,87.0,77.5,77.75,77.14208984375,50749700.0
2025-02-19,DELTA.BK,77.0,81.5,76.75,77.75,77.14208984375,31592800.0
2025-02-20,DELTA.BK,77.5,80.5,75.5,77.25,76.64600372314453,36129400.0
2025-02-21,DELTA.BK,78.0,78.75,74.75,75.0,74.41358947753906,19949300.0
2025-02-24,DELTA.BK,74.25,76.0,72.25,76.0,75.40576934814453,19636500.0
2025-02-25,DELTA.BK,75.0,76.5,74.0,75.25,74.66163635253906,18025800.0
2025-02-26,DELTA.BK,76.0,82.5,75.5,82.5,81.85494995117188,30939500.0
2025-02-27,DELTA.BK,81.0,83.75,80.25,80.75,80.56785583496094,23466400.0
2025-02-28,DELTA.BK,76.0,78.5,75.25,77.25,77.07575225830078,34461100.0
2025-03-03,DELTA.BK,78.25,79.5,70.25,71.25,71.08928680419922,36008100.0
2025-03-04,DELTA.BK,71.0,73.25,70.0,70.25,70.09154510498047,20987700.0
2025-03-05,DELTA.BK,73.0,75.5,71.75,75.5,75.32970428466797,25850100.0
2025-03-06,DELTA.BK,76.75,82.0,75.75,77.5,77.32518768310547,38787900.0
2025-03-07,DELTA.BK,77.0,81.25,76.25,81.25,81.06673431396484,19286700.0
2025-03-10,DELTA.BK,79.75,80.0,76.25,76.5,76.32744598388672,21106900.0
2025-03-11,DELTA.BK,74.25,75.75,71.25,74.0,73.83308410644531,30983300.0
2025-03-12,DELTA.BK,73.5,74.0,69.0,69.0,68.8443603515625,29343500.0
2025-03-13,DELTA.BK,70.5,71.75,69.25,70.0,69.84210968017578,20070600.0
2025-03-14,DELTA.BK,70.75,71.25,69.25,70.25,70.09154510498047,14788800.0
2025-03-17,DELTA.BK,70.5,72.0,69.25,69.25,69.09379577636719,16918900.0
2025-03-18,DELTA.BK,70.75,71.75,69.75,71.0,70.83985137939453,13155100.0
2025-03-19,DELTA.BK,71.75,73.0,70.5,70.75,70.59041595458984,14664100.0
2025-03-20,DELTA.BK,71.0,71.75,66.75,66.75,66.59943389892578,25844400.0
2025-03-21,DELTA.BK,67.75,69.25,66.75,69.0,68.8443603515625,23386800.0
2025-03-24,DELTA.BK,70.0,70.0,67.0,68.25,68.09605407714844,10181500.0
2025-03-25,DELTA.BK,69.0,70.5,67.5,70.0,69.84210968017578,19384600.0
2025-03-26,DELTA.BK,70.25,74.75,70.25,73.5,73.33421325683594,28478600.0
2025-03-27,DELTA.BK,72.5,72.75,71.0,72.25,72.08702850341797,13648300.0
2025-03-28,DELTA.BK,71.5,71.5,68.75,69.0,68.8443603515625,12954900.0
2025-03-31,DELTA.BK,65.75,67.25,65.5,65.75,65.60169219970703,22623900.0
2025-04-01,DELTA.BK,67.0,67.0,66.25,66.75,66.59943389892578,7164700.0
2025-04-02,DELTA.BK,67.25,69.0,67.0,67.5,67.34774780273438,8580900.0
2025-04-03,DELTA.BK,65.0,65.5,59.0,60.5,60.3635368347168,26206000.0
2025-04-04,DELTA.BK,59.5,59.5,56.25,56.75,56.62199401855469,27236900.0
2025-04-08,DELTA.BK,53.0,60.25,51.25,59.5,59.36579132080078,45128600.0
2025-04-09,DELTA.BK,59.5,61.75,56.75,60.0,59.864662170410156,19396100.0
2025-04-10,DELTA.BK,66.75,69.25,66.25,69.25,69.09379577636719,26683200.0
2025-04-11,DELTA.BK,70.0,70.25,67.0,68.75,68.59492492675781,19440600.0
2025-04-16,DELTA.BK,70.25,70.25,63.0,66.25,66.1005630493164,36862100.0
2025-04-17,DELTA.BK,65.25,67.5,65.0,66.0,65.85112762451172,15309600.0
2025-04-18,DELTA.BK,66.0,69.75,65.75,69.0,68.8443603515625,17245100.0
2025-04-21,DELTA.BK,68.75,71.5,68.0,68.0,67.84661865234375,16369400.0
2025-04-22,DELTA.BK,68.0,69.5,67.0,69.25,69.09379577636719,15347000.0
2025-04-23,DELTA.BK,71.5,77.5,70.5,76.5,76.32744598388672,55832500.0
2025-04-24,DELTA.BK,76.5,80.75,75.5,75.5,75.32970428466797,45754500.0
2025-04-25,DELTA.BK,79.25,84.75,78.25,82.0,81.8150405883789,45770300.0
2025-04-28,DELTA.BK,86.5,87.75,82.75,83.25,83.06221771240234,37714400.0
2025-04-29,DELTA.BK,84.0,88.0,84.0,88.0,87.80150604248047,33741800.0
2025-04-30,DELTA.BK,90.0,98.0,89.25,98.0,97.77894592285156,68549900.0
2025-05-02,DELTA.BK,104.5,106.5,100.5,101.5,101.27105712890625,26661800.0
2025-05-06,DELTA.BK,103.5,103.5,98.25,100.0,99.7744369506836,21119000.0
2025-05-07,DELTA.BK,102.5,105.0,101.0,104.5,104.26428985595703,17680700.0
2025-05-08,DELTA.BK,103.5,105.5,101.0,101.0,100.77218627929688,14685300.0
2025-05-09,DELTA.BK,102.5,104.5,100.0,104.0,103.76541900634766,15499800.0
2025-05-13,DELTA.BK,110.0,111.5,107.0,107.0,106.75865173339844,19856300.0
2025-05-14,DELTA.BK,108.0,114.0,107.5,114.0,113.74285888671875,23181700.0
2025-05-15,DELTA.BK,113.0,116.0,110.0,111.5,111.24849700927734,22646000.0
2025-05-16,DELTA.BK,113.0,115.5,110.5,114.5,114.24172973632812,14891500.0
2025-05-19,DELTA.BK,113.0,113.5,107.0,107.0,106.75865173339844,17874500.0
2025-05-20,DELTA.BK,110.0,111.0,107.0,107.5,107.25752258300781,15571600.0
2025-05-21,DELTA.BK,108.5,111.5,105.0,106.5,106.25977325439453,21274600.0
2025-05-22,DELTA.BK,105.5,109.0,105.0,108.0,107.75639343261719,14118000.0
2025-05-23,DELTA.BK,109.0,110.0,108.0,108.0,107.75639343261719,6377600.0
2025-05-26,DELTA.BK,109.0,112.0,105.5,111.5,111.24849700927734,16848600.0
2025-05-27,DELTA.BK,111.0,111.0,106.0,107.5,107.25752258300781,20049200.0
2025-05-28,DELTA.BK,109.0,110.0,104.0,104.0,103.76541900634766,18495200.0
2025-05-29,DELTA.BK,108.5,112.5,107.0,107.5,107.25752258300781,27668900.0
2025-05-30,DELTA.BK,105.0,106.5,103.5,104.0,103.76541900634766,59741600.0
2025-06-04,DELTA.BK,101.5,102.0,91.25,94.5,94.2868423461914,45665200.0
2025-06-05,DELTA.BK,97.0,98.5,95.75,97.75,97.52951049804688,16533500.0
2025-06-06,DELTA.BK,97.25,97.25,93.5,95.5,95.28459167480469,15042000.0
2025-06-09,DELTA.BK,97.0,101.0,97.0,99.5,99.27556610107422,16075200.0
2025-06-10,DELTA.BK,99.75,101.5,99.0,99.5,99.27556610107422,8691100.0
2025-06-11,DELTA.BK,101.0,101.5,99.75,101.0,100.77218627929688,8261200.0
2025-06-12,DELTA.BK,99.25,99.75,97.0,97.25,97.0306396484375,11188000.0
2025-06-13,DELTA.BK,96.0,100.0,95.5,99.5,99.27556610107422,14436700.0
2025-06-16,DELTA.BK,98.5,101.5,97.25,100.0,99.7744369506836,10955900.0
2025-06-17,DELTA.BK,101.0,101.0,98.0,99.0,98.77669525146484,9051300.0
2025-06-18,DELTA.BK,98.0,102.5,97.75,98.0,97.77894592285156,16412900.0
2025-06-19,DELTA.BK,96.75,99.25,96.75,98.25,98.02838897705078,12029400.0
2025-06-20,DELTA.BK,98.0,99.25,96.75,98.0,97.77894592285156,16991800.0
2025-06-23,DELTA.BK,97.0,98.0,95.25,96.25,96.03289794921875,14005600.0
2025-06-24,DELTA.BK,99.0,106.0,98.75,104.5,104.26428985595703,39907300.0
2025-06-25,DELTA.BK,104.0,107.0,104.0,105.0,104.7631607055664,17427800.0
2025-06-26,DELTA.BK,105.0,105.0,99.0,99.0,98.77669525146484,24549100.0
2025-06-27,DELTA.BK,99.75,99.75,95.75,96.0,95.78346252441406,23456700.0
2025-06-30,DELTA.BK,97.0,100.0,92.0,96.0,95.78346252441406,37750100.0
2025-07-01,DELTA.BK,98.0,104.5,97.0,104.0,103.76541900634766,28271300.0
2025-07-02,DELTA.BK,104.0,105.5,102.5,105.0,104.7631607055664,15020600.0
2025-07-03,DELTA.BK,106.0,110.0,105.0,110.0,109.75188446044922,23289800.0
2025-07-04,DELTA.BK,110.0,110.5,107.0,109.5,109.25300598144531,13171300.0
2025-07-07,DELTA.BK,106.5,111.0,105.5,110.5,110.2507553100586,16294100.0
2025-07-08,DELTA.BK,108.0,110.0,107.0,108.5,108.25526428222656,17502000.0
2025-07-09,DELTA.BK,108.5,109.5,105.5,106.0,105.76090240478516,10288000.0
2025-07-11,DELTA.BK,109.0,111.0,108.0,108.5,108.25526428222656,13679100.0
2025-07-14,DELTA.BK,108.5,112.0,108.0,112.0,111.74736785888672,10321000.0
2025-07-15,DELTA.BK,113.0,115.0,111.0,114.5,114.24172973632812,12449600.0
2025-07-16,DELTA.BK,114.5,116.0,112.5,114.5,114.24172973632812,11848900.0
2025-07-17,DELTA.BK,115.5,134.5,115.5,132.5,132.2011260986328,49582200.0
2025-07-18,DELTA.BK,131.0,138.0,130.5,137.5,137.18984985351562,28144000.0
2025-07-21,DELTA.BK,143.0,144.0,135.0,139.0,138.68646240234375,31644400.0
2025-07-22,DELTA.BK,139.0,141.5,135.0,137.0,136.69097900390625,17003300.0
2025-07-23,DELTA.BK,140.5,145.0,139.5,142.5,142.17857360839844,21927600.0
2025-07-24,DELTA.BK,142.0,144.0,139.5,140.5,140.18309020996094,17072500.0
2025-07-25,DELTA.BK,138.0,143.0,137.5,142.5,142.17857360839844,17148200.0
2025-07-29,DELTA.BK,144.0,145.5,139.5,143.0,142.6774444580078,20504800.0
2025-07-30,DELTA.BK,144.0,144.0,142.0,144.0,143.67518615722656,10282600.0
2025-07-31,DELTA.BK,145.0,150.0,142.0,146.0,145.67068481445312,23099200.0
2025-08-01,DELTA.BK,149.5,151.0,142.0,142.0,141.67970275878906,22059000.0
2025-08-04,DELTA.BK,143.5,148.0,142.0,147.5,147.16729736328125,15555800.0
2025-08-05,DELTA.BK,149.0,150.0,147.0,147.5,147.16729736328125,9740900.0
2025-08-06,DELTA.BK,148.5,148.5,145.0,147.5,147.16729736328125,12462600.0
2025-08-07,DELTA.BK,147.0,148.5,145.5,147.0,146.66842651367188,8200900.0
2025-08-08,DELTA.BK,145.5,147.0,143.0,144.0,143.67518615722656,11056500.0
2025-08-13,DELTA.BK,147.5,155.0,147.0,154.0,153.6526336669922,24921500.0
2025-08-14,DELTA.BK,153.5,156.5,151.0,151.0,150.65940856933594,13752100.0
2025-08-15,DELTA.BK,152.0,152.5,148.5,149.5,149.16278076171875,6895500.0
2025-08-18,DELTA.BK,149.5,151.0,147.5,147.5,147.16729736328125,7524600.0
2025-08-19,DELTA.BK,148.5,148.5,146.0,146.0,145.67068481445312,6421300.0
2025-08-20,DELTA.BK,144.5,146.0,140.5,145.0,144.6729278564453,13391200.0
2025-08-21,DELTA.BK,146.0,149.5,145.0,146.5,146.1695556640625,8889300.0
2025-08-22,DELTA.BK,148.0,153.0,147.0,151.0,150.65940856933594,10145100.0
2025-08-25,DELTA.BK,153.5,155.0,151.5,153.0,152.65489196777344,8504500.0
2025-08-26,DELTA.BK,151.0,152.0,149.0,150.0,149.66165161132812,11216200.0
2025-08-27,DELTA.BK,151.0,158.5,150.0,154.0,153.6526336669922,21146100.0
2025-08-28,DELTA.BK,153.0,154.0,150.0,150.0,149.66165161132812,12813800.0
2025-08-29,DELTA.BK,150.0,153.5,149.0,150.0,149.66165161132812,15162700.0
2025-09-01,DELTA.BK,149.0,150.0,148.0,149.0,148.66390991210938,6181300.0
2025-09-02,DELTA.BK,150.5,150.5,147.0,147.0,146.66842651367188,7225200.0
2025-09-03,DELTA.BK,148.5,152.5,148.0,151.0,150.65940856933594,9851800.0
2025-09-04,DELTA.BK,151.5,152.0,145.5,145.5,145.17181396484375,11619900.0
2025-09-05,DELTA.BK,147.5,149.0,146.5,147.5,147.16729736328125,8042500.0
2025-09-08,DELTA.BK,148.0,148.0,141.0,143.0,142.6774444580078,12768400.0
2025-09-09,DELTA.BK,143.0,147.5,142.5,145.5,145.17181396484375,13243100.0
2025-09-10,DELTA.BK,148.0,149.5,146.0,148.0,147.66616821289062,10443300.0
2025-09-11,DELTA.BK,148.0,156.5,148.0,154.5,154.15150451660156,20090800.0
2025-09-12,DELTA.BK,156.5,158.0,154.5,157.0,156.6458740234375,11631700.0
2025-09-15,DELTA.BK,157.0,160.5,155.0,160.0,159.63909912109375,14087900.0
2025-09-16,DELTA.BK,162.0,165.5,160.0,161.0,160.6368408203125,13051900.0
2025-09-17,DELTA.BK,161.5,164.5,161.0,162.5,162.1334686279297,7646600.0
2025-09-18,DELTA.BK,165.0,165.0,159.5,162.5,162.1334686279297,10360000.0
2025-09-19,DELTA.BK,164.0,164.5,161.0,161.0,160.6368408203125,10878800.0
2025-09-22,DELTA.BK,162.5,163.0,160.0,161.5,161.13571166992188,6123100.0
2025-09-23,DELTA.BK,163.0,171.0,163.0,167.0,166.62330627441406,19774900.0
2025-09-24,DELTA.BK,167.0,168.0,161.5,164.0,163.6300811767578,14583900.0
2025-09-25,DELTA.BK,164.0,166.0,162.5,165.0,164.62782287597656,8988500.0
2025-09-26,DELTA.BK,163.0,164.0,157.5,157.5,157.14474487304688,18178200.0
2025-09-29,DELTA.BK,160.0,162.5,158.5,161.5,161.13571166992188,16910600.0
2025-09-30,DELTA.BK,161.5,165.0,158.0,158.5,158.14248657226562,36873400.0
2025-10-01,DELTA.BK,160.0,170.5,159.5,168.0,167.62106323242188,33523100.0
2025-10-02,DELTA.BK,172.0,175.5,171.0,172.5,172.11090087890625,17838500.0
2025-10-03,DELTA.BK,173.0,181.5,172.5,178.0,177.59849548339844,18904500.0
2025-10-06,DELTA.BK,180.0,185.0,179.0,179.0,178.5962371826172,19561500.0
2025-10-07,DELTA.BK,179.0,179.0,179.0,179.0,178.5962371826172,0.0
2025-10-08,DELTA.BK,188.0,194.5,187.5,191.5,191.06805419921875,18770100.0
2025-10-09,DELTA.BK,195.0,201.0,194.5,197.5,197.0545196533203,22781800.0
2025-10-10,DELTA.BK,175.5,183.0,173.5,179.5,179.09512329101562,21993800.0
2025-10-14,DELTA.BK,181.0,186.5,176.5,180.5,180.09286499023438,11535900.0
2025-10-15,DELTA.BK,183.5,188.5,180.5,188.0,187.57594299316406,10656600.0
2025-10-16,DELTA.BK,190.0,194.0,188.5,193.5,193.06353759765625,9614400.0
2025-10-17,DELTA.BK,190.0,193.5,187.5,188.5,188.07481384277344,7111500.0
2025-10-20,DELTA.BK,191.0,194.0,189.5,193.0,192.56466674804688,5101200.0
2025-10-21,DELTA.BK,194.0,196.0,193.5,196.0,195.55789184570312,5101500.0
2025-10-22,DELTA.BK,195.5,202.0,193.5,199.5,199.0500030517578,9907100.0
2025-10-24,DELTA.BK,200.0,207.0,197.5,205.0,204.53759765625,8752700.0
2025-10-27,DELTA.BK,210.0,231.0,210.0,225.0,224.49249267578125,19792000.0
2025-10-28,DELTA.BK,229.0,232.0,221.0,223.0,222.4969940185547,12142900.0
2025-10-29,DELTA.BK,225.0,228.0,224.0,227.0,226.48797607421875,7479400.0
2025-10-30,DELTA.BK,223.0,226.0,214.0,220.0,219.50376892089844,10696400.0
2025-10-31,DELTA.BK,215.0,223.0,213.0,217.0,216.51052856445312,9374100.0
2025-11-03,DELTA.BK,220.0,223.0,218.0,221.0,220.5015106201172,4055300.0
2025-11-04,DELTA.BK,220.0,224.0,218.0,222.0,221.49925231933594,5819200.0
2025-11-05,DELTA.BK,214.0,220.0,211.0,219.0,218.50601196289062,6525000.0
2025-11-06,DELTA.BK,222.0,230.0,220.0,229.0,228.48345947265625,8346000.0
2025-11-07,DELTA.BK,229.0,231.0,224.0,224.0,223.49473571777344,4681400.0
2025-11-10,DELTA.BK,225.0,226.0,220.0,223.0,222.4969940185547,5707600.0
2025-11-11,DELTA.BK,222.0,224.0,217.0,218.0,217.50827026367188,5266900.0
2025-11-12,DELTA.BK,220.0,221.0,214.0,215.0,214.51504516601562,5762300.0
2025-11-13,DELTA.BK,217.0,221.0,213.0,218.0,217.50827026367188,4561700.0
2025-11-14,DELTA.BK,213.0,217.0,206.0,211.0,210.52406311035156,7369000.0
2025-11-17,DELTA.BK,210.0,213.0,206.0,213.0,212.51954650878906,4547900.0
2025-11-18,DELTA.BK,207.0,211.0,202.0,209.0,208.52857971191406,7160600.0
2025-11-19,DELTA.BK,210.0,214.0,206.0,214.0,213.51730346679688,5103300.0
2025-11-20,DELTA.BK,220.0,222.0,216.0,216.0,215.51278686523438,9760000.0
2025-11-21,DELTA.BK,208.0,211.0,199.0,201.0,200.54661560058594,15070800.0
2025-11-24,DELTA.BK,204.0,204.0,197.5,199.5,199.0500030517578,17809300.0
2025-11-25,DELTA.BK,204.0,208.0,202.0,208.0,207.5308380126953,11433100.0
2025-11-26,DELTA.BK,210.0,210.0,205.0,205.0,204.53759765625,8482000.0
2025-11-27,DELTA.BK,207.0,207.0,199.0,199.0,198.55113220214844,8189900.0
2025-11-28,DELTA.BK,200.0,204.0,198.5,201.0,200.54661560058594,9377700.0
2025-12-01,DELTA.BK,203.0,208.0,200.0,207.0,206.5330810546875,7343400.0
2025-12-02,DELTA.BK,207.0,208.0,200.0,206.0,205.53533935546875,7300200.0
2025-12-03,DELTA.BK,206.0,207.0,201.0,203.0,202.5421142578125,5221500.0
2025-12-04,DELTA.BK,203.0,205.0,198.5,199.0,198.55113220214844,8650300.0
2025-12-08,DELTA.BK,199.0,202.0,191.0,192.0,191.56692504882812,12458000.0
2025-12-09,DELTA.BK,194.5,199.0,194.0,197.5,197.0545196533203,9277500.0
2025-12-11,DELTA.BK,200.0,200.0,184.0,185.0,184.5827178955078,19013800.0
2025-12-12,DELTA.BK,187.0,189.0,182.0,182.0,181.5894775390625,11467000.0
2025-12-15,DELTA.BK,179.0,186.0,176.0,186.0,185.58045959472656,13651900.0
2025-12-16,DELTA.BK,184.5,184.5,175.0,176.0,175.60301208496094,17083100.0
2025-12-17,DELTA.BK,178.0,178.0,172.0,173.0,172.60977172851562,12130100.0
2025-12-18,DELTA.BK,172.0,173.5,166.5,168.0,167.62106323242188,16422500.0
2025-12-19,DELTA.BK,170.5,172.0,168.0,169.0,168.61880493164062,13772400.0
2025-12-22,DELTA.BK,174.0,182.0,173.0,182.0,181.5894775390625,17703800.0
2025-12-23,DELTA.BK,181.0,181.5,174.5,175.0,174.6052703857422,8915000.0
2025-12-24,DELTA.BK,176.0,178.0,175.0,177.0,176.6007537841797,4946100.0
2025-12-25,DELTA.BK,176.0,176.5,172.0,172.0,171.61203002929688,5353000.0
2025-12-26,DELTA.BK,172.5,174.0,169.5,170.0,169.61654663085938,5936600.0
2025-12-29,DELTA.BK,171.0,172.0,167.5,171.0,170.61428833007812,11494800.0
2025-12-30,DELTA.BK,169.5,173.0,169.5,173.0,172.60977172851562,15421700.0
2026-01-05,DELTA.BK,180.5,191.0,177.5,185.5,185.0815887451172,31995400.0
2026-01-06,DELTA.BK,186.0,187.5,181.0,183.0,182.58721923828125,18633600.0
2026-01-07,DELTA.BK,182.0,186.0,180.5,186.0,185.58045959472656,13937100.0
2026-01-08,DELTA.BK,174.0,176.0,160.0,162.0,161.63458251953125,98418900.0
2026-01-09,DELTA.BK,162.5,169.5,162.0,165.0,164.62782287597656,24354100.0
2026-01-12,DELTA.BK,168.5,168.5,162.0,162.0,161.63458251953125,11382200.0
2026-01-13,DELTA.BK,165.0,165.0,158.0,159.5,159.14022827148438,14391600.0
2026-01-14,DELTA.BK,163.0,163.5,159.0,160.0,159.63909912109375,14535800.0
2026-01-15,DELTA.BK,158.5,165.5,155.5,164.5,164.1289520263672,21586300.0
2026-01-16,DELTA.BK,166.0,170.5,163.5,167.0,166.62330627441406,21427600.0
2026-01-19,DELTA.BK,166.0,170.5,165.5,168.0,167.62106323242188,10534900.0
2026-01-20,DELTA.BK,167.0,176.0,167.0,171.5,171.1131591796875,22939200.0
2026-01-21,DELTA.BK,174.0,187.5,173.5,186.5,186.07933044433594,33048600.0
2026-01-22,DELTA.BK,188.5,195.0,187.0,193.5,193.06353759765625,32102600.0
2026-01-23,DELTA.BK,193.5,201.0,192.0,198.0,197.5533905029297,24671100.0
2026-01-26,DELTA.BK,198.5,199.0,191.5,193.0,192.56466674804688,13062400.0
2026-01-27,DELTA.BK,195.0,210.0,194.0,210.0,209.5263214111328,25786700.0
2026-01-28,DELTA.BK,213.0,215.0,208.0,209.0,208.52857971191406,15106700.0
2026-01-29,DELTA.BK,210.0,212.0,206.0,208.0,207.5308380126953,10701100.0
2026-01-30,DELTA.BK,204.0,209.0,203.0,205.0,204.53759765625,11507600.0
2026-02-02,DELTA.BK,204.0,205.0,195.5,200.0,199.5488739013672,16722700.0
2026-02-03,DELTA.BK,205.0,211.0,204.0,207.0,206.5330810546875,15873200.0
2026-02-04,DELTA.BK,205.0,210.0,204.0,209.0,208.52857971191406,9593500.0
2026-02-05,DELTA.BK,205.0,206.0,199.0,202.0,201.54437255859375,14245700.0
2026-02-06,DELTA.BK,199.0,207.0,199.0,207.0,206.5330810546875,11235900.0
2026-02-09,DELTA.BK,216.0,222.0,214.0,220.0,219.50376892089844,22476600.0
2026-02-10,DELTA.BK,227.0,228.0,217.0,217.0,216.51052856445312,19852700.0
2026-02-11,DELTA.BK,219.0,222.0,217.0,220.0,219.50376892089844,10574000.0
2026-02-12,DELTA.BK,222.0,226.0,218.0,224.0,223.49473571777344,12715400.0
2026-02-13,DELTA.BK,224.0,224.0,216.0,216.0,215.51278686523438,10327400.0
2026-02-16,DELTA.BK,221.0,224.0,219.0,221.0,220.5015106201172,9478700.0
2026-02-17,DELTA.BK,221.0,225.0,218.0,225.0,224.49249267578125,8679800.0
2026-02-18,DELTA.BK,225.0,229.0,221.0,224.0,223.49473571777344,12461100.0
2026-02-19,DELTA.BK,226.0,239.0,225.0,236.0,235.46766662597656,24696800.0
2026-02-20,DELTA.BK,235.0,238.0,232.0,234.0,233.47218322753906,10980200.0
2026-02-23,DELTA.BK,240.0,258.0,239.0,248.0,247.44061279296875,27272500.0
2026-02-24,DELTA.BK,251.0,251.0,244.0,248.0,247.44061279296875,14624700.0
2026-02-25,DELTA.BK,254.0,268.0,251.0,266.0,265.3999938964844,23936000.0
2026-02-26,DELTA.BK,275.0,283.0,269.0,277.0,277.0,18893600.0
2026-02-27,DELTA.BK,273.0,284.0,273.0,279.0,279.0,23466400.0
2026-03-02,DELTA.BK,275.0,292.0,267.0,267.0,267.0,20694400.0
2026-03-04,DELTA.BK,245.0,248.0,230.0,239.0,239.0,37907200.0
2026-03-05,DELTA.BK,253.0,265.0,248.0,258.0,258.0,32861400.0
2026-03-06,DELTA.BK,260.0,263.0,254.0,255.0,255.0,15921000.0
2026-03-09,DELTA.BK,236.0,247.0,226.0,245.0,245.0,28743100.0
2026-03-10,DELTA.BK,258.0,261.0,252.0,256.0,256.0,21122600.0
2026-03-11,DELTA.BK,261.0,267.0,258.0,258.0,258.0,19650800.0
2026-03-12,DELTA.BK,255.0,262.0,254.0,262.0,262.0,13038900.0
2026-03-13,DELTA.BK,260.0,262.0,254.0,255.0,255.0,14382900.0
2026-03-16,DELTA.BK,258.0,263.0,256.0,258.0,258.0,9659900.0
2026-03-17,DELTA.BK,266.0,272.0,264.0,268.0,268.0,20092000.0
2026-03-18,DELTA.BK,274.0,280.0,273.0,276.0,276.0,19530700.0
2026-03-19,DELTA.BK,273.0,278.0,267.0,268.0,268.0,17664600.0
2026-03-20,DELTA.BK,276.0,277.0,265.0,269.0,269.0,18128500.0
2026-03-23,DELTA.BK,255.0,262.0,255.0,260.0,260.0,13745400.0
2026-03-24,DELTA.BK,269.0,271.0,264.0,264.0,264.0,14613600.0
2026-03-25,DELTA.BK,279.0,292.0,274.0,290.0,290.0,35855200.0
2026-03-26,DELTA.BK,285.0,287.0,278.0,278.0,278.0,16046600.0
2026-03-27,DELTA.BK,280.0,283.0,271.0,276.0,276.0,14891400.0
2026-03-30,DELTA.BK,271.0,273.0,264.0,270.0,270.0,21410500.0
2026-03-31,DELTA.BK,269.0,269.0,258.0,259.0,259.0,35359800.0
2026-04-01,DELTA.BK,267.0,276.0,266.0,273.0,273.0,29388900.0
2026-04-02,DELTA.BK,270.0,276.0,266.0,271.0,271.0,15990100.0
2026-04-03,DELTA.BK,274.0,275.0,269.0,270.0,270.0,8752400.0
2026-04-07,DELTA.BK,272.0,278.0,269.0,276.0,276.0,12097800.0
2026-04-08,DELTA.BK,290.0,293.0,282.0,284.0,284.0,21654900.0
2026-04-09,DELTA.BK,286.0,299.0,285.0,298.0,298.0,30597200.0
2026-04-10,DELTA.BK,305.0,319.0,304.0,317.0,317.0,24650100.0
