Date,Ticker,Open,High,Low,Close,Adj Close,Volume
2016-04-11,PRIN.BK,1.2799999713897705,1.2899999618530273,1.2699999809265137,1.2899999618530273,0.9621047377586365,231100.0
2016-04-12,PRIN.BK,1.2799999713897705,1.2999999523162842,1.2799999713897705,1.2899999618530273,0.9621047377586365,812200.0
2016-04-18,PRIN.BK,1.2899999618530273,1.309999942779541,1.2899999618530273,1.2899999618530273,0.9621047377586365,522000.0
2016-04-19,PRIN.BK,1.2999999523162842,1.2999999523162842,1.2699999809265137,1.2899999618530273,0.9621047377586365,3120500.0
2016-04-20,PRIN.BK,1.2999999523162842,1.309999942779541,1.2699999809265137,1.2899999618530273,0.9621047377586365,7437100.0
2016-04-21,PRIN.BK,1.2899999618530273,1.2999999523162842,1.2699999809265137,1.2799999713897705,0.9546465873718262,3444800.0
2016-04-22,PRIN.BK,1.2899999618530273,1.2999999523162842,1.2799999713897705,1.2799999713897705,0.9546465873718262,1041500.0
2016-04-25,PRIN.BK,1.2899999618530273,1.3200000524520874,1.2899999618530273,1.2999999523162842,0.9695630669593811,2319700.0
2016-04-26,PRIN.BK,1.309999942779541,1.3200000524520874,1.2899999618530273,1.3200000524520874,0.9844793081283569,1136800.0
2016-04-27,PRIN.BK,1.3300000429153442,1.340000033378601,1.309999942779541,1.3200000524520874,0.9844793081283569,1393000.0
2016-04-28,PRIN.BK,1.3300000429153442,1.3300000429153442,1.2899999618530273,1.2899999618530273,0.9621047377586365,2337800.0
2016-04-29,PRIN.BK,1.2899999618530273,1.309999942779541,1.2899999618530273,1.2999999523162842,0.9695630669593811,421100.0
2016-05-03,PRIN.BK,1.3300000429153442,1.3700000047683716,1.3200000524520874,1.340000033378601,0.9993956089019775,2792400.0
2016-05-04,PRIN.BK,1.3600000143051147,1.3600000143051147,1.340000033378601,1.350000023841858,1.0068539381027222,1912300.0
2016-05-09,PRIN.BK,1.3700000047683716,1.3700000047683716,1.3200000524520874,1.3300000429153442,0.9919376373291016,1767700.0
2016-05-10,PRIN.BK,1.350000023841858,1.350000023841858,1.3200000524520874,1.3200000524520874,0.9844793081283569,1065700.0
2016-05-11,PRIN.BK,1.3200000524520874,1.350000023841858,1.3200000524520874,1.340000033378601,0.9993956089019775,656100.0
2016-05-12,PRIN.BK,1.399999976158142,1.4800000190734863,1.350000023841858,1.3700000047683716,1.0217702388763428,27983700.0
2016-05-13,PRIN.BK,1.3899999856948853,1.399999976158142,1.3300000429153442,1.340000033378601,0.9993956089019775,12847900.0
2016-05-16,PRIN.BK,1.350000023841858,1.3600000143051147,1.3300000429153442,1.3300000429153442,0.9919376373291016,2449200.0
2016-05-17,PRIN.BK,1.350000023841858,1.3700000047683716,1.3300000429153442,1.340000033378601,0.9993956089019775,5017100.0
2016-05-18,PRIN.BK,1.350000023841858,1.350000023841858,1.3300000429153442,1.3300000429153442,0.9919376373291016,1805100.0
2016-05-19,PRIN.BK,1.3300000429153442,1.340000033378601,1.3200000524520874,1.3300000429153442,0.9919376373291016,1195800.0
2016-05-23,PRIN.BK,1.350000023841858,1.350000023841858,1.2799999713897705,1.2999999523162842,0.9695630669593811,3679100.0
2016-05-24,PRIN.BK,1.2999999523162842,1.309999942779541,1.2999999523162842,1.2999999523162842,0.9695630669593811,600600.0
2016-05-25,PRIN.BK,1.3200000524520874,1.350000023841858,1.2999999523162842,1.3300000429153442,0.9919376373291016,2337600.0
2016-05-26,PRIN.BK,1.3300000429153442,1.350000023841858,1.3200000524520874,1.3200000524520874,0.9844793081283569,710500.0
2016-05-27,PRIN.BK,1.3300000429153442,1.4199999570846558,1.3300000429153442,1.409999966621399,1.0516029596328735,18066800.0
2016-05-30,PRIN.BK,1.4199999570846558,1.4500000476837158,1.3799999952316284,1.409999966621399,1.0516029596328735,21143400.0
2016-05-31,PRIN.BK,1.409999966621399,1.4199999570846558,1.3899999856948853,1.399999976158142,1.0441447496414185,2117800.0
2016-06-01,PRIN.BK,1.3899999856948853,1.409999966621399,1.3799999952316284,1.3899999856948853,1.0366865396499634,3093100.0
2016-06-02,PRIN.BK,1.399999976158142,1.409999966621399,1.399999976158142,1.399999976158142,1.0441447496414185,3515100.0
2016-06-03,PRIN.BK,1.409999966621399,1.409999966621399,1.3899999856948853,1.399999976158142,1.0441447496414185,2243800.0
2016-06-06,PRIN.BK,1.409999966621399,1.4600000381469727,1.409999966621399,1.4299999475479126,1.0665192604064941,8651200.0
2016-06-07,PRIN.BK,1.440000057220459,1.440000057220459,1.3899999856948853,1.399999976158142,1.0441447496414185,2892600.0
2016-06-08,PRIN.BK,1.3899999856948853,1.4600000381469727,1.3700000047683716,1.4500000476837158,1.0814357995986938,15067800.0
2016-06-09,PRIN.BK,1.4600000381469727,1.4900000095367432,1.4299999475479126,1.4299999475479126,1.0665192604064941,12881400.0
2016-06-10,PRIN.BK,1.4299999475479126,1.4600000381469727,1.4199999570846558,1.4299999475479126,1.0665192604064941,2241500.0
2016-06-13,PRIN.BK,1.4299999475479126,1.4600000381469727,1.399999976158142,1.4500000476837158,1.0814357995986938,5451400.0
2016-06-14,PRIN.BK,1.4800000190734863,1.4800000190734863,1.4500000476837158,1.4600000381469727,1.0888938903808594,7592600.0
2016-06-15,PRIN.BK,1.4700000286102295,1.4800000190734863,1.4600000381469727,1.4700000286102295,1.0963521003723145,2719900.0
2016-06-16,PRIN.BK,1.4900000095367432,1.4900000095367432,1.440000057220459,1.440000057220459,1.0739773511886597,3544300.0
2016-06-17,PRIN.BK,1.4500000476837158,1.4600000381469727,1.440000057220459,1.440000057220459,1.0739773511886597,855900.0
2016-06-20,PRIN.BK,1.440000057220459,1.4800000190734863,1.440000057220459,1.4600000381469727,1.0888938903808594,1701700.0
2016-06-21,PRIN.BK,1.4600000381469727,1.4700000286102295,1.440000057220459,1.440000057220459,1.0739773511886597,2373700.0
2016-06-22,PRIN.BK,1.440000057220459,1.4500000476837158,1.4299999475479126,1.440000057220459,1.0739773511886597,1586100.0
2016-06-23,PRIN.BK,1.440000057220459,1.440000057220459,1.4199999570846558,1.4299999475479126,1.0665192604064941,1362600.0
2016-06-24,PRIN.BK,1.4199999570846558,1.4199999570846558,1.3700000047683716,1.3899999856948853,1.0366865396499634,2507500.0
2016-06-27,PRIN.BK,1.3799999952316284,1.4199999570846558,1.3799999952316284,1.399999976158142,1.0441447496414185,1078700.0
2016-06-28,PRIN.BK,1.399999976158142,1.4199999570846558,1.399999976158142,1.399999976158142,1.0441447496414185,1875100.0
2016-06-29,PRIN.BK,1.399999976158142,1.440000057220459,1.399999976158142,1.4199999570846558,1.059061050415039,2926300.0
2016-06-30,PRIN.BK,1.4299999475479126,1.4500000476837158,1.4299999475479126,1.4299999475479126,1.0665192604064941,1023000.0
2016-07-04,PRIN.BK,1.4500000476837158,1.4500000476837158,1.4299999475479126,1.4299999475479126,1.0665192604064941,996900.0
2016-07-05,PRIN.BK,1.4500000476837158,1.4500000476837158,1.4299999475479126,1.440000057220459,1.0739773511886597,1260900.0
2016-07-06,PRIN.BK,1.440000057220459,1.4500000476837158,1.4299999475479126,1.440000057220459,1.0739773511886597,1802400.0
2016-07-07,PRIN.BK,1.4500000476837158,1.4500000476837158,1.4299999475479126,1.4299999475479126,1.0665192604064941,1356000.0
2016-07-08,PRIN.BK,1.440000057220459,1.440000057220459,1.4299999475479126,1.4299999475479126,1.0665192604064941,1027300.0
2016-07-11,PRIN.BK,1.4299999475479126,1.4700000286102295,1.4299999475479126,1.4700000286102295,1.0963521003723145,4139100.0
2016-07-12,PRIN.BK,1.4800000190734863,1.5399999618530273,1.4800000190734863,1.5099999904632568,1.1261847019195557,17584800.0
2016-07-13,PRIN.BK,1.5299999713897705,1.5299999713897705,1.5,1.5,1.118726372718811,3516600.0
2016-07-14,PRIN.BK,1.5099999904632568,1.559999942779541,1.4900000095367432,1.5499999523162842,1.1560173034667969,8543300.0
2016-07-15,PRIN.BK,1.5499999523162842,1.590000033378601,1.5199999809265137,1.5299999713897705,1.1411012411117554,8530700.0
2016-07-20,PRIN.BK,1.559999942779541,1.559999942779541,1.5099999904632568,1.5299999713897705,1.1411012411117554,5365800.0
2016-07-21,PRIN.BK,1.5299999713897705,1.600000023841858,1.5299999713897705,1.5399999618530273,1.1485590934753418,13045100.0
2016-07-22,PRIN.BK,1.5499999523162842,1.5499999523162842,1.5299999713897705,1.5299999713897705,1.1411012411117554,4870400.0
2016-07-25,PRIN.BK,1.5499999523162842,1.5800000429153442,1.5399999618530273,1.5499999523162842,1.1560173034667969,7339700.0
2016-07-26,PRIN.BK,1.559999942779541,1.5700000524520874,1.5399999618530273,1.5700000524520874,1.1709338426589966,2206600.0
2016-07-27,PRIN.BK,1.5700000524520874,1.5700000524520874,1.5399999618530273,1.5399999618530273,1.1485590934753418,3831300.0
2016-07-28,PRIN.BK,1.5399999618530273,1.5499999523162842,1.5199999809265137,1.5399999618530273,1.1485590934753418,2622700.0
2016-07-29,PRIN.BK,1.5199999809265137,1.5499999523162842,1.5199999809265137,1.5299999713897705,1.1411012411117554,1007400.0
2016-08-01,PRIN.BK,1.5399999618530273,1.559999942779541,1.5299999713897705,1.5399999618530273,1.1485590934753418,2558800.0
2016-08-02,PRIN.BK,1.5399999618530273,1.5499999523162842,1.5299999713897705,1.5299999713897705,1.1411012411117554,3137100.0
2016-08-03,PRIN.BK,1.5299999713897705,1.5399999618530273,1.5099999904632568,1.5299999713897705,1.1411012411117554,949800.0
2016-08-04,PRIN.BK,1.5299999713897705,1.5399999618530273,1.5099999904632568,1.5399999618530273,1.1485590934753418,1052500.0
2016-08-05,PRIN.BK,1.5399999618530273,1.5399999618530273,1.5099999904632568,1.5199999809265137,1.1336429119110107,1781000.0
2016-08-08,PRIN.BK,1.5199999809265137,1.5399999618530273,1.5199999809265137,1.5399999618530273,1.1485590934753418,493900.0
2016-08-09,PRIN.BK,1.5399999618530273,1.559999942779541,1.5199999809265137,1.5499999523162842,1.1560173034667969,2241800.0
2016-08-10,PRIN.BK,1.590000033378601,1.6100000143051147,1.559999942779541,1.559999942779541,1.1634753942489624,10269300.0
2016-08-11,PRIN.BK,1.5700000524520874,1.590000033378601,1.559999942779541,1.5800000429153442,1.1783921718597412,7756600.0
2016-08-15,PRIN.BK,1.559999942779541,1.5800000429153442,1.5399999618530273,1.5800000429153442,1.1783921718597412,6218900.0
2016-08-16,PRIN.BK,1.590000033378601,1.590000033378601,1.5299999713897705,1.5399999618530273,1.1485590934753418,9494400.0
2016-08-17,PRIN.BK,1.5399999618530273,1.559999942779541,1.5299999713897705,1.5499999523162842,1.1560173034667969,2513000.0
2016-08-18,PRIN.BK,1.5499999523162842,1.5700000524520874,1.5399999618530273,1.559999942779541,1.1634753942489624,4996100.0
2016-08-19,PRIN.BK,1.559999942779541,1.559999942779541,1.5399999618530273,1.5499999523162842,1.1560173034667969,4988100.0
2016-08-22,PRIN.BK,1.5399999618530273,1.5499999523162842,1.5399999618530273,1.5399999618530273,1.1485590934753418,3144700.0
2016-08-23,PRIN.BK,1.4800000190734863,1.4800000190734863,1.4600000381469727,1.4800000190734863,1.148559331893921,4305200.0
2016-08-24,PRIN.BK,1.4600000381469727,1.4800000190734863,1.4600000381469727,1.4800000190734863,1.148559331893921,1773900.0
2016-08-25,PRIN.BK,1.4800000190734863,1.4900000095367432,1.4700000286102295,1.4800000190734863,1.148559331893921,1101800.0
2016-08-26,PRIN.BK,1.4700000286102295,1.4900000095367432,1.4700000286102295,1.4700000286102295,1.140798807144165,1021200.0
2016-08-29,PRIN.BK,1.4700000286102295,1.4900000095367432,1.4600000381469727,1.4700000286102295,1.140798807144165,3955700.0
2016-08-30,PRIN.BK,1.4800000190734863,1.4800000190734863,1.4600000381469727,1.4700000286102295,1.140798807144165,2215100.0
2016-08-31,PRIN.BK,1.4700000286102295,1.4800000190734863,1.4600000381469727,1.4700000286102295,1.140798807144165,780200.0
2016-09-01,PRIN.BK,1.4700000286102295,1.4800000190734863,1.4700000286102295,1.4700000286102295,1.140798807144165,1577300.0
2016-09-02,PRIN.BK,1.4600000381469727,1.4700000286102295,1.440000057220459,1.4500000476837158,1.1252777576446533,2057200.0
2016-09-05,PRIN.BK,1.4500000476837158,1.4600000381469727,1.3899999856948853,1.399999976158142,1.086474895477295,5042100.0
2016-09-06,PRIN.BK,1.399999976158142,1.409999966621399,1.3899999856948853,1.409999966621399,1.0942355394363403,1728400.0
2016-09-07,PRIN.BK,1.409999966621399,1.4299999475479126,1.399999976158142,1.399999976158142,1.086474895477295,1604000.0
2016-09-08,PRIN.BK,1.3899999856948853,1.3899999856948853,1.340000033378601,1.340000033378601,1.0399116277694702,3510500.0
2016-09-09,PRIN.BK,1.340000033378601,1.340000033378601,1.309999942779541,1.340000033378601,1.0399116277694702,1543700.0
2016-09-12,PRIN.BK,1.3200000524520874,1.3300000429153442,1.2999999523162842,1.2999999523162842,1.0088696479797363,709100.0
2016-09-13,PRIN.BK,1.3200000524520874,1.3300000429153442,1.3200000524520874,1.3300000429153442,1.0321513414382935,491100.0
2016-09-14,PRIN.BK,1.3200000524520874,1.350000023841858,1.3200000524520874,1.340000033378601,1.0399116277694702,1231700.0
2016-09-15,PRIN.BK,1.340000033378601,1.3700000047683716,1.3300000429153442,1.3700000047683716,1.0631933212280273,1289200.0
2016-09-16,PRIN.BK,1.3700000047683716,1.3700000047683716,1.3600000143051147,1.3600000143051147,1.055432915687561,1000100.0
2016-09-19,PRIN.BK,1.3700000047683716,1.3700000047683716,1.3600000143051147,1.3700000047683716,1.0631933212280273,802900.0
2016-09-20,PRIN.BK,1.3600000143051147,1.3600000143051147,1.350000023841858,1.3600000143051147,1.055432915687561,1425600.0
2016-09-21,PRIN.BK,1.3600000143051147,1.3799999952316284,1.3600000143051147,1.3600000143051147,1.055432915687561,1020800.0
2016-09-22,PRIN.BK,1.3799999952316284,1.3799999952316284,1.3700000047683716,1.3799999952316284,1.0709538459777832,292500.0
2016-09-23,PRIN.BK,1.3700000047683716,1.3700000047683716,1.350000023841858,1.3600000143051147,1.055432915687561,335500.0
2016-09-26,PRIN.BK,1.350000023841858,1.3799999952316284,1.350000023841858,1.3600000143051147,1.055432915687561,494200.0
2016-09-27,PRIN.BK,1.3700000047683716,1.399999976158142,1.3700000047683716,1.3700000047683716,1.0631933212280273,1137900.0
2016-09-28,PRIN.BK,1.3700000047683716,1.3799999952316284,1.3700000047683716,1.3700000047683716,1.0631933212280273,413200.0
2016-09-29,PRIN.BK,1.3899999856948853,1.399999976158142,1.3700000047683716,1.3700000047683716,1.0631933212280273,622700.0
2016-09-30,PRIN.BK,1.3700000047683716,1.3799999952316284,1.3600000143051147,1.3700000047683716,1.0631933212280273,746400.0
2016-10-03,PRIN.BK,1.3799999952316284,1.3799999952316284,1.3700000047683716,1.3700000047683716,1.0631933212280273,1311300.0
2016-10-04,PRIN.BK,1.3700000047683716,1.3899999856948853,1.3700000047683716,1.3799999952316284,1.0709538459777832,392300.0
2016-10-05,PRIN.BK,1.3799999952316284,1.4299999475479126,1.3700000047683716,1.3899999856948853,1.078714370727539,1941400.0
2016-10-06,PRIN.BK,1.399999976158142,1.399999976158142,1.3899999856948853,1.399999976158142,1.086474895477295,171200.0
2016-10-07,PRIN.BK,1.409999966621399,1.4199999570846558,1.3799999952316284,1.409999966621399,1.0942355394363403,891000.0
2016-10-10,PRIN.BK,1.3700000047683716,1.3700000047683716,1.350000023841858,1.3600000143051147,1.055432915687561,1893000.0
2016-10-11,PRIN.BK,1.3600000143051147,1.3600000143051147,1.3200000524520874,1.340000033378601,1.0399116277694702,1335900.0
2016-10-12,PRIN.BK,1.3300000429153442,1.3300000429153442,1.25,1.2599999904632568,0.9778274893760681,3221100.0
2016-10-13,PRIN.BK,1.2599999904632568,1.2799999713897705,1.2000000476837158,1.2400000095367432,0.9623062610626221,2563600.0
2016-10-14,PRIN.BK,1.25,1.3300000429153442,1.25,1.3300000429153442,1.0321513414382935,1737000.0
2016-10-17,PRIN.BK,1.3300000429153442,1.3300000429153442,1.3200000524520874,1.3200000524520874,1.0243905782699585,267700.0
2016-10-18,PRIN.BK,1.309999942779541,1.3200000524520874,1.2999999523162842,1.3200000524520874,1.0243905782699585,582000.0
2016-10-19,PRIN.BK,1.3200000524520874,1.3600000143051147,1.3200000524520874,1.350000023841858,1.0476722717285156,600100.0
2016-10-20,PRIN.BK,1.350000023841858,1.350000023841858,1.340000033378601,1.340000033378601,1.0399116277694702,346600.0
2016-10-21,PRIN.BK,1.350000023841858,1.3700000047683716,1.350000023841858,1.350000023841858,1.0476722717285156,380700.0
2016-10-25,PRIN.BK,1.3700000047683716,1.3799999952316284,1.3600000143051147,1.3700000047683716,1.0631933212280273,280900.0
2016-10-26,PRIN.BK,1.3799999952316284,1.3899999856948853,1.3700000047683716,1.3799999952316284,1.0709538459777832,545400.0
2016-10-27,PRIN.BK,1.3799999952316284,1.4199999570846558,1.3799999952316284,1.4199999570846558,1.1019960641860962,1067200.0
2016-10-28,PRIN.BK,1.399999976158142,1.4500000476837158,1.399999976158142,1.4199999570846558,1.1019960641860962,2228400.0
2016-10-31,PRIN.BK,1.4500000476837158,1.4500000476837158,1.4199999570846558,1.4299999475479126,1.109756588935852,1452800.0
2016-11-01,PRIN.BK,1.440000057220459,1.4500000476837158,1.4299999475479126,1.4299999475479126,1.109756588935852,1264900.0
2016-11-02,PRIN.BK,1.4299999475479126,1.4500000476837158,1.4299999475479126,1.4299999475479126,1.109756588935852,1170800.0
2016-11-03,PRIN.BK,1.4299999475479126,1.4500000476837158,1.4299999475479126,1.4500000476837158,1.1252777576446533,1080000.0
2016-11-04,PRIN.BK,1.4500000476837158,1.4500000476837158,1.4299999475479126,1.4299999475479126,1.109756588935852,568000.0
2016-11-07,PRIN.BK,1.440000057220459,1.4500000476837158,1.4299999475479126,1.4299999475479126,1.109756588935852,128100.0
2016-11-08,PRIN.BK,1.4299999475479126,1.440000057220459,1.4199999570846558,1.4299999475479126,1.109756588935852,515200.0
2016-11-09,PRIN.BK,1.4299999475479126,1.4299999475479126,1.409999966621399,1.4299999475479126,1.109756588935852,1415600.0
2016-11-10,PRIN.BK,1.4500000476837158,1.4600000381469727,1.440000057220459,1.4600000381469727,1.1330382823944092,1437100.0
2016-11-11,PRIN.BK,1.4500000476837158,1.4600000381469727,1.4299999475479126,1.4299999475479126,1.109756588935852,1784500.0
2016-11-14,PRIN.BK,1.4299999475479126,1.4500000476837158,1.4199999570846558,1.4299999475479126,1.109756588935852,930000.0
2016-11-15,PRIN.BK,1.4199999570846558,1.440000057220459,1.4199999570846558,1.4299999475479126,1.109756588935852,768100.0
2016-11-16,PRIN.BK,1.440000057220459,1.440000057220459,1.4299999475479126,1.440000057220459,1.1175169944763184,192600.0
2016-11-17,PRIN.BK,1.4299999475479126,1.440000057220459,1.4299999475479126,1.4299999475479126,1.109756588935852,341000.0
2016-11-18,PRIN.BK,1.4199999570846558,1.4299999475479126,1.4199999570846558,1.4199999570846558,1.1019960641860962,201700.0
2016-11-21,PRIN.BK,1.4199999570846558,1.4199999570846558,1.399999976158142,1.4199999570846558,1.1019960641860962,1581700.0
2016-11-22,PRIN.BK,1.409999966621399,1.409999966621399,1.3899999856948853,1.409999966621399,1.0942355394363403,1517000.0
2016-11-23,PRIN.BK,1.409999966621399,1.409999966621399,1.350000023841858,1.3799999952316284,1.0709538459777832,2597500.0
2016-11-24,PRIN.BK,1.3799999952316284,1.3899999856948853,1.3700000047683716,1.3899999856948853,1.078714370727539,508000.0
2016-11-25,PRIN.BK,1.399999976158142,1.399999976158142,1.3899999856948853,1.3899999856948853,1.078714370727539,450000.0
2016-11-28,PRIN.BK,1.3899999856948853,1.3899999856948853,1.3899999856948853,1.3899999856948853,1.078714370727539,308100.0
2016-11-29,PRIN.BK,1.399999976158142,1.399999976158142,1.3899999856948853,1.3899999856948853,1.078714370727539,784900.0
2016-11-30,PRIN.BK,1.3799999952316284,1.409999966621399,1.3799999952316284,1.3899999856948853,1.078714370727539,1386900.0
2016-12-01,PRIN.BK,1.409999966621399,1.409999966621399,1.3799999952316284,1.3899999856948853,1.078714370727539,1430600.0
2016-12-02,PRIN.BK,1.3899999856948853,1.399999976158142,1.3799999952316284,1.3899999856948853,1.078714370727539,910500.0
2016-12-06,PRIN.BK,1.3799999952316284,1.3899999856948853,1.3799999952316284,1.3899999856948853,1.078714370727539,275500.0
2016-12-07,PRIN.BK,1.3799999952316284,1.3899999856948853,1.3799999952316284,1.3899999856948853,1.078714370727539,381200.0
2016-12-08,PRIN.BK,1.3899999856948853,1.399999976158142,1.3799999952316284,1.3899999856948853,1.078714370727539,2134100.0
2016-12-09,PRIN.BK,1.3799999952316284,1.3899999856948853,1.3799999952316284,1.3899999856948853,1.078714370727539,987900.0
2016-12-13,PRIN.BK,1.3899999856948853,1.399999976158142,1.3899999856948853,1.3899999856948853,1.078714370727539,644900.0
2016-12-14,PRIN.BK,1.3899999856948853,1.399999976158142,1.3799999952316284,1.3799999952316284,1.0709538459777832,742200.0
2016-12-15,PRIN.BK,1.3899999856948853,1.3899999856948853,1.3799999952316284,1.3799999952316284,1.0709538459777832,519900.0
2016-12-16,PRIN.BK,1.3899999856948853,1.399999976158142,1.3899999856948853,1.3899999856948853,1.078714370727539,528100.0
2016-12-19,PRIN.BK,1.3899999856948853,1.399999976158142,1.3899999856948853,1.3899999856948853,1.078714370727539,146900.0
2016-12-20,PRIN.BK,1.399999976158142,1.4199999570846558,1.399999976158142,1.399999976158142,1.086474895477295,2308900.0
2016-12-21,PRIN.BK,1.409999966621399,1.4199999570846558,1.399999976158142,1.399999976158142,1.086474895477295,463400.0
2016-12-22,PRIN.BK,1.409999966621399,1.4199999570846558,1.409999966621399,1.409999966621399,1.0942355394363403,739500.0
2016-12-23,PRIN.BK,1.4199999570846558,1.4199999570846558,1.399999976158142,1.399999976158142,1.086474895477295,841000.0
2016-12-26,PRIN.BK,1.409999966621399,1.4199999570846558,1.399999976158142,1.409999966621399,1.0942355394363403,591500.0
2016-12-27,PRIN.BK,1.4299999475479126,1.4299999475479126,1.409999966621399,1.4199999570846558,1.1019960641860962,1400500.0
2016-12-28,PRIN.BK,1.4199999570846558,1.440000057220459,1.4199999570846558,1.4199999570846558,1.1019960641860962,1938000.0
2016-12-29,PRIN.BK,1.4299999475479126,1.440000057220459,1.4199999570846558,1.4299999475479126,1.109756588935852,1185600.0
2016-12-30,PRIN.BK,1.4299999475479126,1.440000057220459,1.4299999475479126,1.4299999475479126,1.109756588935852,305800.0
2017-01-04,PRIN.BK,1.440000057220459,1.4500000476837158,1.440000057220459,1.440000057220459,1.1175169944763184,999300.0
2017-01-05,PRIN.BK,1.4500000476837158,1.4500000476837158,1.4299999475479126,1.440000057220459,1.1175169944763184,1600600.0
2017-01-06,PRIN.BK,1.4500000476837158,1.5199999809265137,1.440000057220459,1.5199999809265137,1.1796014308929443,19698500.0
2017-01-09,PRIN.BK,1.559999942779541,1.7200000286102295,1.5499999523162842,1.5700000524520874,1.2184041738510132,41426300.0
2017-01-10,PRIN.BK,1.5700000524520874,1.590000033378601,1.5499999523162842,1.5800000429153442,1.226164698600769,4796500.0
2017-01-11,PRIN.BK,1.590000033378601,1.6399999856948853,1.590000033378601,1.600000023841858,1.2416855096817017,9634900.0
2017-01-12,PRIN.BK,1.600000023841858,1.600000023841858,1.5800000429153442,1.590000033378601,1.2339251041412354,2984900.0
2017-01-16,PRIN.BK,1.5700000524520874,1.5700000524520874,1.559999942779541,1.5700000524520874,1.2184041738510132,942600.0
2017-01-17,PRIN.BK,1.5700000524520874,1.590000033378601,1.5399999618530273,1.559999942779541,1.2106434106826782,3568300.0
2017-01-18,PRIN.BK,1.559999942779541,1.5700000524520874,1.5499999523162842,1.5700000524520874,1.2184041738510132,2186200.0
2017-01-19,PRIN.BK,1.5499999523162842,1.5700000524520874,1.5199999809265137,1.5199999809265137,1.1796014308929443,2179800.0
2017-01-20,PRIN.BK,1.5199999809265137,1.5299999713897705,1.5199999809265137,1.5299999713897705,1.1873619556427002,1281500.0
2017-01-23,PRIN.BK,1.5399999618530273,1.559999942779541,1.5399999618530273,1.559999942779541,1.2106434106826782,1326400.0
2017-01-24,PRIN.BK,1.5700000524520874,1.5700000524520874,1.559999942779541,1.559999942779541,1.2106434106826782,1584500.0
2017-01-25,PRIN.BK,1.559999942779541,1.559999942779541,1.5399999618530273,1.5499999523162842,1.2028828859329224,743900.0
2017-01-26,PRIN.BK,1.559999942779541,1.559999942779541,1.5399999618530273,1.5399999618530273,1.1951223611831665,630000.0
2017-01-27,PRIN.BK,1.5399999618530273,1.5499999523162842,1.5399999618530273,1.5499999523162842,1.2028828859329224,942600.0
2017-01-30,PRIN.BK,1.5399999618530273,1.5499999523162842,1.5399999618530273,1.5399999618530273,1.1951223611831665,218600.0
2017-01-31,PRIN.BK,1.5399999618530273,1.5399999618530273,1.5299999713897705,1.5399999618530273,1.1951223611831665,649500.0
2017-02-01,PRIN.BK,1.5399999618530273,1.5700000524520874,1.5399999618530273,1.5399999618530273,1.1951223611831665,2469800.0
2017-02-02,PRIN.BK,1.5499999523162842,1.559999942779541,1.5299999713897705,1.5399999618530273,1.1951223611831665,1190700.0
2017-02-03,PRIN.BK,1.5399999618530273,1.5499999523162842,1.5299999713897705,1.5499999523162842,1.2028828859329224,654000.0
2017-02-06,PRIN.BK,1.5499999523162842,1.5499999523162842,1.5299999713897705,1.5499999523162842,1.2028828859329224,1146000.0
2017-02-07,PRIN.BK,1.5499999523162842,1.5499999523162842,1.5299999713897705,1.5499999523162842,1.2028828859329224,1528200.0
2017-02-08,PRIN.BK,1.5499999523162842,1.5499999523162842,1.5299999713897705,1.5399999618530273,1.1951223611831665,1935800.0
2017-02-09,PRIN.BK,1.5299999713897705,1.5499999523162842,1.5199999809265137,1.5399999618530273,1.1951223611831665,3436400.0
2017-02-10,PRIN.BK,1.5399999618530273,1.5499999523162842,1.5199999809265137,1.5399999618530273,1.1951223611831665,2595300.0
2017-02-14,PRIN.BK,1.5399999618530273,1.5499999523162842,1.5299999713897705,1.5399999618530273,1.1951223611831665,530700.0
2017-02-15,PRIN.BK,1.5399999618530273,1.5399999618530273,1.5199999809265137,1.5399999618530273,1.1951223611831665,1585700.0
2017-02-16,PRIN.BK,1.5299999713897705,1.5299999713897705,1.5099999904632568,1.5299999713897705,1.1873619556427002,4043500.0
2017-02-17,PRIN.BK,1.5299999713897705,1.5299999713897705,1.5099999904632568,1.5299999713897705,1.1873619556427002,1533300.0
2017-02-20,PRIN.BK,1.5199999809265137,1.5299999713897705,1.5099999904632568,1.5299999713897705,1.1873619556427002,3638500.0
2017-02-21,PRIN.BK,1.659999966621399,1.6799999475479126,1.5800000429153442,1.590000033378601,1.2339251041412354,42588600.0
2017-02-22,PRIN.BK,1.590000033378601,1.600000023841858,1.5700000524520874,1.5800000429153442,1.226164698600769,7667200.0
2017-02-23,PRIN.BK,1.590000033378601,1.590000033378601,1.559999942779541,1.559999942779541,1.2106434106826782,4299500.0
2017-02-24,PRIN.BK,1.559999942779541,1.5800000429153442,1.559999942779541,1.5800000429153442,1.226164698600769,3293600.0
2017-02-27,PRIN.BK,1.5800000429153442,1.590000033378601,1.559999942779541,1.5700000524520874,1.2184041738510132,2072200.0
2017-02-28,PRIN.BK,1.5700000524520874,1.590000033378601,1.5700000524520874,1.5700000524520874,1.2184041738510132,1289300.0
2017-03-01,PRIN.BK,1.590000033378601,1.590000033378601,1.5700000524520874,1.5800000429153442,1.226164698600769,1509200.0
2017-03-02,PRIN.BK,1.590000033378601,1.600000023841858,1.5800000429153442,1.600000023841858,1.2416855096817017,2592600.0
2017-03-03,PRIN.BK,1.6100000143051147,1.6100000143051147,1.5800000429153442,1.590000033378601,1.2339251041412354,1980900.0
2017-03-06,PRIN.BK,1.590000033378601,1.600000023841858,1.5800000429153442,1.590000033378601,1.2339251041412354,2482500.0
2017-03-07,PRIN.BK,1.600000023841858,1.600000023841858,1.5700000524520874,1.5700000524520874,1.2184041738510132,1815000.0
2017-03-08,PRIN.BK,1.559999942779541,1.5800000429153442,1.5399999618530273,1.559999942779541,1.2106434106826782,5243600.0
2017-03-09,PRIN.BK,1.5,1.5099999904632568,1.4900000095367432,1.4900000095367432,1.2025727033615112,2658200.0
2017-03-10,PRIN.BK,1.4900000095367432,1.5099999904632568,1.4900000095367432,1.5,1.2106434106826782,824900.0
2017-03-13,PRIN.BK,1.4800000190734863,1.4900000095367432,1.4600000381469727,1.4700000286102295,1.186430811882019,1587600.0
2017-03-14,PRIN.BK,1.4500000476837158,1.4800000190734863,1.4500000476837158,1.4800000190734863,1.1945016384124756,1020500.0
2017-03-15,PRIN.BK,1.4700000286102295,1.4800000190734863,1.4600000381469727,1.4700000286102295,1.186430811882019,2370900.0
2017-03-16,PRIN.BK,1.4800000190734863,1.4800000190734863,1.4500000476837158,1.4700000286102295,1.186430811882019,2759200.0
2017-03-17,PRIN.BK,1.4700000286102295,1.4700000286102295,1.4600000381469727,1.4600000381469727,1.1783597469329834,552000.0
2017-03-20,PRIN.BK,1.4700000286102295,1.4800000190734863,1.4600000381469727,1.4800000190734863,1.1945016384124756,1084600.0
2017-03-21,PRIN.BK,1.4800000190734863,1.4800000190734863,1.4700000286102295,1.4700000286102295,1.186430811882019,730900.0
2017-03-22,PRIN.BK,1.4800000190734863,1.5,1.4800000190734863,1.5,1.2106434106826782,1490000.0
2017-03-23,PRIN.BK,1.5,1.5099999904632568,1.4900000095367432,1.5099999904632568,1.2187144756317139,871600.0
2017-03-24,PRIN.BK,1.5099999904632568,1.5099999904632568,1.4900000095367432,1.5099999904632568,1.2187144756317139,861300.0
2017-03-27,PRIN.BK,1.5099999904632568,1.5099999904632568,1.4700000286102295,1.4800000190734863,1.1945016384124756,3592100.0
2017-03-28,PRIN.BK,1.4900000095367432,1.5,1.4800000190734863,1.4800000190734863,1.1945016384124756,866300.0
2017-03-29,PRIN.BK,1.4900000095367432,1.4900000095367432,1.4700000286102295,1.4900000095367432,1.2025727033615112,1812000.0
2017-03-30,PRIN.BK,1.4900000095367432,1.4900000095367432,1.4700000286102295,1.4700000286102295,1.186430811882019,920800.0
2017-03-31,PRIN.BK,1.4900000095367432,1.4900000095367432,1.4700000286102295,1.4800000190734863,1.1945016384124756,717900.0
2017-04-03,PRIN.BK,1.4900000095367432,1.5,1.4800000190734863,1.4900000095367432,1.2025727033615112,1309800.0
2017-04-04,PRIN.BK,1.4900000095367432,1.5,1.4900000095367432,1.5,1.2106434106826782,388100.0
2017-04-05,PRIN.BK,1.5,1.5099999904632568,1.4800000190734863,1.5,1.2106434106826782,5814500.0
2017-04-07,PRIN.BK,1.4900000095367432,1.5099999904632568,1.4900000095367432,1.5,1.2106434106826782,949600.0
2017-04-10,PRIN.BK,1.4900000095367432,1.5,1.4900000095367432,1.4900000095367432,1.2025727033615112,322800.0
2017-04-11,PRIN.BK,1.4900000095367432,1.5399999618530273,1.4900000095367432,1.5,1.2106434106826782,12140900.0
2017-04-12,PRIN.BK,1.5099999904632568,1.5199999809265137,1.5,1.5099999904632568,1.2187144756317139,3137700.0
2017-04-17,PRIN.BK,1.5,1.5499999523162842,1.5,1.5299999713897705,1.2348564863204956,13041100.0
2017-04-18,PRIN.BK,1.5399999618530273,1.5700000524520874,1.5399999618530273,1.5499999523162842,1.2509982585906982,11029500.0
2017-04-19,PRIN.BK,1.5700000524520874,1.5700000524520874,1.5299999713897705,1.5399999618530273,1.2429273128509521,2938500.0
2017-04-20,PRIN.BK,1.5399999618530273,1.5499999523162842,1.5199999809265137,1.5399999618530273,1.2429273128509521,2814400.0
2017-04-21,PRIN.BK,1.5399999618530273,1.5499999523162842,1.5199999809265137,1.5299999713897705,1.2348564863204956,2503800.0
2017-04-24,PRIN.BK,1.5299999713897705,1.5299999713897705,1.5,1.5199999809265137,1.2267855405807495,2349800.0
2017-04-25,PRIN.BK,1.5099999904632568,1.5099999904632568,1.4800000190734863,1.4800000190734863,1.1945016384124756,6738800.0
2017-04-26,PRIN.BK,1.4800000190734863,1.4900000095367432,1.4700000286102295,1.4900000095367432,1.2025727033615112,1580000.0
2017-04-27,PRIN.BK,1.4800000190734863,1.4900000095367432,1.4700000286102295,1.4800000190734863,1.1945016384124756,3794000.0
2017-04-28,PRIN.BK,1.4700000286102295,1.4800000190734863,1.4700000286102295,1.4700000286102295,1.186430811882019,2168900.0
2017-05-02,PRIN.BK,1.4800000190734863,1.4800000190734863,1.4600000381469727,1.4700000286102295,1.186430811882019,3442700.0
2017-05-03,PRIN.BK,1.4700000286102295,1.4700000286102295,1.4299999475479126,1.440000057220459,1.1622178554534912,6035500.0
2017-05-04,PRIN.BK,1.440000057220459,1.440000057220459,1.399999976158142,1.4199999570846558,1.1460758447647095,9623500.0
2017-05-08,PRIN.BK,1.399999976158142,1.399999976158142,1.3899999856948853,1.399999976158142,1.1299339532852173,4302000.0
2017-05-09,PRIN.BK,1.3899999856948853,1.399999976158142,1.3799999952316284,1.3899999856948853,1.1218630075454712,2793000.0
2017-05-11,PRIN.BK,1.399999976158142,1.399999976158142,1.3799999952316284,1.3799999952316284,1.113792061805725,3259500.0
2017-05-12,PRIN.BK,1.3899999856948853,1.3899999856948853,1.3799999952316284,1.3799999952316284,1.113792061805725,784400.0
2017-05-15,PRIN.BK,1.3799999952316284,1.3799999952316284,1.3799999952316284,1.3799999952316284,1.113792061805725,203000.0
2017-05-16,PRIN.BK,1.3899999856948853,1.3899999856948853,1.3799999952316284,1.3899999856948853,1.1218630075454712,2075900.0
2017-05-17,PRIN.BK,1.399999976158142,1.399999976158142,1.3899999856948853,1.399999976158142,1.1299339532852173,1385700.0
2017-05-18,PRIN.BK,1.399999976158142,1.409999966621399,1.3899999856948853,1.399999976158142,1.1299339532852173,863700.0
2017-05-19,PRIN.BK,1.3899999856948853,1.4500000476837158,1.3899999856948853,1.409999966621399,1.138005018234253,30161500.0
2017-05-22,PRIN.BK,1.409999966621399,1.409999966621399,1.399999976158142,1.409999966621399,1.138005018234253,2753600.0
2017-05-23,PRIN.BK,1.409999966621399,1.409999966621399,1.399999976158142,1.409999966621399,1.138005018234253,1691500.0
2017-05-24,PRIN.BK,1.409999966621399,1.409999966621399,1.3700000047683716,1.3899999856948853,1.1218630075454712,9751500.0
2017-05-25,PRIN.BK,1.3899999856948853,1.399999976158142,1.3799999952316284,1.399999976158142,1.1299339532852173,1847100.0
2017-05-26,PRIN.BK,1.399999976158142,1.4299999475479126,1.3899999856948853,1.4199999570846558,1.1460758447647095,17957000.0
2017-05-29,PRIN.BK,1.409999966621399,1.4299999475479126,1.409999966621399,1.409999966621399,1.138005018234253,3208200.0
2017-05-30,PRIN.BK,1.409999966621399,1.4199999570846558,1.409999966621399,1.4199999570846558,1.1460758447647095,5090700.0
2017-05-31,PRIN.BK,1.4199999570846558,1.4199999570846558,1.399999976158142,1.409999966621399,1.138005018234253,1733300.0
2017-06-01,PRIN.BK,1.399999976158142,1.399999976158142,1.3600000143051147,1.3799999952316284,1.113792061805725,17388400.0
2017-06-02,PRIN.BK,1.3899999856948853,1.3899999856948853,1.3799999952316284,1.3899999856948853,1.1218630075454712,576800.0
2017-06-05,PRIN.BK,1.3899999856948853,1.3899999856948853,1.3799999952316284,1.3899999856948853,1.1218630075454712,1342800.0
2017-06-06,PRIN.BK,1.3899999856948853,1.399999976158142,1.3799999952316284,1.399999976158142,1.1299339532852173,2698600.0
2017-06-07,PRIN.BK,1.3899999856948853,1.399999976158142,1.3799999952316284,1.3899999856948853,1.1218630075454712,5059600.0
2017-06-08,PRIN.BK,1.3899999856948853,1.399999976158142,1.3799999952316284,1.3899999856948853,1.1218630075454712,6009500.0
2017-06-09,PRIN.BK,1.3899999856948853,1.399999976158142,1.3799999952316284,1.399999976158142,1.1299339532852173,4039300.0
2017-06-12,PRIN.BK,1.399999976158142,1.399999976158142,1.3899999856948853,1.399999976158142,1.1299339532852173,424700.0
2017-06-13,PRIN.BK,1.399999976158142,1.399999976158142,1.3799999952316284,1.399999976158142,1.1299339532852173,2628700.0
2017-06-14,PRIN.BK,1.399999976158142,1.409999966621399,1.3899999856948853,1.409999966621399,1.138005018234253,1560600.0
2017-06-15,PRIN.BK,1.409999966621399,1.4199999570846558,1.399999976158142,1.4199999570846558,1.1460758447647095,3855500.0
2017-06-16,PRIN.BK,1.4199999570846558,1.440000057220459,1.4199999570846558,1.4299999475479126,1.1541467905044556,4416000.0
2017-06-19,PRIN.BK,1.4299999475479126,1.440000057220459,1.4299999475479126,1.4299999475479126,1.1541467905044556,4667600.0
2017-06-20,PRIN.BK,1.440000057220459,1.440000057220459,1.4199999570846558,1.4299999475479126,1.1541467905044556,2186300.0
2017-06-21,PRIN.BK,1.4299999475479126,1.440000057220459,1.4199999570846558,1.4199999570846558,1.1460758447647095,1311400.0
2017-06-22,PRIN.BK,1.4199999570846558,1.440000057220459,1.4199999570846558,1.4299999475479126,1.1541467905044556,2345100.0
2017-06-23,PRIN.BK,1.440000057220459,1.440000057220459,1.4199999570846558,1.4299999475479126,1.1541467905044556,2125400.0
2017-06-26,PRIN.BK,1.4299999475479126,1.4299999475479126,1.4199999570846558,1.4299999475479126,1.1541467905044556,1137200.0
2017-06-27,PRIN.BK,1.4299999475479126,1.4299999475479126,1.4199999570846558,1.4199999570846558,1.1460758447647095,1086500.0
2017-06-28,PRIN.BK,1.4299999475479126,1.4900000095367432,1.4199999570846558,1.4900000095367432,1.2025727033615112,25979000.0
2017-06-29,PRIN.BK,1.4900000095367432,1.4900000095367432,1.4500000476837158,1.4500000476837158,1.1702888011932373,8192000.0
2017-06-30,PRIN.BK,1.4500000476837158,1.4500000476837158,1.4199999570846558,1.4500000476837158,1.1702888011932373,9459300.0
2017-07-03,PRIN.BK,1.4500000476837158,1.4500000476837158,1.440000057220459,1.4500000476837158,1.1702888011932373,682900.0
2017-07-04,PRIN.BK,1.440000057220459,1.4600000381469727,1.4299999475479126,1.4600000381469727,1.1783597469329834,3666100.0
2017-07-05,PRIN.BK,1.4500000476837158,1.4600000381469727,1.440000057220459,1.4600000381469727,1.1783597469329834,3370700.0
2017-07-06,PRIN.BK,1.4600000381469727,1.4600000381469727,1.4299999475479126,1.4500000476837158,1.1702888011932373,3618000.0
2017-07-07,PRIN.BK,1.440000057220459,1.4500000476837158,1.4299999475479126,1.440000057220459,1.1622178554534912,881500.0
2017-07-11,PRIN.BK,1.440000057220459,1.4500000476837158,1.4299999475479126,1.440000057220459,1.1622178554534912,193800.0
2017-07-12,PRIN.BK,1.4500000476837158,1.4500000476837158,1.4299999475479126,1.440000057220459,1.1622178554534912,2108700.0
2017-07-13,PRIN.BK,1.440000057220459,1.4500000476837158,1.4299999475479126,1.4299999475479126,1.1541467905044556,924000.0
2017-07-14,PRIN.BK,1.440000057220459,1.4500000476837158,1.440000057220459,1.440000057220459,1.1622178554534912,1025500.0
2017-07-17,PRIN.BK,1.4500000476837158,1.4500000476837158,1.440000057220459,1.440000057220459,1.1622178554534912,725200.0
2017-07-18,PRIN.BK,1.440000057220459,1.4500000476837158,1.440000057220459,1.440000057220459,1.1622178554534912,346800.0
2017-07-19,PRIN.BK,1.4500000476837158,1.4600000381469727,1.440000057220459,1.4600000381469727,1.1783597469329834,870400.0
2017-07-20,PRIN.BK,1.4600000381469727,1.4800000190734863,1.4600000381469727,1.4800000190734863,1.1945016384124756,2406200.0
2017-07-21,PRIN.BK,1.4800000190734863,1.4800000190734863,1.4700000286102295,1.4700000286102295,1.186430811882019,1540700.0
2017-07-24,PRIN.BK,1.4700000286102295,1.5399999618530273,1.4600000381469727,1.5199999809265137,1.2267855405807495,25205000.0
2017-07-25,PRIN.BK,1.5299999713897705,1.5299999713897705,1.5099999904632568,1.5199999809265137,1.2267855405807495,6912300.0
2017-07-26,PRIN.BK,1.5299999713897705,1.5299999713897705,1.5099999904632568,1.5099999904632568,1.2187144756317139,1993300.0
2017-07-27,PRIN.BK,1.5099999904632568,1.5199999809265137,1.4900000095367432,1.5099999904632568,1.2187144756317139,2996100.0
2017-07-31,PRIN.BK,1.5099999904632568,1.5099999904632568,1.4800000190734863,1.4900000095367432,1.2025727033615112,4903000.0
2017-08-01,PRIN.BK,1.4900000095367432,1.5,1.4800000190734863,1.4900000095367432,1.2025727033615112,1754500.0
2017-08-02,PRIN.BK,1.4900000095367432,1.5199999809265137,1.4900000095367432,1.5099999904632568,1.2187144756317139,4662900.0
2017-08-03,PRIN.BK,1.5,1.5199999809265137,1.5,1.5,1.2106434106826782,1476000.0
2017-08-04,PRIN.BK,1.5,1.5199999809265137,1.5,1.5099999904632568,1.2187144756317139,2460600.0
2017-08-07,PRIN.BK,1.5199999809265137,1.5199999809265137,1.5,1.5199999809265137,1.2267855405807495,2350400.0
2017-08-08,PRIN.BK,1.5199999809265137,1.5199999809265137,1.5099999904632568,1.5099999904632568,1.2187144756317139,470500.0
2017-08-09,PRIN.BK,1.5800000429153442,1.6200000047683716,1.5700000524520874,1.600000023841858,1.2913531064987183,61128200.0
2017-08-10,PRIN.BK,1.590000033378601,1.6100000143051147,1.5800000429153442,1.600000023841858,1.2913531064987183,7403900.0
2017-08-11,PRIN.BK,1.600000023841858,1.600000023841858,1.5700000524520874,1.590000033378601,1.2832822799682617,5549400.0
2017-08-15,PRIN.BK,1.600000023841858,1.6100000143051147,1.590000033378601,1.590000033378601,1.2832822799682617,4024100.0
2017-08-16,PRIN.BK,1.600000023841858,1.600000023841858,1.5800000429153442,1.5800000429153442,1.2752113342285156,4537700.0
2017-08-17,PRIN.BK,1.590000033378601,1.600000023841858,1.5700000524520874,1.5800000429153442,1.2752113342285156,8147800.0
2017-08-18,PRIN.BK,1.5700000524520874,1.5800000429153442,1.5499999523162842,1.559999942779541,1.2590692043304443,11703300.0
2017-08-21,PRIN.BK,1.4900000095367432,1.5,1.4800000190734863,1.4800000190734863,1.2422817945480347,4704500.0
2017-08-22,PRIN.BK,1.4700000286102295,1.5,1.4700000286102295,1.5,1.2590692043304443,4125900.0
2017-08-23,PRIN.BK,1.4900000095367432,1.5099999904632568,1.4900000095367432,1.5,1.2590692043304443,1233600.0
2017-08-24,PRIN.BK,1.5,1.5199999809265137,1.5,1.5099999904632568,1.2674630880355835,2088100.0
2017-08-25,PRIN.BK,1.5099999904632568,1.5199999809265137,1.5099999904632568,1.5199999809265137,1.275856852531433,728100.0
2017-08-28,PRIN.BK,1.5099999904632568,1.5099999904632568,1.5099999904632568,1.5099999904632568,1.2674630880355835,105200.0
2017-08-29,PRIN.BK,1.5099999904632568,1.5199999809265137,1.5,1.5099999904632568,1.2674630880355835,1006100.0
2017-08-30,PRIN.BK,1.5099999904632568,1.5199999809265137,1.5099999904632568,1.5099999904632568,1.2674630880355835,1166100.0
2017-08-31,PRIN.BK,1.5099999904632568,1.5199999809265137,1.5099999904632568,1.5099999904632568,1.2674630880355835,2042900.0
2017-09-01,PRIN.BK,1.5199999809265137,1.5199999809265137,1.5099999904632568,1.5099999904632568,1.2674630880355835,258000.0
2017-09-04,PRIN.BK,1.5199999809265137,1.5199999809265137,1.5099999904632568,1.5199999809265137,1.275856852531433,1196700.0
2017-09-05,PRIN.BK,1.5199999809265137,1.5299999713897705,1.5099999904632568,1.5199999809265137,1.275856852531433,1049500.0
2017-09-06,PRIN.BK,1.5199999809265137,1.5299999713897705,1.5199999809265137,1.5299999713897705,1.2842507362365723,550000.0
2017-09-07,PRIN.BK,1.5299999713897705,1.5299999713897705,1.5199999809265137,1.5199999809265137,1.275856852531433,1001900.0
2017-09-08,PRIN.BK,1.5199999809265137,1.5399999618530273,1.5199999809265137,1.5299999713897705,1.2842507362365723,1156200.0
2017-09-11,PRIN.BK,1.5299999713897705,1.5399999618530273,1.5299999713897705,1.5299999713897705,1.2842507362365723,1585500.0
2017-09-12,PRIN.BK,1.5299999713897705,1.5499999523162842,1.5299999713897705,1.5299999713897705,1.2842507362365723,3207600.0
2017-09-13,PRIN.BK,1.5399999618530273,1.5499999523162842,1.5399999618530273,1.5499999523162842,1.301038146018982,3367400.0
2017-09-14,PRIN.BK,1.5499999523162842,1.559999942779541,1.5399999618530273,1.5499999523162842,1.301038146018982,1764100.0
2017-09-15,PRIN.BK,1.559999942779541,1.5700000524520874,1.5499999523162842,1.5700000524520874,1.3178259134292603,1994200.0
2017-09-18,PRIN.BK,1.5700000524520874,1.5800000429153442,1.559999942779541,1.559999942779541,1.309432029724121,2563500.0
2017-09-19,PRIN.BK,1.559999942779541,1.5800000429153442,1.559999942779541,1.559999942779541,1.309432029724121,1492600.0
2017-09-20,PRIN.BK,1.559999942779541,1.6200000047683716,1.559999942779541,1.600000023841858,1.343007206916809,18231500.0
2017-09-21,PRIN.BK,1.6200000047683716,1.6200000047683716,1.590000033378601,1.600000023841858,1.343007206916809,3694300.0
2017-09-22,PRIN.BK,1.600000023841858,1.6100000143051147,1.5700000524520874,1.600000023841858,1.343007206916809,5974000.0
2017-09-25,PRIN.BK,1.590000033378601,1.600000023841858,1.5700000524520874,1.590000033378601,1.334613561630249,6035800.0
2017-09-26,PRIN.BK,1.590000033378601,1.600000023841858,1.5800000429153442,1.5800000429153442,1.3262197971343994,525600.0
2017-09-27,PRIN.BK,1.5800000429153442,1.600000023841858,1.5800000429153442,1.600000023841858,1.343007206916809,1944300.0
2017-09-28,PRIN.BK,1.600000023841858,1.600000023841858,1.5800000429153442,1.590000033378601,1.334613561630249,1581500.0
2017-09-29,PRIN.BK,1.600000023841858,1.600000023841858,1.590000033378601,1.590000033378601,1.334613561630249,1913300.0
2017-10-02,PRIN.BK,1.600000023841858,1.600000023841858,1.590000033378601,1.590000033378601,1.334613561630249,2057900.0
2017-10-03,PRIN.BK,1.590000033378601,1.6100000143051147,1.590000033378601,1.6100000143051147,1.3514010906219482,2253100.0
2017-10-04,PRIN.BK,1.6100000143051147,1.6200000047683716,1.600000023841858,1.6200000047683716,1.3597948551177979,2869900.0
2017-10-05,PRIN.BK,1.6200000047683716,1.659999966621399,1.6100000143051147,1.649999976158142,1.3849762678146362,12993900.0
2017-10-06,PRIN.BK,1.649999976158142,1.6699999570846558,1.6399999856948853,1.6399999856948853,1.3765825033187866,4724400.0
2017-10-09,PRIN.BK,1.649999976158142,1.659999966621399,1.6399999856948853,1.6399999856948853,1.3765825033187866,2884800.0
2017-10-10,PRIN.BK,1.6399999856948853,1.649999976158142,1.6299999952316284,1.649999976158142,1.3849762678146362,1907500.0
2017-10-11,PRIN.BK,1.649999976158142,1.659999966621399,1.6399999856948853,1.6399999856948853,1.3765825033187866,3842600.0
2017-10-12,PRIN.BK,1.649999976158142,1.649999976158142,1.6299999952316284,1.6399999856948853,1.3765825033187866,1982700.0
2017-10-16,PRIN.BK,1.649999976158142,1.649999976158142,1.649999976158142,1.649999976158142,1.3849762678146362,93700.0
2017-10-17,PRIN.BK,1.649999976158142,1.649999976158142,1.6299999952316284,1.6399999856948853,1.3765825033187866,1499900.0
2017-10-18,PRIN.BK,1.649999976158142,1.649999976158142,1.6399999856948853,1.6399999856948853,1.3765825033187866,2327100.0
2017-10-19,PRIN.BK,1.649999976158142,1.7100000381469727,1.649999976158142,1.690000057220459,1.4185514450073242,16876900.0
2017-10-20,PRIN.BK,1.690000057220459,1.7000000476837158,1.6799999475479126,1.7000000476837158,1.4269452095031738,4190400.0
2017-10-24,PRIN.BK,1.7000000476837158,1.7799999713897705,1.7000000476837158,1.7799999713897705,1.4940954446792603,13953200.0
2017-10-25,PRIN.BK,1.7899999618530273,1.8200000524520874,1.7799999713897705,1.809999942779541,1.5192769765853882,7630700.0
2017-10-27,PRIN.BK,1.8300000429153442,1.8799999952316284,1.8200000524520874,1.840000033378601,1.5444585084915161,5670200.0
2017-10-30,PRIN.BK,1.850000023841858,1.850000023841858,1.7400000095367432,1.7599999904632568,1.4773080348968506,6634900.0
2017-10-31,PRIN.BK,1.75,1.7699999809265137,1.7400000095367432,1.7599999904632568,1.4773080348968506,2241700.0
2017-11-01,PRIN.BK,1.7599999904632568,1.7799999713897705,1.75,1.7599999904632568,1.4773080348968506,1387900.0
2017-11-02,PRIN.BK,1.7599999904632568,1.7699999809265137,1.75,1.7599999904632568,1.4773080348968506,1108900.0
2017-11-03,PRIN.BK,1.75,1.7599999904632568,1.7300000190734863,1.7300000190734863,1.4521266222000122,5844000.0
2017-11-06,PRIN.BK,1.7300000190734863,1.7400000095367432,1.7200000286102295,1.7300000190734863,1.4521266222000122,1413600.0
2017-11-07,PRIN.BK,1.7400000095367432,1.75,1.7300000190734863,1.75,1.468914270401001,1156000.0
2017-11-08,PRIN.BK,1.850000023841858,1.909999966621399,1.8300000429153442,1.8300000429153442,1.536064624786377,15555400.0
2017-11-09,PRIN.BK,1.840000033378601,1.8600000143051147,1.8300000429153442,1.8300000429153442,1.536064624786377,4088400.0
2017-11-10,PRIN.BK,1.850000023841858,1.850000023841858,1.8200000524520874,1.8200000524520874,1.5276708602905273,1865800.0
2017-11-13,PRIN.BK,1.8300000429153442,1.840000033378601,1.7999999523162842,1.7999999523162842,1.5108832120895386,2644300.0
2017-11-14,PRIN.BK,1.7999999523162842,1.8300000429153442,1.7999999523162842,1.8300000429153442,1.536064624786377,5160500.0
2017-11-15,PRIN.BK,1.840000033378601,1.8700000047683716,1.8200000524520874,1.840000033378601,1.5444585084915161,3223000.0
2017-11-16,PRIN.BK,1.8300000429153442,1.8600000143051147,1.8300000429153442,1.840000033378601,1.5444585084915161,4937700.0
2017-11-17,PRIN.BK,1.850000023841858,1.8899999856948853,1.850000023841858,1.8799999952316284,1.5780335664749146,4634000.0
2017-11-20,PRIN.BK,1.899999976158142,1.909999966621399,1.8799999952316284,1.8899999856948853,1.5864274501800537,3891300.0
2017-11-21,PRIN.BK,1.9500000476837158,1.9500000476837158,1.9500000476837158,1.9500000476837158,1.636790156364441,10450100.0
2017-11-22,PRIN.BK,1.9600000381469727,1.9700000286102295,1.9199999570846558,1.9299999475479126,1.6200025081634521,5591500.0
2017-11-23,PRIN.BK,1.9199999570846558,1.940000057220459,1.909999966621399,1.9299999475479126,1.6200025081634521,2267100.0
2017-11-24,PRIN.BK,1.9299999475479126,1.940000057220459,1.9199999570846558,1.940000057220459,1.6283963918685913,2956800.0
2017-11-27,PRIN.BK,1.9299999475479126,1.9299999475479126,1.899999976158142,1.909999966621399,1.6032148599624634,3331300.0
2017-11-28,PRIN.BK,1.909999966621399,1.9199999570846558,1.899999976158142,1.909999966621399,1.6032148599624634,1244500.0
2017-11-29,PRIN.BK,1.899999976158142,1.909999966621399,1.8899999856948853,1.8899999856948853,1.5864274501800537,2303900.0
2017-11-30,PRIN.BK,1.8899999856948853,1.909999966621399,1.8899999856948853,1.899999976158142,1.5948212146759033,923800.0
2017-12-01,PRIN.BK,1.899999976158142,1.940000057220459,1.8899999856948853,1.8899999856948853,1.5864274501800537,3382600.0
2017-12-04,PRIN.BK,1.8899999856948853,1.899999976158142,1.8899999856948853,1.899999976158142,1.5948212146759033,1712100.0
2017-12-06,PRIN.BK,1.899999976158142,1.899999976158142,1.8700000047683716,1.8799999952316284,1.5780335664749146,2363400.0
2017-12-07,PRIN.BK,1.8700000047683716,1.8700000047683716,1.850000023841858,1.8700000047683716,1.5696396827697754,2199700.0
2017-12-08,PRIN.BK,1.850000023841858,1.8700000047683716,1.850000023841858,1.850000023841858,1.5528521537780762,1013200.0
2017-12-12,PRIN.BK,1.8600000143051147,1.8600000143051147,1.809999942779541,1.840000033378601,1.5444585084915161,2380100.0
2017-12-13,PRIN.BK,1.8200000524520874,1.8300000429153442,1.75,1.7599999904632568,1.4773080348968506,6228500.0
2017-12-14,PRIN.BK,1.7400000095367432,1.7699999809265137,1.690000057220459,1.7000000476837158,1.4269452095031738,7028100.0
2017-12-15,PRIN.BK,1.7100000381469727,1.7200000286102295,1.7000000476837158,1.7000000476837158,1.4269452095031738,1836000.0
2017-12-18,PRIN.BK,1.7000000476837158,1.75,1.7000000476837158,1.7400000095367432,1.4605205059051514,2406400.0
2017-12-19,PRIN.BK,1.7400000095367432,1.7799999713897705,1.7400000095367432,1.7599999904632568,1.4773080348968506,1991200.0
2017-12-20,PRIN.BK,1.7599999904632568,1.7799999713897705,1.7599999904632568,1.7799999713897705,1.4940954446792603,1131800.0
2017-12-21,PRIN.BK,1.7799999713897705,1.7799999713897705,1.75,1.7699999809265137,1.4857017993927002,482600.0
2017-12-22,PRIN.BK,1.7599999904632568,1.7899999618530273,1.7599999904632568,1.7699999809265137,1.4857017993927002,618900.0
2017-12-25,PRIN.BK,1.7799999713897705,1.7799999713897705,1.7599999904632568,1.7699999809265137,1.4857017993927002,1285200.0
2017-12-26,PRIN.BK,1.7699999809265137,1.7799999713897705,1.75,1.7699999809265137,1.4857017993927002,3804800.0
2017-12-27,PRIN.BK,1.7599999904632568,1.7699999809265137,1.7599999904632568,1.7599999904632568,1.4773080348968506,1368900.0
2017-12-28,PRIN.BK,1.7699999809265137,1.7799999713897705,1.7599999904632568,1.7599999904632568,1.4773080348968506,1684800.0
2017-12-29,PRIN.BK,1.7599999904632568,1.7799999713897705,1.7599999904632568,1.7799999713897705,1.4940954446792603,1193800.0
2018-01-03,PRIN.BK,1.7899999618530273,1.7999999523162842,1.7799999713897705,1.7899999618530273,1.5024893283843994,1229000.0
2018-01-04,PRIN.BK,1.7999999523162842,1.7999999523162842,1.7899999618530273,1.7899999618530273,1.5024893283843994,761400.0
2018-01-05,PRIN.BK,1.7699999809265137,1.809999942779541,1.7699999809265137,1.7999999523162842,1.5108832120895386,3334800.0
2018-01-08,PRIN.BK,1.809999942779541,1.809999942779541,1.7899999618530273,1.7899999618530273,1.5024893283843994,894500.0
2018-01-09,PRIN.BK,1.7999999523162842,1.7999999523162842,1.7999999523162842,1.7999999523162842,1.5108832120895386,14800.0
2018-01-10,PRIN.BK,1.809999942779541,1.809999942779541,1.7999999523162842,1.809999942779541,1.5192769765853882,1213600.0
2018-01-11,PRIN.BK,1.8200000524520874,1.8200000524520874,1.7999999523162842,1.809999942779541,1.5192769765853882,782200.0
2018-01-12,PRIN.BK,1.809999942779541,1.8200000524520874,1.7999999523162842,1.8200000524520874,1.5276708602905273,2487500.0
2018-01-15,PRIN.BK,1.8300000429153442,1.8300000429153442,1.809999942779541,1.8200000524520874,1.5276708602905273,679900.0
2018-01-16,PRIN.BK,1.8200000524520874,1.8200000524520874,1.809999942779541,1.809999942779541,1.5192769765853882,2791500.0
2018-01-17,PRIN.BK,1.809999942779541,1.8300000429153442,1.809999942779541,1.8200000524520874,1.5276708602905273,921700.0
2018-01-18,PRIN.BK,1.8200000524520874,1.8300000429153442,1.8200000524520874,1.8200000524520874,1.5276708602905273,1291800.0
2018-01-19,PRIN.BK,1.8300000429153442,1.8300000429153442,1.809999942779541,1.8200000524520874,1.5276708602905273,1143500.0
2018-01-22,PRIN.BK,1.8200000524520874,1.8799999952316284,1.809999942779541,1.8600000143051147,1.5612460374832153,6167700.0
2018-01-23,PRIN.BK,1.8899999856948853,1.8899999856948853,1.8600000143051147,1.8600000143051147,1.5612460374832153,3547600.0
2018-01-24,PRIN.BK,1.8700000047683716,1.8799999952316284,1.8600000143051147,1.8799999952316284,1.5780335664749146,730300.0
2018-01-25,PRIN.BK,1.8799999952316284,1.8899999856948853,1.8600000143051147,1.8799999952316284,1.5780335664749146,2057000.0
2018-01-26,PRIN.BK,1.8799999952316284,1.909999966621399,1.8700000047683716,1.909999966621399,1.6032148599624634,3728100.0
2018-01-29,PRIN.BK,1.9199999570846558,1.9600000381469727,1.909999966621399,1.9199999570846558,1.6116087436676025,11793100.0
2018-01-30,PRIN.BK,1.9199999570846558,1.9199999570846558,1.8700000047683716,1.8799999952316284,1.5780335664749146,10112100.0
2018-01-31,PRIN.BK,1.8700000047683716,1.8799999952316284,1.8200000524520874,1.8200000524520874,1.5276708602905273,8730200.0
2018-02-01,PRIN.BK,1.8200000524520874,1.840000033378601,1.7999999523162842,1.7999999523162842,1.5108832120895386,4729100.0
2018-02-02,PRIN.BK,1.7999999523162842,1.8200000524520874,1.7699999809265137,1.7799999713897705,1.4940954446792603,4673400.0
2018-02-05,PRIN.BK,1.7599999904632568,1.7899999618530273,1.75,1.7799999713897705,1.4940954446792603,3351300.0
2018-02-06,PRIN.BK,1.75,1.75,1.7000000476837158,1.7400000095367432,1.4605205059051514,6033800.0
2018-02-07,PRIN.BK,1.7400000095367432,1.7699999809265137,1.7400000095367432,1.7599999904632568,1.4773080348968506,3045900.0
2018-02-08,PRIN.BK,1.7699999809265137,1.7999999523162842,1.7699999809265137,1.7899999618530273,1.5024893283843994,3565900.0
2018-02-09,PRIN.BK,1.7699999809265137,1.7899999618530273,1.7599999904632568,1.7899999618530273,1.5024893283843994,2706100.0
2018-02-12,PRIN.BK,1.7899999618530273,1.8200000524520874,1.7799999713897705,1.8200000524520874,1.5276708602905273,5444200.0
2018-02-13,PRIN.BK,1.8200000524520874,1.840000033378601,1.8200000524520874,1.8200000524520874,1.5276708602905273,9267500.0
2018-02-14,PRIN.BK,1.809999942779541,1.8200000524520874,1.7999999523162842,1.809999942779541,1.5192769765853882,3410100.0
2018-02-15,PRIN.BK,1.809999942779541,1.8600000143051147,1.809999942779541,1.8200000524520874,1.5276708602905273,7126800.0
2018-02-16,PRIN.BK,1.8300000429153442,1.8300000429153442,1.8200000524520874,1.8300000429153442,1.536064624786377,2638200.0
2018-02-19,PRIN.BK,1.850000023841858,1.850000023841858,1.8200000524520874,1.8200000524520874,1.5276708602905273,1703700.0
2018-02-20,PRIN.BK,1.8300000429153442,1.840000033378601,1.7999999523162842,1.809999942779541,1.5192769765853882,2768500.0
2018-02-21,PRIN.BK,1.809999942779541,1.809999942779541,1.7899999618530273,1.7899999618530273,1.5024893283843994,1257900.0
2018-02-22,PRIN.BK,1.8200000524520874,1.850000023841858,1.809999942779541,1.809999942779541,1.5192769765853882,11713200.0
2018-02-23,PRIN.BK,1.809999942779541,1.8300000429153442,1.809999942779541,1.8200000524520874,1.5276708602905273,1980800.0
2018-02-26,PRIN.BK,1.8300000429153442,1.840000033378601,1.809999942779541,1.8300000429153442,1.536064624786377,1813600.0
2018-02-27,PRIN.BK,1.840000033378601,1.850000023841858,1.8200000524520874,1.8200000524520874,1.5276708602905273,3776000.0
2018-02-28,PRIN.BK,1.8200000524520874,1.850000023841858,1.8200000524520874,1.840000033378601,1.5444585084915161,1116200.0
2018-03-02,PRIN.BK,1.8600000143051147,1.909999966621399,1.8600000143051147,1.899999976158142,1.5948212146759033,6625800.0
2018-03-05,PRIN.BK,1.909999966621399,1.909999966621399,1.8600000143051147,1.8799999952316284,1.5780335664749146,1521700.0
2018-03-06,PRIN.BK,1.8799999952316284,1.8799999952316284,1.8799999952316284,1.8799999952316284,1.5780335664749146,108700.0
2018-03-07,PRIN.BK,1.8700000047683716,1.8799999952316284,1.8600000143051147,1.8700000047683716,1.5696396827697754,2738100.0
2018-03-08,PRIN.BK,1.8799999952316284,1.8799999952316284,1.850000023841858,1.850000023841858,1.5528521537780762,2100600.0
2018-03-09,PRIN.BK,1.8300000429153442,1.8300000429153442,1.7699999809265137,1.7799999713897705,1.5441769361495972,2657200.0
2018-03-12,PRIN.BK,1.7799999713897705,1.7799999713897705,1.7699999809265137,1.7699999809265137,1.5355018377304077,907500.0
2018-03-13,PRIN.BK,1.7699999809265137,1.7899999618530273,1.7699999809265137,1.7899999618530273,1.5528521537780762,616100.0
2018-03-14,PRIN.BK,1.7799999713897705,1.7999999523162842,1.7799999713897705,1.7899999618530273,1.5528521537780762,368200.0
2018-03-15,PRIN.BK,1.7999999523162842,1.8200000524520874,1.7899999618530273,1.8200000524520874,1.5788776874542236,395100.0
2018-03-16,PRIN.BK,1.8300000429153442,1.840000033378601,1.8200000524520874,1.8200000524520874,1.5788776874542236,981700.0
2018-03-19,PRIN.BK,1.8300000429153442,1.8300000429153442,1.809999942779541,1.809999942779541,1.570202350616455,286000.0
2018-03-20,PRIN.BK,1.8200000524520874,1.8300000429153442,1.809999942779541,1.8200000524520874,1.5788776874542236,300200.0
2018-03-21,PRIN.BK,1.8300000429153442,1.8300000429153442,1.809999942779541,1.809999942779541,1.570202350616455,241700.0
2018-03-22,PRIN.BK,1.8200000524520874,1.8300000429153442,1.7999999523162842,1.7999999523162842,1.5615272521972656,288100.0
2018-03-23,PRIN.BK,1.7899999618530273,1.7999999523162842,1.7799999713897705,1.7999999523162842,1.5615272521972656,572900.0
2018-03-26,PRIN.BK,1.7999999523162842,1.7999999523162842,1.7799999713897705,1.7899999618530273,1.5528521537780762,718700.0
2018-03-27,PRIN.BK,1.7899999618530273,1.7999999523162842,1.7799999713897705,1.7799999713897705,1.5441769361495972,226800.0
2018-03-28,PRIN.BK,1.7899999618530273,1.850000023841858,1.7699999809265137,1.7799999713897705,1.5441769361495972,5837200.0
2018-03-29,PRIN.BK,1.7899999618530273,1.8200000524520874,1.7699999809265137,1.7699999809265137,1.5355018377304077,508500.0
2018-03-30,PRIN.BK,1.7699999809265137,1.7799999713897705,1.75,1.7599999904632568,1.5268267393112183,1020600.0
2018-04-02,PRIN.BK,1.7599999904632568,1.7699999809265137,1.75,1.7699999809265137,1.5355018377304077,313700.0
2018-04-03,PRIN.BK,1.7699999809265137,1.7799999713897705,1.7599999904632568,1.7599999904632568,1.5268267393112183,341500.0
2018-04-04,PRIN.BK,1.75,1.7599999904632568,1.7300000190734863,1.75,1.5181515216827393,634800.0
2018-04-05,PRIN.BK,1.75,1.75,1.7300000190734863,1.7300000190734863,1.5008013248443604,386000.0
2018-04-09,PRIN.BK,1.7300000190734863,1.75,1.7300000190734863,1.7400000095367432,1.5094765424728394,122400.0
2018-04-10,PRIN.BK,1.7300000190734863,1.75,1.7300000190734863,1.75,1.5181515216827393,631800.0
2018-04-11,PRIN.BK,1.7599999904632568,1.7599999904632568,1.7400000095367432,1.75,1.5181515216827393,179600.0
2018-04-12,PRIN.BK,1.75,1.75,1.7300000190734863,1.75,1.5181515216827393,643800.0
2018-04-17,PRIN.BK,1.75,1.75,1.7400000095367432,1.7400000095367432,1.5094765424728394,64700.0
2018-04-18,PRIN.BK,1.75,1.7599999904632568,1.7300000190734863,1.7599999904632568,1.5268267393112183,915500.0
2018-04-19,PRIN.BK,1.7599999904632568,1.7799999713897705,1.7599999904632568,1.7699999809265137,1.5355018377304077,635600.0
2018-04-20,PRIN.BK,1.7699999809265137,1.7899999618530273,1.7699999809265137,1.7899999618530273,1.5528521537780762,244400.0
2018-04-23,PRIN.BK,1.7999999523162842,1.809999942779541,1.7799999713897705,1.7799999713897705,1.5441769361495972,839300.0
2018-04-24,PRIN.BK,1.7799999713897705,1.7899999618530273,1.7699999809265137,1.7799999713897705,1.5441769361495972,747300.0
2018-04-25,PRIN.BK,1.7799999713897705,1.7799999713897705,1.7599999904632568,1.7699999809265137,1.5355018377304077,307200.0
2018-04-26,PRIN.BK,1.7699999809265137,1.7899999618530273,1.7599999904632568,1.7899999618530273,1.5528521537780762,592500.0
2018-04-27,PRIN.BK,1.7899999618530273,1.7999999523162842,1.7699999809265137,1.7899999618530273,1.5528521537780762,522000.0
2018-04-30,PRIN.BK,1.7899999618530273,1.7999999523162842,1.7699999809265137,1.7999999523162842,1.5615272521972656,180600.0
2018-05-02,PRIN.BK,1.7999999523162842,1.7999999523162842,1.7799999713897705,1.7999999523162842,1.5615272521972656,149800.0
2018-05-03,PRIN.BK,1.7999999523162842,1.7999999523162842,1.7799999713897705,1.7899999618530273,1.5528521537780762,316900.0
2018-05-04,PRIN.BK,1.7899999618530273,1.7999999523162842,1.7699999809265137,1.7799999713897705,1.5441769361495972,630200.0
2018-05-07,PRIN.BK,1.7699999809265137,1.7899999618530273,1.75,1.7599999904632568,1.5268267393112183,1208900.0
2018-05-08,PRIN.BK,1.7599999904632568,1.7699999809265137,1.7400000095367432,1.75,1.5181515216827393,2095800.0
2018-05-09,PRIN.BK,1.7400000095367432,1.7400000095367432,1.6699999570846558,1.6799999475479126,1.457425594329834,5040900.0
2018-05-10,PRIN.BK,1.6699999570846558,1.6799999475479126,1.6399999856948853,1.649999976158142,1.4314000606536865,2217600.0
2018-05-11,PRIN.BK,1.649999976158142,1.649999976158142,1.6299999952316284,1.6399999856948853,1.4227248430252075,611000.0
2018-05-14,PRIN.BK,1.6399999856948853,1.6399999856948853,1.600000023841858,1.6100000143051147,1.3966995477676392,2887100.0
2018-05-15,PRIN.BK,1.6100000143051147,1.6399999856948853,1.6100000143051147,1.6399999856948853,1.4227248430252075,746400.0
2018-05-16,PRIN.BK,1.6399999856948853,1.649999976158142,1.6299999952316284,1.649999976158142,1.4314000606536865,352200.0
2018-05-17,PRIN.BK,1.649999976158142,1.659999966621399,1.6399999856948853,1.659999966621399,1.440075159072876,376400.0
2018-05-18,PRIN.BK,1.6399999856948853,1.6399999856948853,1.600000023841858,1.6100000143051147,1.3966995477676392,3549400.0
2018-05-21,PRIN.BK,1.6200000047683716,1.6200000047683716,1.6100000143051147,1.6200000047683716,1.405374526977539,779200.0
2018-05-22,PRIN.BK,1.6200000047683716,1.6299999952316284,1.6200000047683716,1.6299999952316284,1.4140498638153076,148800.0
2018-05-23,PRIN.BK,1.6399999856948853,1.649999976158142,1.6200000047683716,1.649999976158142,1.4314000606536865,1535200.0
2018-05-24,PRIN.BK,1.649999976158142,1.649999976158142,1.6299999952316284,1.6399999856948853,1.4227248430252075,223300.0
2018-05-25,PRIN.BK,1.6299999952316284,1.649999976158142,1.6299999952316284,1.6299999952316284,1.4140498638153076,579000.0
2018-05-28,PRIN.BK,1.649999976158142,1.649999976158142,1.6299999952316284,1.6399999856948853,1.4227248430252075,465300.0
2018-05-30,PRIN.BK,1.6200000047683716,1.6399999856948853,1.6200000047683716,1.6399999856948853,1.4227248430252075,698900.0
2018-05-31,PRIN.BK,1.649999976158142,1.649999976158142,1.6299999952316284,1.6399999856948853,1.4227248430252075,496600.0
2018-06-01,PRIN.BK,1.6299999952316284,1.6399999856948853,1.6299999952316284,1.6399999856948853,1.4227248430252075,200700.0
2018-06-04,PRIN.BK,1.649999976158142,1.649999976158142,1.6399999856948853,1.649999976158142,1.4314000606536865,175100.0
2018-06-05,PRIN.BK,1.649999976158142,1.659999966621399,1.6399999856948853,1.6399999856948853,1.4227248430252075,254800.0
2018-06-06,PRIN.BK,1.649999976158142,1.6699999570846558,1.649999976158142,1.649999976158142,1.4314000606536865,166500.0
2018-06-07,PRIN.BK,1.6699999570846558,1.6699999570846558,1.6399999856948853,1.659999966621399,1.440075159072876,288400.0
2018-06-08,PRIN.BK,1.659999966621399,1.659999966621399,1.600000023841858,1.6299999952316284,1.4140498638153076,2770000.0
2018-06-11,PRIN.BK,1.6299999952316284,1.6299999952316284,1.6200000047683716,1.6200000047683716,1.405374526977539,765900.0
2018-06-12,PRIN.BK,1.6200000047683716,1.6399999856948853,1.6200000047683716,1.6299999952316284,1.4140498638153076,1294600.0
2018-06-13,PRIN.BK,1.6399999856948853,1.6399999856948853,1.6200000047683716,1.6200000047683716,1.405374526977539,251600.0
2018-06-14,PRIN.BK,1.6399999856948853,1.6399999856948853,1.600000023841858,1.6100000143051147,1.3966995477676392,1903200.0
2018-06-15,PRIN.BK,1.6100000143051147,1.6200000047683716,1.600000023841858,1.6200000047683716,1.405374526977539,745800.0
2018-06-18,PRIN.BK,1.6200000047683716,1.6200000047683716,1.600000023841858,1.600000023841858,1.3880242109298706,802300.0
2018-06-19,PRIN.BK,1.600000023841858,1.600000023841858,1.590000033378601,1.590000033378601,1.3793492317199707,1272900.0
2018-06-20,PRIN.BK,1.600000023841858,1.600000023841858,1.590000033378601,1.600000023841858,1.3880242109298706,788400.0
2018-06-21,PRIN.BK,1.590000033378601,1.600000023841858,1.5800000429153442,1.5800000429153442,1.3706741333007812,1453700.0
2018-06-22,PRIN.BK,1.5800000429153442,1.600000023841858,1.5800000429153442,1.590000033378601,1.3793492317199707,195300.0
2018-06-25,PRIN.BK,1.590000033378601,1.6100000143051147,1.590000033378601,1.590000033378601,1.3793492317199707,1217400.0
2018-06-26,PRIN.BK,1.5800000429153442,1.590000033378601,1.5800000429153442,1.590000033378601,1.3793492317199707,815400.0
2018-06-27,PRIN.BK,1.590000033378601,1.600000023841858,1.5800000429153442,1.5800000429153442,1.3706741333007812,792000.0
2018-06-28,PRIN.BK,1.5800000429153442,1.590000033378601,1.5700000524520874,1.5800000429153442,1.3706741333007812,23000.0
2018-06-29,PRIN.BK,1.559999942779541,1.5800000429153442,1.5299999713897705,1.5299999713897705,1.3272982835769653,973100.0
2018-07-02,PRIN.BK,1.5299999713897705,1.559999942779541,1.5199999809265137,1.559999942779541,1.3533235788345337,1623600.0
2018-07-03,PRIN.BK,1.559999942779541,1.5700000524520874,1.5499999523162842,1.5700000524520874,1.3619989156723022,407100.0
2018-07-04,PRIN.BK,1.5700000524520874,1.5800000429153442,1.559999942779541,1.5700000524520874,1.3619989156723022,445500.0
2018-07-05,PRIN.BK,1.590000033378601,1.590000033378601,1.5499999523162842,1.5499999523162842,1.3446483612060547,220800.0
2018-07-06,PRIN.BK,1.5399999618530273,1.559999942779541,1.5399999618530273,1.559999942779541,1.3533235788345337,165200.0
2018-07-09,PRIN.BK,1.5700000524520874,1.5700000524520874,1.559999942779541,1.559999942779541,1.3533235788345337,109400.0
2018-07-10,PRIN.BK,1.559999942779541,1.5800000429153442,1.559999942779541,1.5800000429153442,1.3706741333007812,779600.0
2018-07-11,PRIN.BK,1.5800000429153442,1.590000033378601,1.5700000524520874,1.590000033378601,1.3793492317199707,396200.0
2018-07-12,PRIN.BK,1.590000033378601,1.600000023841858,1.5800000429153442,1.600000023841858,1.3880242109298706,600900.0
2018-07-13,PRIN.BK,1.600000023841858,1.6100000143051147,1.590000033378601,1.6100000143051147,1.3966995477676392,723300.0
2018-07-16,PRIN.BK,1.600000023841858,1.6200000047683716,1.600000023841858,1.6100000143051147,1.3966995477676392,3511200.0
2018-07-17,PRIN.BK,1.6100000143051147,1.649999976158142,1.6100000143051147,1.649999976158142,1.4314000606536865,1699400.0
2018-07-18,PRIN.BK,1.649999976158142,1.649999976158142,1.6299999952316284,1.6299999952316284,1.4140498638153076,227800.0
2018-07-19,PRIN.BK,1.649999976158142,1.649999976158142,1.6299999952316284,1.6299999952316284,1.4140498638153076,255300.0
2018-07-20,PRIN.BK,1.6299999952316284,1.659999966621399,1.6299999952316284,1.649999976158142,1.4314000606536865,217600.0
2018-07-23,PRIN.BK,1.659999966621399,1.659999966621399,1.649999976158142,1.659999966621399,1.440075159072876,139800.0
2018-07-24,PRIN.BK,1.649999976158142,1.659999966621399,1.6299999952316284,1.659999966621399,1.440075159072876,1675900.0
2018-07-25,PRIN.BK,1.649999976158142,1.6699999570846558,1.6399999856948853,1.649999976158142,1.4314000606536865,1732700.0
2018-07-26,PRIN.BK,1.659999966621399,1.6699999570846558,1.649999976158142,1.6699999570846558,1.448750376701355,213700.0
2018-07-31,PRIN.BK,1.6699999570846558,1.6699999570846558,1.659999966621399,1.659999966621399,1.440075159072876,122100.0
2018-08-01,PRIN.BK,1.649999976158142,1.6699999570846558,1.649999976158142,1.659999966621399,1.440075159072876,253400.0
2018-08-02,PRIN.BK,1.649999976158142,1.6699999570846558,1.649999976158142,1.659999966621399,1.440075159072876,584200.0
2018-08-03,PRIN.BK,1.659999966621399,1.6699999570846558,1.649999976158142,1.6699999570846558,1.448750376701355,465400.0
2018-08-06,PRIN.BK,1.659999966621399,1.690000057220459,1.659999966621399,1.6799999475479126,1.457425594329834,1354400.0
2018-08-07,PRIN.BK,1.6799999475479126,1.7000000476837158,1.6799999475479126,1.690000057220459,1.466100811958313,1448900.0
2018-08-08,PRIN.BK,1.6799999475479126,1.690000057220459,1.6799999475479126,1.6799999475479126,1.457425594329834,107800.0
2018-08-09,PRIN.BK,1.690000057220459,1.690000057220459,1.6799999475479126,1.690000057220459,1.466100811958313,206300.0
2018-08-10,PRIN.BK,1.6799999475479126,1.6799999475479126,1.649999976158142,1.6699999570846558,1.448750376701355,2559200.0
2018-08-14,PRIN.BK,1.659999966621399,1.659999966621399,1.6399999856948853,1.659999966621399,1.440075159072876,1320300.0
2018-08-15,PRIN.BK,1.659999966621399,1.6699999570846558,1.659999966621399,1.6699999570846558,1.448750376701355,109000.0
2018-08-16,PRIN.BK,1.659999966621399,1.659999966621399,1.649999976158142,1.659999966621399,1.440075159072876,451300.0
2018-08-17,PRIN.BK,1.649999976158142,1.6699999570846558,1.649999976158142,1.659999966621399,1.440075159072876,180000.0
2018-08-20,PRIN.BK,1.649999976158142,1.659999966621399,1.6299999952316284,1.6399999856948853,1.4227248430252075,3428200.0
2018-08-21,PRIN.BK,1.649999976158142,1.659999966621399,1.6399999856948853,1.659999966621399,1.440075159072876,1361200.0
2018-08-22,PRIN.BK,1.6399999856948853,1.6399999856948853,1.600000023841858,1.6100000143051147,1.4311858415603638,3504200.0
2018-08-23,PRIN.BK,1.600000023841858,1.6200000047683716,1.600000023841858,1.600000023841858,1.4222965240478516,2903800.0
2018-08-24,PRIN.BK,1.600000023841858,1.6100000143051147,1.600000023841858,1.6100000143051147,1.4311858415603638,261500.0
2018-08-27,PRIN.BK,1.600000023841858,1.6100000143051147,1.600000023841858,1.6100000143051147,1.4311858415603638,2025800.0
2018-08-28,PRIN.BK,1.600000023841858,1.6200000047683716,1.590000033378601,1.600000023841858,1.4222965240478516,2030800.0
2018-08-29,PRIN.BK,1.600000023841858,1.6100000143051147,1.600000023841858,1.600000023841858,1.4222965240478516,2462800.0
2018-08-30,PRIN.BK,1.600000023841858,1.6100000143051147,1.600000023841858,1.600000023841858,1.4222965240478516,4779400.0
2018-08-31,PRIN.BK,1.600000023841858,1.6100000143051147,1.600000023841858,1.600000023841858,1.4222965240478516,2163800.0
2018-09-03,PRIN.BK,1.600000023841858,1.6100000143051147,1.600000023841858,1.600000023841858,1.4222965240478516,565900.0
2018-09-04,PRIN.BK,1.6100000143051147,1.6100000143051147,1.600000023841858,1.600000023841858,1.4222965240478516,3535000.0
2018-09-05,PRIN.BK,1.6100000143051147,1.6100000143051147,1.600000023841858,1.600000023841858,1.4222965240478516,2391500.0
2018-09-06,PRIN.BK,1.600000023841858,1.6100000143051147,1.600000023841858,1.6100000143051147,1.4311858415603638,1763400.0
2018-09-07,PRIN.BK,1.600000023841858,1.6100000143051147,1.600000023841858,1.6100000143051147,1.4311858415603638,2266200.0
2018-09-10,PRIN.BK,1.6100000143051147,1.6100000143051147,1.600000023841858,1.600000023841858,1.4222965240478516,9133300.0
2018-09-11,PRIN.BK,1.600000023841858,1.6100000143051147,1.600000023841858,1.600000023841858,1.4222965240478516,2077600.0
2018-09-12,PRIN.BK,1.600000023841858,1.600000023841858,1.600000023841858,1.600000023841858,1.4222965240478516,3180900.0
2018-09-13,PRIN.BK,1.6100000143051147,1.6100000143051147,1.600000023841858,1.600000023841858,1.4222965240478516,2277400.0
2018-09-14,PRIN.BK,1.6100000143051147,1.6100000143051147,1.600000023841858,1.6100000143051147,1.4311858415603638,2892300.0
2018-09-17,PRIN.BK,1.6100000143051147,1.6100000143051147,1.600000023841858,1.600000023841858,1.4222965240478516,2262900.0
2018-09-18,PRIN.BK,1.6100000143051147,1.6200000047683716,1.600000023841858,1.600000023841858,1.4222965240478516,1515900.0
2018-09-19,PRIN.BK,1.6100000143051147,1.6299999952316284,1.6100000143051147,1.6299999952316284,1.4489645957946777,875800.0
2018-09-20,PRIN.BK,1.6299999952316284,1.6299999952316284,1.6200000047683716,1.6299999952316284,1.4489645957946777,247900.0
2018-09-21,PRIN.BK,1.6299999952316284,1.6399999856948853,1.6200000047683716,1.6399999856948853,1.45785391330719,454800.0
2018-09-24,PRIN.BK,1.6299999952316284,1.6399999856948853,1.6299999952316284,1.6299999952316284,1.4489645957946777,391600.0
2018-09-25,PRIN.BK,1.6299999952316284,1.6399999856948853,1.6299999952316284,1.6399999856948853,1.45785391330719,449200.0
2018-09-26,PRIN.BK,1.6399999856948853,1.659999966621399,1.6399999856948853,1.6399999856948853,1.45785391330719,874000.0
2018-09-27,PRIN.BK,1.659999966621399,1.6699999570846558,1.6299999952316284,1.649999976158142,1.4667432308197021,3675500.0
2018-09-28,PRIN.BK,1.659999966621399,1.659999966621399,1.6399999856948853,1.6399999856948853,1.45785391330719,1000600.0
2018-10-01,PRIN.BK,1.6399999856948853,1.649999976158142,1.6299999952316284,1.6299999952316284,1.4489645957946777,691900.0
2018-10-02,PRIN.BK,1.6299999952316284,1.649999976158142,1.6299999952316284,1.6399999856948853,1.45785391330719,386800.0
2018-10-03,PRIN.BK,1.6399999856948853,1.6399999856948853,1.6399999856948853,1.6399999856948853,1.45785391330719,513600.0
2018-10-04,PRIN.BK,1.6399999856948853,1.6399999856948853,1.6200000047683716,1.6399999856948853,1.45785391330719,793100.0
2018-10-05,PRIN.BK,1.6399999856948853,1.6399999856948853,1.6299999952316284,1.6399999856948853,1.45785391330719,661000.0
2018-10-08,PRIN.BK,1.6399999856948853,1.6399999856948853,1.6299999952316284,1.6299999952316284,1.4489645957946777,818900.0
2018-10-09,PRIN.BK,1.6200000047683716,1.6399999856948853,1.6200000047683716,1.6299999952316284,1.4489645957946777,135700.0
2018-10-10,PRIN.BK,1.6299999952316284,1.6299999952316284,1.6200000047683716,1.6299999952316284,1.4489645957946777,141400.0
2018-10-11,PRIN.BK,1.6200000047683716,1.6200000047683716,1.6100000143051147,1.6100000143051147,1.4311858415603638,1676900.0
2018-10-12,PRIN.BK,1.6100000143051147,1.6299999952316284,1.6100000143051147,1.6200000047683716,1.440075159072876,405300.0
2018-10-16,PRIN.BK,1.6200000047683716,1.6299999952316284,1.6200000047683716,1.6299999952316284,1.4489645957946777,6000.0
2018-10-17,PRIN.BK,1.6200000047683716,1.6299999952316284,1.6100000143051147,1.6200000047683716,1.440075159072876,83000.0
2018-10-18,PRIN.BK,1.6200000047683716,1.6299999952316284,1.6200000047683716,1.6299999952316284,1.4489645957946777,128200.0
2018-10-19,PRIN.BK,1.6200000047683716,1.6299999952316284,1.6200000047683716,1.6299999952316284,1.4489645957946777,513700.0
2018-10-22,PRIN.BK,1.6299999952316284,1.6299999952316284,1.6100000143051147,1.6200000047683716,1.440075159072876,704700.0
2018-10-24,PRIN.BK,1.6100000143051147,1.6299999952316284,1.6100000143051147,1.6100000143051147,1.4311858415603638,3555000.0
2018-10-25,PRIN.BK,1.6100000143051147,1.6200000047683716,1.600000023841858,1.6100000143051147,1.4311858415603638,1236700.0
2018-10-26,PRIN.BK,1.6100000143051147,1.6100000143051147,1.6100000143051147,1.6100000143051147,1.4311858415603638,303300.0
2018-10-29,PRIN.BK,1.6100000143051147,1.6100000143051147,1.600000023841858,1.600000023841858,1.4222965240478516,3263200.0
2018-10-30,PRIN.BK,1.600000023841858,1.6200000047683716,1.600000023841858,1.6100000143051147,1.4311858415603638,1445100.0
2018-10-31,PRIN.BK,1.6100000143051147,1.6200000047683716,1.6100000143051147,1.6200000047683716,1.440075159072876,372200.0
2018-11-01,PRIN.BK,1.6100000143051147,1.6200000047683716,1.600000023841858,1.6200000047683716,1.440075159072876,504600.0
2018-11-02,PRIN.BK,1.6200000047683716,1.6200000047683716,1.6100000143051147,1.6200000047683716,1.440075159072876,391600.0
2018-11-05,PRIN.BK,1.6200000047683716,1.6200000047683716,1.600000023841858,1.600000023841858,1.4222965240478516,698200.0
2018-11-06,PRIN.BK,1.600000023841858,1.6100000143051147,1.590000033378601,1.6100000143051147,1.4311858415603638,3145500.0
2018-11-07,PRIN.BK,1.600000023841858,1.6100000143051147,1.590000033378601,1.590000033378601,1.4134070873260498,535400.0
2018-11-08,PRIN.BK,1.590000033378601,1.600000023841858,1.590000033378601,1.600000023841858,1.4222965240478516,613300.0
2018-11-09,PRIN.BK,1.600000023841858,1.600000023841858,1.600000023841858,1.600000023841858,1.4222965240478516,845800.0
2018-11-12,PRIN.BK,1.600000023841858,1.600000023841858,1.590000033378601,1.590000033378601,1.4134070873260498,39800.0
2018-11-13,PRIN.BK,1.600000023841858,1.6100000143051147,1.600000023841858,1.600000023841858,1.4222965240478516,547700.0
2018-11-14,PRIN.BK,1.600000023841858,1.6100000143051147,1.600000023841858,1.600000023841858,1.4222965240478516,275100.0
2018-11-15,PRIN.BK,1.600000023841858,1.600000023841858,1.590000033378601,1.590000033378601,1.4134070873260498,2162100.0
2018-11-16,PRIN.BK,1.590000033378601,1.600000023841858,1.590000033378601,1.600000023841858,1.4222965240478516,400500.0
2018-11-19,PRIN.BK,1.600000023841858,1.600000023841858,1.590000033378601,1.590000033378601,1.4134070873260498,469400.0
2018-11-20,PRIN.BK,1.590000033378601,1.600000023841858,1.590000033378601,1.590000033378601,1.4134070873260498,675200.0
2018-11-21,PRIN.BK,1.5800000429153442,1.600000023841858,1.5800000429153442,1.590000033378601,1.4134070873260498,70200.0
2018-11-22,PRIN.BK,1.5800000429153442,1.590000033378601,1.5800000429153442,1.590000033378601,1.4134070873260498,128600.0
2018-11-23,PRIN.BK,1.590000033378601,1.590000033378601,1.5800000429153442,1.590000033378601,1.4134070873260498,1235300.0
2018-11-26,PRIN.BK,1.590000033378601,1.600000023841858,1.5800000429153442,1.600000023841858,1.4222965240478516,235000.0
2018-11-27,PRIN.BK,1.6100000143051147,1.6100000143051147,1.600000023841858,1.6100000143051147,1.4311858415603638,429200.0
2018-11-28,PRIN.BK,1.600000023841858,1.6100000143051147,1.600000023841858,1.6100000143051147,1.4311858415603638,356200.0
2018-11-29,PRIN.BK,1.6100000143051147,1.6200000047683716,1.600000023841858,1.600000023841858,1.4222965240478516,652700.0
2018-11-30,PRIN.BK,1.6100000143051147,1.6100000143051147,1.600000023841858,1.600000023841858,1.4222965240478516,215700.0
2018-12-03,PRIN.BK,1.600000023841858,1.6100000143051147,1.600000023841858,1.6100000143051147,1.4311858415603638,124600.0
2018-12-04,PRIN.BK,1.6100000143051147,1.6100000143051147,1.6100000143051147,1.6100000143051147,1.4311858415603638,25000.0
2018-12-06,PRIN.BK,1.600000023841858,1.6200000047683716,1.590000033378601,1.6100000143051147,1.4311858415603638,635200.0
2018-12-07,PRIN.BK,1.6100000143051147,1.6100000143051147,1.6100000143051147,1.6100000143051147,1.4311858415603638,73000.0
2018-12-11,PRIN.BK,1.590000033378601,1.600000023841858,1.5700000524520874,1.590000033378601,1.4134070873260498,930300.0
2018-12-12,PRIN.BK,1.600000023841858,1.600000023841858,1.590000033378601,1.600000023841858,1.4222965240478516,120000.0
2018-12-13,PRIN.BK,1.590000033378601,1.600000023841858,1.5700000524520874,1.590000033378601,1.4134070873260498,1219200.0
2018-12-14,PRIN.BK,1.590000033378601,1.600000023841858,1.590000033378601,1.600000023841858,1.4222965240478516,764900.0
2018-12-17,PRIN.BK,1.590000033378601,1.600000023841858,1.590000033378601,1.600000023841858,1.4222965240478516,100600.0
2018-12-18,PRIN.BK,1.6100000143051147,1.6100000143051147,1.5800000429153442,1.590000033378601,1.4134070873260498,113600.0
2018-12-19,PRIN.BK,1.590000033378601,1.600000023841858,1.590000033378601,1.600000023841858,1.4222965240478516,203100.0
2018-12-20,PRIN.BK,1.590000033378601,1.600000023841858,1.590000033378601,1.600000023841858,1.4222965240478516,131400.0
2018-12-21,PRIN.BK,1.590000033378601,1.590000033378601,1.5800000429153442,1.5800000429153442,1.4045178890228271,305300.0
2018-12-24,PRIN.BK,1.600000023841858,1.600000023841858,1.600000023841858,1.600000023841858,1.4222965240478516,200.0
2018-12-25,PRIN.BK,1.5800000429153442,1.5800000429153442,1.559999942779541,1.5800000429153442,1.4045178890228271,1375800.0
2018-12-26,PRIN.BK,1.559999942779541,1.590000033378601,1.559999942779541,1.590000033378601,1.4134070873260498,841300.0
2018-12-27,PRIN.BK,1.559999942779541,1.590000033378601,1.559999942779541,1.559999942779541,1.3867390155792236,2205500.0
2018-12-28,PRIN.BK,1.559999942779541,1.5800000429153442,1.559999942779541,1.5700000524520874,1.3956284523010254,1146500.0
2019-01-02,PRIN.BK,1.590000033378601,1.590000033378601,1.5800000429153442,1.5800000429153442,1.4045178890228271,320300.0
2019-01-03,PRIN.BK,1.5800000429153442,1.590000033378601,1.5800000429153442,1.5800000429153442,1.4045178890228271,618100.0
2019-01-04,PRIN.BK,1.5800000429153442,1.5800000429153442,1.5700000524520874,1.5800000429153442,1.4045178890228271,567200.0
2019-01-07,PRIN.BK,1.5800000429153442,1.5800000429153442,1.5700000524520874,1.5700000524520874,1.3956284523010254,430500.0
2019-01-08,PRIN.BK,1.5800000429153442,1.5800000429153442,1.5800000429153442,1.5800000429153442,1.4045178890228271,295200.0
2019-01-09,PRIN.BK,1.5800000429153442,1.5800000429153442,1.5800000429153442,1.5800000429153442,1.4045178890228271,65500.0
2019-01-10,PRIN.BK,1.5700000524520874,1.590000033378601,1.5700000524520874,1.5800000429153442,1.4045178890228271,520800.0
2019-01-11,PRIN.BK,1.590000033378601,1.590000033378601,1.5700000524520874,1.590000033378601,1.4134070873260498,100700.0
2019-01-14,PRIN.BK,1.590000033378601,1.590000033378601,1.590000033378601,1.590000033378601,1.4134070873260498,20000.0
2019-01-15,PRIN.BK,1.5800000429153442,1.590000033378601,1.5800000429153442,1.590000033378601,1.4134070873260498,149100.0
2019-01-16,PRIN.BK,1.590000033378601,1.590000033378601,1.590000033378601,1.590000033378601,1.4134070873260498,0.0
2019-01-17,PRIN.BK,1.590000033378601,1.590000033378601,1.590000033378601,1.590000033378601,1.4134070873260498,130200.0
2019-01-18,PRIN.BK,1.590000033378601,1.600000023841858,1.590000033378601,1.600000023841858,1.4222965240478516,100700.0
2019-01-21,PRIN.BK,1.600000023841858,1.600000023841858,1.5800000429153442,1.5800000429153442,1.4045178890228271,103100.0
2019-01-22,PRIN.BK,1.590000033378601,1.600000023841858,1.5700000524520874,1.5700000524520874,1.3956284523010254,317700.0
2019-01-23,PRIN.BK,1.5800000429153442,1.5800000429153442,1.559999942779541,1.5800000429153442,1.4045178890228271,638700.0
2019-01-24,PRIN.BK,1.5700000524520874,1.5800000429153442,1.559999942779541,1.5800000429153442,1.4045178890228271,501100.0
2019-01-25,PRIN.BK,1.5800000429153442,1.600000023841858,1.5800000429153442,1.600000023841858,1.4222965240478516,143200.0
2019-01-28,PRIN.BK,1.590000033378601,1.600000023841858,1.590000033378601,1.590000033378601,1.4134070873260498,170600.0
2019-01-29,PRIN.BK,1.590000033378601,1.600000023841858,1.590000033378601,1.590000033378601,1.4134070873260498,39200.0
2019-01-30,PRIN.BK,1.590000033378601,1.600000023841858,1.590000033378601,1.590000033378601,1.4134070873260498,21700.0
2019-01-31,PRIN.BK,1.590000033378601,1.600000023841858,1.590000033378601,1.590000033378601,1.4134070873260498,50900.0
2019-02-01,PRIN.BK,1.590000033378601,1.590000033378601,1.5800000429153442,1.590000033378601,1.4134070873260498,147500.0
2019-02-04,PRIN.BK,1.6399999856948853,1.6399999856948853,1.600000023841858,1.600000023841858,1.4222965240478516,245900.0
2019-02-05,PRIN.BK,1.600000023841858,1.6399999856948853,1.600000023841858,1.6100000143051147,1.4311858415603638,1202200.0
2019-02-06,PRIN.BK,1.6100000143051147,1.6100000143051147,1.6100000143051147,1.6100000143051147,1.4311858415603638,0.0
2019-02-07,PRIN.BK,1.6100000143051147,1.6100000143051147,1.590000033378601,1.6100000143051147,1.4311858415603638,217700.0
2019-02-08,PRIN.BK,1.590000033378601,1.6100000143051147,1.5800000429153442,1.600000023841858,1.4222965240478516,498900.0
2019-02-11,PRIN.BK,1.6200000047683716,1.6200000047683716,1.6100000143051147,1.6200000047683716,1.440075159072876,347400.0
2019-02-12,PRIN.BK,1.6200000047683716,1.649999976158142,1.6200000047683716,1.6299999952316284,1.4489645957946777,468200.0
2019-02-13,PRIN.BK,1.6299999952316284,1.6299999952316284,1.6200000047683716,1.6200000047683716,1.440075159072876,339600.0
2019-02-14,PRIN.BK,1.6299999952316284,1.6399999856948853,1.6299999952316284,1.6299999952316284,1.4489645957946777,110200.0
2019-02-15,PRIN.BK,1.6399999856948853,1.649999976158142,1.6399999856948853,1.649999976158142,1.4667432308197021,412500.0
2019-02-18,PRIN.BK,1.649999976158142,1.6699999570846558,1.6200000047683716,1.6200000047683716,1.440075159072876,1578800.0
2019-02-20,PRIN.BK,1.6200000047683716,1.649999976158142,1.6200000047683716,1.6399999856948853,1.45785391330719,69400.0
2019-02-21,PRIN.BK,1.659999966621399,1.659999966621399,1.6299999952316284,1.6399999856948853,1.45785391330719,33200.0
2019-02-22,PRIN.BK,1.6299999952316284,1.6399999856948853,1.6200000047683716,1.6399999856948853,1.45785391330719,532200.0
2019-02-25,PRIN.BK,1.649999976158142,1.649999976158142,1.6200000047683716,1.6399999856948853,1.45785391330719,59800.0
2019-02-26,PRIN.BK,1.6200000047683716,1.649999976158142,1.6200000047683716,1.6399999856948853,1.45785391330719,4000.0
2019-02-27,PRIN.BK,1.6299999952316284,1.6299999952316284,1.6200000047683716,1.6200000047683716,1.440075159072876,2417600.0
2019-02-28,PRIN.BK,1.6200000047683716,1.6299999952316284,1.6100000143051147,1.6100000143051147,1.4311858415603638,365800.0
2019-03-01,PRIN.BK,1.6200000047683716,1.6200000047683716,1.6100000143051147,1.6200000047683716,1.440075159072876,333200.0
2019-03-04,PRIN.BK,1.6100000143051147,1.6100000143051147,1.600000023841858,1.6100000143051147,1.4311858415603638,487500.0
2019-03-05,PRIN.BK,1.600000023841858,1.6100000143051147,1.600000023841858,1.6100000143051147,1.4311858415603638,358500.0
2019-03-06,PRIN.BK,1.6200000047683716,1.6200000047683716,1.600000023841858,1.600000023841858,1.4222965240478516,378000.0
2019-03-07,PRIN.BK,1.600000023841858,1.6100000143051147,1.600000023841858,1.6100000143051147,1.4311858415603638,120000.0
2019-03-08,PRIN.BK,1.6100000143051147,1.6100000143051147,1.600000023841858,1.6100000143051147,1.4311858415603638,354400.0
2019-03-11,PRIN.BK,1.600000023841858,1.6100000143051147,1.600000023841858,1.600000023841858,1.4222965240478516,1579100.0
2019-03-12,PRIN.BK,1.6100000143051147,1.6100000143051147,1.600000023841858,1.6100000143051147,1.4311858415603638,273800.0
2019-03-13,PRIN.BK,1.6100000143051147,1.6200000047683716,1.600000023841858,1.6200000047683716,1.440075159072876,3105200.0
2019-03-14,PRIN.BK,1.6200000047683716,1.6200000047683716,1.600000023841858,1.600000023841858,1.4222965240478516,185400.0
2019-03-15,PRIN.BK,1.600000023841858,1.600000023841858,1.600000023841858,1.600000023841858,1.4222965240478516,44600.0
2019-03-18,PRIN.BK,1.600000023841858,1.600000023841858,1.600000023841858,1.600000023841858,1.4222965240478516,205400.0
2019-03-19,PRIN.BK,1.600000023841858,1.600000023841858,1.600000023841858,1.600000023841858,1.4222965240478516,480000.0
2019-03-20,PRIN.BK,1.590000033378601,1.600000023841858,1.590000033378601,1.600000023841858,1.4222965240478516,402300.0
2019-03-21,PRIN.BK,1.600000023841858,1.600000023841858,1.590000033378601,1.600000023841858,1.4222965240478516,2900.0
2019-03-22,PRIN.BK,1.600000023841858,1.600000023841858,1.600000023841858,1.600000023841858,1.4222965240478516,800.0
2019-03-25,PRIN.BK,1.6100000143051147,1.6100000143051147,1.590000033378601,1.600000023841858,1.4222965240478516,102400.0
2019-03-26,PRIN.BK,1.6100000143051147,1.6200000047683716,1.6100000143051147,1.6200000047683716,1.440075159072876,123000.0
2019-03-27,PRIN.BK,1.6299999952316284,1.6299999952316284,1.600000023841858,1.6299999952316284,1.4489645957946777,61700.0
2019-03-28,PRIN.BK,1.600000023841858,1.600000023841858,1.600000023841858,1.600000023841858,1.4222965240478516,385300.0
2019-03-29,PRIN.BK,1.600000023841858,1.600000023841858,1.600000023841858,1.600000023841858,1.4222965240478516,100000.0
2019-04-01,PRIN.BK,1.590000033378601,1.6299999952316284,1.590000033378601,1.6100000143051147,1.4311858415603638,22300.0
2019-04-02,PRIN.BK,1.600000023841858,1.600000023841858,1.590000033378601,1.600000023841858,1.4222965240478516,154000.0
2019-04-03,PRIN.BK,1.600000023841858,1.6200000047683716,1.590000033378601,1.6200000047683716,1.440075159072876,330400.0
2019-04-04,PRIN.BK,1.6200000047683716,1.6200000047683716,1.6100000143051147,1.6200000047683716,1.440075159072876,1022900.0
2019-04-05,PRIN.BK,1.6100000143051147,1.6200000047683716,1.590000033378601,1.600000023841858,1.4222965240478516,67400.0
2019-04-09,PRIN.BK,1.590000033378601,1.6100000143051147,1.590000033378601,1.600000023841858,1.4222965240478516,260000.0
2019-04-10,PRIN.BK,1.600000023841858,1.6100000143051147,1.600000023841858,1.6100000143051147,1.4311858415603638,19100.0
2019-04-11,PRIN.BK,1.6100000143051147,1.6100000143051147,1.600000023841858,1.600000023841858,1.4222965240478516,153900.0
2019-04-12,PRIN.BK,1.6100000143051147,1.6200000047683716,1.600000023841858,1.6200000047683716,1.440075159072876,472200.0
2019-04-17,PRIN.BK,1.6200000047683716,1.6699999570846558,1.6200000047683716,1.659999966621399,1.4756325483322144,1810200.0
2019-04-18,PRIN.BK,1.649999976158142,1.649999976158142,1.6399999856948853,1.6399999856948853,1.45785391330719,693200.0
2019-04-19,PRIN.BK,1.659999966621399,1.659999966621399,1.6200000047683716,1.6299999952316284,1.4489645957946777,896900.0
2019-04-22,PRIN.BK,1.6399999856948853,1.6699999570846558,1.6299999952316284,1.6299999952316284,1.4489645957946777,545700.0
2019-04-23,PRIN.BK,1.6399999856948853,1.649999976158142,1.6200000047683716,1.6299999952316284,1.4489645957946777,3982300.0
2019-04-24,PRIN.BK,1.6299999952316284,1.6299999952316284,1.6299999952316284,1.6299999952316284,1.4489645957946777,160800.0
2019-04-25,PRIN.BK,1.6399999856948853,1.6399999856948853,1.6399999856948853,1.6399999856948853,1.45785391330719,174100.0
2019-04-26,PRIN.BK,1.6399999856948853,1.6399999856948853,1.6299999952316284,1.6399999856948853,1.45785391330719,13400.0
2019-04-29,PRIN.BK,1.6200000047683716,1.6399999856948853,1.6200000047683716,1.6299999952316284,1.4489645957946777,55300.0
2019-04-30,PRIN.BK,1.6399999856948853,1.6399999856948853,1.6299999952316284,1.6299999952316284,1.4489645957946777,1508600.0
2019-05-02,PRIN.BK,1.6299999952316284,1.6299999952316284,1.6200000047683716,1.6299999952316284,1.4489645957946777,89200.0
2019-05-03,PRIN.BK,1.6399999856948853,1.649999976158142,1.6299999952316284,1.6299999952316284,1.4489645957946777,231100.0
2019-05-07,PRIN.BK,1.6299999952316284,1.6299999952316284,1.6299999952316284,1.6299999952316284,1.4489645957946777,188700.0
2019-05-08,PRIN.BK,1.6299999952316284,1.6299999952316284,1.6100000143051147,1.6200000047683716,1.440075159072876,1046500.0
2019-05-09,PRIN.BK,1.6200000047683716,1.6200000047683716,1.600000023841858,1.600000023841858,1.4222965240478516,183900.0
2019-05-10,PRIN.BK,1.600000023841858,1.6100000143051147,1.590000033378601,1.600000023841858,1.4222965240478516,165600.0
2019-05-13,PRIN.BK,1.6100000143051147,1.6299999952316284,1.6100000143051147,1.6299999952316284,1.4489645957946777,284200.0
2019-05-14,PRIN.BK,1.6200000047683716,1.6399999856948853,1.6200000047683716,1.6200000047683716,1.440075159072876,317800.0
2019-05-15,PRIN.BK,1.6200000047683716,1.6200000047683716,1.6100000143051147,1.6200000047683716,1.440075159072876,26200.0
2019-05-16,PRIN.BK,1.6100000143051147,1.6299999952316284,1.590000033378601,1.6299999952316284,1.4489645957946777,94900.0
2019-05-17,PRIN.BK,1.6200000047683716,1.6200000047683716,1.590000033378601,1.590000033378601,1.4134070873260498,132700.0
2019-05-21,PRIN.BK,1.600000023841858,1.600000023841858,1.590000033378601,1.590000033378601,1.4134070873260498,2421400.0
2019-05-22,PRIN.BK,1.590000033378601,1.6100000143051147,1.590000033378601,1.6100000143051147,1.4311858415603638,227600.0
2019-05-23,PRIN.BK,1.590000033378601,1.600000023841858,1.590000033378601,1.600000023841858,1.4222965240478516,422000.0
2019-05-24,PRIN.BK,1.590000033378601,1.6299999952316284,1.590000033378601,1.6100000143051147,1.4311858415603638,525900.0
2019-05-27,PRIN.BK,1.600000023841858,1.649999976158142,1.600000023841858,1.6200000047683716,1.440075159072876,71100.0
2019-05-28,PRIN.BK,1.6200000047683716,1.6299999952316284,1.6100000143051147,1.6200000047683716,1.440075159072876,309600.0
2019-05-29,PRIN.BK,1.6200000047683716,1.6799999475479126,1.6200000047683716,1.6299999952316284,1.4489645957946777,581200.0
2019-05-30,PRIN.BK,1.6299999952316284,1.6299999952316284,1.5800000429153442,1.600000023841858,1.4222965240478516,4669200.0
2019-05-31,PRIN.BK,1.600000023841858,1.600000023841858,1.600000023841858,1.600000023841858,1.4222965240478516,2100.0
2019-06-04,PRIN.BK,1.590000033378601,1.600000023841858,1.590000033378601,1.600000023841858,1.4222965240478516,72000.0
2019-06-05,PRIN.BK,1.590000033378601,1.6100000143051147,1.590000033378601,1.6100000143051147,1.4311858415603638,162800.0
2019-06-06,PRIN.BK,1.600000023841858,1.600000023841858,1.600000023841858,1.600000023841858,1.4222965240478516,100.0
2019-06-07,PRIN.BK,1.600000023841858,1.6100000143051147,1.600000023841858,1.6100000143051147,1.4311858415603638,30100.0
2019-06-10,PRIN.BK,1.600000023841858,1.600000023841858,1.559999942779541,1.600000023841858,1.4222965240478516,3669700.0
2019-06-11,PRIN.BK,1.590000033378601,1.600000023841858,1.590000033378601,1.590000033378601,1.4134070873260498,59200.0
2019-06-12,PRIN.BK,1.590000033378601,1.600000023841858,1.590000033378601,1.600000023841858,1.4222965240478516,246500.0
2019-06-13,PRIN.BK,1.590000033378601,1.590000033378601,1.5800000429153442,1.590000033378601,1.4134070873260498,38400.0
2019-06-14,PRIN.BK,1.600000023841858,1.600000023841858,1.5800000429153442,1.590000033378601,1.4134070873260498,8800.0
2019-06-17,PRIN.BK,1.590000033378601,1.600000023841858,1.590000033378601,1.600000023841858,1.4222965240478516,15900.0
2019-06-18,PRIN.BK,1.600000023841858,1.6100000143051147,1.590000033378601,1.6100000143051147,1.4311858415603638,995100.0
2019-06-19,PRIN.BK,1.6100000143051147,1.6100000143051147,1.600000023841858,1.6100000143051147,1.4311858415603638,35900.0
2019-06-20,PRIN.BK,1.590000033378601,1.6100000143051147,1.590000033378601,1.6100000143051147,1.4311858415603638,19200.0
2019-06-21,PRIN.BK,1.600000023841858,1.600000023841858,1.590000033378601,1.590000033378601,1.4134070873260498,2800.0
2019-06-24,PRIN.BK,1.590000033378601,1.600000023841858,1.590000033378601,1.600000023841858,1.4222965240478516,9300.0
2019-06-25,PRIN.BK,1.590000033378601,1.6100000143051147,1.590000033378601,1.600000023841858,1.4222965240478516,50200.0
2019-06-26,PRIN.BK,1.590000033378601,1.590000033378601,1.590000033378601,1.590000033378601,1.4134070873260498,154500.0
2019-06-27,PRIN.BK,1.590000033378601,1.6399999856948853,1.590000033378601,1.6399999856948853,1.45785391330719,315800.0
2019-06-28,PRIN.BK,1.6399999856948853,1.6399999856948853,1.6299999952316284,1.6299999952316284,1.4489645957946777,13400.0
2019-07-01,PRIN.BK,1.6299999952316284,1.6299999952316284,1.600000023841858,1.6200000047683716,1.440075159072876,140100.0
2019-07-02,PRIN.BK,1.590000033378601,1.6100000143051147,1.590000033378601,1.600000023841858,1.4222965240478516,10700.0
2019-07-03,PRIN.BK,1.600000023841858,1.6200000047683716,1.600000023841858,1.600000023841858,1.4222965240478516,31800.0
2019-07-04,PRIN.BK,1.600000023841858,1.600000023841858,1.590000033378601,1.600000023841858,1.4222965240478516,425100.0
2019-07-05,PRIN.BK,1.600000023841858,1.6100000143051147,1.600000023841858,1.600000023841858,1.4222965240478516,14800.0
2019-07-08,PRIN.BK,1.600000023841858,1.6100000143051147,1.590000033378601,1.590000033378601,1.4134070873260498,353100.0
2019-07-09,PRIN.BK,1.600000023841858,1.6100000143051147,1.600000023841858,1.600000023841858,1.4222965240478516,251700.0
2019-07-10,PRIN.BK,1.600000023841858,1.600000023841858,1.600000023841858,1.600000023841858,1.4222965240478516,290400.0
2019-07-11,PRIN.BK,1.600000023841858,1.600000023841858,1.590000033378601,1.590000033378601,1.4134070873260498,486000.0
2019-07-12,PRIN.BK,1.590000033378601,1.600000023841858,1.590000033378601,1.600000023841858,1.4222965240478516,208300.0
2019-07-15,PRIN.BK,1.600000023841858,1.600000023841858,1.600000023841858,1.600000023841858,1.4222965240478516,230700.0
2019-07-17,PRIN.BK,1.600000023841858,1.600000023841858,1.600000023841858,1.600000023841858,1.4222965240478516,120000.0
2019-07-18,PRIN.BK,1.6100000143051147,1.6100000143051147,1.600000023841858,1.600000023841858,1.4222965240478516,103700.0
2019-07-19,PRIN.BK,1.600000023841858,1.6100000143051147,1.600000023841858,1.600000023841858,1.4222965240478516,50900.0
2019-07-22,PRIN.BK,1.600000023841858,1.600000023841858,1.590000033378601,1.600000023841858,1.4222965240478516,224100.0
2019-07-23,PRIN.BK,1.600000023841858,1.600000023841858,1.590000033378601,1.590000033378601,1.4134070873260498,137000.0
2019-07-24,PRIN.BK,1.590000033378601,1.600000023841858,1.590000033378601,1.600000023841858,1.4222965240478516,68400.0
2019-07-25,PRIN.BK,1.600000023841858,1.600000023841858,1.600000023841858,1.600000023841858,1.4222965240478516,28800.0
2019-07-26,PRIN.BK,1.6200000047683716,1.6200000047683716,1.600000023841858,1.6100000143051147,1.4311858415603638,55200.0
2019-07-30,PRIN.BK,1.600000023841858,1.600000023841858,1.600000023841858,1.600000023841858,1.4222965240478516,118100.0
2019-07-31,PRIN.BK,1.600000023841858,1.600000023841858,1.590000033378601,1.590000033378601,1.4134070873260498,269200.0
2019-08-01,PRIN.BK,1.600000023841858,1.600000023841858,1.590000033378601,1.590000033378601,1.4134070873260498,50300.0
2019-08-02,PRIN.BK,1.590000033378601,1.590000033378601,1.5800000429153442,1.5800000429153442,1.4045178890228271,611000.0
2019-08-05,PRIN.BK,1.5800000429153442,1.5800000429153442,1.5800000429153442,1.5800000429153442,1.4045178890228271,101000.0
2019-08-06,PRIN.BK,1.5800000429153442,1.590000033378601,1.5700000524520874,1.590000033378601,1.4134070873260498,175200.0
2019-08-07,PRIN.BK,1.5800000429153442,1.590000033378601,1.5800000429153442,1.590000033378601,1.4134070873260498,21100.0
2019-08-08,PRIN.BK,1.5800000429153442,1.5800000429153442,1.5800000429153442,1.5800000429153442,1.4045178890228271,434900.0
2019-08-09,PRIN.BK,1.5800000429153442,1.5800000429153442,1.5800000429153442,1.5800000429153442,1.4045178890228271,150300.0
2019-08-13,PRIN.BK,1.5800000429153442,1.5800000429153442,1.5700000524520874,1.5800000429153442,1.4045178890228271,167100.0
2019-08-14,PRIN.BK,1.5700000524520874,1.5800000429153442,1.559999942779541,1.559999942779541,1.3867390155792236,884500.0
2019-08-15,PRIN.BK,1.559999942779541,1.559999942779541,1.5299999713897705,1.5399999618530273,1.3689602613449097,2441200.0
2019-08-16,PRIN.BK,1.5299999713897705,1.5800000429153442,1.5299999713897705,1.5800000429153442,1.4045178890228271,301800.0
2019-08-19,PRIN.BK,1.5700000524520874,1.5700000524520874,1.5399999618530273,1.5399999618530273,1.3689602613449097,25700.0
2019-08-20,PRIN.BK,1.5399999618530273,1.5499999523162842,1.5399999618530273,1.5499999523162842,1.3778495788574219,1800.0
2019-08-21,PRIN.BK,1.5399999618530273,1.5499999523162842,1.5399999618530273,1.5499999523162842,1.3778495788574219,24000.0
2019-08-22,PRIN.BK,1.5399999618530273,1.5499999523162842,1.5399999618530273,1.5399999618530273,1.3689602613449097,68200.0
2019-08-23,PRIN.BK,1.5499999523162842,1.5499999523162842,1.5499999523162842,1.5499999523162842,1.3778495788574219,11400.0
2019-08-26,PRIN.BK,1.5199999809265137,1.5299999713897705,1.5199999809265137,1.5299999713897705,1.360071063041687,837700.0
2019-08-27,PRIN.BK,1.5399999618530273,1.5399999618530273,1.5399999618530273,1.5399999618530273,1.3689602613449097,24500.0
2019-08-28,PRIN.BK,1.5399999618530273,1.5399999618530273,1.5399999618530273,1.5399999618530273,1.3689602613449097,200.0
2019-08-29,PRIN.BK,1.5499999523162842,1.559999942779541,1.5499999523162842,1.559999942779541,1.3867390155792236,528100.0
2019-08-30,PRIN.BK,1.5499999523162842,1.5800000429153442,1.5499999523162842,1.5800000429153442,1.4045178890228271,540000.0
2019-09-02,PRIN.BK,1.5499999523162842,1.5800000429153442,1.5499999523162842,1.5800000429153442,1.4045178890228271,36000.0
2019-09-03,PRIN.BK,1.559999942779541,1.559999942779541,1.5499999523162842,1.5499999523162842,1.3778495788574219,18600.0
2019-09-04,PRIN.BK,1.559999942779541,1.6200000047683716,1.559999942779541,1.600000023841858,1.4222965240478516,331400.0
2019-09-05,PRIN.BK,1.600000023841858,1.600000023841858,1.600000023841858,1.600000023841858,1.4222965240478516,100.0
2019-09-06,PRIN.BK,1.5800000429153442,1.590000033378601,1.5700000524520874,1.590000033378601,1.4134070873260498,52700.0
2019-09-09,PRIN.BK,1.590000033378601,1.590000033378601,1.5800000429153442,1.590000033378601,1.4134070873260498,850400.0
2019-09-10,PRIN.BK,1.590000033378601,1.590000033378601,1.590000033378601,1.590000033378601,1.4134070873260498,350800.0
2019-09-11,PRIN.BK,1.5800000429153442,1.600000023841858,1.5700000524520874,1.600000023841858,1.4222965240478516,83200.0
2019-09-12,PRIN.BK,1.5800000429153442,1.600000023841858,1.5700000524520874,1.600000023841858,1.4222965240478516,165800.0
2019-09-13,PRIN.BK,1.5700000524520874,1.5800000429153442,1.5700000524520874,1.5800000429153442,1.4045178890228271,505500.0
2019-09-16,PRIN.BK,1.5700000524520874,1.590000033378601,1.5700000524520874,1.590000033378601,1.4134070873260498,461600.0
2019-09-17,PRIN.BK,1.5800000429153442,1.590000033378601,1.5800000429153442,1.590000033378601,1.4134070873260498,397000.0
2019-09-18,PRIN.BK,1.5700000524520874,1.590000033378601,1.5700000524520874,1.590000033378601,1.4134070873260498,338200.0
2019-09-19,PRIN.BK,1.5800000429153442,1.5800000429153442,1.5800000429153442,1.5800000429153442,1.4045178890228271,50000.0
2019-09-20,PRIN.BK,1.5800000429153442,1.5800000429153442,1.5700000524520874,1.5800000429153442,1.4045178890228271,74600.0
2019-09-23,PRIN.BK,1.5800000429153442,1.5800000429153442,1.5800000429153442,1.5800000429153442,1.4045178890228271,92200.0
2019-09-24,PRIN.BK,1.5700000524520874,1.5700000524520874,1.5700000524520874,1.5700000524520874,1.3956284523010254,120500.0
2019-09-25,PRIN.BK,1.559999942779541,1.5700000524520874,1.559999942779541,1.5700000524520874,1.3956284523010254,124100.0
2019-09-26,PRIN.BK,1.559999942779541,1.5700000524520874,1.559999942779541,1.559999942779541,1.3867390155792236,4900.0
2019-09-27,PRIN.BK,1.559999942779541,1.559999942779541,1.5399999618530273,1.5399999618530273,1.3689602613449097,1145600.0
2019-09-30,PRIN.BK,1.5399999618530273,1.5399999618530273,1.5299999713897705,1.5399999618530273,1.3689602613449097,1916400.0
2019-10-01,PRIN.BK,1.5399999618530273,1.5399999618530273,1.5399999618530273,1.5399999618530273,1.3689602613449097,717100.0
2019-10-02,PRIN.BK,1.5299999713897705,1.5399999618530273,1.5299999713897705,1.5399999618530273,1.3689602613449097,4900.0
2019-10-03,PRIN.BK,1.5399999618530273,1.5399999618530273,1.5399999618530273,1.5399999618530273,1.3689602613449097,106300.0
2019-10-04,PRIN.BK,1.5299999713897705,1.5499999523162842,1.5299999713897705,1.5499999523162842,1.3778495788574219,93300.0
2019-10-07,PRIN.BK,1.5499999523162842,1.5499999523162842,1.5499999523162842,1.5499999523162842,1.3778495788574219,150300.0
2019-10-08,PRIN.BK,1.5499999523162842,1.5499999523162842,1.5499999523162842,1.5499999523162842,1.3778495788574219,0.0
2019-10-09,PRIN.BK,1.5399999618530273,1.5700000524520874,1.5399999618530273,1.5700000524520874,1.3956284523010254,142500.0
2019-10-10,PRIN.BK,1.5499999523162842,1.559999942779541,1.5499999523162842,1.559999942779541,1.3867390155792236,10800.0
2019-10-11,PRIN.BK,1.559999942779541,1.559999942779541,1.559999942779541,1.559999942779541,1.3867390155792236,711900.0
2019-10-15,PRIN.BK,1.559999942779541,1.5700000524520874,1.5399999618530273,1.5399999618530273,1.3689602613449097,301700.0
2019-10-16,PRIN.BK,1.5499999523162842,1.5499999523162842,1.5499999523162842,1.5499999523162842,1.3778495788574219,2200.0
2019-10-17,PRIN.BK,1.5399999618530273,1.559999942779541,1.5399999618530273,1.5399999618530273,1.3689602613449097,590900.0
2019-10-18,PRIN.BK,1.5399999618530273,1.5499999523162842,1.5399999618530273,1.5499999523162842,1.3778495788574219,518500.0
2019-10-21,PRIN.BK,1.5399999618530273,1.5499999523162842,1.5399999618530273,1.5399999618530273,1.3689602613449097,375100.0
2019-10-22,PRIN.BK,1.5399999618530273,1.5499999523162842,1.5399999618530273,1.5499999523162842,1.3778495788574219,2836500.0
2019-10-24,PRIN.BK,1.5399999618530273,1.5700000524520874,1.5399999618530273,1.559999942779541,1.3867390155792236,66000.0
2019-10-25,PRIN.BK,1.5499999523162842,1.559999942779541,1.5399999618530273,1.559999942779541,1.3867390155792236,3881900.0
2019-10-28,PRIN.BK,1.5199999809265137,1.559999942779541,1.5099999904632568,1.559999942779541,1.3867390155792236,531500.0
2019-10-29,PRIN.BK,1.5,1.5399999618530273,1.5,1.5399999618530273,1.3689602613449097,129800.0
2019-10-30,PRIN.BK,1.4900000095367432,1.5299999713897705,1.4900000095367432,1.5299999713897705,1.360071063041687,122200.0
2019-10-31,PRIN.BK,1.5299999713897705,1.5299999713897705,1.5099999904632568,1.5299999713897705,1.360071063041687,141700.0
2019-11-01,PRIN.BK,1.5099999904632568,1.5099999904632568,1.4700000286102295,1.5099999904632568,1.3422921895980835,1132600.0
2019-11-04,PRIN.BK,1.5199999809265137,1.5299999713897705,1.5,1.5299999713897705,1.360071063041687,1202700.0
2019-11-05,PRIN.BK,1.4900000095367432,1.5299999713897705,1.4900000095367432,1.5299999713897705,1.360071063041687,760300.0
2019-11-06,PRIN.BK,1.5099999904632568,1.5299999713897705,1.5,1.5299999713897705,1.360071063041687,116700.0
2019-11-07,PRIN.BK,1.5199999809265137,1.5199999809265137,1.5199999809265137,1.5199999809265137,1.3511816263198853,50000.0
2019-11-08,PRIN.BK,1.5099999904632568,1.5299999713897705,1.5099999904632568,1.5099999904632568,1.3422921895980835,70900.0
2019-11-11,PRIN.BK,1.5199999809265137,1.5199999809265137,1.5199999809265137,1.5199999809265137,1.3511816263198853,49600.0
2019-11-12,PRIN.BK,1.5099999904632568,1.5199999809265137,1.4900000095367432,1.5199999809265137,1.3511816263198853,52700.0
2019-11-13,PRIN.BK,1.5199999809265137,1.5399999618530273,1.5,1.5299999713897705,1.360071063041687,2778900.0
2019-11-14,PRIN.BK,1.5099999904632568,1.5099999904632568,1.5,1.5,1.3334028720855713,104900.0
2019-11-15,PRIN.BK,1.4900000095367432,1.5,1.4900000095367432,1.4900000095367432,1.324513554573059,1353800.0
2019-11-18,PRIN.BK,1.4900000095367432,1.5099999904632568,1.4800000190734863,1.5,1.3334028720855713,73400.0
2019-11-19,PRIN.BK,1.5,1.5,1.4900000095367432,1.5,1.3334028720855713,276300.0
2019-11-20,PRIN.BK,1.5199999809265137,1.5199999809265137,1.5099999904632568,1.5099999904632568,1.3422921895980835,800.0
2019-11-21,PRIN.BK,1.5099999904632568,1.5099999904632568,1.5099999904632568,1.5099999904632568,1.3422921895980835,0.0
2019-11-22,PRIN.BK,1.5,1.5,1.4900000095367432,1.5,1.3334028720855713,102500.0
2019-11-25,PRIN.BK,1.5099999904632568,1.5099999904632568,1.5099999904632568,1.5099999904632568,1.3422921895980835,50000.0
2019-11-26,PRIN.BK,1.5,1.5,1.4900000095367432,1.4900000095367432,1.324513554573059,937800.0
2019-11-27,PRIN.BK,1.5,1.5099999904632568,1.5,1.5,1.3334028720855713,1023800.0
2019-11-28,PRIN.BK,1.5,1.5,1.5,1.5,1.3334028720855713,361000.0
2019-11-29,PRIN.BK,1.4900000095367432,1.5,1.4900000095367432,1.5,1.3334028720855713,57900.0
2019-12-02,PRIN.BK,1.5,1.5,1.4800000190734863,1.5,1.3334028720855713,898700.0
2019-12-03,PRIN.BK,1.5,1.5,1.5,1.5,1.3334028720855713,3710500.0
2019-12-04,PRIN.BK,1.5,1.5,1.5,1.5,1.3334028720855713,50000.0
2019-12-06,PRIN.BK,1.4900000095367432,1.5,1.4900000095367432,1.5,1.3334028720855713,15000.0
2019-12-09,PRIN.BK,1.4900000095367432,1.5,1.4900000095367432,1.5,1.3334028720855713,121600.0
2019-12-11,PRIN.BK,1.4900000095367432,1.5199999809265137,1.4900000095367432,1.5199999809265137,1.3511816263198853,59800.0
2019-12-12,PRIN.BK,1.5199999809265137,1.5199999809265137,1.5199999809265137,1.5199999809265137,1.3511816263198853,0.0
2019-12-13,PRIN.BK,1.5199999809265137,1.5199999809265137,1.5199999809265137,1.5199999809265137,1.3511816263198853,0.0
2019-12-16,PRIN.BK,1.5099999904632568,1.5099999904632568,1.5099999904632568,1.5099999904632568,1.3422921895980835,1000.0
2019-12-17,PRIN.BK,1.4900000095367432,1.5,1.4900000095367432,1.5,1.3334028720855713,4500.0
2019-12-18,PRIN.BK,1.4900000095367432,1.5,1.4900000095367432,1.5,1.3334028720855713,22300.0
2019-12-19,PRIN.BK,1.4900000095367432,1.5,1.4900000095367432,1.5,1.3334028720855713,52000.0
2019-12-20,PRIN.BK,1.5,1.5,1.4900000095367432,1.5,1.3334028720855713,602000.0
2019-12-23,PRIN.BK,1.4900000095367432,1.4900000095367432,1.4800000190734863,1.4800000190734863,1.3156243562698364,20000.0
2019-12-24,PRIN.BK,1.4900000095367432,1.4900000095367432,1.4900000095367432,1.4900000095367432,1.324513554573059,240300.0
2019-12-25,PRIN.BK,1.5199999809265137,1.5199999809265137,1.5199999809265137,1.5199999809265137,1.3511816263198853,100.0
2019-12-26,PRIN.BK,1.4900000095367432,1.5099999904632568,1.4900000095367432,1.5099999904632568,1.3422921895980835,9100.0
2019-12-27,PRIN.BK,1.5,1.5,1.5,1.5,1.3334028720855713,25000.0
2019-12-30,PRIN.BK,1.5,1.5199999809265137,1.5,1.5199999809265137,1.3511816263198853,202300.0
2020-01-02,PRIN.BK,1.5,1.5099999904632568,1.4900000095367432,1.5099999904632568,1.3422921895980835,93600.0
2020-01-03,PRIN.BK,1.5099999904632568,1.5099999904632568,1.5,1.5099999904632568,1.3422921895980835,155000.0
2020-01-06,PRIN.BK,1.5399999618530273,1.5399999618530273,1.4700000286102295,1.5199999809265137,1.3511816263198853,180100.0
2020-01-07,PRIN.BK,1.5199999809265137,1.5199999809265137,1.5199999809265137,1.5199999809265137,1.3511816263198853,50000.0
2020-01-08,PRIN.BK,1.5,1.5,1.4500000476837158,1.4900000095367432,1.324513554573059,1018300.0
2020-01-09,PRIN.BK,1.4900000095367432,1.5,1.4600000381469727,1.4900000095367432,1.324513554573059,874500.0
2020-01-10,PRIN.BK,1.4900000095367432,1.4900000095367432,1.4800000190734863,1.4900000095367432,1.324513554573059,21600.0
2020-01-13,PRIN.BK,1.4700000286102295,1.4900000095367432,1.4700000286102295,1.4900000095367432,1.324513554573059,61200.0
2020-01-14,PRIN.BK,1.4900000095367432,1.4900000095367432,1.4900000095367432,1.4900000095367432,1.324513554573059,9000.0
2020-01-15,PRIN.BK,1.5,1.5,1.4600000381469727,1.4700000286102295,1.3067348003387451,726700.0
2020-01-16,PRIN.BK,1.4700000286102295,1.4800000190734863,1.4700000286102295,1.4700000286102295,1.3067348003387451,216200.0
2020-01-17,PRIN.BK,1.4800000190734863,1.4800000190734863,1.4600000381469727,1.4700000286102295,1.3067348003387451,277100.0
2020-01-20,PRIN.BK,1.4700000286102295,1.4700000286102295,1.4600000381469727,1.4700000286102295,1.3067348003387451,5700.0
2020-01-21,PRIN.BK,1.4800000190734863,1.4800000190734863,1.4500000476837158,1.4600000381469727,1.2978456020355225,459700.0
2020-01-22,PRIN.BK,1.4600000381469727,1.4700000286102295,1.4500000476837158,1.4700000286102295,1.3067348003387451,303900.0
2020-01-23,PRIN.BK,1.4700000286102295,1.4800000190734863,1.4500000476837158,1.4800000190734863,1.3156243562698364,1111100.0
2020-01-24,PRIN.BK,1.4700000286102295,1.4800000190734863,1.4700000286102295,1.4800000190734863,1.3156243562698364,1063700.0
2020-01-27,PRIN.BK,1.4600000381469727,1.4700000286102295,1.440000057220459,1.4600000381469727,1.2978456020355225,3811000.0
2020-01-28,PRIN.BK,1.4600000381469727,1.4900000095367432,1.4299999475479126,1.4700000286102295,1.3067348003387451,2818600.0
2020-01-29,PRIN.BK,1.4600000381469727,1.4800000190734863,1.4600000381469727,1.4800000190734863,1.3156243562698364,776600.0
2020-01-30,PRIN.BK,1.4800000190734863,1.4800000190734863,1.4800000190734863,1.4800000190734863,1.3156243562698364,25000.0
2020-01-31,PRIN.BK,1.4800000190734863,1.4800000190734863,1.4800000190734863,1.4800000190734863,1.3156243562698364,106700.0
2020-02-03,PRIN.BK,1.4800000190734863,1.4800000190734863,1.4500000476837158,1.4800000190734863,1.3156243562698364,620400.0
2020-02-04,PRIN.BK,1.4800000190734863,1.4900000095367432,1.4800000190734863,1.4900000095367432,1.324513554573059,326900.0
2020-02-05,PRIN.BK,1.4800000190734863,1.4900000095367432,1.4800000190734863,1.4900000095367432,1.324513554573059,230000.0
2020-02-06,PRIN.BK,1.4600000381469727,1.4600000381469727,1.4600000381469727,1.4600000381469727,1.2978456020355225,10000.0
2020-02-07,PRIN.BK,1.4800000190734863,1.4800000190734863,1.4800000190734863,1.4800000190734863,1.3156243562698364,5000.0
2020-02-11,PRIN.BK,1.4800000190734863,1.4800000190734863,1.4800000190734863,1.4800000190734863,1.3156243562698364,130000.0
2020-02-12,PRIN.BK,1.5,1.5,1.5,1.5,1.3334028720855713,397200.0
2020-02-13,PRIN.BK,1.5,1.5099999904632568,1.5,1.5099999904632568,1.3422921895980835,53500.0
2020-02-14,PRIN.BK,1.5099999904632568,1.5099999904632568,1.5099999904632568,1.5099999904632568,1.3422921895980835,0.0
2020-02-17,PRIN.BK,1.5,1.5,1.5,1.5,1.3334028720855713,1303800.0
2020-02-18,PRIN.BK,1.5,1.5099999904632568,1.4800000190734863,1.5,1.3334028720855713,11929000.0
2020-02-19,PRIN.BK,1.5099999904632568,1.5099999904632568,1.5,1.5099999904632568,1.3422921895980835,3687100.0
2020-02-20,PRIN.BK,1.4800000190734863,1.5099999904632568,1.4800000190734863,1.5099999904632568,1.3422921895980835,3329100.0
2020-02-21,PRIN.BK,1.5099999904632568,1.5299999713897705,1.5,1.5,1.3334028720855713,3958300.0
2020-02-24,PRIN.BK,1.5,1.5099999904632568,1.5,1.5099999904632568,1.3422921895980835,6077300.0
2020-02-25,PRIN.BK,1.4700000286102295,1.5099999904632568,1.4600000381469727,1.5099999904632568,1.3422921895980835,4705600.0
2020-02-26,PRIN.BK,1.5099999904632568,1.5099999904632568,1.4800000190734863,1.5099999904632568,1.3422921895980835,12834100.0
2020-02-27,PRIN.BK,1.4700000286102295,1.5099999904632568,1.4600000381469727,1.5099999904632568,1.3422921895980835,9544600.0
2020-02-28,PRIN.BK,1.4600000381469727,1.5199999809265137,1.4600000381469727,1.5199999809265137,1.3511816263198853,20615100.0
2020-03-02,PRIN.BK,1.5299999713897705,1.5299999713897705,1.5,1.5199999809265137,1.3511816263198853,620700.0
2020-03-03,PRIN.BK,1.5,1.5099999904632568,1.5,1.5099999904632568,1.3422921895980835,2911600.0
2020-03-04,PRIN.BK,1.5099999904632568,1.5299999713897705,1.5099999904632568,1.5199999809265137,1.3511816263198853,13351400.0
2020-03-05,PRIN.BK,1.4800000190734863,1.5099999904632568,1.4800000190734863,1.5099999904632568,1.3422921895980835,6005500.0
2020-03-06,PRIN.BK,1.4800000190734863,1.5099999904632568,1.4800000190734863,1.5099999904632568,1.3422921895980835,2005100.0
2020-03-09,PRIN.BK,1.4600000381469727,1.4800000190734863,1.4600000381469727,1.4700000286102295,1.3067348003387451,5159400.0
2020-03-10,PRIN.BK,1.4199999570846558,1.4700000286102295,1.3300000429153442,1.3300000429153442,1.1822839975357056,1170200.0
2020-03-11,PRIN.BK,1.3300000429153442,1.3600000143051147,1.3300000429153442,1.340000033378601,1.1911733150482178,207700.0
2020-03-12,PRIN.BK,1.3200000524520874,1.340000033378601,1.2599999904632568,1.3200000524520874,1.1733945608139038,494100.0
2020-03-13,PRIN.BK,1.25,1.2799999713897705,1.2000000476837158,1.2799999713897705,1.164298415184021,8110400.0
2020-03-16,PRIN.BK,1.2999999523162842,1.2999999523162842,1.2000000476837158,1.2000000476837158,1.0915298461914062,1082500.0
2020-03-17,PRIN.BK,1.149999976158142,1.2400000095367432,1.1100000143051147,1.1200000047683716,1.018761157989502,7236500.0
2020-03-18,PRIN.BK,1.1200000047683716,1.159999966621399,1.1200000047683716,1.159999966621399,1.0551453828811646,4321400.0
2020-03-19,PRIN.BK,1.100000023841858,1.2400000095367432,1.100000023841858,1.1200000047683716,1.018761157989502,4658500.0
2020-03-20,PRIN.BK,1.1799999475479126,1.2799999713897705,1.1699999570846558,1.2000000476837158,1.0915298461914062,101000.0
2020-03-23,PRIN.BK,1.1799999475479126,1.190000057220459,1.100000023841858,1.190000057220459,1.0824337005615234,200600.0
2020-03-24,PRIN.BK,1.100000023841858,1.2000000476837158,1.100000023841858,1.2000000476837158,1.0915298461914062,932400.0
2020-03-25,PRIN.BK,1.1799999475479126,1.190000057220459,1.1799999475479126,1.190000057220459,1.0824337005615234,9000.0
2020-03-26,PRIN.BK,1.149999976158142,1.25,1.149999976158142,1.25,1.1370102167129517,263900.0
2020-03-27,PRIN.BK,1.2000000476837158,1.2699999809265137,1.2000000476837158,1.2699999809265137,1.1552025079727173,789200.0
2020-03-30,PRIN.BK,1.2799999713897705,1.2799999713897705,1.2799999713897705,1.2799999713897705,1.164298415184021,2000.0
2020-03-31,PRIN.BK,1.25,1.340000033378601,1.25,1.340000033378601,1.2188749313354492,1203700.0
2020-04-01,PRIN.BK,1.340000033378601,1.340000033378601,1.340000033378601,1.340000033378601,1.2188749313354492,0.0
2020-04-02,PRIN.BK,1.3200000524520874,1.3200000524520874,1.2699999809265137,1.2699999809265137,1.1552025079727173,700.0
2020-04-03,PRIN.BK,1.2599999904632568,1.2699999809265137,1.2599999904632568,1.2699999809265137,1.1552025079727173,2751900.0
2020-04-07,PRIN.BK,1.2699999809265137,1.3200000524520874,1.2699999809265137,1.3200000524520874,1.2006827592849731,373700.0
2020-04-08,PRIN.BK,1.3200000524520874,1.3200000524520874,1.3200000524520874,1.3200000524520874,1.2006827592849731,200.0
2020-04-09,PRIN.BK,1.2699999809265137,1.3200000524520874,1.2699999809265137,1.2999999523162842,1.1824907064437866,160400.0
2020-04-10,PRIN.BK,1.309999942779541,1.309999942779541,1.309999942779541,1.309999942779541,1.1915867328643799,100.0
2020-04-13,PRIN.BK,1.309999942779541,1.309999942779541,1.309999942779541,1.309999942779541,1.1915867328643799,5600.0
2020-04-14,PRIN.BK,1.340000033378601,1.340000033378601,1.2699999809265137,1.2699999809265137,1.1552025079727173,34000.0
2020-04-15,PRIN.BK,1.2699999809265137,1.2699999809265137,1.25,1.2599999904632568,1.1461063623428345,56700.0
2020-04-16,PRIN.BK,1.2699999809265137,1.2699999809265137,1.2599999904632568,1.2599999904632568,1.1461063623428345,83200.0
2020-04-17,PRIN.BK,1.25,1.2699999809265137,1.25,1.2599999904632568,1.1461063623428345,21800.0
2020-04-20,PRIN.BK,1.2699999809265137,1.2699999809265137,1.2699999809265137,1.2699999809265137,1.1552025079727173,1100.0
2020-04-21,PRIN.BK,1.2699999809265137,1.2799999713897705,1.2599999904632568,1.2799999713897705,1.164298415184021,18900.0
2020-04-22,PRIN.BK,1.25,1.2699999809265137,1.25,1.2699999809265137,1.1552025079727173,13500.0
2020-04-23,PRIN.BK,1.2599999904632568,1.2699999809265137,1.2599999904632568,1.2699999809265137,1.1552025079727173,36500.0
2020-04-24,PRIN.BK,1.2599999904632568,1.2599999904632568,1.25,1.25,1.1370102167129517,170000.0
2020-04-27,PRIN.BK,1.2599999904632568,1.2699999809265137,1.2599999904632568,1.2599999904632568,1.1461063623428345,65000.0
2020-04-28,PRIN.BK,1.2599999904632568,1.2799999713897705,1.2599999904632568,1.2799999713897705,1.164298415184021,152900.0
2020-04-29,PRIN.BK,1.2899999618530273,1.309999942779541,1.2799999713897705,1.2999999523162842,1.1824907064437866,24800.0
2020-04-30,PRIN.BK,1.3300000429153442,1.3300000429153442,1.2999999523162842,1.2999999523162842,1.1824907064437866,2000.0
2020-05-05,PRIN.BK,1.309999942779541,1.309999942779541,1.2999999523162842,1.2999999523162842,1.1824907064437866,8400.0
2020-05-07,PRIN.BK,1.309999942779541,1.309999942779541,1.309999942779541,1.309999942779541,1.1915867328643799,5500.0
2020-05-08,PRIN.BK,1.2899999618530273,1.2999999523162842,1.2899999618530273,1.2999999523162842,1.1824907064437866,2500.0
2020-05-11,PRIN.BK,1.2999999523162842,1.309999942779541,1.2999999523162842,1.309999942779541,1.1915867328643799,18300.0
2020-05-12,PRIN.BK,1.2999999523162842,1.309999942779541,1.2999999523162842,1.309999942779541,1.1915867328643799,32100.0
2020-05-13,PRIN.BK,1.309999942779541,1.3200000524520874,1.309999942779541,1.3200000524520874,1.2006827592849731,1032900.0
2020-05-14,PRIN.BK,1.340000033378601,1.340000033378601,1.340000033378601,1.340000033378601,1.2188749313354492,1000.0
2020-05-15,PRIN.BK,1.3200000524520874,1.3200000524520874,1.3200000524520874,1.3200000524520874,1.2006827592849731,596700.0
2020-05-18,PRIN.BK,1.2999999523162842,1.3200000524520874,1.2899999618530273,1.2899999618530273,1.1733944416046143,2005800.0
2020-05-19,PRIN.BK,1.2999999523162842,1.3300000429153442,1.2899999618530273,1.2899999618530273,1.1733944416046143,311000.0
2020-05-20,PRIN.BK,1.309999942779541,1.3600000143051147,1.309999942779541,1.3600000143051147,1.2370671033859253,6001300.0
2020-05-21,PRIN.BK,1.3600000143051147,1.3799999952316284,1.3600000143051147,1.3600000143051147,1.2370671033859253,26000.0
2020-05-22,PRIN.BK,1.3200000524520874,1.340000033378601,1.3200000524520874,1.340000033378601,1.2188749313354492,4281000.0
2020-05-25,PRIN.BK,1.340000033378601,1.4199999570846558,1.340000033378601,1.3899999856948853,1.2643554210662842,4307700.0
2020-05-26,PRIN.BK,1.409999966621399,1.440000057220459,1.409999966621399,1.440000057220459,1.3098359107971191,3375900.0
2020-05-27,PRIN.BK,1.440000057220459,1.4500000476837158,1.409999966621399,1.4500000476837158,1.3189319372177124,9800.0
2020-05-28,PRIN.BK,1.4800000190734863,1.4800000190734863,1.4500000476837158,1.4700000286102295,1.337123990058899,3500.0
2020-05-29,PRIN.BK,1.4199999570846558,1.4800000190734863,1.4199999570846558,1.4800000190734863,1.3462202548980713,13900.0
2020-06-01,PRIN.BK,1.5,1.7000000476837158,1.409999966621399,1.409999966621399,1.2825474739074707,1555200.0
2020-06-02,PRIN.BK,1.5499999523162842,1.5499999523162842,1.4299999475479126,1.4500000476837158,1.3189319372177124,334300.0
2020-06-04,PRIN.BK,1.4800000190734863,1.5099999904632568,1.4600000381469727,1.4800000190734863,1.3462202548980713,178700.0
2020-06-05,PRIN.BK,1.4900000095367432,1.5499999523162842,1.4900000095367432,1.5099999904632568,1.373508334159851,501500.0
2020-06-08,PRIN.BK,1.5099999904632568,1.590000033378601,1.5099999904632568,1.5199999809265137,1.3826044797897339,256100.0
2020-06-09,PRIN.BK,1.5800000429153442,1.5800000429153442,1.5,1.5,1.3644121885299683,283600.0
2020-06-10,PRIN.BK,1.5,1.5099999904632568,1.5,1.5099999904632568,1.373508334159851,5800.0
2020-06-11,PRIN.BK,1.5499999523162842,1.5499999523162842,1.4900000095367432,1.5099999904632568,1.373508334159851,63400.0
2020-06-12,PRIN.BK,1.4900000095367432,1.5099999904632568,1.4800000190734863,1.5099999904632568,1.373508334159851,51700.0
2020-06-15,PRIN.BK,1.4600000381469727,1.5,1.4600000381469727,1.4900000095367432,1.355316162109375,41700.0
2020-06-16,PRIN.BK,1.4900000095367432,1.5,1.4900000095367432,1.5,1.3644121885299683,443500.0
2020-06-17,PRIN.BK,1.4900000095367432,1.4900000095367432,1.4900000095367432,1.4900000095367432,1.355316162109375,20000.0
2020-06-18,PRIN.BK,1.4700000286102295,1.5,1.4700000286102295,1.5,1.3644121885299683,105600.0
2020-06-19,PRIN.BK,1.5299999713897705,1.5299999713897705,1.4900000095367432,1.5099999904632568,1.373508334159851,17100.0
2020-06-22,PRIN.BK,1.4900000095367432,1.5199999809265137,1.4900000095367432,1.5199999809265137,1.3826044797897339,1535100.0
2020-06-23,PRIN.BK,1.5099999904632568,1.5199999809265137,1.5099999904632568,1.5199999809265137,1.3826044797897339,500.0
2020-06-24,PRIN.BK,1.5099999904632568,1.5099999904632568,1.4800000190734863,1.4800000190734863,1.3462202548980713,110400.0
2020-06-25,PRIN.BK,1.4700000286102295,1.4800000190734863,1.4700000286102295,1.4800000190734863,1.3462202548980713,302800.0
2020-06-26,PRIN.BK,1.4700000286102295,1.4800000190734863,1.4600000381469727,1.4800000190734863,1.3462202548980713,54500.0
2020-06-29,PRIN.BK,1.4800000190734863,1.6200000047683716,1.4800000190734863,1.6200000047683716,1.4735652208328247,8600.0
2020-06-30,PRIN.BK,1.5199999809265137,1.5800000429153442,1.5199999809265137,1.5399999618530273,1.4007965326309204,541800.0
2020-07-01,PRIN.BK,1.5399999618530273,1.5399999618530273,1.5299999713897705,1.5399999618530273,1.4007965326309204,151300.0
2020-07-02,PRIN.BK,1.5099999904632568,1.5499999523162842,1.5099999904632568,1.5399999618530273,1.4007965326309204,75100.0
2020-07-03,PRIN.BK,1.5399999618530273,1.5499999523162842,1.5299999713897705,1.5299999713897705,1.3917006254196167,128900.0
2020-07-07,PRIN.BK,1.5,1.5499999523162842,1.5,1.5499999523162842,1.4098925590515137,87300.0
2020-07-08,PRIN.BK,1.5399999618530273,1.5499999523162842,1.5299999713897705,1.5499999523162842,1.4098925590515137,40000.0
2020-07-09,PRIN.BK,1.5,1.5299999713897705,1.5,1.5299999713897705,1.3917006254196167,97000.0
2020-07-10,PRIN.BK,1.5,1.5499999523162842,1.5,1.5499999523162842,1.4098925590515137,106800.0
2020-07-13,PRIN.BK,1.5,1.600000023841858,1.5,1.559999942779541,1.418988823890686,9900.0
2020-07-14,PRIN.BK,1.5499999523162842,1.5499999523162842,1.5499999523162842,1.5499999523162842,1.4098925590515137,1645000.0
2020-07-15,PRIN.BK,1.5499999523162842,1.5499999523162842,1.5,1.5399999618530273,1.4007965326309204,117800.0
2020-07-16,PRIN.BK,1.5099999904632568,1.559999942779541,1.5099999904632568,1.5299999713897705,1.3917006254196167,58800.0
2020-07-17,PRIN.BK,1.5099999904632568,1.559999942779541,1.5099999904632568,1.5499999523162842,1.4098925590515137,88100.0
2020-07-20,PRIN.BK,1.5499999523162842,1.5499999523162842,1.5,1.5399999618530273,1.4007965326309204,278200.0
2020-07-21,PRIN.BK,1.5199999809265137,1.5499999523162842,1.5199999809265137,1.5499999523162842,1.4098925590515137,387000.0
2020-07-22,PRIN.BK,1.5099999904632568,1.5199999809265137,1.5,1.5,1.3644121885299683,229000.0
2020-07-23,PRIN.BK,1.5099999904632568,1.559999942779541,1.5099999904632568,1.5199999809265137,1.3826044797897339,372600.0
2020-07-24,PRIN.BK,1.5099999904632568,1.5700000524520874,1.5099999904632568,1.5700000524520874,1.4280849695205688,2295700.0
2020-07-29,PRIN.BK,1.5700000524520874,1.5700000524520874,1.5499999523162842,1.5499999523162842,1.4098925590515137,16000.0
2020-07-30,PRIN.BK,1.559999942779541,1.6100000143051147,1.559999942779541,1.5800000429153442,1.437180995941162,2057400.0
2020-07-31,PRIN.BK,1.6299999952316284,1.6299999952316284,1.5499999523162842,1.5700000524520874,1.4280849695205688,976000.0
2020-08-03,PRIN.BK,1.5299999713897705,1.5700000524520874,1.5299999713897705,1.5700000524520874,1.4280849695205688,156200.0
2020-08-04,PRIN.BK,1.559999942779541,1.5700000524520874,1.559999942779541,1.5700000524520874,1.4280849695205688,95000.0
2020-08-05,PRIN.BK,1.5499999523162842,1.5700000524520874,1.5499999523162842,1.5700000524520874,1.4280849695205688,14200.0
2020-08-06,PRIN.BK,1.600000023841858,1.6100000143051147,1.600000023841858,1.6100000143051147,1.464469313621521,13300.0
2020-08-07,PRIN.BK,1.649999976158142,1.649999976158142,1.600000023841858,1.600000023841858,1.4553730487823486,205100.0
2020-08-10,PRIN.BK,1.6100000143051147,1.6100000143051147,1.5700000524520874,1.5700000524520874,1.4280849695205688,23200.0
2020-08-11,PRIN.BK,1.5700000524520874,1.5800000429153442,1.5499999523162842,1.5499999523162842,1.4098925590515137,9422900.0
2020-08-13,PRIN.BK,1.5700000524520874,1.6200000047683716,1.5700000524520874,1.5800000429153442,1.437180995941162,46700.0
2020-08-14,PRIN.BK,1.6399999856948853,1.6399999856948853,1.5700000524520874,1.5800000429153442,1.437180995941162,590000.0
2020-08-17,PRIN.BK,1.600000023841858,1.6399999856948853,1.5800000429153442,1.5800000429153442,1.437180995941162,26100.0
2020-08-18,PRIN.BK,1.5800000429153442,1.6100000143051147,1.5800000429153442,1.6100000143051147,1.464469313621521,131400.0
2020-08-19,PRIN.BK,1.600000023841858,1.600000023841858,1.600000023841858,1.600000023841858,1.4553730487823486,2000.0
2020-08-20,PRIN.BK,1.5800000429153442,1.590000033378601,1.5499999523162842,1.590000033378601,1.4462770223617554,571200.0
2020-08-21,PRIN.BK,1.5800000429153442,1.5800000429153442,1.5800000429153442,1.5800000429153442,1.437180995941162,25100.0
2020-08-24,PRIN.BK,1.5800000429153442,1.5800000429153442,1.5800000429153442,1.5800000429153442,1.437180995941162,531400.0
2020-08-25,PRIN.BK,1.6200000047683716,1.6200000047683716,1.5800000429153442,1.590000033378601,1.4462770223617554,12600.0
2020-08-26,PRIN.BK,1.6100000143051147,1.6100000143051147,1.6100000143051147,1.6100000143051147,1.464469313621521,200.0
2020-08-27,PRIN.BK,1.590000033378601,1.600000023841858,1.5499999523162842,1.600000023841858,1.4553730487823486,300400.0
2020-08-28,PRIN.BK,1.5399999618530273,1.600000023841858,1.5399999618530273,1.5499999523162842,1.4098925590515137,485300.0
2020-08-31,PRIN.BK,1.5700000524520874,1.590000033378601,1.5700000524520874,1.590000033378601,1.4462770223617554,200200.0
2020-09-01,PRIN.BK,1.5399999618530273,1.600000023841858,1.5099999904632568,1.600000023841858,1.4553730487823486,917000.0
2020-09-02,PRIN.BK,1.590000033378601,1.600000023841858,1.559999942779541,1.5800000429153442,1.437180995941162,212100.0
2020-09-03,PRIN.BK,1.5499999523162842,1.600000023841858,1.5199999809265137,1.600000023841858,1.4553730487823486,906600.0
2020-09-08,PRIN.BK,1.600000023841858,1.600000023841858,1.600000023841858,1.600000023841858,1.4553730487823486,156200.0
2020-09-09,PRIN.BK,1.590000033378601,1.600000023841858,1.5499999523162842,1.600000023841858,1.4553730487823486,59500.0
2020-09-10,PRIN.BK,1.5800000429153442,1.600000023841858,1.5800000429153442,1.600000023841858,1.4553730487823486,49100.0
2020-09-11,PRIN.BK,1.6100000143051147,1.6100000143051147,1.590000033378601,1.600000023841858,1.4553730487823486,38000.0
2020-09-14,PRIN.BK,1.600000023841858,1.600000023841858,1.590000033378601,1.600000023841858,1.4553730487823486,144000.0
2020-09-15,PRIN.BK,1.600000023841858,1.6100000143051147,1.590000033378601,1.600000023841858,1.4553730487823486,54800.0
2020-09-16,PRIN.BK,1.6100000143051147,1.6100000143051147,1.600000023841858,1.600000023841858,1.4553730487823486,21000.0
2020-09-17,PRIN.BK,1.600000023841858,1.600000023841858,1.600000023841858,1.600000023841858,1.4553730487823486,102500.0
2020-09-18,PRIN.BK,1.600000023841858,1.6299999952316284,1.590000033378601,1.6100000143051147,1.464469313621521,334600.0
2020-09-21,PRIN.BK,1.6299999952316284,1.6399999856948853,1.6100000143051147,1.6100000143051147,1.464469313621521,1476800.0
2020-09-22,PRIN.BK,1.600000023841858,1.6399999856948853,1.600000023841858,1.6200000047683716,1.4735652208328247,326900.0
2020-09-23,PRIN.BK,1.6399999856948853,1.6699999570846558,1.6200000047683716,1.6299999952316284,1.4826613664627075,210200.0
2020-09-24,PRIN.BK,1.6299999952316284,1.6399999856948853,1.6200000047683716,1.6299999952316284,1.4826613664627075,104400.0
2020-09-25,PRIN.BK,1.6299999952316284,1.6299999952316284,1.6200000047683716,1.6200000047683716,1.4735652208328247,37700.0
2020-09-28,PRIN.BK,1.6200000047683716,1.6399999856948853,1.6200000047683716,1.6399999856948853,1.4917573928833008,317100.0
2020-09-29,PRIN.BK,1.6299999952316284,1.6699999570846558,1.6299999952316284,1.6399999856948853,1.4917573928833008,667000.0
2020-09-30,PRIN.BK,1.6399999856948853,1.6399999856948853,1.6299999952316284,1.6399999856948853,1.4917573928833008,313700.0
2020-10-01,PRIN.BK,1.6399999856948853,1.6399999856948853,1.6399999856948853,1.6399999856948853,1.4917573928833008,601500.0
2020-10-02,PRIN.BK,1.6399999856948853,1.6399999856948853,1.6399999856948853,1.6399999856948853,1.4917573928833008,152200.0
2020-10-05,PRIN.BK,1.649999976158142,1.649999976158142,1.6399999856948853,1.6399999856948853,1.4917573928833008,151100.0
2020-10-06,PRIN.BK,1.6299999952316284,1.6399999856948853,1.6200000047683716,1.6299999952316284,1.4826613664627075,273800.0
2020-10-07,PRIN.BK,1.6200000047683716,1.649999976158142,1.6200000047683716,1.6399999856948853,1.4917573928833008,173600.0
2020-10-08,PRIN.BK,1.6399999856948853,1.649999976158142,1.6399999856948853,1.6399999856948853,1.4917573928833008,237500.0
2020-10-09,PRIN.BK,1.6399999856948853,1.649999976158142,1.6299999952316284,1.6399999856948853,1.4917573928833008,512100.0
2020-10-12,PRIN.BK,1.6299999952316284,1.6399999856948853,1.6299999952316284,1.6399999856948853,1.4917573928833008,76800.0
2020-10-14,PRIN.BK,1.6399999856948853,1.6399999856948853,1.6299999952316284,1.6299999952316284,1.4826613664627075,66000.0
2020-10-15,PRIN.BK,1.6399999856948853,1.6399999856948853,1.6299999952316284,1.6399999856948853,1.4917573928833008,59500.0
2020-10-16,PRIN.BK,1.649999976158142,1.649999976158142,1.6399999856948853,1.6399999856948853,1.4917573928833008,480800.0
2020-10-19,PRIN.BK,1.6399999856948853,1.6399999856948853,1.6299999952316284,1.6399999856948853,1.4917573928833008,736200.0
2020-10-20,PRIN.BK,1.6399999856948853,1.6399999856948853,1.6299999952316284,1.6399999856948853,1.4917573928833008,713800.0
2020-10-21,PRIN.BK,1.6399999856948853,1.649999976158142,1.6200000047683716,1.6399999856948853,1.4917573928833008,22600.0
2020-10-22,PRIN.BK,1.559999942779541,1.649999976158142,1.5299999713897705,1.6399999856948853,1.4917573928833008,353100.0
2020-10-26,PRIN.BK,1.600000023841858,1.6399999856948853,1.600000023841858,1.6399999856948853,1.4917573928833008,69000.0
2020-10-27,PRIN.BK,1.6399999856948853,1.649999976158142,1.6299999952316284,1.6399999856948853,1.4917573928833008,473300.0
2020-10-28,PRIN.BK,1.649999976158142,1.649999976158142,1.6399999856948853,1.6399999856948853,1.4917573928833008,149300.0
2020-10-29,PRIN.BK,1.649999976158142,1.649999976158142,1.6399999856948853,1.6399999856948853,1.4917573928833008,41000.0
2020-10-30,PRIN.BK,1.6399999856948853,1.649999976158142,1.6299999952316284,1.6399999856948853,1.4917573928833008,473100.0
2020-11-02,PRIN.BK,1.6399999856948853,1.649999976158142,1.6399999856948853,1.649999976158142,1.5008535385131836,175100.0
2020-11-03,PRIN.BK,1.6399999856948853,1.659999966621399,1.6399999856948853,1.659999966621399,1.5099496841430664,283000.0
2020-11-04,PRIN.BK,1.6699999570846558,1.6699999570846558,1.659999966621399,1.6699999570846558,1.5190455913543701,61200.0
2020-11-05,PRIN.BK,1.7000000476837158,1.7000000476837158,1.6699999570846558,1.6699999570846558,1.5190455913543701,6700.0
2020-11-06,PRIN.BK,1.7000000476837158,1.7000000476837158,1.6799999475479126,1.6799999475479126,1.528141736984253,255400.0
2020-11-09,PRIN.BK,1.690000057220459,1.7000000476837158,1.6699999570846558,1.7000000476837158,1.5463340282440186,4200.0
2020-11-10,PRIN.BK,1.7000000476837158,1.7000000476837158,1.7000000476837158,1.7000000476837158,1.5463340282440186,800.0
2020-11-11,PRIN.BK,1.659999966621399,1.7000000476837158,1.6299999952316284,1.659999966621399,1.5099496841430664,63700.0
2020-11-12,PRIN.BK,1.690000057220459,1.690000057220459,1.659999966621399,1.659999966621399,1.5099496841430664,9600.0
2020-11-13,PRIN.BK,1.6699999570846558,1.7000000476837158,1.659999966621399,1.6799999475479126,1.528141736984253,155900.0
2020-11-16,PRIN.BK,1.7000000476837158,1.7000000476837158,1.6699999570846558,1.690000057220459,1.5372378826141357,88000.0
2020-11-17,PRIN.BK,1.6699999570846558,1.7000000476837158,1.6699999570846558,1.690000057220459,1.5372378826141357,49000.0
2020-11-18,PRIN.BK,1.7000000476837158,1.7000000476837158,1.690000057220459,1.690000057220459,1.5372378826141357,4600.0
2020-11-19,PRIN.BK,1.7000000476837158,1.7000000476837158,1.6699999570846558,1.7000000476837158,1.5463340282440186,41400.0
2020-11-20,PRIN.BK,1.7000000476837158,1.7000000476837158,1.6799999475479126,1.7000000476837158,1.5463340282440186,36700.0
2020-11-23,PRIN.BK,1.7000000476837158,1.7000000476837158,1.6699999570846558,1.7000000476837158,1.5463340282440186,135100.0
2020-11-24,PRIN.BK,1.7100000381469727,1.7100000381469727,1.6699999570846558,1.7000000476837158,1.5463340282440186,73600.0
2020-11-25,PRIN.BK,1.7000000476837158,1.7000000476837158,1.6699999570846558,1.7000000476837158,1.5463340282440186,263100.0
2020-11-26,PRIN.BK,1.7000000476837158,1.75,1.7000000476837158,1.75,1.5918142795562744,319600.0
2020-11-27,PRIN.BK,1.7200000286102295,1.7899999618530273,1.7200000286102295,1.7699999809265137,1.6100064516067505,247800.0
2020-11-30,PRIN.BK,1.7699999809265137,1.7699999809265137,1.7300000190734863,1.7400000095367432,1.5827183723449707,222900.0
2020-12-01,PRIN.BK,1.7699999809265137,1.7799999713897705,1.690000057220459,1.7599999904632568,1.6009104251861572,513400.0
2020-12-02,PRIN.BK,1.7400000095367432,1.7699999809265137,1.7200000286102295,1.7599999904632568,1.6009104251861572,88800.0
2020-12-03,PRIN.BK,1.7899999618530273,1.7999999523162842,1.7000000476837158,1.7799999713897705,1.6191025972366333,851600.0
2020-12-04,PRIN.BK,1.75,1.7799999713897705,1.7400000095367432,1.7799999713897705,1.6191025972366333,170500.0
2020-12-08,PRIN.BK,1.7899999618530273,1.7899999618530273,1.75,1.7699999809265137,1.6100064516067505,360200.0
2020-12-09,PRIN.BK,1.7799999713897705,1.8200000524520874,1.7799999713897705,1.7899999618530273,1.6281987428665161,1229900.0
2020-12-14,PRIN.BK,1.7899999618530273,1.7899999618530273,1.75,1.7799999713897705,1.6191025972366333,493700.0
2020-12-15,PRIN.BK,1.7799999713897705,1.8300000429153442,1.7799999713897705,1.8300000429153442,1.6645830869674683,2216400.0
2020-12-16,PRIN.BK,1.8300000429153442,1.8899999856948853,1.8300000429153442,1.8600000143051147,1.6918712854385376,625000.0
2020-12-17,PRIN.BK,1.8799999952316284,1.8899999856948853,1.8700000047683716,1.8700000047683716,1.7009674310684204,91400.0
2020-12-18,PRIN.BK,1.8700000047683716,1.8700000047683716,1.7999999523162842,1.8700000047683716,1.7009674310684204,154900.0
2020-12-21,PRIN.BK,1.8700000047683716,1.8700000047683716,1.7999999523162842,1.7999999523162842,1.6372946500778198,165700.0
2020-12-22,PRIN.BK,1.850000023841858,1.8799999952316284,1.7899999618530273,1.8200000524520874,1.6554869413375854,10500.0
2020-12-23,PRIN.BK,1.7799999713897705,1.850000023841858,1.7699999809265137,1.840000033378601,1.6736791133880615,61800.0
2020-12-24,PRIN.BK,1.7899999618530273,1.809999942779541,1.7699999809265137,1.7999999523162842,1.6372946500778198,61300.0
2020-12-25,PRIN.BK,1.8200000524520874,1.840000033378601,1.7899999618530273,1.7999999523162842,1.6372946500778198,208400.0
2020-12-28,PRIN.BK,1.840000033378601,1.840000033378601,1.7899999618530273,1.8200000524520874,1.6554869413375854,24200.0
2020-12-29,PRIN.BK,1.840000033378601,1.840000033378601,1.8200000524520874,1.8300000429153442,1.6645830869674683,305100.0
2020-12-30,PRIN.BK,1.840000033378601,1.850000023841858,1.809999942779541,1.809999942779541,1.6463907957077026,216000.0
2021-01-04,PRIN.BK,1.809999942779541,1.840000033378601,1.809999942779541,1.8200000524520874,1.6554869413375854,86600.0
2021-01-05,PRIN.BK,1.8300000429153442,1.8300000429153442,1.809999942779541,1.8300000429153442,1.6645830869674683,26100.0
2021-01-06,PRIN.BK,1.8300000429153442,1.840000033378601,1.809999942779541,1.809999942779541,1.6463907957077026,171700.0
2021-01-07,PRIN.BK,1.809999942779541,1.840000033378601,1.809999942779541,1.840000033378601,1.6736791133880615,92800.0
2021-01-08,PRIN.BK,1.840000033378601,1.840000033378601,1.8200000524520874,1.840000033378601,1.6736791133880615,222700.0
2021-01-11,PRIN.BK,1.840000033378601,1.840000033378601,1.809999942779541,1.8200000524520874,1.6554869413375854,110000.0
2021-01-12,PRIN.BK,1.8200000524520874,1.8200000524520874,1.809999942779541,1.809999942779541,1.6463907957077026,18000.0
2021-01-13,PRIN.BK,1.8200000524520874,1.8200000524520874,1.7799999713897705,1.7999999523162842,1.6372946500778198,484600.0
2021-01-14,PRIN.BK,1.7999999523162842,1.809999942779541,1.7999999523162842,1.809999942779541,1.6463907957077026,100200.0
2021-01-15,PRIN.BK,1.7999999523162842,1.7999999523162842,1.7899999618530273,1.7899999618530273,1.6281987428665161,156500.0
2021-01-18,PRIN.BK,1.7799999713897705,1.7999999523162842,1.7599999904632568,1.7599999904632568,1.6009104251861572,14600.0
2021-01-19,PRIN.BK,1.75,1.809999942779541,1.7400000095367432,1.809999942779541,1.6463907957077026,3700.0
2021-01-20,PRIN.BK,1.7999999523162842,1.7999999523162842,1.7599999904632568,1.7999999523162842,1.6372946500778198,50200.0
2021-01-21,PRIN.BK,1.7699999809265137,1.7999999523162842,1.7699999809265137,1.7799999713897705,1.6191025972366333,33300.0
2021-01-22,PRIN.BK,1.7799999713897705,1.7799999713897705,1.7699999809265137,1.7699999809265137,1.6100064516067505,221900.0
2021-01-25,PRIN.BK,1.7799999713897705,1.809999942779541,1.7799999713897705,1.809999942779541,1.6463907957077026,220200.0
2021-01-26,PRIN.BK,1.7799999713897705,1.8200000524520874,1.7799999713897705,1.8200000524520874,1.6554869413375854,171000.0
2021-01-27,PRIN.BK,1.8200000524520874,1.8200000524520874,1.8200000524520874,1.8200000524520874,1.6554869413375854,100.0
2021-01-28,PRIN.BK,1.7899999618530273,1.8200000524520874,1.7699999809265137,1.809999942779541,1.6463907957077026,82600.0
2021-01-29,PRIN.BK,1.7799999713897705,1.8200000524520874,1.7799999713897705,1.809999942779541,1.6463907957077026,26600.0
2021-02-01,PRIN.BK,1.809999942779541,1.809999942779541,1.7899999618530273,1.7899999618530273,1.6281987428665161,140200.0
2021-02-02,PRIN.BK,1.809999942779541,1.8200000524520874,1.7799999713897705,1.7999999523162842,1.6372946500778198,33400.0
2021-02-03,PRIN.BK,1.7899999618530273,1.809999942779541,1.7899999618530273,1.7999999523162842,1.6372946500778198,28800.0
2021-02-04,PRIN.BK,1.7999999523162842,1.8200000524520874,1.7999999523162842,1.8200000524520874,1.6554869413375854,593500.0
2021-02-05,PRIN.BK,1.8200000524520874,1.8200000524520874,1.809999942779541,1.8200000524520874,1.6554869413375854,9800.0
2021-02-08,PRIN.BK,1.809999942779541,1.8200000524520874,1.809999942779541,1.8200000524520874,1.6554869413375854,40600.0
2021-02-09,PRIN.BK,1.8200000524520874,1.8300000429153442,1.809999942779541,1.8200000524520874,1.6554869413375854,175300.0
2021-02-10,PRIN.BK,1.8200000524520874,1.8200000524520874,1.7899999618530273,1.809999942779541,1.6463907957077026,407300.0
2021-02-11,PRIN.BK,1.809999942779541,1.8200000524520874,1.809999942779541,1.809999942779541,1.6463907957077026,82400.0
2021-02-15,PRIN.BK,1.809999942779541,1.8200000524520874,1.809999942779541,1.809999942779541,1.6463907957077026,50500.0
2021-02-16,PRIN.BK,1.809999942779541,1.809999942779541,1.7999999523162842,1.809999942779541,1.6463907957077026,35000.0
2021-02-17,PRIN.BK,1.8200000524520874,1.8700000047683716,1.8200000524520874,1.850000023841858,1.6827751398086548,949700.0
2021-02-18,PRIN.BK,1.850000023841858,1.8899999856948853,1.8300000429153442,1.8799999952316284,1.7100633382797241,1842100.0
2021-02-19,PRIN.BK,1.8799999952316284,1.8899999856948853,1.809999942779541,1.850000023841858,1.6827751398086548,188000.0
2021-02-22,PRIN.BK,1.850000023841858,1.8700000047683716,1.809999942779541,1.809999942779541,1.6463907957077026,788700.0
2021-02-23,PRIN.BK,1.7999999523162842,1.809999942779541,1.7999999523162842,1.7999999523162842,1.6372946500778198,246300.0
2021-02-24,PRIN.BK,1.809999942779541,1.8300000429153442,1.7999999523162842,1.7999999523162842,1.6372946500778198,90900.0
2021-02-25,PRIN.BK,1.809999942779541,1.8300000429153442,1.7999999523162842,1.7999999523162842,1.6372946500778198,190700.0
2021-03-01,PRIN.BK,1.8300000429153442,1.8899999856948853,1.8300000429153442,1.7999999523162842,1.6372946500778198,1027500.0
2021-03-02,PRIN.BK,1.8700000047683716,1.8799999952316284,1.850000023841858,1.8600000143051147,1.6918712854385376,366300.0
2021-03-03,PRIN.BK,1.8799999952316284,1.8799999952316284,1.8600000143051147,1.8700000047683716,1.7009674310684204,141800.0
2021-03-04,PRIN.BK,1.8700000047683716,1.909999966621399,1.8600000143051147,1.899999976158142,1.7282555103302002,918900.0
2021-03-05,PRIN.BK,1.909999966621399,1.9500000476837158,1.899999976158142,1.940000057220459,1.764639973640442,1380500.0
2021-03-08,PRIN.BK,1.9600000381469727,2.2200000286102295,1.9500000476837158,2.0999999046325684,1.9101771116256714,3852200.0
2021-03-09,PRIN.BK,2.119999885559082,2.119999885559082,2.0199999809265137,2.0399999618530273,1.8556007146835327,336900.0
2021-03-10,PRIN.BK,2.0199999809265137,2.059999942779541,2.0199999809265137,2.0199999809265137,1.8374085426330566,192900.0
2021-03-11,PRIN.BK,2.0399999618530273,2.0999999046325684,2.0399999618530273,2.0999999046325684,1.9101771116256714,1289800.0
2021-03-12,PRIN.BK,2.119999885559082,2.119999885559082,2.059999942779541,2.0999999046325684,1.9101771116256714,868000.0
2021-03-15,PRIN.BK,2.119999885559082,2.119999885559082,2.0199999809265137,2.0799999237060547,1.8919850587844849,903300.0
2021-03-16,PRIN.BK,2.0999999046325684,2.119999885559082,2.0399999618530273,2.0799999237060547,1.8919850587844849,1437000.0
2021-03-17,PRIN.BK,2.0199999809265137,2.0799999237060547,2.0199999809265137,2.059999942779541,1.9294500350952148,614500.0
2021-03-18,PRIN.BK,2.0399999618530273,2.180000066757202,2.0399999618530273,2.1600000858306885,2.0231127738952637,3026600.0
2021-03-19,PRIN.BK,2.2200000286102295,2.2200000286102295,2.0799999237060547,2.119999885559082,1.985647439956665,1147700.0
2021-03-22,PRIN.BK,2.200000047683716,2.200000047683716,2.119999885559082,2.200000047683716,2.060577869415283,2164200.0
2021-03-23,PRIN.BK,2.200000047683716,2.2200000286102295,2.1600000858306885,2.1600000858306885,2.0231127738952637,390600.0
2021-03-24,PRIN.BK,2.140000104904175,2.299999952316284,2.140000104904175,2.2799999713897705,2.135507822036743,1558600.0
2021-03-25,PRIN.BK,2.299999952316284,2.3399999141693115,2.2799999713897705,2.319999933242798,2.1729726791381836,2648900.0
2021-03-26,PRIN.BK,2.319999933242798,2.4000000953674316,2.319999933242798,2.380000114440918,2.229170560836792,3019900.0
2021-03-29,PRIN.BK,2.4000000953674316,2.4600000381469727,2.380000114440918,2.4200000762939453,2.2666356563568115,1884100.0
2021-03-30,PRIN.BK,2.440000057220459,2.5,2.4200000762939453,2.5,2.3415656089782715,1964800.0
2021-03-31,PRIN.BK,2.5,2.5199999809265137,2.440000057220459,2.5199999809265137,2.3602981567382812,1931200.0
2021-04-01,PRIN.BK,2.5399999618530273,2.5399999618530273,2.4800000190734863,2.5399999618530273,2.379030704498291,6217900.0
2021-04-02,PRIN.BK,2.5,2.559999942779541,2.5,2.559999942779541,2.397763252258301,2054200.0
2021-04-05,PRIN.BK,2.559999942779541,2.559999942779541,2.4800000190734863,2.4800000190734863,2.3228330612182617,1058500.0
2021-04-07,PRIN.BK,2.440000057220459,2.440000057220459,2.0199999809265137,2.200000047683716,2.060577869415283,1468600.0
2021-04-08,PRIN.BK,2.200000047683716,2.319999933242798,2.200000047683716,2.319999933242798,2.1729726791381836,437700.0
2021-04-09,PRIN.BK,2.2200000286102295,2.359999895095825,2.2200000286102295,2.359999895095825,2.210437774658203,431300.0
2021-04-12,PRIN.BK,2.359999895095825,2.700000047683716,2.359999895095825,2.640000104904175,2.4726932048797607,7596200.0
2021-04-16,PRIN.BK,2.5399999618530273,2.640000104904175,2.5399999618530273,2.5999999046325684,2.4352283477783203,1727800.0
2021-04-19,PRIN.BK,2.619999885559082,2.7200000286102295,2.5799999237060547,2.6600000858306885,2.4914259910583496,5664800.0
2021-04-20,PRIN.BK,2.700000047683716,2.700000047683716,2.619999885559082,2.6600000858306885,2.4914259910583496,4513200.0
2021-04-21,PRIN.BK,2.640000104904175,2.7200000286102295,2.640000104904175,2.680000066757202,2.5101583003997803,3975700.0
2021-04-22,PRIN.BK,2.700000047683716,2.759999990463257,2.640000104904175,2.680000066757202,2.5101583003997803,5629500.0
2021-04-23,PRIN.BK,2.6600000858306885,2.680000066757202,2.6600000858306885,2.680000066757202,2.5101583003997803,1591600.0
2021-04-26,PRIN.BK,2.680000066757202,2.680000066757202,2.640000104904175,2.6600000858306885,2.4914259910583496,1112300.0
2021-04-27,PRIN.BK,2.640000104904175,2.680000066757202,2.619999885559082,2.680000066757202,2.5101583003997803,7018800.0
2021-04-28,PRIN.BK,2.680000066757202,2.680000066757202,2.619999885559082,2.6600000858306885,2.4914259910583496,4264300.0
2021-04-29,PRIN.BK,2.6600000858306885,2.6600000858306885,2.5999999046325684,2.619999885559082,2.453960657119751,5829800.0
2021-04-30,PRIN.BK,2.619999885559082,2.6600000858306885,2.5999999046325684,2.619999885559082,2.453960657119751,3912900.0
2021-05-05,PRIN.BK,2.619999885559082,2.619999885559082,2.5199999809265137,2.5199999809265137,2.3602981567382812,2762600.0
2021-05-06,PRIN.BK,2.4800000190734863,2.559999942779541,2.4200000762939453,2.4200000762939453,2.2666356563568115,3811400.0
2021-05-07,PRIN.BK,2.5399999618530273,2.5399999618530273,2.3399999141693115,2.3399999141693115,2.1917054653167725,887300.0
2021-05-10,PRIN.BK,2.4000000953674316,2.4000000953674316,2.359999895095825,2.359999895095825,2.210437774658203,528100.0
2021-05-11,PRIN.BK,2.380000114440918,2.4000000953674316,2.359999895095825,2.359999895095825,2.210437774658203,702000.0
2021-05-12,PRIN.BK,2.5,2.5,2.380000114440918,2.4200000762939453,2.2666356563568115,629900.0
2021-05-13,PRIN.BK,2.4000000953674316,2.4000000953674316,2.200000047683716,2.380000114440918,2.229170560836792,709300.0
2021-05-14,PRIN.BK,2.299999952316284,2.4000000953674316,2.299999952316284,2.4000000953674316,2.2479031085968018,589000.0
2021-05-17,PRIN.BK,2.4000000953674316,2.4200000762939453,2.299999952316284,2.4200000762939453,2.2666356563568115,718300.0
2021-05-18,PRIN.BK,2.4200000762939453,2.4200000762939453,2.259999990463257,2.299999952316284,2.154240369796753,1151000.0
2021-05-19,PRIN.BK,2.3399999141693115,2.3399999141693115,2.2200000286102295,2.2799999713897705,2.135507822036743,404700.0
2021-05-20,PRIN.BK,2.2799999713897705,2.2799999713897705,2.240000009536743,2.259999990463257,2.1167752742767334,362700.0
2021-05-21,PRIN.BK,2.259999990463257,2.2799999713897705,2.259999990463257,2.259999990463257,2.1167752742767334,293300.0
2021-05-24,PRIN.BK,2.240000009536743,2.2799999713897705,2.2200000286102295,2.259999990463257,2.1167752742767334,365100.0
2021-05-25,PRIN.BK,2.259999990463257,2.2799999713897705,2.2200000286102295,2.2799999713897705,2.135507822036743,253500.0
2021-05-27,PRIN.BK,2.259999990463257,2.2799999713897705,2.240000009536743,2.2799999713897705,2.135507822036743,202300.0
2021-05-28,PRIN.BK,2.2799999713897705,2.2799999713897705,2.240000009536743,2.259999990463257,2.1167752742767334,246700.0
2021-05-31,PRIN.BK,2.2799999713897705,2.2799999713897705,2.240000009536743,2.240000009536743,2.0980429649353027,517800.0
2021-06-01,PRIN.BK,2.240000009536743,2.319999933242798,2.240000009536743,2.319999933242798,2.1729726791381836,288800.0
2021-06-02,PRIN.BK,2.319999933242798,2.319999933242798,2.240000009536743,2.259999990463257,2.1167752742767334,257300.0
2021-06-04,PRIN.BK,2.2799999713897705,2.2799999713897705,2.240000009536743,2.2799999713897705,2.135507822036743,1229100.0
2021-06-07,PRIN.BK,2.299999952316284,2.319999933242798,2.259999990463257,2.259999990463257,2.1167752742767334,230300.0
2021-06-08,PRIN.BK,2.299999952316284,2.299999952316284,2.259999990463257,2.2799999713897705,2.135507822036743,786900.0
2021-06-09,PRIN.BK,2.2799999713897705,2.319999933242798,2.259999990463257,2.299999952316284,2.154240369796753,409400.0
2021-06-10,PRIN.BK,2.319999933242798,2.3399999141693115,2.299999952316284,2.319999933242798,2.1729726791381836,1006800.0
2021-06-11,PRIN.BK,2.319999933242798,2.319999933242798,2.2799999713897705,2.319999933242798,2.1729726791381836,235200.0
2021-06-14,PRIN.BK,2.319999933242798,2.319999933242798,2.2799999713897705,2.2799999713897705,2.135507822036743,137200.0
2021-06-15,PRIN.BK,2.2799999713897705,2.299999952316284,2.259999990463257,2.2799999713897705,2.135507822036743,194500.0
2021-06-16,PRIN.BK,2.299999952316284,2.299999952316284,2.259999990463257,2.299999952316284,2.154240369796753,334500.0
2021-06-17,PRIN.BK,2.299999952316284,2.299999952316284,2.259999990463257,2.259999990463257,2.1167752742767334,167100.0
2021-06-18,PRIN.BK,2.2799999713897705,2.299999952316284,2.259999990463257,2.2799999713897705,2.135507822036743,54400.0
2021-06-21,PRIN.BK,2.299999952316284,2.299999952316284,2.259999990463257,2.259999990463257,2.1167752742767334,19000.0
2021-06-22,PRIN.BK,2.2799999713897705,2.2799999713897705,2.259999990463257,2.259999990463257,2.1167752742767334,16100.0
2021-06-23,PRIN.BK,2.2799999713897705,2.2799999713897705,2.140000104904175,2.180000066757202,2.0418453216552734,601000.0
2021-06-24,PRIN.BK,2.180000066757202,2.200000047683716,2.140000104904175,2.140000104904175,2.004380226135254,174300.0
2021-06-25,PRIN.BK,2.140000104904175,2.259999990463257,2.140000104904175,2.1600000858306885,2.0231127738952637,235500.0
2021-06-28,PRIN.BK,2.180000066757202,2.200000047683716,2.140000104904175,2.1600000858306885,2.0231127738952637,65300.0
2021-06-29,PRIN.BK,2.200000047683716,2.200000047683716,2.1600000858306885,2.180000066757202,2.0418453216552734,42800.0
2021-06-30,PRIN.BK,2.200000047683716,2.200000047683716,2.1600000858306885,2.180000066757202,2.0418453216552734,70200.0
2021-07-01,PRIN.BK,2.2200000286102295,2.2200000286102295,2.119999885559082,2.180000066757202,2.0418453216552734,334400.0
2021-07-02,PRIN.BK,2.1600000858306885,2.1600000858306885,2.0799999237060547,2.119999885559082,1.985647439956665,451300.0
2021-07-05,PRIN.BK,2.119999885559082,2.119999885559082,2.0999999046325684,2.0999999046325684,1.9669150114059448,63300.0
2021-07-06,PRIN.BK,2.119999885559082,2.140000104904175,2.0799999237060547,2.140000104904175,2.004380226135254,95500.0
2021-07-07,PRIN.BK,2.140000104904175,2.140000104904175,2.0799999237060547,2.119999885559082,1.985647439956665,77200.0
2021-07-08,PRIN.BK,2.0999999046325684,2.0999999046325684,2.0199999809265137,2.0799999237060547,1.9481825828552246,217000.0
2021-07-09,PRIN.BK,2.0199999809265137,2.0999999046325684,2.0199999809265137,2.0799999237060547,1.9481825828552246,125900.0
2021-07-12,PRIN.BK,2.119999885559082,2.119999885559082,2.059999942779541,2.0999999046325684,1.9669150114059448,167700.0
2021-07-13,PRIN.BK,2.0999999046325684,2.119999885559082,2.0799999237060547,2.119999885559082,1.985647439956665,83100.0
2021-07-14,PRIN.BK,2.0999999046325684,2.140000104904175,2.0999999046325684,2.140000104904175,2.004380226135254,146000.0
2021-07-15,PRIN.BK,2.140000104904175,2.140000104904175,2.0999999046325684,2.140000104904175,2.004380226135254,36800.0
2021-07-16,PRIN.BK,2.119999885559082,2.140000104904175,2.119999885559082,2.140000104904175,2.004380226135254,67300.0
2021-07-19,PRIN.BK,2.119999885559082,2.119999885559082,2.0999999046325684,2.119999885559082,1.985647439956665,37900.0
2021-07-20,PRIN.BK,2.119999885559082,2.119999885559082,2.059999942779541,2.0799999237060547,1.9481825828552246,168900.0
2021-07-21,PRIN.BK,2.0399999618530273,2.0999999046325684,2.0399999618530273,2.0999999046325684,1.9669150114059448,21600.0
2021-07-22,PRIN.BK,2.0999999046325684,2.0999999046325684,2.059999942779541,2.0999999046325684,1.9669150114059448,48600.0
2021-07-23,PRIN.BK,2.0799999237060547,2.140000104904175,2.0799999237060547,2.140000104904175,2.004380226135254,30700.0
2021-07-27,PRIN.BK,2.119999885559082,2.140000104904175,2.0999999046325684,2.0999999046325684,1.9669150114059448,411400.0
2021-07-29,PRIN.BK,2.0999999046325684,2.0999999046325684,2.059999942779541,2.059999942779541,1.9294500350952148,94300.0
2021-07-30,PRIN.BK,2.0999999046325684,2.119999885559082,2.059999942779541,2.119999885559082,1.985647439956665,54200.0
2021-08-02,PRIN.BK,2.059999942779541,2.0999999046325684,2.059999942779541,2.0999999046325684,1.9669150114059448,27300.0
2021-08-03,PRIN.BK,2.119999885559082,2.140000104904175,2.0999999046325684,2.140000104904175,2.004380226135254,28300.0
2021-08-04,PRIN.BK,2.140000104904175,2.140000104904175,2.059999942779541,2.059999942779541,1.9294500350952148,221600.0
2021-08-05,PRIN.BK,2.119999885559082,2.140000104904175,2.119999885559082,2.119999885559082,1.985647439956665,177200.0
2021-08-06,PRIN.BK,2.140000104904175,2.140000104904175,2.119999885559082,2.119999885559082,1.985647439956665,76800.0
2021-08-09,PRIN.BK,2.119999885559082,2.140000104904175,2.059999942779541,2.0999999046325684,1.9669150114059448,151000.0
2021-08-10,PRIN.BK,2.0999999046325684,2.259999990463257,2.0999999046325684,2.200000047683716,2.060577869415283,631200.0
2021-08-11,PRIN.BK,2.200000047683716,2.259999990463257,2.200000047683716,2.2200000286102295,2.079310178756714,507900.0
2021-08-13,PRIN.BK,2.240000009536743,2.259999990463257,2.2200000286102295,2.2200000286102295,2.079310178756714,385000.0
2021-08-16,PRIN.BK,2.240000009536743,2.240000009536743,2.180000066757202,2.2200000286102295,2.079310178756714,188200.0
2021-08-17,PRIN.BK,2.2200000286102295,2.240000009536743,2.200000047683716,2.2200000286102295,2.079310178756714,63600.0
2021-08-18,PRIN.BK,2.200000047683716,2.299999952316284,2.200000047683716,2.299999952316284,2.154240369796753,804300.0
2021-08-19,PRIN.BK,2.3399999141693115,2.3399999141693115,2.240000009536743,2.240000009536743,2.0980429649353027,405700.0
2021-08-20,PRIN.BK,2.240000009536743,2.3399999141693115,2.240000009536743,2.3399999141693115,2.1917054653167725,723300.0
2021-08-23,PRIN.BK,2.3399999141693115,2.3399999141693115,2.259999990463257,2.259999990463257,2.1167752742767334,1124100.0
2021-08-24,PRIN.BK,2.299999952316284,2.299999952316284,2.240000009536743,2.2799999713897705,2.135507822036743,547100.0
2021-08-25,PRIN.BK,2.299999952316284,2.319999933242798,2.259999990463257,2.319999933242798,2.1729726791381836,96700.0
2021-08-26,PRIN.BK,2.319999933242798,2.319999933242798,2.2799999713897705,2.319999933242798,2.1729726791381836,148600.0
2021-08-27,PRIN.BK,2.319999933242798,2.319999933242798,2.2799999713897705,2.299999952316284,2.154240369796753,137700.0
2021-08-30,PRIN.BK,2.299999952316284,2.319999933242798,2.259999990463257,2.299999952316284,2.154240369796753,118300.0
2021-08-31,PRIN.BK,2.259999990463257,2.299999952316284,2.259999990463257,2.2799999713897705,2.135507822036743,191700.0
2021-09-01,PRIN.BK,2.259999990463257,2.299999952316284,2.259999990463257,2.299999952316284,2.154240369796753,191400.0
2021-09-02,PRIN.BK,2.299999952316284,2.299999952316284,2.259999990463257,2.259999990463257,2.1167752742767334,333500.0
2021-09-03,PRIN.BK,2.2799999713897705,2.299999952316284,2.259999990463257,2.2799999713897705,2.135507822036743,127100.0
2021-09-06,PRIN.BK,2.2799999713897705,2.299999952316284,2.2799999713897705,2.299999952316284,2.154240369796753,107300.0
2021-09-07,PRIN.BK,2.299999952316284,2.299999952316284,2.2799999713897705,2.299999952316284,2.154240369796753,98300.0
2021-09-08,PRIN.BK,2.299999952316284,2.299999952316284,2.240000009536743,2.240000009536743,2.0980429649353027,8000.0
2021-09-09,PRIN.BK,2.240000009536743,2.240000009536743,2.2200000286102295,2.2200000286102295,2.079310178756714,228900.0
2021-09-10,PRIN.BK,2.2200000286102295,2.259999990463257,2.2200000286102295,2.259999990463257,2.1167752742767334,841100.0
2021-09-13,PRIN.BK,2.299999952316284,2.299999952316284,2.259999990463257,2.2799999713897705,2.135507822036743,45600.0
2021-09-14,PRIN.BK,2.240000009536743,2.2799999713897705,2.240000009536743,2.2799999713897705,2.135507822036743,63700.0
2021-09-15,PRIN.BK,2.240000009536743,2.2799999713897705,2.240000009536743,2.2799999713897705,2.135507822036743,6100.0
2021-09-16,PRIN.BK,2.259999990463257,2.2799999713897705,2.200000047683716,2.2200000286102295,2.079310178756714,271200.0
2021-09-17,PRIN.BK,2.2799999713897705,2.2799999713897705,2.240000009536743,2.2799999713897705,2.135507822036743,107100.0
2021-09-20,PRIN.BK,2.240000009536743,2.2799999713897705,2.2200000286102295,2.2799999713897705,2.135507822036743,121400.0
2021-09-21,PRIN.BK,2.2799999713897705,2.2799999713897705,2.240000009536743,2.2799999713897705,2.135507822036743,203400.0
2021-09-22,PRIN.BK,2.2799999713897705,2.299999952316284,2.2799999713897705,2.2799999713897705,2.135507822036743,229600.0
2021-09-23,PRIN.BK,2.2799999713897705,2.2799999713897705,2.259999990463257,2.2799999713897705,2.135507822036743,20500.0
2021-09-27,PRIN.BK,2.259999990463257,2.2799999713897705,2.259999990463257,2.2799999713897705,2.135507822036743,7700.0
2021-09-28,PRIN.BK,2.240000009536743,2.299999952316284,2.240000009536743,2.299999952316284,2.154240369796753,740700.0
2021-09-29,PRIN.BK,2.2799999713897705,2.299999952316284,2.259999990463257,2.2799999713897705,2.135507822036743,41500.0
2021-09-30,PRIN.BK,2.2799999713897705,2.359999895095825,2.2799999713897705,2.3399999141693115,2.1917054653167725,835600.0
2021-10-01,PRIN.BK,2.3399999141693115,2.5199999809265137,2.3399999141693115,2.4200000762939453,2.2666356563568115,1406500.0
2021-10-04,PRIN.BK,2.4600000381469727,2.4600000381469727,2.259999990463257,2.3399999141693115,2.1917054653167725,833800.0
2021-10-05,PRIN.BK,2.3399999141693115,2.3399999141693115,2.319999933242798,2.3399999141693115,2.1917054653167725,165200.0
2021-10-06,PRIN.BK,2.3399999141693115,2.3399999141693115,2.299999952316284,2.319999933242798,2.1729726791381836,104200.0
2021-10-07,PRIN.BK,2.319999933242798,2.3399999141693115,2.299999952316284,2.319999933242798,2.1729726791381836,179100.0
2021-10-08,PRIN.BK,2.319999933242798,2.3399999141693115,2.299999952316284,2.319999933242798,2.1729726791381836,125500.0
2021-10-11,PRIN.BK,2.3399999141693115,2.359999895095825,2.3399999141693115,2.359999895095825,2.210437774658203,352200.0
2021-10-12,PRIN.BK,2.3399999141693115,2.359999895095825,2.319999933242798,2.359999895095825,2.210437774658203,206900.0
2021-10-14,PRIN.BK,2.359999895095825,2.4200000762939453,2.3399999141693115,2.4000000953674316,2.2479031085968018,613000.0
2021-10-15,PRIN.BK,2.4000000953674316,2.4200000762939453,2.359999895095825,2.4000000953674316,2.2479031085968018,136200.0
2021-10-18,PRIN.BK,2.4000000953674316,2.4200000762939453,2.359999895095825,2.4000000953674316,2.2479031085968018,486600.0
2021-10-19,PRIN.BK,2.4000000953674316,2.440000057220459,2.4000000953674316,2.440000057220459,2.2853682041168213,1101700.0
2021-10-20,PRIN.BK,2.4200000762939453,2.5999999046325684,2.4000000953674316,2.5199999809265137,2.3602981567382812,4356100.0
2021-10-21,PRIN.BK,2.5199999809265137,2.5399999618530273,2.4800000190734863,2.5,2.3415656089782715,1601900.0
2021-10-25,PRIN.BK,2.5199999809265137,2.5799999237060547,2.4600000381469727,2.4600000381469727,2.304100513458252,787100.0
2021-10-26,PRIN.BK,2.4800000190734863,2.5,2.440000057220459,2.440000057220459,2.2853682041168213,488000.0
2021-10-27,PRIN.BK,2.4800000190734863,2.5,2.440000057220459,2.4800000190734863,2.3228330612182617,482500.0
2021-10-28,PRIN.BK,2.4800000190734863,2.4800000190734863,2.440000057220459,2.4600000381469727,2.304100513458252,46600.0
2021-10-29,PRIN.BK,2.4800000190734863,2.5,2.440000057220459,2.5,2.3415656089782715,536600.0
2021-11-01,PRIN.BK,2.5199999809265137,2.5399999618530273,2.440000057220459,2.4600000381469727,2.304100513458252,123000.0
2021-11-02,PRIN.BK,2.5799999237060547,2.5799999237060547,2.440000057220459,2.4800000190734863,2.3228330612182617,40000.0
2021-11-03,PRIN.BK,2.4600000381469727,2.4600000381469727,2.4000000953674316,2.4000000953674316,2.2479031085968018,178700.0
2021-11-04,PRIN.BK,2.4000000953674316,2.4000000953674316,2.319999933242798,2.4000000953674316,2.2479031085968018,201500.0
2021-11-05,PRIN.BK,2.4000000953674316,2.440000057220459,2.319999933242798,2.440000057220459,2.2853682041168213,76800.0
2021-11-08,PRIN.BK,2.440000057220459,2.440000057220459,2.380000114440918,2.4000000953674316,2.2479031085968018,41500.0
2021-11-09,PRIN.BK,2.4000000953674316,2.440000057220459,2.3399999141693115,2.440000057220459,2.2853682041168213,57900.0
2021-11-10,PRIN.BK,2.4600000381469727,2.4600000381469727,2.380000114440918,2.440000057220459,2.2853682041168213,37900.0
2021-11-11,PRIN.BK,2.4600000381469727,2.4600000381469727,2.4000000953674316,2.440000057220459,2.2853682041168213,2200.0
2021-11-12,PRIN.BK,2.440000057220459,2.4600000381469727,2.4200000762939453,2.4600000381469727,2.304100513458252,20000.0
2021-11-15,PRIN.BK,2.4600000381469727,2.5,2.4000000953674316,2.4600000381469727,2.304100513458252,254200.0
2021-11-16,PRIN.BK,2.4600000381469727,2.5,2.4000000953674316,2.440000057220459,2.2853682041168213,293400.0
2021-11-17,PRIN.BK,2.4200000762939453,2.4600000381469727,2.4200000762939453,2.440000057220459,2.2853682041168213,95800.0
2021-11-18,PRIN.BK,2.440000057220459,2.440000057220459,2.4000000953674316,2.440000057220459,2.2853682041168213,1188100.0
2021-11-19,PRIN.BK,2.440000057220459,2.5,2.440000057220459,2.4800000190734863,2.3228330612182617,53500.0
2021-11-22,PRIN.BK,2.4800000190734863,2.5,2.4800000190734863,2.5,2.3415656089782715,163800.0
2021-11-23,PRIN.BK,2.5,2.5,2.4000000953674316,2.4800000190734863,2.3228330612182617,46000.0
2021-11-24,PRIN.BK,2.4800000190734863,2.4800000190734863,2.4200000762939453,2.440000057220459,2.2853682041168213,25900.0
2021-11-25,PRIN.BK,2.4800000190734863,2.4800000190734863,2.4000000953674316,2.4600000381469727,2.304100513458252,150500.0
2021-11-26,PRIN.BK,2.4800000190734863,2.4800000190734863,2.4000000953674316,2.440000057220459,2.2853682041168213,138700.0
2021-11-29,PRIN.BK,2.440000057220459,2.440000057220459,2.319999933242798,2.380000114440918,2.229170560836792,652100.0
2021-11-30,PRIN.BK,2.359999895095825,2.4000000953674316,2.319999933242798,2.380000114440918,2.229170560836792,172600.0
2021-12-01,PRIN.BK,2.299999952316284,2.380000114440918,2.299999952316284,2.380000114440918,2.229170560836792,57200.0
2021-12-02,PRIN.BK,2.4000000953674316,2.4000000953674316,2.359999895095825,2.4000000953674316,2.2479031085968018,6900.0
2021-12-03,PRIN.BK,2.4000000953674316,2.4000000953674316,2.3399999141693115,2.4000000953674316,2.2479031085968018,900.0
2021-12-07,PRIN.BK,2.3399999141693115,2.4000000953674316,2.3399999141693115,2.4000000953674316,2.2479031085968018,34600.0
2021-12-08,PRIN.BK,2.380000114440918,2.4200000762939453,2.3399999141693115,2.4200000762939453,2.2666356563568115,115100.0
2021-12-09,PRIN.BK,2.4200000762939453,2.440000057220459,2.4200000762939453,2.440000057220459,2.2853682041168213,72900.0
2021-12-13,PRIN.BK,2.440000057220459,2.4600000381469727,2.4200000762939453,2.440000057220459,2.2853682041168213,49500.0
2021-12-14,PRIN.BK,2.4600000381469727,2.4600000381469727,2.4000000953674316,2.440000057220459,2.2853682041168213,205800.0
2021-12-15,PRIN.BK,2.440000057220459,2.440000057220459,2.4200000762939453,2.440000057220459,2.2853682041168213,46400.0
2021-12-16,PRIN.BK,2.4600000381469727,2.5199999809265137,2.4200000762939453,2.5199999809265137,2.3602981567382812,377600.0
2021-12-17,PRIN.BK,2.5199999809265137,2.559999942779541,2.440000057220459,2.4800000190734863,2.3228330612182617,83300.0
2021-12-20,PRIN.BK,2.5,2.5,2.440000057220459,2.4600000381469727,2.304100513458252,51600.0
2021-12-21,PRIN.BK,2.4800000190734863,2.5199999809265137,2.4600000381469727,2.5,2.3415656089782715,11600.0
2021-12-22,PRIN.BK,2.5,2.5199999809265137,2.5,2.5,2.3415656089782715,58200.0
2021-12-23,PRIN.BK,2.5199999809265137,2.5199999809265137,2.4800000190734863,2.5,2.3415656089782715,246500.0
2021-12-24,PRIN.BK,2.5,2.5,2.440000057220459,2.5,2.3415656089782715,92600.0
2021-12-27,PRIN.BK,2.5,2.5,2.4600000381469727,2.5,2.3415656089782715,201500.0
2021-12-28,PRIN.BK,2.4600000381469727,2.5,2.4600000381469727,2.5,2.3415656089782715,4700.0
2021-12-29,PRIN.BK,2.4800000190734863,2.5,2.4600000381469727,2.5,2.3415656089782715,162100.0
2021-12-30,PRIN.BK,2.5,2.5,2.4200000762939453,2.4800000190734863,2.3228330612182617,59700.0
2022-01-04,PRIN.BK,2.5799999237060547,2.5799999237060547,2.4800000190734863,2.5,2.3415656089782715,95300.0
2022-01-05,PRIN.BK,2.5199999809265137,2.5399999618530273,2.5,2.5,2.3415656089782715,11700.0
2022-01-06,PRIN.BK,2.5,2.5,2.4000000953674316,2.4600000381469727,2.304100513458252,344600.0
2022-01-07,PRIN.BK,2.4600000381469727,2.4800000190734863,2.4600000381469727,2.4800000190734863,2.3228330612182617,120800.0
2022-01-10,PRIN.BK,2.5,2.5,2.440000057220459,2.5,2.3415656089782715,15300.0
2022-01-11,PRIN.BK,2.5,2.5,2.4600000381469727,2.4800000190734863,2.3228330612182617,356800.0
2022-01-12,PRIN.BK,2.5,2.5,2.4600000381469727,2.4800000190734863,2.3228330612182617,49100.0
2022-01-13,PRIN.BK,2.4800000190734863,2.5,2.4800000190734863,2.5,2.3415656089782715,175700.0
2022-01-14,PRIN.BK,2.5,2.5,2.4800000190734863,2.5,2.3415656089782715,30200.0
2022-01-17,PRIN.BK,2.5,2.5,2.4600000381469727,2.5,2.3415656089782715,9100.0
2022-01-18,PRIN.BK,2.4200000762939453,2.4800000190734863,2.4000000953674316,2.440000057220459,2.2853682041168213,131300.0
2022-01-19,PRIN.BK,2.440000057220459,2.4800000190734863,2.440000057220459,2.4800000190734863,2.3228330612182617,64400.0
2022-01-20,PRIN.BK,2.5199999809265137,2.5199999809265137,2.4200000762939453,2.4800000190734863,2.3228330612182617,146400.0
2022-01-21,PRIN.BK,2.5,2.5,2.4600000381469727,2.4800000190734863,2.3228330612182617,21900.0
2022-01-24,PRIN.BK,2.5,2.5,2.4200000762939453,2.4800000190734863,2.3228330612182617,48400.0
2022-01-25,PRIN.BK,2.4800000190734863,2.4800000190734863,2.4600000381469727,2.4800000190734863,2.3228330612182617,74200.0
2022-01-26,PRIN.BK,2.4600000381469727,2.5,2.4600000381469727,2.4800000190734863,2.3228330612182617,19400.0
2022-01-27,PRIN.BK,2.4800000190734863,2.4800000190734863,2.4000000953674316,2.4800000190734863,2.3228330612182617,111900.0
2022-01-28,PRIN.BK,2.4600000381469727,2.4800000190734863,2.440000057220459,2.4800000190734863,2.3228330612182617,125300.0
2022-01-31,PRIN.BK,2.4800000190734863,2.4800000190734863,2.4600000381469727,2.4800000190734863,2.3228330612182617,114900.0
2022-02-01,PRIN.BK,2.4800000190734863,2.5,2.4800000190734863,2.5,2.3415656089782715,250900.0
2022-02-02,PRIN.BK,2.4800000190734863,2.5,2.4600000381469727,2.5,2.3415656089782715,132300.0
2022-02-03,PRIN.BK,2.4800000190734863,2.5,2.4600000381469727,2.4800000190734863,2.3228330612182617,133200.0
2022-02-04,PRIN.BK,2.5,2.5,2.4600000381469727,2.4800000190734863,2.3228330612182617,14700.0
2022-02-07,PRIN.BK,2.4800000190734863,2.5,2.440000057220459,2.5,2.3415656089782715,82500.0
2022-02-08,PRIN.BK,2.5,2.559999942779541,2.4800000190734863,2.5,2.3415656089782715,509100.0
2022-02-09,PRIN.BK,2.5,2.5199999809265137,2.4800000190734863,2.5199999809265137,2.3602981567382812,606200.0
2022-02-10,PRIN.BK,2.5,2.5,2.4800000190734863,2.4800000190734863,2.3228330612182617,284700.0
2022-02-11,PRIN.BK,2.4800000190734863,2.5,2.4800000190734863,2.4800000190734863,2.3228330612182617,79300.0
2022-02-14,PRIN.BK,2.4800000190734863,2.5,2.4800000190734863,2.4800000190734863,2.3228330612182617,17300.0
2022-02-15,PRIN.BK,2.4800000190734863,2.5,2.4600000381469727,2.5,2.3415656089782715,374100.0
2022-02-17,PRIN.BK,2.5,2.5,2.440000057220459,2.5,2.3415656089782715,206800.0
2022-02-18,PRIN.BK,2.4800000190734863,2.5,2.4800000190734863,2.5,2.3415656089782715,68600.0
2022-02-21,PRIN.BK,2.5,2.5399999618530273,2.4600000381469727,2.4800000190734863,2.3228330612182617,347300.0
2022-02-22,PRIN.BK,2.5,2.5,2.4800000190734863,2.5,2.3415656089782715,62300.0
2022-02-23,PRIN.BK,2.5,2.5,2.4600000381469727,2.5,2.3415656089782715,68600.0
2022-02-24,PRIN.BK,2.5,2.5799999237060547,2.440000057220459,2.5,2.3415656089782715,406600.0
2022-02-25,PRIN.BK,2.4800000190734863,2.559999942779541,2.4800000190734863,2.5199999809265137,2.3602981567382812,22300.0
2022-02-28,PRIN.BK,2.5199999809265137,2.5199999809265137,2.4800000190734863,2.5199999809265137,2.3602981567382812,271100.0
2022-03-01,PRIN.BK,2.5,2.5399999618530273,2.4800000190734863,2.5,2.3415656089782715,183700.0
2022-03-02,PRIN.BK,2.5,2.5,2.5,2.5,2.3415656089782715,8700.0
2022-03-03,PRIN.BK,2.4800000190734863,2.5199999809265137,2.4600000381469727,2.5199999809265137,2.3602981567382812,336100.0
2022-03-04,PRIN.BK,2.5199999809265137,2.5199999809265137,2.5,2.5199999809265137,2.3602981567382812,233000.0
2022-03-07,PRIN.BK,2.4800000190734863,2.559999942779541,2.4200000762939453,2.4600000381469727,2.304100513458252,787100.0
2022-03-08,PRIN.BK,2.4800000190734863,2.4800000190734863,2.440000057220459,2.4600000381469727,2.304100513458252,3889100.0
2022-03-09,PRIN.BK,2.4800000190734863,2.5199999809265137,2.4600000381469727,2.5,2.3415656089782715,54400.0
2022-03-10,PRIN.BK,2.4800000190734863,2.5199999809265137,2.4800000190734863,2.5199999809265137,2.3602981567382812,75700.0
2022-03-11,PRIN.BK,2.4800000190734863,2.5,2.4600000381469727,2.5,2.3415656089782715,180000.0
2022-03-14,PRIN.BK,2.4800000190734863,2.4800000190734863,2.4600000381469727,2.4800000190734863,2.3228330612182617,220900.0
2022-03-15,PRIN.BK,2.5,2.5,2.4600000381469727,2.4800000190734863,2.3228330612182617,415700.0
2022-03-16,PRIN.BK,2.4800000190734863,2.5199999809265137,2.4800000190734863,2.5199999809265137,2.3602981567382812,329200.0
2022-03-17,PRIN.BK,2.4800000190734863,2.4800000190734863,2.4600000381469727,2.4600000381469727,2.3747785091400146,218600.0
2022-03-18,PRIN.BK,2.4800000190734863,2.5,2.4600000381469727,2.4600000381469727,2.3747785091400146,72800.0
2022-03-21,PRIN.BK,2.4800000190734863,2.4800000190734863,2.4800000190734863,2.4800000190734863,2.394085645675659,21700.0
2022-03-22,PRIN.BK,2.5,2.5,2.4800000190734863,2.5,2.4133927822113037,7100.0
2022-03-23,PRIN.BK,2.5,2.5199999809265137,2.4800000190734863,2.5199999809265137,2.4326999187469482,67800.0
2022-03-24,PRIN.BK,2.5199999809265137,2.5199999809265137,2.4800000190734863,2.4800000190734863,2.394085645675659,19900.0
2022-03-25,PRIN.BK,2.4800000190734863,2.5199999809265137,2.4800000190734863,2.5199999809265137,2.4326999187469482,175400.0
2022-03-28,PRIN.BK,2.5199999809265137,2.5199999809265137,2.5,2.5,2.4133927822113037,52700.0
2022-03-29,PRIN.BK,2.5,2.5199999809265137,2.5,2.5,2.4133927822113037,582000.0
2022-03-30,PRIN.BK,2.5199999809265137,3.200000047683716,2.5199999809265137,2.940000057220459,2.8381500244140625,12556100.0
2022-03-31,PRIN.BK,3.0999999046325684,3.119999885559082,2.619999885559082,2.680000066757202,2.5871572494506836,7114200.0
2022-04-01,PRIN.BK,2.680000066757202,2.680000066757202,2.5799999237060547,2.640000104904175,2.5485429763793945,1285200.0
2022-04-04,PRIN.BK,2.6600000858306885,2.680000066757202,2.5999999046325684,2.619999885559082,2.529235601425171,584700.0
2022-04-05,PRIN.BK,2.640000104904175,2.640000104904175,2.5799999237060547,2.5999999046325684,2.5099284648895264,531100.0
2022-04-07,PRIN.BK,2.5999999046325684,2.5999999046325684,2.5399999618530273,2.5399999618530273,2.4520070552825928,438000.0
2022-04-08,PRIN.BK,2.5399999618530273,2.559999942779541,2.5,2.5,2.4133927822113037,381600.0
2022-04-11,PRIN.BK,2.5,2.559999942779541,2.4800000190734863,2.5,2.4133927822113037,397800.0
2022-04-12,PRIN.BK,2.5199999809265137,2.5799999237060547,2.4800000190734863,2.5399999618530273,2.4520070552825928,261500.0
2022-04-18,PRIN.BK,2.5,2.5999999046325684,2.5,2.559999942779541,2.4713141918182373,191000.0
2022-04-19,PRIN.BK,2.5399999618530273,2.559999942779541,2.5199999809265137,2.559999942779541,2.4713141918182373,294100.0
2022-04-20,PRIN.BK,2.559999942779541,2.5799999237060547,2.559999942779541,2.5799999237060547,2.490621328353882,136500.0
2022-04-21,PRIN.BK,2.5999999046325684,2.5999999046325684,2.559999942779541,2.5999999046325684,2.5099284648895264,167000.0
2022-04-22,PRIN.BK,2.5999999046325684,2.619999885559082,2.5799999237060547,2.5799999237060547,2.490621328353882,140900.0
2022-04-25,PRIN.BK,2.5799999237060547,2.5999999046325684,2.559999942779541,2.5799999237060547,2.490621328353882,166000.0
2022-04-26,PRIN.BK,2.5999999046325684,2.5999999046325684,2.559999942779541,2.559999942779541,2.4713141918182373,145100.0
2022-04-27,PRIN.BK,2.5999999046325684,2.5999999046325684,2.559999942779541,2.559999942779541,2.4713141918182373,145700.0
2022-04-28,PRIN.BK,2.5799999237060547,2.5999999046325684,2.559999942779541,2.5799999237060547,2.490621328353882,217200.0
2022-04-29,PRIN.BK,2.559999942779541,2.5799999237060547,2.559999942779541,2.559999942779541,2.4713141918182373,139700.0
2022-05-03,PRIN.BK,2.559999942779541,2.5799999237060547,2.559999942779541,2.5799999237060547,2.490621328353882,362000.0
2022-05-05,PRIN.BK,2.5999999046325684,2.680000066757202,2.5799999237060547,2.640000104904175,2.5485429763793945,364900.0
2022-05-06,PRIN.BK,2.680000066757202,2.9000000953674316,2.440000057220459,2.4800000190734863,2.394085645675659,4975100.0
2022-05-09,PRIN.BK,2.4800000190734863,2.5399999618530273,2.4800000190734863,2.4800000190734863,2.394085645675659,497300.0
2022-05-10,PRIN.BK,2.4800000190734863,2.559999942779541,2.380000114440918,2.5,2.4133927822113037,1003800.0
2022-05-11,PRIN.BK,2.5,2.5799999237060547,2.4000000953674316,2.5199999809265137,2.4326999187469482,965200.0
2022-05-12,PRIN.BK,2.559999942779541,2.559999942779541,2.4200000762939453,2.5,2.4133927822113037,1019100.0
2022-05-13,PRIN.BK,2.5799999237060547,2.5799999237060547,2.5,2.5199999809265137,2.4326999187469482,136500.0
2022-05-17,PRIN.BK,2.5,2.5799999237060547,2.4800000190734863,2.5399999618530273,2.4520070552825928,638000.0
2022-05-18,PRIN.BK,2.5399999618530273,2.700000047683716,2.5199999809265137,2.559999942779541,2.4713141918182373,180300.0
2022-05-19,PRIN.BK,2.5199999809265137,2.5999999046325684,2.5199999809265137,2.5999999046325684,2.5099284648895264,81600.0
2022-05-20,PRIN.BK,2.619999885559082,2.700000047683716,2.5799999237060547,2.6600000858306885,2.567850112915039,233600.0
2022-05-23,PRIN.BK,2.7799999713897705,2.7799999713897705,2.640000104904175,2.680000066757202,2.5871572494506836,202000.0
2022-05-24,PRIN.BK,2.740000009536743,2.759999990463257,2.700000047683716,2.740000009536743,2.645078420639038,123400.0
2022-05-25,PRIN.BK,2.799999952316284,2.799999952316284,2.740000009536743,2.740000009536743,2.645078420639038,108500.0
2022-05-26,PRIN.BK,2.7799999713897705,2.940000057220459,2.740000009536743,2.9000000953674316,2.7995357513427734,3098700.0
2022-05-27,PRIN.BK,2.940000057220459,2.940000057220459,2.8399999141693115,2.940000057220459,2.8381500244140625,416600.0
2022-05-30,PRIN.BK,3.0,3.0,2.7200000286102295,2.880000114440918,2.780228614807129,1033200.0
2022-05-31,PRIN.BK,2.9000000953674316,2.9600000381469727,2.8399999141693115,2.9000000953674316,2.7995357513427734,551200.0
2022-06-01,PRIN.BK,2.9200000762939453,2.9600000381469727,2.859999895095825,2.880000114440918,2.780228614807129,589600.0
2022-06-02,PRIN.BK,2.880000114440918,2.9200000762939453,2.859999895095825,2.880000114440918,2.780228614807129,143000.0
2022-06-06,PRIN.BK,2.859999895095825,2.9200000762939453,2.859999895095825,2.880000114440918,2.780228614807129,458100.0
2022-06-07,PRIN.BK,2.880000114440918,2.940000057220459,2.859999895095825,2.940000057220459,2.8381500244140625,410900.0
2022-06-08,PRIN.BK,2.9600000381469727,3.0,2.9000000953674316,2.9000000953674316,2.7995357513427734,1078000.0
2022-06-09,PRIN.BK,2.940000057220459,3.0799999237060547,2.940000057220459,3.0399999618530273,2.934685707092285,4099800.0
2022-06-10,PRIN.BK,3.119999885559082,3.119999885559082,2.9800000190734863,3.0,2.896071434020996,2561800.0
2022-06-13,PRIN.BK,3.0199999809265137,3.0199999809265137,2.7799999713897705,2.9000000953674316,2.7995357513427734,1194600.0
2022-06-14,PRIN.BK,2.9000000953674316,2.940000057220459,2.8399999141693115,2.9000000953674316,2.7995357513427734,306600.0
2022-06-15,PRIN.BK,2.9200000762939453,2.9200000762939453,2.859999895095825,2.880000114440918,2.780228614807129,191300.0
2022-06-16,PRIN.BK,2.940000057220459,2.940000057220459,2.880000114440918,2.880000114440918,2.780228614807129,314000.0
2022-06-17,PRIN.BK,2.859999895095825,2.9600000381469727,2.859999895095825,2.859999895095825,2.7609212398529053,142300.0
2022-06-20,PRIN.BK,2.880000114440918,2.940000057220459,2.859999895095825,2.880000114440918,2.780228614807129,221100.0
2022-06-21,PRIN.BK,2.9000000953674316,2.9000000953674316,2.859999895095825,2.880000114440918,2.780228614807129,295200.0
2022-06-22,PRIN.BK,2.9000000953674316,2.940000057220459,2.880000114440918,2.940000057220459,2.8381500244140625,351900.0
2022-06-23,PRIN.BK,2.940000057220459,2.940000057220459,2.9000000953674316,2.9000000953674316,2.7995357513427734,122200.0
2022-06-24,PRIN.BK,2.940000057220459,2.940000057220459,2.880000114440918,2.880000114440918,2.780228614807129,123200.0
2022-06-27,PRIN.BK,2.9200000762939453,2.9200000762939453,2.880000114440918,2.9000000953674316,2.7995357513427734,256200.0
2022-06-28,PRIN.BK,2.880000114440918,2.9200000762939453,2.859999895095825,2.9000000953674316,2.7995357513427734,267600.0
2022-06-29,PRIN.BK,2.9200000762939453,2.9200000762939453,2.859999895095825,2.880000114440918,2.780228614807129,146600.0
2022-06-30,PRIN.BK,2.859999895095825,2.880000114440918,2.8399999141693115,2.880000114440918,2.780228614807129,108000.0
2022-07-01,PRIN.BK,2.880000114440918,2.880000114440918,2.859999895095825,2.880000114440918,2.780228614807129,322000.0
2022-07-04,PRIN.BK,2.859999895095825,3.059999942779541,2.819999933242798,2.880000114440918,2.780228614807129,763900.0
2022-07-05,PRIN.BK,2.8399999141693115,2.9000000953674316,2.740000009536743,2.819999933242798,2.722306966781616,578800.0
2022-07-06,PRIN.BK,2.799999952316284,2.819999933242798,2.759999990463257,2.819999933242798,2.722306966781616,280200.0
2022-07-07,PRIN.BK,2.7799999713897705,2.819999933242798,2.7799999713897705,2.819999933242798,2.722306966781616,118400.0
2022-07-08,PRIN.BK,2.819999933242798,2.819999933242798,2.759999990463257,2.819999933242798,2.722306966781616,32600.0
2022-07-11,PRIN.BK,2.819999933242798,2.880000114440918,2.7799999713897705,2.880000114440918,2.780228614807129,30600.0
2022-07-12,PRIN.BK,2.859999895095825,2.880000114440918,2.859999895095825,2.880000114440918,2.780228614807129,300.0
2022-07-14,PRIN.BK,2.880000114440918,2.880000114440918,2.799999952316284,2.880000114440918,2.780228614807129,157900.0
2022-07-15,PRIN.BK,2.859999895095825,2.859999895095825,2.799999952316284,2.8399999141693115,2.7416141033172607,784400.0
2022-07-18,PRIN.BK,2.859999895095825,2.9200000762939453,2.819999933242798,2.8399999141693115,2.7416141033172607,673600.0
2022-07-19,PRIN.BK,2.880000114440918,2.9200000762939453,2.819999933242798,2.880000114440918,2.780228614807129,582900.0
2022-07-20,PRIN.BK,2.9000000953674316,2.940000057220459,2.880000114440918,2.9000000953674316,2.7995357513427734,861200.0
2022-07-21,PRIN.BK,2.9200000762939453,2.9200000762939453,2.880000114440918,2.9000000953674316,2.7995357513427734,104500.0
2022-07-22,PRIN.BK,2.9000000953674316,2.940000057220459,2.859999895095825,2.859999895095825,2.7609212398529053,30400.0
2022-07-25,PRIN.BK,2.9000000953674316,2.9000000953674316,2.859999895095825,2.9000000953674316,2.7995357513427734,15400.0
2022-07-26,PRIN.BK,2.9000000953674316,2.9000000953674316,2.880000114440918,2.880000114440918,2.780228614807129,556200.0
2022-07-27,PRIN.BK,2.9000000953674316,2.9200000762939453,2.880000114440918,2.9200000762939453,2.818842887878418,342000.0
2022-08-01,PRIN.BK,2.9600000381469727,2.9600000381469727,2.9200000762939453,2.9200000762939453,2.818842887878418,87800.0
2022-08-02,PRIN.BK,2.9000000953674316,2.9000000953674316,2.9000000953674316,2.9000000953674316,2.7995357513427734,11700.0
2022-08-03,PRIN.BK,2.880000114440918,2.9000000953674316,2.880000114440918,2.9000000953674316,2.7995357513427734,94200.0
2022-08-04,PRIN.BK,2.9000000953674316,2.9000000953674316,2.880000114440918,2.9000000953674316,2.7995357513427734,204100.0
2022-08-05,PRIN.BK,2.880000114440918,2.880000114440918,2.880000114440918,2.880000114440918,2.780228614807129,108500.0
2022-08-08,PRIN.BK,2.880000114440918,2.9000000953674316,2.859999895095825,2.9000000953674316,2.7995357513427734,402700.0
2022-08-09,PRIN.BK,2.9000000953674316,3.0399999618530273,2.9000000953674316,3.0199999809265137,2.9153785705566406,1077600.0
2022-08-10,PRIN.BK,3.059999942779541,3.059999942779541,2.9800000190734863,3.0399999618530273,2.934685707092285,647800.0
2022-08-11,PRIN.BK,3.0799999237060547,3.0799999237060547,3.0,3.0,2.896071434020996,286900.0
2022-08-15,PRIN.BK,3.0,3.0799999237060547,3.0,3.059999942779541,2.9539928436279297,216800.0
2022-08-16,PRIN.BK,3.1600000858306885,3.1600000858306885,3.0,3.0199999809265137,2.9153785705566406,589100.0
2022-08-17,PRIN.BK,2.9800000190734863,3.059999942779541,2.9800000190734863,3.0399999618530273,2.934685707092285,469500.0
2022-08-18,PRIN.BK,3.0399999618530273,3.0399999618530273,3.0,3.0199999809265137,2.9153785705566406,153900.0
2022-08-19,PRIN.BK,3.0199999809265137,3.0399999618530273,3.0,3.0399999618530273,2.934685707092285,310400.0
2022-08-22,PRIN.BK,3.0399999618530273,3.0799999237060547,3.0199999809265137,3.0399999618530273,2.934685707092285,165300.0
2022-08-23,PRIN.BK,3.0999999046325684,3.0999999046325684,3.0199999809265137,3.0399999618530273,2.934685707092285,194500.0
2022-08-24,PRIN.BK,3.0799999237060547,3.0799999237060547,3.0199999809265137,3.0199999809265137,2.9153785705566406,42300.0
2022-08-25,PRIN.BK,3.0199999809265137,3.059999942779541,3.0199999809265137,3.059999942779541,2.9539928436279297,80800.0
2022-08-26,PRIN.BK,3.0399999618530273,3.059999942779541,3.0,3.0399999618530273,2.934685707092285,228400.0
2022-08-29,PRIN.BK,3.0199999809265137,3.0799999237060547,3.0199999809265137,3.059999942779541,2.9539928436279297,289400.0
2022-08-30,PRIN.BK,3.059999942779541,3.140000104904175,3.059999942779541,3.0999999046325684,2.9926068782806396,1009900.0
2022-08-31,PRIN.BK,3.140000104904175,3.259999990463257,3.0999999046325684,3.2200000286102295,3.108449935913086,4848700.0
2022-09-01,PRIN.BK,3.2799999713897705,3.299999952316284,3.1600000858306885,3.1600000858306885,3.0505285263061523,2666100.0
2022-09-02,PRIN.BK,3.200000047683716,3.2200000286102295,3.1600000858306885,3.200000047683716,3.0891427993774414,390500.0
2022-09-05,PRIN.BK,3.240000009536743,3.240000009536743,3.140000104904175,3.140000104904175,3.031221389770508,492700.0
2022-09-06,PRIN.BK,3.1600000858306885,3.259999990463257,3.140000104904175,3.200000047683716,3.0891427993774414,978100.0
2022-09-07,PRIN.BK,3.180000066757202,3.200000047683716,3.1600000858306885,3.180000066757202,3.069835662841797,357700.0
2022-09-08,PRIN.BK,3.200000047683716,3.200000047683716,3.140000104904175,3.1600000858306885,3.0505285263061523,163600.0
2022-09-09,PRIN.BK,3.2799999713897705,3.2799999713897705,3.1600000858306885,3.200000047683716,3.0891427993774414,266400.0
2022-09-12,PRIN.BK,3.2200000286102295,3.2200000286102295,3.180000066757202,3.180000066757202,3.069835662841797,260500.0
2022-09-13,PRIN.BK,3.200000047683716,3.2200000286102295,3.200000047683716,3.200000047683716,3.0891427993774414,128800.0
2022-09-14,PRIN.BK,3.200000047683716,3.259999990463257,3.180000066757202,3.240000009536743,3.1277570724487305,138500.0
2022-09-15,PRIN.BK,3.299999952316284,3.299999952316284,3.2200000286102295,3.2200000286102295,3.108449935913086,463700.0
2022-09-16,PRIN.BK,3.180000066757202,3.240000009536743,3.180000066757202,3.2200000286102295,3.108449935913086,169500.0
2022-09-19,PRIN.BK,3.2200000286102295,3.240000009536743,3.119999885559082,3.119999885559082,3.011914014816284,185900.0
2022-09-20,PRIN.BK,3.0799999237060547,3.1600000858306885,3.059999942779541,3.1600000858306885,3.0505285263061523,453400.0
2022-09-21,PRIN.BK,3.119999885559082,3.119999885559082,3.0799999237060547,3.119999885559082,3.011914014816284,147400.0
2022-09-22,PRIN.BK,3.140000104904175,3.140000104904175,3.0999999046325684,3.119999885559082,3.011914014816284,115600.0
2022-09-23,PRIN.BK,3.140000104904175,3.140000104904175,3.0799999237060547,3.0799999237060547,2.973299980163574,110400.0
2022-09-26,PRIN.BK,3.0799999237060547,3.0799999237060547,2.859999895095825,2.9200000762939453,2.818842887878418,393600.0
2022-09-27,PRIN.BK,2.7799999713897705,2.859999895095825,2.740000009536743,2.7799999713897705,2.683692693710327,990600.0
2022-09-28,PRIN.BK,2.5999999046325684,2.700000047683716,2.5999999046325684,2.680000066757202,2.5871572494506836,689900.0
2022-09-29,PRIN.BK,2.619999885559082,2.7799999713897705,2.619999885559082,2.700000047683716,2.606464385986328,264400.0
2022-09-30,PRIN.BK,2.680000066757202,3.0399999618530273,2.680000066757202,2.7200000286102295,2.6257715225219727,239800.0
2022-10-03,PRIN.BK,2.7200000286102295,2.819999933242798,2.7200000286102295,2.7799999713897705,2.683692693710327,66700.0
2022-10-04,PRIN.BK,2.799999952316284,2.9800000190734863,2.7799999713897705,2.9200000762939453,2.818842887878418,102600.0
2022-10-05,PRIN.BK,2.9800000190734863,3.119999885559082,2.819999933242798,2.9800000190734863,2.8767642974853516,111100.0
2022-10-06,PRIN.BK,3.0199999809265137,3.0199999809265137,2.940000057220459,2.9600000381469727,2.857457160949707,32800.0
2022-10-07,PRIN.BK,2.9800000190734863,2.9800000190734863,2.859999895095825,2.9000000953674316,2.7995357513427734,16900.0
2022-10-10,PRIN.BK,2.9000000953674316,3.0399999618530273,2.9000000953674316,2.9800000190734863,2.8767642974853516,48700.0
2022-10-11,PRIN.BK,3.0199999809265137,3.0199999809265137,2.9200000762939453,2.9200000762939453,2.818842887878418,51500.0
2022-10-12,PRIN.BK,2.940000057220459,3.0199999809265137,2.9200000762939453,2.940000057220459,2.8381500244140625,55300.0
2022-10-17,PRIN.BK,2.880000114440918,2.9000000953674316,2.819999933242798,2.9000000953674316,2.7995357513427734,22000.0
2022-10-18,PRIN.BK,2.859999895095825,2.880000114440918,2.799999952316284,2.799999952316284,2.7029998302459717,56600.0
2022-10-19,PRIN.BK,2.799999952316284,2.859999895095825,2.799999952316284,2.799999952316284,2.7029998302459717,13400.0
2022-10-20,PRIN.BK,2.799999952316284,2.819999933242798,2.799999952316284,2.799999952316284,2.7029998302459717,16800.0
2022-10-21,PRIN.BK,2.799999952316284,2.819999933242798,2.799999952316284,2.819999933242798,2.722306966781616,21000.0
2022-10-25,PRIN.BK,2.859999895095825,2.880000114440918,2.819999933242798,2.819999933242798,2.722306966781616,6800.0
2022-10-26,PRIN.BK,2.7799999713897705,2.819999933242798,2.740000009536743,2.819999933242798,2.722306966781616,59800.0
2022-10-27,PRIN.BK,2.819999933242798,2.819999933242798,2.799999952316284,2.819999933242798,2.722306966781616,13500.0
2022-10-28,PRIN.BK,2.799999952316284,2.880000114440918,2.799999952316284,2.8399999141693115,2.7416141033172607,34300.0
2022-10-31,PRIN.BK,2.819999933242798,2.859999895095825,2.0399999618530273,2.8399999141693115,2.7416141033172607,42600.0
2022-11-01,PRIN.BK,2.859999895095825,2.859999895095825,2.799999952316284,2.8399999141693115,2.7416141033172607,10200.0
2022-11-02,PRIN.BK,2.819999933242798,2.8399999141693115,2.799999952316284,2.799999952316284,2.7029998302459717,64200.0
2022-11-03,PRIN.BK,2.799999952316284,2.819999933242798,2.7799999713897705,2.819999933242798,2.722306966781616,45800.0
2022-11-04,PRIN.BK,2.819999933242798,2.8399999141693115,2.799999952316284,2.8399999141693115,2.7416141033172607,329600.0
2022-11-07,PRIN.BK,2.799999952316284,2.8399999141693115,2.799999952316284,2.8399999141693115,2.7416141033172607,79000.0
2022-11-08,PRIN.BK,2.9000000953674316,2.9000000953674316,2.8399999141693115,2.8399999141693115,2.7416141033172607,6000.0
2022-11-09,PRIN.BK,2.8399999141693115,2.9800000190734863,2.8399999141693115,2.880000114440918,2.780228614807129,42500.0
2022-11-10,PRIN.BK,2.880000114440918,2.9800000190734863,2.880000114440918,2.9200000762939453,2.818842887878418,29600.0
2022-11-11,PRIN.BK,2.880000114440918,2.9000000953674316,2.740000009536743,2.740000009536743,2.645078420639038,60900.0
2022-11-14,PRIN.BK,2.640000104904175,2.799999952316284,2.640000104904175,2.700000047683716,2.606464385986328,17600.0
2022-11-15,PRIN.BK,2.7799999713897705,2.9000000953674316,2.740000009536743,2.859999895095825,2.7609212398529053,33700.0
2022-11-16,PRIN.BK,2.9000000953674316,2.9000000953674316,2.759999990463257,2.819999933242798,2.722306966781616,13200.0
2022-11-17,PRIN.BK,2.8399999141693115,2.8399999141693115,2.799999952316284,2.819999933242798,2.722306966781616,33000.0
2022-11-18,PRIN.BK,2.8399999141693115,2.8399999141693115,2.740000009536743,2.740000009536743,2.645078420639038,12500.0
2022-11-21,PRIN.BK,2.740000009536743,2.7799999713897705,2.640000104904175,2.740000009536743,2.645078420639038,58400.0
2022-11-22,PRIN.BK,2.759999990463257,2.7799999713897705,2.700000047683716,2.7799999713897705,2.683692693710327,19300.0
2022-11-23,PRIN.BK,2.740000009536743,2.759999990463257,2.680000066757202,2.7200000286102295,2.6257715225219727,19900.0
2022-11-24,PRIN.BK,2.680000066757202,2.7200000286102295,2.680000066757202,2.7200000286102295,2.6257715225219727,21100.0
2022-11-25,PRIN.BK,2.7200000286102295,2.7200000286102295,2.6600000858306885,2.7200000286102295,2.6257715225219727,8100.0
2022-11-28,PRIN.BK,2.700000047683716,2.740000009536743,2.700000047683716,2.7200000286102295,2.6257715225219727,42800.0
2022-11-29,PRIN.BK,2.799999952316284,3.2799999713897705,2.740000009536743,2.759999990463257,2.6643855571746826,25600.0
2022-11-30,PRIN.BK,2.880000114440918,2.9600000381469727,2.740000009536743,2.759999990463257,2.6643855571746826,11600.0
2022-12-01,PRIN.BK,2.740000009536743,2.799999952316284,2.700000047683716,2.700000047683716,2.606464385986328,68200.0
2022-12-02,PRIN.BK,2.7200000286102295,2.7200000286102295,2.619999885559082,2.619999885559082,2.529235601425171,76000.0
2022-12-06,PRIN.BK,2.640000104904175,2.759999990463257,2.640000104904175,2.6600000858306885,2.567850112915039,62800.0
2022-12-07,PRIN.BK,2.6600000858306885,2.700000047683716,2.640000104904175,2.640000104904175,2.5485429763793945,75500.0
2022-12-08,PRIN.BK,2.6600000858306885,2.6600000858306885,2.640000104904175,2.6600000858306885,2.567850112915039,58700.0
2022-12-09,PRIN.BK,2.6600000858306885,2.700000047683716,2.640000104904175,2.700000047683716,2.606464385986328,78100.0
2022-12-13,PRIN.BK,2.640000104904175,2.700000047683716,2.619999885559082,2.619999885559082,2.529235601425171,46500.0
2022-12-14,PRIN.BK,2.619999885559082,2.640000104904175,2.5399999618530273,2.640000104904175,2.5485429763793945,367700.0
2022-12-15,PRIN.BK,2.5999999046325684,2.5999999046325684,2.5399999618530273,2.5999999046325684,2.5099284648895264,29100.0
2022-12-16,PRIN.BK,2.559999942779541,2.5799999237060547,2.5,2.5199999809265137,2.4326999187469482,67200.0
2022-12-19,PRIN.BK,2.5199999809265137,2.5199999809265137,2.4800000190734863,2.5,2.4133927822113037,226900.0
2022-12-20,PRIN.BK,2.5,2.5,2.4800000190734863,2.5,2.4133927822113037,45400.0
2022-12-21,PRIN.BK,2.5799999237060547,2.5799999237060547,2.4600000381469727,2.5,2.4133927822113037,744600.0
2022-12-22,PRIN.BK,2.5,2.559999942779541,2.5,2.559999942779541,2.4713141918182373,199300.0
2022-12-23,PRIN.BK,2.559999942779541,2.7799999713897705,2.559999942779541,2.680000066757202,2.5871572494506836,163500.0
2022-12-26,PRIN.BK,2.700000047683716,2.799999952316284,2.680000066757202,2.799999952316284,2.7029998302459717,203200.0
2022-12-27,PRIN.BK,2.7799999713897705,2.9000000953674316,2.740000009536743,2.9000000953674316,2.7995357513427734,282400.0
2022-12-28,PRIN.BK,2.880000114440918,2.9800000190734863,2.819999933242798,2.9800000190734863,2.8767642974853516,644600.0
2022-12-29,PRIN.BK,2.9800000190734863,3.0999999046325684,2.859999895095825,3.0999999046325684,2.9926068782806396,662500.0
2022-12-30,PRIN.BK,3.0999999046325684,3.0999999046325684,2.9600000381469727,3.0799999237060547,2.973299980163574,331700.0
2023-01-03,PRIN.BK,3.0,3.0,2.9600000381469727,2.9600000381469727,2.857457160949707,208400.0
2023-01-04,PRIN.BK,2.9800000190734863,2.9800000190734863,2.940000057220459,2.940000057220459,2.8381500244140625,154200.0
2023-01-05,PRIN.BK,3.0,3.0,2.940000057220459,2.9600000381469727,2.857457160949707,272700.0
2023-01-06,PRIN.BK,2.9800000190734863,3.0,2.9600000381469727,3.0,2.896071434020996,279500.0
2023-01-09,PRIN.BK,2.9800000190734863,3.0,2.9600000381469727,2.9800000190734863,2.8767642974853516,92200.0
2023-01-10,PRIN.BK,3.0,3.0,2.9800000190734863,3.0,2.896071434020996,5500.0
2023-01-11,PRIN.BK,3.0,3.0,2.9000000953674316,3.0,2.896071434020996,4500.0
2023-01-12,PRIN.BK,2.9000000953674316,3.0,2.9000000953674316,2.9000000953674316,2.7995357513427734,4000.0
2023-01-13,PRIN.BK,2.9800000190734863,3.0,2.940000057220459,3.0,2.896071434020996,107700.0
2023-01-16,PRIN.BK,3.0,3.0,2.9800000190734863,3.0,2.896071434020996,600.0
2023-01-17,PRIN.BK,2.9600000381469727,3.0,2.9600000381469727,3.0,2.896071434020996,18700.0
2023-01-18,PRIN.BK,3.0,3.0,2.9600000381469727,3.0,2.896071434020996,2800.0
2023-01-19,PRIN.BK,2.9800000190734863,3.0,2.9800000190734863,3.0,2.896071434020996,5100.0
2023-01-20,PRIN.BK,2.9000000953674316,2.9800000190734863,2.9000000953674316,2.9800000190734863,2.8767642974853516,3000.0
2023-01-23,PRIN.BK,2.9800000190734863,2.9800000190734863,2.9800000190734863,2.9800000190734863,2.8767642974853516,30000.0
2023-01-24,PRIN.BK,2.9200000762939453,2.9600000381469727,2.9000000953674316,2.9600000381469727,2.857457160949707,14400.0
2023-01-25,PRIN.BK,2.9000000953674316,2.9600000381469727,2.799999952316284,2.9600000381469727,2.857457160949707,120500.0
2023-01-26,PRIN.BK,2.940000057220459,2.9800000190734863,2.940000057220459,2.9800000190734863,2.8767642974853516,150300.0
2023-01-27,PRIN.BK,2.9600000381469727,2.9800000190734863,2.9600000381469727,2.9600000381469727,2.857457160949707,132600.0
2023-01-30,PRIN.BK,2.9800000190734863,2.9800000190734863,2.940000057220459,2.9600000381469727,2.857457160949707,20100.0
2023-01-31,PRIN.BK,2.9800000190734863,2.9800000190734863,2.9000000953674316,2.9800000190734863,2.8767642974853516,100700.0
2023-02-01,PRIN.BK,3.0,3.2799999713897705,2.940000057220459,2.9800000190734863,2.8767642974853516,83900.0
2023-02-02,PRIN.BK,2.9800000190734863,3.0999999046325684,2.940000057220459,2.9600000381469727,2.857457160949707,82700.0
2023-02-03,PRIN.BK,2.9800000190734863,2.9800000190734863,2.940000057220459,2.9800000190734863,2.8767642974853516,90100.0
2023-02-06,PRIN.BK,2.9800000190734863,3.0,2.9000000953674316,2.9800000190734863,2.8767642974853516,73600.0
2023-02-07,PRIN.BK,2.9000000953674316,3.0,2.9000000953674316,3.0,2.896071434020996,59300.0
2023-02-08,PRIN.BK,3.0,3.0399999618530273,2.940000057220459,3.0,2.896071434020996,71000.0
2023-02-09,PRIN.BK,3.0999999046325684,3.0999999046325684,2.9600000381469727,3.0,2.896071434020996,29200.0
2023-02-10,PRIN.BK,2.9600000381469727,3.0799999237060547,2.9600000381469727,3.0,2.896071434020996,147600.0
2023-02-13,PRIN.BK,3.0,3.0,2.9000000953674316,3.0,2.896071434020996,6300.0
2023-02-14,PRIN.BK,3.0,3.0,2.9200000762939453,2.9600000381469727,2.857457160949707,151900.0
2023-02-15,PRIN.BK,3.0,3.0,2.9600000381469727,2.9800000190734863,2.8767642974853516,2400.0
2023-02-16,PRIN.BK,2.9800000190734863,2.9800000190734863,2.9600000381469727,2.9800000190734863,2.8767642974853516,14000.0
2023-02-17,PRIN.BK,2.9800000190734863,2.9800000190734863,2.9600000381469727,2.9800000190734863,2.8767642974853516,83100.0
2023-02-20,PRIN.BK,3.0,3.0799999237060547,2.9600000381469727,3.0199999809265137,2.9153785705566406,38600.0
2023-02-21,PRIN.BK,3.119999885559082,3.180000066757202,3.0,3.0399999618530273,2.934685707092285,17800.0
2023-02-22,PRIN.BK,3.059999942779541,3.059999942779541,2.9600000381469727,3.059999942779541,2.9539928436279297,900.0
2023-02-23,PRIN.BK,3.059999942779541,3.1600000858306885,2.9800000190734863,3.0,2.896071434020996,37500.0
2023-02-24,PRIN.BK,2.9600000381469727,3.0399999618530273,2.9600000381469727,3.0199999809265137,2.9153785705566406,229600.0
2023-02-27,PRIN.BK,2.5,3.140000104904175,2.5,3.0199999809265137,2.9153785705566406,240100.0
2023-02-28,PRIN.BK,3.059999942779541,3.059999942779541,2.740000009536743,3.0,2.896071434020996,318200.0
2023-03-01,PRIN.BK,3.0,3.0,2.9800000190734863,2.9800000190734863,2.8767642974853516,300.0
2023-03-02,PRIN.BK,3.0,3.0,2.7799999713897705,3.0,2.896071434020996,800.0
2023-03-03,PRIN.BK,3.0,3.0,3.0,3.0,2.896071434020996,100.0
2023-03-07,PRIN.BK,3.0,3.0,3.0,3.0,2.896071434020996,100.0
2023-03-08,PRIN.BK,3.0,3.0,2.819999933242798,3.0,2.896071434020996,300.0
2023-03-09,PRIN.BK,3.0,3.0,3.0,3.0,2.896071434020996,400.0
2023-03-10,PRIN.BK,3.0,3.200000047683716,2.859999895095825,3.119999885559082,3.011914014816284,6200.0
2023-03-13,PRIN.BK,3.140000104904175,3.140000104904175,2.5199999809265137,2.799999952316284,2.7029998302459717,7100.0
2023-03-14,PRIN.BK,2.7200000286102295,3.0,2.7200000286102295,3.0,2.896071434020996,27800.0
2023-03-15,PRIN.BK,3.0,3.0,2.700000047683716,2.799999952316284,2.7029998302459717,161700.0
2023-03-16,PRIN.BK,2.640000104904175,2.880000114440918,2.640000104904175,2.6600000858306885,2.6600000858306885,67900.0
2023-03-17,PRIN.BK,2.859999895095825,2.940000057220459,2.7200000286102295,2.819999933242798,2.819999933242798,20300.0
2023-03-20,PRIN.BK,2.819999933242798,2.9200000762939453,2.740000009536743,2.7799999713897705,2.7799999713897705,58000.0
2023-03-21,PRIN.BK,2.7799999713897705,3.180000066757202,2.7799999713897705,2.859999895095825,2.859999895095825,25800.0
2023-03-22,PRIN.BK,2.859999895095825,2.9800000190734863,2.8399999141693115,2.8399999141693115,2.8399999141693115,23200.0
2023-03-23,PRIN.BK,2.9800000190734863,2.9800000190734863,2.9200000762939453,2.940000057220459,2.940000057220459,5400.0
2023-03-24,PRIN.BK,3.0999999046325684,3.0999999046325684,2.819999933242798,2.9800000190734863,2.9800000190734863,14200.0
2023-03-27,PRIN.BK,3.059999942779541,3.059999942779541,2.8399999141693115,3.0,3.0,32000.0
2023-03-28,PRIN.BK,3.0,3.0,2.9000000953674316,2.9600000381469727,2.9600000381469727,19600.0
2023-03-29,PRIN.BK,2.9600000381469727,3.0,2.819999933242798,3.0,3.0,8500.0
2023-03-30,PRIN.BK,2.8399999141693115,2.9800000190734863,2.8399999141693115,2.9800000190734863,2.9800000190734863,3000.0
2023-03-31,PRIN.BK,3.0,3.0,3.0,3.0,3.0,100.0
2023-04-03,PRIN.BK,3.0199999809265137,3.0199999809265137,3.0199999809265137,3.0199999809265137,3.0199999809265137,100.0
2023-04-04,PRIN.BK,2.880000114440918,3.0,2.880000114440918,2.9000000953674316,2.9000000953674316,1100.0
2023-04-05,PRIN.BK,2.8399999141693115,2.9800000190734863,2.799999952316284,2.880000114440918,2.880000114440918,11000.0
2023-04-07,PRIN.BK,2.9000000953674316,3.059999942779541,2.9000000953674316,3.059999942779541,3.059999942779541,4300.0
2023-04-10,PRIN.BK,2.9000000953674316,3.0,2.859999895095825,2.9600000381469727,2.9600000381469727,3300.0
2023-04-11,PRIN.BK,2.9600000381469727,2.9800000190734863,2.880000114440918,2.9800000190734863,2.9800000190734863,3400.0
2023-04-12,PRIN.BK,3.0,3.059999942779541,3.0,3.059999942779541,3.059999942779541,500.0
2023-04-17,PRIN.BK,2.9000000953674316,3.0199999809265137,2.880000114440918,2.880000114440918,2.880000114440918,52700.0
2023-04-18,PRIN.BK,3.0399999618530273,3.0399999618530273,2.9000000953674316,2.9200000762939453,2.9200000762939453,1900.0
2023-04-19,PRIN.BK,2.9200000762939453,3.0,2.8399999141693115,3.0,3.0,16900.0
2023-04-20,PRIN.BK,3.059999942779541,3.059999942779541,2.880000114440918,2.880000114440918,2.880000114440918,5600.0
2023-04-21,PRIN.BK,3.0399999618530273,3.0399999618530273,2.8399999141693115,2.880000114440918,2.880000114440918,19300.0
2023-04-24,PRIN.BK,3.0,3.059999942779541,2.940000057220459,2.940000057220459,2.940000057220459,37900.0
2023-04-25,PRIN.BK,2.940000057220459,3.0399999618530273,2.880000114440918,3.0,3.0,202200.0
2023-04-26,PRIN.BK,3.0,3.059999942779541,2.9000000953674316,2.9800000190734863,2.9800000190734863,1500.0
2023-04-27,PRIN.BK,3.0199999809265137,3.0199999809265137,2.9600000381469727,3.0,3.0,400.0
2023-04-28,PRIN.BK,2.9800000190734863,2.9800000190734863,2.9000000953674316,2.9000000953674316,2.9000000953674316,324300.0
2023-05-02,PRIN.BK,2.819999933242798,2.9000000953674316,2.819999933242798,2.9000000953674316,2.9000000953674316,4500.0
2023-05-03,PRIN.BK,3.0199999809265137,3.0199999809265137,2.880000114440918,2.880000114440918,2.880000114440918,300.0
2023-05-08,PRIN.BK,3.0,3.0,2.9200000762939453,2.9200000762939453,2.9200000762939453,200.0
2023-05-09,PRIN.BK,2.9200000762939453,2.9200000762939453,2.759999990463257,2.9200000762939453,2.9200000762939453,1000.0
2023-05-10,PRIN.BK,2.9200000762939453,2.940000057220459,2.680000066757202,2.7200000286102295,2.7200000286102295,73200.0
2023-05-11,PRIN.BK,2.700000047683716,2.7799999713897705,2.680000066757202,2.7200000286102295,2.7200000286102295,12100.0
2023-05-12,PRIN.BK,2.700000047683716,2.700000047683716,2.559999942779541,2.619999885559082,2.619999885559082,12000.0
2023-05-15,PRIN.BK,2.619999885559082,2.680000066757202,2.5999999046325684,2.6600000858306885,2.6600000858306885,4600.0
2023-05-16,PRIN.BK,2.5999999046325684,2.700000047683716,2.5999999046325684,2.700000047683716,2.700000047683716,20800.0
2023-05-17,PRIN.BK,2.700000047683716,2.700000047683716,2.5999999046325684,2.680000066757202,2.680000066757202,14900.0
2023-05-18,PRIN.BK,2.5999999046325684,2.6600000858306885,2.5999999046325684,2.619999885559082,2.619999885559082,124300.0
2023-05-19,PRIN.BK,2.680000066757202,2.680000066757202,2.5999999046325684,2.640000104904175,2.640000104904175,227600.0
2023-05-22,PRIN.BK,2.5999999046325684,2.6600000858306885,2.559999942779541,2.640000104904175,2.640000104904175,30000.0
2023-05-23,PRIN.BK,2.759999990463257,2.759999990463257,2.5399999618530273,2.6600000858306885,2.6600000858306885,4100.0
2023-05-24,PRIN.BK,2.7200000286102295,2.7200000286102295,2.640000104904175,2.640000104904175,2.640000104904175,1000.0
2023-05-25,PRIN.BK,2.640000104904175,2.7799999713897705,2.5999999046325684,2.640000104904175,2.640000104904175,1600.0
2023-05-26,PRIN.BK,2.5999999046325684,2.7799999713897705,2.5999999046325684,2.619999885559082,2.619999885559082,7100.0
2023-05-29,PRIN.BK,2.5999999046325684,2.799999952316284,2.5999999046325684,2.619999885559082,2.619999885559082,5500.0
2023-05-30,PRIN.BK,2.700000047683716,2.799999952316284,2.619999885559082,2.680000066757202,2.680000066757202,6000.0
2023-05-31,PRIN.BK,2.740000009536743,2.740000009536743,2.5,2.5799999237060547,2.5799999237060547,4500.0
2023-06-01,PRIN.BK,2.640000104904175,2.640000104904175,2.5,2.5999999046325684,2.5999999046325684,3900.0
2023-06-02,PRIN.BK,2.5799999237060547,2.680000066757202,2.5,2.5999999046325684,2.5999999046325684,29900.0
2023-06-06,PRIN.BK,2.5999999046325684,2.740000009536743,2.5199999809265137,2.5999999046325684,2.5999999046325684,5900.0
2023-06-07,PRIN.BK,2.680000066757202,2.7200000286102295,2.6600000858306885,2.6600000858306885,2.6600000858306885,2300.0
2023-06-08,PRIN.BK,2.619999885559082,2.619999885559082,2.5999999046325684,2.619999885559082,2.619999885559082,1100.0
2023-06-09,PRIN.BK,2.680000066757202,2.680000066757202,2.4000000953674316,2.5,2.5,2162700.0
2023-06-12,PRIN.BK,2.4800000190734863,2.799999952316284,2.4800000190734863,2.5999999046325684,2.5999999046325684,84300.0
2023-06-13,PRIN.BK,2.5799999237060547,2.6600000858306885,2.5199999809265137,2.5999999046325684,2.5999999046325684,61100.0
2023-06-14,PRIN.BK,2.619999885559082,2.6600000858306885,2.5399999618530273,2.619999885559082,2.619999885559082,67400.0
2023-06-15,PRIN.BK,2.5799999237060547,2.640000104904175,2.559999942779541,2.5799999237060547,2.5799999237060547,38300.0
2023-06-16,PRIN.BK,2.5999999046325684,2.7799999713897705,2.5999999046325684,2.5799999237060547,2.5799999237060547,500.0
2023-06-19,PRIN.BK,2.5799999237060547,2.619999885559082,2.4800000190734863,2.5799999237060547,2.5799999237060547,27900.0
2023-06-20,PRIN.BK,2.5999999046325684,2.680000066757202,2.559999942779541,2.559999942779541,2.559999942779541,500.0
2023-06-21,PRIN.BK,2.559999942779541,2.559999942779541,2.559999942779541,2.559999942779541,2.559999942779541,0.0
2023-06-22,PRIN.BK,2.559999942779541,2.5999999046325684,2.559999942779541,2.5999999046325684,2.5999999046325684,19400.0
2023-06-23,PRIN.BK,2.5999999046325684,2.740000009536743,2.559999942779541,2.5799999237060547,2.5799999237060547,31400.0
2023-06-26,PRIN.BK,2.5999999046325684,2.5999999046325684,2.559999942779541,2.5999999046325684,2.5999999046325684,10200.0
2023-06-27,PRIN.BK,2.5799999237060547,2.5799999237060547,2.559999942779541,2.559999942779541,2.559999942779541,10100.0
2023-06-28,PRIN.BK,2.559999942779541,2.5799999237060547,2.559999942779541,2.5799999237060547,2.5799999237060547,10100.0
2023-06-29,PRIN.BK,2.559999942779541,2.799999952316284,2.559999942779541,2.619999885559082,2.619999885559082,2300.0
2023-06-30,PRIN.BK,2.619999885559082,2.619999885559082,2.619999885559082,2.619999885559082,2.619999885559082,200.0
2023-07-03,PRIN.BK,2.559999942779541,2.619999885559082,2.559999942779541,2.619999885559082,2.619999885559082,2100.0
2023-07-04,PRIN.BK,2.4800000190734863,2.700000047683716,2.4800000190734863,2.5999999046325684,2.5999999046325684,17300.0
2023-07-05,PRIN.BK,2.5399999618530273,2.640000104904175,2.5399999618530273,2.640000104904175,2.640000104904175,4100.0
2023-07-06,PRIN.BK,2.5,2.859999895095825,2.5,2.859999895095825,2.859999895095825,8000.0
2023-07-07,PRIN.BK,2.859999895095825,2.859999895095825,2.5999999046325684,2.640000104904175,2.640000104904175,186800.0
2023-07-10,PRIN.BK,2.9800000190734863,2.9800000190734863,2.619999885559082,2.5999999046325684,2.5999999046325684,35000.0
2023-07-11,PRIN.BK,2.5999999046325684,2.799999952316284,2.5999999046325684,2.700000047683716,2.700000047683716,3100.0
2023-07-12,PRIN.BK,2.640000104904175,2.6600000858306885,2.5999999046325684,2.6600000858306885,2.6600000858306885,116100.0
2023-07-13,PRIN.BK,2.5999999046325684,2.740000009536743,2.5999999046325684,2.740000009536743,2.740000009536743,600.0
2023-07-14,PRIN.BK,2.619999885559082,2.740000009536743,2.619999885559082,2.6600000858306885,2.6600000858306885,55800.0
2023-07-17,PRIN.BK,2.6600000858306885,2.6600000858306885,2.6600000858306885,2.6600000858306885,2.6600000858306885,0.0
2023-07-18,PRIN.BK,2.5999999046325684,2.6600000858306885,2.5999999046325684,2.6600000858306885,2.6600000858306885,400.0
2023-07-19,PRIN.BK,2.6600000858306885,2.7200000286102295,2.6600000858306885,2.6600000858306885,2.6600000858306885,600.0
2023-07-20,PRIN.BK,2.6600000858306885,2.680000066757202,2.6600000858306885,2.6600000858306885,2.6600000858306885,14800.0
2023-07-21,PRIN.BK,2.6600000858306885,2.6600000858306885,2.6600000858306885,2.6600000858306885,2.6600000858306885,2300.0
2023-07-24,PRIN.BK,2.680000066757202,2.680000066757202,2.680000066757202,2.680000066757202,2.680000066757202,8800.0
2023-07-25,PRIN.BK,2.680000066757202,2.680000066757202,2.680000066757202,2.680000066757202,2.680000066757202,0.0
2023-07-26,PRIN.BK,2.680000066757202,2.700000047683716,2.680000066757202,2.700000047683716,2.700000047683716,16000.0
2023-07-27,PRIN.BK,2.700000047683716,2.700000047683716,2.700000047683716,2.700000047683716,2.700000047683716,30000.0
2023-07-31,PRIN.BK,2.8399999141693115,2.8399999141693115,2.8399999141693115,2.8399999141693115,2.8399999141693115,1000.0
2023-08-02,PRIN.BK,2.740000009536743,2.740000009536743,2.700000047683716,2.740000009536743,2.740000009536743,2510100.0
2023-08-03,PRIN.BK,2.7799999713897705,2.799999952316284,2.7200000286102295,2.7200000286102295,2.7200000286102295,61000.0
2023-08-04,PRIN.BK,2.7200000286102295,2.759999990463257,2.7200000286102295,2.759999990463257,2.759999990463257,50300.0
2023-08-07,PRIN.BK,2.7200000286102295,2.759999990463257,2.7200000286102295,2.759999990463257,2.759999990463257,57500.0
2023-08-08,PRIN.BK,2.759999990463257,2.759999990463257,2.740000009536743,2.759999990463257,2.759999990463257,171400.0
2023-08-09,PRIN.BK,2.759999990463257,2.759999990463257,2.759999990463257,2.759999990463257,2.759999990463257,0.0
2023-08-10,PRIN.BK,2.740000009536743,2.799999952316284,2.700000047683716,2.799999952316284,2.799999952316284,54100.0
2023-08-11,PRIN.BK,2.740000009536743,2.7799999713897705,2.4000000953674316,2.700000047683716,2.700000047683716,329300.0
2023-08-15,PRIN.BK,2.700000047683716,2.7799999713897705,2.700000047683716,2.7200000286102295,2.7200000286102295,114400.0
2023-08-16,PRIN.BK,2.7200000286102295,2.7200000286102295,2.7200000286102295,2.7200000286102295,2.7200000286102295,0.0
2023-08-17,PRIN.BK,2.740000009536743,2.7799999713897705,2.740000009536743,2.740000009536743,2.740000009536743,38100.0
2023-08-18,PRIN.BK,2.740000009536743,2.759999990463257,2.700000047683716,2.759999990463257,2.759999990463257,18200.0
2023-08-21,PRIN.BK,2.700000047683716,2.740000009536743,2.700000047683716,2.740000009536743,2.740000009536743,7500.0
2023-08-22,PRIN.BK,2.740000009536743,2.740000009536743,2.740000009536743,2.740000009536743,2.740000009536743,0.0
2023-08-23,PRIN.BK,2.740000009536743,2.740000009536743,2.740000009536743,2.759999990463257,2.759999990463257,6700.0
2023-08-24,PRIN.BK,2.740000009536743,2.740000009536743,2.740000009536743,2.740000009536743,2.740000009536743,30200.0
2023-08-25,PRIN.BK,2.759999990463257,2.7799999713897705,2.759999990463257,2.759999990463257,2.759999990463257,42700.0
2023-08-28,PRIN.BK,2.759999990463257,2.759999990463257,2.759999990463257,2.759999990463257,2.759999990463257,1000.0
2023-08-29,PRIN.BK,2.7799999713897705,2.7799999713897705,2.740000009536743,2.759999990463257,2.759999990463257,58200.0
2023-08-30,PRIN.BK,2.759999990463257,2.799999952316284,2.759999990463257,2.799999952316284,2.799999952316284,55000.0
2023-08-31,PRIN.BK,2.7799999713897705,2.819999933242798,2.7200000286102295,2.819999933242798,2.819999933242798,148900.0
2023-09-01,PRIN.BK,2.740000009536743,2.819999933242798,2.740000009536743,2.740000009536743,2.740000009536743,1300.0
2023-09-04,PRIN.BK,2.740000009536743,2.759999990463257,2.740000009536743,2.740000009536743,2.740000009536743,16100.0
2023-09-05,PRIN.BK,2.740000009536743,2.799999952316284,2.740000009536743,2.799999952316284,2.799999952316284,5000.0
2023-09-06,PRIN.BK,2.740000009536743,2.799999952316284,2.740000009536743,2.7799999713897705,2.7799999713897705,110900.0
2023-09-07,PRIN.BK,2.7799999713897705,2.799999952316284,2.7799999713897705,2.799999952316284,2.799999952316284,15300.0
2023-09-08,PRIN.BK,2.759999990463257,2.799999952316284,2.759999990463257,2.819999933242798,2.819999933242798,25600.0
2023-09-11,PRIN.BK,2.799999952316284,2.799999952316284,2.799999952316284,2.819999933242798,2.819999933242798,2100.0
2023-09-12,PRIN.BK,2.819999933242798,2.819999933242798,2.799999952316284,2.819999933242798,2.819999933242798,34800.0
2023-09-13,PRIN.BK,2.819999933242798,2.819999933242798,2.819999933242798,2.819999933242798,2.819999933242798,100.0
2023-09-14,PRIN.BK,2.8399999141693115,2.8399999141693115,2.819999933242798,2.819999933242798,2.819999933242798,60500.0
2023-09-15,PRIN.BK,2.819999933242798,2.8399999141693115,2.819999933242798,2.8399999141693115,2.8399999141693115,200.0
2023-09-18,PRIN.BK,2.799999952316284,2.859999895095825,2.799999952316284,2.859999895095825,2.859999895095825,10100.0
2023-09-19,PRIN.BK,2.799999952316284,2.880000114440918,2.799999952316284,2.880000114440918,2.880000114440918,200600.0
2023-09-20,PRIN.BK,2.819999933242798,3.0399999618530273,2.819999933242798,2.9600000381469727,2.9600000381469727,100200.0
2023-09-21,PRIN.BK,2.9600000381469727,3.0,2.9000000953674316,3.0199999809265137,3.0199999809265137,49500.0
2023-09-22,PRIN.BK,3.0,3.0199999809265137,3.0,2.9000000953674316,2.9000000953674316,11600.0
2023-09-25,PRIN.BK,2.9000000953674316,2.9800000190734863,2.9000000953674316,2.9200000762939453,2.9200000762939453,38000.0
2023-09-26,PRIN.BK,3.0,3.0199999809265137,3.0,2.9200000762939453,2.9200000762939453,12100.0
2023-09-27,PRIN.BK,3.0,3.0,2.880000114440918,2.9800000190734863,2.9800000190734863,12300.0
2023-09-28,PRIN.BK,2.880000114440918,3.0199999809265137,2.880000114440918,2.880000114440918,2.880000114440918,22600.0
2023-09-29,PRIN.BK,2.880000114440918,3.0,2.880000114440918,3.0,3.0,23600.0
2023-10-02,PRIN.BK,3.0,3.0,3.0,3.0,3.0,400.0
2023-10-03,PRIN.BK,2.7799999713897705,2.9800000190734863,2.7799999713897705,2.9600000381469727,2.9600000381469727,19300.0
2023-10-04,PRIN.BK,2.819999933242798,2.9600000381469727,2.819999933242798,2.9600000381469727,2.9600000381469727,300.0
2023-10-05,PRIN.BK,2.880000114440918,2.9200000762939453,2.859999895095825,2.9200000762939453,2.9200000762939453,17400.0
2023-10-06,PRIN.BK,2.880000114440918,2.9600000381469727,2.880000114440918,2.940000057220459,2.940000057220459,11900.0
2023-10-09,PRIN.BK,2.8399999141693115,2.9200000762939453,2.8399999141693115,2.9200000762939453,2.9200000762939453,18100.0
2023-10-10,PRIN.BK,2.9600000381469727,2.9600000381469727,2.9600000381469727,2.9600000381469727,2.9600000381469727,100.0
2023-10-11,PRIN.BK,2.9600000381469727,2.9600000381469727,2.9600000381469727,2.9600000381469727,2.9600000381469727,8700.0
2023-10-12,PRIN.BK,2.9600000381469727,2.9600000381469727,2.9600000381469727,2.9600000381469727,2.9600000381469727,0.0
2023-10-16,PRIN.BK,2.940000057220459,2.940000057220459,2.9000000953674316,2.9000000953674316,2.9000000953674316,20100.0
2023-10-17,PRIN.BK,2.9000000953674316,2.9000000953674316,2.9000000953674316,2.9000000953674316,2.9000000953674316,0.0
2023-10-18,PRIN.BK,2.9000000953674316,2.9000000953674316,2.9000000953674316,2.9000000953674316,2.9000000953674316,0.0
2023-10-19,PRIN.BK,2.9000000953674316,2.9000000953674316,2.9000000953674316,2.9000000953674316,2.9000000953674316,0.0
2023-10-20,PRIN.BK,2.880000114440918,2.9000000953674316,2.880000114440918,2.9000000953674316,2.9000000953674316,50100.0
2023-10-24,PRIN.BK,2.9000000953674316,2.9000000953674316,2.9000000953674316,2.9000000953674316,2.9000000953674316,1500.0
2023-10-25,PRIN.BK,2.9000000953674316,2.9000000953674316,2.9000000953674316,2.9000000953674316,2.9000000953674316,0.0
2023-10-26,PRIN.BK,2.859999895095825,2.859999895095825,2.799999952316284,2.799999952316284,2.799999952316284,186300.0
2023-10-27,PRIN.BK,2.799999952316284,2.819999933242798,2.759999990463257,2.799999952316284,2.799999952316284,99000.0
2023-10-30,PRIN.BK,2.799999952316284,2.799999952316284,2.799999952316284,2.799999952316284,2.799999952316284,0.0
2023-10-31,PRIN.BK,2.819999933242798,2.859999895095825,2.799999952316284,2.799999952316284,2.799999952316284,71800.0
2023-11-01,PRIN.BK,2.819999933242798,2.8399999141693115,2.819999933242798,2.8399999141693115,2.8399999141693115,25200.0
2023-11-02,PRIN.BK,2.880000114440918,2.880000114440918,2.880000114440918,2.880000114440918,2.880000114440918,100.0
2023-11-03,PRIN.BK,2.9000000953674316,2.9000000953674316,2.880000114440918,2.880000114440918,2.880000114440918,353000.0
2023-11-06,PRIN.BK,2.9000000953674316,2.9000000953674316,2.9000000953674316,2.9000000953674316,2.9000000953674316,172200.0
2023-11-07,PRIN.BK,2.9000000953674316,2.9000000953674316,2.819999933242798,2.9000000953674316,2.9000000953674316,51500.0
2023-11-08,PRIN.BK,2.9000000953674316,2.9000000953674316,2.9000000953674316,2.9000000953674316,2.9000000953674316,53000.0
2023-11-09,PRIN.BK,2.9000000953674316,2.9000000953674316,2.880000114440918,2.880000114440918,2.880000114440918,73500.0
2023-11-10,PRIN.BK,2.880000114440918,2.9000000953674316,2.8399999141693115,2.8399999141693115,2.8399999141693115,97700.0
2023-11-13,PRIN.BK,2.8399999141693115,2.880000114440918,2.8399999141693115,2.880000114440918,2.880000114440918,100000.0
2023-11-14,PRIN.BK,2.880000114440918,2.9000000953674316,2.880000114440918,2.9000000953674316,2.9000000953674316,4034400.0
2023-11-15,PRIN.BK,2.880000114440918,2.9000000953674316,2.880000114440918,2.9000000953674316,2.9000000953674316,1258500.0
2023-11-16,PRIN.BK,2.880000114440918,2.9000000953674316,2.880000114440918,2.9000000953674316,2.9000000953674316,300000.0
2023-11-17,PRIN.BK,2.880000114440918,2.9000000953674316,2.880000114440918,2.9000000953674316,2.9000000953674316,100100.0
2023-11-20,PRIN.BK,2.880000114440918,2.880000114440918,2.880000114440918,2.880000114440918,2.880000114440918,300.0
2023-11-21,PRIN.BK,2.880000114440918,2.9000000953674316,2.880000114440918,2.9000000953674316,2.9000000953674316,710000.0
2023-11-22,PRIN.BK,2.9000000953674316,2.9000000953674316,2.880000114440918,2.9000000953674316,2.9000000953674316,251400.0
2023-11-23,PRIN.BK,2.9000000953674316,2.9000000953674316,2.880000114440918,2.880000114440918,2.880000114440918,341700.0
2023-11-24,PRIN.BK,2.880000114440918,2.880000114440918,2.880000114440918,2.880000114440918,2.880000114440918,50600.0
2023-11-27,PRIN.BK,2.880000114440918,2.880000114440918,2.880000114440918,2.880000114440918,2.880000114440918,50000.0
2023-11-28,PRIN.BK,2.880000114440918,2.880000114440918,2.880000114440918,2.880000114440918,2.880000114440918,50500.0
2023-11-29,PRIN.BK,2.859999895095825,2.9000000953674316,2.859999895095825,2.880000114440918,2.880000114440918,2840900.0
2023-11-30,PRIN.BK,2.880000114440918,2.940000057220459,2.880000114440918,2.940000057220459,2.940000057220459,1400.0
2023-12-01,PRIN.BK,2.9200000762939453,2.9200000762939453,2.9000000953674316,2.9200000762939453,2.9200000762939453,44000.0
2023-12-04,PRIN.BK,2.9000000953674316,2.9000000953674316,2.9000000953674316,2.9000000953674316,2.9000000953674316,50500.0
2023-12-06,PRIN.BK,2.9000000953674316,2.9200000762939453,2.9000000953674316,2.9200000762939453,2.9200000762939453,600.0
2023-12-07,PRIN.BK,2.9000000953674316,2.9000000953674316,2.9000000953674316,2.9000000953674316,2.9000000953674316,500.0
2023-12-08,PRIN.BK,2.9000000953674316,2.9000000953674316,2.9000000953674316,2.9000000953674316,2.9000000953674316,500.0
2023-12-12,PRIN.BK,2.740000009536743,2.9000000953674316,2.740000009536743,2.9000000953674316,2.9000000953674316,2400.0
2023-12-13,PRIN.BK,2.880000114440918,2.880000114440918,2.819999933242798,2.819999933242798,2.819999933242798,20100.0
2023-12-14,PRIN.BK,2.8399999141693115,2.9000000953674316,2.8399999141693115,2.9000000953674316,2.9000000953674316,5000.0
2023-12-15,PRIN.BK,2.9000000953674316,2.9000000953674316,2.9000000953674316,2.9000000953674316,2.9000000953674316,200.0
2023-12-18,PRIN.BK,2.8399999141693115,2.9200000762939453,2.8399999141693115,2.9200000762939453,2.9200000762939453,500.0
2023-12-19,PRIN.BK,2.9200000762939453,2.9200000762939453,2.9200000762939453,2.9200000762939453,2.9200000762939453,0.0
2023-12-20,PRIN.BK,2.9200000762939453,2.940000057220459,2.9200000762939453,2.940000057220459,2.940000057220459,400.0
2023-12-21,PRIN.BK,2.940000057220459,2.940000057220459,2.940000057220459,2.940000057220459,2.940000057220459,0.0
2023-12-22,PRIN.BK,2.940000057220459,2.940000057220459,2.940000057220459,2.940000057220459,2.940000057220459,0.0
2023-12-25,PRIN.BK,2.9000000953674316,2.9200000762939453,2.9000000953674316,2.9200000762939453,2.9200000762939453,11000.0
2023-12-26,PRIN.BK,2.9200000762939453,2.9600000381469727,2.9200000762939453,2.9600000381469727,2.9600000381469727,300.0
2023-12-27,PRIN.BK,2.819999933242798,2.9800000190734863,2.819999933242798,2.9800000190734863,2.9800000190734863,700.0
2023-12-28,PRIN.BK,2.9000000953674316,2.940000057220459,2.9000000953674316,2.9000000953674316,2.9000000953674316,2880300.0
2024-01-03,PRIN.BK,2.9000000953674316,2.940000057220459,2.9000000953674316,2.940000057220459,2.940000057220459,1300.0
2024-01-04,PRIN.BK,2.9000000953674316,2.940000057220459,2.9000000953674316,2.940000057220459,2.940000057220459,460100.0
2024-01-05,PRIN.BK,2.940000057220459,2.940000057220459,2.940000057220459,2.940000057220459,2.940000057220459,0.0
2024-01-08,PRIN.BK,2.940000057220459,2.940000057220459,2.880000114440918,2.9200000762939453,2.9200000762939453,32800.0
2024-01-09,PRIN.BK,2.9000000953674316,2.9000000953674316,2.9000000953674316,2.9000000953674316,2.9000000953674316,27700.0
2024-01-10,PRIN.BK,2.880000114440918,2.9000000953674316,2.880000114440918,2.9000000953674316,2.9000000953674316,3900.0
2024-01-11,PRIN.BK,2.9000000953674316,2.9000000953674316,2.9000000953674316,2.9000000953674316,2.9000000953674316,29600.0
2024-01-12,PRIN.BK,2.9000000953674316,2.9200000762939453,2.9000000953674316,2.9200000762939453,2.9200000762939453,12500.0
2024-01-15,PRIN.BK,2.9000000953674316,2.9000000953674316,2.880000114440918,2.880000114440918,2.880000114440918,41900.0
2024-01-16,PRIN.BK,2.9000000953674316,2.9200000762939453,2.880000114440918,2.9000000953674316,2.9000000953674316,176900.0
2024-01-17,PRIN.BK,2.9200000762939453,2.9200000762939453,2.880000114440918,2.9000000953674316,2.9000000953674316,107700.0
2024-01-18,PRIN.BK,2.9000000953674316,2.940000057220459,2.9000000953674316,2.940000057220459,2.940000057220459,50700.0
2024-01-19,PRIN.BK,2.9000000953674316,2.9000000953674316,2.9000000953674316,2.9000000953674316,2.9000000953674316,100.0
2024-01-22,PRIN.BK,2.9000000953674316,2.9000000953674316,2.9000000953674316,2.9000000953674316,2.9000000953674316,0.0
2024-01-23,PRIN.BK,2.9200000762939453,2.940000057220459,2.9200000762939453,2.940000057220459,2.940000057220459,3400.0
2024-01-24,PRIN.BK,2.940000057220459,2.9800000190734863,2.940000057220459,2.940000057220459,2.940000057220459,6300.0
2024-01-25,PRIN.BK,2.880000114440918,2.9600000381469727,2.880000114440918,2.9600000381469727,2.9600000381469727,20300.0
2024-01-26,PRIN.BK,2.9000000953674316,3.0,2.9000000953674316,3.0,3.0,2900.0
2024-01-29,PRIN.BK,3.0,3.0,3.0,3.0,3.0,0.0
2024-01-30,PRIN.BK,3.0,3.0,3.0,3.0,3.0,0.0
2024-01-31,PRIN.BK,2.940000057220459,2.940000057220459,2.940000057220459,2.940000057220459,2.940000057220459,100.0
2024-02-01,PRIN.BK,2.940000057220459,2.940000057220459,2.880000114440918,2.940000057220459,2.940000057220459,59700.0
2024-02-02,PRIN.BK,2.9800000190734863,2.9800000190734863,2.880000114440918,2.880000114440918,2.880000114440918,1000.0
2024-02-05,PRIN.BK,2.9800000190734863,2.9800000190734863,2.9600000381469727,2.9600000381469727,2.9600000381469727,500.0
2024-02-06,PRIN.BK,2.9800000190734863,2.9800000190734863,2.9800000190734863,2.9800000190734863,2.9800000190734863,200.0
2024-02-07,PRIN.BK,2.5999999046325684,2.9800000190734863,2.5999999046325684,2.9800000190734863,2.9800000190734863,5600.0
2024-02-08,PRIN.BK,2.9800000190734863,2.9800000190734863,2.9800000190734863,2.9800000190734863,2.9800000190734863,10200.0
2024-02-09,PRIN.BK,2.940000057220459,2.9800000190734863,2.940000057220459,2.9800000190734863,2.9800000190734863,600.0
2024-02-12,PRIN.BK,2.9800000190734863,2.9800000190734863,2.9600000381469727,2.9600000381469727,2.9600000381469727,600.0
2024-02-13,PRIN.BK,2.940000057220459,2.940000057220459,2.940000057220459,2.940000057220459,2.940000057220459,500.0
2024-02-14,PRIN.BK,2.9600000381469727,2.9600000381469727,2.9600000381469727,2.9600000381469727,2.9600000381469727,400.0
2024-02-15,PRIN.BK,2.759999990463257,2.819999933242798,2.759999990463257,2.819999933242798,2.819999933242798,400.0
2024-02-16,PRIN.BK,2.8399999141693115,2.940000057220459,2.8399999141693115,2.940000057220459,2.940000057220459,12300.0
2024-02-19,PRIN.BK,2.9800000190734863,2.9800000190734863,2.5999999046325684,2.9800000190734863,2.9800000190734863,17300.0
2024-02-20,PRIN.BK,2.9800000190734863,2.9800000190734863,2.9800000190734863,2.9800000190734863,2.9800000190734863,5000.0
2024-02-21,PRIN.BK,2.9800000190734863,2.9800000190734863,2.9800000190734863,2.9800000190734863,2.9800000190734863,0.0
2024-02-22,PRIN.BK,2.819999933242798,2.9600000381469727,2.819999933242798,2.9600000381469727,2.9600000381469727,27600.0
2024-02-23,PRIN.BK,2.9600000381469727,2.9600000381469727,2.799999952316284,2.819999933242798,2.819999933242798,79200.0
2024-02-27,PRIN.BK,2.819999933242798,2.8399999141693115,2.680000066757202,2.680000066757202,2.680000066757202,17600.0
2024-02-28,PRIN.BK,2.819999933242798,2.819999933242798,2.759999990463257,2.759999990463257,2.759999990463257,106400.0
2024-02-29,PRIN.BK,2.8399999141693115,2.8399999141693115,2.7200000286102295,2.799999952316284,2.799999952316284,60600.0
2024-03-01,PRIN.BK,2.7799999713897705,2.7799999713897705,2.740000009536743,2.740000009536743,2.740000009536743,76000.0
2024-03-04,PRIN.BK,2.740000009536743,2.740000009536743,2.5799999237060547,2.619999885559082,2.619999885559082,175300.0
2024-03-05,PRIN.BK,2.740000009536743,2.740000009536743,2.700000047683716,2.7200000286102295,2.7200000286102295,13400.0
2024-03-06,PRIN.BK,2.740000009536743,2.799999952316284,2.740000009536743,2.799999952316284,2.799999952316284,2600.0
2024-03-07,PRIN.BK,2.8399999141693115,2.8399999141693115,2.819999933242798,2.819999933242798,2.819999933242798,200.0
2024-03-08,PRIN.BK,2.640000104904175,2.819999933242798,2.640000104904175,2.819999933242798,2.819999933242798,400.0
2024-03-11,PRIN.BK,2.8399999141693115,2.859999895095825,2.819999933242798,2.819999933242798,2.819999933242798,4400.0
2024-03-12,PRIN.BK,2.819999933242798,2.819999933242798,2.819999933242798,2.819999933242798,2.819999933242798,0.0
2024-03-13,PRIN.BK,2.880000114440918,2.9000000953674316,2.880000114440918,2.9000000953674316,2.9000000953674316,200.0
2024-03-14,PRIN.BK,2.9000000953674316,2.9000000953674316,2.9000000953674316,2.9000000953674316,2.9000000953674316,0.0
2024-03-15,PRIN.BK,2.680000066757202,2.880000114440918,2.680000066757202,2.880000114440918,2.880000114440918,300.0
2024-03-18,PRIN.BK,2.859999895095825,2.859999895095825,2.8399999141693115,2.8399999141693115,2.8399999141693115,800.0
2024-03-19,PRIN.BK,2.819999933242798,2.819999933242798,2.799999952316284,2.799999952316284,2.799999952316284,41000.0
2024-03-20,PRIN.BK,2.799999952316284,2.799999952316284,2.799999952316284,2.799999952316284,2.799999952316284,0.0
2024-03-21,PRIN.BK,2.859999895095825,2.859999895095825,2.859999895095825,2.859999895095825,2.859999895095825,1100.0
2024-03-22,PRIN.BK,2.859999895095825,2.859999895095825,2.859999895095825,2.859999895095825,2.859999895095825,0.0
2024-03-25,PRIN.BK,2.819999933242798,2.819999933242798,2.819999933242798,2.819999933242798,2.819999933242798,6000.0
2024-03-26,PRIN.BK,2.819999933242798,2.819999933242798,2.819999933242798,2.819999933242798,2.819999933242798,0.0
2024-03-27,PRIN.BK,2.819999933242798,2.819999933242798,2.819999933242798,2.819999933242798,2.819999933242798,0.0
2024-03-28,PRIN.BK,2.819999933242798,2.819999933242798,2.819999933242798,2.819999933242798,2.819999933242798,0.0
2024-03-29,PRIN.BK,2.819999933242798,2.819999933242798,2.819999933242798,2.819999933242798,2.819999933242798,0.0
2024-04-01,PRIN.BK,2.9000000953674316,2.9000000953674316,2.9000000953674316,2.9000000953674316,2.9000000953674316,100.0
2024-04-02,PRIN.BK,2.819999933242798,2.819999933242798,2.819999933242798,2.819999933242798,2.819999933242798,10000.0
2024-04-03,PRIN.BK,2.819999933242798,2.819999933242798,2.819999933242798,2.819999933242798,2.819999933242798,0.0
2024-04-04,PRIN.BK,2.819999933242798,2.880000114440918,2.7799999713897705,2.880000114440918,2.880000114440918,75500.0
2024-04-05,PRIN.BK,2.799999952316284,2.819999933242798,2.7799999713897705,2.7799999713897705,2.7799999713897705,31000.0
2024-04-09,PRIN.BK,2.799999952316284,2.819999933242798,2.799999952316284,2.819999933242798,2.819999933242798,300.0
2024-04-10,PRIN.BK,2.819999933242798,2.819999933242798,2.819999933242798,2.819999933242798,2.819999933242798,0.0
2024-04-11,PRIN.BK,2.819999933242798,2.819999933242798,2.819999933242798,2.819999933242798,2.819999933242798,0.0
2024-04-17,PRIN.BK,2.819999933242798,2.819999933242798,2.819999933242798,2.819999933242798,2.819999933242798,0.0
2024-04-18,PRIN.BK,2.819999933242798,2.819999933242798,2.819999933242798,2.819999933242798,2.819999933242798,0.0
2024-04-19,PRIN.BK,2.819999933242798,2.819999933242798,2.819999933242798,2.819999933242798,2.819999933242798,0.0
2024-04-22,PRIN.BK,2.799999952316284,2.799999952316284,2.799999952316284,2.799999952316284,2.799999952316284,20000.0
2024-04-23,PRIN.BK,2.799999952316284,2.799999952316284,2.799999952316284,2.799999952316284,2.799999952316284,0.0
2024-04-24,PRIN.BK,2.799999952316284,2.799999952316284,2.799999952316284,2.799999952316284,2.799999952316284,0.0
2024-04-25,PRIN.BK,2.799999952316284,2.859999895095825,2.7799999713897705,2.859999895095825,2.859999895095825,40500.0
2024-04-26,PRIN.BK,2.819999933242798,2.8399999141693115,2.819999933242798,2.8399999141693115,2.8399999141693115,17300.0
2024-04-29,PRIN.BK,2.8399999141693115,2.8399999141693115,2.8399999141693115,2.8399999141693115,2.8399999141693115,0.0
2024-04-30,PRIN.BK,2.8399999141693115,2.8399999141693115,2.8399999141693115,2.8399999141693115,2.8399999141693115,0.0
2024-05-02,PRIN.BK,2.8399999141693115,2.8399999141693115,2.8399999141693115,2.8399999141693115,2.8399999141693115,0.0
2024-05-03,PRIN.BK,2.819999933242798,2.859999895095825,2.799999952316284,2.859999895095825,2.859999895095825,16100.0
2024-05-07,PRIN.BK,2.859999895095825,2.859999895095825,2.859999895095825,2.859999895095825,2.859999895095825,0.0
2024-05-08,PRIN.BK,2.799999952316284,2.8399999141693115,2.7799999713897705,2.8399999141693115,2.8399999141693115,50100.0
2024-05-09,PRIN.BK,2.8399999141693115,2.9200000762939453,2.8399999141693115,2.9200000762939453,2.9200000762939453,300.0
2024-05-10,PRIN.BK,2.9200000762939453,2.9200000762939453,2.9200000762939453,2.9200000762939453,2.9200000762939453,0.0
2024-05-13,PRIN.BK,2.940000057220459,2.940000057220459,2.940000057220459,2.940000057220459,2.940000057220459,40000.0
2024-05-14,PRIN.BK,2.9000000953674316,2.9000000953674316,2.9000000953674316,2.9000000953674316,2.9000000953674316,1000159.0
2024-05-15,PRIN.BK,2.9000000953674316,2.9000000953674316,2.9000000953674316,2.9000000953674316,2.9000000953674316,0.0
2024-05-16,PRIN.BK,2.9000000953674316,2.9000000953674316,2.9000000953674316,2.9000000953674316,2.9000000953674316,0.0
2024-05-17,PRIN.BK,2.819999933242798,2.9000000953674316,2.799999952316284,2.9000000953674316,2.9000000953674316,28800.0
2024-05-20,PRIN.BK,2.9000000953674316,2.9000000953674316,2.9000000953674316,2.9000000953674316,2.9000000953674316,0.0
2024-05-21,PRIN.BK,2.9000000953674316,2.9000000953674316,2.9000000953674316,2.9000000953674316,2.9000000953674316,0.0
2024-05-23,PRIN.BK,2.819999933242798,2.9000000953674316,2.5199999809265137,2.9000000953674316,2.9000000953674316,3900.0
2024-05-24,PRIN.BK,2.9000000953674316,2.9000000953674316,2.9000000953674316,2.9000000953674316,2.9000000953674316,0.0
2024-05-27,PRIN.BK,2.9000000953674316,2.9000000953674316,2.9000000953674316,2.9000000953674316,2.9000000953674316,0.0
2024-05-28,PRIN.BK,2.799999952316284,2.799999952316284,2.7799999713897705,2.7799999713897705,2.7799999713897705,20600.0
2024-05-29,PRIN.BK,2.880000114440918,2.880000114440918,2.880000114440918,2.880000114440918,2.880000114440918,200.0
2024-05-30,PRIN.BK,2.880000114440918,2.880000114440918,2.880000114440918,2.880000114440918,2.880000114440918,0.0
2024-05-31,PRIN.BK,2.880000114440918,2.880000114440918,2.880000114440918,2.880000114440918,2.880000114440918,0.0
2024-06-04,PRIN.BK,2.859999895095825,2.859999895095825,2.7799999713897705,2.819999933242798,2.819999933242798,41900.0
2024-06-05,PRIN.BK,2.859999895095825,2.9600000381469727,2.859999895095825,2.859999895095825,2.859999895095825,2600.0
2024-06-06,PRIN.BK,2.799999952316284,2.859999895095825,2.7799999713897705,2.859999895095825,2.859999895095825,45400.0
2024-06-07,PRIN.BK,2.859999895095825,2.9200000762939453,2.799999952316284,2.9000000953674316,2.9000000953674316,22000.0
2024-06-10,PRIN.BK,2.9200000762939453,2.9200000762939453,2.9200000762939453,2.9200000762939453,2.9200000762939453,1600.0
2024-06-11,PRIN.BK,2.9600000381469727,2.9600000381469727,2.5999999046325684,2.9000000953674316,2.9000000953674316,2600.0
2024-06-12,PRIN.BK,2.9000000953674316,2.9000000953674316,2.9000000953674316,2.9000000953674316,2.9000000953674316,0.0
2024-06-13,PRIN.BK,2.9000000953674316,2.9000000953674316,2.9000000953674316,2.9000000953674316,2.9000000953674316,0.0
2024-06-14,PRIN.BK,2.799999952316284,2.880000114440918,2.7799999713897705,2.880000114440918,2.880000114440918,50100.0
2024-06-17,PRIN.BK,2.799999952316284,2.940000057220459,2.7799999713897705,2.9000000953674316,2.9000000953674316,45400.0
2024-06-18,PRIN.BK,2.9000000953674316,2.9000000953674316,2.9000000953674316,2.9000000953674316,2.9000000953674316,0.0
2024-06-19,PRIN.BK,2.9000000953674316,2.9000000953674316,2.9000000953674316,2.9000000953674316,2.9000000953674316,0.0
2024-06-20,PRIN.BK,2.9200000762939453,2.9200000762939453,2.759999990463257,2.9200000762939453,2.9200000762939453,51400.0
2024-06-21,PRIN.BK,2.799999952316284,2.9000000953674316,2.759999990463257,2.880000114440918,2.880000114440918,51400.0
2024-06-24,PRIN.BK,2.880000114440918,2.880000114440918,2.880000114440918,2.880000114440918,2.880000114440918,0.0
2024-06-25,PRIN.BK,2.880000114440918,2.880000114440918,2.880000114440918,2.880000114440918,2.880000114440918,0.0
2024-06-26,PRIN.BK,2.880000114440918,2.880000114440918,2.880000114440918,2.880000114440918,2.880000114440918,0.0
2024-06-27,PRIN.BK,2.759999990463257,2.9000000953674316,2.7200000286102295,2.8399999141693115,2.8399999141693115,51500.0
2024-06-28,PRIN.BK,2.759999990463257,2.9000000953674316,2.740000009536743,2.9000000953674316,2.9000000953674316,45200.0
2024-07-01,PRIN.BK,2.9000000953674316,2.9000000953674316,2.9000000953674316,2.9000000953674316,2.9000000953674316,0.0
2024-07-02,PRIN.BK,2.859999895095825,2.859999895095825,2.759999990463257,2.7799999713897705,2.7799999713897705,300.0
2024-07-03,PRIN.BK,2.759999990463257,2.8399999141693115,2.740000009536743,2.8399999141693115,2.8399999141693115,46100.0
2024-07-04,PRIN.BK,2.819999933242798,2.819999933242798,2.700000047683716,2.799999952316284,2.799999952316284,48900.0
2024-07-05,PRIN.BK,2.7200000286102295,2.819999933242798,2.7200000286102295,2.819999933242798,2.819999933242798,20100.0
2024-07-08,PRIN.BK,2.740000009536743,2.7799999713897705,2.700000047683716,2.7799999713897705,2.7799999713897705,47800.0
2024-07-09,PRIN.BK,2.7799999713897705,2.7799999713897705,2.7799999713897705,2.7799999713897705,2.7799999713897705,0.0
2024-07-10,PRIN.BK,2.7200000286102295,2.759999990463257,2.680000066757202,2.759999990463257,2.759999990463257,96200.0
2024-07-11,PRIN.BK,2.759999990463257,2.759999990463257,2.759999990463257,2.759999990463257,2.759999990463257,0.0
2024-07-12,PRIN.BK,2.759999990463257,2.759999990463257,2.759999990463257,2.759999990463257,2.759999990463257,0.0
2024-07-15,PRIN.BK,2.759999990463257,2.759999990463257,2.759999990463257,2.759999990463257,2.759999990463257,0.0
2024-07-16,PRIN.BK,2.7799999713897705,2.7799999713897705,2.7799999713897705,2.7799999713897705,2.7799999713897705,100.0
2024-07-17,PRIN.BK,2.7799999713897705,2.7799999713897705,2.7799999713897705,2.7799999713897705,2.7799999713897705,0.0
2024-07-18,PRIN.BK,2.680000066757202,2.7200000286102295,2.640000104904175,2.640000104904175,2.640000104904175,45300.0
2024-07-19,PRIN.BK,2.759999990463257,2.759999990463257,2.759999990463257,2.759999990463257,2.759999990463257,100.0
2024-07-23,PRIN.BK,2.759999990463257,2.759999990463257,2.759999990463257,2.759999990463257,2.759999990463257,0.0
2024-07-24,PRIN.BK,2.619999885559082,2.759999990463257,2.5999999046325684,2.5999999046325684,2.5999999046325684,26400.0
2024-07-25,PRIN.BK,2.5999999046325684,2.5999999046325684,2.4000000953674316,2.4600000381469727,2.4600000381469727,49600.0
2024-07-26,PRIN.BK,2.4000000953674316,2.4000000953674316,2.4000000953674316,2.4000000953674316,2.4000000953674316,120900.0
2024-07-30,PRIN.BK,2.4000000953674316,2.4000000953674316,2.4000000953674316,2.4000000953674316,2.4000000953674316,0.0
2024-07-31,PRIN.BK,2.4000000953674316,2.4000000953674316,2.380000114440918,2.4000000953674316,2.4000000953674316,20600.0
2024-08-01,PRIN.BK,2.4000000953674316,2.4000000953674316,2.380000114440918,2.4000000953674316,2.4000000953674316,1200.0
2024-08-02,PRIN.BK,2.4000000953674316,2.4000000953674316,2.4000000953674316,2.4000000953674316,2.4000000953674316,0.0
2024-08-05,PRIN.BK,2.4000000953674316,2.4000000953674316,2.4000000953674316,2.4000000953674316,2.4000000953674316,0.0
2024-08-06,PRIN.BK,2.4000000953674316,2.4000000953674316,2.4000000953674316,2.4000000953674316,2.4000000953674316,0.0
2024-08-07,PRIN.BK,2.4000000953674316,2.4000000953674316,2.4000000953674316,2.4000000953674316,2.4000000953674316,0.0
2024-08-08,PRIN.BK,2.4000000953674316,2.4000000953674316,2.4000000953674316,2.4000000953674316,2.4000000953674316,0.0
2024-08-09,PRIN.BK,2.5999999046325684,2.5999999046325684,2.380000114440918,2.380000114440918,2.380000114440918,200.0
2024-08-13,PRIN.BK,2.359999895095825,2.619999885559082,2.359999895095825,2.5799999237060547,2.5799999237060547,82000.0
2024-08-14,PRIN.BK,2.319999933242798,2.5799999237060547,2.319999933242798,2.5799999237060547,2.5799999237060547,2100.0
2024-08-15,PRIN.BK,2.5799999237060547,2.5799999237060547,2.5799999237060547,2.5799999237060547,2.5799999237060547,0.0
2024-08-16,PRIN.BK,2.380000114440918,2.380000114440918,2.380000114440918,2.380000114440918,2.380000114440918,300.0
2024-08-19,PRIN.BK,2.380000114440918,2.380000114440918,2.380000114440918,2.380000114440918,2.380000114440918,0.0
2024-08-20,PRIN.BK,2.380000114440918,2.380000114440918,2.380000114440918,2.380000114440918,2.380000114440918,0.0
2024-08-21,PRIN.BK,2.359999895095825,2.559999942779541,2.359999895095825,2.559999942779541,2.559999942779541,200.0
2024-08-22,PRIN.BK,2.559999942779541,2.559999942779541,2.559999942779541,2.559999942779541,2.559999942779541,0.0
2024-08-23,PRIN.BK,2.440000057220459,2.5,2.359999895095825,2.5,2.5,15300.0
2024-08-26,PRIN.BK,2.5,2.5,2.5,2.5,2.5,0.0
2024-08-27,PRIN.BK,2.5799999237060547,2.5799999237060547,2.5799999237060547,2.5799999237060547,2.5799999237060547,100.0
2024-08-28,PRIN.BK,2.640000104904175,2.640000104904175,2.5999999046325684,2.5999999046325684,2.5999999046325684,300.0
2024-08-29,PRIN.BK,2.5999999046325684,2.5999999046325684,2.5999999046325684,2.5999999046325684,2.5999999046325684,0.0
2024-08-30,PRIN.BK,2.319999933242798,2.559999942779541,2.319999933242798,2.559999942779541,2.559999942779541,200.0
2024-09-02,PRIN.BK,2.559999942779541,2.559999942779541,2.559999942779541,2.559999942779541,2.559999942779541,0.0
2024-09-03,PRIN.BK,2.559999942779541,2.559999942779541,2.559999942779541,2.559999942779541,2.559999942779541,0.0
2024-09-04,PRIN.BK,2.559999942779541,2.559999942779541,2.559999942779541,2.559999942779541,2.559999942779541,0.0
2024-09-05,PRIN.BK,2.380000114440918,2.4000000953674316,2.380000114440918,2.4000000953674316,2.4000000953674316,1000.0
2024-09-06,PRIN.BK,2.4000000953674316,2.4600000381469727,2.4000000953674316,2.4600000381469727,2.4600000381469727,8700.0
2024-09-09,PRIN.BK,2.4600000381469727,2.4600000381469727,2.4600000381469727,2.4600000381469727,2.4600000381469727,0.0
2024-09-10,PRIN.BK,2.4000000953674316,2.4000000953674316,2.4000000953674316,2.4000000953674316,2.4000000953674316,200.0
2024-09-11,PRIN.BK,2.4000000953674316,2.4000000953674316,2.4000000953674316,2.4000000953674316,2.4000000953674316,1200.0
2024-09-12,PRIN.BK,2.4000000953674316,2.4000000953674316,2.380000114440918,2.380000114440918,2.380000114440918,3900.0
2024-09-13,PRIN.BK,2.359999895095825,2.380000114440918,2.359999895095825,2.359999895095825,2.359999895095825,28000.0
2024-09-16,PRIN.BK,2.359999895095825,2.359999895095825,2.359999895095825,2.359999895095825,2.359999895095825,0.0
2024-09-17,PRIN.BK,2.359999895095825,2.359999895095825,2.359999895095825,2.359999895095825,2.359999895095825,0.0
2024-09-18,PRIN.BK,2.359999895095825,2.359999895095825,2.359999895095825,2.359999895095825,2.359999895095825,0.0
2024-09-19,PRIN.BK,2.359999895095825,2.359999895095825,2.359999895095825,2.359999895095825,2.359999895095825,0.0
2024-09-20,PRIN.BK,2.359999895095825,2.359999895095825,2.359999895095825,2.359999895095825,2.359999895095825,0.0
2024-09-23,PRIN.BK,2.319999933242798,2.3399999141693115,2.2799999713897705,2.3399999141693115,2.3399999141693115,2300.0
2024-09-24,PRIN.BK,2.3399999141693115,2.380000114440918,2.3399999141693115,2.3399999141693115,2.3399999141693115,2000.0
2024-09-25,PRIN.BK,2.380000114440918,2.4000000953674316,2.359999895095825,2.359999895095825,2.359999895095825,500.0
2024-09-26,PRIN.BK,2.380000114440918,2.380000114440918,2.3399999141693115,2.3399999141693115,2.3399999141693115,700.0
2024-09-27,PRIN.BK,2.3399999141693115,2.3399999141693115,2.3399999141693115,2.3399999141693115,2.3399999141693115,0.0
2024-09-30,PRIN.BK,2.299999952316284,2.299999952316284,2.299999952316284,2.299999952316284,2.299999952316284,500.0
2024-10-01,PRIN.BK,2.299999952316284,2.299999952316284,2.299999952316284,2.299999952316284,2.299999952316284,0.0
2024-10-02,PRIN.BK,2.299999952316284,2.299999952316284,2.299999952316284,2.299999952316284,2.299999952316284,53800.0
2024-10-03,PRIN.BK,2.299999952316284,2.319999933242798,2.2799999713897705,2.319999933242798,2.319999933242798,500.0
2024-10-04,PRIN.BK,2.319999933242798,2.319999933242798,2.319999933242798,2.319999933242798,2.319999933242798,0.0
2024-10-07,PRIN.BK,2.3399999141693115,2.359999895095825,2.3399999141693115,2.359999895095825,2.359999895095825,2100.0
2024-10-08,PRIN.BK,2.359999895095825,2.359999895095825,2.359999895095825,2.359999895095825,2.359999895095825,0.0
2024-10-09,PRIN.BK,2.3399999141693115,2.3399999141693115,2.3399999141693115,2.3399999141693115,2.3399999141693115,200.0
2024-10-10,PRIN.BK,2.319999933242798,2.319999933242798,2.200000047683716,2.240000009536743,2.240000009536743,10000.0
2024-10-11,PRIN.BK,2.240000009536743,2.240000009536743,2.240000009536743,2.240000009536743,2.240000009536743,0.0
2024-10-15,PRIN.BK,2.200000047683716,2.2200000286102295,2.200000047683716,2.2200000286102295,2.2200000286102295,300.0
2024-10-16,PRIN.BK,2.2200000286102295,2.2200000286102295,2.2200000286102295,2.2200000286102295,2.2200000286102295,0.0
2024-10-17,PRIN.BK,2.259999990463257,2.259999990463257,2.259999990463257,2.259999990463257,2.259999990463257,400.0
2024-10-18,PRIN.BK,2.240000009536743,2.2799999713897705,2.0999999046325684,2.0999999046325684,2.0999999046325684,23100.0
2024-10-21,PRIN.BK,2.140000104904175,2.1600000858306885,2.0999999046325684,2.140000104904175,2.140000104904175,15500.0
2024-10-22,PRIN.BK,2.140000104904175,2.140000104904175,2.140000104904175,2.140000104904175,2.140000104904175,0.0
2024-10-24,PRIN.BK,2.0999999046325684,2.119999885559082,2.0999999046325684,2.119999885559082,2.119999885559082,1200.0
2024-10-25,PRIN.BK,2.119999885559082,2.119999885559082,2.119999885559082,2.119999885559082,2.119999885559082,0.0
2024-10-28,PRIN.BK,2.0999999046325684,2.119999885559082,2.0999999046325684,2.119999885559082,2.119999885559082,1400.0
2024-10-29,PRIN.BK,2.119999885559082,2.119999885559082,2.119999885559082,2.119999885559082,2.119999885559082,0.0
2024-10-30,PRIN.BK,2.119999885559082,2.119999885559082,2.119999885559082,2.119999885559082,2.119999885559082,200.0
2024-10-31,PRIN.BK,2.119999885559082,2.119999885559082,2.119999885559082,2.119999885559082,2.119999885559082,0.0
2024-11-01,PRIN.BK,2.119999885559082,2.119999885559082,2.119999885559082,2.119999885559082,2.119999885559082,0.0
2024-11-04,PRIN.BK,2.119999885559082,2.119999885559082,2.119999885559082,2.119999885559082,2.119999885559082,0.0
2024-11-05,PRIN.BK,2.0999999046325684,2.119999885559082,2.0999999046325684,2.119999885559082,2.119999885559082,300.0
2024-11-06,PRIN.BK,2.0999999046325684,2.119999885559082,2.0999999046325684,2.119999885559082,2.119999885559082,400.0
2024-11-07,PRIN.BK,2.119999885559082,2.119999885559082,2.119999885559082,2.119999885559082,2.119999885559082,200.0
2024-11-08,PRIN.BK,2.0999999046325684,2.0999999046325684,2.0999999046325684,2.0999999046325684,2.0999999046325684,200.0
2024-11-11,PRIN.BK,2.0999999046325684,2.119999885559082,2.0999999046325684,2.119999885559082,2.119999885559082,300.0
2024-11-12,PRIN.BK,2.119999885559082,2.119999885559082,2.119999885559082,2.119999885559082,2.119999885559082,100.0
2024-11-13,PRIN.BK,2.0999999046325684,2.0999999046325684,2.0999999046325684,2.0999999046325684,2.0999999046325684,300.0
2024-11-14,PRIN.BK,2.119999885559082,2.1600000858306885,2.119999885559082,2.1600000858306885,2.1600000858306885,300.0
2024-11-15,PRIN.BK,2.1600000858306885,2.1600000858306885,2.1600000858306885,2.1600000858306885,2.1600000858306885,0.0
2024-11-18,PRIN.BK,2.140000104904175,2.140000104904175,2.140000104904175,2.140000104904175,2.140000104904175,100.0
2024-11-19,PRIN.BK,2.0799999237060547,2.5,2.0799999237060547,2.380000114440918,2.380000114440918,25400.0
2024-11-20,PRIN.BK,2.440000057220459,2.4600000381469727,2.0999999046325684,2.200000047683716,2.200000047683716,6900.0
2024-11-21,PRIN.BK,2.200000047683716,2.200000047683716,2.200000047683716,2.200000047683716,2.200000047683716,0.0
2024-11-22,PRIN.BK,2.140000104904175,2.140000104904175,2.140000104904175,2.140000104904175,2.140000104904175,1300.0
2024-11-25,PRIN.BK,2.140000104904175,2.140000104904175,2.140000104904175,2.140000104904175,2.140000104904175,0.0
2024-11-26,PRIN.BK,2.140000104904175,2.140000104904175,2.0399999618530273,2.059999942779541,2.059999942779541,1800.0
2024-11-27,PRIN.BK,2.0399999618530273,2.059999942779541,2.0399999618530273,2.059999942779541,2.059999942779541,5500.0
2024-11-28,PRIN.BK,2.0199999809265137,2.059999942779541,1.9700000286102295,2.0199999809265137,2.0199999809265137,6800.0
2024-11-29,PRIN.BK,2.0,2.0,1.9900000095367432,2.0,2.0,1900.0
2024-12-02,PRIN.BK,1.9900000095367432,2.0,1.9600000381469727,2.0,2.0,82800.0
2024-12-03,PRIN.BK,1.9800000190734863,1.9800000190734863,1.8899999856948853,1.899999976158142,1.899999976158142,4100.0
2024-12-04,PRIN.BK,1.809999942779541,1.8300000429153442,1.7799999713897705,1.7999999523162842,1.7999999523162842,13900.0
2024-12-06,PRIN.BK,1.7999999523162842,1.8200000524520874,1.75,1.7799999713897705,1.7799999713897705,97000.0
2024-12-09,PRIN.BK,1.7599999904632568,1.7599999904632568,1.75,1.7599999904632568,1.7599999904632568,31200.0
2024-12-11,PRIN.BK,1.75,1.7599999904632568,1.690000057220459,1.7000000476837158,1.7000000476837158,38200.0
2024-12-12,PRIN.BK,1.7000000476837158,1.7100000381469727,1.7000000476837158,1.7100000381469727,1.7100000381469727,700.0
2024-12-13,PRIN.BK,1.7200000286102295,1.75,1.7100000381469727,1.75,1.75,900.0
2024-12-16,PRIN.BK,1.7300000190734863,1.7300000190734863,1.6299999952316284,1.6299999952316284,1.6299999952316284,3800.0
2024-12-17,PRIN.BK,1.6299999952316284,1.649999976158142,1.6299999952316284,1.649999976158142,1.649999976158142,900.0
2024-12-18,PRIN.BK,1.659999966621399,1.7599999904632568,1.6299999952316284,1.75,1.75,120700.0
2024-12-19,PRIN.BK,1.6399999856948853,1.75,1.5700000524520874,1.75,1.75,41300.0
2024-12-20,PRIN.BK,1.6299999952316284,1.7400000095367432,1.6299999952316284,1.7400000095367432,1.7400000095367432,400.0
2024-12-23,PRIN.BK,1.7000000476837158,2.0,1.7000000476837158,1.7000000476837158,1.7000000476837158,6600.0
2024-12-24,PRIN.BK,1.7000000476837158,1.8600000143051147,1.7000000476837158,1.8600000143051147,1.8600000143051147,2100.0
2024-12-25,PRIN.BK,1.7999999523162842,1.8600000143051147,1.7999999523162842,1.8600000143051147,1.8600000143051147,1900.0
2024-12-26,PRIN.BK,1.8600000143051147,1.8600000143051147,1.8600000143051147,1.8600000143051147,1.8600000143051147,0.0
2024-12-27,PRIN.BK,1.8600000143051147,1.8600000143051147,1.8600000143051147,1.8600000143051147,1.8600000143051147,0.0
2024-12-30,PRIN.BK,1.7300000190734863,1.7300000190734863,1.7300000190734863,1.7300000190734863,1.7300000190734863,400.0
2025-01-02,PRIN.BK,1.7000000476837158,1.7000000476837158,1.7000000476837158,1.7000000476837158,1.7000000476837158,600.0
2025-01-03,PRIN.BK,1.850000023841858,1.850000023841858,1.850000023841858,1.850000023841858,1.850000023841858,100.0
2025-01-06,PRIN.BK,1.850000023841858,1.850000023841858,1.850000023841858,1.850000023841858,1.850000023841858,0.0
2025-01-07,PRIN.BK,1.7100000381469727,1.7100000381469727,1.7100000381469727,1.7100000381469727,1.7100000381469727,600.0
2025-01-08,PRIN.BK,1.8799999952316284,1.940000057220459,1.7100000381469727,1.7999999523162842,1.7999999523162842,1300.0
2025-01-09,PRIN.BK,1.6799999475479126,1.7899999618530273,1.6799999475479126,1.7899999618530273,1.7899999618530273,11100.0
2025-01-10,PRIN.BK,1.7899999618530273,1.7899999618530273,1.7899999618530273,1.7899999618530273,1.7899999618530273,0.0
2025-01-13,PRIN.BK,1.7799999713897705,1.7799999713897705,1.7799999713897705,1.7799999713897705,1.7799999713897705,800.0
2025-01-14,PRIN.BK,1.6799999475479126,1.7599999904632568,1.6699999570846558,1.7599999904632568,1.7599999904632568,700.0
2025-01-15,PRIN.BK,1.7599999904632568,1.7599999904632568,1.7599999904632568,1.7599999904632568,1.7599999904632568,0.0
2025-01-16,PRIN.BK,1.7599999904632568,1.7599999904632568,1.7599999904632568,1.7599999904632568,1.7599999904632568,0.0
2025-01-17,PRIN.BK,1.590000033378601,1.6799999475479126,1.5499999523162842,1.6799999475479126,1.6799999475479126,34100.0
2025-01-20,PRIN.BK,1.7000000476837158,1.7100000381469727,1.6299999952316284,1.6299999952316284,1.6299999952316284,2400.0
2025-01-21,PRIN.BK,1.7300000190734863,1.7300000190734863,1.7300000190734863,1.7300000190734863,1.7300000190734863,100.0
2025-01-22,PRIN.BK,1.649999976158142,1.7000000476837158,1.6200000047683716,1.7000000476837158,1.7000000476837158,45100.0
2025-01-23,PRIN.BK,1.659999966621399,1.7100000381469727,1.659999966621399,1.7100000381469727,1.7100000381469727,4300.0
2025-01-24,PRIN.BK,1.6100000143051147,1.7200000286102295,1.6100000143051147,1.7200000286102295,1.7200000286102295,1100.0
2025-01-27,PRIN.BK,1.7200000286102295,1.7200000286102295,1.7200000286102295,1.7200000286102295,1.7200000286102295,600.0
2025-01-28,PRIN.BK,1.7200000286102295,1.7200000286102295,1.7200000286102295,1.7200000286102295,1.7200000286102295,0.0
2025-01-29,PRIN.BK,1.7200000286102295,1.7200000286102295,1.7200000286102295,1.7200000286102295,1.7200000286102295,0.0
2025-01-30,PRIN.BK,1.7100000381469727,1.7100000381469727,1.7100000381469727,1.7100000381469727,1.7100000381469727,100.0
2025-01-31,PRIN.BK,1.7000000476837158,1.7000000476837158,1.690000057220459,1.690000057220459,1.690000057220459,500.0
2025-02-03,PRIN.BK,1.6299999952316284,1.6299999952316284,1.5499999523162842,1.6299999952316284,1.6299999952316284,38100.0
2025-02-04,PRIN.BK,1.690000057220459,1.7000000476837158,1.690000057220459,1.7000000476837158,1.7000000476837158,11400.0
2025-02-05,PRIN.BK,1.7300000190734863,1.7300000190734863,1.7300000190734863,1.7300000190734863,1.7300000190734863,100.0
2025-02-06,PRIN.BK,1.5700000524520874,1.690000057220459,1.5099999904632568,1.590000033378601,1.590000033378601,33000.0
2025-02-07,PRIN.BK,1.5499999523162842,1.5499999523162842,1.5,1.5499999523162842,1.5499999523162842,60900.0
2025-02-10,PRIN.BK,1.399999976158142,1.5,1.2999999523162842,1.5,1.5,9800.0
2025-02-11,PRIN.BK,1.6200000047683716,1.6299999952316284,1.6200000047683716,1.6299999952316284,1.6299999952316284,200.0
2025-02-13,PRIN.BK,1.6299999952316284,1.6299999952316284,1.6299999952316284,1.6299999952316284,1.6299999952316284,0.0
2025-02-14,PRIN.BK,1.6200000047683716,1.6399999856948853,1.6200000047683716,1.6299999952316284,1.6299999952316284,300.0
2025-02-17,PRIN.BK,1.6299999952316284,1.6299999952316284,1.6299999952316284,1.6299999952316284,1.6299999952316284,0.0
2025-02-18,PRIN.BK,1.2599999904632568,1.7200000286102295,1.2599999904632568,1.649999976158142,1.649999976158142,13600.0
2025-02-19,PRIN.BK,1.7200000286102295,1.7200000286102295,1.7200000286102295,1.7200000286102295,1.7200000286102295,100.0
2025-02-20,PRIN.BK,1.7200000286102295,1.7200000286102295,1.7200000286102295,1.7200000286102295,1.7200000286102295,0.0
2025-02-21,PRIN.BK,1.7200000286102295,1.7200000286102295,1.7200000286102295,1.7200000286102295,1.7200000286102295,0.0
2025-02-24,PRIN.BK,1.7200000286102295,1.7200000286102295,1.7200000286102295,1.7200000286102295,1.7200000286102295,0.0
2025-02-25,PRIN.BK,1.7200000286102295,1.7200000286102295,1.7200000286102295,1.7200000286102295,1.7200000286102295,0.0
2025-02-26,PRIN.BK,1.4600000381469727,1.7100000381469727,1.4600000381469727,1.7100000381469727,1.7100000381469727,30400.0
2025-02-27,PRIN.BK,1.4700000286102295,1.600000023841858,1.4700000286102295,1.600000023841858,1.600000023841858,1900.0
2025-02-28,PRIN.BK,1.600000023841858,1.600000023841858,1.600000023841858,1.600000023841858,1.600000023841858,0.0
2025-03-03,PRIN.BK,1.600000023841858,1.600000023841858,1.600000023841858,1.600000023841858,1.600000023841858,0.0
2025-03-04,PRIN.BK,1.600000023841858,1.600000023841858,1.600000023841858,1.600000023841858,1.600000023841858,0.0
2025-03-05,PRIN.BK,1.5299999713897705,1.600000023841858,1.5299999713897705,1.600000023841858,1.600000023841858,2800.0
2025-03-06,PRIN.BK,1.600000023841858,1.600000023841858,1.5499999523162842,1.5499999523162842,1.5499999523162842,1300.0
2025-03-07,PRIN.BK,1.600000023841858,1.7799999713897705,1.600000023841858,1.7799999713897705,1.7799999713897705,16200.0
2025-03-10,PRIN.BK,1.6200000047683716,1.6399999856948853,1.600000023841858,1.6399999856948853,1.6399999856948853,1100.0
2025-03-11,PRIN.BK,1.6399999856948853,1.6399999856948853,1.6399999856948853,1.6399999856948853,1.6399999856948853,0.0
2025-03-12,PRIN.BK,1.6399999856948853,1.6399999856948853,1.6399999856948853,1.6399999856948853,1.6399999856948853,0.0
2025-03-13,PRIN.BK,1.6399999856948853,1.6399999856948853,1.6399999856948853,1.6399999856948853,1.6399999856948853,0.0
2025-03-14,PRIN.BK,1.649999976158142,1.690000057220459,1.5,1.6299999952316284,1.6299999952316284,93900.0
2025-03-17,PRIN.BK,1.659999966621399,1.690000057220459,1.659999966621399,1.690000057220459,1.690000057220459,200.0
2025-03-18,PRIN.BK,1.6699999570846558,1.690000057220459,1.6699999570846558,1.690000057220459,1.690000057220459,800.0
2025-03-19,PRIN.BK,1.690000057220459,1.690000057220459,1.690000057220459,1.690000057220459,1.690000057220459,200.0
2025-03-20,PRIN.BK,1.6799999475479126,1.6799999475479126,1.6799999475479126,1.6799999475479126,1.6799999475479126,100.0
2025-03-21,PRIN.BK,1.6799999475479126,1.6799999475479126,1.6799999475479126,1.6799999475479126,1.6799999475479126,0.0
2025-03-24,PRIN.BK,1.6699999570846558,1.6699999570846558,1.6100000143051147,1.6100000143051147,1.6100000143051147,16200.0
2025-03-25,PRIN.BK,1.5199999809265137,1.659999966621399,1.5199999809265137,1.659999966621399,1.659999966621399,100100.0
2025-03-26,PRIN.BK,1.6100000143051147,1.6200000047683716,1.6100000143051147,1.6200000047683716,1.6200000047683716,2500.0
2025-03-27,PRIN.BK,1.6200000047683716,1.6200000047683716,1.6200000047683716,1.6200000047683716,1.6200000047683716,0.0
2025-03-28,PRIN.BK,1.6200000047683716,1.6200000047683716,1.6200000047683716,1.6200000047683716,1.6200000047683716,0.0
2025-03-31,PRIN.BK,1.6200000047683716,1.6200000047683716,1.6200000047683716,1.6200000047683716,1.6200000047683716,0.0
2025-04-01,PRIN.BK,1.6100000143051147,1.6699999570846558,1.6100000143051147,1.6699999570846558,1.6699999570846558,300.0
2025-04-02,PRIN.BK,1.5099999904632568,1.690000057220459,1.5099999904632568,1.6299999952316284,1.6299999952316284,41300.0
2025-04-03,PRIN.BK,1.6399999856948853,1.6399999856948853,1.6399999856948853,1.6399999856948853,1.6399999856948853,2000.0
2025-04-04,PRIN.BK,1.649999976158142,1.649999976158142,1.649999976158142,1.649999976158142,1.649999976158142,500.0
2025-04-08,PRIN.BK,1.649999976158142,1.649999976158142,1.649999976158142,1.649999976158142,1.649999976158142,0.0
2025-04-09,PRIN.BK,1.5299999713897705,1.6200000047683716,1.5299999713897705,1.6200000047683716,1.6200000047683716,2500.0
2025-04-10,PRIN.BK,1.659999966621399,1.659999966621399,1.4600000381469727,1.5299999713897705,1.5299999713897705,500300.0
2025-04-11,PRIN.BK,1.5099999904632568,1.5399999618530273,1.5,1.5399999618530273,1.5399999618530273,100400.0
2025-04-16,PRIN.BK,1.5399999618530273,1.6200000047683716,1.5399999618530273,1.6200000047683716,1.6200000047683716,300.0
2025-04-17,PRIN.BK,1.5499999523162842,1.6399999856948853,1.5499999523162842,1.5499999523162842,1.5499999523162842,3200.0
2025-04-18,PRIN.BK,1.6399999856948853,1.6399999856948853,1.5499999523162842,1.6399999856948853,1.6399999856948853,900.0
2025-04-21,PRIN.BK,1.5499999523162842,1.5499999523162842,1.4900000095367432,1.5099999904632568,1.5099999904632568,407500.0
2025-04-22,PRIN.BK,1.5099999904632568,1.5199999809265137,1.4900000095367432,1.4900000095367432,1.4900000095367432,220500.0
2025-04-23,PRIN.BK,1.4900000095367432,1.5099999904632568,1.4900000095367432,1.5,1.5,113700.0
2025-04-24,PRIN.BK,1.5,1.5,1.5,1.5,1.5,1100.0
2025-04-25,PRIN.BK,1.4900000095367432,1.5,1.4900000095367432,1.5,1.5,30500.0
2025-04-28,PRIN.BK,1.4800000190734863,1.5,1.4700000286102295,1.5,1.5,145600.0
2025-04-29,PRIN.BK,1.6799999475479126,1.6799999475479126,1.4900000095367432,1.4900000095367432,1.4900000095367432,1000.0
2025-04-30,PRIN.BK,1.4700000286102295,1.6200000047683716,1.4700000286102295,1.6200000047683716,1.6200000047683716,71100.0
2025-05-02,PRIN.BK,1.5,1.5,1.4900000095367432,1.5,1.5,3900.0
2025-05-06,PRIN.BK,1.5099999904632568,1.5099999904632568,1.5,1.5,1.5,2300.0
2025-05-07,PRIN.BK,1.5,1.5,1.5,1.5,1.5,1100.0
2025-05-08,PRIN.BK,1.4900000095367432,1.5,1.4900000095367432,1.5,1.5,10600.0
2025-05-09,PRIN.BK,1.5199999809265137,1.5199999809265137,1.5199999809265137,1.5199999809265137,1.5199999809265137,1600.0
2025-05-13,PRIN.BK,1.5299999713897705,1.5299999713897705,1.4700000286102295,1.5199999809265137,1.5199999809265137,15200.0
2025-05-14,PRIN.BK,1.5199999809265137,1.5199999809265137,1.5199999809265137,1.5199999809265137,1.5199999809265137,400.0
2025-05-15,PRIN.BK,1.5199999809265137,1.5199999809265137,1.5199999809265137,1.5199999809265137,1.5199999809265137,0.0
2025-05-16,PRIN.BK,1.5199999809265137,1.5199999809265137,1.5199999809265137,1.5199999809265137,1.5199999809265137,0.0
2025-05-19,PRIN.BK,1.4900000095367432,1.5099999904632568,1.4900000095367432,1.5099999904632568,1.5099999904632568,800.0
2025-05-20,PRIN.BK,1.4900000095367432,1.4900000095367432,1.4700000286102295,1.4700000286102295,1.4700000286102295,42800.0
2025-05-21,PRIN.BK,1.4700000286102295,1.4700000286102295,1.4700000286102295,1.4700000286102295,1.4700000286102295,0.0
2025-05-22,PRIN.BK,1.4700000286102295,1.5199999809265137,1.4700000286102295,1.5199999809265137,1.5199999809265137,3900.0
2025-05-23,PRIN.BK,1.5199999809265137,1.5199999809265137,1.5199999809265137,1.5199999809265137,1.5199999809265137,0.0
2025-05-26,PRIN.BK,1.5,1.5299999713897705,1.4900000095367432,1.5299999713897705,1.5299999713897705,11000.0
2025-05-27,PRIN.BK,1.5,1.5,1.5,1.5,1.5,200.0
2025-05-28,PRIN.BK,1.5,1.5,1.5,1.5,1.5,300.0
2025-05-29,PRIN.BK,1.5299999713897705,1.5299999713897705,1.5299999713897705,1.5299999713897705,1.5299999713897705,100.0
2025-05-30,PRIN.BK,1.5299999713897705,1.5299999713897705,1.5299999713897705,1.5299999713897705,1.5299999713897705,0.0
2025-06-04,PRIN.BK,1.5199999809265137,1.5199999809265137,1.5199999809265137,1.5199999809265137,1.5199999809265137,200.0
2025-06-05,PRIN.BK,1.5199999809265137,1.5199999809265137,1.5199999809265137,1.5199999809265137,1.5199999809265137,0.0
2025-06-06,PRIN.BK,1.5099999904632568,1.5199999809265137,1.5099999904632568,1.5199999809265137,1.5199999809265137,1100.0
2025-06-09,PRIN.BK,1.5,1.5199999809265137,1.4800000190734863,1.5199999809265137,1.5199999809265137,450100.0
2025-06-10,PRIN.BK,1.5,1.5199999809265137,1.5,1.5199999809265137,1.5199999809265137,15500.0
2025-06-11,PRIN.BK,1.5099999904632568,1.5099999904632568,1.5,1.5,1.5,130000.0
2025-06-12,PRIN.BK,1.5,1.5,1.5,1.5,1.5,250400.0
2025-06-13,PRIN.BK,1.5,1.5,1.5,1.5,1.5,109300.0
2025-06-16,PRIN.BK,1.5,1.5,1.5,1.5,1.5,102300.0
2025-06-17,PRIN.BK,1.5,1.5199999809265137,1.5,1.5,1.5,226700.0
2025-06-18,PRIN.BK,1.5,1.5,1.5,1.5,1.5,200000.0
2025-06-19,PRIN.BK,1.5,1.5,1.5,1.5,1.5,50000.0
2025-06-20,PRIN.BK,1.5,1.5,1.5,1.5,1.5,85500.0
2025-06-23,PRIN.BK,1.5,1.5,1.4800000190734863,1.5,1.5,100300.0
2025-06-24,PRIN.BK,1.5099999904632568,1.5099999904632568,1.5099999904632568,1.5099999904632568,1.5099999904632568,4000.0
2025-06-25,PRIN.BK,1.5,1.5199999809265137,1.5,1.5199999809265137,1.5199999809265137,50900.0
2025-06-26,PRIN.BK,1.4800000190734863,1.5,1.4700000286102295,1.5,1.5,50200.0
2025-06-27,PRIN.BK,1.5,1.5,1.5,1.5,1.5,15000.0
2025-06-30,PRIN.BK,1.5,1.5099999904632568,1.5,1.5099999904632568,1.5099999904632568,200100.0
2025-07-01,PRIN.BK,1.5,1.5,1.5,1.5,1.5,180100.0
2025-07-02,PRIN.BK,1.5,1.5,1.5,1.5,1.5,20500.0
2025-07-03,PRIN.BK,1.5,1.5,1.5,1.5,1.5,0.0
2025-07-04,PRIN.BK,1.5,1.5,1.5,1.5,1.5,200000.0
2025-07-07,PRIN.BK,1.5,1.5,1.5,1.5,1.5,0.0
2025-07-08,PRIN.BK,1.5,1.5,1.5,1.5,1.5,180000.0
2025-07-09,PRIN.BK,1.5,1.5,1.5,1.5,1.5,9000.0
2025-07-11,PRIN.BK,1.5,1.5,1.5,1.5,1.5,0.0
2025-07-14,PRIN.BK,1.5,1.5,1.5,1.5,1.5,0.0
2025-07-15,PRIN.BK,1.5,1.5,1.5,1.5,1.5,0.0
2025-07-16,PRIN.BK,1.5,1.5,1.5,1.5,1.5,0.0
2025-07-17,PRIN.BK,1.5,1.5,1.5,1.5,1.5,200.0
2025-07-18,PRIN.BK,1.5,1.5,1.5,1.5,1.5,200200.0
2025-07-21,PRIN.BK,1.5,1.5,1.5,1.5,1.5,200.0
2025-07-22,PRIN.BK,1.5399999618530273,1.5399999618530273,1.5399999618530273,1.5399999618530273,1.5399999618530273,200.0
2025-07-23,PRIN.BK,1.5,1.9600000381469727,1.5,1.5,1.5,289000.0
2025-07-24,PRIN.BK,1.5099999904632568,1.5099999904632568,1.5,1.5,1.5,201200.0
2025-07-25,PRIN.BK,1.5,1.5,1.5,1.5,1.5,400000.0
2025-07-29,PRIN.BK,1.5,1.5,1.5,1.5,1.5,200100.0
2025-07-30,PRIN.BK,1.5,1.5,1.5,1.5,1.5,403200.0
2025-07-31,PRIN.BK,1.5,1.5,1.5,1.5,1.5,203000.0
2025-08-01,PRIN.BK,1.5,1.5499999523162842,1.4600000381469727,1.5199999809265137,1.5199999809265137,601600.0
2025-08-04,PRIN.BK,1.5,1.5,1.4500000476837158,1.5,1.5,430200.0
2025-08-05,PRIN.BK,1.4900000095367432,1.5,1.4600000381469727,1.5,1.5,400700.0
2025-08-06,PRIN.BK,1.5,1.5,1.4600000381469727,1.5,1.5,443200.0
2025-08-07,PRIN.BK,1.5,1.5,1.4700000286102295,1.4700000286102295,1.4700000286102295,14100.0
2025-08-08,PRIN.BK,1.5099999904632568,1.5099999904632568,1.5099999904632568,1.5099999904632568,1.5099999904632568,100.0
2025-08-13,PRIN.BK,1.5,1.5,1.4900000095367432,1.4900000095367432,1.4900000095367432,115100.0
2025-08-14,PRIN.BK,1.5,1.5,1.5,1.5,1.5,100500.0
2025-08-15,PRIN.BK,1.5,1.5099999904632568,1.4900000095367432,1.4900000095367432,1.4900000095367432,125300.0
2025-08-18,PRIN.BK,1.5,1.5099999904632568,1.5,1.5099999904632568,1.5099999904632568,102300.0
2025-08-19,PRIN.BK,1.5099999904632568,1.5199999809265137,1.4900000095367432,1.5199999809265137,1.5199999809265137,109300.0
2025-08-20,PRIN.BK,1.5199999809265137,1.5199999809265137,1.5199999809265137,1.5199999809265137,1.5199999809265137,0.0
2025-08-21,PRIN.BK,1.5099999904632568,1.5099999904632568,1.5,1.5,1.5,110100.0
2025-08-22,PRIN.BK,1.5,1.5,1.4900000095367432,1.4900000095367432,1.4900000095367432,150100.0
2025-08-25,PRIN.BK,1.5,1.5099999904632568,1.5,1.5099999904632568,1.5099999904632568,9900.0
2025-08-26,PRIN.BK,1.5099999904632568,1.5099999904632568,1.5,1.5,1.5,100000.0
2025-08-27,PRIN.BK,1.5,1.5,1.5,1.5,1.5,0.0
2025-08-28,PRIN.BK,1.5,1.5,1.5,1.5,1.5,0.0
2025-08-29,PRIN.BK,1.5,1.5,1.5,1.5,1.5,0.0
2025-09-01,PRIN.BK,1.5,1.5,1.5,1.5,1.5,150000.0
2025-09-02,PRIN.BK,1.5099999904632568,1.5099999904632568,1.5099999904632568,1.5099999904632568,1.5099999904632568,100.0
2025-09-03,PRIN.BK,1.5099999904632568,1.5099999904632568,1.5099999904632568,1.5099999904632568,1.5099999904632568,100.0
2025-09-04,PRIN.BK,1.5,1.5499999523162842,1.5,1.5499999523162842,1.5499999523162842,3000.0
2025-09-05,PRIN.BK,1.5,1.5099999904632568,1.5,1.5099999904632568,1.5099999904632568,4000.0
2025-09-08,PRIN.BK,1.5099999904632568,1.5099999904632568,1.5099999904632568,1.5099999904632568,1.5099999904632568,0.0
2025-09-09,PRIN.BK,1.5,1.5,1.5,1.5,1.5,100100.0
2025-09-10,PRIN.BK,1.5099999904632568,1.5099999904632568,1.5,1.5,1.5,2600.0
2025-09-11,PRIN.BK,1.5099999904632568,1.5499999523162842,1.5099999904632568,1.5499999523162842,1.5499999523162842,2600.0
2025-09-12,PRIN.BK,1.5299999713897705,1.5299999713897705,1.5099999904632568,1.5099999904632568,1.5099999904632568,700.0
2025-09-15,PRIN.BK,1.5099999904632568,1.5199999809265137,1.5,1.5,1.5,100200.0
2025-09-16,PRIN.BK,1.5099999904632568,1.5099999904632568,1.5099999904632568,1.5099999904632568,1.5099999904632568,600.0
2025-09-17,PRIN.BK,1.5,1.5,1.5,1.5,1.5,200.0
2025-09-18,PRIN.BK,1.5,1.5,1.5,1.5,1.5,0.0
2025-09-19,PRIN.BK,1.5,1.5,1.5,1.5,1.5,600.0
2025-09-22,PRIN.BK,1.5,1.5,1.5,1.5,1.5,99000.0
2025-09-23,PRIN.BK,1.5,1.5099999904632568,1.5,1.5,1.5,11300.0
2025-09-24,PRIN.BK,1.5,1.5,1.5,1.5,1.5,100.0
2025-09-25,PRIN.BK,1.5099999904632568,1.5099999904632568,1.5,1.5,1.5,300.0
2025-09-26,PRIN.BK,1.5,1.5,1.5,1.5,1.5,1600.0
2025-09-29,PRIN.BK,1.5,1.5,1.5,1.5,1.5,95300.0
2025-09-30,PRIN.BK,1.5099999904632568,1.5099999904632568,1.5,1.5,1.5,3600.0
2025-10-01,PRIN.BK,1.5099999904632568,1.5499999523162842,1.5,1.5,1.5,191100.0
2025-10-02,PRIN.BK,1.5,1.5,1.5,1.5,1.5,10400.0
2025-10-03,PRIN.BK,1.5,1.5,1.5,1.5,1.5,50400.0
2025-10-06,PRIN.BK,1.5,1.5099999904632568,1.5,1.5099999904632568,1.5099999904632568,3900.0
2025-10-07,PRIN.BK,1.5099999904632568,1.5099999904632568,1.5099999904632568,1.5099999904632568,1.5099999904632568,0.0
2025-10-08,PRIN.BK,1.5,1.5,1.5,1.5,1.5,13000.0
2025-10-09,PRIN.BK,1.5,1.5099999904632568,1.5,1.5099999904632568,1.5099999904632568,100800.0
2025-10-10,PRIN.BK,1.5099999904632568,1.5099999904632568,1.5,1.5,1.5,50700.0
2025-10-14,PRIN.BK,1.5,1.5,1.5,1.5,1.5,70100.0
2025-10-15,PRIN.BK,1.5,1.5,1.5,1.5,1.5,0.0
2025-10-16,PRIN.BK,1.5,1.5,1.5,1.5,1.5,0.0
2025-10-17,PRIN.BK,1.5,1.5,1.5,1.5,1.5,50000.0
2025-10-20,PRIN.BK,1.5,1.5,1.5,1.5,1.5,0.0
2025-10-21,PRIN.BK,1.5,1.5,1.5,1.5,1.5,40000.0
2025-10-22,PRIN.BK,1.5,1.5,1.5,1.5,1.5,20000.0
2025-10-24,PRIN.BK,1.5,1.5,1.5,1.5,1.5,50000.0
2025-10-27,PRIN.BK,1.5,1.5,1.5,1.5,1.5,100.0
2025-10-28,PRIN.BK,1.5,1.5,1.4900000095367432,1.4900000095367432,1.4900000095367432,353000.0
2025-10-29,PRIN.BK,1.4900000095367432,1.5,1.4900000095367432,1.5,1.5,865800.0
2025-10-30,PRIN.BK,1.4900000095367432,1.5,1.4900000095367432,1.5,1.5,104600.0
2025-10-31,PRIN.BK,1.5,1.5,1.5,1.5,1.5,50000.0
2025-11-03,PRIN.BK,1.5,1.5,1.5,1.5,1.5,97100.0
2025-11-04,PRIN.BK,1.590000033378601,1.590000033378601,1.590000033378601,1.590000033378601,1.590000033378601,1000.0
2025-11-05,PRIN.BK,1.590000033378601,1.590000033378601,1.590000033378601,1.590000033378601,1.590000033378601,300.0
2025-11-06,PRIN.BK,1.590000033378601,1.590000033378601,1.590000033378601,1.590000033378601,1.590000033378601,0.0
2025-11-07,PRIN.BK,1.590000033378601,1.590000033378601,1.590000033378601,1.590000033378601,1.590000033378601,0.0
2025-11-10,PRIN.BK,1.5099999904632568,1.5099999904632568,1.5099999904632568,1.5099999904632568,1.5099999904632568,1000.0
2025-11-11,PRIN.BK,1.5099999904632568,1.5099999904632568,1.5,1.5,1.5,102300.0
2025-11-12,PRIN.BK,1.5,1.5,1.5,1.5,1.5,8200.0
2025-11-13,PRIN.BK,1.5099999904632568,1.5299999713897705,1.5099999904632568,1.5299999713897705,1.5299999713897705,600.0
2025-11-14,PRIN.BK,1.5299999713897705,1.5299999713897705,1.5299999713897705,1.5299999713897705,1.5299999713897705,0.0
2025-11-17,PRIN.BK,1.5,1.5099999904632568,1.5,1.5,1.5,119400.0
2025-11-18,PRIN.BK,1.5,1.5,1.5,1.5,1.5,120000.0
2025-11-19,PRIN.BK,1.5,1.5,1.5,1.5,1.5,144500.0
2025-11-20,PRIN.BK,1.5099999904632568,1.5099999904632568,1.5,1.5,1.5,5100.0
2025-11-21,PRIN.BK,1.5,1.5,1.5,1.5,1.5,103700.0
2025-11-24,PRIN.BK,1.5,1.5,1.5,1.5,1.5,0.0
2025-11-25,PRIN.BK,1.5,1.5,1.5,1.5,1.5,120000.0
2025-11-26,PRIN.BK,1.590000033378601,1.590000033378601,1.5,1.5,1.5,800.0
2025-11-27,PRIN.BK,1.590000033378601,1.590000033378601,1.590000033378601,1.590000033378601,1.590000033378601,100.0
2025-11-28,PRIN.BK,1.5,1.5,1.5,1.5,1.5,100000.0
2025-12-01,PRIN.BK,1.5,1.5,1.5,1.5,1.5,56000.0
2025-12-02,PRIN.BK,1.5,1.5,1.5,1.5,1.5,200.0
2025-12-03,PRIN.BK,1.5,1.5,1.5,1.5,1.5,0.0
2025-12-04,PRIN.BK,1.5,1.5,1.5,1.5,1.5,0.0
2025-12-08,PRIN.BK,1.5700000524520874,1.5700000524520874,1.5700000524520874,1.5700000524520874,1.5700000524520874,100.0
2025-12-09,PRIN.BK,1.5,1.5099999904632568,1.5,1.5,1.5,100400.0
2025-12-11,PRIN.BK,1.5,1.5,1.5,1.5,1.5,200000.0
2025-12-12,PRIN.BK,1.5,1.5,1.5,1.5,1.5,0.0
2025-12-15,PRIN.BK,1.5,1.5,1.5,1.5,1.5,0.0
2025-12-16,PRIN.BK,1.4900000095367432,1.5299999713897705,1.4800000190734863,1.5299999713897705,1.5299999713897705,200100.0
2025-12-17,PRIN.BK,1.5299999713897705,1.5299999713897705,1.5299999713897705,1.5299999713897705,1.5299999713897705,0.0
2025-12-18,PRIN.BK,1.5299999713897705,1.5299999713897705,1.5299999713897705,1.5299999713897705,1.5299999713897705,0.0
2025-12-19,PRIN.BK,1.5,1.5,1.4800000190734863,1.4800000190734863,1.4800000190734863,700.0
2025-12-22,PRIN.BK,1.4700000286102295,1.5199999809265137,1.4700000286102295,1.5199999809265137,1.5199999809265137,200.0
2025-12-23,PRIN.BK,1.5199999809265137,1.5199999809265137,1.5199999809265137,1.5199999809265137,1.5199999809265137,0.0
2025-12-24,PRIN.BK,1.5199999809265137,1.5199999809265137,1.5199999809265137,1.5199999809265137,1.5199999809265137,0.0
2025-12-25,PRIN.BK,1.5199999809265137,1.7599999904632568,1.5199999809265137,1.75,1.75,2700.0
2025-12-26,PRIN.BK,1.75,1.75,1.75,1.75,1.75,0.0
2025-12-29,PRIN.BK,1.75,1.75,1.75,1.75,1.75,0.0
2025-12-30,PRIN.BK,1.75,1.75,1.75,1.75,1.75,0.0
2026-01-05,PRIN.BK,1.6799999475479126,1.6799999475479126,1.649999976158142,1.649999976158142,1.649999976158142,3100.0
2026-01-06,PRIN.BK,1.5099999904632568,1.5099999904632568,1.4900000095367432,1.4900000095367432,1.4900000095367432,16600.0
2026-01-07,PRIN.BK,1.559999942779541,1.559999942779541,1.4900000095367432,1.4900000095367432,1.4900000095367432,3600.0
2026-01-08,PRIN.BK,1.4900000095367432,1.659999966621399,1.4800000190734863,1.5,1.5,100200.0
2026-01-09,PRIN.BK,1.5,1.5,1.4900000095367432,1.5,1.5,21300.0
2026-01-12,PRIN.BK,1.5,1.649999976158142,1.5,1.5299999713897705,1.5299999713897705,600.0
2026-01-13,PRIN.BK,1.4900000095367432,1.5299999713897705,1.4900000095367432,1.5299999713897705,1.5299999713897705,39100.0
2026-01-14,PRIN.BK,1.5,1.5,1.4900000095367432,1.5,1.5,2200.0
2026-01-15,PRIN.BK,1.5,1.5,1.5,1.5,1.5,0.0
2026-01-16,PRIN.BK,1.4900000095367432,1.4900000095367432,1.4900000095367432,1.4900000095367432,1.4900000095367432,10500.0
2026-01-19,PRIN.BK,1.4900000095367432,1.4900000095367432,1.4900000095367432,1.4900000095367432,1.4900000095367432,100.0
2026-01-20,PRIN.BK,1.4900000095367432,1.5,1.4900000095367432,1.4900000095367432,1.4900000095367432,97300.0
2026-01-21,PRIN.BK,1.4900000095367432,1.5,1.4800000190734863,1.5,1.5,150700.0
2026-01-22,PRIN.BK,1.5,1.5,1.5,1.5,1.5,0.0
2026-01-23,PRIN.BK,1.5,1.5,1.5,1.5,1.5,0.0
2026-01-26,PRIN.BK,1.4800000190734863,1.4800000190734863,1.4800000190734863,1.4800000190734863,1.4800000190734863,40200.0
2026-01-27,PRIN.BK,1.4800000190734863,1.4800000190734863,1.4800000190734863,1.4800000190734863,1.4800000190734863,0.0
2026-01-28,PRIN.BK,1.4800000190734863,1.4800000190734863,1.4800000190734863,1.4800000190734863,1.4800000190734863,11100.0
2026-01-29,PRIN.BK,1.4800000190734863,1.4800000190734863,1.4800000190734863,1.4800000190734863,1.4800000190734863,0.0
2026-01-30,PRIN.BK,1.4800000190734863,1.4800000190734863,1.4800000190734863,1.4800000190734863,1.4800000190734863,36400.0
2026-02-02,PRIN.BK,1.4800000190734863,1.4800000190734863,1.4800000190734863,1.4800000190734863,1.4800000190734863,15000.0
2026-02-03,PRIN.BK,1.4800000190734863,1.4800000190734863,1.4800000190734863,1.4800000190734863,1.4800000190734863,0.0
2026-02-04,PRIN.BK,1.5099999904632568,1.5099999904632568,1.5099999904632568,1.5099999904632568,1.5099999904632568,1000.0
2026-02-05,PRIN.BK,1.5099999904632568,1.5099999904632568,1.5099999904632568,1.5099999904632568,1.5099999904632568,0.0
2026-02-06,PRIN.BK,1.5,1.5,1.5,1.5,1.5,10000.0
2026-02-09,PRIN.BK,1.5,1.5,1.4900000095367432,1.4900000095367432,1.4900000095367432,500.0
2026-02-10,PRIN.BK,1.4900000095367432,1.4900000095367432,1.4900000095367432,1.4900000095367432,1.4900000095367432,100.0
2026-02-11,PRIN.BK,1.5,1.5099999904632568,1.4900000095367432,1.4900000095367432,1.4900000095367432,900.0
2026-02-12,PRIN.BK,1.4800000190734863,1.4800000190734863,1.4700000286102295,1.4700000286102295,1.4700000286102295,125000.0
2026-02-13,PRIN.BK,1.4800000190734863,1.4800000190734863,1.4700000286102295,1.4800000190734863,1.4800000190734863,40400.0
2026-02-16,PRIN.BK,1.4700000286102295,1.4700000286102295,1.4600000381469727,1.4600000381469727,1.4600000381469727,101000.0
2026-02-17,PRIN.BK,1.4600000381469727,1.4600000381469727,1.4600000381469727,1.4600000381469727,1.4600000381469727,0.0
2026-02-18,PRIN.BK,1.4600000381469727,1.4600000381469727,1.4600000381469727,1.4600000381469727,1.4600000381469727,200.0
2026-02-19,PRIN.BK,1.4600000381469727,1.4600000381469727,1.4600000381469727,1.4600000381469727,1.4600000381469727,5200.0
2026-02-20,PRIN.BK,1.4600000381469727,1.4700000286102295,1.4500000476837158,1.4500000476837158,1.4500000476837158,40600.0
2026-02-23,PRIN.BK,1.4500000476837158,1.4600000381469727,1.4500000476837158,1.4500000476837158,1.4500000476837158,76000.0
2026-02-24,PRIN.BK,1.440000057220459,1.4800000190734863,1.440000057220459,1.4500000476837158,1.4500000476837158,7600.0
2026-02-25,PRIN.BK,1.4800000190734863,1.4800000190734863,1.4500000476837158,1.4500000476837158,1.4500000476837158,200.0
2026-02-26,PRIN.BK,1.4800000190734863,1.4800000190734863,1.4800000190734863,1.4800000190734863,1.4800000190734863,100.0
2026-02-27,PRIN.BK,1.4500000476837158,1.4500000476837158,1.399999976158142,1.399999976158142,1.399999976158142,18500.0
2026-03-02,PRIN.BK,1.409999966621399,1.409999966621399,1.399999976158142,1.399999976158142,1.399999976158142,1000.0
2026-03-04,PRIN.BK,1.409999966621399,1.409999966621399,1.3899999856948853,1.3899999856948853,1.3899999856948853,160700.0
2026-03-05,PRIN.BK,1.3899999856948853,1.4299999475479126,1.350000023841858,1.3600000143051147,1.3600000143051147,430900.0
2026-03-06,PRIN.BK,1.3600000143051147,1.3600000143051147,1.3600000143051147,1.3600000143051147,1.3600000143051147,0.0
2026-03-09,PRIN.BK,1.350000023841858,1.4299999475479126,1.340000033378601,1.4299999475479126,1.4299999475479126,6100.0
2026-03-10,PRIN.BK,1.4299999475479126,1.4299999475479126,1.4299999475479126,1.4299999475479126,1.4299999475479126,0.0
2026-03-11,PRIN.BK,1.4299999475479126,1.4299999475479126,1.4299999475479126,1.4299999475479126,1.4299999475479126,30000.0
2026-03-12,PRIN.BK,1.4299999475479126,1.4299999475479126,1.4299999475479126,1.4299999475479126,1.4299999475479126,0.0
2026-03-13,PRIN.BK,1.3600000143051147,1.3600000143051147,1.3600000143051147,1.3600000143051147,1.3600000143051147,100.0
2026-03-16,PRIN.BK,1.3600000143051147,1.3600000143051147,1.3600000143051147,1.3600000143051147,1.3600000143051147,0.0
2026-03-17,PRIN.BK,1.3600000143051147,1.3600000143051147,1.3600000143051147,1.3600000143051147,1.3600000143051147,0.0
2026-03-18,PRIN.BK,1.399999976158142,1.4199999570846558,1.399999976158142,1.4199999570846558,1.4199999570846558,400.0
2026-03-19,PRIN.BK,1.4199999570846558,1.4199999570846558,1.4199999570846558,1.4199999570846558,1.4199999570846558,0.0
2026-03-20,PRIN.BK,1.399999976158142,1.399999976158142,1.399999976158142,1.399999976158142,1.399999976158142,500.0
2026-03-23,PRIN.BK,1.399999976158142,1.399999976158142,1.399999976158142,1.399999976158142,1.399999976158142,0.0
2026-03-24,PRIN.BK,1.350000023841858,1.399999976158142,1.350000023841858,1.399999976158142,1.399999976158142,200.0
2026-03-25,PRIN.BK,1.350000023841858,1.3899999856948853,1.350000023841858,1.3899999856948853,1.3899999856948853,3300.0
2026-03-26,PRIN.BK,1.3899999856948853,1.3899999856948853,1.3899999856948853,1.3899999856948853,1.3899999856948853,0.0
2026-03-27,PRIN.BK,1.409999966621399,1.409999966621399,1.409999966621399,1.409999966621399,1.409999966621399,100.0
2026-03-30,PRIN.BK,1.399999976158142,1.399999976158142,1.399999976158142,1.399999976158142,1.399999976158142,400.0
2026-03-31,PRIN.BK,1.3899999856948853,1.3899999856948853,1.3700000047683716,1.3899999856948853,1.3899999856948853,1500.0
2026-04-01,PRIN.BK,1.3899999856948853,1.3899999856948853,1.3899999856948853,1.3899999856948853,1.3899999856948853,0.0
2026-04-02,PRIN.BK,1.3899999856948853,1.3899999856948853,1.3899999856948853,1.3899999856948853,1.3899999856948853,1300.0
2026-04-03,PRIN.BK,1.3899999856948853,1.3899999856948853,1.3799999952316284,1.3799999952316284,1.3799999952316284,1200.0
2026-04-07,PRIN.BK,1.3799999952316284,1.3799999952316284,1.3799999952316284,1.3799999952316284,1.3799999952316284,0.0
2026-04-08,PRIN.BK,1.3799999952316284,1.3799999952316284,1.3799999952316284,1.3799999952316284,1.3799999952316284,0.0
2026-04-09,PRIN.BK,1.3799999952316284,1.3799999952316284,1.3799999952316284,1.3799999952316284,1.3799999952316284,0.0
2026-04-10,PRIN.BK,1.399999976158142,1.399999976158142,1.3700000047683716,1.3700000047683716,1.3700000047683716,1000.0
