Date,Ticker,Open,High,Low,Close,Adj Close,Volume
2016-09-28,BCPG.BK,11.048001289367676,11.3439302444458,10.456144332885742,10.554786682128906,7.317232608795166,550215329.0
2016-09-29,BCPG.BK,10.75207233428955,11.442572593688965,10.75207233428955,11.442572593688965,7.932703018188477,316261373.0
2016-09-30,BCPG.BK,11.24528694152832,11.63985824584961,11.14664363861084,11.14664363861084,7.727543830871582,156186755.0
2016-10-03,BCPG.BK,11.24528694152832,11.541214942932129,11.24528694152832,11.3439302444458,7.864315986633301,136620212.0
2016-10-04,BCPG.BK,11.442572593688965,11.935787200927734,11.3439302444458,11.935787200927734,8.274626731872559,158082482.0
2016-10-05,BCPG.BK,11.837143898010254,13.020858764648438,11.738500595092773,12.823573112487793,8.890093803405762,224882139.0
2016-10-06,BCPG.BK,13.020858764648438,13.218144416809082,12.724929809570312,13.218144416809082,9.163637161254883,177197497.0
2016-10-07,BCPG.BK,13.218144416809082,13.90864372253418,12.922216415405273,13.020858764648438,9.026864051818848,366162191.0
2016-10-10,BCPG.BK,12.23171615600586,12.626287460327148,12.133072853088379,12.330357551574707,8.54817008972168,225202284.0
2016-10-11,BCPG.BK,12.626287460327148,12.724929809570312,12.23171615600586,12.527644157409668,8.684941291809082,166106985.0
2016-10-12,BCPG.BK,12.429000854492188,12.626287460327148,11.541214942932129,12.034429550170898,8.343012809753418,236593376.0
2016-10-13,BCPG.BK,11.935787200927734,12.429000854492188,11.541214942932129,12.330357551574707,8.54817008972168,182775397.0
2016-10-14,BCPG.BK,12.724929809570312,13.90864372253418,12.626287460327148,13.711359024047852,9.505562782287598,284458872.0
2016-10-17,BCPG.BK,13.612715721130371,14.10593032836914,13.514073371887207,13.711359024047852,9.505562782287598,253674793.0
2016-10-18,BCPG.BK,13.810001373291016,14.10593032836914,13.415430068969727,14.00728702545166,9.710721969604492,238178792.0
2016-10-19,BCPG.BK,13.90864372253418,14.204572677612305,13.711359024047852,13.711359024047852,9.505562782287598,149574924.0
2016-10-20,BCPG.BK,13.90864372253418,14.00728702545166,13.711359024047852,13.810001373291016,9.57395076751709,112432959.0
2016-10-21,BCPG.BK,13.810001373291016,14.401859283447266,13.711359024047852,14.10593032836914,9.77910327911377,173435340.0
2016-10-25,BCPG.BK,14.204572677612305,14.204572677612305,13.810001373291016,13.810001373291016,9.57395076751709,67227463.0
2016-10-26,BCPG.BK,13.810001373291016,13.90864372253418,13.514073371887207,13.514073371887207,9.368790626525879,75447621.0
2016-10-27,BCPG.BK,13.612715721130371,13.90864372253418,13.612715721130371,13.612715721130371,9.437177658081055,100683099.0
2016-10-28,BCPG.BK,13.316786766052246,13.612715721130371,13.316786766052246,13.514073371887207,9.641263008117676,29142602.0
2016-10-31,BCPG.BK,13.612715721130371,13.810001373291016,13.514073371887207,13.514073371887207,9.641263008117676,39652738.0
2016-11-01,BCPG.BK,13.612715721130371,14.599143981933594,13.612715721130371,14.50050163269043,10.34500503540039,173937961.0
2016-11-02,BCPG.BK,14.401859283447266,15.191001892089844,14.303215980529785,15.092358589172363,10.767250061035156,116021257.0
2016-11-03,BCPG.BK,15.092358589172363,15.585573196411133,14.895072937011719,14.9937162399292,10.696874618530273,116224516.0
2016-11-04,BCPG.BK,14.9937162399292,15.092358589172363,14.599143981933594,14.895072937011719,10.626501083374023,83170226.0
2016-11-07,BCPG.BK,15.191001892089844,15.684215545654297,14.9937162399292,15.585573196411133,11.119119644165039,122354305.0
2016-11-08,BCPG.BK,15.289645195007324,15.289645195007324,14.599143981933594,14.697787284851074,10.485753059387207,114762373.0
2016-11-09,BCPG.BK,14.401859283447266,14.796429634094238,14.10593032836914,14.796429634094238,10.55612850189209,157127421.0
2016-11-10,BCPG.BK,14.895072937011719,14.895072937011719,14.401859283447266,14.401859283447266,10.27463436126709,60334618.0
2016-11-11,BCPG.BK,14.50050163269043,14.697787284851074,14.303215980529785,14.303215980529785,10.204254150390625,46108045.0
2016-11-14,BCPG.BK,14.204572677612305,14.401859283447266,13.90864372253418,13.90864372253418,9.922760963439941,54018500.0
2016-11-15,BCPG.BK,14.00728702545166,14.303215980529785,13.90864372253418,14.204572677612305,10.133881568908691,36591797.0
2016-11-16,BCPG.BK,14.204572677612305,14.303215980529785,13.90864372253418,14.00728702545166,9.993134498596191,17949599.0
2016-11-17,BCPG.BK,14.00728702545166,14.204572677612305,13.810001373291016,13.810001373291016,9.852384567260742,12072337.0
2016-11-18,BCPG.BK,13.90864372253418,14.204572677612305,13.711359024047852,14.00728702545166,9.993134498596191,26514029.0
2016-11-21,BCPG.BK,14.204572677612305,14.401859283447266,14.204572677612305,14.204572677612305,10.133881568908691,26540285.0
2016-11-22,BCPG.BK,14.303215980529785,14.50050163269043,14.10593032836914,14.204572677612305,10.133881568908691,15617854.0
2016-11-23,BCPG.BK,14.204572677612305,14.303215980529785,14.00728702545166,14.00728702545166,9.993134498596191,12824646.0
2016-11-24,BCPG.BK,14.10593032836914,14.10593032836914,14.00728702545166,14.00728702545166,9.993134498596191,7508297.0
2016-11-25,BCPG.BK,14.10593032836914,14.10593032836914,13.90864372253418,14.00728702545166,9.993134498596191,8672496.0
2016-11-28,BCPG.BK,14.00728702545166,14.303215980529785,14.00728702545166,14.10593032836914,10.063509941101074,13016348.0
2016-11-29,BCPG.BK,14.10593032836914,14.204572677612305,13.711359024047852,13.810001373291016,9.852384567260742,14874161.0
2016-11-30,BCPG.BK,13.810001373291016,13.90864372253418,13.711359024047852,13.810001373291016,9.852384567260742,18432046.0
2016-12-01,BCPG.BK,14.00728702545166,14.00728702545166,13.514073371887207,13.514073371887207,9.641263008117676,15304501.0
2016-12-02,BCPG.BK,13.810001373291016,13.90864372253418,13.514073371887207,13.612715721130371,9.711636543273926,26123225.0
2016-12-06,BCPG.BK,13.711359024047852,13.810001373291016,13.415430068969727,13.514073371887207,9.641263008117676,9463025.0
2016-12-07,BCPG.BK,13.514073371887207,13.711359024047852,13.514073371887207,13.514073371887207,9.641263008117676,6694148.0
2016-12-08,BCPG.BK,13.612715721130371,13.810001373291016,13.415430068969727,13.514073371887207,9.641263008117676,12829411.0
2016-12-09,BCPG.BK,13.612715721130371,13.711359024047852,13.415430068969727,13.514073371887207,9.641263008117676,9096450.0
2016-12-13,BCPG.BK,13.612715721130371,13.810001373291016,13.514073371887207,13.612715721130371,9.711636543273926,21308179.0
2016-12-14,BCPG.BK,13.711359024047852,14.00728702545166,13.711359024047852,13.810001373291016,9.852384567260742,43817864.0
2016-12-15,BCPG.BK,13.711359024047852,13.810001373291016,13.612715721130371,13.612715721130371,9.711636543273926,24437447.0
2016-12-16,BCPG.BK,13.612715721130371,13.711359024047852,13.612715721130371,13.711359024047852,9.782011985778809,5747906.0
2016-12-19,BCPG.BK,13.711359024047852,13.711359024047852,13.514073371887207,13.514073371887207,9.641263008117676,7848210.0
2016-12-20,BCPG.BK,13.514073371887207,13.810001373291016,13.514073371887207,13.514073371887207,9.641263008117676,13089846.0
2016-12-21,BCPG.BK,13.612715721130371,13.612715721130371,13.514073371887207,13.612715721130371,9.711636543273926,6197913.0
2016-12-22,BCPG.BK,13.612715721130371,13.612715721130371,13.514073371887207,13.514073371887207,9.641263008117676,3746545.0
2016-12-23,BCPG.BK,13.514073371887207,13.711359024047852,13.514073371887207,13.612715721130371,9.711636543273926,15153147.0
2016-12-26,BCPG.BK,13.514073371887207,13.612715721130371,13.514073371887207,13.514073371887207,9.747210502624512,7100158.0
2016-12-27,BCPG.BK,13.612715721130371,13.612715721130371,13.514073371887207,13.514073371887207,9.747210502624512,3767023.0
2016-12-28,BCPG.BK,13.514073371887207,13.810001373291016,13.514073371887207,13.612715721130371,9.818357467651367,14472611.0
2016-12-29,BCPG.BK,13.612715721130371,13.711359024047852,13.514073371887207,13.612715721130371,9.818357467651367,6883011.0
2016-12-30,BCPG.BK,13.711359024047852,13.810001373291016,13.514073371887207,13.810001373291016,9.960653305053711,21541140.0
2017-01-04,BCPG.BK,13.810001373291016,14.204572677612305,13.711359024047852,14.00728702545166,10.102949142456055,37797358.0
2017-01-05,BCPG.BK,14.10593032836914,14.204572677612305,13.90864372253418,13.90864372253418,10.031800270080566,19640547.0
2017-01-06,BCPG.BK,13.90864372253418,14.00728702545166,13.810001373291016,13.90864372253418,10.031800270080566,13091265.0
2017-01-09,BCPG.BK,13.810001373291016,13.90864372253418,13.612715721130371,13.711359024047852,9.889505386352539,9439506.0
2017-01-10,BCPG.BK,13.711359024047852,13.810001373291016,13.711359024047852,13.711359024047852,9.889505386352539,5107718.0
2017-01-11,BCPG.BK,13.711359024047852,13.90864372253418,13.711359024047852,13.711359024047852,9.889505386352539,13496261.0
2017-01-12,BCPG.BK,13.810001373291016,13.810001373291016,13.514073371887207,13.612715721130371,9.818357467651367,11098622.0
2017-01-16,BCPG.BK,13.711359024047852,13.711359024047852,13.514073371887207,13.612715721130371,9.818357467651367,2806487.0
2017-01-17,BCPG.BK,13.612715721130371,13.711359024047852,13.415430068969727,13.612715721130371,9.818357467651367,10703155.0
2017-01-18,BCPG.BK,13.612715721130371,13.612715721130371,13.514073371887207,13.514073371887207,9.747210502624512,3903779.0
2017-01-19,BCPG.BK,13.612715721130371,13.612715721130371,13.415430068969727,13.514073371887207,9.747210502624512,7601258.0
2017-01-20,BCPG.BK,13.514073371887207,13.711359024047852,13.514073371887207,13.612715721130371,9.818357467651367,4443706.0
2017-01-23,BCPG.BK,13.514073371887207,13.711359024047852,13.514073371887207,13.711359024047852,9.889505386352539,3903779.0
2017-01-24,BCPG.BK,13.612715721130371,13.810001373291016,13.612715721130371,13.612715721130371,9.818357467651367,7291048.0
2017-01-25,BCPG.BK,13.612715721130371,13.711359024047852,13.514073371887207,13.514073371887207,9.747210502624512,6967660.0
2017-01-26,BCPG.BK,13.514073371887207,13.711359024047852,13.415430068969727,13.514073371887207,9.747210502624512,15709295.0
2017-01-27,BCPG.BK,13.514073371887207,13.612715721130371,13.415430068969727,13.415430068969727,9.676065444946289,8118478.0
2017-01-30,BCPG.BK,13.514073371887207,13.810001373291016,13.415430068969727,13.711359024047852,9.889505386352539,14278274.0
2017-01-31,BCPG.BK,13.810001373291016,13.90864372253418,13.612715721130371,13.711359024047852,9.889505386352539,21346803.0
2017-02-01,BCPG.BK,13.711359024047852,13.810001373291016,13.612715721130371,13.612715721130371,9.818357467651367,11508180.0
2017-02-02,BCPG.BK,13.711359024047852,13.711359024047852,13.612715721130371,13.612715721130371,9.818357467651367,3760332.0
2017-02-03,BCPG.BK,13.612715721130371,13.711359024047852,13.218144416809082,13.218144416809082,9.533768653869629,28071972.0
2017-02-06,BCPG.BK,13.316786766052246,13.415430068969727,12.823573112487793,13.020858764648438,9.391472816467285,30271422.0
2017-02-07,BCPG.BK,13.020858764648438,13.218144416809082,13.020858764648438,13.119501113891602,9.46261978149414,13752336.0
2017-02-08,BCPG.BK,13.218144416809082,13.218144416809082,13.119501113891602,13.119501113891602,9.46261978149414,2473670.0
2017-02-09,BCPG.BK,13.218144416809082,13.316786766052246,13.020858764648438,13.119501113891602,9.46261978149414,10198202.0
2017-02-10,BCPG.BK,13.218144416809082,13.218144416809082,13.020858764648438,13.119501113891602,9.46261978149414,4388862.0
2017-02-14,BCPG.BK,13.119501113891602,13.119501113891602,12.922216415405273,13.020858764648438,9.391472816467285,8501070.0
2017-02-15,BCPG.BK,13.119501113891602,13.218144416809082,12.922216415405273,13.020858764648438,9.391472816467285,7962156.0
2017-02-16,BCPG.BK,13.020858764648438,13.020858764648438,12.330357551574707,12.527644157409668,9.035737991333008,35976750.0
2017-02-17,BCPG.BK,12.626287460327148,12.724929809570312,12.527644157409668,12.626287460327148,9.106882095336914,15796073.0
2017-02-20,BCPG.BK,12.724929809570312,12.724929809570312,12.527644157409668,12.527644157409668,9.035737991333008,8886298.0
2017-02-21,BCPG.BK,12.527644157409668,12.724929809570312,12.527644157409668,12.724929809570312,9.178030967712402,6770686.0
2017-02-22,BCPG.BK,12.724929809570312,12.724929809570312,12.330357551574707,12.429000854492188,8.96458911895752,24431770.0
2017-02-23,BCPG.BK,12.527644157409668,12.527644157409668,12.23171615600586,12.429000854492188,8.96458911895752,8975407.0
2017-02-24,BCPG.BK,12.429000854492188,12.527644157409668,12.330357551574707,12.330357551574707,8.893439292907715,5297696.0
2017-02-27,BCPG.BK,12.330357551574707,12.429000854492188,12.330357551574707,12.429000854492188,8.96458911895752,4745908.0
2017-02-28,BCPG.BK,12.429000854492188,12.724929809570312,12.429000854492188,12.527644157409668,9.035737991333008,16726601.0
2017-03-01,BCPG.BK,12.527644157409668,12.626287460327148,12.429000854492188,12.527644157409668,9.035737991333008,5711918.0
2017-03-02,BCPG.BK,12.527644157409668,12.626287460327148,12.527644157409668,12.626287460327148,9.106882095336914,4836740.0
2017-03-03,BCPG.BK,12.626287460327148,12.626287460327148,12.527644157409668,12.626287460327148,9.106882095336914,1359449.0
2017-03-06,BCPG.BK,12.626287460327148,12.626287460327148,12.429000854492188,12.429000854492188,8.96458911895752,6973641.0
2017-03-07,BCPG.BK,12.429000854492188,12.527644157409668,12.330357551574707,12.330357551574707,8.893439292907715,5895002.0
2017-03-08,BCPG.BK,12.429000854492188,12.429000854492188,12.133072853088379,12.23171615600586,8.82229232788086,9617522.0
2017-03-09,BCPG.BK,12.133072853088379,12.23171615600586,12.034429550170898,12.23171615600586,8.93032169342041,2369456.0
2017-03-10,BCPG.BK,12.23171615600586,12.330357551574707,12.133072853088379,12.133072853088379,8.85830307006836,6647718.0
2017-03-13,BCPG.BK,12.133072853088379,12.23171615600586,12.034429550170898,12.23171615600586,8.93032169342041,1730282.0
2017-03-14,BCPG.BK,12.23171615600586,12.23171615600586,12.133072853088379,12.23171615600586,8.93032169342041,5738681.0
2017-03-15,BCPG.BK,12.23171615600586,12.330357551574707,12.133072853088379,12.23171615600586,8.93032169342041,1891773.0
2017-03-16,BCPG.BK,12.23171615600586,12.429000854492188,12.23171615600586,12.429000854492188,9.074358940124512,3795408.0
2017-03-17,BCPG.BK,12.429000854492188,12.527644157409668,12.330357551574707,12.429000854492188,9.074358940124512,11683966.0
2017-03-20,BCPG.BK,12.429000854492188,12.527644157409668,12.429000854492188,12.527644157409668,9.146377563476562,3577856.0
2017-03-21,BCPG.BK,12.527644157409668,12.527644157409668,12.429000854492188,12.527644157409668,9.146377563476562,3980824.0
2017-03-22,BCPG.BK,12.527644157409668,12.527644157409668,12.429000854492188,12.527644157409668,9.146377563476562,2287342.0
2017-03-23,BCPG.BK,12.527644157409668,12.527644157409668,12.23171615600586,12.429000854492188,9.074358940124512,5938188.0
2017-03-24,BCPG.BK,12.330357551574707,12.429000854492188,12.330357551574707,12.330357551574707,9.002338409423828,1135206.0
2017-03-27,BCPG.BK,12.429000854492188,12.429000854492188,12.330357551574707,12.330357551574707,9.002338409423828,1248037.0
2017-03-28,BCPG.BK,12.429000854492188,12.429000854492188,12.330357551574707,12.330357551574707,9.002338409423828,2204011.0
2017-03-29,BCPG.BK,12.330357551574707,12.429000854492188,12.330357551574707,12.330357551574707,9.002338409423828,4865531.0
2017-03-30,BCPG.BK,12.330357551574707,12.429000854492188,12.330357551574707,12.330357551574707,9.002338409423828,3046241.0
2017-03-31,BCPG.BK,12.429000854492188,12.429000854492188,12.330357551574707,12.330357551574707,9.002338409423828,2377972.0
2017-04-03,BCPG.BK,12.429000854492188,12.527644157409668,12.330357551574707,12.429000854492188,9.074358940124512,4626386.0
2017-04-04,BCPG.BK,12.429000854492188,12.527644157409668,12.330357551574707,12.527644157409668,9.146377563476562,18403053.0
2017-04-05,BCPG.BK,12.527644157409668,12.626287460327148,12.330357551574707,12.429000854492188,9.074358940124512,8273380.0
2017-04-07,BCPG.BK,12.429000854492188,12.527644157409668,12.330357551574707,12.330357551574707,9.002338409423828,2281056.0
2017-04-10,BCPG.BK,12.330357551574707,12.429000854492188,12.330357551574707,12.330357551574707,9.002338409423828,1535133.0
2017-04-11,BCPG.BK,12.330357551574707,12.429000854492188,12.330357551574707,12.429000854492188,9.074358940124512,3782533.0
2017-04-12,BCPG.BK,12.330357551574707,12.429000854492188,12.23171615600586,12.330357551574707,9.002338409423828,3586675.0
2017-04-17,BCPG.BK,12.23171615600586,12.23171615600586,12.133072853088379,12.133072853088379,8.85830307006836,5403634.0
2017-04-18,BCPG.BK,12.133072853088379,12.23171615600586,12.034429550170898,12.034429550170898,8.786283493041992,2432613.0
2017-04-19,BCPG.BK,12.034429550170898,12.133072853088379,11.935787200927734,12.034429550170898,8.786283493041992,4171208.0
2017-04-20,BCPG.BK,12.034429550170898,12.23171615600586,12.034429550170898,12.133072853088379,8.85830307006836,3365473.0
2017-04-21,BCPG.BK,12.133072853088379,12.23171615600586,12.133072853088379,12.23171615600586,8.93032169342041,2079724.0
2017-04-24,BCPG.BK,12.23171615600586,12.23171615600586,12.133072853088379,12.133072853088379,8.85830307006836,968544.0
2017-04-25,BCPG.BK,12.23171615600586,12.23171615600586,11.837143898010254,12.034429550170898,8.786283493041992,7561114.0
2017-04-26,BCPG.BK,12.133072853088379,12.724929809570312,12.133072853088379,12.724929809570312,9.290416717529297,18971669.0
2017-04-27,BCPG.BK,12.823573112487793,13.316786766052246,12.823573112487793,13.316786766052246,9.722528457641602,42792549.0
2017-04-28,BCPG.BK,13.316786766052246,13.316786766052246,13.020858764648438,13.218144416809082,9.650508880615234,10142243.0
2017-05-02,BCPG.BK,13.218144416809082,13.218144416809082,13.020858764648438,13.218144416809082,9.650508880615234,11401837.0
2017-05-03,BCPG.BK,13.218144416809082,13.514073371887207,13.119501113891602,13.514073371887207,9.866565704345703,21571959.0
2017-05-04,BCPG.BK,13.316786766052246,13.612715721130371,13.218144416809082,13.612715721130371,9.938582420349121,11476348.0
2017-05-08,BCPG.BK,13.316786766052246,13.514073371887207,13.316786766052246,13.316786766052246,9.722528457641602,2434337.0
2017-05-09,BCPG.BK,13.415430068969727,13.514073371887207,13.316786766052246,13.415430068969727,9.794548034667969,8140679.0
2017-05-11,BCPG.BK,13.415430068969727,13.415430068969727,13.020858764648438,13.316786766052246,9.722528457641602,10943416.0
2017-05-12,BCPG.BK,13.119501113891602,13.415430068969727,12.922216415405273,13.316786766052246,9.722528457641602,15685877.0
2017-05-15,BCPG.BK,13.020858764648438,13.020858764648438,13.020858764648438,13.020858764648438,9.506471633911133,166256.0
2017-05-16,BCPG.BK,13.020858764648438,13.711359024047852,13.020858764648438,13.711359024047852,10.010602951049805,18191177.0
2017-05-17,BCPG.BK,13.810001373291016,13.810001373291016,13.612715721130371,13.711359024047852,10.010602951049805,14838984.0
2017-05-18,BCPG.BK,13.711359024047852,14.10593032836914,13.612715721130371,13.90864372253418,10.15463924407959,29057548.0
2017-05-19,BCPG.BK,14.00728702545166,14.204572677612305,13.810001373291016,14.10593032836914,10.298674583435059,22444602.0
2017-05-22,BCPG.BK,14.10593032836914,14.204572677612305,13.90864372253418,14.10593032836914,10.298674583435059,8350527.0
2017-05-23,BCPG.BK,14.00728702545166,14.303215980529785,13.90864372253418,14.10593032836914,10.298674583435059,12589657.0
2017-05-24,BCPG.BK,14.10593032836914,14.204572677612305,13.711359024047852,13.90864372253418,10.15463924407959,10080404.0
2017-05-25,BCPG.BK,14.00728702545166,14.303215980529785,13.90864372253418,14.204572677612305,10.37069320678711,12185472.0
2017-05-26,BCPG.BK,14.204572677612305,14.303215980529785,14.00728702545166,14.10593032836914,10.298674583435059,5016986.0
2017-05-29,BCPG.BK,14.204572677612305,14.796429634094238,14.10593032836914,14.50050163269043,10.586750984191895,35490451.0
2017-05-30,BCPG.BK,14.50050163269043,14.599143981933594,14.401859283447266,14.50050163269043,10.586750984191895,7038927.0
2017-05-31,BCPG.BK,14.599143981933594,14.697787284851074,14.401859283447266,14.599143981933594,10.658769607543945,13162532.0
2017-06-01,BCPG.BK,14.50050163269043,14.697787284851074,14.401859283447266,14.599143981933594,10.658769607543945,5896320.0
2017-06-02,BCPG.BK,14.599143981933594,14.697787284851074,14.50050163269043,14.50050163269043,10.586750984191895,4921389.0
2017-06-05,BCPG.BK,14.50050163269043,14.599143981933594,14.10593032836914,14.303215980529785,10.442712783813477,15718621.0
2017-06-06,BCPG.BK,14.303215980529785,14.401859283447266,14.10593032836914,14.303215980529785,10.442712783813477,6180172.0
2017-06-07,BCPG.BK,14.303215980529785,14.50050163269043,14.204572677612305,14.50050163269043,10.586750984191895,5881519.0
2017-06-08,BCPG.BK,14.50050163269043,14.50050163269043,14.303215980529785,14.303215980529785,10.442712783813477,4202229.0
2017-06-09,BCPG.BK,14.401859283447266,14.697787284851074,14.401859283447266,14.697787284851074,10.730789184570312,20285703.0
2017-06-12,BCPG.BK,14.599143981933594,14.599143981933594,14.50050163269043,14.599143981933594,10.76716423034668,7646066.0
2017-06-13,BCPG.BK,14.599143981933594,14.9937162399292,14.50050163269043,14.895072937011719,10.985416412353516,34809205.0
2017-06-14,BCPG.BK,14.895072937011719,14.895072937011719,14.697787284851074,14.697787284851074,10.83991527557373,6372685.0
2017-06-15,BCPG.BK,14.796429634094238,14.796429634094238,14.599143981933594,14.599143981933594,10.76716423034668,2230875.0
2017-06-16,BCPG.BK,14.599143981933594,14.697787284851074,14.599143981933594,14.697787284851074,10.83991527557373,3023938.0
2017-06-19,BCPG.BK,14.697787284851074,14.796429634094238,14.50050163269043,14.796429634094238,10.912666320800781,6065719.0
2017-06-20,BCPG.BK,14.796429634094238,14.796429634094238,14.599143981933594,14.599143981933594,10.76716423034668,2406661.0
2017-06-21,BCPG.BK,14.599143981933594,14.796429634094238,14.599143981933594,14.697787284851074,10.83991527557373,2841158.0
2017-06-22,BCPG.BK,14.697787284851074,14.9937162399292,14.599143981933594,14.9937162399292,11.0581693649292,17191510.0
2017-06-23,BCPG.BK,14.895072937011719,14.895072937011719,14.599143981933594,14.796429634094238,10.912666320800781,17916753.0
2017-06-26,BCPG.BK,14.697787284851074,14.9937162399292,14.697787284851074,14.895072937011719,10.985416412353516,10295320.0
2017-06-27,BCPG.BK,14.895072937011719,14.9937162399292,14.599143981933594,14.599143981933594,10.76716423034668,6970802.0
2017-06-28,BCPG.BK,14.599143981933594,14.697787284851074,14.10593032836914,14.303215980529785,10.548909187316895,25663385.0
2017-06-29,BCPG.BK,14.204572677612305,14.50050163269043,14.204572677612305,14.401859283447266,10.621663093566895,11923213.0
2017-06-30,BCPG.BK,14.303215980529785,14.401859283447266,14.204572677612305,14.204572677612305,10.476161003112793,7266414.0
2017-07-03,BCPG.BK,14.204572677612305,14.401859283447266,14.10593032836914,14.204572677612305,10.476161003112793,10857550.0
2017-07-04,BCPG.BK,14.204572677612305,14.401859283447266,14.204572677612305,14.303215980529785,10.548909187316895,5405661.0
2017-07-05,BCPG.BK,14.303215980529785,14.599143981933594,14.303215980529785,14.50050163269043,10.694413185119629,8687601.0
2017-07-06,BCPG.BK,14.50050163269043,14.50050163269043,14.204572677612305,14.204572677612305,10.476161003112793,6044430.0
2017-07-07,BCPG.BK,14.303215980529785,14.303215980529785,14.10593032836914,14.204572677612305,10.476161003112793,4359564.0
2017-07-11,BCPG.BK,14.204572677612305,14.401859283447266,14.204572677612305,14.401859283447266,10.621663093566895,2469108.0
2017-07-12,BCPG.BK,14.303215980529785,14.599143981933594,14.303215980529785,14.50050163269043,10.694413185119629,17211786.0
2017-07-13,BCPG.BK,14.50050163269043,14.599143981933594,14.401859283447266,14.401859283447266,10.621663093566895,7944010.0
2017-07-14,BCPG.BK,14.50050163269043,14.697787284851074,14.401859283447266,14.599143981933594,10.76716423034668,11061620.0
2017-07-17,BCPG.BK,14.599143981933594,14.796429634094238,14.599143981933594,14.697787284851074,10.83991527557373,21693103.0
2017-07-18,BCPG.BK,14.697787284851074,14.796429634094238,14.599143981933594,14.599143981933594,10.76716423034668,4427486.0
2017-07-19,BCPG.BK,14.599143981933594,14.697787284851074,14.204572677612305,14.303215980529785,10.548909187316895,10664227.0
2017-07-20,BCPG.BK,14.401859283447266,14.401859283447266,14.303215980529785,14.401859283447266,10.621663093566895,9079622.0
2017-07-21,BCPG.BK,14.50050163269043,14.895072937011719,14.50050163269043,14.697787284851074,10.83991527557373,18033943.0
2017-07-24,BCPG.BK,14.895072937011719,15.191001892089844,14.895072937011719,15.092358589172363,11.130922317504883,26818663.0
2017-07-25,BCPG.BK,15.092358589172363,15.388286590576172,14.9937162399292,15.289645195007324,11.276424407958984,32099633.0
2017-07-26,BCPG.BK,15.289645195007324,15.388286590576172,14.9937162399292,15.092358589172363,11.130922317504883,12080852.0
2017-07-27,BCPG.BK,15.289645195007324,15.388286590576172,15.092358589172363,15.191001892089844,11.203670501708984,24705079.0
2017-07-31,BCPG.BK,15.191001892089844,15.684215545654297,15.191001892089844,15.289645195007324,11.276424407958984,55424988.0
2017-08-01,BCPG.BK,15.289645195007324,15.585573196411133,15.191001892089844,15.585573196411133,11.494672775268555,18734551.0
2017-08-02,BCPG.BK,15.585573196411133,15.782858848571777,15.388286590576172,15.486929893493652,11.421923637390137,23411321.0
2017-08-03,BCPG.BK,15.585573196411133,15.684215545654297,15.388286590576172,15.486929893493652,11.421923637390137,9265646.0
2017-08-04,BCPG.BK,15.585573196411133,15.585573196411133,15.486929893493652,15.585573196411133,11.494672775268555,6159593.0
2017-08-07,BCPG.BK,15.585573196411133,15.684215545654297,15.289645195007324,15.486929893493652,11.421923637390137,22560170.0
2017-08-08,BCPG.BK,15.486929893493652,15.486929893493652,15.289645195007324,15.388286590576172,11.34917163848877,5224807.0
2017-08-09,BCPG.BK,15.289645195007324,15.388286590576172,14.697787284851074,14.697787284851074,10.83991527557373,14782315.0
2017-08-10,BCPG.BK,14.697787284851074,14.895072937011719,14.50050163269043,14.895072937011719,10.985416412353516,9807804.0
2017-08-11,BCPG.BK,14.9937162399292,14.9937162399292,14.697787284851074,14.895072937011719,10.985416412353516,8238507.0
2017-08-15,BCPG.BK,14.895072937011719,14.9937162399292,14.796429634094238,14.895072937011719,10.985416412353516,3846907.0
2017-08-16,BCPG.BK,14.9937162399292,15.388286590576172,14.796429634094238,15.388286590576172,11.34917163848877,13195479.0
2017-08-17,BCPG.BK,15.289645195007324,15.388286590576172,15.191001892089844,15.289645195007324,11.276424407958984,3787095.0
2017-08-18,BCPG.BK,15.289645195007324,15.486929893493652,15.191001892089844,15.486929893493652,11.421923637390137,8125980.0
2017-08-21,BCPG.BK,15.585573196411133,15.684215545654297,15.486929893493652,15.684215545654297,11.567427635192871,8706457.0
2017-08-22,BCPG.BK,15.684215545654297,15.881502151489258,15.289645195007324,15.388286590576172,11.34917163848877,37846931.0
2017-08-23,BCPG.BK,15.388286590576172,15.486929893493652,15.289645195007324,15.388286590576172,11.34917163848877,6759231.0
2017-08-24,BCPG.BK,15.388286590576172,15.486929893493652,15.092358589172363,15.289645195007324,11.276424407958984,7149933.0
2017-08-25,BCPG.BK,15.289645195007324,15.486929893493652,15.289645195007324,15.388286590576172,11.34917163848877,1776610.0
2017-08-28,BCPG.BK,15.388286590576172,15.388286590576172,15.388286590576172,15.388286590576172,11.34917163848877,350253.0
2017-08-29,BCPG.BK,15.388286590576172,15.486929893493652,15.289645195007324,15.486929893493652,11.421923637390137,12266775.0
2017-08-30,BCPG.BK,15.585573196411133,15.585573196411133,15.289645195007324,15.289645195007324,11.276424407958984,10565081.0
2017-08-31,BCPG.BK,15.289645195007324,15.486929893493652,15.289645195007324,15.388286590576172,11.34917163848877,6647616.0
2017-09-01,BCPG.BK,15.486929893493652,15.585573196411133,15.388286590576172,15.388286590576172,11.34917163848877,6175002.0
2017-09-04,BCPG.BK,15.486929893493652,15.782858848571777,15.388286590576172,15.684215545654297,11.567427635192871,26073348.0
2017-09-05,BCPG.BK,15.782858848571777,16.07878875732422,15.782858848571777,15.782858848571777,11.640179634094238,45322585.0
2017-09-06,BCPG.BK,15.782858848571777,15.881502151489258,15.585573196411133,15.782858848571777,11.640179634094238,18466412.0
2017-09-07,BCPG.BK,15.881502151489258,15.881502151489258,15.684215545654297,15.881502151489258,11.712928771972656,7468456.0
2017-09-08,BCPG.BK,15.782858848571777,15.782858848571777,15.585573196411133,15.585573196411133,11.60277271270752,8863286.0
2017-09-11,BCPG.BK,15.585573196411133,15.684215545654297,15.388286590576172,15.486929893493652,11.529338836669922,4799434.0
2017-09-12,BCPG.BK,15.486929893493652,15.684215545654297,15.486929893493652,15.585573196411133,11.60277271270752,4966907.0
2017-09-13,BCPG.BK,15.684215545654297,15.881502151489258,15.684215545654297,15.782858848571777,11.749648094177246,16411829.0
2017-09-14,BCPG.BK,15.782858848571777,16.07878875732422,15.684215545654297,16.07878875732422,11.969952583312988,22283820.0
2017-09-15,BCPG.BK,15.980145454406738,15.980145454406738,15.684215545654297,15.782858848571777,11.749648094177246,10421026.0
2017-09-18,BCPG.BK,15.782858848571777,16.17742919921875,15.684215545654297,15.782858848571777,11.749648094177246,33292826.0
2017-09-19,BCPG.BK,15.881502151489258,15.980145454406738,15.684215545654297,15.881502151489258,11.823081970214844,10137985.0
2017-09-20,BCPG.BK,15.980145454406738,16.572002410888672,15.881502151489258,16.572002410888672,12.337125778198242,51921846.0
2017-09-21,BCPG.BK,16.473358154296875,17.459787368774414,16.37471580505371,17.262502670288086,12.851174354553223,68382741.0
2017-09-22,BCPG.BK,17.262502670288086,18.051645278930664,17.065216064453125,17.9530029296875,13.365221977233887,44453693.0
2017-09-25,BCPG.BK,17.9530029296875,19.334001541137695,17.9530029296875,19.038074493408203,14.173014640808105,54555690.0
2017-09-26,BCPG.BK,19.136716842651367,19.531288146972656,18.544858932495117,19.038074493408203,14.173014640808105,34036722.0
2017-09-27,BCPG.BK,18.939430236816406,19.136716842651367,18.64350128173828,18.840787887573242,14.026140213012695,18887021.0
2017-09-28,BCPG.BK,18.840787887573242,19.531288146972656,18.64350128173828,18.939430236816406,14.099574089050293,33280560.0
2017-09-29,BCPG.BK,18.840787887573242,19.136716842651367,18.64350128173828,19.038074493408203,14.173014640808105,11163705.0
2017-10-02,BCPG.BK,19.038074493408203,20.22178840637207,19.038074493408203,19.925859451293945,14.833931922912598,48340441.0
2017-10-03,BCPG.BK,20.02450180053711,20.02450180053711,19.334001541137695,20.02450180053711,14.907363891601562,32269944.0
2017-10-04,BCPG.BK,20.123144149780273,20.123144149780273,19.62993049621582,19.728574752807617,14.687057495117188,16220939.0
2017-10-05,BCPG.BK,19.925859451293945,19.925859451293945,19.531288146972656,19.62993049621582,14.61362075805664,15070323.0
2017-10-06,BCPG.BK,19.728574752807617,20.61635971069336,19.728574752807617,20.61635971069336,15.347972869873047,55880267.0
2017-10-09,BCPG.BK,20.715002059936523,21.405502319335938,20.61635971069336,21.405502319335938,15.935454368591309,29416317.0
2017-10-10,BCPG.BK,21.5041446685791,21.997360229492188,21.109573364257812,21.6027889251709,16.082334518432617,31636041.0
2017-10-11,BCPG.BK,21.5041446685791,21.6027889251709,20.61635971069336,20.61635971069336,15.347972869873047,34144383.0
2017-10-12,BCPG.BK,20.517717361450195,20.912288665771484,19.82721710205078,20.320430755615234,15.127667427062988,33523456.0
2017-10-16,BCPG.BK,21.306859970092773,21.306859970092773,21.306859970092773,21.306859970092773,15.862022399902344,3548254.0
2017-10-17,BCPG.BK,21.306859970092773,21.701431274414062,20.813644409179688,21.01093101501465,15.641714096069336,36712941.0
2017-10-18,BCPG.BK,21.109573364257812,21.20821762084961,20.320430755615234,20.4190731048584,15.201103210449219,39834606.0
2017-10-19,BCPG.BK,20.517717361450195,20.912288665771484,19.925859451293945,20.02450180053711,14.907363891601562,41265526.0
2017-10-20,BCPG.BK,20.02450180053711,20.4190731048584,19.82721710205078,20.4190731048584,15.201103210449219,25822646.0
2017-10-24,BCPG.BK,20.4190731048584,20.912288665771484,20.22178840637207,20.813644409179688,15.49484634399414,26230785.0
2017-10-25,BCPG.BK,21.01093101501465,21.898717880249023,20.912288665771484,21.306859970092773,15.862022399902344,63082409.0
2017-10-27,BCPG.BK,21.5041446685791,22.589216232299805,21.306859970092773,22.391931533813477,16.669809341430664,83243825.0
2017-10-30,BCPG.BK,22.391931533813477,23.67428970336914,22.19464683532715,23.27971649169922,17.33072853088379,69140931.0
2017-10-31,BCPG.BK,23.27971649169922,23.67428970336914,22.983789443969727,23.575645446777344,17.551034927368164,30233102.0
2017-11-01,BCPG.BK,23.575645446777344,24.266145706176758,23.378360748291016,23.378360748291016,17.404165267944336,49204467.0
2017-11-02,BCPG.BK,23.47700309753418,23.575645446777344,22.88514518737793,23.181074142456055,17.257291793823242,25267411.0
2017-11-03,BCPG.BK,23.27971649169922,23.575645446777344,23.08243179321289,23.181074142456055,17.257291793823242,20193755.0
2017-11-06,BCPG.BK,23.181074142456055,23.378360748291016,22.589216232299805,23.378360748291016,17.404165267944336,17476985.0
2017-11-07,BCPG.BK,23.47700309753418,23.47700309753418,22.983789443969727,23.08243179321289,17.18385887145996,13375016.0
2017-11-08,BCPG.BK,23.181074142456055,24.562074661254883,22.88514518737793,24.562074661254883,18.28538703918457,49800050.0
2017-11-09,BCPG.BK,24.660717010498047,24.907325744628906,24.167503356933594,24.167503356933594,17.99164390563965,45887958.0
2017-11-10,BCPG.BK,24.167503356933594,24.364788055419922,23.67428970336914,23.67428970336914,17.62447166442871,24799156.0
2017-11-13,BCPG.BK,23.575645446777344,23.575645446777344,22.589216232299805,22.786502838134766,16.963550567626953,35485889.0
2017-11-14,BCPG.BK,22.589216232299805,23.08243179321289,22.09600257873535,22.6878604888916,16.89011573791504,38836460.0
2017-11-15,BCPG.BK,22.6878604888916,22.786502838134766,21.5041446685791,21.5041446685791,16.008892059326172,52990347.0
2017-11-16,BCPG.BK,21.800073623657227,22.29328727722168,21.6027889251709,21.898717880249023,16.30263328552246,24680749.0
2017-11-17,BCPG.BK,22.09600257873535,22.09600257873535,21.6027889251709,21.701431274414062,16.15576171875,19646021.0
2017-11-20,BCPG.BK,21.800073623657227,21.898717880249023,20.813644409179688,21.01093101501465,15.641714096069336,47053476.0
2017-11-21,BCPG.BK,21.800073623657227,21.800073623657227,21.800073623657227,21.800073623657227,16.22920036315918,43748625.0
2017-11-22,BCPG.BK,21.800073623657227,22.589216232299805,21.405502319335938,22.391931533813477,16.669809341430664,44867408.0
2017-11-23,BCPG.BK,22.391931533813477,22.391931533813477,21.800073623657227,21.800073623657227,16.22920036315918,25855188.0
2017-11-24,BCPG.BK,21.898717880249023,21.898717880249023,21.109573364257812,21.109573364257812,15.715154647827148,39632564.0
2017-11-27,BCPG.BK,21.01093101501465,21.405502319335938,20.912288665771484,21.109573364257812,15.715154647827148,17902662.0
2017-11-28,BCPG.BK,21.109573364257812,21.898717880249023,21.01093101501465,21.701431274414062,16.15576171875,32934665.0
2017-11-29,BCPG.BK,21.898717880249023,22.19464683532715,21.800073623657227,21.898717880249023,16.30263328552246,22472987.0
2017-11-30,BCPG.BK,21.800073623657227,21.800073623657227,21.20821762084961,21.800073623657227,16.22920036315918,25163906.0
2017-12-01,BCPG.BK,21.997360229492188,21.997360229492188,21.405502319335938,21.5041446685791,16.008892059326172,10338304.0
2017-12-04,BCPG.BK,21.6027889251709,21.701431274414062,21.20821762084961,21.405502319335938,15.935454368591309,9579100.0
2017-12-06,BCPG.BK,21.306859970092773,21.405502319335938,21.01093101501465,21.109573364257812,15.715154647827148,15301054.0
2017-12-07,BCPG.BK,21.01093101501465,21.5041446685791,21.01093101501465,21.306859970092773,15.97398853302002,12051250.0
2017-12-08,BCPG.BK,21.405502319335938,21.898717880249023,21.306859970092773,21.701431274414062,16.269805908203125,23788236.0
2017-12-12,BCPG.BK,21.701431274414062,22.09600257873535,21.701431274414062,21.997360229492188,16.491662979125977,21242487.0
2017-12-13,BCPG.BK,21.997360229492188,21.997360229492188,21.6027889251709,21.997360229492188,16.491662979125977,11224429.0
2017-12-14,BCPG.BK,21.997360229492188,22.391931533813477,21.997360229492188,22.19464683532715,16.63957405090332,17599548.0
2017-12-15,BCPG.BK,22.29328727722168,22.6878604888916,22.29328727722168,22.6878604888916,17.00933837890625,37620660.0
2017-12-18,BCPG.BK,22.786502838134766,23.181074142456055,22.6878604888916,23.08243179321289,17.30515480041504,28260227.0
2017-12-19,BCPG.BK,23.08243179321289,23.47700309753418,22.88514518737793,23.181074142456055,17.37911033630371,23462212.0
2017-12-20,BCPG.BK,23.27971649169922,23.27971649169922,22.983789443969727,22.983789443969727,17.231201171875,9489585.0
2017-12-21,BCPG.BK,22.983789443969727,23.378360748291016,22.983789443969727,23.08243179321289,17.30515480041504,17286195.0
2017-12-22,BCPG.BK,23.181074142456055,23.47700309753418,23.08243179321289,23.47700309753418,17.600967407226562,15885587.0
2017-12-25,BCPG.BK,23.47700309753418,24.266145706176758,23.378360748291016,24.167503356933594,18.11864471435547,32160357.0
2017-12-26,BCPG.BK,24.364788055419922,24.364788055419922,23.772932052612305,24.068859100341797,18.04469108581543,36713347.0
2017-12-27,BCPG.BK,24.266145706176758,24.266145706176758,23.378360748291016,23.378360748291016,17.527021408081055,41034186.0
2017-12-28,BCPG.BK,23.27971649169922,23.47700309753418,22.6878604888916,23.08243179321289,17.30515480041504,31126932.0
2017-12-29,BCPG.BK,23.08243179321289,23.772932052612305,23.08243179321289,23.47700309753418,17.600967407226562,24144167.0
2018-01-03,BCPG.BK,23.575645446777344,24.364788055419922,23.47700309753418,24.266145706176758,18.192594528198242,53837139.0
2018-01-04,BCPG.BK,24.46343231201172,25.40053939819336,24.364788055419922,25.153932571411133,18.858179092407227,86254991.0
2018-01-05,BCPG.BK,25.40053939819336,26.3869686126709,25.153932571411133,25.647146224975586,19.227951049804688,58226204.0
2018-01-08,BCPG.BK,25.647146224975586,25.647146224975586,24.907325744628906,24.907325744628906,18.673295974731445,32763746.0
2018-01-09,BCPG.BK,25.153932571411133,25.153932571411133,25.153932571411133,25.153932571411133,18.858179092407227,2164778.0
2018-01-10,BCPG.BK,25.40053939819336,25.647146224975586,24.660717010498047,25.153932571411133,18.858179092407227,37970610.0
2018-01-11,BCPG.BK,25.153932571411133,26.633575439453125,24.660717010498047,26.633575439453125,19.967485427856445,61295559.0
2018-01-12,BCPG.BK,26.88018226623535,27.62000274658203,26.88018226623535,27.126789093017578,20.337255477905273,46994982.0
2018-01-15,BCPG.BK,27.373395919799805,27.62000274658203,26.14035987854004,26.14035987854004,19.597719192504883,56041860.0
2018-01-16,BCPG.BK,25.893753051757812,25.893753051757812,25.153932571411133,25.40053939819336,19.043066024780273,55832113.0
2018-01-17,BCPG.BK,24.907325744628906,26.88018226623535,24.907325744628906,26.3869686126709,19.78260040283203,41346120.0
2018-01-18,BCPG.BK,26.633575439453125,26.88018226623535,25.40053939819336,25.40053939819336,19.043066024780273,36160038.0
2018-01-19,BCPG.BK,25.153932571411133,26.14035987854004,25.153932571411133,26.14035987854004,19.597719192504883,32703630.0
2018-01-22,BCPG.BK,25.893753051757812,26.633575439453125,25.893753051757812,26.3869686126709,19.78260040283203,19598780.0
2018-01-23,BCPG.BK,26.633575439453125,26.88018226623535,25.647146224975586,25.647146224975586,19.227951049804688,37497387.0
2018-01-24,BCPG.BK,25.893753051757812,26.633575439453125,25.647146224975586,26.633575439453125,19.967485427856445,27909974.0
2018-01-25,BCPG.BK,26.3869686126709,26.633575439453125,25.647146224975586,25.647146224975586,19.227951049804688,22986962.0
2018-01-26,BCPG.BK,25.153932571411133,25.893753051757812,25.153932571411133,25.647146224975586,19.227951049804688,28020271.0
2018-01-29,BCPG.BK,25.893753051757812,25.893753051757812,25.40053939819336,25.647146224975586,19.227951049804688,6720607.0
2018-01-30,BCPG.BK,25.40053939819336,25.647146224975586,24.907325744628906,25.40053939819336,19.043066024780273,14445544.0
2018-01-31,BCPG.BK,25.153932571411133,25.647146224975586,25.153932571411133,25.40053939819336,19.043066024780273,18339591.0
2018-02-01,BCPG.BK,25.40053939819336,25.647146224975586,25.153932571411133,25.40053939819336,19.043066024780273,7021389.0
2018-02-02,BCPG.BK,25.647146224975586,25.893753051757812,25.153932571411133,25.40053939819336,19.043066024780273,8675436.0
2018-02-05,BCPG.BK,24.660717010498047,25.153932571411133,24.660717010498047,24.907325744628906,18.673295974731445,16564096.0
2018-02-06,BCPG.BK,24.266145706176758,24.907325744628906,23.772932052612305,24.660717010498047,18.488412857055664,58488058.0
2018-02-07,BCPG.BK,25.153932571411133,25.153932571411133,24.562074661254883,24.660717010498047,18.488412857055664,25680619.0
2018-02-08,BCPG.BK,24.907325744628906,24.907325744628906,24.364788055419922,24.562074661254883,18.414459228515625,9768977.0
2018-02-09,BCPG.BK,24.167503356933594,24.907325744628906,24.167503356933594,24.660717010498047,18.488412857055664,16122908.0
2018-02-12,BCPG.BK,24.660717010498047,25.40053939819336,24.660717010498047,25.40053939819336,19.043066024780273,18705761.0
2018-02-13,BCPG.BK,25.40053939819336,25.40053939819336,24.907325744628906,24.907325744628906,18.673295974731445,17722213.0
2018-02-14,BCPG.BK,25.153932571411133,25.153932571411133,24.562074661254883,24.907325744628906,18.673295974731445,9803343.0
2018-02-15,BCPG.BK,24.660717010498047,24.907325744628906,24.562074661254883,24.660717010498047,18.488412857055664,8184473.0
2018-02-16,BCPG.BK,24.907325744628906,24.907325744628906,24.562074661254883,24.660717010498047,18.488412857055664,7390093.0
2018-02-19,BCPG.BK,24.660717010498047,24.907325744628906,24.46343231201172,24.46343231201172,18.340505599975586,11336348.0
2018-02-20,BCPG.BK,24.46343231201172,24.660717010498047,24.167503356933594,24.266145706176758,18.192594528198242,14668875.0
2018-02-21,BCPG.BK,24.364788055419922,24.46343231201172,23.87157440185547,23.87157440185547,17.89678382873535,15810062.0
2018-02-22,BCPG.BK,23.67428970336914,23.87157440185547,22.786502838134766,22.786502838134766,17.083293914794922,35558068.0
2018-02-23,BCPG.BK,22.983789443969727,24.167503356933594,22.983789443969727,24.068859100341797,18.04469108581543,25387845.0
2018-02-26,BCPG.BK,24.068859100341797,24.266145706176758,23.87157440185547,24.266145706176758,18.192594528198242,15576898.0
2018-02-27,BCPG.BK,24.46343231201172,24.907325744628906,23.970216751098633,24.068859100341797,18.04469108581543,42173346.0
2018-02-28,BCPG.BK,23.47700309753418,23.575645446777344,22.6878604888916,22.6878604888916,17.00933837890625,81488706.0
2018-03-02,BCPG.BK,22.49057388305664,22.589216232299805,21.898717880249023,21.898717880249023,16.41771125793457,41987828.0
2018-03-05,BCPG.BK,21.997360229492188,22.49057388305664,21.898717880249023,22.09600257873535,16.565622329711914,42546206.0
2018-03-06,BCPG.BK,21.109573364257812,21.109573364257812,21.109573364257812,21.109573364257812,15.826079368591309,3514192.0
2018-03-07,BCPG.BK,21.01093101501465,21.701431274414062,20.715002059936523,21.405502319335938,16.047943115234375,41077879.0
2018-03-08,BCPG.BK,21.6027889251709,21.701431274414062,21.01093101501465,21.20821762084961,15.900035858154297,23871466.0
2018-03-09,BCPG.BK,21.20821762084961,21.306859970092773,20.813644409179688,21.20821762084961,15.900035858154297,23132234.0
2018-03-12,BCPG.BK,21.6027889251709,21.6027889251709,21.01093101501465,21.306859970092773,15.97398853302002,22468729.0
2018-03-13,BCPG.BK,21.20821762084961,22.19464683532715,21.109573364257812,22.19464683532715,16.76374626159668,31181675.0
2018-03-14,BCPG.BK,21.997360229492188,22.589216232299805,21.898717880249023,22.19464683532715,16.76374626159668,20367310.0
2018-03-15,BCPG.BK,22.19464683532715,22.391931533813477,21.997360229492188,22.09600257873535,16.689247131347656,13906934.0
2018-03-16,BCPG.BK,22.09600257873535,22.19464683532715,21.405502319335938,21.5041446685791,16.242210388183594,26413566.0
2018-03-19,BCPG.BK,21.405502319335938,21.6027889251709,20.912288665771484,20.912288665771484,15.795175552368164,12762604.0
2018-03-20,BCPG.BK,20.813644409179688,21.6027889251709,20.813644409179688,21.306859970092773,16.093196868896484,15034132.0
2018-03-21,BCPG.BK,21.405502319335938,21.6027889251709,21.306859970092773,21.405502319335938,16.16769790649414,7970469.0
2018-03-22,BCPG.BK,21.5041446685791,21.898717880249023,21.20821762084961,21.20821762084961,16.018692016601562,20099678.0
2018-03-23,BCPG.BK,20.912288665771484,21.306859970092773,20.912288665771484,21.306859970092773,16.093196868896484,9475291.0
2018-03-26,BCPG.BK,21.306859970092773,21.6027889251709,21.20821762084961,21.5041446685791,16.242210388183594,5526298.0
2018-03-27,BCPG.BK,21.701431274414062,21.800073623657227,21.405502319335938,21.405502319335938,16.16769790649414,8099318.0
2018-03-28,BCPG.BK,21.405502319335938,21.5041446685791,21.01093101501465,21.109573364257812,15.944191932678223,7001316.0
2018-03-29,BCPG.BK,21.20821762084961,21.5041446685791,20.912288665771484,21.109573364257812,15.944191932678223,13569860.0
2018-03-30,BCPG.BK,21.20821762084961,21.306859970092773,19.925859451293945,20.320430755615234,15.34814167022705,43095359.0
2018-04-02,BCPG.BK,20.22178840637207,20.22178840637207,19.531288146972656,19.531288146972656,14.752100944519043,27563877.0
2018-04-03,BCPG.BK,19.432645797729492,19.531288146972656,18.64350128173828,18.742145538330078,14.156051635742188,34498488.0
2018-04-04,BCPG.BK,18.840787887573242,19.136716842651367,18.051645278930664,18.150287628173828,13.70902156829834,37398140.0
2018-04-05,BCPG.BK,18.446216583251953,18.64350128173828,18.150287628173828,18.544858932495117,14.007044792175293,23620764.0
2018-04-09,BCPG.BK,18.34757423400879,18.840787887573242,18.248931884765625,18.446216583251953,13.932538032531738,16742618.0
2018-04-10,BCPG.BK,18.544858932495117,18.840787887573242,17.262502670288086,18.840787887573242,14.230559349060059,49570434.0
2018-04-11,BCPG.BK,19.038074493408203,19.136716842651367,18.446216583251953,18.840787887573242,14.230559349060059,26568975.0
2018-04-12,BCPG.BK,18.742145538330078,19.334001541137695,18.544858932495117,19.334001541137695,14.60308837890625,23549395.0
2018-04-17,BCPG.BK,19.23535919189453,19.334001541137695,18.840787887573242,18.939430236816406,14.305065155029297,17132003.0
2018-04-18,BCPG.BK,19.038074493408203,19.334001541137695,18.446216583251953,18.742145538330078,14.156051635742188,22299736.0
2018-04-19,BCPG.BK,18.840787887573242,19.531288146972656,18.840787887573242,19.334001541137695,14.60308837890625,35185715.0
2018-04-20,BCPG.BK,19.334001541137695,19.432645797729492,19.038074493408203,19.136716842651367,14.454076766967773,14377521.0
2018-04-23,BCPG.BK,19.136716842651367,19.334001541137695,18.939430236816406,18.939430236816406,14.305065155029297,7678304.0
2018-04-24,BCPG.BK,19.038074493408203,19.038074493408203,18.544858932495117,18.64350128173828,14.081547737121582,8205255.0
2018-04-25,BCPG.BK,18.64350128173828,19.038074493408203,18.544858932495117,18.742145538330078,14.156051635742188,8638637.0
2018-04-26,BCPG.BK,18.840787887573242,19.23535919189453,18.742145538330078,19.038074493408203,14.379572868347168,17346717.0
2018-04-27,BCPG.BK,19.038074493408203,19.23535919189453,18.742145538330078,18.939430236816406,14.305065155029297,9157884.0
2018-04-30,BCPG.BK,19.038074493408203,19.334001541137695,18.939430236816406,19.23535919189453,14.528579711914062,15494074.0
2018-05-02,BCPG.BK,19.23535919189453,19.925859451293945,19.136716842651367,19.925859451293945,15.050126075744629,18349323.0
2018-05-03,BCPG.BK,19.82721710205078,20.02450180053711,19.728574752807617,19.82721710205078,14.975614547729492,13942517.0
2018-05-04,BCPG.BK,19.82721710205078,19.925859451293945,19.334001541137695,19.531288146972656,14.752100944519043,11641185.0
2018-05-07,BCPG.BK,19.62993049621582,19.925859451293945,19.531288146972656,19.62993049621582,14.8266019821167,7011353.0
2018-05-08,BCPG.BK,19.62993049621582,19.62993049621582,18.939430236816406,19.038074493408203,14.379572868347168,12870063.0
2018-05-09,BCPG.BK,19.136716842651367,19.531288146972656,18.742145538330078,19.23535919189453,14.528579711914062,11184487.0
2018-05-10,BCPG.BK,19.334001541137695,19.531288146972656,19.136716842651367,19.136716842651367,14.454076766967773,5739390.0
2018-05-11,BCPG.BK,19.136716842651367,19.531288146972656,19.136716842651367,19.531288146972656,14.752100944519043,5992931.0
2018-05-14,BCPG.BK,19.038074493408203,19.23535919189453,18.840787887573242,18.939430236816406,14.305065155029297,10843865.0
2018-05-15,BCPG.BK,18.939430236816406,19.038074493408203,18.840787887573242,18.840787887573242,14.230559349060059,4383185.0
2018-05-16,BCPG.BK,18.840787887573242,19.038074493408203,18.742145538330078,18.840787887573242,14.230559349060059,4679000.0
2018-05-17,BCPG.BK,18.840787887573242,19.334001541137695,18.840787887573242,19.038074493408203,14.379572868347168,7173148.0
2018-05-18,BCPG.BK,19.038074493408203,19.334001541137695,19.038074493408203,19.136716842651367,14.454076766967773,7801070.0
2018-05-21,BCPG.BK,19.23535919189453,19.82721710205078,19.23535919189453,19.62993049621582,14.8266019821167,23059040.0
2018-05-22,BCPG.BK,19.728574752807617,19.728574752807617,19.334001541137695,19.432645797729492,14.677594184875488,8845241.0
2018-05-23,BCPG.BK,19.432645797729492,20.02450180053711,19.432645797729492,19.82721710205078,14.975614547729492,20136984.0
2018-05-24,BCPG.BK,19.62993049621582,19.925859451293945,19.136716842651367,19.136716842651367,14.454076766967773,13303039.0
2018-05-25,BCPG.BK,19.23535919189453,19.334001541137695,18.939430236816406,19.23535919189453,14.528579711914062,4806936.0
2018-05-28,BCPG.BK,19.23535919189453,19.334001541137695,19.136716842651367,19.136716842651367,14.454076766967773,2119869.0
2018-05-30,BCPG.BK,19.038074493408203,19.23535919189453,18.840787887573242,18.939430236816406,14.305065155029297,5608413.0
2018-05-31,BCPG.BK,19.038074493408203,19.334001541137695,18.939430236816406,19.334001541137695,14.60308837890625,4803286.0
2018-06-01,BCPG.BK,19.334001541137695,19.334001541137695,18.939430236816406,19.136716842651367,14.454076766967773,4003228.0
2018-06-04,BCPG.BK,19.136716842651367,19.531288146972656,19.038074493408203,19.334001541137695,14.60308837890625,8541418.0
2018-06-05,BCPG.BK,19.136716842651367,19.23535919189453,18.939430236816406,19.136716842651367,14.573040962219238,5364908.0
2018-06-06,BCPG.BK,19.136716842651367,19.432645797729492,19.038074493408203,19.136716842651367,14.573040962219238,3768442.0
2018-06-07,BCPG.BK,19.23535919189453,19.531288146972656,19.136716842651367,19.23535919189453,14.648157119750977,7745719.0
2018-06-08,BCPG.BK,19.334001541137695,19.334001541137695,19.038074493408203,19.136716842651367,14.573040962219238,3043402.0
2018-06-11,BCPG.BK,19.23535919189453,19.23535919189453,18.939430236816406,19.038074493408203,14.497922897338867,1926545.0
2018-06-12,BCPG.BK,19.038074493408203,19.334001541137695,18.939430236816406,19.038074493408203,14.497922897338867,3234597.0
2018-06-13,BCPG.BK,19.136716842651367,19.136716842651367,18.939430236816406,18.939430236816406,14.422801971435547,1692975.0
2018-06-14,BCPG.BK,19.038074493408203,19.038074493408203,18.34757423400879,18.544858932495117,14.122328758239746,9027312.0
2018-06-15,BCPG.BK,18.64350128173828,18.939430236816406,18.446216583251953,18.544858932495117,14.122328758239746,4544170.0
2018-06-18,BCPG.BK,18.544858932495117,18.64350128173828,18.34757423400879,18.446216583251953,14.047208786010742,4732526.0
2018-06-19,BCPG.BK,18.34757423400879,18.34757423400879,17.459787368774414,17.459787368774414,13.2960205078125,9087630.0
2018-06-20,BCPG.BK,17.55843162536621,17.854358673095703,17.459787368774414,17.75571632385254,13.521378517150879,7211367.0
2018-06-21,BCPG.BK,17.75571632385254,17.854358673095703,17.065216064453125,17.065216064453125,12.995546340942383,6677725.0
2018-06-22,BCPG.BK,17.16385841369629,17.262502670288086,16.769287109375,16.867931365966797,12.845308303833008,5235755.0
2018-06-25,BCPG.BK,16.96657371520996,17.16385841369629,16.670644760131836,16.670644760131836,12.69507122039795,4257682.0
2018-06-26,BCPG.BK,16.473358154296875,16.867931365966797,16.276073455810547,16.670644760131836,12.69507122039795,5957247.0
2018-06-27,BCPG.BK,16.769287109375,16.96657371520996,16.572002410888672,16.572002410888672,12.619952201843262,3174380.0
2018-06-28,BCPG.BK,16.572002410888672,16.670644760131836,16.07878875732422,16.07878875732422,12.24436092376709,4366154.0
2018-06-29,BCPG.BK,16.07878875732422,16.07878875732422,15.388286590576172,15.585573196411133,11.868764877319336,8686081.0
2018-07-02,BCPG.BK,15.585573196411133,15.980145454406738,15.388286590576172,15.980145454406738,12.169240951538086,6426414.0
2018-07-03,BCPG.BK,15.881502151489258,16.37471580505371,15.782858848571777,16.276073455810547,12.3945951461792,8476334.0
2018-07-04,BCPG.BK,16.276073455810547,16.37471580505371,15.980145454406738,16.17742919921875,12.319475173950195,4939637.0
2018-07-05,BCPG.BK,16.276073455810547,16.473358154296875,15.782858848571777,15.782858848571777,12.019003868103027,9196609.0
2018-07-06,BCPG.BK,15.782858848571777,16.17742919921875,15.684215545654297,15.980145454406738,12.169240951538086,4571440.0
2018-07-09,BCPG.BK,16.17742919921875,16.37471580505371,16.07878875732422,16.17742919921875,12.319475173950195,3225068.0
2018-07-10,BCPG.BK,16.276073455810547,16.572002410888672,16.07878875732422,16.473358154296875,12.544833183288574,8143822.0
2018-07-11,BCPG.BK,16.276073455810547,16.670644760131836,16.276073455810547,16.572002410888672,12.619952201843262,5599188.0
2018-07-12,BCPG.BK,16.670644760131836,16.867931365966797,16.473358154296875,16.670644760131836,12.69507122039795,5000259.0
2018-07-13,BCPG.BK,16.670644760131836,16.670644760131836,16.473358154296875,16.572002410888672,12.619952201843262,3429543.0
2018-07-16,BCPG.BK,16.572002410888672,16.670644760131836,16.37471580505371,16.473358154296875,12.544833183288574,2450151.0
2018-07-17,BCPG.BK,16.37471580505371,16.473358154296875,16.276073455810547,16.473358154296875,12.544833183288574,2436161.0
2018-07-18,BCPG.BK,16.473358154296875,16.473358154296875,16.276073455810547,16.37471580505371,12.469714164733887,1735452.0
2018-07-19,BCPG.BK,16.37471580505371,17.262502670288086,16.37471580505371,17.262502670288086,13.145784378051758,23399156.0
2018-07-20,BCPG.BK,17.262502670288086,17.36114501953125,17.065216064453125,17.36114501953125,13.220898628234863,8483836.0
2018-07-23,BCPG.BK,17.36114501953125,17.854358673095703,17.36114501953125,17.75571632385254,13.521378517150879,11119708.0
2018-07-24,BCPG.BK,17.854358673095703,17.9530029296875,17.262502670288086,17.55843162536621,13.371140480041504,8867543.0
2018-07-25,BCPG.BK,17.55843162536621,17.657072067260742,17.459787368774414,17.55843162536621,13.371140480041504,2786212.0
2018-07-26,BCPG.BK,17.55843162536621,17.75571632385254,17.459787368774414,17.657072067260742,13.446257591247559,3405720.0
2018-07-31,BCPG.BK,17.75571632385254,17.75571632385254,17.459787368774414,17.459787368774414,13.2960205078125,4052903.0
2018-08-01,BCPG.BK,17.55843162536621,18.150287628173828,17.55843162536621,18.051645278930664,13.746734619140625,10565284.0
2018-08-02,BCPG.BK,17.9530029296875,17.9530029296875,17.75571632385254,17.9530029296875,13.671616554260254,6342982.0
2018-08-03,BCPG.BK,17.9530029296875,18.840787887573242,17.854358673095703,18.64350128173828,14.197444915771484,22565948.0
2018-08-06,BCPG.BK,18.64350128173828,19.038074493408203,18.544858932495117,18.742145538330078,14.272562980651855,12049223.0
2018-08-07,BCPG.BK,18.64350128173828,18.840787887573242,18.446216583251953,18.742145538330078,14.272562980651855,5309963.0
2018-08-08,BCPG.BK,18.051645278930664,18.544858932495117,17.9530029296875,18.446216583251953,14.047208786010742,14476666.0
2018-08-09,BCPG.BK,18.446216583251953,18.742145538330078,18.34757423400879,18.64350128173828,14.197444915771484,4927573.0
2018-08-10,BCPG.BK,18.544858932495117,18.544858932495117,18.248931884765625,18.34757423400879,13.972090721130371,3732555.0
2018-08-14,BCPG.BK,17.9530029296875,18.150287628173828,17.75571632385254,17.854358673095703,13.5964937210083,6202678.0
2018-08-15,BCPG.BK,17.854358673095703,17.854358673095703,17.55843162536621,17.55843162536621,13.371140480041504,3149441.0
2018-08-16,BCPG.BK,17.065216064453125,17.75571632385254,17.065216064453125,17.75571632385254,13.521378517150879,4507573.0
2018-08-17,BCPG.BK,17.75571632385254,17.854358673095703,17.459787368774414,17.55843162536621,13.371140480041504,3341751.0
2018-08-20,BCPG.BK,17.657072067260742,17.9530029296875,17.459787368774414,17.75571632385254,13.521378517150879,4844952.0
2018-08-21,BCPG.BK,17.854358673095703,17.9530029296875,17.55843162536621,17.55843162536621,13.371140480041504,2859507.0
2018-08-22,BCPG.BK,17.55843162536621,17.9530029296875,17.55843162536621,17.75571632385254,13.521378517150879,2292715.0
2018-08-23,BCPG.BK,17.854358673095703,18.248931884765625,17.854358673095703,18.248931884765625,13.89697265625,11491859.0
2018-08-24,BCPG.BK,18.150287628173828,18.248931884765625,17.9530029296875,18.150287628173828,13.821852684020996,3412309.0
2018-08-27,BCPG.BK,18.248931884765625,18.446216583251953,18.150287628173828,18.34757423400879,13.972090721130371,5098087.0
2018-08-28,BCPG.BK,18.544858932495117,18.64350128173828,18.34757423400879,18.446216583251953,14.047208786010742,4632164.0
2018-08-29,BCPG.BK,18.446216583251953,18.446216583251953,18.248931884765625,18.34757423400879,13.972090721130371,2210093.0
2018-08-30,BCPG.BK,18.446216583251953,19.038074493408203,18.446216583251953,18.840787887573242,14.347683906555176,17475261.0
2018-08-31,BCPG.BK,18.742145538330078,19.038074493408203,18.64350128173828,19.038074493408203,14.497922897338867,8004430.0
2018-09-03,BCPG.BK,18.840787887573242,18.939430236816406,18.64350128173828,18.742145538330078,14.391875267028809,3519159.0
2018-09-04,BCPG.BK,18.742145538330078,18.939430236816406,18.544858932495117,18.64350128173828,14.316130638122559,4584416.0
2018-09-05,BCPG.BK,18.544858932495117,18.544858932495117,17.75571632385254,17.75571632385254,13.63440990447998,13668397.0
2018-09-06,BCPG.BK,17.854358673095703,17.9530029296875,17.657072067260742,17.9530029296875,13.785902976989746,6519680.0
2018-09-07,BCPG.BK,17.854358673095703,17.9530029296875,17.75571632385254,17.75571632385254,13.63440990447998,3251324.0
2018-09-10,BCPG.BK,17.75571632385254,18.051645278930664,17.657072067260742,17.9530029296875,13.785902976989746,3539029.0
2018-09-11,BCPG.BK,17.9530029296875,18.248931884765625,17.854358673095703,18.051645278930664,13.861652374267578,3675582.0
2018-09-12,BCPG.BK,18.051645278930664,18.051645278930664,17.75571632385254,17.9530029296875,13.785902976989746,3104735.0
2018-09-13,BCPG.BK,18.051645278930664,18.544858932495117,18.051645278930664,18.446216583251953,14.164636611938477,8125675.0
2018-09-14,BCPG.BK,18.544858932495117,19.23535919189453,18.446216583251953,19.23535919189453,14.770606994628906,24870119.0
2018-09-17,BCPG.BK,19.23535919189453,20.320430755615234,19.136716842651367,20.320430755615234,15.603822708129883,64406377.0
2018-09-18,BCPG.BK,20.320430755615234,20.61635971069336,20.123144149780273,20.4190731048584,15.679569244384766,43406481.0
2018-09-19,BCPG.BK,20.517717361450195,21.20821762084961,20.4190731048584,20.61635971069336,15.831064224243164,41726684.0
2018-09-20,BCPG.BK,20.715002059936523,20.912288665771484,20.517717361450195,20.61635971069336,15.831064224243164,14862300.0
2018-09-21,BCPG.BK,20.715002059936523,20.912288665771484,20.517717361450195,20.517717361450195,15.755319595336914,13996855.0
2018-09-24,BCPG.BK,20.4190731048584,21.20821762084961,20.320430755615234,21.01093101501465,16.134052276611328,27255086.0
2018-09-25,BCPG.BK,21.109573364257812,21.109573364257812,20.715002059936523,20.813644409179688,15.982558250427246,13752235.0
2018-09-26,BCPG.BK,20.813644409179688,21.109573364257812,20.813644409179688,21.01093101501465,16.134052276611328,12106298.0
2018-09-27,BCPG.BK,21.109573364257812,21.109573364257812,20.813644409179688,20.912288665771484,16.058305740356445,10048572.0
2018-09-28,BCPG.BK,21.01093101501465,22.391931533813477,21.01093101501465,22.391931533813477,17.194501876831055,53940948.0
2018-10-01,BCPG.BK,22.19464683532715,22.29328727722168,21.898717880249023,22.19464683532715,17.043012619018555,26595738.0
2018-10-02,BCPG.BK,22.19464683532715,22.49057388305664,21.898717880249023,22.09600257873535,16.967262268066406,27322095.0
2018-10-03,BCPG.BK,22.09600257873535,22.29328727722168,20.22178840637207,20.4190731048584,15.679569244384766,43035547.0
2018-10-04,BCPG.BK,20.123144149780273,20.517717361450195,19.82721710205078,20.123144149780273,15.45233154296875,37639922.0
2018-10-05,BCPG.BK,20.02450180053711,20.4190731048584,19.531288146972656,19.728574752807617,15.14934253692627,30823311.0
2018-10-08,BCPG.BK,19.62993049621582,19.82721710205078,19.23535919189453,19.531288146972656,14.997849464416504,20810221.0
2018-10-09,BCPG.BK,19.62993049621582,20.123144149780273,19.432645797729492,20.02450180053711,15.376583099365234,30780125.0
2018-10-10,BCPG.BK,20.22178840637207,20.715002059936523,19.925859451293945,20.715002059936523,15.906810760498047,20835768.0
2018-10-11,BCPG.BK,20.02450180053711,20.320430755615234,19.62993049621582,19.728574752807617,15.14934253692627,43965163.0
2018-10-12,BCPG.BK,19.925859451293945,20.22178840637207,19.82721710205078,20.123144149780273,15.45233154296875,19353856.0
2018-10-16,BCPG.BK,20.123144149780273,20.123144149780273,19.82721710205078,20.123144149780273,15.45233154296875,12322025.0
2018-10-17,BCPG.BK,20.320430755615234,20.320430755615234,19.925859451293945,19.925859451293945,15.300837516784668,15465283.0
2018-10-18,BCPG.BK,19.925859451293945,19.925859451293945,19.432645797729492,19.432645797729492,14.922103881835938,11493278.0
2018-10-19,BCPG.BK,19.334001541137695,19.531288146972656,18.939430236816406,19.136716842651367,14.694864273071289,18029686.0
2018-10-22,BCPG.BK,19.136716842651367,19.136716842651367,18.34757423400879,18.34757423400879,14.088890075683594,19112785.0
2018-10-24,BCPG.BK,17.9530029296875,18.150287628173828,17.75571632385254,17.75571632385254,13.63440990447998,18317796.0
2018-10-25,BCPG.BK,17.55843162536621,18.248931884765625,17.459787368774414,18.248931884765625,14.013144493103027,26537650.0
2018-10-26,BCPG.BK,18.051645278930664,18.150287628173828,17.854358673095703,17.854358673095703,13.710155487060547,10061142.0
2018-10-29,BCPG.BK,17.9530029296875,18.248931884765625,17.854358673095703,18.051645278930664,13.861652374267578,7498970.0
2018-10-30,BCPG.BK,18.051645278930664,18.34757423400879,17.854358673095703,18.051645278930664,13.861652374267578,9002475.0
2018-10-31,BCPG.BK,18.248931884765625,18.544858932495117,18.150287628173828,18.446216583251953,14.164636611938477,23753059.0
2018-11-01,BCPG.BK,18.446216583251953,18.544858932495117,18.051645278930664,18.150287628173828,13.937395095825195,11687818.0
2018-11-02,BCPG.BK,18.248931884765625,18.840787887573242,18.150287628173828,18.544858932495117,14.240381240844727,23227730.0
2018-11-05,BCPG.BK,18.446216583251953,18.544858932495117,18.051645278930664,18.248931884765625,14.013144493103027,11942677.0
2018-11-06,BCPG.BK,18.248931884765625,18.34757423400879,17.854358673095703,17.854358673095703,13.710155487060547,11214596.0
2018-11-07,BCPG.BK,18.150287628173828,18.446216583251953,17.854358673095703,18.34757423400879,14.088890075683594,18898578.0
2018-11-08,BCPG.BK,18.446216583251953,18.446216583251953,18.248931884765625,18.248931884765625,14.013144493103027,10772293.0
2018-11-09,BCPG.BK,18.248931884765625,18.34757423400879,17.9530029296875,18.051645278930664,13.861652374267578,4281100.0
2018-11-12,BCPG.BK,18.150287628173828,18.150287628173828,17.854358673095703,17.854358673095703,13.710155487060547,3513583.0
2018-11-13,BCPG.BK,17.854358673095703,18.150287628173828,17.75571632385254,17.854358673095703,13.710155487060547,4804807.0
2018-11-14,BCPG.BK,17.854358673095703,18.248931884765625,17.75571632385254,17.9530029296875,13.785902976989746,5313004.0
2018-11-15,BCPG.BK,18.051645278930664,18.051645278930664,17.657072067260742,17.657072067260742,13.558659553527832,5639535.0
2018-11-16,BCPG.BK,17.657072067260742,17.854358673095703,17.55843162536621,17.55843162536621,13.482915878295898,4499869.0
2018-11-19,BCPG.BK,17.55843162536621,17.657072067260742,17.36114501953125,17.459787368774414,13.407167434692383,5376972.0
2018-11-20,BCPG.BK,17.36114501953125,17.459787368774414,17.065216064453125,17.065216064453125,13.104182243347168,4698160.0
2018-11-21,BCPG.BK,16.867931365966797,17.262502670288086,16.769287109375,16.96657371520996,13.028436660766602,5230484.0
2018-11-22,BCPG.BK,16.96657371520996,17.16385841369629,16.769287109375,16.769287109375,12.876941680908203,4221288.0
2018-11-23,BCPG.BK,16.867931365966797,17.262502670288086,16.670644760131836,17.16385841369629,13.179926872253418,6771903.0
2018-11-26,BCPG.BK,17.16385841369629,17.262502670288086,16.96657371520996,17.16385841369629,13.179926872253418,3888471.0
2018-11-27,BCPG.BK,17.16385841369629,17.459787368774414,17.16385841369629,17.36114501953125,13.331422805786133,4918145.0
2018-11-28,BCPG.BK,17.459787368774414,17.75571632385254,17.459787368774414,17.657072067260742,13.558659553527832,8611164.0
2018-11-29,BCPG.BK,17.75571632385254,17.854358673095703,17.459787368774414,17.459787368774414,13.407167434692383,4487703.0
2018-11-30,BCPG.BK,17.55843162536621,17.75571632385254,17.459787368774414,17.657072067260742,13.558659553527832,2531353.0
2018-12-03,BCPG.BK,17.9530029296875,18.150287628173828,17.854358673095703,18.051645278930664,13.861652374267578,6404618.0
2018-12-04,BCPG.BK,18.150287628173828,18.150287628173828,17.854358673095703,17.9530029296875,13.785902976989746,5326183.0
2018-12-06,BCPG.BK,17.75571632385254,17.854358673095703,17.55843162536621,17.75571632385254,13.63440990447998,4328848.0
2018-12-07,BCPG.BK,17.55843162536621,17.75571632385254,17.55843162536621,17.657072067260742,13.680264472961426,2056509.0
2018-12-11,BCPG.BK,17.55843162536621,17.657072067260742,17.262502670288086,17.262502670288086,13.37456226348877,2727515.0
2018-12-12,BCPG.BK,17.36114501953125,17.459787368774414,16.96657371520996,17.065216064453125,13.221709251403809,3056784.0
2018-12-13,BCPG.BK,17.262502670288086,17.262502670288086,16.769287109375,16.867931365966797,13.068856239318848,5018913.0
2018-12-14,BCPG.BK,16.769287109375,17.065216064453125,16.670644760131836,16.769287109375,12.992430686950684,2461201.0
2018-12-17,BCPG.BK,16.769287109375,16.96657371520996,16.37471580505371,16.572002410888672,12.839580535888672,3779593.0
2018-12-18,BCPG.BK,16.473358154296875,16.572002410888672,16.276073455810547,16.37471580505371,12.686727523803711,4373149.0
2018-12-19,BCPG.BK,16.37471580505371,16.867931365966797,16.37471580505371,16.769287109375,12.992430686950684,5321722.0
2018-12-20,BCPG.BK,16.670644760131836,16.867931365966797,16.276073455810547,16.670644760131836,12.91600227355957,5843098.0
2018-12-21,BCPG.BK,16.473358154296875,16.670644760131836,16.37471580505371,16.473358154296875,12.763152122497559,4548123.0
2018-12-24,BCPG.BK,16.473358154296875,16.670644760131836,16.276073455810547,16.276073455810547,12.610300064086914,4265488.0
2018-12-25,BCPG.BK,16.07878875732422,16.07878875732422,15.585573196411133,15.684215545654297,12.151742935180664,6354742.0
2018-12-26,BCPG.BK,15.684215545654297,15.782858848571777,15.092358589172363,15.191001892089844,11.769614219665527,8353670.0
2018-12-27,BCPG.BK,15.585573196411133,15.684215545654297,14.796429634094238,14.796429634094238,11.463909149169922,8930498.0
2018-12-28,BCPG.BK,14.895072937011719,15.092358589172363,14.50050163269043,14.9937162399292,11.61676025390625,8468934.0
2019-01-02,BCPG.BK,14.9937162399292,15.191001892089844,14.9937162399292,15.092358589172363,11.69318675994873,2606878.0
2019-01-03,BCPG.BK,15.092358589172363,15.684215545654297,14.9937162399292,15.092358589172363,11.69318675994873,6508833.0
2019-01-04,BCPG.BK,15.092358589172363,15.388286590576172,14.9937162399292,15.388286590576172,11.922465324401855,11599317.0
2019-01-07,BCPG.BK,15.585573196411133,16.17742919921875,15.486929893493652,15.881502151489258,12.30459976196289,13021822.0
2019-01-08,BCPG.BK,15.980145454406738,15.980145454406738,15.684215545654297,15.881502151489258,12.30459976196289,6796132.0
2019-01-09,BCPG.BK,16.07878875732422,16.17742919921875,15.684215545654297,15.782858848571777,12.228169441223145,6094814.0
2019-01-10,BCPG.BK,15.684215545654297,16.07878875732422,15.684215545654297,15.881502151489258,12.30459976196289,5444792.0
2019-01-11,BCPG.BK,15.980145454406738,15.980145454406738,15.782858848571777,15.881502151489258,12.30459976196289,2222461.0
2019-01-14,BCPG.BK,15.782858848571777,15.881502151489258,15.388286590576172,15.388286590576172,11.922465324401855,4049557.0
2019-01-15,BCPG.BK,15.092358589172363,15.191001892089844,14.697787284851074,14.895072937011719,11.540334701538086,14970164.0
2019-01-16,BCPG.BK,14.9937162399292,15.191001892089844,14.599143981933594,14.9937162399292,11.61676025390625,13486732.0
2019-01-17,BCPG.BK,14.9937162399292,15.092358589172363,14.895072937011719,14.895072937011719,11.540334701538086,2962302.0
2019-01-18,BCPG.BK,14.895072937011719,15.191001892089844,14.895072937011719,14.9937162399292,11.61676025390625,4937913.0
2019-01-21,BCPG.BK,15.092358589172363,15.486929893493652,15.092358589172363,15.191001892089844,11.769614219665527,5415596.0
2019-01-22,BCPG.BK,15.092358589172363,15.585573196411133,15.092358589172363,15.585573196411133,12.075318336486816,4795886.0
2019-01-23,BCPG.BK,15.585573196411133,16.17742919921875,15.486929893493652,16.17742919921875,12.533870697021484,12118159.0
2019-01-24,BCPG.BK,16.17742919921875,16.276073455810547,15.980145454406738,16.07878875732422,12.45744800567627,5389745.0
2019-01-25,BCPG.BK,16.17742919921875,16.37471580505371,16.07878875732422,16.17742919921875,12.533870697021484,4660245.0
2019-01-28,BCPG.BK,16.37471580505371,16.769287109375,16.37471580505371,16.473358154296875,12.763152122497559,6366907.0
2019-01-29,BCPG.BK,16.37471580505371,16.572002410888672,16.276073455810547,16.276073455810547,12.610300064086914,4327428.0
2019-01-30,BCPG.BK,16.37471580505371,16.473358154296875,16.07878875732422,16.37471580505371,12.686727523803711,4906183.0
2019-01-31,BCPG.BK,16.473358154296875,16.867931365966797,16.473358154296875,16.572002410888672,12.839580535888672,9785096.0
2019-02-01,BCPG.BK,16.670644760131836,16.769287109375,16.37471580505371,16.572002410888672,12.839580535888672,4832381.0
2019-02-04,BCPG.BK,16.670644760131836,16.867931365966797,16.572002410888672,16.572002410888672,12.839580535888672,4083011.0
2019-02-05,BCPG.BK,16.572002410888672,16.670644760131836,16.473358154296875,16.572002410888672,12.839580535888672,1438421.0
2019-02-06,BCPG.BK,16.572002410888672,16.867931365966797,16.572002410888672,16.670644760131836,12.91600227355957,4098420.0
2019-02-07,BCPG.BK,16.572002410888672,17.065216064453125,16.572002410888672,16.670644760131836,12.91600227355957,10073003.0
2019-02-08,BCPG.BK,16.473358154296875,16.572002410888672,16.37471580505371,16.473358154296875,12.763152122497559,5454423.0
2019-02-11,BCPG.BK,16.473358154296875,16.473358154296875,16.07878875732422,16.07878875732422,12.45744800567627,5061490.0
2019-02-12,BCPG.BK,16.07878875732422,16.276073455810547,16.07878875732422,16.07878875732422,12.45744800567627,4681331.0
2019-02-13,BCPG.BK,16.276073455810547,16.867931365966797,16.17742919921875,16.670644760131836,12.91600227355957,10964401.0
2019-02-14,BCPG.BK,16.769287109375,16.867931365966797,16.37471580505371,16.473358154296875,12.763152122497559,8563416.0
2019-02-15,BCPG.BK,16.473358154296875,16.572002410888672,16.17742919921875,16.17742919921875,12.533870697021484,5013337.0
2019-02-18,BCPG.BK,16.276073455810547,16.37471580505371,16.17742919921875,16.276073455810547,12.610300064086914,2814699.0
2019-02-20,BCPG.BK,16.37471580505371,16.37471580505371,16.17742919921875,16.276073455810547,12.610300064086914,2173598.0
2019-02-21,BCPG.BK,16.37471580505371,16.572002410888672,16.276073455810547,16.37471580505371,12.686727523803711,5738377.0
2019-02-22,BCPG.BK,16.276073455810547,16.473358154296875,16.276073455810547,16.37471580505371,12.686727523803711,3346009.0
2019-02-25,BCPG.BK,16.473358154296875,16.867931365966797,16.37471580505371,16.572002410888672,12.839580535888672,14278578.0
2019-02-26,BCPG.BK,16.670644760131836,16.670644760131836,16.473358154296875,16.473358154296875,12.763152122497559,4054525.0
2019-02-27,BCPG.BK,16.572002410888672,16.670644760131836,16.37471580505371,16.473358154296875,12.763152122497559,3310730.0
2019-02-28,BCPG.BK,16.572002410888672,16.670644760131836,16.37471580505371,16.572002410888672,12.839580535888672,4189861.0
2019-03-01,BCPG.BK,16.572002410888672,16.670644760131836,16.07878875732422,16.17742919921875,12.533870697021484,5275900.0
2019-03-04,BCPG.BK,16.07878875732422,16.17742919921875,15.782858848571777,15.881502151489258,12.30459976196289,4005763.0
2019-03-05,BCPG.BK,15.684215545654297,15.782858848571777,15.585573196411133,15.684215545654297,12.27371883392334,1704532.0
2019-03-06,BCPG.BK,15.684215545654297,15.881502151489258,15.585573196411133,15.585573196411133,12.196526527404785,2755090.0
2019-03-07,BCPG.BK,15.585573196411133,16.07878875732422,15.388286590576172,15.980145454406738,12.50529956817627,6121679.0
2019-03-08,BCPG.BK,15.881502151489258,16.07878875732422,15.684215545654297,15.684215545654297,12.27371883392334,3528080.0
2019-03-11,BCPG.BK,15.782858848571777,15.980145454406738,15.684215545654297,15.980145454406738,12.50529956817627,2709369.0
2019-03-12,BCPG.BK,15.980145454406738,16.07878875732422,15.881502151489258,15.881502151489258,12.428109169006348,1124865.0
2019-03-13,BCPG.BK,15.881502151489258,16.572002410888672,15.881502151489258,16.473358154296875,12.891264915466309,12535117.0
2019-03-14,BCPG.BK,16.670644760131836,16.670644760131836,16.473358154296875,16.473358154296875,12.891264915466309,6342779.0
2019-03-15,BCPG.BK,16.473358154296875,16.473358154296875,16.07878875732422,16.07878875732422,12.582491874694824,4420086.0
2019-03-18,BCPG.BK,16.07878875732422,16.17742919921875,15.881502151489258,15.881502151489258,12.428109169006348,2647631.0
2019-03-19,BCPG.BK,15.881502151489258,16.07878875732422,15.881502151489258,15.980145454406738,12.50529956817627,3528992.0
2019-03-20,BCPG.BK,15.980145454406738,16.276073455810547,15.881502151489258,16.07878875732422,12.582491874694824,3702345.0
2019-03-21,BCPG.BK,16.17742919921875,16.37471580505371,16.07878875732422,16.07878875732422,12.582491874694824,3346111.0
2019-03-22,BCPG.BK,16.17742919921875,16.276073455810547,15.980145454406738,16.07878875732422,12.582491874694824,2335292.0
2019-03-25,BCPG.BK,15.980145454406738,16.17742919921875,15.881502151489258,16.07878875732422,12.582491874694824,2292208.0
2019-03-26,BCPG.BK,16.17742919921875,16.17742919921875,15.980145454406738,16.07878875732422,12.582491874694824,1097190.0
2019-03-27,BCPG.BK,16.07878875732422,16.17742919921875,15.980145454406738,16.07878875732422,12.582491874694824,1119188.0
2019-03-28,BCPG.BK,16.07878875732422,16.17742919921875,15.980145454406738,16.17742919921875,12.659682273864746,1568891.0
2019-03-29,BCPG.BK,16.17742919921875,16.37471580505371,16.17742919921875,16.17742919921875,12.659682273864746,3568326.0
2019-04-01,BCPG.BK,16.17742919921875,16.37471580505371,16.17742919921875,16.17742919921875,12.659682273864746,4069630.0
2019-04-02,BCPG.BK,16.17742919921875,16.572002410888672,16.17742919921875,16.37471580505371,12.814072608947754,5942142.0
2019-04-03,BCPG.BK,16.473358154296875,16.473358154296875,16.276073455810547,16.37471580505371,12.814072608947754,2653207.0
2019-04-04,BCPG.BK,16.37471580505371,16.37471580505371,16.276073455810547,16.276073455810547,12.736878395080566,1611976.0
2019-04-05,BCPG.BK,16.276073455810547,16.276073455810547,16.07878875732422,16.07878875732422,12.582491874694824,1447038.0
2019-04-09,BCPG.BK,16.17742919921875,16.276073455810547,16.07878875732422,16.17742919921875,12.659682273864746,2756610.0
2019-04-10,BCPG.BK,16.276073455810547,16.670644760131836,16.17742919921875,16.572002410888672,12.968460083007812,8275509.0
2019-04-11,BCPG.BK,16.572002410888672,16.769287109375,16.473358154296875,16.572002410888672,12.968460083007812,6504778.0
2019-04-12,BCPG.BK,16.572002410888672,16.670644760131836,16.473358154296875,16.572002410888672,12.968460083007812,2952772.0
2019-04-17,BCPG.BK,16.769287109375,17.065216064453125,16.670644760131836,17.065216064453125,13.354424476623535,11578535.0
2019-04-18,BCPG.BK,17.065216064453125,17.16385841369629,16.867931365966797,17.065216064453125,13.354424476623535,6521809.0
2019-04-19,BCPG.BK,17.065216064453125,17.16385841369629,16.96657371520996,17.065216064453125,13.354424476623535,4386429.0
2019-04-22,BCPG.BK,17.16385841369629,17.657072067260742,17.065216064453125,17.657072067260742,13.817583084106445,22762415.0
2019-04-23,BCPG.BK,17.55843162536621,17.75571632385254,17.459787368774414,17.657072067260742,13.817583084106445,7560708.0
2019-04-24,BCPG.BK,17.657072067260742,17.9530029296875,17.459787368774414,17.75571632385254,13.894777297973633,8071237.0
2019-04-25,BCPG.BK,17.75571632385254,17.854358673095703,17.459787368774414,17.459787368774414,13.66319751739502,5099608.0
2019-04-26,BCPG.BK,17.459787368774414,17.854358673095703,17.459787368774414,17.55843162536621,13.740391731262207,7388065.0
2019-04-29,BCPG.BK,17.55843162536621,17.9530029296875,17.55843162536621,17.9530029296875,14.049161911010742,8688717.0
2019-04-30,BCPG.BK,17.9530029296875,18.051645278930664,17.75571632385254,17.854358673095703,13.971969604492188,3193743.0
2019-05-02,BCPG.BK,17.9530029296875,18.446216583251953,17.854358673095703,18.248931884765625,14.280743598937988,17421735.0
2019-05-03,BCPG.BK,18.34757423400879,18.34757423400879,18.051645278930664,18.150287628173828,14.203547477722168,3393960.0
2019-05-07,BCPG.BK,17.9530029296875,18.051645278930664,17.262502670288086,17.36114501953125,13.586003303527832,12461316.0
2019-05-08,BCPG.BK,17.065216064453125,17.16385841369629,16.867931365966797,16.96657371520996,13.27723217010498,10292583.0
2019-05-09,BCPG.BK,17.065216064453125,17.55843162536621,17.065216064453125,17.459787368774414,13.66319751739502,10226892.0
2019-05-10,BCPG.BK,17.55843162536621,17.657072067260742,17.065216064453125,17.36114501953125,13.586003303527832,8690541.0
2019-05-13,BCPG.BK,17.36114501953125,17.459787368774414,17.065216064453125,17.065216064453125,13.354424476623535,2812164.0
2019-05-14,BCPG.BK,16.96657371520996,17.065216064453125,16.769287109375,16.96657371520996,13.27723217010498,4516190.0
2019-05-15,BCPG.BK,17.065216064453125,17.16385841369629,16.670644760131836,16.670644760131836,13.045649528503418,4463272.0
2019-05-16,BCPG.BK,16.769287109375,16.769287109375,16.276073455810547,16.473358154296875,12.891264915466309,5757739.0
2019-05-17,BCPG.BK,16.572002410888672,16.769287109375,16.37471580505371,16.37471580505371,12.814072608947754,4287486.0
2019-05-21,BCPG.BK,16.276073455810547,16.769287109375,16.17742919921875,16.473358154296875,12.891264915466309,4540317.0
2019-05-22,BCPG.BK,16.670644760131836,16.96657371520996,16.670644760131836,16.867931365966797,13.200037002563477,6881490.0
2019-05-23,BCPG.BK,16.769287109375,16.867931365966797,16.473358154296875,16.572002410888672,12.968460083007812,3805850.0
2019-05-24,BCPG.BK,16.473358154296875,16.867931365966797,16.37471580505371,16.769287109375,13.122844696044922,4384503.0
2019-05-27,BCPG.BK,16.867931365966797,17.065216064453125,16.769287109375,16.96657371520996,13.27723217010498,4870093.0
2019-05-28,BCPG.BK,17.065216064453125,17.36114501953125,16.96657371520996,17.36114501953125,13.586003303527832,8046197.0
2019-05-29,BCPG.BK,17.262502670288086,17.36114501953125,17.065216064453125,17.065216064453125,13.354424476623535,2653207.0
2019-05-30,BCPG.BK,17.065216064453125,17.36114501953125,17.065216064453125,17.16385841369629,13.431618690490723,2930673.0
2019-05-31,BCPG.BK,17.262502670288086,17.55843162536621,17.16385841369629,17.36114501953125,13.586003303527832,6981345.0
2019-06-04,BCPG.BK,17.16385841369629,17.55843162536621,17.065216064453125,17.459787368774414,13.78854751586914,4331281.0
2019-06-05,BCPG.BK,17.55843162536621,17.55843162536621,17.36114501953125,17.36114501953125,13.710646629333496,2191339.0
2019-06-06,BCPG.BK,17.459787368774414,17.459787368774414,17.262502670288086,17.459787368774414,13.78854751586914,3170629.0
2019-06-07,BCPG.BK,17.459787368774414,17.657072067260742,17.262502670288086,17.36114501953125,13.710646629333496,4111599.0
2019-06-10,BCPG.BK,17.459787368774414,18.248931884765625,17.459787368774414,18.150287628173828,14.333856582641602,18349932.0
2019-06-11,BCPG.BK,18.150287628173828,18.446216583251953,17.9530029296875,17.9530029296875,14.178054809570312,15422604.0
2019-06-12,BCPG.BK,17.9530029296875,17.9530029296875,17.55843162536621,17.9530029296875,14.178054809570312,13249006.0
2019-06-13,BCPG.BK,17.854358673095703,18.248931884765625,17.854358673095703,18.248931884765625,14.411760330200195,9575755.0
2019-06-14,BCPG.BK,18.248931884765625,18.544858932495117,18.150287628173828,18.446216583251953,14.567562103271484,9030252.0
2019-06-17,BCPG.BK,18.446216583251953,19.038074493408203,18.446216583251953,18.840787887573242,14.879166603088379,21754942.0
2019-06-18,BCPG.BK,18.840787887573242,19.136716842651367,18.64350128173828,18.939430236816406,14.95706844329834,16302242.0
2019-06-19,BCPG.BK,19.136716842651367,19.334001541137695,19.038074493408203,19.136716842651367,15.112871170043945,17607455.0
2019-06-20,BCPG.BK,19.23535919189453,19.62993049621582,19.136716842651367,19.334001541137695,15.2686767578125,17221923.0
2019-06-21,BCPG.BK,19.334001541137695,19.334001541137695,18.742145538330078,18.939430236816406,14.95706844329834,24735492.0
2019-06-24,BCPG.BK,18.939430236816406,19.136716842651367,18.840787887573242,18.939430236816406,14.95706844329834,6366805.0
2019-06-25,BCPG.BK,18.939430236816406,19.62993049621582,18.939430236816406,19.531288146972656,15.424476623535156,22221068.0
2019-06-26,BCPG.BK,19.62993049621582,20.320430755615234,19.531288146972656,20.320430755615234,16.047691345214844,38774013.0
2019-06-27,BCPG.BK,20.320430755615234,20.61635971069336,20.123144149780273,20.4190731048584,16.125591278076172,22051264.0
2019-06-28,BCPG.BK,20.4190731048584,20.4190731048584,20.22178840637207,20.22178840637207,15.969788551330566,10886240.0
2019-07-01,BCPG.BK,20.517717361450195,21.109573364257812,20.22178840637207,21.01093101501465,16.593000411987305,21733349.0
2019-07-02,BCPG.BK,21.01093101501465,21.01093101501465,20.61635971069336,20.61635971069336,16.281391143798828,15847369.0
2019-07-03,BCPG.BK,20.61635971069336,21.01093101501465,20.517717361450195,20.715002059936523,16.359294891357422,8628702.0
2019-07-04,BCPG.BK,20.813644409179688,21.20821762084961,18.742145538330078,18.939430236816406,14.95706844329834,155464756.0
2019-07-05,BCPG.BK,19.136716842651367,19.23535919189453,18.34757423400879,18.939430236816406,14.95706844329834,71081669.0
2019-07-08,BCPG.BK,18.742145538330078,19.23535919189453,18.64350128173828,19.23535919189453,15.19076919555664,36704020.0
2019-07-09,BCPG.BK,19.23535919189453,19.334001541137695,18.64350128173828,18.64350128173828,14.72336483001709,21947962.0
2019-07-10,BCPG.BK,18.742145538330078,19.23535919189453,18.64350128173828,19.136716842651367,15.112871170043945,26165803.0
2019-07-11,BCPG.BK,19.23535919189453,19.23535919189453,18.840787887573242,19.136716842651367,15.112871170043945,18757767.0
2019-07-12,BCPG.BK,19.136716842651367,19.136716842651367,18.840787887573242,18.939430236816406,14.95706844329834,7816175.0
2019-07-15,BCPG.BK,18.939430236816406,18.939430236816406,18.742145538330078,18.840787887573242,14.879166603088379,4126806.0
2019-07-17,BCPG.BK,18.840787887573242,18.840787887573242,18.34757423400879,18.544858932495117,14.645462989807129,12116638.0
2019-07-18,BCPG.BK,18.446216583251953,18.939430236816406,18.446216583251953,18.840787887573242,14.879166603088379,12831033.0
2019-07-19,BCPG.BK,18.939430236816406,18.939430236816406,18.64350128173828,18.742145538330078,14.80126667022705,5571411.0
2019-07-22,BCPG.BK,18.742145538330078,18.840787887573242,18.544858932495117,18.544858932495117,14.645462989807129,6927819.0
2019-07-23,BCPG.BK,18.64350128173828,18.840787887573242,18.544858932495117,18.742145538330078,14.80126667022705,6478217.0
2019-07-24,BCPG.BK,18.742145538330078,18.840787887573242,18.544858932495117,18.544858932495117,14.645462989807129,4023199.0
2019-07-25,BCPG.BK,18.544858932495117,19.62993049621582,18.544858932495117,19.531288146972656,15.424476623535156,44698414.0
2019-07-26,BCPG.BK,19.531288146972656,19.531288146972656,19.038074493408203,19.432645797729492,15.346574783325195,17078781.0
2019-07-30,BCPG.BK,19.432645797729492,19.925859451293945,19.23535919189453,19.531288146972656,15.424476623535156,15485558.0
2019-07-31,BCPG.BK,19.531288146972656,19.62993049621582,19.334001541137695,19.432645797729492,15.346574783325195,6537015.0
2019-08-01,BCPG.BK,19.432645797729492,19.82721710205078,19.334001541137695,19.728574752807617,15.580280303955078,18198679.0
2019-08-02,BCPG.BK,19.432645797729492,19.62993049621582,19.334001541137695,19.531288146972656,15.424476623535156,17607050.0
2019-08-05,BCPG.BK,19.432645797729492,19.62993049621582,19.334001541137695,19.334001541137695,15.2686767578125,6272019.0
2019-08-06,BCPG.BK,19.136716842651367,19.432645797729492,18.840787887573242,19.334001541137695,15.2686767578125,8414698.0
2019-08-07,BCPG.BK,19.432645797729492,19.728574752807617,19.334001541137695,19.432645797729492,15.346574783325195,12482300.0
2019-08-08,BCPG.BK,19.531288146972656,19.82721710205078,19.334001541137695,19.728574752807617,15.580280303955078,19198954.0
2019-08-09,BCPG.BK,19.925859451293945,20.02450180053711,18.446216583251953,18.544858932495117,14.645462989807129,56411577.0
2019-08-13,BCPG.BK,18.248931884765625,18.446216583251953,18.051645278930664,18.248931884765625,14.411760330200195,13008846.0
2019-08-14,BCPG.BK,18.446216583251953,18.64350128173828,18.051645278930664,18.051645278930664,14.25595760345459,6577971.0
2019-08-15,BCPG.BK,17.75571632385254,17.9530029296875,17.55843162536621,17.9530029296875,14.178054809570312,15791409.0
2019-08-16,BCPG.BK,17.9530029296875,18.150287628173828,17.75571632385254,18.150287628173828,14.333856582641602,8176566.0
2019-08-19,BCPG.BK,18.248931884765625,18.34757423400879,18.051645278930664,18.248931884765625,14.411760330200195,5963836.0
2019-08-20,BCPG.BK,18.248931884765625,18.34757423400879,17.9530029296875,18.051645278930664,14.25595760345459,2343707.0
2019-08-21,BCPG.BK,18.051645278930664,18.34757423400879,18.051645278930664,18.150287628173828,14.333856582641602,9278622.0
2019-08-22,BCPG.BK,18.150287628173828,18.248931884765625,18.051645278930664,18.150287628173828,14.333856582641602,4214496.0
2019-08-23,BCPG.BK,18.248931884765625,18.248931884765625,17.9530029296875,18.150287628173828,14.333856582641602,3775640.0
2019-08-26,BCPG.BK,17.657072067260742,17.854358673095703,17.55843162536621,17.75571632385254,14.02225399017334,10041475.0
2019-08-27,BCPG.BK,17.854358673095703,18.150287628173828,17.75571632385254,18.150287628173828,14.333856582641602,5617233.0
2019-08-28,BCPG.BK,18.150287628173828,18.248931884765625,18.051645278930664,18.248931884765625,14.411760330200195,3455901.0
2019-08-29,BCPG.BK,18.248931884765625,18.34757423400879,18.051645278930664,18.34757423400879,14.489657402038574,6507211.0
2019-08-30,BCPG.BK,18.446216583251953,18.64350128173828,18.34757423400879,18.446216583251953,14.567562103271484,7740042.0
2019-09-02,BCPG.BK,18.446216583251953,18.544858932495117,18.248931884765625,18.446216583251953,14.567562103271484,4297117.0
2019-09-03,BCPG.BK,18.248931884765625,18.64350128173828,18.248931884765625,18.34757423400879,14.614706993103027,6931164.0
2019-09-04,BCPG.BK,18.34757423400879,18.64350128173828,18.34757423400879,18.544858932495117,14.771852493286133,4427486.0
2019-09-05,BCPG.BK,18.64350128173828,18.840787887573242,18.64350128173828,18.742145538330078,14.929001808166504,6691005.0
2019-09-06,BCPG.BK,18.840787887573242,19.038074493408203,18.742145538330078,18.742145538330078,14.929001808166504,5446921.0
2019-09-09,BCPG.BK,18.840787887573242,19.432645797729492,18.742145538330078,19.432645797729492,15.479020118713379,12476725.0
2019-09-10,BCPG.BK,19.432645797729492,19.432645797729492,19.038074493408203,19.136716842651367,15.243295669555664,7992265.0
2019-09-11,BCPG.BK,19.23535919189453,19.23535919189453,18.742145538330078,19.038074493408203,15.164722442626953,7159260.0
2019-09-12,BCPG.BK,19.136716842651367,19.136716842651367,18.840787887573242,18.840787887573242,15.007574081420898,3529398.0
2019-09-13,BCPG.BK,18.840787887573242,19.038074493408203,18.742145538330078,18.939430236816406,15.086148262023926,4965386.0
2019-09-16,BCPG.BK,18.939430236816406,19.136716842651367,18.544858932495117,18.544858932495117,14.771852493286133,8404053.0
2019-09-17,BCPG.BK,18.64350128173828,18.939430236816406,18.34757423400879,18.840787887573242,15.007574081420898,4273294.0
2019-09-18,BCPG.BK,18.939430236816406,18.939430236816406,18.64350128173828,18.939430236816406,15.086148262023926,4762736.0
2019-09-19,BCPG.BK,18.840787887573242,18.939430236816406,18.34757423400879,18.446216583251953,14.693281173706055,4494090.0
2019-09-20,BCPG.BK,18.742145538330078,18.840787887573242,18.248931884765625,18.34757423400879,14.614706993103027,8758564.0
2019-09-23,BCPG.BK,18.34757423400879,18.446216583251953,17.9530029296875,17.9530029296875,14.300414085388184,4969543.0
2019-09-24,BCPG.BK,17.9530029296875,18.34757423400879,17.9530029296875,18.248931884765625,14.536133766174316,4283938.0
2019-09-25,BCPG.BK,18.446216583251953,18.446216583251953,17.9530029296875,17.9530029296875,14.300414085388184,5667414.0
2019-09-26,BCPG.BK,18.051645278930664,18.248931884765625,17.9530029296875,18.248931884765625,14.536133766174316,2942331.0
2019-09-27,BCPG.BK,18.248931884765625,18.34757423400879,18.051645278930664,18.248931884765625,14.536133766174316,2600897.0
2019-09-30,BCPG.BK,18.34757423400879,18.34757423400879,17.854358673095703,17.9530029296875,14.300414085388184,4678290.0
2019-10-01,BCPG.BK,18.051645278930664,18.051645278930664,17.75571632385254,17.9530029296875,14.300414085388184,3281737.0
2019-10-02,BCPG.BK,17.854358673095703,17.854358673095703,17.55843162536621,17.55843162536621,13.98611831665039,3426603.0
2019-10-03,BCPG.BK,17.55843162536621,17.854358673095703,17.459787368774414,17.854358673095703,14.221837997436523,2954901.0
2019-10-04,BCPG.BK,17.854358673095703,18.051645278930664,17.75571632385254,17.75571632385254,14.143264770507812,858653.0
2019-10-07,BCPG.BK,17.75571632385254,17.9530029296875,17.75571632385254,17.854358673095703,14.221837997436523,2719000.0
2019-10-08,BCPG.BK,17.854358673095703,18.051645278930664,17.854358673095703,17.854358673095703,14.221837997436523,762447.0
2019-10-09,BCPG.BK,17.854358673095703,18.051645278930664,17.657072067260742,18.051645278930664,14.378984451293945,2691730.0
2019-10-10,BCPG.BK,18.051645278930664,18.051645278930664,17.75571632385254,17.9530029296875,14.300414085388184,2049514.0
2019-10-11,BCPG.BK,17.9530029296875,18.34757423400879,17.9530029296875,18.248931884765625,14.536133766174316,5227544.0
2019-10-15,BCPG.BK,18.34757423400879,18.34757423400879,18.150287628173828,18.248931884765625,14.536133766174316,2124938.0
2019-10-16,BCPG.BK,18.34757423400879,18.64350128173828,18.248931884765625,18.544858932495117,14.771852493286133,7570846.0
2019-10-17,BCPG.BK,18.544858932495117,18.64350128173828,18.34757423400879,18.446216583251953,14.693281173706055,3046342.0
2019-10-18,BCPG.BK,18.446216583251953,18.544858932495117,18.248931884765625,18.446216583251953,14.693281173706055,1524692.0
2019-10-21,BCPG.BK,18.34757423400879,18.544858932495117,18.248931884765625,18.446216583251953,14.693281173706055,2001361.0
2019-10-22,BCPG.BK,18.544858932495117,19.23535919189453,18.446216583251953,19.23535919189453,15.321869850158691,18547919.0
2019-10-24,BCPG.BK,19.334001541137695,19.334001541137695,18.840787887573242,18.939430236816406,15.086148262023926,17655305.0
2019-10-25,BCPG.BK,19.038074493408203,19.038074493408203,17.854358673095703,17.9530029296875,14.300414085388184,14902242.0
2019-10-28,BCPG.BK,17.9530029296875,17.9530029296875,17.459787368774414,17.75571632385254,14.143264770507812,4832584.0
2019-10-29,BCPG.BK,17.75571632385254,18.051645278930664,17.657072067260742,17.657072067260742,14.064690589904785,3506386.0
2019-10-30,BCPG.BK,17.657072067260742,17.854358673095703,17.55843162536621,17.854358673095703,14.221837997436523,3734076.0
2019-10-31,BCPG.BK,17.9530029296875,17.9530029296875,17.657072067260742,17.75571632385254,14.143264770507812,1786342.0
2019-11-01,BCPG.BK,17.75571632385254,17.854358673095703,17.55843162536621,17.75571632385254,14.143264770507812,2204315.0
2019-11-04,BCPG.BK,17.854358673095703,18.051645278930664,17.75571632385254,17.9530029296875,14.300414085388184,3132106.0
2019-11-05,BCPG.BK,18.051645278930664,18.150287628173828,17.854358673095703,17.9530029296875,14.300414085388184,3845082.0
2019-11-06,BCPG.BK,17.9530029296875,17.9530029296875,17.75571632385254,17.75571632385254,14.143264770507812,1615017.0
2019-11-07,BCPG.BK,17.657072067260742,17.9530029296875,17.262502670288086,17.9530029296875,14.300414085388184,8764140.0
2019-11-08,BCPG.BK,17.854358673095703,17.854358673095703,17.459787368774414,17.75571632385254,14.143264770507812,5087848.0
2019-11-11,BCPG.BK,17.75571632385254,17.75571632385254,17.459787368774414,17.55843162536621,13.98611831665039,2436668.0
2019-11-12,BCPG.BK,17.55843162536621,17.657072067260742,17.459787368774414,17.55843162536621,13.98611831665039,1635293.0
2019-11-13,BCPG.BK,17.55843162536621,17.55843162536621,17.262502670288086,17.55843162536621,13.98611831665039,2499217.0
2019-11-14,BCPG.BK,17.55843162536621,17.55843162536621,17.262502670288086,17.36114501953125,13.82896900177002,1940434.0
2019-11-15,BCPG.BK,17.36114501953125,17.459787368774414,16.276073455810547,16.37471580505371,13.043233871459961,11342330.0
2019-11-18,BCPG.BK,16.37471580505371,16.572002410888672,15.585573196411133,16.473358154296875,13.121807098388672,10092771.0
2019-11-19,BCPG.BK,16.572002410888672,16.572002410888672,16.17742919921875,16.17742919921875,12.886083602905273,4682446.0
2019-11-20,BCPG.BK,16.276073455810547,16.670644760131836,16.17742919921875,16.473358154296875,13.121807098388672,3590122.0
2019-11-21,BCPG.BK,16.473358154296875,16.572002410888672,16.276073455810547,16.473358154296875,13.121807098388672,1397668.0
2019-11-22,BCPG.BK,16.473358154296875,16.572002410888672,16.276073455810547,16.37471580505371,13.043233871459961,1990615.0
2019-11-25,BCPG.BK,16.473358154296875,16.96657371520996,16.473358154296875,16.867931365966797,13.436102867126465,4013062.0
2019-11-26,BCPG.BK,16.867931365966797,17.065216064453125,16.769287109375,17.065216064453125,13.59325122833252,3582519.0
2019-11-27,BCPG.BK,17.065216064453125,17.065216064453125,16.769287109375,16.769287109375,13.357527732849121,3464619.0
2019-11-28,BCPG.BK,16.769287109375,16.96657371520996,16.670644760131836,16.769287109375,13.357527732849121,1648776.0
2019-11-29,BCPG.BK,16.769287109375,16.867931365966797,16.670644760131836,16.769287109375,13.357527732849121,2417711.0
2019-12-02,BCPG.BK,16.867931365966797,17.065216064453125,16.572002410888672,16.670644760131836,13.278952598571777,3103924.0
2019-12-03,BCPG.BK,16.572002410888672,16.572002410888672,16.37471580505371,16.473358154296875,13.247224807739258,2059043.0
2019-12-04,BCPG.BK,16.473358154296875,16.572002410888672,16.37471580505371,16.473358154296875,13.247224807739258,1643909.0
2019-12-06,BCPG.BK,16.473358154296875,16.670644760131836,16.473358154296875,16.473358154296875,13.247224807739258,846285.0
2019-12-09,BCPG.BK,16.572002410888672,16.572002410888672,16.276073455810547,16.37471580505371,13.167899131774902,1614004.0
2019-12-11,BCPG.BK,16.37471580505371,16.473358154296875,16.17742919921875,16.17742919921875,13.009248733520508,1907791.0
2019-12-12,BCPG.BK,16.276073455810547,16.473358154296875,16.276073455810547,16.276073455810547,13.088576316833496,1490427.0
2019-12-13,BCPG.BK,16.37471580505371,16.572002410888672,16.276073455810547,16.473358154296875,13.247224807739258,2705922.0
2019-12-16,BCPG.BK,16.473358154296875,16.572002410888672,16.07878875732422,16.07878875732422,12.929925918579102,2446400.0
2019-12-17,BCPG.BK,16.17742919921875,16.276073455810547,15.486929893493652,15.585573196411133,12.533303260803223,6806573.0
2019-12-18,BCPG.BK,15.684215545654297,15.782858848571777,15.486929893493652,15.585573196411133,12.533303260803223,4410151.0
2019-12-19,BCPG.BK,15.684215545654297,15.980145454406738,15.585573196411133,15.980145454406738,12.850602149963379,4690759.0
2019-12-20,BCPG.BK,15.881502151489258,15.980145454406738,15.585573196411133,15.782858848571777,12.691950798034668,2297885.0
2019-12-23,BCPG.BK,15.782858848571777,15.881502151489258,15.388286590576172,15.486929893493652,12.453977584838867,3576234.0
2019-12-24,BCPG.BK,15.486929893493652,15.585573196411133,15.388286590576172,15.486929893493652,12.453977584838867,2359318.0
2019-12-25,BCPG.BK,15.486929893493652,15.980145454406738,15.486929893493652,15.684215545654297,12.612627029418945,2506618.0
2019-12-26,BCPG.BK,15.684215545654297,15.980145454406738,15.684215545654297,15.881502151489258,12.77127742767334,2076784.0
2019-12-27,BCPG.BK,15.980145454406738,16.37471580505371,15.881502151489258,16.17742919921875,13.009248733520508,5991613.0
2019-12-30,BCPG.BK,16.276073455810547,16.37471580505371,15.980145454406738,15.980145454406738,12.850602149963379,2520607.0
2020-01-02,BCPG.BK,16.07878875732422,16.473358154296875,15.980145454406738,16.473358154296875,13.247224807739258,4213279.0
2020-01-03,BCPG.BK,16.473358154296875,16.96657371520996,16.473358154296875,16.769287109375,13.485197067260742,7891092.0
2020-01-06,BCPG.BK,16.473358154296875,16.867931365966797,16.473358154296875,16.572002410888672,13.326549530029297,5454423.0
2020-01-07,BCPG.BK,16.769287109375,16.867931365966797,16.572002410888672,16.670644760131836,13.405874252319336,1963750.0
2020-01-08,BCPG.BK,16.37471580505371,16.473358154296875,16.07878875732422,16.07878875732422,12.929925918579102,2525068.0
2020-01-09,BCPG.BK,16.473358154296875,16.867931365966797,16.473358154296875,16.670644760131836,13.405874252319336,5287153.0
2020-01-10,BCPG.BK,16.670644760131836,16.96657371520996,16.572002410888672,16.769287109375,13.485197067260742,4782504.0
2020-01-13,BCPG.BK,16.96657371520996,17.16385841369629,16.867931365966797,16.96657371520996,13.643847465515137,3225068.0
2020-01-14,BCPG.BK,16.96657371520996,17.065216064453125,16.670644760131836,16.769287109375,13.485197067260742,2594916.0
2020-01-15,BCPG.BK,16.769287109375,16.96657371520996,16.572002410888672,16.96657371520996,13.643847465515137,3992077.0
2020-01-16,BCPG.BK,16.96657371520996,17.065216064453125,16.769287109375,16.96657371520996,13.643847465515137,1913164.0
2020-01-17,BCPG.BK,17.065216064453125,17.36114501953125,16.96657371520996,17.262502670288086,13.88182258605957,5457667.0
2020-01-20,BCPG.BK,17.262502670288086,17.262502670288086,16.769287109375,16.867931365966797,13.56452465057373,3948587.0
2020-01-21,BCPG.BK,16.867931365966797,16.867931365966797,16.572002410888672,16.572002410888672,13.326549530029297,2604547.0
2020-01-22,BCPG.BK,16.572002410888672,16.769287109375,16.473358154296875,16.769287109375,13.485197067260742,1626777.0
2020-01-23,BCPG.BK,16.670644760131836,16.867931365966797,16.572002410888672,16.572002410888672,13.326549530029297,1349311.0
2020-01-24,BCPG.BK,16.572002410888672,16.769287109375,16.473358154296875,16.473358154296875,13.247224807739258,1241042.0
2020-01-27,BCPG.BK,16.473358154296875,16.473358154296875,15.980145454406738,16.07878875732422,12.929925918579102,3509021.0
2020-01-28,BCPG.BK,16.07878875732422,16.37471580505371,15.782858848571777,15.980145454406738,12.850602149963379,3135654.0
2020-01-29,BCPG.BK,15.980145454406738,16.17742919921875,15.486929893493652,15.782858848571777,12.691950798034668,3690180.0
2020-01-30,BCPG.BK,15.585573196411133,15.980145454406738,15.585573196411133,15.585573196411133,12.533303260803223,3287617.0
2020-01-31,BCPG.BK,15.684215545654297,15.881502151489258,15.486929893493652,15.684215545654297,12.612627029418945,2746675.0
2020-02-03,BCPG.BK,15.684215545654297,15.782858848571777,14.599143981933594,14.697787284851074,11.819378852844238,10496044.0
2020-02-04,BCPG.BK,14.895072937011719,14.895072937011719,14.10593032836914,14.895072937011719,11.978029251098633,6564589.0
2020-02-05,BCPG.BK,14.9937162399292,15.289645195007324,14.9937162399292,15.191001892089844,12.21600341796875,3935915.0
2020-02-06,BCPG.BK,15.289645195007324,15.486929893493652,15.092358589172363,15.289645195007324,12.295327186584473,3909050.0
2020-02-07,BCPG.BK,15.289645195007324,15.388286590576172,15.092358589172363,15.191001892089844,12.21600341796875,2772628.0
2020-02-11,BCPG.BK,15.289645195007324,15.585573196411133,15.092358589172363,15.191001892089844,12.21600341796875,5899767.0
2020-02-12,BCPG.BK,15.289645195007324,16.276073455810547,15.289645195007324,16.07878875732422,12.929925918579102,14308788.0
2020-02-13,BCPG.BK,16.07878875732422,16.17742919921875,15.881502151489258,15.881502151489258,12.77127742767334,3658247.0
2020-02-14,BCPG.BK,15.980145454406738,16.276073455810547,15.881502151489258,16.17742919921875,13.009248733520508,7844560.0
2020-02-17,BCPG.BK,16.17742919921875,16.670644760131836,15.980145454406738,16.670644760131836,13.405874252319336,8609846.0
2020-02-18,BCPG.BK,16.572002410888672,16.670644760131836,16.07878875732422,16.37471580505371,13.167899131774902,9341273.0
2020-02-19,BCPG.BK,16.37471580505371,16.473358154296875,16.276073455810547,16.473358154296875,13.247224807739258,5023069.0
2020-02-20,BCPG.BK,16.473358154296875,16.473358154296875,16.17742919921875,16.276073455810547,13.088576316833496,2650368.0
2020-02-21,BCPG.BK,16.276073455810547,16.37471580505371,15.782858848571777,16.17742919921875,13.009248733520508,4111802.0
2020-02-24,BCPG.BK,16.17742919921875,16.17742919921875,15.782858848571777,15.782858848571777,12.691950798034668,4081896.0
2020-02-25,BCPG.BK,15.585573196411133,15.782858848571777,14.796429634094238,15.585573196411133,12.533303260803223,10395581.0
2020-02-26,BCPG.BK,15.388286590576172,15.486929893493652,14.50050163269043,14.50050163269043,11.660728454589844,9808514.0
2020-02-27,BCPG.BK,14.303215980529785,14.895072937011719,14.204572677612305,14.599143981933594,11.740056037902832,12153235.0
2020-02-28,BCPG.BK,14.204572677612305,14.303215980529785,14.00728702545166,14.303215980529785,11.502080917358398,5328007.0
2020-03-02,BCPG.BK,14.303215980529785,14.401859283447266,13.514073371887207,14.204572677612305,11.422755241394043,7525125.0
2020-03-03,BCPG.BK,14.204572677612305,14.599143981933594,14.00728702545166,14.303215980529785,11.631316184997559,4140390.0
2020-03-04,BCPG.BK,14.204572677612305,14.50050163269043,14.00728702545166,14.401859283447266,11.71153450012207,2046169.0
2020-03-05,BCPG.BK,14.599143981933594,15.388286590576172,14.50050163269043,15.191001892089844,12.353262901306152,12296276.0
2020-03-06,BCPG.BK,14.9937162399292,15.289645195007324,14.697787284851074,14.9937162399292,12.192831039428711,6343692.0
2020-03-09,BCPG.BK,14.599143981933594,14.796429634094238,14.10593032836914,14.50050163269043,11.791749000549316,8685473.0
2020-03-10,BCPG.BK,14.599143981933594,14.796429634094238,14.401859283447266,14.50050163269043,11.791749000549316,3460462.0
2020-03-11,BCPG.BK,14.697787284851074,14.697787284851074,13.810001373291016,14.303215980529785,11.631316184997559,11137044.0
2020-03-12,BCPG.BK,13.514073371887207,13.810001373291016,11.837143898010254,11.837143898010254,9.625919342041016,13836073.0
2020-03-13,BCPG.BK,10.357501029968262,12.23171615600586,9.71632194519043,11.541214942932129,9.385270118713379,13761359.0
2020-03-16,BCPG.BK,10.357501029968262,11.14664363861084,10.258857727050781,10.258857727050781,8.342462539672852,5734626.0
2020-03-17,BCPG.BK,10.061572074890137,10.850714683532715,9.864287376403809,9.962929725646973,8.101814270019531,11355711.0
2020-03-18,BCPG.BK,10.258857727050781,10.75207233428955,9.962929725646973,10.258857727050781,8.342462539672852,7221505.0
2020-03-19,BCPG.BK,10.061572074890137,10.850714683532715,9.962929725646973,10.653429985046387,8.663326263427734,6670933.0
2020-03-20,BCPG.BK,11.14664363861084,12.034429550170898,11.048001289367676,11.935787200927734,9.706134796142578,13142865.0
2020-03-23,BCPG.BK,11.14664363861084,11.24528694152832,10.75207233428955,10.75207233428955,8.743541717529297,5790788.0
2020-03-24,BCPG.BK,11.14664363861084,11.24528694152832,10.75207233428955,11.24528694152832,9.144622802734375,5774466.0
2020-03-25,BCPG.BK,11.541214942932129,12.133072853088379,11.442572593688965,11.837143898010254,9.625919342041016,10166167.0
2020-03-26,BCPG.BK,11.738500595092773,12.133072853088379,11.541214942932129,11.738500595092773,9.545701026916504,5293134.0
2020-03-27,BCPG.BK,11.935787200927734,12.23171615600586,11.738500595092773,11.738500595092773,9.545701026916504,6798261.0
2020-03-30,BCPG.BK,11.738500595092773,11.738500595092773,11.738500595092773,11.738500595092773,9.545701026916504,175988.0
2020-03-31,BCPG.BK,11.738500595092773,12.330357551574707,11.738500595092773,12.23171615600586,9.946783065795898,5041722.0
2020-04-01,BCPG.BK,12.23171615600586,12.330357551574707,12.034429550170898,12.034429550170898,9.786349296569824,3251932.0
2020-04-02,BCPG.BK,12.133072853088379,12.724929809570312,12.034429550170898,12.626287460327148,10.267646789550781,6156045.0
2020-04-03,BCPG.BK,12.823573112487793,13.020858764648438,12.429000854492188,12.626287460327148,10.267646789550781,5369166.0
2020-04-07,BCPG.BK,13.020858764648438,14.10593032836914,12.922216415405273,13.810001373291016,11.23023796081543,8608934.0
2020-04-08,BCPG.BK,13.810001373291016,14.00728702545166,13.415430068969727,13.514073371887207,10.989592552185059,6958130.0
2020-04-09,BCPG.BK,13.711359024047852,14.10593032836914,13.612715721130371,13.810001373291016,11.23023796081543,7048456.0
2020-04-10,BCPG.BK,13.810001373291016,14.10593032836914,13.711359024047852,14.10593032836914,11.47088623046875,3450021.0
2020-04-13,BCPG.BK,14.204572677612305,14.50050163269043,13.90864372253418,14.50050163269043,11.791749000549316,3851063.0
2020-04-14,BCPG.BK,14.796429634094238,14.895072937011719,14.50050163269043,14.697787284851074,11.952180862426758,5299622.0
2020-04-15,BCPG.BK,14.697787284851074,14.796429634094238,14.50050163269043,14.697787284851074,11.952180862426758,4252917.0
2020-04-16,BCPG.BK,14.599143981933594,14.697787284851074,14.204572677612305,14.697787284851074,11.952180862426758,4930918.0
2020-04-17,BCPG.BK,14.796429634094238,14.895072937011719,14.50050163269043,14.697787284851074,11.952180862426758,2968283.0
2020-04-20,BCPG.BK,14.796429634094238,15.092358589172363,14.599143981933594,15.092358589172363,12.27304744720459,2926212.0
2020-04-21,BCPG.BK,14.895072937011719,15.092358589172363,14.796429634094238,15.092358589172363,12.27304744720459,2675408.0
2020-04-22,BCPG.BK,15.092358589172363,16.17742919921875,14.9937162399292,15.980145454406738,12.994990348815918,7702938.0
2020-04-23,BCPG.BK,15.980145454406738,16.07878875732422,15.782858848571777,15.980145454406738,12.994990348815918,3809702.0
2020-04-24,BCPG.BK,15.980145454406738,16.07878875732422,15.585573196411133,15.585573196411133,12.674125671386719,2474684.0
2020-04-27,BCPG.BK,15.980145454406738,15.980145454406738,15.585573196411133,15.782858848571777,12.834558486938477,1629717.0
2020-04-28,BCPG.BK,15.782858848571777,15.881502151489258,15.585573196411133,15.782858848571777,12.834558486938477,2416799.0
2020-04-29,BCPG.BK,15.881502151489258,16.07878875732422,15.782858848571777,15.881502151489258,12.914774894714355,1745894.0
2020-04-30,BCPG.BK,15.980145454406738,16.07878875732422,15.782858848571777,15.980145454406738,12.994990348815918,1902519.0
2020-05-05,BCPG.BK,15.881502151489258,15.980145454406738,15.289645195007324,15.486929893493652,12.593910217285156,5541708.0
2020-05-07,BCPG.BK,15.585573196411133,15.585573196411133,15.191001892089844,15.388286590576172,12.513690948486328,2828486.0
2020-05-08,BCPG.BK,15.388286590576172,15.585573196411133,15.191001892089844,15.585573196411133,12.674125671386719,1301158.0
2020-05-11,BCPG.BK,15.684215545654297,15.881502151489258,15.585573196411133,15.881502151489258,12.914774894714355,3465227.0
2020-05-12,BCPG.BK,15.980145454406738,16.17742919921875,15.782858848571777,16.07878875732422,13.075207710266113,5384879.0
2020-05-13,BCPG.BK,16.17742919921875,16.276073455810547,15.585573196411133,15.782858848571777,12.834558486938477,5373728.0
2020-05-14,BCPG.BK,15.684215545654297,15.881502151489258,15.486929893493652,15.585573196411133,12.674125671386719,2740086.0
2020-05-15,BCPG.BK,15.684215545654297,15.881502151489258,15.585573196411133,15.782858848571777,12.834558486938477,1424431.0
2020-05-18,BCPG.BK,15.782858848571777,15.980145454406738,15.585573196411133,15.881502151489258,12.914774894714355,3163026.0
2020-05-19,BCPG.BK,16.07878875732422,16.17742919921875,15.585573196411133,15.782858848571777,12.834558486938477,9250947.0
2020-05-20,BCPG.BK,15.881502151489258,16.473358154296875,15.782858848571777,16.276073455810547,13.235637664794922,9765632.0
2020-05-21,BCPG.BK,16.473358154296875,16.670644760131836,16.07878875732422,16.17742919921875,13.155421257019043,8701287.0
2020-05-22,BCPG.BK,16.276073455810547,16.37471580505371,15.980145454406738,16.276073455810547,13.235637664794922,5473380.0
2020-05-25,BCPG.BK,16.276073455810547,16.96657371520996,16.276073455810547,16.769287109375,13.63671875,9304473.0
2020-05-26,BCPG.BK,16.96657371520996,17.065216064453125,16.572002410888672,16.670644760131836,13.556503295898438,7636436.0
2020-05-27,BCPG.BK,16.769287109375,16.96657371520996,16.572002410888672,16.670644760131836,13.556503295898438,2769890.0
2020-05-28,BCPG.BK,16.769287109375,17.065216064453125,16.670644760131836,16.867931365966797,13.71693229675293,5337233.0
2020-05-29,BCPG.BK,16.769287109375,17.065216064453125,16.473358154296875,17.065216064453125,13.877364158630371,9698115.0
2020-06-01,BCPG.BK,16.96657371520996,17.16385841369629,16.769287109375,16.867931365966797,13.71693229675293,3631078.0
2020-06-02,BCPG.BK,16.867931365966797,17.16385841369629,16.867931365966797,16.96657371520996,13.797148704528809,4783518.0
2020-06-04,BCPG.BK,17.065216064453125,17.262502670288086,16.867931365966797,16.867931365966797,13.71693229675293,6259955.0
2020-06-05,BCPG.BK,16.96657371520996,17.262502670288086,16.769287109375,17.065216064453125,13.877364158630371,6877334.0
2020-06-08,BCPG.BK,17.16385841369629,17.459787368774414,16.96657371520996,17.16385841369629,13.957581520080566,6280332.0
2020-06-09,BCPG.BK,17.16385841369629,17.854358673095703,16.96657371520996,16.96657371520996,13.797148704528809,15221779.0
2020-06-10,BCPG.BK,17.065216064453125,17.065216064453125,16.670644760131836,16.769287109375,13.63671875,7168181.0
2020-06-11,BCPG.BK,16.670644760131836,16.867931365966797,16.07878875732422,16.17742919921875,13.155421257019043,6515321.0
2020-06-12,BCPG.BK,15.388286590576172,15.980145454406738,15.289645195007324,15.980145454406738,12.994990348815918,6495958.0
2020-06-15,BCPG.BK,15.980145454406738,15.980145454406738,15.486929893493652,15.585573196411133,12.674125671386719,4935278.0
2020-06-16,BCPG.BK,15.881502151489258,16.07878875732422,15.782858848571777,15.881502151489258,12.914774894714355,3013699.0
2020-06-17,BCPG.BK,15.881502151489258,16.17742919921875,15.684215545654297,16.07878875732422,13.075207710266113,2530948.0
2020-06-18,BCPG.BK,15.980145454406738,16.17742919921875,15.881502151489258,16.07878875732422,13.075207710266113,1834597.0
2020-06-19,BCPG.BK,16.17742919921875,16.17742919921875,15.782858848571777,16.07878875732422,13.075207710266113,2886169.0
2020-06-22,BCPG.BK,15.980145454406738,16.17742919921875,15.782858848571777,15.782858848571777,12.834558486938477,1947631.0
2020-06-23,BCPG.BK,15.980145454406738,15.980145454406738,15.782858848571777,15.782858848571777,12.834558486938477,988211.0
2020-06-24,BCPG.BK,15.881502151489258,15.980145454406738,15.585573196411133,15.684215545654297,12.754342079162598,3500303.0
2020-06-25,BCPG.BK,15.486929893493652,15.486929893493652,15.092358589172363,15.486929893493652,12.593910217285156,5246501.0
2020-06-26,BCPG.BK,15.585573196411133,15.684215545654297,15.486929893493652,15.486929893493652,12.593910217285156,1458797.0
2020-06-29,BCPG.BK,15.486929893493652,15.486929893493652,15.191001892089844,15.289645195007324,12.433479309082031,974931.0
2020-06-30,BCPG.BK,15.486929893493652,15.585573196411133,15.388286590576172,15.388286590576172,12.513690948486328,1522461.0
2020-07-01,BCPG.BK,15.486929893493652,15.585573196411133,15.191001892089844,15.289645195007324,12.433479309082031,1715684.0
2020-07-02,BCPG.BK,15.388286590576172,15.585573196411133,15.289645195007324,15.486929893493652,12.593910217285156,3402171.0
2020-07-03,BCPG.BK,15.486929893493652,15.881502151489258,15.486929893493652,15.684215545654297,12.754342079162598,4242171.0
2020-07-07,BCPG.BK,15.881502151489258,16.276073455810547,15.782858848571777,15.782858848571777,12.834558486938477,8020954.0
2020-07-08,BCPG.BK,15.782858848571777,16.07878875732422,15.684215545654297,15.684215545654297,12.754342079162598,4277045.0
2020-07-09,BCPG.BK,15.684215545654297,15.881502151489258,15.585573196411133,15.684215545654297,12.754342079162598,4449383.0
2020-07-10,BCPG.BK,15.585573196411133,15.684215545654297,15.486929893493652,15.486929893493652,12.593910217285156,2179072.0
2020-07-13,BCPG.BK,15.684215545654297,15.684215545654297,15.191001892089844,15.191001892089844,12.353262901306152,3121056.0
2020-07-14,BCPG.BK,15.191001892089844,15.191001892089844,14.796429634094238,14.9937162399292,12.192831039428711,3491686.0
2020-07-15,BCPG.BK,15.191001892089844,15.388286590576172,14.9937162399292,15.289645195007324,12.433479309082031,3117204.0
2020-07-16,BCPG.BK,15.289645195007324,15.388286590576172,15.191001892089844,15.289645195007324,12.433479309082031,1931817.0
2020-07-17,BCPG.BK,15.289645195007324,15.388286590576172,15.191001892089844,15.289645195007324,12.433479309082031,1903938.0
2020-07-20,BCPG.BK,15.191001892089844,15.289645195007324,14.9937162399292,15.092358589172363,12.27304744720459,1918334.0
2020-07-21,BCPG.BK,15.191001892089844,15.980145454406738,15.191001892089844,15.684215545654297,12.754342079162598,7283040.0
2020-07-22,BCPG.BK,15.881502151489258,16.07878875732422,15.684215545654297,15.684215545654297,12.754342079162598,5739897.0
2020-07-23,BCPG.BK,15.684215545654297,15.881502151489258,15.486929893493652,15.486929893493652,12.593910217285156,4765879.0
2020-07-24,BCPG.BK,15.585573196411133,15.684215545654297,15.388286590576172,15.388286590576172,12.513690948486328,3105951.0
2020-07-29,BCPG.BK,15.388286590576172,15.684215545654297,15.388286590576172,15.486929893493652,12.593910217285156,1320723.0
2020-07-30,BCPG.BK,15.585573196411133,15.782858848571777,14.9937162399292,14.9937162399292,12.192831039428711,2984503.0
2020-07-31,BCPG.BK,14.9937162399292,15.191001892089844,14.895072937011719,15.191001892089844,12.353262901306152,3056885.0
2020-08-03,BCPG.BK,15.191001892089844,15.289645195007324,14.9937162399292,15.191001892089844,12.353262901306152,1106719.0
2020-08-04,BCPG.BK,15.289645195007324,15.486929893493652,15.191001892089844,15.289645195007324,12.433479309082031,2179174.0
2020-08-05,BCPG.BK,15.486929893493652,15.585573196411133,15.289645195007324,15.388286590576172,12.513690948486328,2392570.0
2020-08-06,BCPG.BK,15.486929893493652,15.585573196411133,15.289645195007324,15.289645195007324,12.433479309082031,2297074.0
2020-08-07,BCPG.BK,15.388286590576172,15.388286590576172,15.289645195007324,15.388286590576172,12.513690948486328,450108.0
2020-08-10,BCPG.BK,15.388286590576172,15.486929893493652,15.191001892089844,15.388286590576172,12.513690948486328,1107733.0
2020-08-11,BCPG.BK,15.388286590576172,15.684215545654297,15.289645195007324,15.388286590576172,12.513690948486328,2961693.0
2020-08-13,BCPG.BK,15.486929893493652,15.585573196411133,15.289645195007324,15.486929893493652,12.593910217285156,1630426.0
2020-08-14,BCPG.BK,15.486929893493652,15.486929893493652,15.191001892089844,15.289645195007324,12.433479309082031,1505126.0
2020-08-17,BCPG.BK,15.191001892089844,15.289645195007324,14.895072937011719,14.9937162399292,12.192831039428711,3680549.0
2020-08-18,BCPG.BK,14.9937162399292,15.092358589172363,14.895072937011719,14.9937162399292,12.192831039428711,1492555.0
2020-08-19,BCPG.BK,15.092358589172363,15.191001892089844,14.697787284851074,14.697787284851074,11.952180862426758,3136668.0
2020-08-20,BCPG.BK,14.599143981933594,14.697787284851074,14.303215980529785,14.303215980529785,11.631316184997559,3478000.0
2020-08-21,BCPG.BK,13.218144416809082,13.612715721130371,12.330357551574707,12.626287460327148,10.267646789550781,30591668.0
2020-08-24,BCPG.BK,12.724929809570312,12.922216415405273,12.527644157409668,12.626287460327148,10.267646789550781,7102996.0
2020-08-25,BCPG.BK,12.823573112487793,12.922216415405273,12.034429550170898,12.133072853088379,9.86656665802002,15610251.0
2020-08-26,BCPG.BK,12.330357551574707,12.724929809570312,12.23171615600586,12.429000854492188,10.10721492767334,16767253.0
2020-08-27,BCPG.BK,12.527644157409668,13.119501113891602,12.429000854492188,13.020858764648438,10.588508605957031,12978738.0
2020-08-28,BCPG.BK,13.218144416809082,13.316786766052246,12.922216415405273,13.218144416809082,10.748943328857422,10651453.0
2020-08-31,BCPG.BK,12.823573112487793,13.020858764648438,12.626287460327148,12.626287460327148,10.391727447509766,6320882.0
2020-09-01,BCPG.BK,12.527644157409668,12.724929809570312,12.429000854492188,12.527644157409668,10.310542106628418,4261940.0
2020-09-02,BCPG.BK,12.527644157409668,12.724929809570312,12.429000854492188,12.626287460327148,10.391727447509766,2986936.0
2020-09-03,BCPG.BK,12.626287460327148,12.823573112487793,12.429000854492188,12.823573112487793,10.554097175598145,4235480.0
2020-09-08,BCPG.BK,12.922216415405273,13.119501113891602,12.626287460327148,12.922216415405273,10.635284423828125,6044734.0
2020-09-09,BCPG.BK,12.626287460327148,12.922216415405273,12.527644157409668,12.724929809570312,10.472912788391113,3001940.0
2020-09-10,BCPG.BK,12.724929809570312,12.823573112487793,12.527644157409668,12.527644157409668,10.310542106628418,1724807.0
2020-09-11,BCPG.BK,12.626287460327148,12.626287460327148,12.23171615600586,12.23171615600586,10.066986083984375,6193554.0
2020-09-14,BCPG.BK,12.23171615600586,12.330357551574707,11.63985824584961,11.63985824584961,9.579873085021973,9413858.0
2020-09-15,BCPG.BK,11.738500595092773,12.034429550170898,11.63985824584961,11.837143898010254,9.742244720458984,3596509.0
2020-09-16,BCPG.BK,11.837143898010254,12.23171615600586,11.837143898010254,12.034429550170898,9.904613494873047,2944966.0
2020-09-17,BCPG.BK,12.034429550170898,12.330357551574707,11.935787200927734,12.034429550170898,9.904613494873047,3881983.0
2020-09-18,BCPG.BK,12.133072853088379,12.23171615600586,11.738500595092773,12.23171615600586,10.066986083984375,5038275.0
2020-09-21,BCPG.BK,12.330357551574707,12.330357551574707,12.034429550170898,12.133072853088379,9.985799789428711,1910426.0
2020-09-22,BCPG.BK,12.23171615600586,12.23171615600586,11.935787200927734,11.935787200927734,9.823429107666016,1657291.0
2020-09-23,BCPG.BK,12.23171615600586,12.23171615600586,11.837143898010254,11.935787200927734,9.823429107666016,1910224.0
2020-09-24,BCPG.BK,11.935787200927734,12.034429550170898,11.63985824584961,11.738500595092773,9.661056518554688,4235075.0
2020-09-25,BCPG.BK,11.837143898010254,11.935787200927734,11.738500595092773,11.738500595092773,9.661056518554688,2127979.0
2020-09-28,BCPG.BK,11.738500595092773,12.034429550170898,11.738500595092773,12.034429550170898,9.904613494873047,2936248.0
2020-09-29,BCPG.BK,12.034429550170898,12.034429550170898,11.935787200927734,11.935787200927734,9.823429107666016,626502.0
2020-09-30,BCPG.BK,11.935787200927734,12.034429550170898,11.63985824584961,11.738500595092773,9.661056518554688,1807327.0
2020-10-01,BCPG.BK,11.738500595092773,11.837143898010254,11.63985824584961,11.738500595092773,9.661056518554688,1675133.0
2020-10-02,BCPG.BK,11.738500595092773,11.935787200927734,11.63985824584961,11.738500595092773,9.661056518554688,4365748.0
2020-10-05,BCPG.BK,11.837143898010254,12.23171615600586,11.837143898010254,12.23171615600586,10.066986083984375,3025662.0
2020-10-06,BCPG.BK,12.330357551574707,12.823573112487793,12.23171615600586,12.823573112487793,10.554097175598145,9648441.0
2020-10-07,BCPG.BK,12.626287460327148,12.823573112487793,12.527644157409668,12.724929809570312,10.472912788391113,3999478.0
2020-10-08,BCPG.BK,12.823573112487793,13.020858764648438,12.724929809570312,13.020858764648438,10.716466903686523,4042968.0
2020-10-09,BCPG.BK,13.020858764648438,13.119501113891602,12.724929809570312,12.724929809570312,10.472912788391113,4758174.0
2020-10-12,BCPG.BK,12.823573112487793,13.020858764648438,12.724929809570312,12.922216415405273,10.635284423828125,8834596.0
2020-10-14,BCPG.BK,12.5,12.600000381469727,12.199999809265137,12.300000190734863,10.123186111450195,6615800.0
2020-10-15,BCPG.BK,12.199999809265137,12.300000190734863,11.899999618530273,11.899999618530273,9.793974876403809,3252100.0
2020-10-16,BCPG.BK,11.899999618530273,12.100000381469727,11.699999809265137,11.800000190734863,9.711673736572266,5173700.0
2020-10-19,BCPG.BK,11.800000190734863,11.899999618530273,11.5,11.600000381469727,9.547067642211914,3186600.0
2020-10-20,BCPG.BK,11.600000381469727,11.800000190734863,11.5,11.699999809265137,9.62937068939209,2349900.0
2020-10-21,BCPG.BK,11.800000190734863,11.899999618530273,11.600000381469727,11.699999809265137,9.62937068939209,1587500.0
2020-10-22,BCPG.BK,11.600000381469727,11.899999618530273,11.399999618530273,11.699999809265137,9.62937068939209,3590200.0
2020-10-26,BCPG.BK,11.699999809265137,11.800000190734863,11.5,11.5,9.464766502380371,1810300.0
2020-10-27,BCPG.BK,11.5,11.699999809265137,11.399999618530273,11.399999618530273,9.382463455200195,3536900.0
2020-10-28,BCPG.BK,11.5,11.699999809265137,11.399999618530273,11.5,9.464766502380371,3293300.0
2020-10-29,BCPG.BK,11.5,11.600000381469727,11.399999618530273,11.5,9.464766502380371,2774500.0
2020-10-30,BCPG.BK,11.600000381469727,11.800000190734863,11.5,11.5,9.464766502380371,4970700.0
2020-11-02,BCPG.BK,11.600000381469727,12.199999809265137,11.600000381469727,12.100000381469727,9.958581924438477,16836000.0
2020-11-03,BCPG.BK,12.100000381469727,12.399999618530273,11.899999618530273,12.199999809265137,10.040884017944336,12268100.0
2020-11-04,BCPG.BK,12.300000190734863,12.699999809265137,12.300000190734863,12.399999618530273,10.205486297607422,9123700.0
2020-11-05,BCPG.BK,12.600000381469727,12.899999618530273,12.5,12.800000190734863,10.534696578979492,6985000.0
2020-11-06,BCPG.BK,12.699999809265137,13.0,12.600000381469727,12.800000190734863,10.534696578979492,8429900.0
2020-11-09,BCPG.BK,13.100000381469727,13.100000381469727,12.800000190734863,13.0,10.699301719665527,8544900.0
2020-11-10,BCPG.BK,13.199999809265137,13.300000190734863,12.899999618530273,13.199999809265137,10.863905906677246,7420400.0
2020-11-11,BCPG.BK,13.300000190734863,13.399999618530273,12.800000190734863,12.899999618530273,10.616999626159668,7112200.0
2020-11-12,BCPG.BK,13.0,13.199999809265137,12.600000381469727,13.0,10.699301719665527,15587900.0
2020-11-13,BCPG.BK,12.800000190734863,13.0,12.699999809265137,12.800000190734863,10.534696578979492,8894200.0
2020-11-16,BCPG.BK,13.0,13.100000381469727,12.800000190734863,12.899999618530273,10.616999626159668,12637000.0
2020-11-17,BCPG.BK,13.0,14.0,13.0,13.5,11.110814094543457,35289400.0
2020-11-18,BCPG.BK,13.5,13.800000190734863,13.300000190734863,13.699999809265137,11.27541732788086,11533300.0
2020-11-19,BCPG.BK,13.699999809265137,14.0,13.699999809265137,13.800000190734863,11.357719421386719,7842700.0
2020-11-20,BCPG.BK,13.800000190734863,14.0,13.699999809265137,14.0,11.522322654724121,7446100.0
2020-11-23,BCPG.BK,14.100000381469727,14.600000381469727,13.899999618530273,14.399999618530273,11.851532936096191,14392100.0
2020-11-24,BCPG.BK,14.399999618530273,14.399999618530273,13.800000190734863,13.899999618530273,11.440021514892578,14078400.0
2020-11-25,BCPG.BK,14.199999809265137,14.199999809265137,13.800000190734863,14.0,11.522322654724121,11092700.0
2020-11-26,BCPG.BK,14.100000381469727,14.199999809265137,13.899999618530273,14.0,11.522322654724121,6475100.0
2020-11-27,BCPG.BK,14.0,14.5,13.899999618530273,14.5,11.93383502960205,13443900.0
2020-11-30,BCPG.BK,14.600000381469727,14.800000190734863,14.300000190734863,14.800000190734863,12.180742263793945,14146900.0
2020-12-01,BCPG.BK,14.899999618530273,15.0,14.399999618530273,14.5,11.93383502960205,17723900.0
2020-12-02,BCPG.BK,14.5,15.0,14.399999618530273,14.899999618530273,12.263045310974121,13406000.0
2020-12-03,BCPG.BK,15.0,15.199999809265137,14.899999618530273,15.0,12.34534740447998,8788700.0
2020-12-04,BCPG.BK,15.100000381469727,15.100000381469727,14.600000381469727,14.800000190734863,12.180742263793945,9774900.0
2020-12-08,BCPG.BK,14.800000190734863,15.0,14.600000381469727,14.699999809265137,12.098441123962402,7342600.0
2020-12-09,BCPG.BK,14.800000190734863,14.800000190734863,14.399999618530273,14.5,11.93383502960205,8057900.0
2020-12-14,BCPG.BK,14.600000381469727,14.699999809265137,14.399999618530273,14.5,11.93383502960205,5770900.0
2020-12-15,BCPG.BK,14.5,14.600000381469727,14.399999618530273,14.5,11.93383502960205,1991200.0
2020-12-16,BCPG.BK,14.600000381469727,14.600000381469727,14.300000190734863,14.399999618530273,11.851532936096191,5675900.0
2020-12-17,BCPG.BK,14.399999618530273,14.899999618530273,14.399999618530273,14.800000190734863,12.180742263793945,6884800.0
2020-12-18,BCPG.BK,14.800000190734863,14.800000190734863,14.399999618530273,14.699999809265137,12.098441123962402,5675500.0
2020-12-21,BCPG.BK,13.5,14.199999809265137,13.199999809265137,13.199999809265137,10.863905906677246,15972900.0
2020-12-22,BCPG.BK,13.300000190734863,13.800000190734863,13.199999809265137,13.699999809265137,11.27541732788086,5946600.0
2020-12-23,BCPG.BK,13.699999809265137,13.899999618530273,13.5,13.600000381469727,11.193115234375,3064500.0
2020-12-24,BCPG.BK,13.5,14.0,13.399999618530273,13.899999618530273,11.440021514892578,3494400.0
2020-12-25,BCPG.BK,13.899999618530273,14.0,13.699999809265137,13.699999809265137,11.27541732788086,1995000.0
2020-12-28,BCPG.BK,13.699999809265137,14.399999618530273,13.5,14.0,11.522322654724121,9177800.0
2020-12-29,BCPG.BK,14.199999809265137,14.399999618530273,14.0,14.300000190734863,11.769232749938965,5352300.0
2020-12-30,BCPG.BK,14.399999618530273,14.399999618530273,14.0,14.199999809265137,11.686930656433105,3599200.0
2021-01-04,BCPG.BK,13.899999618530273,14.300000190734863,13.800000190734863,14.100000381469727,11.604626655578613,3335300.0
2021-01-05,BCPG.BK,14.199999809265137,15.899999618530273,14.199999809265137,15.899999618530273,13.086068153381348,39365500.0
2021-01-06,BCPG.BK,15.899999618530273,16.399999618530273,15.300000190734863,15.5,12.75685977935791,32889300.0
2021-01-07,BCPG.BK,15.899999618530273,15.899999618530273,15.5,15.5,12.75685977935791,19674100.0
2021-01-08,BCPG.BK,15.699999809265137,15.699999809265137,15.100000381469727,15.300000190734863,12.592253684997559,10412700.0
2021-01-11,BCPG.BK,15.399999618530273,15.5,15.300000190734863,15.5,12.75685977935791,4427800.0
2021-01-12,BCPG.BK,15.5,15.699999809265137,15.199999809265137,15.300000190734863,12.592253684997559,9172600.0
2021-01-13,BCPG.BK,15.5,16.100000381469727,15.300000190734863,16.0,13.168370246887207,29228000.0
2021-01-14,BCPG.BK,16.299999237060547,16.600000381469727,15.800000190734863,15.899999618530273,13.086068153381348,40959500.0
2021-01-15,BCPG.BK,15.899999618530273,16.0,15.5,15.600000381469727,12.839160919189453,14400600.0
2021-01-18,BCPG.BK,15.600000381469727,15.899999618530273,15.300000190734863,15.600000381469727,12.839160919189453,13093000.0
2021-01-19,BCPG.BK,16.200000762939453,16.399999618530273,15.899999618530273,16.0,13.168370246887207,32941000.0
2021-01-20,BCPG.BK,16.100000381469727,16.100000381469727,15.699999809265137,15.899999618530273,13.086068153381348,13909300.0
2021-01-21,BCPG.BK,16.0,16.100000381469727,15.699999809265137,15.800000190734863,13.003766059875488,10067400.0
2021-01-22,BCPG.BK,15.800000190734863,15.899999618530273,15.5,15.600000381469727,12.839160919189453,13902500.0
2021-01-25,BCPG.BK,15.600000381469727,15.600000381469727,15.199999809265137,15.5,12.75685977935791,13745300.0
2021-01-26,BCPG.BK,15.5,15.699999809265137,15.300000190734863,15.600000381469727,12.839160919189453,9102900.0
2021-01-27,BCPG.BK,15.699999809265137,15.800000190734863,15.5,15.5,12.75685977935791,7251300.0
2021-01-28,BCPG.BK,15.399999618530273,15.899999618530273,15.199999809265137,15.199999809265137,12.509952545166016,16113300.0
2021-01-29,BCPG.BK,15.399999618530273,15.5,14.699999809265137,15.100000381469727,12.42764949798584,21246300.0
2021-02-01,BCPG.BK,15.300000190734863,15.300000190734863,14.800000190734863,15.199999809265137,12.509952545166016,10829500.0
2021-02-02,BCPG.BK,15.300000190734863,15.399999618530273,15.0,15.0,12.34534740447998,6342400.0
2021-02-03,BCPG.BK,15.199999809265137,15.199999809265137,15.0,15.0,12.34534740447998,2375500.0
2021-02-04,BCPG.BK,15.0,15.300000190734863,15.0,15.100000381469727,12.42764949798584,6017100.0
2021-02-05,BCPG.BK,15.100000381469727,15.300000190734863,14.899999618530273,15.0,12.34534740447998,9898000.0
2021-02-08,BCPG.BK,15.100000381469727,15.399999618530273,15.100000381469727,15.199999809265137,12.509952545166016,10785700.0
2021-02-09,BCPG.BK,15.300000190734863,15.699999809265137,15.199999809265137,15.300000190734863,12.592253684997559,14073300.0
2021-02-10,BCPG.BK,15.5,15.699999809265137,15.399999618530273,15.5,12.75685977935791,10883000.0
2021-02-11,BCPG.BK,15.399999618530273,15.699999809265137,15.300000190734863,15.5,12.75685977935791,6563400.0
2021-02-15,BCPG.BK,15.300000190734863,15.5,15.100000381469727,15.100000381469727,12.42764949798584,10016100.0
2021-02-16,BCPG.BK,15.199999809265137,15.300000190734863,15.0,15.100000381469727,12.42764949798584,8626500.0
2021-02-17,BCPG.BK,15.100000381469727,15.199999809265137,14.899999618530273,14.899999618530273,12.263045310974121,7011300.0
2021-02-18,BCPG.BK,15.100000381469727,15.600000381469727,15.0,15.5,12.75685977935791,15945500.0
2021-02-19,BCPG.BK,15.399999618530273,15.600000381469727,15.100000381469727,15.199999809265137,12.509952545166016,8869900.0
2021-02-22,BCPG.BK,15.199999809265137,15.199999809265137,14.699999809265137,14.699999809265137,12.098441123962402,12510700.0
2021-02-23,BCPG.BK,14.699999809265137,14.800000190734863,14.5,14.600000381469727,12.016139030456543,6324800.0
2021-02-24,BCPG.BK,14.699999809265137,14.899999618530273,14.600000381469727,14.699999809265137,12.098441123962402,7030300.0
2021-02-25,BCPG.BK,14.800000190734863,15.0,14.699999809265137,14.800000190734863,12.180742263793945,6999300.0
2021-03-01,BCPG.BK,14.699999809265137,15.199999809265137,14.699999809265137,14.800000190734863,12.180742263793945,6968400.0
2021-03-02,BCPG.BK,15.199999809265137,15.199999809265137,15.0,15.0,12.34534740447998,3492300.0
2021-03-03,BCPG.BK,14.899999618530273,15.0,14.800000190734863,14.899999618530273,12.403620719909668,3592900.0
2021-03-04,BCPG.BK,14.899999618530273,15.0,14.699999809265137,14.800000190734863,12.32037353515625,3105500.0
2021-03-05,BCPG.BK,14.800000190734863,15.0,14.699999809265137,14.800000190734863,12.32037353515625,4144400.0
2021-03-08,BCPG.BK,14.899999618530273,15.0,14.699999809265137,14.699999809265137,12.237129211425781,3394800.0
2021-03-09,BCPG.BK,14.800000190734863,14.899999618530273,14.600000381469727,14.800000190734863,12.32037353515625,5372300.0
2021-03-10,BCPG.BK,14.899999618530273,15.199999809265137,14.800000190734863,15.0,12.486865997314453,10055600.0
2021-03-11,BCPG.BK,15.199999809265137,15.199999809265137,14.899999618530273,14.899999618530273,12.403620719909668,5514300.0
2021-03-12,BCPG.BK,14.899999618530273,15.300000190734863,14.899999618530273,15.0,12.486865997314453,8279000.0
2021-03-15,BCPG.BK,15.0,15.199999809265137,14.899999618530273,15.0,12.486865997314453,6161500.0
2021-03-16,BCPG.BK,15.0,15.100000381469727,14.899999618530273,14.899999618530273,12.403620719909668,3214200.0
2021-03-17,BCPG.BK,15.0,15.0,14.800000190734863,14.800000190734863,12.32037353515625,4019600.0
2021-03-18,BCPG.BK,14.899999618530273,15.100000381469727,14.800000190734863,14.800000190734863,12.32037353515625,6370200.0
2021-03-19,BCPG.BK,14.699999809265137,14.899999618530273,14.600000381469727,14.800000190734863,12.32037353515625,8008100.0
2021-03-22,BCPG.BK,14.800000190734863,15.100000381469727,14.699999809265137,15.100000381469727,12.570109367370605,6984700.0
2021-03-23,BCPG.BK,15.199999809265137,15.199999809265137,14.899999618530273,14.899999618530273,12.403620719909668,5743000.0
2021-03-24,BCPG.BK,14.899999618530273,15.100000381469727,14.800000190734863,15.100000381469727,12.570109367370605,3559800.0
2021-03-25,BCPG.BK,15.100000381469727,15.199999809265137,14.899999618530273,14.899999618530273,12.403620719909668,7983200.0
2021-03-26,BCPG.BK,15.100000381469727,15.300000190734863,14.699999809265137,14.699999809265137,12.237129211425781,18218600.0
2021-03-29,BCPG.BK,14.800000190734863,15.0,14.699999809265137,14.800000190734863,12.32037353515625,8806900.0
2021-03-30,BCPG.BK,14.899999618530273,14.899999618530273,14.699999809265137,14.699999809265137,12.237129211425781,6624300.0
2021-03-31,BCPG.BK,14.699999809265137,14.899999618530273,14.699999809265137,14.699999809265137,12.237129211425781,4380200.0
2021-04-01,BCPG.BK,14.800000190734863,14.899999618530273,14.699999809265137,14.800000190734863,12.32037353515625,5662100.0
2021-04-02,BCPG.BK,14.800000190734863,14.899999618530273,14.699999809265137,14.699999809265137,12.237129211425781,4583300.0
2021-04-05,BCPG.BK,14.699999809265137,14.800000190734863,14.600000381469727,14.600000381469727,12.153882026672363,3958100.0
2021-04-07,BCPG.BK,14.5,14.5,14.199999809265137,14.199999809265137,11.820899963378906,7746700.0
2021-04-08,BCPG.BK,14.0,14.300000190734863,13.899999618530273,14.199999809265137,11.820899963378906,4786700.0
2021-04-09,BCPG.BK,14.199999809265137,14.399999618530273,14.100000381469727,14.199999809265137,11.820899963378906,2665300.0
2021-04-12,BCPG.BK,14.199999809265137,14.300000190734863,14.0,14.0,11.654407501220703,2895900.0
2021-04-16,BCPG.BK,14.0,14.0,13.600000381469727,13.899999618530273,11.571162223815918,3837500.0
2021-04-19,BCPG.BK,13.899999618530273,14.300000190734863,13.899999618530273,14.199999809265137,11.820899963378906,3666800.0
2021-04-20,BCPG.BK,14.199999809265137,14.5,14.199999809265137,14.300000190734863,11.904145240783691,3007100.0
2021-04-21,BCPG.BK,14.300000190734863,14.399999618530273,14.300000190734863,14.300000190734863,11.904145240783691,2329800.0
2021-04-22,BCPG.BK,14.300000190734863,14.399999618530273,14.0,14.0,11.654407501220703,3459300.0
2021-04-23,BCPG.BK,14.0,14.300000190734863,14.0,14.0,11.654407501220703,3798500.0
2021-04-26,BCPG.BK,14.0,14.100000381469727,13.899999618530273,13.899999618530273,11.571162223815918,2223900.0
2021-04-27,BCPG.BK,13.899999618530273,14.100000381469727,13.899999618530273,13.899999618530273,11.571162223815918,2188800.0
2021-04-28,BCPG.BK,14.0,14.199999809265137,13.899999618530273,14.100000381469727,11.737653732299805,3210000.0
2021-04-29,BCPG.BK,14.100000381469727,14.399999618530273,14.100000381469727,14.199999809265137,11.820899963378906,4043700.0
2021-04-30,BCPG.BK,14.199999809265137,14.300000190734863,14.199999809265137,14.199999809265137,11.820899963378906,1708200.0
2021-05-05,BCPG.BK,14.199999809265137,14.300000190734863,14.0,14.0,11.654407501220703,3437500.0
2021-05-06,BCPG.BK,14.100000381469727,14.199999809265137,13.899999618530273,14.100000381469727,11.737653732299805,2005000.0
2021-05-07,BCPG.BK,14.199999809265137,14.199999809265137,14.0,14.0,11.654407501220703,2227900.0
2021-05-10,BCPG.BK,14.0,14.100000381469727,13.899999618530273,14.0,11.654407501220703,1626400.0
2021-05-11,BCPG.BK,14.399999618530273,14.399999618530273,14.0,14.199999809265137,11.820899963378906,4883100.0
2021-05-12,BCPG.BK,14.100000381469727,14.199999809265137,13.800000190734863,13.899999618530273,11.571162223815918,4948400.0
2021-05-13,BCPG.BK,13.899999618530273,13.899999618530273,13.5,13.600000381469727,11.32142448425293,4535900.0
2021-05-14,BCPG.BK,13.699999809265137,13.899999618530273,13.5,13.699999809265137,11.404670715332031,2807200.0
2021-05-17,BCPG.BK,13.699999809265137,13.800000190734863,13.600000381469727,13.600000381469727,11.32142448425293,1449600.0
2021-05-18,BCPG.BK,13.699999809265137,14.0,13.600000381469727,13.800000190734863,11.4879150390625,3973900.0
2021-05-19,BCPG.BK,13.899999618530273,13.899999618530273,13.800000190734863,13.899999618530273,11.571162223815918,974100.0
2021-05-20,BCPG.BK,13.800000190734863,13.899999618530273,13.699999809265137,13.800000190734863,11.4879150390625,1210900.0
2021-05-21,BCPG.BK,13.800000190734863,13.800000190734863,13.600000381469727,13.800000190734863,11.4879150390625,1495500.0
2021-05-24,BCPG.BK,13.800000190734863,13.800000190734863,13.600000381469727,13.699999809265137,11.404670715332031,861800.0
2021-05-25,BCPG.BK,13.800000190734863,13.899999618530273,13.800000190734863,13.800000190734863,11.4879150390625,1511100.0
2021-05-27,BCPG.BK,13.899999618530273,14.300000190734863,13.800000190734863,14.300000190734863,11.904145240783691,8099400.0
2021-05-28,BCPG.BK,14.399999618530273,14.399999618530273,13.899999618530273,14.0,11.654407501220703,5109300.0
2021-05-31,BCPG.BK,14.0,14.100000381469727,13.899999618530273,14.0,11.654407501220703,1753000.0
2021-06-01,BCPG.BK,14.100000381469727,14.600000381469727,14.100000381469727,14.399999618530273,11.98739242553711,9294300.0
2021-06-02,BCPG.BK,14.5,14.5,14.199999809265137,14.300000190734863,11.904145240783691,6427800.0
2021-06-04,BCPG.BK,14.300000190734863,14.399999618530273,14.100000381469727,14.199999809265137,11.820899963378906,2358700.0
2021-06-07,BCPG.BK,14.300000190734863,14.300000190734863,13.899999618530273,14.0,11.654407501220703,7148800.0
2021-06-08,BCPG.BK,13.899999618530273,14.100000381469727,13.899999618530273,14.0,11.654407501220703,1325600.0
2021-06-09,BCPG.BK,14.100000381469727,14.199999809265137,13.899999618530273,14.0,11.654407501220703,5579300.0
2021-06-10,BCPG.BK,14.100000381469727,14.199999809265137,14.0,14.100000381469727,11.737653732299805,5111300.0
2021-06-11,BCPG.BK,14.100000381469727,14.399999618530273,14.100000381469727,14.199999809265137,11.820899963378906,7412700.0
2021-06-14,BCPG.BK,14.399999618530273,14.5,14.100000381469727,14.100000381469727,11.737653732299805,8441700.0
2021-06-15,BCPG.BK,14.199999809265137,14.300000190734863,14.0,14.100000381469727,11.737653732299805,6597700.0
2021-06-16,BCPG.BK,14.100000381469727,14.100000381469727,13.899999618530273,14.0,11.654407501220703,6933200.0
2021-06-17,BCPG.BK,14.0,14.100000381469727,13.800000190734863,14.0,11.654407501220703,4261300.0
2021-06-18,BCPG.BK,13.899999618530273,14.100000381469727,13.899999618530273,14.0,11.654407501220703,2669600.0
2021-06-21,BCPG.BK,13.899999618530273,13.899999618530273,13.600000381469727,13.699999809265137,11.404670715332031,6535000.0
2021-06-22,BCPG.BK,13.800000190734863,13.800000190734863,13.600000381469727,13.600000381469727,11.32142448425293,3384800.0
2021-06-23,BCPG.BK,13.600000381469727,13.699999809265137,13.300000190734863,13.399999618530273,11.15493392944336,10836300.0
2021-06-24,BCPG.BK,13.399999618530273,13.5,13.199999809265137,13.300000190734863,11.071685791015625,3558600.0
2021-06-25,BCPG.BK,13.300000190734863,13.5,13.199999809265137,13.199999809265137,10.988442420959473,2437600.0
2021-06-28,BCPG.BK,13.100000381469727,13.300000190734863,13.100000381469727,13.199999809265137,10.988442420959473,2210700.0
2021-06-29,BCPG.BK,13.199999809265137,13.399999618530273,13.199999809265137,13.300000190734863,11.071685791015625,2648200.0
2021-06-30,BCPG.BK,13.300000190734863,13.399999618530273,13.199999809265137,13.199999809265137,10.988442420959473,2900400.0
2021-07-01,BCPG.BK,13.199999809265137,13.300000190734863,13.0,13.199999809265137,10.988442420959473,3524500.0
2021-07-02,BCPG.BK,13.199999809265137,14.0,13.199999809265137,14.0,11.654407501220703,17039400.0
2021-07-05,BCPG.BK,14.199999809265137,14.600000381469727,14.100000381469727,14.600000381469727,12.153882026672363,41890100.0
2021-07-06,BCPG.BK,14.699999809265137,14.899999618530273,14.399999618530273,14.5,12.070636749267578,20769400.0
2021-07-07,BCPG.BK,14.5,14.699999809265137,14.199999809265137,14.199999809265137,11.820899963378906,16242700.0
2021-07-08,BCPG.BK,14.199999809265137,14.5,13.899999618530273,14.0,11.654407501220703,23135800.0
2021-07-09,BCPG.BK,13.899999618530273,14.100000381469727,13.600000381469727,13.699999809265137,11.404670715332031,15493200.0
2021-07-12,BCPG.BK,13.899999618530273,13.899999618530273,13.5,13.600000381469727,11.32142448425293,10473700.0
2021-07-13,BCPG.BK,13.800000190734863,13.899999618530273,13.5,13.699999809265137,11.404670715332031,17330700.0
2021-07-14,BCPG.BK,13.800000190734863,14.199999809265137,13.800000190734863,14.0,11.654407501220703,16897100.0
2021-07-15,BCPG.BK,14.199999809265137,14.399999618530273,14.0,14.100000381469727,11.737653732299805,18691500.0
2021-07-16,BCPG.BK,14.300000190734863,14.600000381469727,14.199999809265137,14.399999618530273,11.98739242553711,25931900.0
2021-07-19,BCPG.BK,14.100000381469727,14.300000190734863,13.899999618530273,14.100000381469727,11.737653732299805,18059900.0
2021-07-20,BCPG.BK,14.100000381469727,14.300000190734863,13.800000190734863,14.0,11.654407501220703,11688100.0
2021-07-21,BCPG.BK,14.0,14.100000381469727,13.699999809265137,13.899999618530273,11.571162223815918,8368800.0
2021-07-22,BCPG.BK,14.0,14.5,13.800000190734863,14.5,12.070636749267578,28018400.0
2021-07-23,BCPG.BK,14.5,14.699999809265137,14.100000381469727,14.399999618530273,11.98739242553711,20247200.0
2021-07-27,BCPG.BK,14.5,14.899999618530273,14.399999618530273,14.899999618530273,12.403620719909668,27464700.0
2021-07-29,BCPG.BK,14.899999618530273,15.0,14.600000381469727,14.699999809265137,12.237129211425781,29222000.0
2021-07-30,BCPG.BK,14.800000190734863,14.899999618530273,14.300000190734863,14.600000381469727,12.153882026672363,18800500.0
2021-08-02,BCPG.BK,14.5,15.100000381469727,14.5,15.100000381469727,12.570109367370605,17945900.0
2021-08-03,BCPG.BK,15.0,15.199999809265137,14.899999618530273,15.100000381469727,12.570109367370605,15782300.0
2021-08-04,BCPG.BK,15.100000381469727,15.199999809265137,14.899999618530273,15.199999809265137,12.653356552124023,10806700.0
2021-08-05,BCPG.BK,15.300000190734863,15.399999618530273,14.800000190734863,14.899999618530273,12.403620719909668,19601100.0
2021-08-06,BCPG.BK,14.899999618530273,15.100000381469727,14.699999809265137,14.699999809265137,12.237129211425781,12415500.0
2021-08-09,BCPG.BK,14.699999809265137,15.0,14.699999809265137,14.800000190734863,12.32037353515625,8952200.0
2021-08-10,BCPG.BK,14.899999618530273,15.100000381469727,14.800000190734863,14.800000190734863,12.32037353515625,14220200.0
2021-08-11,BCPG.BK,15.0,15.0,14.5,14.5,12.070636749267578,12329600.0
2021-08-13,BCPG.BK,14.5,14.600000381469727,14.0,14.199999809265137,11.820899963378906,18244600.0
2021-08-16,BCPG.BK,14.199999809265137,14.300000190734863,14.0,14.100000381469727,11.737653732299805,14103100.0
2021-08-17,BCPG.BK,14.199999809265137,14.300000190734863,14.0,14.100000381469727,11.737653732299805,10401500.0
2021-08-18,BCPG.BK,14.100000381469727,14.300000190734863,14.0,14.300000190734863,11.904145240783691,13200800.0
2021-08-19,BCPG.BK,14.199999809265137,14.300000190734863,14.100000381469727,14.100000381469727,11.737653732299805,2925300.0
2021-08-20,BCPG.BK,14.199999809265137,14.300000190734863,14.100000381469727,14.199999809265137,11.820899963378906,4096800.0
2021-08-23,BCPG.BK,14.399999618530273,14.399999618530273,14.100000381469727,14.399999618530273,11.98739242553711,7538200.0
2021-08-24,BCPG.BK,14.399999618530273,14.600000381469727,14.100000381469727,14.199999809265137,11.820899963378906,18416800.0
2021-08-25,BCPG.BK,14.199999809265137,14.699999809265137,14.199999809265137,14.699999809265137,12.237129211425781,20746900.0
2021-08-26,BCPG.BK,14.699999809265137,14.899999618530273,14.5,14.600000381469727,12.153882026672363,25151500.0
2021-08-27,BCPG.BK,14.600000381469727,14.699999809265137,14.5,14.5,12.070636749267578,8625100.0
2021-08-30,BCPG.BK,14.600000381469727,14.800000190734863,14.5,14.800000190734863,12.32037353515625,11890200.0
2021-08-31,BCPG.BK,14.699999809265137,15.100000381469727,14.699999809265137,14.800000190734863,12.32037353515625,27077700.0
2021-09-01,BCPG.BK,14.899999618530273,14.899999618530273,14.5,14.600000381469727,12.153882026672363,9796200.0
2021-09-02,BCPG.BK,14.600000381469727,14.800000190734863,14.5,14.600000381469727,12.153882026672363,10746200.0
2021-09-03,BCPG.BK,14.699999809265137,14.800000190734863,14.600000381469727,14.600000381469727,12.153882026672363,3473400.0
2021-09-06,BCPG.BK,14.600000381469727,14.800000190734863,14.399999618530273,14.399999618530273,11.98739242553711,12328900.0
2021-09-07,BCPG.BK,14.300000190734863,14.399999618530273,13.899999618530273,14.0,11.785355567932129,15096400.0
2021-09-08,BCPG.BK,14.0,14.199999809265137,13.899999618530273,14.100000381469727,11.869538307189941,8826400.0
2021-09-09,BCPG.BK,14.100000381469727,14.199999809265137,14.0,14.0,11.785355567932129,9805400.0
2021-09-10,BCPG.BK,14.100000381469727,14.199999809265137,13.899999618530273,14.100000381469727,11.869538307189941,9255700.0
2021-09-13,BCPG.BK,14.100000381469727,14.300000190734863,14.0,14.199999809265137,11.953719139099121,5044100.0
2021-09-14,BCPG.BK,14.300000190734863,14.399999618530273,14.100000381469727,14.199999809265137,11.953719139099121,6331100.0
2021-09-15,BCPG.BK,14.199999809265137,14.300000190734863,14.100000381469727,14.199999809265137,11.953719139099121,4692500.0
2021-09-16,BCPG.BK,14.199999809265137,14.300000190734863,14.100000381469727,14.199999809265137,11.953719139099121,5905100.0
2021-09-17,BCPG.BK,14.199999809265137,14.199999809265137,13.800000190734863,14.0,11.785355567932129,12597100.0
2021-09-20,BCPG.BK,14.0,14.100000381469727,13.899999618530273,13.899999618530273,11.701175689697266,6203900.0
2021-09-21,BCPG.BK,13.899999618530273,14.0,13.800000190734863,14.0,11.785355567932129,6690500.0
2021-09-22,BCPG.BK,13.899999618530273,14.0,13.800000190734863,14.0,11.785355567932129,6108100.0
2021-09-23,BCPG.BK,14.0,14.0,13.600000381469727,13.699999809265137,11.53281307220459,16867500.0
2021-09-27,BCPG.BK,13.699999809265137,14.0,13.699999809265137,13.699999809265137,11.53281307220459,8460800.0
2021-09-28,BCPG.BK,13.699999809265137,13.899999618530273,13.699999809265137,13.699999809265137,11.53281307220459,4680100.0
2021-09-29,BCPG.BK,13.699999809265137,13.899999618530273,13.699999809265137,13.699999809265137,11.53281307220459,4158700.0
2021-09-30,BCPG.BK,13.800000190734863,13.899999618530273,13.699999809265137,13.699999809265137,11.53281307220459,6093700.0
2021-10-01,BCPG.BK,13.699999809265137,13.800000190734863,13.600000381469727,13.600000381469727,11.44863224029541,5213500.0
2021-10-04,BCPG.BK,13.699999809265137,13.800000190734863,13.600000381469727,13.600000381469727,11.44863224029541,2348300.0
2021-10-05,BCPG.BK,13.699999809265137,13.800000190734863,13.600000381469727,13.800000190734863,11.616992950439453,3231100.0
2021-10-06,BCPG.BK,13.800000190734863,13.899999618530273,13.699999809265137,13.699999809265137,11.53281307220459,2993300.0
2021-10-07,BCPG.BK,13.699999809265137,13.899999618530273,13.600000381469727,13.800000190734863,11.616992950439453,5300100.0
2021-10-08,BCPG.BK,13.899999618530273,14.0,13.699999809265137,13.800000190734863,11.616992950439453,9541700.0
2021-10-11,BCPG.BK,13.899999618530273,14.0,13.800000190734863,13.899999618530273,11.701175689697266,3416200.0
2021-10-12,BCPG.BK,13.800000190734863,13.899999618530273,13.699999809265137,13.699999809265137,11.53281307220459,3115400.0
2021-10-14,BCPG.BK,13.699999809265137,14.0,13.699999809265137,13.899999618530273,11.701175689697266,5422400.0
2021-10-15,BCPG.BK,13.899999618530273,14.0,13.800000190734863,13.800000190734863,11.616992950439453,3067100.0
2021-10-18,BCPG.BK,13.800000190734863,13.899999618530273,13.800000190734863,13.899999618530273,11.701175689697266,3624800.0
2021-10-19,BCPG.BK,14.0,14.0,13.600000381469727,13.699999809265137,11.53281307220459,8080200.0
2021-10-20,BCPG.BK,13.800000190734863,13.899999618530273,13.699999809265137,13.699999809265137,11.53281307220459,3186100.0
2021-10-21,BCPG.BK,13.800000190734863,13.800000190734863,13.600000381469727,13.600000381469727,11.44863224029541,8211200.0
2021-10-25,BCPG.BK,13.699999809265137,13.899999618530273,13.399999618530273,13.5,11.364452362060547,16454100.0
2021-10-26,BCPG.BK,13.5,13.600000381469727,13.300000190734863,13.300000190734863,11.196087837219238,14527900.0
2021-10-27,BCPG.BK,13.300000190734863,13.5,13.300000190734863,13.399999618530273,11.280269622802734,4053600.0
2021-10-28,BCPG.BK,13.399999618530273,13.399999618530273,13.199999809265137,13.199999809265137,11.111907958984375,9035800.0
2021-10-29,BCPG.BK,13.300000190734863,13.300000190734863,12.899999618530273,13.100000381469727,11.027727127075195,25291200.0
2021-11-01,BCPG.BK,13.0,13.100000381469727,12.899999618530273,13.0,10.943546295166016,5693900.0
2021-11-02,BCPG.BK,12.899999618530273,13.0,12.600000381469727,13.0,10.943546295166016,11351900.0
2021-11-03,BCPG.BK,13.100000381469727,13.199999809265137,12.899999618530273,13.0,10.943546295166016,10364600.0
2021-11-04,BCPG.BK,13.100000381469727,13.199999809265137,13.0,13.100000381469727,11.027727127075195,6334500.0
2021-11-05,BCPG.BK,13.0,13.100000381469727,12.899999618530273,12.899999618530273,10.859365463256836,6899700.0
2021-11-08,BCPG.BK,12.899999618530273,13.0,12.600000381469727,12.699999809265137,10.691001892089844,8665000.0
2021-11-09,BCPG.BK,12.699999809265137,12.899999618530273,12.699999809265137,12.800000190734863,10.77518367767334,2591000.0
2021-11-10,BCPG.BK,12.899999618530273,13.100000381469727,12.899999618530273,13.0,10.943546295166016,6889800.0
2021-11-11,BCPG.BK,13.0,13.100000381469727,12.899999618530273,12.899999618530273,10.859365463256836,4088800.0
2021-11-12,BCPG.BK,13.0,13.0,12.800000190734863,12.899999618530273,10.859365463256836,3192800.0
2021-11-15,BCPG.BK,12.899999618530273,13.199999809265137,12.899999618530273,13.100000381469727,11.027727127075195,8544200.0
2021-11-16,BCPG.BK,13.100000381469727,13.199999809265137,12.800000190734863,13.0,10.943546295166016,8819900.0
2021-11-17,BCPG.BK,12.899999618530273,13.100000381469727,12.800000190734863,12.800000190734863,10.77518367767334,7723700.0
2021-11-18,BCPG.BK,12.899999618530273,13.199999809265137,12.899999618530273,13.100000381469727,11.027727127075195,11346700.0
2021-11-19,BCPG.BK,13.199999809265137,13.399999618530273,13.0,13.199999809265137,11.111907958984375,19708500.0
2021-11-22,BCPG.BK,13.300000190734863,13.5,13.199999809265137,13.399999618530273,11.280269622802734,16608800.0
2021-11-23,BCPG.BK,13.5,13.5,13.199999809265137,13.399999618530273,11.280269622802734,14123400.0
2021-11-24,BCPG.BK,13.399999618530273,13.399999618530273,13.199999809265137,13.199999809265137,11.111907958984375,7673400.0
2021-11-25,BCPG.BK,13.199999809265137,13.399999618530273,13.100000381469727,13.100000381469727,11.027727127075195,4781700.0
2021-11-26,BCPG.BK,13.100000381469727,13.199999809265137,12.699999809265137,12.699999809265137,10.691001892089844,16095000.0
2021-11-29,BCPG.BK,12.800000190734863,12.899999618530273,12.5,12.600000381469727,10.606821060180664,11073800.0
2021-11-30,BCPG.BK,12.699999809265137,12.800000190734863,12.199999809265137,12.5,10.522640228271484,17592100.0
2021-12-01,BCPG.BK,12.600000381469727,12.699999809265137,12.399999618530273,12.600000381469727,10.606821060180664,9076700.0
2021-12-02,BCPG.BK,12.600000381469727,12.699999809265137,12.5,12.600000381469727,10.606821060180664,3110800.0
2021-12-03,BCPG.BK,12.699999809265137,12.699999809265137,12.600000381469727,12.600000381469727,10.606821060180664,3270900.0
2021-12-07,BCPG.BK,12.600000381469727,12.899999618530273,12.600000381469727,12.800000190734863,10.77518367767334,6312400.0
2021-12-08,BCPG.BK,12.800000190734863,12.899999618530273,12.699999809265137,12.699999809265137,10.691001892089844,5361500.0
2021-12-09,BCPG.BK,12.800000190734863,12.899999618530273,12.699999809265137,12.800000190734863,10.77518367767334,5292300.0
2021-12-13,BCPG.BK,12.899999618530273,13.0,12.800000190734863,12.800000190734863,10.77518367767334,2703800.0
2021-12-14,BCPG.BK,12.800000190734863,13.0,12.699999809265137,12.699999809265137,10.691001892089844,2910700.0
2021-12-15,BCPG.BK,12.699999809265137,12.899999618530273,12.699999809265137,12.699999809265137,10.691001892089844,4135200.0
2021-12-16,BCPG.BK,12.800000190734863,13.0,12.699999809265137,12.899999618530273,10.859365463256836,6199300.0
2021-12-17,BCPG.BK,12.899999618530273,13.0,12.600000381469727,12.699999809265137,10.691001892089844,11349000.0
2021-12-20,BCPG.BK,12.600000381469727,12.699999809265137,12.300000190734863,12.300000190734863,10.354278564453125,12316600.0
2021-12-21,BCPG.BK,12.399999618530273,12.600000381469727,12.300000190734863,12.300000190734863,10.354278564453125,17366100.0
2021-12-22,BCPG.BK,12.399999618530273,12.399999618530273,12.100000381469727,12.199999809265137,10.270096778869629,10782400.0
2021-12-23,BCPG.BK,12.199999809265137,12.399999618530273,12.199999809265137,12.300000190734863,10.354278564453125,3699700.0
2021-12-24,BCPG.BK,12.199999809265137,12.300000190734863,12.100000381469727,12.100000381469727,10.185914993286133,8202700.0
2021-12-27,BCPG.BK,12.100000381469727,12.199999809265137,12.100000381469727,12.100000381469727,10.185914993286133,4612600.0
2021-12-28,BCPG.BK,12.100000381469727,12.300000190734863,11.699999809265137,11.800000190734863,9.933372497558594,18159800.0
2021-12-29,BCPG.BK,11.800000190734863,12.0,11.699999809265137,11.899999618530273,10.017552375793457,8478400.0
2021-12-30,BCPG.BK,12.0,12.199999809265137,11.899999618530273,12.0,10.101733207702637,15468700.0
2022-01-04,BCPG.BK,12.100000381469727,12.100000381469727,11.699999809265137,12.0,10.101733207702637,13728400.0
2022-01-05,BCPG.BK,12.0,12.199999809265137,11.800000190734863,12.0,10.101733207702637,17723800.0
2022-01-06,BCPG.BK,12.0,12.199999809265137,11.899999618530273,12.0,10.101733207702637,15489100.0
2022-01-07,BCPG.BK,12.0,12.100000381469727,11.899999618530273,12.0,10.101733207702637,7150200.0
2022-01-10,BCPG.BK,12.0,12.100000381469727,11.899999618530273,12.0,10.101733207702637,6320200.0
2022-01-11,BCPG.BK,12.0,12.300000190734863,12.0,12.100000381469727,10.185914993286133,14388300.0
2022-01-12,BCPG.BK,12.199999809265137,12.300000190734863,11.899999618530273,12.0,10.101733207702637,12930300.0
2022-01-13,BCPG.BK,12.100000381469727,12.600000381469727,12.0,12.600000381469727,10.606821060180664,27457700.0
2022-01-14,BCPG.BK,12.699999809265137,12.699999809265137,12.199999809265137,12.300000190734863,10.354278564453125,27176600.0
2022-01-17,BCPG.BK,12.399999618530273,12.5,12.199999809265137,12.300000190734863,10.354278564453125,8275400.0
2022-01-18,BCPG.BK,12.399999618530273,12.399999618530273,12.100000381469727,12.100000381469727,10.185914993286133,9421000.0
2022-01-19,BCPG.BK,12.100000381469727,12.100000381469727,11.899999618530273,12.100000381469727,10.185914993286133,7361500.0
2022-01-20,BCPG.BK,12.0,12.100000381469727,11.800000190734863,11.800000190734863,9.933372497558594,11122100.0
2022-01-21,BCPG.BK,11.800000190734863,12.0,11.800000190734863,11.899999618530273,10.017552375793457,4367200.0
2022-01-24,BCPG.BK,11.899999618530273,12.0,11.800000190734863,11.899999618530273,10.017552375793457,10110200.0
2022-01-25,BCPG.BK,11.800000190734863,11.899999618530273,11.600000381469727,11.699999809265137,9.849191665649414,13253700.0
2022-01-26,BCPG.BK,11.800000190734863,11.899999618530273,11.699999809265137,11.899999618530273,10.017552375793457,6194700.0
2022-01-27,BCPG.BK,11.899999618530273,11.899999618530273,11.600000381469727,11.800000190734863,9.933372497558594,10555000.0
2022-01-28,BCPG.BK,11.899999618530273,12.100000381469727,11.800000190734863,11.899999618530273,10.017552375793457,6435800.0
2022-01-31,BCPG.BK,12.0,12.199999809265137,12.0,12.100000381469727,10.185914993286133,6932400.0
2022-02-01,BCPG.BK,12.100000381469727,12.300000190734863,12.100000381469727,12.199999809265137,10.270096778869629,8601300.0
2022-02-02,BCPG.BK,12.300000190734863,13.0,12.100000381469727,12.899999618530273,10.859365463256836,52931300.0
2022-02-03,BCPG.BK,12.899999618530273,13.0,12.699999809265137,12.899999618530273,10.859365463256836,26648400.0
2022-02-04,BCPG.BK,12.899999618530273,13.100000381469727,12.600000381469727,12.899999618530273,10.859365463256836,21396200.0
2022-02-07,BCPG.BK,12.899999618530273,13.300000190734863,12.699999809265137,13.0,10.943546295166016,29187700.0
2022-02-08,BCPG.BK,13.0,13.100000381469727,12.800000190734863,12.800000190734863,10.77518367767334,15149500.0
2022-02-09,BCPG.BK,12.800000190734863,13.0,12.800000190734863,13.0,10.943546295166016,11431200.0
2022-02-10,BCPG.BK,13.0,13.100000381469727,12.899999618530273,12.899999618530273,10.859365463256836,15608500.0
2022-02-11,BCPG.BK,12.899999618530273,13.0,12.699999809265137,12.899999618530273,10.859365463256836,11414900.0
2022-02-14,BCPG.BK,12.899999618530273,12.899999618530273,12.600000381469727,12.800000190734863,10.77518367767334,7688100.0
2022-02-15,BCPG.BK,12.899999618530273,13.0,12.699999809265137,12.699999809265137,10.691001892089844,10297300.0
2022-02-17,BCPG.BK,12.800000190734863,13.100000381469727,12.699999809265137,13.0,10.943546295166016,16902300.0
2022-02-18,BCPG.BK,13.100000381469727,13.399999618530273,13.0,13.100000381469727,11.027727127075195,32692700.0
2022-02-21,BCPG.BK,13.100000381469727,13.199999809265137,12.800000190734863,12.800000190734863,10.77518367767334,18593400.0
2022-02-22,BCPG.BK,12.699999809265137,12.899999618530273,12.5,12.699999809265137,10.691001892089844,17271900.0
2022-02-23,BCPG.BK,12.800000190734863,12.899999618530273,12.699999809265137,12.800000190734863,10.77518367767334,5642200.0
2022-02-24,BCPG.BK,12.699999809265137,12.800000190734863,12.199999809265137,12.399999618530273,10.438458442687988,23315400.0
2022-02-25,BCPG.BK,12.5,12.699999809265137,12.399999618530273,12.5,10.522640228271484,10568700.0
2022-02-28,BCPG.BK,12.5,12.600000381469727,12.399999618530273,12.5,10.522640228271484,8868800.0
2022-03-01,BCPG.BK,12.5,12.699999809265137,12.5,12.5,10.522640228271484,7928300.0
2022-03-02,BCPG.BK,12.5,12.699999809265137,12.399999618530273,12.5,10.522640228271484,8279000.0
2022-03-03,BCPG.BK,12.5,12.600000381469727,12.300000190734863,12.300000190734863,10.497036933898926,6867500.0
2022-03-04,BCPG.BK,12.300000190734863,12.399999618530273,12.0,12.0,10.241012573242188,15260500.0
2022-03-07,BCPG.BK,11.600000381469727,11.800000190734863,11.399999618530273,11.699999809265137,9.984987258911133,18011300.0
2022-03-08,BCPG.BK,11.800000190734863,11.899999618530273,11.100000381469727,11.5,9.814302444458008,21723400.0
2022-03-09,BCPG.BK,11.5,11.899999618530273,11.5,11.899999618530273,10.155670166015625,5091000.0
2022-03-10,BCPG.BK,12.0,12.199999809265137,12.0,12.100000381469727,10.326353073120117,6655000.0
2022-03-11,BCPG.BK,12.100000381469727,12.199999809265137,11.899999618530273,12.100000381469727,10.326353073120117,3891900.0
2022-03-14,BCPG.BK,12.100000381469727,12.199999809265137,12.0,12.199999809265137,10.41169548034668,3511200.0
2022-03-15,BCPG.BK,12.100000381469727,12.5,11.899999618530273,11.899999618530273,10.155670166015625,16873400.0
2022-03-16,BCPG.BK,12.0,12.100000381469727,11.899999618530273,12.0,10.241012573242188,5398800.0
2022-03-17,BCPG.BK,12.0,12.100000381469727,11.899999618530273,11.899999618530273,10.155670166015625,8098100.0
2022-03-18,BCPG.BK,12.0,12.0,11.800000190734863,12.0,10.241012573242188,4464900.0
2022-03-21,BCPG.BK,12.0,12.100000381469727,11.800000190734863,11.899999618530273,10.155670166015625,7651600.0
2022-03-22,BCPG.BK,11.899999618530273,12.100000381469727,11.800000190734863,12.0,10.241012573242188,3715500.0
2022-03-23,BCPG.BK,12.0,12.199999809265137,12.0,12.100000381469727,10.326353073120117,4620000.0
2022-03-24,BCPG.BK,12.0,12.100000381469727,11.899999618530273,11.899999618530273,10.155670166015625,3904600.0
2022-03-25,BCPG.BK,11.899999618530273,12.300000190734863,11.899999618530273,12.0,10.241012573242188,12564400.0
2022-03-28,BCPG.BK,12.0,12.199999809265137,12.0,12.100000381469727,10.326353073120117,2422000.0
2022-03-29,BCPG.BK,12.100000381469727,12.199999809265137,12.100000381469727,12.100000381469727,10.326353073120117,2361800.0
2022-03-30,BCPG.BK,12.100000381469727,12.199999809265137,12.0,12.0,10.241012573242188,5376900.0
2022-03-31,BCPG.BK,12.100000381469727,12.100000381469727,11.899999618530273,12.0,10.241012573242188,4578100.0
2022-04-01,BCPG.BK,12.0,12.0,11.899999618530273,12.0,10.241012573242188,1718800.0
2022-04-04,BCPG.BK,12.0,12.100000381469727,11.899999618530273,11.899999618530273,10.155670166015625,2545400.0
2022-04-05,BCPG.BK,12.0,12.100000381469727,11.899999618530273,12.0,10.241012573242188,2249300.0
2022-04-07,BCPG.BK,12.0,12.100000381469727,11.800000190734863,11.899999618530273,10.155670166015625,4113600.0
2022-04-08,BCPG.BK,11.899999618530273,12.100000381469727,11.899999618530273,12.0,10.241012573242188,2649100.0
2022-04-11,BCPG.BK,12.0,12.199999809265137,11.899999618530273,12.0,10.241012573242188,6054200.0
2022-04-12,BCPG.BK,12.0,12.100000381469727,11.899999618530273,12.0,10.241012573242188,4169000.0
2022-04-18,BCPG.BK,12.0,12.0,11.800000190734863,11.800000190734863,10.070329666137695,5852600.0
2022-04-19,BCPG.BK,11.899999618530273,12.100000381469727,11.800000190734863,12.0,10.241012573242188,6981200.0
2022-04-20,BCPG.BK,12.0,12.100000381469727,11.899999618530273,11.899999618530273,10.155670166015625,5562600.0
2022-04-21,BCPG.BK,11.899999618530273,12.0,11.899999618530273,12.0,10.241012573242188,4162200.0
2022-04-22,BCPG.BK,11.899999618530273,12.199999809265137,11.800000190734863,12.199999809265137,10.41169548034668,30608200.0
2022-04-25,BCPG.BK,12.100000381469727,12.300000190734863,12.0,12.199999809265137,10.41169548034668,8300000.0
2022-04-26,BCPG.BK,12.300000190734863,12.600000381469727,12.199999809265137,12.5,10.667720794677734,10749900.0
2022-04-27,BCPG.BK,12.5,12.5,12.199999809265137,12.300000190734863,10.497036933898926,5996900.0
2022-04-28,BCPG.BK,12.399999618530273,12.5,12.300000190734863,12.300000190734863,10.497036933898926,5231800.0
2022-04-29,BCPG.BK,12.399999618530273,12.600000381469727,12.300000190734863,12.300000190734863,10.497036933898926,3994900.0
2022-05-03,BCPG.BK,12.300000190734863,12.399999618530273,12.100000381469727,12.100000381469727,10.326353073120117,3099700.0
2022-05-05,BCPG.BK,12.199999809265137,12.300000190734863,12.0,12.0,10.241012573242188,2206900.0
2022-05-06,BCPG.BK,12.0,12.0,11.699999809265137,11.699999809265137,9.984987258911133,9218400.0
2022-05-09,BCPG.BK,11.600000381469727,11.699999809265137,11.300000190734863,11.699999809265137,9.984987258911133,14405400.0
2022-05-10,BCPG.BK,11.600000381469727,11.800000190734863,11.5,11.800000190734863,10.070329666137695,6600700.0
2022-05-11,BCPG.BK,11.899999618530273,11.899999618530273,11.600000381469727,11.699999809265137,9.984987258911133,5559700.0
2022-05-12,BCPG.BK,11.600000381469727,11.800000190734863,11.5,11.600000381469727,9.89964485168457,10853800.0
2022-05-13,BCPG.BK,11.699999809265137,11.699999809265137,11.5,11.600000381469727,9.89964485168457,5067900.0
2022-05-17,BCPG.BK,11.699999809265137,12.100000381469727,11.699999809265137,12.0,10.241012573242188,7741500.0
2022-05-18,BCPG.BK,12.0,12.100000381469727,11.899999618530273,12.100000381469727,10.326353073120117,5110700.0
2022-05-19,BCPG.BK,11.800000190734863,12.100000381469727,11.800000190734863,12.0,10.241012573242188,4526500.0
2022-05-20,BCPG.BK,12.100000381469727,12.199999809265137,12.0,12.199999809265137,10.41169548034668,5495500.0
2022-05-23,BCPG.BK,12.199999809265137,12.199999809265137,12.0,12.100000381469727,10.326353073120117,3861500.0
2022-05-24,BCPG.BK,12.199999809265137,12.199999809265137,11.899999618530273,11.899999618530273,10.155670166015625,7904100.0
2022-05-25,BCPG.BK,12.0,12.100000381469727,11.800000190734863,11.899999618530273,10.155670166015625,5224800.0
2022-05-26,BCPG.BK,11.899999618530273,12.0,11.800000190734863,11.899999618530273,10.155670166015625,6947200.0
2022-05-27,BCPG.BK,12.0,12.0,11.800000190734863,11.800000190734863,10.070329666137695,7888000.0
2022-05-30,BCPG.BK,11.800000190734863,12.0,11.800000190734863,11.899999618530273,10.155670166015625,4442000.0
2022-05-31,BCPG.BK,11.899999618530273,11.899999618530273,11.699999809265137,11.800000190734863,10.070329666137695,23017100.0
2022-06-01,BCPG.BK,11.800000190734863,11.800000190734863,11.600000381469727,11.800000190734863,10.070329666137695,8934100.0
2022-06-02,BCPG.BK,11.899999618530273,11.899999618530273,11.600000381469727,11.699999809265137,9.984987258911133,7243200.0
2022-06-06,BCPG.BK,11.699999809265137,11.800000190734863,11.5,11.600000381469727,9.89964485168457,8673000.0
2022-06-07,BCPG.BK,11.600000381469727,11.699999809265137,11.5,11.600000381469727,9.89964485168457,4952500.0
2022-06-08,BCPG.BK,11.699999809265137,11.800000190734863,11.600000381469727,11.699999809265137,9.984987258911133,8645200.0
2022-06-09,BCPG.BK,11.699999809265137,11.800000190734863,11.600000381469727,11.800000190734863,10.070329666137695,1636800.0
2022-06-10,BCPG.BK,11.699999809265137,11.899999618530273,11.600000381469727,11.899999618530273,10.155670166015625,7906300.0
2022-06-13,BCPG.BK,11.699999809265137,11.800000190734863,11.5,11.5,9.814302444458008,6817900.0
2022-06-14,BCPG.BK,11.5,11.600000381469727,11.300000190734863,11.5,9.814302444458008,7684400.0
2022-06-15,BCPG.BK,11.5,11.699999809265137,11.399999618530273,11.5,9.814302444458008,9547000.0
2022-06-16,BCPG.BK,11.600000381469727,11.699999809265137,11.199999809265137,11.199999809265137,9.55827808380127,10556200.0
2022-06-17,BCPG.BK,11.199999809265137,11.300000190734863,11.0,11.199999809265137,9.55827808380127,13529000.0
2022-06-20,BCPG.BK,11.100000381469727,11.300000190734863,11.0,11.300000190734863,9.643619537353516,2958400.0
2022-06-21,BCPG.BK,11.300000190734863,11.399999618530273,11.100000381469727,11.199999809265137,9.55827808380127,8854600.0
2022-06-22,BCPG.BK,11.100000381469727,11.199999809265137,10.899999618530273,11.0,9.387595176696777,10162700.0
2022-06-23,BCPG.BK,11.100000381469727,11.100000381469727,10.5,10.600000381469727,9.046226501464844,14997900.0
2022-06-24,BCPG.BK,10.699999809265137,10.800000190734863,10.600000381469727,10.699999809265137,9.131568908691406,5063700.0
2022-06-27,BCPG.BK,10.800000190734863,11.199999809265137,10.800000190734863,11.0,9.387595176696777,9488000.0
2022-06-28,BCPG.BK,10.899999618530273,11.0,10.800000190734863,10.899999618530273,9.302251815795898,4140400.0
2022-06-29,BCPG.BK,10.899999618530273,11.0,10.800000190734863,10.899999618530273,9.302251815795898,3285100.0
2022-06-30,BCPG.BK,10.899999618530273,11.0,10.800000190734863,10.899999618530273,9.302251815795898,2416100.0
2022-07-01,BCPG.BK,10.899999618530273,11.0,10.800000190734863,10.899999618530273,9.302251815795898,1292200.0
2022-07-04,BCPG.BK,10.899999618530273,10.899999618530273,10.600000381469727,10.699999809265137,9.131568908691406,3513500.0
2022-07-05,BCPG.BK,10.699999809265137,10.800000190734863,10.300000190734863,10.399999618530273,8.875543594360352,9642200.0
2022-07-06,BCPG.BK,10.399999618530273,10.600000381469727,10.199999809265137,10.399999618530273,8.875543594360352,4843500.0
2022-07-07,BCPG.BK,10.5,10.699999809265137,10.399999618530273,10.600000381469727,9.046226501464844,4493100.0
2022-07-08,BCPG.BK,10.699999809265137,10.699999809265137,10.399999618530273,10.399999618530273,8.875543594360352,4089100.0
2022-07-11,BCPG.BK,10.399999618530273,10.699999809265137,10.399999618530273,10.699999809265137,9.131568908691406,4057800.0
2022-07-12,BCPG.BK,10.699999809265137,10.699999809265137,10.300000190734863,10.5,8.960886001586914,9194700.0
2022-07-14,BCPG.BK,10.5,10.5,10.300000190734863,10.300000190734863,8.790202140808105,2614700.0
2022-07-15,BCPG.BK,10.300000190734863,10.5,10.199999809265137,10.199999809265137,8.704859733581543,9451700.0
2022-07-18,BCPG.BK,10.300000190734863,10.5,10.300000190734863,10.300000190734863,8.790202140808105,7168700.0
2022-07-19,BCPG.BK,10.300000190734863,10.399999618530273,10.100000381469727,10.300000190734863,8.790202140808105,5119800.0
2022-07-20,BCPG.BK,10.399999618530273,10.399999618530273,10.199999809265137,10.199999809265137,8.704859733581543,3753800.0
2022-07-21,BCPG.BK,10.300000190734863,10.399999618530273,10.199999809265137,10.199999809265137,8.704859733581543,4398700.0
2022-07-22,BCPG.BK,10.300000190734863,10.399999618530273,10.199999809265137,10.300000190734863,8.790202140808105,3518400.0
2022-07-25,BCPG.BK,10.300000190734863,10.5,10.199999809265137,10.5,8.960886001586914,3272500.0
2022-07-26,BCPG.BK,10.5,10.600000381469727,10.199999809265137,10.300000190734863,8.790202140808105,5406600.0
2022-07-27,BCPG.BK,10.300000190734863,10.399999618530273,10.199999809265137,10.199999809265137,8.704859733581543,6936100.0
2022-08-01,BCPG.BK,10.300000190734863,10.5,10.300000190734863,10.5,8.960886001586914,5308300.0
2022-08-02,BCPG.BK,10.399999618530273,10.5,10.300000190734863,10.5,8.960886001586914,3818600.0
2022-08-03,BCPG.BK,10.399999618530273,10.5,10.300000190734863,10.399999618530273,8.875543594360352,3063400.0
2022-08-04,BCPG.BK,10.5,10.5,10.199999809265137,10.399999618530273,8.875543594360352,4577000.0
2022-08-05,BCPG.BK,10.399999618530273,10.5,10.300000190734863,10.300000190734863,8.790202140808105,4170700.0
2022-08-08,BCPG.BK,10.399999618530273,10.600000381469727,10.300000190734863,10.600000381469727,9.046226501464844,5302600.0
2022-08-09,BCPG.BK,10.600000381469727,10.699999809265137,10.5,10.600000381469727,9.046226501464844,3728500.0
2022-08-10,BCPG.BK,10.600000381469727,10.600000381469727,10.399999618530273,10.5,8.960886001586914,7044000.0
2022-08-11,BCPG.BK,10.600000381469727,10.699999809265137,10.399999618530273,10.5,8.960886001586914,5190900.0
2022-08-15,BCPG.BK,10.5,10.699999809265137,10.5,10.699999809265137,9.131568908691406,2734000.0
2022-08-16,BCPG.BK,10.699999809265137,10.899999618530273,10.699999809265137,10.800000190734863,9.216911315917969,6406500.0
2022-08-17,BCPG.BK,10.899999618530273,11.0,10.800000190734863,10.899999618530273,9.302251815795898,3390400.0
2022-08-18,BCPG.BK,10.899999618530273,11.100000381469727,10.800000190734863,11.0,9.387595176696777,7679900.0
2022-08-19,BCPG.BK,11.0,11.100000381469727,10.800000190734863,10.899999618530273,9.302251815795898,5670700.0
2022-08-22,BCPG.BK,10.899999618530273,11.0,10.699999809265137,10.699999809265137,9.131568908691406,6033200.0
2022-08-23,BCPG.BK,10.699999809265137,10.899999618530273,10.699999809265137,10.899999618530273,9.302251815795898,2355500.0
2022-08-24,BCPG.BK,10.800000190734863,11.0,10.800000190734863,10.899999618530273,9.302251815795898,4732000.0
2022-08-25,BCPG.BK,11.0,11.199999809265137,10.899999618530273,11.0,9.387595176696777,6972200.0
2022-08-26,BCPG.BK,11.100000381469727,11.100000381469727,10.899999618530273,11.0,9.387595176696777,5867900.0
2022-08-29,BCPG.BK,10.899999618530273,11.100000381469727,10.800000190734863,10.899999618530273,9.302251815795898,7379400.0
2022-08-30,BCPG.BK,10.699999809265137,10.800000190734863,10.600000381469727,10.699999809265137,9.302251815795898,10946900.0
2022-08-31,BCPG.BK,10.699999809265137,10.800000190734863,10.600000381469727,10.800000190734863,9.389189720153809,2905700.0
2022-09-01,BCPG.BK,10.800000190734863,10.899999618530273,10.5,10.800000190734863,9.389189720153809,5353800.0
2022-09-02,BCPG.BK,10.800000190734863,10.800000190734863,10.600000381469727,10.699999809265137,9.302251815795898,3048400.0
2022-09-05,BCPG.BK,10.600000381469727,10.699999809265137,10.600000381469727,10.699999809265137,9.302251815795898,1887600.0
2022-09-06,BCPG.BK,10.699999809265137,10.800000190734863,10.600000381469727,10.800000190734863,9.389189720153809,3565300.0
2022-09-07,BCPG.BK,10.699999809265137,10.800000190734863,10.600000381469727,10.699999809265137,9.302251815795898,2854600.0
2022-09-08,BCPG.BK,10.699999809265137,10.800000190734863,10.600000381469727,10.699999809265137,9.302251815795898,2319500.0
2022-09-09,BCPG.BK,10.699999809265137,10.800000190734863,10.600000381469727,10.600000381469727,9.215316772460938,1213300.0
2022-09-12,BCPG.BK,10.699999809265137,10.800000190734863,10.600000381469727,10.800000190734863,9.389189720153809,3749300.0
2022-09-13,BCPG.BK,10.800000190734863,10.800000190734863,10.699999809265137,10.800000190734863,9.389189720153809,1626000.0
2022-09-14,BCPG.BK,10.600000381469727,10.699999809265137,10.600000381469727,10.699999809265137,9.302251815795898,2735200.0
2022-09-15,BCPG.BK,10.699999809265137,10.699999809265137,10.5,10.5,9.128378868103027,3372400.0
2022-09-16,BCPG.BK,10.5,10.5,10.399999618530273,10.399999618530273,9.041440963745117,3433600.0
2022-09-19,BCPG.BK,10.399999618530273,10.399999618530273,10.199999809265137,10.300000190734863,8.954505920410156,5015300.0
2022-09-20,BCPG.BK,10.300000190734863,10.399999618530273,10.199999809265137,10.300000190734863,8.954505920410156,4891400.0
2022-09-21,BCPG.BK,10.300000190734863,10.399999618530273,10.0,10.100000381469727,8.780631065368652,14692000.0
2022-09-22,BCPG.BK,10.100000381469727,10.399999618530273,10.100000381469727,10.399999618530273,9.041440963745117,8530300.0
2022-09-23,BCPG.BK,10.399999618530273,10.399999618530273,9.949999809265137,10.100000381469727,8.780631065368652,25605600.0
2022-09-26,BCPG.BK,9.899999618530273,9.949999809265137,9.550000190734863,9.550000190734863,8.302478790283203,43162800.0
2022-09-27,BCPG.BK,9.550000190734863,9.649999618530273,9.449999809265137,9.449999809265137,8.215539932250977,21075900.0
2022-09-28,BCPG.BK,9.399999618530273,9.399999618530273,9.199999809265137,9.199999809265137,7.998197555541992,22702900.0
2022-09-29,BCPG.BK,9.300000190734863,9.350000381469727,9.100000381469727,9.149999618530273,7.954730033874512,12971300.0
2022-09-30,BCPG.BK,9.100000381469727,9.25,9.050000190734863,9.199999809265137,7.998197555541992,7997500.0
2022-10-03,BCPG.BK,9.199999809265137,9.350000381469727,9.050000190734863,9.100000381469727,7.911261081695557,11291700.0
2022-10-04,BCPG.BK,9.199999809265137,9.300000190734863,9.100000381469727,9.199999809265137,7.998197555541992,8982000.0
2022-10-05,BCPG.BK,9.300000190734863,9.300000190734863,9.199999809265137,9.199999809265137,7.998197555541992,3913600.0
2022-10-06,BCPG.BK,9.25,9.350000381469727,9.199999809265137,9.25,8.041666030883789,7445900.0
2022-10-07,BCPG.BK,9.25,9.25,9.100000381469727,9.149999618530273,7.954730033874512,6037600.0
2022-10-10,BCPG.BK,9.100000381469727,9.100000381469727,8.75,8.75,7.6069817543029785,20876400.0
2022-10-11,BCPG.BK,8.75,8.850000381469727,8.699999809265137,8.75,7.6069817543029785,9682300.0
2022-10-12,BCPG.BK,8.75,8.949999809265137,8.699999809265137,8.949999809265137,7.780855655670166,10307200.0
2022-10-17,BCPG.BK,8.899999618530273,9.25,8.75,9.25,8.041666030883789,17137000.0
2022-10-18,BCPG.BK,9.25,9.399999618530273,9.149999618530273,9.300000190734863,8.085135459899902,16318600.0
2022-10-19,BCPG.BK,9.300000190734863,9.5,9.300000190734863,9.399999618530273,8.17207145690918,10721300.0
2022-10-20,BCPG.BK,9.449999809265137,9.899999618530273,9.300000190734863,9.899999618530273,8.606757164001465,25553200.0
2022-10-21,BCPG.BK,9.850000381469727,9.899999618530273,9.5,9.550000190734863,8.302478790283203,45145500.0
2022-10-25,BCPG.BK,9.649999618530273,9.699999809265137,9.350000381469727,9.399999618530273,8.17207145690918,12581600.0
2022-10-26,BCPG.BK,9.399999618530273,9.550000190734863,9.350000381469727,9.550000190734863,8.302478790283203,7473100.0
2022-10-27,BCPG.BK,9.600000381469727,9.699999809265137,9.550000190734863,9.699999809265137,8.432883262634277,10102500.0
2022-10-28,BCPG.BK,9.699999809265137,9.699999809265137,9.550000190734863,9.600000381469727,8.345947265625,5181200.0
2022-10-31,BCPG.BK,9.550000190734863,9.649999618530273,9.5,9.550000190734863,8.302478790283203,5107500.0
2022-11-01,BCPG.BK,9.550000190734863,9.800000190734863,9.550000190734863,9.75,8.476350784301758,7625600.0
2022-11-02,BCPG.BK,9.699999809265137,9.75,9.600000381469727,9.649999618530273,8.38941478729248,2969600.0
2022-11-03,BCPG.BK,9.600000381469727,9.649999618530273,9.5,9.550000190734863,8.302478790283203,6131800.0
2022-11-04,BCPG.BK,9.550000190734863,9.699999809265137,9.550000190734863,9.699999809265137,8.432883262634277,4437400.0
2022-11-07,BCPG.BK,9.75,9.899999618530273,9.699999809265137,9.75,8.476350784301758,9923800.0
2022-11-08,BCPG.BK,9.75,9.899999618530273,9.75,9.800000190734863,8.519819259643555,5759900.0
2022-11-09,BCPG.BK,9.899999618530273,9.899999618530273,9.600000381469727,9.649999618530273,8.38941478729248,5154700.0
2022-11-10,BCPG.BK,9.600000381469727,9.649999618530273,9.5,9.600000381469727,8.345947265625,2886800.0
2022-11-11,BCPG.BK,9.699999809265137,9.75,9.550000190734863,9.649999618530273,8.38941478729248,6415200.0
2022-11-14,BCPG.BK,9.600000381469727,9.75,9.600000381469727,9.699999809265137,8.432883262634277,3903800.0
2022-11-15,BCPG.BK,9.75,9.899999618530273,9.699999809265137,9.800000190734863,8.519819259643555,6424400.0
2022-11-16,BCPG.BK,9.800000190734863,9.800000190734863,9.649999618530273,9.699999809265137,8.432883262634277,8209700.0
2022-11-17,BCPG.BK,9.699999809265137,9.75,9.600000381469727,9.649999618530273,8.38941478729248,4362200.0
2022-11-18,BCPG.BK,9.649999618530273,9.800000190734863,9.649999618530273,9.800000190734863,8.519819259643555,4170900.0
2022-11-21,BCPG.BK,9.800000190734863,9.850000381469727,9.699999809265137,9.800000190734863,8.519819259643555,5060600.0
2022-11-22,BCPG.BK,9.800000190734863,9.800000190734863,9.699999809265137,9.800000190734863,8.519819259643555,6518400.0
2022-11-23,BCPG.BK,9.800000190734863,9.850000381469727,9.75,9.850000381469727,8.563289642333984,2989800.0
2022-11-24,BCPG.BK,9.850000381469727,9.899999618530273,9.75,9.800000190734863,8.519819259643555,2350100.0
2022-11-25,BCPG.BK,9.800000190734863,10.199999809265137,9.75,10.100000381469727,8.780631065368652,9204300.0
2022-11-28,BCPG.BK,10.100000381469727,10.100000381469727,9.949999809265137,10.0,8.693694114685059,6759900.0
2022-11-29,BCPG.BK,10.100000381469727,10.300000190734863,10.100000381469727,10.100000381469727,8.780631065368652,11490700.0
2022-11-30,BCPG.BK,10.199999809265137,10.5,10.100000381469727,10.300000190734863,8.954505920410156,11832200.0
2022-12-01,BCPG.BK,10.399999618530273,10.399999618530273,10.199999809265137,10.300000190734863,8.954505920410156,7051300.0
2022-12-02,BCPG.BK,10.300000190734863,10.300000190734863,10.199999809265137,10.199999809265137,8.86756706237793,4837100.0
2022-12-06,BCPG.BK,10.199999809265137,10.300000190734863,10.0,10.199999809265137,8.86756706237793,8764100.0
2022-12-07,BCPG.BK,10.199999809265137,10.300000190734863,10.0,10.199999809265137,8.86756706237793,4549900.0
2022-12-08,BCPG.BK,10.100000381469727,10.199999809265137,10.100000381469727,10.199999809265137,8.86756706237793,3282200.0
2022-12-09,BCPG.BK,10.199999809265137,10.199999809265137,10.100000381469727,10.100000381469727,8.780631065368652,2042700.0
2022-12-13,BCPG.BK,10.199999809265137,10.300000190734863,10.100000381469727,10.100000381469727,8.780631065368652,2346800.0
2022-12-14,BCPG.BK,10.199999809265137,10.300000190734863,10.0,10.199999809265137,8.86756706237793,8148000.0
2022-12-15,BCPG.BK,10.199999809265137,10.300000190734863,10.100000381469727,10.100000381469727,8.780631065368652,6773700.0
2022-12-16,BCPG.BK,10.100000381469727,10.300000190734863,10.100000381469727,10.100000381469727,8.780631065368652,2742500.0
2022-12-19,BCPG.BK,10.199999809265137,10.300000190734863,10.100000381469727,10.300000190734863,8.954505920410156,3342900.0
2022-12-20,BCPG.BK,10.300000190734863,10.399999618530273,9.949999809265137,10.0,8.693694114685059,7449700.0
2022-12-21,BCPG.BK,10.100000381469727,10.100000381469727,9.949999809265137,10.0,8.693694114685059,2807400.0
2022-12-22,BCPG.BK,10.0,10.100000381469727,9.949999809265137,10.100000381469727,8.780631065368652,2422900.0
2022-12-23,BCPG.BK,10.0,10.100000381469727,9.899999618530273,10.0,8.693694114685059,3637300.0
2022-12-26,BCPG.BK,10.0,10.100000381469727,9.949999809265137,10.0,8.693694114685059,1682700.0
2022-12-27,BCPG.BK,10.100000381469727,10.199999809265137,10.0,10.100000381469727,8.780631065368652,1465100.0
2022-12-28,BCPG.BK,10.100000381469727,10.199999809265137,10.0,10.100000381469727,8.780631065368652,1891900.0
2022-12-29,BCPG.BK,10.100000381469727,10.199999809265137,10.100000381469727,10.199999809265137,8.86756706237793,2214400.0
2022-12-30,BCPG.BK,10.199999809265137,10.399999618530273,10.199999809265137,10.199999809265137,8.86756706237793,4314200.0
2023-01-03,BCPG.BK,10.199999809265137,10.399999618530273,10.199999809265137,10.199999809265137,8.86756706237793,4342400.0
2023-01-04,BCPG.BK,10.399999618530273,10.5,10.199999809265137,10.199999809265137,8.86756706237793,2138400.0
2023-01-05,BCPG.BK,10.300000190734863,10.300000190734863,10.0,10.0,8.693694114685059,4751300.0
2023-01-06,BCPG.BK,10.100000381469727,10.199999809265137,10.0,10.0,8.693694114685059,2600000.0
2023-01-09,BCPG.BK,10.0,10.100000381469727,9.949999809265137,10.0,8.693694114685059,4808000.0
2023-01-10,BCPG.BK,10.100000381469727,10.199999809265137,10.0,10.100000381469727,8.780631065368652,1684000.0
2023-01-11,BCPG.BK,10.199999809265137,10.199999809265137,10.0,10.100000381469727,8.780631065368652,2400300.0
2023-01-12,BCPG.BK,10.100000381469727,10.199999809265137,10.0,10.100000381469727,8.780631065368652,2560300.0
2023-01-13,BCPG.BK,10.100000381469727,10.199999809265137,10.0,10.100000381469727,8.780631065368652,3690100.0
2023-01-16,BCPG.BK,10.100000381469727,10.699999809265137,10.100000381469727,10.600000381469727,9.215316772460938,18914800.0
2023-01-17,BCPG.BK,10.600000381469727,10.600000381469727,10.199999809265137,10.300000190734863,8.954505920410156,14080000.0
2023-01-18,BCPG.BK,10.300000190734863,10.399999618530273,10.100000381469727,10.199999809265137,8.86756706237793,6571400.0
2023-01-19,BCPG.BK,10.199999809265137,10.300000190734863,10.100000381469727,10.199999809265137,8.86756706237793,4762000.0
2023-01-20,BCPG.BK,10.300000190734863,10.399999618530273,10.100000381469727,10.100000381469727,8.780631065368652,5184600.0
2023-01-23,BCPG.BK,10.199999809265137,10.199999809265137,10.0,10.100000381469727,8.780631065368652,3834600.0
2023-01-24,BCPG.BK,10.199999809265137,10.199999809265137,10.0,10.100000381469727,8.780631065368652,3431100.0
2023-01-25,BCPG.BK,10.100000381469727,10.100000381469727,10.0,10.0,8.693694114685059,5847600.0
2023-01-26,BCPG.BK,10.0,10.100000381469727,9.75,9.850000381469727,8.563289642333984,14062700.0
2023-01-27,BCPG.BK,9.800000190734863,9.949999809265137,9.800000190734863,9.899999618530273,8.606757164001465,2443300.0
2023-01-30,BCPG.BK,9.899999618530273,9.899999618530273,9.800000190734863,9.899999618530273,8.606757164001465,2471400.0
2023-01-31,BCPG.BK,9.850000381469727,9.899999618530273,9.850000381469727,9.850000381469727,8.563289642333984,1200800.0
2023-02-01,BCPG.BK,9.949999809265137,10.100000381469727,9.949999809265137,10.0,8.693694114685059,6848700.0
2023-02-02,BCPG.BK,10.100000381469727,10.100000381469727,10.0,10.100000381469727,8.780631065368652,1283400.0
2023-02-03,BCPG.BK,10.100000381469727,10.100000381469727,9.949999809265137,10.0,8.693694114685059,3122100.0
2023-02-06,BCPG.BK,10.0,10.100000381469727,9.949999809265137,10.0,8.693694114685059,1165200.0
2023-02-07,BCPG.BK,10.100000381469727,10.100000381469727,10.0,10.0,8.693694114685059,1404200.0
2023-02-08,BCPG.BK,10.0,10.100000381469727,9.899999618530273,10.0,8.693694114685059,2616600.0
2023-02-09,BCPG.BK,9.949999809265137,9.949999809265137,9.850000381469727,9.899999618530273,8.606757164001465,2219300.0
2023-02-10,BCPG.BK,9.899999618530273,9.949999809265137,9.850000381469727,9.850000381469727,8.563289642333984,1036800.0
2023-02-13,BCPG.BK,9.899999618530273,9.949999809265137,9.850000381469727,9.899999618530273,8.606757164001465,1665100.0
2023-02-14,BCPG.BK,9.899999618530273,9.949999809265137,9.800000190734863,9.850000381469727,8.563289642333984,2016300.0
2023-02-15,BCPG.BK,9.850000381469727,9.899999618530273,9.75,9.75,8.476350784301758,2731600.0
2023-02-16,BCPG.BK,9.800000190734863,9.850000381469727,9.800000190734863,9.850000381469727,8.563289642333984,1577000.0
2023-02-17,BCPG.BK,9.800000190734863,9.800000190734863,9.600000381469727,9.649999618530273,8.38941478729248,4978000.0
2023-02-20,BCPG.BK,9.699999809265137,10.100000381469727,9.699999809265137,10.0,8.693694114685059,6242900.0
2023-02-21,BCPG.BK,10.100000381469727,10.199999809265137,9.949999809265137,10.0,8.693694114685059,5761800.0
2023-02-22,BCPG.BK,10.0,10.100000381469727,10.0,10.0,8.693694114685059,1359400.0
2023-02-23,BCPG.BK,9.949999809265137,10.0,9.850000381469727,9.850000381469727,8.563289642333984,5116200.0
2023-02-24,BCPG.BK,9.899999618530273,9.949999809265137,9.699999809265137,9.75,8.476350784301758,6809500.0
2023-02-27,BCPG.BK,9.800000190734863,9.850000381469727,9.699999809265137,9.75,8.476350784301758,3604700.0
2023-02-28,BCPG.BK,9.75,9.850000381469727,9.5,9.649999618530273,8.38941478729248,9764300.0
2023-03-01,BCPG.BK,9.699999809265137,9.699999809265137,9.399999618530273,9.449999809265137,8.215539932250977,5335700.0
2023-03-02,BCPG.BK,9.5,9.600000381469727,9.399999618530273,9.449999809265137,8.215539932250977,5104700.0
2023-03-03,BCPG.BK,9.300000190734863,9.350000381469727,9.199999809265137,9.25,8.180167198181152,4006000.0
2023-03-07,BCPG.BK,9.300000190734863,9.449999809265137,9.25,9.350000381469727,8.268601417541504,2913700.0
2023-03-08,BCPG.BK,9.350000381469727,9.350000381469727,9.25,9.300000190734863,8.224385261535645,2365100.0
2023-03-09,BCPG.BK,9.350000381469727,9.5,9.300000190734863,9.399999618530273,8.31281852722168,2669700.0
2023-03-10,BCPG.BK,9.399999618530273,9.5,9.300000190734863,9.300000190734863,8.224385261535645,1360500.0
2023-03-13,BCPG.BK,9.25,9.399999618530273,9.050000190734863,9.100000381469727,8.047515869140625,5847200.0
2023-03-14,BCPG.BK,9.050000190734863,9.100000381469727,8.800000190734863,8.800000190734863,7.782212734222412,6846800.0
2023-03-15,BCPG.BK,8.800000190734863,9.100000381469727,8.800000190734863,9.050000190734863,8.003299713134766,3231500.0
2023-03-16,BCPG.BK,9.0,9.0,8.699999809265137,8.899999618530273,7.870646953582764,5550500.0
2023-03-17,BCPG.BK,9.0,9.050000190734863,8.899999618530273,9.0,7.959081649780273,3167600.0
2023-03-20,BCPG.BK,8.949999809265137,9.300000190734863,8.899999618530273,9.199999809265137,8.135950088500977,6724500.0
2023-03-21,BCPG.BK,9.199999809265137,9.399999618530273,9.199999809265137,9.350000381469727,8.268601417541504,6624800.0
2023-03-22,BCPG.BK,9.5,9.75,9.399999618530273,9.699999809265137,8.578121185302734,5097900.0
2023-03-23,BCPG.BK,9.600000381469727,9.899999618530273,9.600000381469727,9.850000381469727,8.710773468017578,5913400.0
2023-03-24,BCPG.BK,9.899999618530273,9.899999618530273,9.75,9.850000381469727,8.710773468017578,4874700.0
2023-03-27,BCPG.BK,9.899999618530273,10.0,9.800000190734863,9.949999809265137,8.799206733703613,4602200.0
2023-03-28,BCPG.BK,9.899999618530273,10.100000381469727,9.899999618530273,10.0,8.843423843383789,5364100.0
2023-03-29,BCPG.BK,10.100000381469727,10.100000381469727,9.949999809265137,9.949999809265137,8.799206733703613,6951400.0
2023-03-30,BCPG.BK,10.0,10.0,9.850000381469727,9.899999618530273,8.754988670349121,4301600.0
2023-03-31,BCPG.BK,9.899999618530273,10.0,9.899999618530273,9.949999809265137,8.799206733703613,2939900.0
2023-04-03,BCPG.BK,10.0,10.199999809265137,9.949999809265137,10.100000381469727,8.931859016418457,7095400.0
2023-04-04,BCPG.BK,10.199999809265137,10.300000190734863,10.0,10.100000381469727,8.931859016418457,6358700.0
2023-04-05,BCPG.BK,10.100000381469727,10.199999809265137,10.0,10.100000381469727,8.931859016418457,4992200.0
2023-04-07,BCPG.BK,10.100000381469727,10.199999809265137,10.0,10.100000381469727,8.931859016418457,1380600.0
2023-04-10,BCPG.BK,10.100000381469727,10.199999809265137,10.0,10.199999809265137,9.020292282104492,4848200.0
2023-04-11,BCPG.BK,10.199999809265137,10.300000190734863,10.100000381469727,10.199999809265137,9.020292282104492,1592100.0
2023-04-12,BCPG.BK,10.100000381469727,10.399999618530273,10.100000381469727,10.300000190734863,9.108726501464844,5402700.0
2023-04-17,BCPG.BK,10.199999809265137,10.600000381469727,10.199999809265137,10.399999618530273,9.197159767150879,5528200.0
2023-04-18,BCPG.BK,10.5,10.600000381469727,10.399999618530273,10.399999618530273,9.197159767150879,6626900.0
2023-04-19,BCPG.BK,10.399999618530273,10.5,10.100000381469727,10.100000381469727,8.931859016418457,7587400.0
2023-04-20,BCPG.BK,10.199999809265137,10.399999618530273,10.199999809265137,10.300000190734863,9.108726501464844,5448000.0
2023-04-21,BCPG.BK,10.300000190734863,10.399999618530273,10.100000381469727,10.300000190734863,9.108726501464844,4234900.0
2023-04-24,BCPG.BK,10.300000190734863,10.300000190734863,10.0,10.100000381469727,8.931859016418457,5694700.0
2023-04-25,BCPG.BK,10.199999809265137,10.199999809265137,9.899999618530273,10.0,8.843423843383789,8389300.0
2023-04-26,BCPG.BK,10.0,10.0,9.800000190734863,9.850000381469727,8.710773468017578,6929400.0
2023-04-27,BCPG.BK,9.850000381469727,9.899999618530273,9.699999809265137,9.75,8.622337341308594,6014900.0
2023-04-28,BCPG.BK,9.800000190734863,9.850000381469727,9.699999809265137,9.75,8.622337341308594,1752100.0
2023-05-02,BCPG.BK,9.75,9.850000381469727,9.600000381469727,9.600000381469727,8.489686965942383,2521100.0
2023-05-03,BCPG.BK,9.600000381469727,9.649999618530273,9.300000190734863,9.399999618530273,8.31281852722168,8534400.0
2023-05-08,BCPG.BK,9.449999809265137,9.550000190734863,9.300000190734863,9.350000381469727,8.268601417541504,10092700.0
2023-05-09,BCPG.BK,9.300000190734863,9.5,9.300000190734863,9.449999809265137,8.357034683227539,4292600.0
2023-05-10,BCPG.BK,9.449999809265137,9.800000190734863,9.350000381469727,9.699999809265137,8.578121185302734,4961900.0
2023-05-11,BCPG.BK,9.649999618530273,9.699999809265137,9.399999618530273,9.399999618530273,8.31281852722168,4874000.0
2023-05-12,BCPG.BK,9.399999618530273,9.449999809265137,9.300000190734863,9.399999618530273,8.31281852722168,6245300.0
2023-05-15,BCPG.BK,9.449999809265137,9.5,9.0,9.100000381469727,8.047515869140625,8136700.0
2023-05-16,BCPG.BK,8.949999809265137,9.300000190734863,8.949999809265137,9.149999618530273,8.091732025146484,10734700.0
2023-05-17,BCPG.BK,9.100000381469727,9.25,9.050000190734863,9.149999618530273,8.091732025146484,2730900.0
2023-05-18,BCPG.BK,9.25,9.25,8.899999618530273,8.949999809265137,7.914863586425781,5160000.0
2023-05-19,BCPG.BK,9.0,9.0,8.800000190734863,8.850000381469727,7.826429843902588,4481400.0
2023-05-22,BCPG.BK,8.850000381469727,9.100000381469727,8.699999809265137,9.100000381469727,8.047515869140625,6567800.0
2023-05-23,BCPG.BK,9.149999618530273,9.25,9.050000190734863,9.199999809265137,8.135950088500977,2476600.0
2023-05-24,BCPG.BK,9.25,9.399999618530273,9.199999809265137,9.300000190734863,8.224385261535645,2651900.0
2023-05-25,BCPG.BK,9.300000190734863,9.350000381469727,9.050000190734863,9.149999618530273,8.091732025146484,4112400.0
2023-05-26,BCPG.BK,9.149999618530273,9.199999809265137,9.050000190734863,9.199999809265137,8.135950088500977,1744500.0
2023-05-29,BCPG.BK,9.199999809265137,9.25,9.100000381469727,9.199999809265137,8.135950088500977,2321300.0
2023-05-30,BCPG.BK,9.149999618530273,9.199999809265137,9.050000190734863,9.100000381469727,8.047515869140625,2992500.0
2023-05-31,BCPG.BK,9.100000381469727,9.199999809265137,9.050000190734863,9.050000190734863,8.003299713134766,2472300.0
2023-06-01,BCPG.BK,9.100000381469727,9.149999618530273,9.0,9.050000190734863,8.003299713134766,948700.0
2023-06-02,BCPG.BK,9.050000190734863,9.149999618530273,9.0,9.100000381469727,8.047515869140625,2054800.0
2023-06-06,BCPG.BK,9.100000381469727,9.199999809265137,9.050000190734863,9.149999618530273,8.091732025146484,896900.0
2023-06-07,BCPG.BK,9.149999618530273,9.149999618530273,9.050000190734863,9.050000190734863,8.003299713134766,1758200.0
2023-06-08,BCPG.BK,9.100000381469727,9.399999618530273,9.100000381469727,9.300000190734863,8.224385261535645,6582600.0
2023-06-09,BCPG.BK,9.300000190734863,9.399999618530273,9.25,9.300000190734863,8.224385261535645,2638700.0
2023-06-12,BCPG.BK,9.300000190734863,9.399999618530273,9.25,9.350000381469727,8.268601417541504,1351000.0
2023-06-13,BCPG.BK,9.399999618530273,9.649999618530273,9.350000381469727,9.550000190734863,8.445469856262207,4310500.0
2023-06-14,BCPG.BK,9.550000190734863,9.649999618530273,9.449999809265137,9.449999809265137,8.357034683227539,3961200.0
2023-06-15,BCPG.BK,9.5,9.649999618530273,9.449999809265137,9.449999809265137,8.357034683227539,4674100.0
2023-06-16,BCPG.BK,9.5,9.550000190734863,9.100000381469727,9.199999809265137,8.135950088500977,10871900.0
2023-06-19,BCPG.BK,9.25,9.300000190734863,9.100000381469727,9.25,8.180167198181152,2491600.0
2023-06-20,BCPG.BK,9.25,9.350000381469727,9.199999809265137,9.25,8.180167198181152,1741100.0
2023-06-21,BCPG.BK,9.25,9.300000190734863,8.949999809265137,9.050000190734863,8.003299713134766,5662000.0
2023-06-22,BCPG.BK,9.0,9.100000381469727,8.949999809265137,9.0,7.959081649780273,2685000.0
2023-06-23,BCPG.BK,9.0,9.100000381469727,8.899999618530273,9.050000190734863,8.003299713134766,1712600.0
2023-06-26,BCPG.BK,9.0,9.050000190734863,8.850000381469727,8.949999809265137,7.914863586425781,3755000.0
2023-06-27,BCPG.BK,8.949999809265137,9.0,8.899999618530273,8.899999618530273,7.870646953582764,1193500.0
2023-06-28,BCPG.BK,9.0,9.0,8.850000381469727,8.949999809265137,7.914863586425781,2044800.0
2023-06-29,BCPG.BK,8.949999809265137,9.100000381469727,8.850000381469727,9.050000190734863,8.003299713134766,3148200.0
2023-06-30,BCPG.BK,9.050000190734863,9.199999809265137,9.0,9.149999618530273,8.091732025146484,2447600.0
2023-07-03,BCPG.BK,9.149999618530273,9.199999809265137,9.050000190734863,9.050000190734863,8.003299713134766,1743400.0
2023-07-04,BCPG.BK,9.100000381469727,9.199999809265137,9.050000190734863,9.149999618530273,8.091732025146484,4302800.0
2023-07-05,BCPG.BK,9.199999809265137,9.25,9.050000190734863,9.100000381469727,8.047515869140625,2882700.0
2023-07-06,BCPG.BK,9.100000381469727,9.100000381469727,8.949999809265137,9.050000190734863,8.003299713134766,4447800.0
2023-07-07,BCPG.BK,9.0,9.100000381469727,8.949999809265137,9.0,7.959081649780273,1099500.0
2023-07-10,BCPG.BK,9.100000381469727,9.100000381469727,8.949999809265137,9.0,7.959081649780273,1098000.0
2023-07-11,BCPG.BK,9.0,9.050000190734863,8.899999618530273,9.0,7.959081649780273,1552700.0
2023-07-12,BCPG.BK,9.050000190734863,9.050000190734863,8.899999618530273,8.949999809265137,7.914863586425781,2371000.0
2023-07-13,BCPG.BK,9.0,9.0,8.899999618530273,8.949999809265137,7.914863586425781,1564500.0
2023-07-14,BCPG.BK,9.050000190734863,9.199999809265137,9.050000190734863,9.149999618530273,8.091732025146484,3507200.0
2023-07-17,BCPG.BK,9.199999809265137,9.699999809265137,9.149999618530273,9.600000381469727,8.489686965942383,12191300.0
2023-07-18,BCPG.BK,9.5,9.699999809265137,9.5,9.699999809265137,8.578121185302734,4540100.0
2023-07-19,BCPG.BK,9.699999809265137,9.800000190734863,9.600000381469727,9.699999809265137,8.578121185302734,5323800.0
2023-07-20,BCPG.BK,9.699999809265137,9.800000190734863,9.600000381469727,9.600000381469727,8.489686965942383,4888900.0
2023-07-21,BCPG.BK,9.649999618530273,9.649999618530273,9.5,9.600000381469727,8.489686965942383,2500400.0
2023-07-24,BCPG.BK,9.649999618530273,9.649999618530273,9.399999618530273,9.449999809265137,8.357034683227539,3632000.0
2023-07-25,BCPG.BK,9.5,9.5,9.350000381469727,9.550000190734863,8.445469856262207,1674100.0
2023-07-26,BCPG.BK,9.550000190734863,9.550000190734863,9.399999618530273,9.399999618530273,8.31281852722168,1468400.0
2023-07-27,BCPG.BK,9.399999618530273,9.699999809265137,9.399999618530273,9.600000381469727,8.489686965942383,3989700.0
2023-07-31,BCPG.BK,9.550000190734863,9.600000381469727,9.449999809265137,9.649999618530273,8.533903121948242,2858200.0
2023-08-02,BCPG.BK,9.649999618530273,9.699999809265137,9.550000190734863,9.600000381469727,8.489686965942383,2577500.0
2023-08-03,BCPG.BK,9.600000381469727,9.649999618530273,9.449999809265137,9.5,8.401251792907715,1388500.0
2023-08-04,BCPG.BK,9.5,9.550000190734863,9.449999809265137,9.449999809265137,8.357034683227539,393900.0
2023-08-07,BCPG.BK,9.449999809265137,9.550000190734863,9.300000190734863,9.5,8.401251792907715,3212900.0
2023-08-08,BCPG.BK,9.550000190734863,9.600000381469727,9.399999618530273,9.399999618530273,8.31281852722168,2729400.0
2023-08-09,BCPG.BK,9.399999618530273,9.75,9.350000381469727,9.75,8.622337341308594,6298000.0
2023-08-10,BCPG.BK,9.699999809265137,9.699999809265137,9.5,9.600000381469727,8.489686965942383,2771200.0
2023-08-11,BCPG.BK,9.600000381469727,9.649999618530273,9.350000381469727,9.449999809265137,8.357034683227539,4606900.0
2023-08-15,BCPG.BK,9.399999618530273,9.449999809265137,9.300000190734863,9.300000190734863,8.224385261535645,2648000.0
2023-08-16,BCPG.BK,9.300000190734863,9.300000190734863,9.050000190734863,9.199999809265137,8.135950088500977,6016400.0
2023-08-17,BCPG.BK,9.25,9.649999618530273,9.199999809265137,9.550000190734863,8.445469856262207,7536000.0
2023-08-18,BCPG.BK,9.550000190734863,10.100000381469727,9.5,9.850000381469727,8.710773468017578,14159700.0
2023-08-21,BCPG.BK,9.899999618530273,10.199999809265137,9.75,10.0,8.843423843383789,13614200.0
2023-08-22,BCPG.BK,10.100000381469727,10.100000381469727,10.0,10.0,8.843423843383789,3479600.0
2023-08-23,BCPG.BK,10.0,10.300000190734863,9.850000381469727,10.300000190734863,9.108726501464844,11138300.0
2023-08-24,BCPG.BK,10.300000190734863,10.399999618530273,10.100000381469727,10.300000190734863,9.108726501464844,4812200.0
2023-08-25,BCPG.BK,10.300000190734863,10.300000190734863,10.199999809265137,10.199999809265137,9.020292282104492,3276200.0
2023-08-28,BCPG.BK,10.300000190734863,10.399999618530273,10.199999809265137,10.300000190734863,9.108726501464844,3527700.0
2023-08-29,BCPG.BK,10.399999618530273,10.600000381469727,10.300000190734863,10.399999618530273,9.197159767150879,10111500.0
2023-08-30,BCPG.BK,10.5,10.5,10.100000381469727,10.199999809265137,9.020292282104492,8536600.0
2023-08-31,BCPG.BK,10.100000381469727,10.300000190734863,10.100000381469727,10.199999809265137,9.020292282104492,2107800.0
2023-09-01,BCPG.BK,10.199999809265137,10.300000190734863,10.0,10.199999809265137,9.020292282104492,6465000.0
2023-09-04,BCPG.BK,10.0,10.100000381469727,9.949999809265137,10.0,8.93098258972168,4499000.0
2023-09-05,BCPG.BK,10.0,10.0,9.850000381469727,10.0,8.93098258972168,5152400.0
2023-09-06,BCPG.BK,9.949999809265137,10.0,9.899999618530273,9.949999809265137,8.886327743530273,4188500.0
2023-09-07,BCPG.BK,9.949999809265137,10.199999809265137,9.899999618530273,10.199999809265137,9.109601974487305,3926700.0
2023-09-08,BCPG.BK,10.199999809265137,10.199999809265137,10.0,10.0,8.93098258972168,2087200.0
2023-09-11,BCPG.BK,10.100000381469727,10.100000381469727,10.0,10.0,8.93098258972168,3362900.0
2023-09-12,BCPG.BK,10.0,10.199999809265137,10.0,10.100000381469727,9.020293235778809,1740200.0
2023-09-13,BCPG.BK,10.199999809265137,10.199999809265137,10.0,10.0,8.93098258972168,2198400.0
2023-09-14,BCPG.BK,10.0,10.300000190734863,10.0,10.199999809265137,9.109601974487305,4923700.0
2023-09-15,BCPG.BK,10.199999809265137,10.300000190734863,10.100000381469727,10.100000381469727,9.020293235778809,1856600.0
2023-09-18,BCPG.BK,10.100000381469727,10.300000190734863,10.0,10.199999809265137,9.109601974487305,3862000.0
2023-09-19,BCPG.BK,10.199999809265137,10.199999809265137,10.0,10.199999809265137,9.109601974487305,2608700.0
2023-09-20,BCPG.BK,10.100000381469727,10.199999809265137,9.949999809265137,9.949999809265137,8.886327743530273,3215100.0
2023-09-21,BCPG.BK,9.899999618530273,10.0,9.850000381469727,9.949999809265137,8.886327743530273,3412300.0
2023-09-22,BCPG.BK,10.0,10.100000381469727,9.899999618530273,10.100000381469727,9.020293235778809,2279000.0
2023-09-25,BCPG.BK,10.100000381469727,10.100000381469727,9.899999618530273,9.949999809265137,8.886327743530273,1928100.0
2023-09-26,BCPG.BK,9.949999809265137,10.100000381469727,9.75,9.800000190734863,8.752363204956055,5988000.0
2023-09-27,BCPG.BK,9.75,9.800000190734863,9.699999809265137,9.75,8.707708358764648,1357900.0
2023-09-28,BCPG.BK,9.75,9.850000381469727,9.449999809265137,9.5,8.4844331741333,5819600.0
2023-09-29,BCPG.BK,9.5,9.699999809265137,9.449999809265137,9.600000381469727,8.57374382019043,3792400.0
2023-10-02,BCPG.BK,9.600000381469727,9.600000381469727,9.449999809265137,9.449999809265137,8.439778327941895,2649500.0
2023-10-03,BCPG.BK,9.350000381469727,9.449999809265137,9.25,9.300000190734863,8.305814743041992,2970800.0
2023-10-04,BCPG.BK,9.199999809265137,9.399999618530273,9.149999618530273,9.300000190734863,8.305814743041992,2522600.0
2023-10-05,BCPG.BK,9.350000381469727,9.449999809265137,9.199999809265137,9.25,8.26115894317627,1950100.0
2023-10-06,BCPG.BK,9.25,9.399999618530273,9.149999618530273,9.25,8.26115894317627,3819800.0
2023-10-09,BCPG.BK,9.149999618530273,9.199999809265137,8.800000190734863,8.899999618530273,7.948574066162109,16371100.0
2023-10-10,BCPG.BK,8.949999809265137,9.050000190734863,8.800000190734863,8.899999618530273,7.948574066162109,3820900.0
2023-10-11,BCPG.BK,9.0,9.199999809265137,8.899999618530273,9.149999618530273,8.171849250793457,4081000.0
2023-10-12,BCPG.BK,9.199999809265137,9.199999809265137,8.949999809265137,8.949999809265137,7.993229866027832,2615600.0
2023-10-16,BCPG.BK,8.949999809265137,9.0,8.699999809265137,8.800000190734863,7.859264850616455,8700000.0
2023-10-17,BCPG.BK,8.800000190734863,9.0,8.800000190734863,8.800000190734863,7.859264850616455,1525200.0
2023-10-18,BCPG.BK,8.850000381469727,8.899999618530273,8.800000190734863,8.899999618530273,7.948574066162109,2081400.0
2023-10-19,BCPG.BK,8.899999618530273,9.050000190734863,8.899999618530273,8.949999809265137,7.993229866027832,2962000.0
2023-10-20,BCPG.BK,8.949999809265137,8.949999809265137,8.75,8.800000190734863,7.859264850616455,2310800.0
2023-10-24,BCPG.BK,8.800000190734863,8.949999809265137,8.75,8.899999618530273,7.948574066162109,1684700.0
2023-10-25,BCPG.BK,8.949999809265137,9.149999618530273,8.850000381469727,9.0,8.037883758544922,3077200.0
2023-10-26,BCPG.BK,9.050000190734863,9.050000190734863,8.800000190734863,8.800000190734863,7.859264850616455,2877500.0
2023-10-27,BCPG.BK,8.800000190734863,8.949999809265137,8.75,8.899999618530273,7.948574066162109,3173800.0
2023-10-30,BCPG.BK,8.850000381469727,8.949999809265137,8.800000190734863,8.899999618530273,7.948574066162109,1599300.0
2023-10-31,BCPG.BK,8.949999809265137,9.0,8.850000381469727,8.850000381469727,7.9039201736450195,2829400.0
2023-11-01,BCPG.BK,8.899999618530273,9.050000190734863,8.899999618530273,8.949999809265137,7.993229866027832,2717600.0
2023-11-02,BCPG.BK,9.0,9.100000381469727,8.949999809265137,9.0,8.037883758544922,2484300.0
2023-11-03,BCPG.BK,9.050000190734863,9.199999809265137,9.050000190734863,9.100000381469727,8.127193450927734,3756700.0
2023-11-06,BCPG.BK,9.199999809265137,9.199999809265137,9.050000190734863,9.050000190734863,8.082539558410645,1572800.0
2023-11-07,BCPG.BK,9.050000190734863,9.050000190734863,8.949999809265137,8.949999809265137,7.993229866027832,1488900.0
2023-11-08,BCPG.BK,8.949999809265137,9.100000381469727,8.949999809265137,9.0,8.037883758544922,1772900.0
2023-11-09,BCPG.BK,9.050000190734863,9.050000190734863,8.850000381469727,8.899999618530273,7.948574066162109,1726900.0
2023-11-10,BCPG.BK,8.899999618530273,8.949999809265137,8.800000190734863,8.850000381469727,7.9039201736450195,2156000.0
2023-11-13,BCPG.BK,8.850000381469727,8.850000381469727,8.75,8.850000381469727,7.9039201736450195,2744000.0
2023-11-14,BCPG.BK,8.850000381469727,8.899999618530273,8.25,8.350000381469727,7.457371234893799,12837500.0
2023-11-15,BCPG.BK,8.399999618530273,8.649999618530273,8.350000381469727,8.600000381469727,7.680645942687988,5166900.0
2023-11-16,BCPG.BK,8.649999618530273,8.649999618530273,8.5,8.550000190734863,7.635991096496582,2613000.0
2023-11-17,BCPG.BK,8.600000381469727,8.75,8.600000381469727,8.699999809265137,7.769954681396484,2884300.0
2023-11-20,BCPG.BK,8.800000190734863,8.899999618530273,8.699999809265137,8.899999618530273,7.948574066162109,2389000.0
2023-11-21,BCPG.BK,8.949999809265137,8.949999809265137,8.75,8.899999618530273,7.948574066162109,2509000.0
2023-11-22,BCPG.BK,8.800000190734863,8.800000190734863,8.699999809265137,8.75,7.814610481262207,1972700.0
2023-11-23,BCPG.BK,9.0,9.0,8.800000190734863,8.899999618530273,7.948574066162109,3630700.0
2023-11-24,BCPG.BK,8.949999809265137,8.949999809265137,8.75,8.75,7.814610481262207,1093400.0
2023-11-27,BCPG.BK,8.75,8.800000190734863,8.649999618530273,8.800000190734863,7.859264850616455,1568700.0
2023-11-28,BCPG.BK,8.75,8.850000381469727,8.699999809265137,8.800000190734863,7.859264850616455,921500.0
2023-11-29,BCPG.BK,8.800000190734863,8.899999618530273,8.800000190734863,8.899999618530273,7.948574066162109,1196600.0
2023-11-30,BCPG.BK,8.850000381469727,8.899999618530273,8.649999618530273,8.899999618530273,7.948574066162109,2294100.0
2023-12-01,BCPG.BK,8.800000190734863,8.850000381469727,8.699999809265137,8.699999809265137,7.769954681396484,1249400.0
2023-12-04,BCPG.BK,8.800000190734863,8.899999618530273,8.75,8.850000381469727,7.9039201736450195,1769700.0
2023-12-06,BCPG.BK,8.899999618530273,8.949999809265137,8.850000381469727,8.949999809265137,7.993229866027832,2208000.0
2023-12-07,BCPG.BK,8.949999809265137,9.0,8.800000190734863,8.850000381469727,7.9039201736450195,1726400.0
2023-12-08,BCPG.BK,8.800000190734863,8.850000381469727,8.699999809265137,8.699999809265137,7.769954681396484,1803900.0
2023-12-12,BCPG.BK,8.649999618530273,8.75,8.5,8.600000381469727,7.680645942687988,2822000.0
2023-12-13,BCPG.BK,8.550000190734863,8.550000190734863,8.399999618530273,8.550000190734863,7.635991096496582,1589500.0
2023-12-14,BCPG.BK,8.600000381469727,8.649999618530273,8.5,8.649999618530273,7.725300312042236,1609400.0
2023-12-15,BCPG.BK,8.649999618530273,8.75,8.600000381469727,8.649999618530273,7.725300312042236,8954800.0
2023-12-18,BCPG.BK,8.649999618530273,8.699999809265137,8.550000190734863,8.649999618530273,7.725300312042236,4682600.0
2023-12-19,BCPG.BK,8.649999618530273,8.649999618530273,8.5,8.600000381469727,7.680645942687988,1127500.0
2023-12-20,BCPG.BK,8.600000381469727,8.649999618530273,8.550000190734863,8.550000190734863,7.635991096496582,1521800.0
2023-12-21,BCPG.BK,8.550000190734863,8.75,8.550000190734863,8.600000381469727,7.680645942687988,3375600.0
2023-12-22,BCPG.BK,8.600000381469727,8.699999809265137,8.449999809265137,8.699999809265137,7.769954681396484,3738900.0
2023-12-25,BCPG.BK,8.649999618530273,8.699999809265137,8.600000381469727,8.699999809265137,7.769954681396484,861100.0
2023-12-26,BCPG.BK,8.699999809265137,8.699999809265137,8.550000190734863,8.699999809265137,7.769954681396484,1120400.0
2023-12-27,BCPG.BK,8.649999618530273,8.699999809265137,8.600000381469727,8.649999618530273,7.725300312042236,1839600.0
2023-12-28,BCPG.BK,8.649999618530273,8.800000190734863,8.649999618530273,8.800000190734863,7.859264850616455,2081100.0
2024-01-03,BCPG.BK,8.899999618530273,8.899999618530273,8.75,8.75,7.814610481262207,1802000.0
2024-01-04,BCPG.BK,8.800000190734863,8.850000381469727,8.699999809265137,8.75,7.814610481262207,2014700.0
2024-01-05,BCPG.BK,8.800000190734863,8.800000190734863,8.649999618530273,8.699999809265137,7.769954681396484,2316500.0
2024-01-08,BCPG.BK,8.699999809265137,8.699999809265137,8.5,8.5,7.591334819793701,4525300.0
2024-01-09,BCPG.BK,8.600000381469727,8.649999618530273,8.399999618530273,8.399999618530273,7.502025604248047,4331500.0
2024-01-10,BCPG.BK,8.449999809265137,8.5,8.300000190734863,8.399999618530273,7.502025604248047,3698400.0
2024-01-11,BCPG.BK,8.399999618530273,8.449999809265137,8.350000381469727,8.350000381469727,7.457371234893799,1666200.0
2024-01-12,BCPG.BK,8.399999618530273,8.5,8.399999618530273,8.449999809265137,7.546680450439453,1497800.0
2024-01-15,BCPG.BK,8.449999809265137,8.5,8.350000381469727,8.350000381469727,7.457371234893799,1877100.0
2024-01-16,BCPG.BK,8.350000381469727,8.449999809265137,8.350000381469727,8.350000381469727,7.457371234893799,832500.0
2024-01-17,BCPG.BK,8.399999618530273,8.399999618530273,8.25,8.25,7.368061542510986,2841800.0
2024-01-18,BCPG.BK,8.25,8.350000381469727,8.149999618530273,8.199999809265137,7.323405742645264,2724400.0
2024-01-19,BCPG.BK,8.25,8.399999618530273,8.199999809265137,8.350000381469727,7.457371234893799,2073500.0
2024-01-22,BCPG.BK,8.350000381469727,8.350000381469727,8.199999809265137,8.300000190734863,7.412715911865234,1167800.0
2024-01-23,BCPG.BK,8.300000190734863,8.300000190734863,8.050000190734863,8.050000190734863,7.189441680908203,2713800.0
2024-01-24,BCPG.BK,8.149999618530273,8.300000190734863,8.149999618530273,8.25,7.368061542510986,1588900.0
2024-01-25,BCPG.BK,8.25,8.300000190734863,8.199999809265137,8.25,7.368061542510986,12428300.0
2024-01-26,BCPG.BK,8.25,8.350000381469727,8.149999618530273,8.25,7.368061542510986,1602800.0
2024-01-29,BCPG.BK,8.300000190734863,8.300000190734863,8.199999809265137,8.300000190734863,7.412715911865234,412500.0
2024-01-30,BCPG.BK,8.300000190734863,8.449999809265137,8.25,8.399999618530273,7.502025604248047,10246800.0
2024-01-31,BCPG.BK,8.399999618530273,8.399999618530273,8.25,8.300000190734863,7.412715911865234,1169600.0
2024-02-01,BCPG.BK,8.25,8.300000190734863,8.149999618530273,8.25,7.368061542510986,1135200.0
2024-02-02,BCPG.BK,8.25,8.300000190734863,8.199999809265137,8.199999809265137,7.323405742645264,1394200.0
2024-02-05,BCPG.BK,8.199999809265137,8.350000381469727,8.149999618530273,8.25,7.368061542510986,1167700.0
2024-02-06,BCPG.BK,8.25,8.350000381469727,8.25,8.300000190734863,7.412715911865234,1388100.0
2024-02-07,BCPG.BK,8.350000381469727,8.350000381469727,8.199999809265137,8.25,7.368061542510986,1060900.0
2024-02-08,BCPG.BK,8.25,8.300000190734863,8.199999809265137,8.199999809265137,7.323405742645264,1970100.0
2024-02-09,BCPG.BK,8.199999809265137,8.300000190734863,8.199999809265137,8.25,7.368061542510986,501700.0
2024-02-12,BCPG.BK,8.300000190734863,8.300000190734863,8.199999809265137,8.199999809265137,7.323405742645264,741400.0
2024-02-13,BCPG.BK,8.25,8.399999618530273,8.199999809265137,8.25,7.368061542510986,55762300.0
2024-02-14,BCPG.BK,8.300000190734863,8.399999618530273,8.25,8.399999618530273,7.502025604248047,2240400.0
2024-02-15,BCPG.BK,8.399999618530273,8.449999809265137,8.350000381469727,8.350000381469727,7.457371234893799,1914200.0
2024-02-16,BCPG.BK,8.350000381469727,8.399999618530273,8.25,8.25,7.368061542510986,1241600.0
2024-02-19,BCPG.BK,8.25,8.300000190734863,8.199999809265137,8.199999809265137,7.323405742645264,974800.0
2024-02-20,BCPG.BK,8.25,8.25,8.100000381469727,8.100000381469727,7.234097003936768,3299000.0
2024-02-21,BCPG.BK,8.0,8.199999809265137,8.0,8.149999618530273,7.278751373291016,3394100.0
2024-02-22,BCPG.BK,8.199999809265137,8.25,8.149999618530273,8.149999618530273,7.278751373291016,961000.0
2024-02-23,BCPG.BK,8.199999809265137,8.25,8.100000381469727,8.149999618530273,7.278751373291016,2058000.0
2024-02-27,BCPG.BK,8.149999618530273,8.149999618530273,8.0,8.050000190734863,7.189441680908203,2549100.0
2024-02-28,BCPG.BK,8.050000190734863,8.100000381469727,7.949999809265137,8.0,7.1447858810424805,3059800.0
2024-02-29,BCPG.BK,8.0,8.0,7.75,7.75,6.921511650085449,5744200.0
2024-03-01,BCPG.BK,7.800000190734863,7.900000095367432,7.800000190734863,7.900000095367432,7.055476665496826,1686700.0
2024-03-04,BCPG.BK,7.699999809265137,7.699999809265137,7.449999809265137,7.5,6.827880382537842,3932100.0
2024-03-05,BCPG.BK,7.550000190734863,7.550000190734863,7.25,7.25,6.600285053253174,3231600.0
2024-03-06,BCPG.BK,7.300000190734863,7.400000095367432,7.25,7.300000190734863,6.645804405212402,1973100.0
2024-03-07,BCPG.BK,7.300000190734863,7.349999904632568,7.25,7.25,6.600285053253174,898100.0
2024-03-08,BCPG.BK,7.300000190734863,7.349999904632568,7.25,7.349999904632568,6.691323280334473,2283700.0
2024-03-11,BCPG.BK,7.349999904632568,7.400000095367432,7.25,7.349999904632568,6.691323280334473,1874500.0
2024-03-12,BCPG.BK,7.349999904632568,7.349999904632568,7.349999904632568,7.349999904632568,6.691323280334473,0.0
2024-03-13,BCPG.BK,7.25,7.300000190734863,7.199999809265137,7.300000190734863,6.645804405212402,2318000.0
2024-03-14,BCPG.BK,7.300000190734863,7.349999904632568,7.25,7.25,6.600285053253174,2998900.0
2024-03-15,BCPG.BK,7.25,7.25,7.25,7.25,6.600285053253174,0.0
2024-03-18,BCPG.BK,7.25,7.25,7.099999904632568,7.099999904632568,6.4637274742126465,3553000.0
2024-03-19,BCPG.BK,7.099999904632568,7.199999809265137,7.050000190734863,7.099999904632568,6.4637274742126465,4711800.0
2024-03-20,BCPG.BK,7.150000095367432,7.199999809265137,7.050000190734863,7.050000190734863,6.418208122253418,1153300.0
2024-03-21,BCPG.BK,7.050000190734863,7.150000095367432,7.050000190734863,7.150000095367432,6.509246349334717,1464200.0
2024-03-22,BCPG.BK,7.150000095367432,7.150000095367432,7.150000095367432,7.150000095367432,6.509246349334717,0.0
2024-03-25,BCPG.BK,7.099999904632568,7.150000095367432,6.650000095367432,6.75,6.145092010498047,11927200.0
2024-03-26,BCPG.BK,6.699999809265137,6.75,6.550000190734863,6.650000095367432,6.054054260253906,7422000.0
2024-03-27,BCPG.BK,6.650000095367432,6.75,6.599999904632568,6.699999809265137,6.099573135375977,4752100.0
2024-03-28,BCPG.BK,6.699999809265137,6.699999809265137,6.699999809265137,6.699999809265137,6.099573135375977,0.0
2024-03-29,BCPG.BK,6.800000190734863,7.0,6.699999809265137,6.949999809265137,6.327168941497803,3506700.0
2024-04-01,BCPG.BK,6.949999809265137,7.0,6.800000190734863,7.0,6.3726887702941895,2065900.0
2024-04-02,BCPG.BK,6.949999809265137,6.949999809265137,6.800000190734863,6.849999904632568,6.236130237579346,1651000.0
2024-04-03,BCPG.BK,6.849999904632568,6.900000095367432,6.800000190734863,6.849999904632568,6.236130237579346,1642100.0
2024-04-04,BCPG.BK,6.900000095367432,6.900000095367432,6.75,6.849999904632568,6.236130237579346,2026700.0
2024-04-05,BCPG.BK,6.800000190734863,6.849999904632568,6.75,6.800000190734863,6.190611362457275,978700.0
2024-04-09,BCPG.BK,6.800000190734863,7.0,6.800000190734863,7.0,6.3726887702941895,3709500.0
2024-04-10,BCPG.BK,7.0,7.150000095367432,7.0,7.099999904632568,6.4637274742126465,3795600.0
2024-04-11,BCPG.BK,7.099999904632568,7.099999904632568,6.949999809265137,7.050000190734863,6.418208122253418,1389000.0
2024-04-17,BCPG.BK,6.800000190734863,6.900000095367432,6.75,6.800000190734863,6.190611362457275,3361500.0
2024-04-18,BCPG.BK,6.800000190734863,6.800000190734863,6.800000190734863,6.800000190734863,6.190611362457275,0.0
2024-04-19,BCPG.BK,6.5,6.550000190734863,6.199999809265137,6.25,5.6899003982543945,8078100.0
2024-04-22,BCPG.BK,6.300000190734863,6.5,6.300000190734863,6.5,5.917496204376221,3671900.0
2024-04-23,BCPG.BK,6.5,6.650000095367432,6.449999809265137,6.650000095367432,6.054054260253906,2722900.0
2024-04-24,BCPG.BK,6.699999809265137,6.699999809265137,6.449999809265137,6.599999904632568,6.0085344314575195,3272800.0
2024-04-25,BCPG.BK,6.599999904632568,6.699999809265137,6.5,6.699999809265137,6.099573135375977,732600.0
2024-04-26,BCPG.BK,6.699999809265137,6.699999809265137,6.550000190734863,6.550000190734863,5.963015556335449,1033200.0
2024-04-29,BCPG.BK,6.699999809265137,6.75,6.599999904632568,6.75,6.145092010498047,1714200.0
2024-04-30,BCPG.BK,6.75,6.800000190734863,6.650000095367432,6.75,6.145092010498047,2379200.0
2024-05-02,BCPG.BK,6.75,6.75,6.75,6.75,6.145092010498047,0.0
2024-05-03,BCPG.BK,6.800000190734863,6.849999904632568,6.699999809265137,6.75,6.145092010498047,1230800.0
2024-05-07,BCPG.BK,6.75,6.75,6.75,6.75,6.145092010498047,0.0
2024-05-08,BCPG.BK,6.75,6.849999904632568,6.699999809265137,6.75,6.145092010498047,1442000.0
2024-05-09,BCPG.BK,6.75,6.800000190734863,6.599999904632568,6.650000095367432,6.054054260253906,2511400.0
2024-05-10,BCPG.BK,6.699999809265137,6.699999809265137,6.599999904632568,6.599999904632568,6.0085344314575195,483500.0
2024-05-13,BCPG.BK,6.599999904632568,6.650000095367432,6.449999809265137,6.5,5.917496204376221,2261700.0
2024-05-14,BCPG.BK,6.5,6.599999904632568,6.449999809265137,6.550000190734863,5.963015556335449,1826800.0
2024-05-15,BCPG.BK,6.5,6.550000190734863,6.400000095367432,6.5,5.917496204376221,2261800.0
2024-05-16,BCPG.BK,6.5,6.5,6.5,6.5,5.917496204376221,0.0
2024-05-17,BCPG.BK,6.599999904632568,6.650000095367432,6.5,6.599999904632568,6.0085344314575195,2586900.0
2024-05-20,BCPG.BK,6.599999904632568,6.599999904632568,6.599999904632568,6.599999904632568,6.0085344314575195,0.0
2024-05-21,BCPG.BK,6.699999809265137,6.699999809265137,6.5,6.550000190734863,5.963015556335449,1144300.0
2024-05-23,BCPG.BK,6.550000190734863,6.550000190734863,6.400000095367432,6.5,5.917496204376221,2322500.0
2024-05-24,BCPG.BK,6.449999809265137,6.5,6.449999809265137,6.5,5.917496204376221,182200.0
2024-05-27,BCPG.BK,6.5,6.5,6.5,6.5,5.917496204376221,0.0
2024-05-28,BCPG.BK,6.550000190734863,6.650000095367432,6.550000190734863,6.599999904632568,6.0085344314575195,1524300.0
2024-05-29,BCPG.BK,6.599999904632568,6.650000095367432,6.5,6.5,5.917496204376221,1463000.0
2024-05-30,BCPG.BK,6.5,6.5,6.5,6.5,5.917496204376221,0.0
2024-05-31,BCPG.BK,6.650000095367432,6.650000095367432,6.550000190734863,6.650000095367432,6.054054260253906,1305500.0
2024-06-04,BCPG.BK,6.650000095367432,6.650000095367432,6.400000095367432,6.5,5.917496204376221,2138600.0
2024-06-05,BCPG.BK,6.5,6.5,6.349999904632568,6.400000095367432,5.826457977294922,1779400.0
2024-06-06,BCPG.BK,6.449999809265137,6.449999809265137,6.25,6.25,5.6899003982543945,1801500.0
2024-06-07,BCPG.BK,6.25,6.300000190734863,6.150000095367432,6.199999809265137,5.644381046295166,2143400.0
2024-06-10,BCPG.BK,6.199999809265137,6.199999809265137,6.050000190734863,6.150000095367432,5.598862171173096,2420000.0
2024-06-11,BCPG.BK,6.199999809265137,6.300000190734863,6.150000095367432,6.25,5.6899003982543945,1364300.0
2024-06-12,BCPG.BK,6.300000190734863,6.300000190734863,6.099999904632568,6.150000095367432,5.598862171173096,1555100.0
2024-06-13,BCPG.BK,6.199999809265137,6.300000190734863,6.0,6.050000190734863,5.507823944091797,24332300.0
2024-06-14,BCPG.BK,6.050000190734863,6.099999904632568,5.900000095367432,5.949999809265137,5.41678524017334,4313900.0
2024-06-17,BCPG.BK,6.099999904632568,6.099999904632568,5.900000095367432,6.0,5.46230411529541,1684600.0
2024-06-18,BCPG.BK,6.0,6.0,6.0,6.0,5.46230411529541,0.0
2024-06-19,BCPG.BK,6.0,6.0,6.0,6.0,5.46230411529541,0.0
2024-06-20,BCPG.BK,5.900000095367432,5.949999809265137,5.75,5.800000190734863,5.280228137969971,2445900.0
2024-06-21,BCPG.BK,5.800000190734863,6.150000095367432,5.699999809265137,6.099999904632568,5.553342819213867,6119100.0
2024-06-24,BCPG.BK,6.099999904632568,6.099999904632568,6.099999904632568,6.099999904632568,5.553342819213867,0.0
2024-06-25,BCPG.BK,6.25,6.300000190734863,6.150000095367432,6.25,5.6899003982543945,2318000.0
2024-06-26,BCPG.BK,6.25,6.25,6.25,6.25,5.6899003982543945,0.0
2024-06-27,BCPG.BK,6.300000190734863,6.449999809265137,6.300000190734863,6.349999904632568,5.780938625335693,4495600.0
2024-06-28,BCPG.BK,6.400000095367432,6.400000095367432,6.199999809265137,6.300000190734863,5.735419750213623,2703300.0
2024-07-01,BCPG.BK,6.300000190734863,6.349999904632568,6.199999809265137,6.25,5.6899003982543945,1467600.0
2024-07-02,BCPG.BK,6.25,6.300000190734863,6.099999904632568,6.099999904632568,5.553342819213867,1445100.0
2024-07-03,BCPG.BK,6.099999904632568,6.199999809265137,6.099999904632568,6.150000095367432,5.598862171173096,991800.0
2024-07-04,BCPG.BK,6.199999809265137,6.25,6.150000095367432,6.150000095367432,5.598862171173096,775700.0
2024-07-05,BCPG.BK,6.199999809265137,6.25,6.150000095367432,6.25,5.6899003982543945,1609600.0
2024-07-08,BCPG.BK,6.25,6.349999904632568,6.150000095367432,6.349999904632568,5.780938625335693,2371200.0
2024-07-09,BCPG.BK,6.349999904632568,6.349999904632568,6.349999904632568,6.349999904632568,5.780938625335693,0.0
2024-07-10,BCPG.BK,6.400000095367432,6.75,6.349999904632568,6.75,6.145092010498047,4500700.0
2024-07-11,BCPG.BK,6.849999904632568,6.849999904632568,6.650000095367432,6.699999809265137,6.099573135375977,2720200.0
2024-07-12,BCPG.BK,6.699999809265137,6.75,6.449999809265137,6.5,5.917496204376221,4347200.0
2024-07-15,BCPG.BK,6.5,6.5,6.5,6.5,5.917496204376221,0.0
2024-07-16,BCPG.BK,6.349999904632568,6.400000095367432,6.150000095367432,6.199999809265137,5.644381046295166,3177500.0
2024-07-17,BCPG.BK,6.199999809265137,6.300000190734863,6.150000095367432,6.199999809265137,5.644381046295166,2365500.0
2024-07-18,BCPG.BK,6.199999809265137,6.25,6.0,6.099999904632568,5.553342819213867,3448600.0
2024-07-19,BCPG.BK,6.050000190734863,6.150000095367432,6.0,6.0,5.46230411529541,2436200.0
2024-07-23,BCPG.BK,6.0,6.050000190734863,5.599999904632568,5.699999809265137,5.1891889572143555,6359900.0
2024-07-24,BCPG.BK,5.650000095367432,5.650000095367432,5.550000190734863,5.650000095367432,5.143670082092285,4033500.0
2024-07-25,BCPG.BK,5.599999904632568,5.650000095367432,5.5,5.550000190734863,5.0526323318481445,3077300.0
2024-07-26,BCPG.BK,5.550000190734863,5.599999904632568,5.449999809265137,5.5,5.007112979888916,3088800.0
2024-07-30,BCPG.BK,5.5,5.5,5.5,5.5,5.007112979888916,0.0
2024-07-31,BCPG.BK,5.599999904632568,5.650000095367432,5.5,5.5,5.007112979888916,4539800.0
2024-08-01,BCPG.BK,5.5,5.650000095367432,5.449999809265137,5.650000095367432,5.143670082092285,2344400.0
2024-08-02,BCPG.BK,5.599999904632568,5.650000095367432,5.449999809265137,5.5,5.007112979888916,3389600.0
2024-08-05,BCPG.BK,5.5,5.5,5.050000190734863,5.150000095367432,4.688478469848633,5987600.0
2024-08-06,BCPG.BK,5.150000095367432,5.25,5.050000190734863,5.25,4.779516696929932,3239300.0
2024-08-07,BCPG.BK,5.25,5.349999904632568,5.150000095367432,5.25,4.779516696929932,1609500.0
2024-08-08,BCPG.BK,5.400000095367432,5.599999904632568,5.349999904632568,5.550000190734863,5.0526323318481445,3834200.0
2024-08-09,BCPG.BK,5.550000190734863,5.699999809265137,5.5,5.550000190734863,5.0526323318481445,4481100.0
2024-08-13,BCPG.BK,5.5,5.5,5.349999904632568,5.400000095367432,4.916074275970459,1399800.0
2024-08-14,BCPG.BK,5.400000095367432,5.550000190734863,5.349999904632568,5.449999809265137,4.9615936279296875,1647900.0
2024-08-15,BCPG.BK,5.400000095367432,5.449999809265137,5.349999904632568,5.449999809265137,4.9615936279296875,988900.0
2024-08-16,BCPG.BK,5.449999809265137,5.550000190734863,5.449999809265137,5.550000190734863,5.0526323318481445,709500.0
2024-08-19,BCPG.BK,5.550000190734863,5.550000190734863,5.550000190734863,5.550000190734863,5.0526323318481445,0.0
2024-08-20,BCPG.BK,5.800000190734863,5.900000095367432,5.699999809265137,5.75,5.234708786010742,3369800.0
2024-08-21,BCPG.BK,5.75,5.900000095367432,5.75,5.800000190734863,5.280228137969971,2218800.0
2024-08-22,BCPG.BK,5.849999904632568,6.0,5.849999904632568,5.949999809265137,5.41678524017334,3380600.0
2024-08-23,BCPG.BK,6.0,6.099999904632568,6.0,6.0,5.46230411529541,4064900.0
2024-08-26,BCPG.BK,6.050000190734863,6.150000095367432,6.050000190734863,6.099999904632568,5.553342819213867,2033800.0
2024-08-27,BCPG.BK,6.099999904632568,6.199999809265137,6.0,6.150000095367432,5.598862171173096,5504900.0
2024-08-28,BCPG.BK,6.150000095367432,6.150000095367432,6.0,6.0,5.46230411529541,2737800.0
2024-08-29,BCPG.BK,6.0,6.099999904632568,5.900000095367432,5.949999809265137,5.41678524017334,2239500.0
2024-08-30,BCPG.BK,5.949999809265137,6.150000095367432,5.949999809265137,6.099999904632568,5.553342819213867,6069700.0
2024-09-02,BCPG.BK,5.949999809265137,6.0,5.849999904632568,5.900000095367432,5.460787296295166,2740700.0
2024-09-03,BCPG.BK,5.900000095367432,6.300000190734863,5.900000095367432,6.25,5.784732341766357,8047300.0
2024-09-04,BCPG.BK,6.349999904632568,6.800000190734863,6.25,6.699999809265137,6.201232433319092,24189700.0
2024-09-05,BCPG.BK,6.699999809265137,6.949999809265137,6.599999904632568,6.699999809265137,6.201232433319092,15704400.0
2024-09-06,BCPG.BK,6.800000190734863,7.150000095367432,6.699999809265137,7.050000190734863,6.525177955627441,15522900.0
2024-09-09,BCPG.BK,7.050000190734863,7.050000190734863,7.050000190734863,7.050000190734863,6.525177955627441,0.0
2024-09-10,BCPG.BK,7.150000095367432,7.25,6.949999809265137,7.0,6.478899955749512,13103700.0
2024-09-11,BCPG.BK,7.0,7.199999809265137,6.900000095367432,7.150000095367432,6.617733478546143,14725200.0
2024-09-12,BCPG.BK,7.099999904632568,7.199999809265137,7.0,7.0,6.478899955749512,4721800.0
2024-09-13,BCPG.BK,7.050000190734863,7.199999809265137,7.050000190734863,7.099999904632568,6.571455955505371,5324300.0
2024-09-16,BCPG.BK,7.150000095367432,7.349999904632568,7.050000190734863,7.300000190734863,6.756567001342773,11210200.0
2024-09-17,BCPG.BK,7.349999904632568,7.349999904632568,7.050000190734863,7.099999904632568,6.571455955505371,9002700.0
2024-09-18,BCPG.BK,7.099999904632568,7.25,7.050000190734863,7.050000190734863,6.525177955627441,6586200.0
2024-09-19,BCPG.BK,7.150000095367432,7.300000190734863,7.099999904632568,7.25,6.710289478302002,6798500.0
2024-09-20,BCPG.BK,7.300000190734863,7.5,7.25,7.449999809265137,6.895400524139404,17093800.0
2024-09-23,BCPG.BK,7.449999809265137,7.599999904632568,7.300000190734863,7.400000095367432,6.849123001098633,9959700.0
2024-09-24,BCPG.BK,7.400000095367432,7.699999809265137,7.349999904632568,7.650000095367432,7.080512046813965,8065600.0
2024-09-25,BCPG.BK,7.650000095367432,7.800000190734863,7.5,7.5,6.941678524017334,18259400.0
2024-09-26,BCPG.BK,7.550000190734863,7.550000190734863,7.25,7.300000190734863,6.756567001342773,10397100.0
2024-09-27,BCPG.BK,7.300000190734863,7.300000190734863,7.300000190734863,7.300000190734863,6.756567001342773,0.0
2024-09-30,BCPG.BK,7.25,7.300000190734863,7.150000095367432,7.199999809265137,6.664011478424072,4737900.0
2024-10-01,BCPG.BK,7.199999809265137,7.5,7.199999809265137,7.5,6.941678524017334,6307600.0
2024-10-02,BCPG.BK,7.5,7.550000190734863,7.25,7.300000190734863,6.756567001342773,7373600.0
2024-10-03,BCPG.BK,7.300000190734863,7.300000190734863,7.050000190734863,7.050000190734863,6.525177955627441,8697700.0
2024-10-04,BCPG.BK,7.050000190734863,7.199999809265137,6.849999904632568,7.150000095367432,6.617733478546143,6013900.0
2024-10-07,BCPG.BK,7.150000095367432,7.150000095367432,7.150000095367432,7.150000095367432,6.617733478546143,0.0
2024-10-08,BCPG.BK,7.150000095367432,7.25,7.099999904632568,7.150000095367432,6.617733478546143,3836900.0
2024-10-09,BCPG.BK,7.150000095367432,7.199999809265137,6.900000095367432,6.900000095367432,6.3863444328308105,5854300.0
2024-10-10,BCPG.BK,6.949999809265137,7.099999904632568,6.900000095367432,7.099999904632568,6.571455955505371,8210700.0
2024-10-11,BCPG.BK,7.099999904632568,7.150000095367432,7.050000190734863,7.050000190734863,6.525177955627441,3393700.0
2024-10-15,BCPG.BK,7.099999904632568,7.150000095367432,6.650000095367432,6.699999809265137,6.201232433319092,7366500.0
2024-10-16,BCPG.BK,6.699999809265137,6.699999809265137,6.699999809265137,6.699999809265137,6.201232433319092,0.0
2024-10-17,BCPG.BK,7.099999904632568,7.300000190734863,7.099999904632568,7.25,6.710289478302002,11260400.0
2024-10-18,BCPG.BK,7.25,7.25,6.949999809265137,6.949999809265137,6.432621479034424,9234700.0
2024-10-21,BCPG.BK,6.949999809265137,7.150000095367432,6.949999809265137,7.050000190734863,6.525177955627441,3850000.0
2024-10-22,BCPG.BK,7.050000190734863,7.050000190734863,6.900000095367432,6.900000095367432,6.3863444328308105,3792600.0
2024-10-24,BCPG.BK,6.849999904632568,6.949999809265137,6.699999809265137,6.75,6.24751091003418,4039300.0
2024-10-25,BCPG.BK,6.75,6.800000190734863,6.650000095367432,6.699999809265137,6.201232433319092,2757500.0
2024-10-28,BCPG.BK,6.699999809265137,6.900000095367432,6.699999809265137,6.900000095367432,6.3863444328308105,3183000.0
2024-10-29,BCPG.BK,6.849999904632568,6.900000095367432,6.699999809265137,6.75,6.24751091003418,2293500.0
2024-10-30,BCPG.BK,6.75,6.75,6.650000095367432,6.650000095367432,6.15495491027832,1209100.0
2024-10-31,BCPG.BK,6.650000095367432,6.800000190734863,6.650000095367432,6.800000190734863,6.293788433074951,1993400.0
2024-11-01,BCPG.BK,6.800000190734863,6.849999904632568,6.699999809265137,6.75,6.24751091003418,1544400.0
2024-11-04,BCPG.BK,6.75,6.75,6.650000095367432,6.699999809265137,6.201232433319092,1389500.0
2024-11-05,BCPG.BK,6.699999809265137,6.75,6.599999904632568,6.599999904632568,6.108677387237549,2790800.0
2024-11-06,BCPG.BK,6.599999904632568,6.650000095367432,6.25,6.300000190734863,5.831009864807129,5288100.0
2024-11-07,BCPG.BK,6.25,6.349999904632568,6.150000095367432,6.150000095367432,5.692176342010498,3768900.0
2024-11-08,BCPG.BK,6.199999809265137,6.25,6.0,6.099999904632568,5.645898818969727,6300000.0
2024-11-11,BCPG.BK,6.099999904632568,6.199999809265137,5.900000095367432,6.0,5.553342819213867,3896100.0
2024-11-12,BCPG.BK,6.0,6.050000190734863,5.849999904632568,5.900000095367432,5.460787296295166,2767800.0
2024-11-13,BCPG.BK,5.900000095367432,5.900000095367432,5.75,5.75,5.321953773498535,2379600.0
2024-11-14,BCPG.BK,5.75,5.849999904632568,5.650000095367432,5.650000095367432,5.229397773742676,4674100.0
2024-11-15,BCPG.BK,5.699999809265137,5.75,5.5,5.550000190734863,5.136842250823975,5734100.0
2024-11-18,BCPG.BK,5.550000190734863,5.699999809265137,5.550000190734863,5.650000095367432,5.229397773742676,1827800.0
2024-11-19,BCPG.BK,5.650000095367432,5.849999904632568,5.650000095367432,5.699999809265137,5.275675296783447,3629900.0
2024-11-20,BCPG.BK,5.699999809265137,5.800000190734863,5.650000095367432,5.75,5.321953773498535,2235300.0
2024-11-21,BCPG.BK,5.75,5.800000190734863,5.699999809265137,5.699999809265137,5.275675296783447,1513000.0
2024-11-22,BCPG.BK,5.699999809265137,5.849999904632568,5.699999809265137,5.75,5.321953773498535,2318800.0
2024-11-25,BCPG.BK,5.800000190734863,5.949999809265137,5.699999809265137,5.699999809265137,5.275675296783447,4883500.0
2024-11-26,BCPG.BK,5.75,5.75,5.650000095367432,5.699999809265137,5.275675296783447,3599900.0
2024-11-27,BCPG.BK,5.699999809265137,5.699999809265137,5.550000190734863,5.599999904632568,5.183120250701904,2887400.0
2024-11-28,BCPG.BK,5.550000190734863,5.699999809265137,5.449999809265137,5.599999904632568,5.183120250701904,4885100.0
2024-11-29,BCPG.BK,5.599999904632568,5.75,5.550000190734863,5.650000095367432,5.229397773742676,3411200.0
2024-12-02,BCPG.BK,5.650000095367432,5.75,5.650000095367432,5.75,5.321953773498535,1376000.0
2024-12-03,BCPG.BK,5.75,6.099999904632568,5.75,6.0,5.553342819213867,6860200.0
2024-12-04,BCPG.BK,6.0,6.050000190734863,5.849999904632568,5.900000095367432,5.460787296295166,3098300.0
2024-12-06,BCPG.BK,5.900000095367432,5.949999809265137,5.75,5.800000190734863,5.368231296539307,2912300.0
2024-12-09,BCPG.BK,5.800000190734863,5.800000190734863,5.599999904632568,5.699999809265137,5.275675296783447,3616600.0
2024-12-11,BCPG.BK,5.699999809265137,5.75,5.650000095367432,5.650000095367432,5.229397773742676,2287500.0
2024-12-12,BCPG.BK,5.650000095367432,5.699999809265137,5.550000190734863,5.599999904632568,5.183120250701904,3160900.0
2024-12-13,BCPG.BK,5.599999904632568,5.699999809265137,5.599999904632568,5.650000095367432,5.229397773742676,2421600.0
2024-12-16,BCPG.BK,5.650000095367432,5.650000095367432,5.449999809265137,5.550000190734863,5.136842250823975,4155700.0
2024-12-17,BCPG.BK,5.550000190734863,5.599999904632568,5.349999904632568,5.449999809265137,5.044285774230957,3027000.0
2024-12-18,BCPG.BK,5.449999809265137,5.449999809265137,5.25,5.25,4.859175205230713,4913000.0
2024-12-19,BCPG.BK,5.25,5.349999904632568,5.150000095367432,5.199999809265137,4.812896728515625,9089600.0
2024-12-20,BCPG.BK,5.199999809265137,5.199999809265137,5.050000190734863,5.199999809265137,4.812896728515625,5885600.0
2024-12-23,BCPG.BK,5.25,5.25,5.099999904632568,5.25,4.859175205230713,2256100.0
2024-12-24,BCPG.BK,5.25,5.349999904632568,5.150000095367432,5.349999904632568,4.951730251312256,5307900.0
2024-12-25,BCPG.BK,5.400000095367432,5.650000095367432,5.400000095367432,5.550000190734863,5.136842250823975,6112000.0
2024-12-26,BCPG.BK,5.599999904632568,5.599999904632568,5.400000095367432,5.5,5.090564250946045,2962700.0
2024-12-27,BCPG.BK,5.5,5.75,5.449999809265137,5.699999809265137,5.275675296783447,4757100.0
2024-12-30,BCPG.BK,5.699999809265137,5.75,5.5,5.550000190734863,5.136842250823975,3829000.0
2025-01-02,BCPG.BK,5.550000190734863,5.550000190734863,5.349999904632568,5.400000095367432,4.998008728027344,3696100.0
2025-01-03,BCPG.BK,5.400000095367432,5.5,5.400000095367432,5.449999809265137,5.044285774230957,2103700.0
2025-01-06,BCPG.BK,5.5,5.900000095367432,5.400000095367432,5.75,5.321953773498535,11471900.0
2025-01-07,BCPG.BK,6.0,6.550000190734863,5.949999809265137,6.449999809265137,5.969842910766602,31832700.0
2025-01-08,BCPG.BK,6.550000190734863,7.0,6.550000190734863,6.800000190734863,6.293788433074951,31765700.0
2025-01-09,BCPG.BK,6.849999904632568,6.849999904632568,6.550000190734863,6.699999809265137,6.201232433319092,13416600.0
2025-01-10,BCPG.BK,6.650000095367432,6.699999809265137,6.300000190734863,6.349999904632568,5.877287864685059,16186000.0
2025-01-13,BCPG.BK,6.199999809265137,6.400000095367432,6.150000095367432,6.300000190734863,5.831009864807129,13116500.0
2025-01-14,BCPG.BK,6.449999809265137,6.5,6.099999904632568,6.099999904632568,5.645898818969727,15580500.0
2025-01-15,BCPG.BK,6.150000095367432,6.150000095367432,5.900000095367432,6.050000190734863,5.599620819091797,16166300.0
2025-01-16,BCPG.BK,6.25,6.449999809265137,6.099999904632568,6.349999904632568,5.877287864685059,26748100.0
2025-01-17,BCPG.BK,6.300000190734863,6.449999809265137,6.099999904632568,6.199999809265137,5.7384538650512695,12958300.0
2025-01-20,BCPG.BK,6.150000095367432,6.400000095367432,6.150000095367432,6.349999904632568,5.877287864685059,7403900.0
2025-01-21,BCPG.BK,6.349999904632568,6.400000095367432,6.199999809265137,6.300000190734863,5.831009864807129,7615800.0
2025-01-22,BCPG.BK,6.349999904632568,6.550000190734863,6.349999904632568,6.5,6.0161213874816895,10263700.0
2025-01-23,BCPG.BK,6.550000190734863,6.650000095367432,6.449999809265137,6.599999904632568,6.108677387237549,14729500.0
2025-01-24,BCPG.BK,6.699999809265137,6.75,6.599999904632568,6.650000095367432,6.15495491027832,7347100.0
2025-01-27,BCPG.BK,6.650000095367432,6.75,6.599999904632568,6.599999904632568,6.108677387237549,4871700.0
2025-01-28,BCPG.BK,6.400000095367432,6.650000095367432,6.400000095367432,6.599999904632568,6.108677387237549,7724000.0
2025-01-29,BCPG.BK,6.599999904632568,6.75,6.550000190734863,6.650000095367432,6.15495491027832,8855300.0
2025-01-30,BCPG.BK,6.699999809265137,6.699999809265137,6.550000190734863,6.599999904632568,6.108677387237549,5838700.0
2025-01-31,BCPG.BK,6.599999904632568,6.599999904632568,6.449999809265137,6.449999809265137,5.969842910766602,6985600.0
2025-02-03,BCPG.BK,6.300000190734863,6.599999904632568,6.150000095367432,6.5,6.0161213874816895,8920200.0
2025-02-04,BCPG.BK,6.550000190734863,6.949999809265137,6.550000190734863,6.849999904632568,6.340066432952881,23900400.0
2025-02-05,BCPG.BK,6.949999809265137,7.0,6.800000190734863,6.849999904632568,6.340066432952881,15432800.0
2025-02-06,BCPG.BK,6.849999904632568,6.900000095367432,6.650000095367432,6.650000095367432,6.15495491027832,22472200.0
2025-02-07,BCPG.BK,6.699999809265137,6.800000190734863,6.5,6.800000190734863,6.293788433074951,21701100.0
2025-02-10,BCPG.BK,6.75,6.849999904632568,6.650000095367432,6.75,6.24751091003418,9371400.0
2025-02-11,BCPG.BK,6.75,6.849999904632568,6.699999809265137,6.800000190734863,6.293788433074951,6928100.0
2025-02-13,BCPG.BK,6.800000190734863,7.050000190734863,6.699999809265137,7.0,6.478899955749512,19342100.0
2025-02-14,BCPG.BK,7.050000190734863,7.150000095367432,6.949999809265137,7.099999904632568,6.571455955505371,14200000.0
2025-02-17,BCPG.BK,7.0,7.099999904632568,6.949999809265137,7.0,6.478899955749512,7631400.0
2025-02-18,BCPG.BK,7.050000190734863,7.150000095367432,6.949999809265137,6.949999809265137,6.432621479034424,5238000.0
2025-02-19,BCPG.BK,6.949999809265137,7.099999904632568,6.900000095367432,7.050000190734863,6.525177955627441,7713800.0
2025-02-20,BCPG.BK,7.050000190734863,7.150000095367432,7.0,7.050000190734863,6.525177955627441,8416700.0
2025-02-21,BCPG.BK,6.599999904632568,6.800000190734863,6.550000190734863,6.699999809265137,6.201232433319092,20244900.0
2025-02-24,BCPG.BK,6.699999809265137,6.900000095367432,6.650000095367432,6.75,6.24751091003418,8013100.0
2025-02-25,BCPG.BK,6.75,6.800000190734863,5.949999809265137,5.949999809265137,5.507064342498779,23487200.0
2025-02-26,BCPG.BK,6.0,6.050000190734863,5.400000095367432,5.800000190734863,5.368231296539307,31706900.0
2025-02-27,BCPG.BK,5.849999904632568,5.949999809265137,5.650000095367432,5.650000095367432,5.229397773742676,9170000.0
2025-02-28,BCPG.BK,5.550000190734863,5.900000095367432,5.550000190734863,5.650000095367432,5.229397773742676,17787900.0
2025-03-03,BCPG.BK,5.650000095367432,5.75,5.550000190734863,5.650000095367432,5.229397773742676,4853500.0
2025-03-04,BCPG.BK,5.650000095367432,5.900000095367432,5.650000095367432,5.650000095367432,5.229397773742676,11679000.0
2025-03-05,BCPG.BK,5.5,5.800000190734863,5.449999809265137,5.75,5.497081756591797,6250600.0
2025-03-06,BCPG.BK,5.800000190734863,5.800000190734863,5.599999904632568,5.699999809265137,5.449280738830566,4682900.0
2025-03-07,BCPG.BK,5.699999809265137,5.849999904632568,5.699999809265137,5.75,5.497081756591797,3934600.0
2025-03-10,BCPG.BK,5.699999809265137,5.800000190734863,5.699999809265137,5.699999809265137,5.449280738830566,3471700.0
2025-03-11,BCPG.BK,5.699999809265137,5.900000095367432,5.599999904632568,5.849999904632568,5.592682838439941,6647400.0
2025-03-12,BCPG.BK,5.849999904632568,5.900000095367432,5.75,5.75,5.497081756591797,3882200.0
2025-03-13,BCPG.BK,5.800000190734863,6.0,5.800000190734863,5.900000095367432,5.640483856201172,9631700.0
2025-03-14,BCPG.BK,5.949999809265137,6.25,5.849999904632568,6.150000095367432,5.879487037658691,12267800.0
2025-03-17,BCPG.BK,6.199999809265137,7.050000190734863,6.099999904632568,6.849999904632568,6.548697471618652,26042200.0
2025-03-18,BCPG.BK,6.900000095367432,6.900000095367432,6.75,6.800000190734863,6.500896453857422,6084900.0
2025-03-19,BCPG.BK,6.75,7.25,6.75,7.150000095367432,6.835501670837402,18882600.0
2025-03-20,BCPG.BK,7.150000095367432,7.349999904632568,7.150000095367432,7.199999809265137,6.883302211761475,10180200.0
2025-03-21,BCPG.BK,7.050000190734863,7.25,7.0,7.050000190734863,6.7399001121521,9460300.0
2025-03-24,BCPG.BK,7.050000190734863,7.199999809265137,6.949999809265137,7.099999904632568,6.787700653076172,8402800.0
2025-03-25,BCPG.BK,7.150000095367432,7.199999809265137,7.0,7.050000190734863,6.7399001121521,4661800.0
2025-03-26,BCPG.BK,7.050000190734863,7.150000095367432,6.949999809265137,7.0,6.692099094390869,4561800.0
2025-03-27,BCPG.BK,7.0,7.050000190734863,6.900000095367432,6.949999809265137,6.644298553466797,2841000.0
2025-03-28,BCPG.BK,6.949999809265137,6.949999809265137,6.650000095367432,6.800000190734863,6.500896453857422,4755600.0
2025-03-31,BCPG.BK,6.5,7.0,6.5,6.900000095367432,6.596498012542725,9903700.0
2025-04-01,BCPG.BK,6.900000095367432,6.949999809265137,6.650000095367432,6.849999904632568,6.548697471618652,8691800.0
2025-04-02,BCPG.BK,6.849999904632568,6.849999904632568,6.699999809265137,6.800000190734863,6.500896453857422,4832700.0
2025-04-03,BCPG.BK,6.699999809265137,6.849999904632568,6.650000095367432,6.699999809265137,6.405294895172119,7108100.0
2025-04-04,BCPG.BK,6.699999809265137,6.75,6.5,6.550000190734863,6.261893272399902,6599000.0
2025-04-08,BCPG.BK,6.099999904632568,6.199999809265137,5.949999809265137,6.150000095367432,5.879487037658691,10404300.0
2025-04-09,BCPG.BK,6.050000190734863,6.150000095367432,5.800000190734863,6.099999904632568,5.831686496734619,7951800.0
2025-04-10,BCPG.BK,6.449999809265137,6.5,6.199999809265137,6.349999904632568,6.070689678192139,5716500.0
2025-04-11,BCPG.BK,6.300000190734863,6.650000095367432,6.199999809265137,6.400000095367432,6.118491172790527,6936100.0
2025-04-16,BCPG.BK,6.449999809265137,6.699999809265137,6.349999904632568,6.699999809265137,6.405294895172119,4117100.0
2025-04-17,BCPG.BK,6.699999809265137,6.849999904632568,6.599999904632568,6.849999904632568,6.548697471618652,6898900.0
2025-04-18,BCPG.BK,6.800000190734863,7.099999904632568,6.75,7.0,6.692099094390869,8665600.0
2025-04-21,BCPG.BK,7.050000190734863,7.050000190734863,6.75,6.849999904632568,6.548697471618652,8448900.0
2025-04-22,BCPG.BK,6.699999809265137,7.099999904632568,6.699999809265137,7.099999904632568,6.787700653076172,8959000.0
2025-04-23,BCPG.BK,7.099999904632568,7.150000095367432,7.0,7.050000190734863,6.7399001121521,12151700.0
2025-04-24,BCPG.BK,7.0,7.0,6.800000190734863,6.849999904632568,6.548697471618652,9259300.0
2025-04-25,BCPG.BK,6.849999904632568,6.949999809265137,6.800000190734863,6.800000190734863,6.500896453857422,3517400.0
2025-04-28,BCPG.BK,6.800000190734863,6.949999809265137,6.800000190734863,6.849999904632568,6.548697471618652,2294600.0
2025-04-29,BCPG.BK,6.900000095367432,6.900000095367432,6.699999809265137,6.900000095367432,6.596498012542725,3651100.0
2025-04-30,BCPG.BK,6.849999904632568,6.900000095367432,6.800000190734863,6.849999904632568,6.548697471618652,2134200.0
2025-05-02,BCPG.BK,6.800000190734863,6.949999809265137,6.800000190734863,6.900000095367432,6.596498012542725,3187500.0
2025-05-06,BCPG.BK,6.900000095367432,6.900000095367432,6.650000095367432,6.75,6.45309591293335,4203700.0
2025-05-07,BCPG.BK,6.650000095367432,6.949999809265137,6.599999904632568,6.900000095367432,6.596498012542725,7179300.0
2025-05-08,BCPG.BK,6.900000095367432,6.900000095367432,6.75,6.849999904632568,6.548697471618652,3474600.0
2025-05-09,BCPG.BK,6.75,6.949999809265137,6.599999904632568,6.75,6.45309591293335,11726800.0
2025-05-13,BCPG.BK,6.699999809265137,7.300000190734863,6.699999809265137,7.199999809265137,6.883302211761475,16588200.0
2025-05-14,BCPG.BK,7.25,7.300000190734863,7.150000095367432,7.150000095367432,6.835501670837402,9762500.0
2025-05-15,BCPG.BK,7.199999809265137,7.25,7.0,7.0,6.692099094390869,9034300.0
2025-05-16,BCPG.BK,7.099999904632568,7.449999809265137,7.050000190734863,7.400000095367432,7.07450532913208,20064000.0
2025-05-19,BCPG.BK,7.400000095367432,7.400000095367432,7.199999809265137,7.199999809265137,6.883302211761475,11432300.0
2025-05-20,BCPG.BK,7.25,7.25,7.050000190734863,7.150000095367432,6.835501670837402,9343800.0
2025-05-21,BCPG.BK,7.150000095367432,7.300000190734863,7.0,7.050000190734863,6.7399001121521,7708100.0
2025-05-22,BCPG.BK,7.0,7.050000190734863,6.800000190734863,6.800000190734863,6.500896453857422,8967400.0
2025-05-23,BCPG.BK,6.800000190734863,6.800000190734863,6.699999809265137,6.699999809265137,6.405294895172119,3101000.0
2025-05-26,BCPG.BK,6.699999809265137,6.900000095367432,6.650000095367432,6.900000095367432,6.596498012542725,6610900.0
2025-05-27,BCPG.BK,6.849999904632568,6.849999904632568,6.599999904632568,6.650000095367432,6.357494831085205,7281800.0
2025-05-28,BCPG.BK,6.699999809265137,6.75,6.599999904632568,6.599999904632568,6.309693336486816,4602500.0
2025-05-29,BCPG.BK,6.699999809265137,6.800000190734863,6.5,6.550000190734863,6.261893272399902,6329700.0
2025-05-30,BCPG.BK,6.400000095367432,6.449999809265137,6.099999904632568,6.150000095367432,5.879487037658691,22742700.0
2025-06-04,BCPG.BK,6.150000095367432,6.199999809265137,5.949999809265137,6.050000190734863,5.783885955810547,7924200.0
2025-06-05,BCPG.BK,6.050000190734863,6.150000095367432,5.949999809265137,6.050000190734863,5.783885955810547,7652700.0
2025-06-06,BCPG.BK,6.0,6.199999809265137,6.0,6.150000095367432,5.879487037658691,4450600.0
2025-06-09,BCPG.BK,6.199999809265137,6.300000190734863,6.099999904632568,6.150000095367432,5.879487037658691,3709600.0
2025-06-10,BCPG.BK,6.199999809265137,6.199999809265137,6.050000190734863,6.050000190734863,5.783885955810547,2560000.0
2025-06-11,BCPG.BK,6.050000190734863,6.150000095367432,5.949999809265137,6.050000190734863,5.783885955810547,6576600.0
2025-06-12,BCPG.BK,6.0,6.099999904632568,6.0,6.050000190734863,5.783885955810547,4141400.0
2025-06-13,BCPG.BK,6.0,6.050000190734863,5.800000190734863,5.849999904632568,5.592682838439941,7283900.0
2025-06-16,BCPG.BK,5.849999904632568,5.900000095367432,5.75,5.800000190734863,5.544882774353027,4382300.0
2025-06-17,BCPG.BK,5.849999904632568,5.949999809265137,5.800000190734863,5.849999904632568,5.592682838439941,2205000.0
2025-06-18,BCPG.BK,5.900000095367432,5.949999809265137,5.650000095367432,5.650000095367432,5.401480197906494,3577300.0
2025-06-19,BCPG.BK,5.650000095367432,5.650000095367432,5.5,5.599999904632568,5.353679656982422,4197900.0
2025-06-20,BCPG.BK,5.650000095367432,5.699999809265137,5.400000095367432,5.400000095367432,5.162476539611816,11661500.0
2025-06-23,BCPG.BK,5.349999904632568,5.449999809265137,5.25,5.400000095367432,5.162476539611816,5537100.0
2025-06-24,BCPG.BK,5.449999809265137,5.75,5.449999809265137,5.75,5.497081756591797,8919700.0
2025-06-25,BCPG.BK,5.699999809265137,5.949999809265137,5.599999904632568,5.849999904632568,5.592682838439941,6115000.0
2025-06-26,BCPG.BK,5.849999904632568,6.050000190734863,5.849999904632568,5.949999809265137,5.688284397125244,6529500.0
2025-06-27,BCPG.BK,5.949999809265137,5.949999809265137,5.849999904632568,5.849999904632568,5.592682838439941,5723600.0
2025-06-30,BCPG.BK,5.849999904632568,6.0,5.699999809265137,5.699999809265137,5.449280738830566,6878000.0
2025-07-01,BCPG.BK,5.75,5.949999809265137,5.650000095367432,5.849999904632568,5.592682838439941,5978400.0
2025-07-02,BCPG.BK,5.849999904632568,6.0,5.849999904632568,5.949999809265137,5.688284397125244,4610500.0
2025-07-03,BCPG.BK,6.0,6.449999809265137,6.0,6.400000095367432,6.118491172790527,14153000.0
2025-07-04,BCPG.BK,6.349999904632568,6.599999904632568,6.199999809265137,6.550000190734863,6.261893272399902,12118200.0
2025-07-07,BCPG.BK,6.5,6.650000095367432,6.400000095367432,6.599999904632568,6.309693336486816,4160500.0
2025-07-08,BCPG.BK,6.449999809265137,6.650000095367432,6.449999809265137,6.449999809265137,6.1662917137146,2018000.0
2025-07-09,BCPG.BK,6.5,6.599999904632568,6.400000095367432,6.400000095367432,6.118491172790527,2890100.0
2025-07-11,BCPG.BK,6.400000095367432,6.599999904632568,6.400000095367432,6.550000190734863,6.261893272399902,3462900.0
2025-07-14,BCPG.BK,6.550000190734863,6.699999809265137,6.5,6.650000095367432,6.357494831085205,2569200.0
2025-07-15,BCPG.BK,6.650000095367432,6.849999904632568,6.599999904632568,6.849999904632568,6.548697471618652,3384800.0
2025-07-16,BCPG.BK,6.849999904632568,6.949999809265137,6.699999809265137,6.849999904632568,6.548697471618652,6768200.0
2025-07-17,BCPG.BK,6.849999904632568,7.050000190734863,6.800000190734863,7.050000190734863,6.7399001121521,8587300.0
2025-07-18,BCPG.BK,7.0,7.150000095367432,6.949999809265137,7.050000190734863,6.7399001121521,6787400.0
2025-07-21,BCPG.BK,7.050000190734863,7.25,7.0,7.25,6.931102752685547,7756800.0
2025-07-22,BCPG.BK,7.150000095367432,7.349999904632568,6.400000095367432,6.5,6.214092254638672,25000600.0
2025-07-23,BCPG.BK,6.599999904632568,6.900000095367432,6.349999904632568,6.550000190734863,6.261893272399902,25466100.0
2025-07-24,BCPG.BK,6.550000190734863,6.650000095367432,6.449999809265137,6.599999904632568,6.309693336486816,6893200.0
2025-07-25,BCPG.BK,6.599999904632568,6.699999809265137,6.550000190734863,6.599999904632568,6.309693336486816,5804600.0
2025-07-29,BCPG.BK,6.650000095367432,6.849999904632568,6.599999904632568,6.800000190734863,6.500896453857422,11072000.0
2025-07-30,BCPG.BK,6.800000190734863,6.849999904632568,6.75,6.849999904632568,6.548697471618652,5431500.0
2025-07-31,BCPG.BK,6.849999904632568,6.900000095367432,6.699999809265137,6.699999809265137,6.405294895172119,5392700.0
2025-08-01,BCPG.BK,6.75,6.800000190734863,6.5,6.5,6.214092254638672,7720600.0
2025-08-04,BCPG.BK,6.5,6.5,6.349999904632568,6.5,6.214092254638672,4974400.0
2025-08-05,BCPG.BK,6.550000190734863,6.699999809265137,6.5,6.599999904632568,6.309693336486816,6414900.0
2025-08-06,BCPG.BK,6.650000095367432,7.099999904632568,6.599999904632568,7.0,6.692099094390869,12692600.0
2025-08-07,BCPG.BK,7.050000190734863,7.75,7.050000190734863,7.550000190734863,7.217907428741455,39149600.0
2025-08-08,BCPG.BK,7.650000095367432,8.199999809265137,7.650000095367432,8.199999809265137,7.839316368103027,32707500.0
2025-08-13,BCPG.BK,8.600000381469727,8.649999618530273,8.300000190734863,8.300000190734863,7.93491792678833,18494300.0
2025-08-14,BCPG.BK,8.25,8.399999618530273,8.100000381469727,8.25,7.887117385864258,11100100.0
2025-08-15,BCPG.BK,8.199999809265137,8.75,8.050000190734863,8.050000190734863,7.6959147453308105,20302200.0
2025-08-18,BCPG.BK,8.100000381469727,8.350000381469727,7.900000095367432,8.0,7.64811372756958,12656800.0
2025-08-19,BCPG.BK,8.0,8.149999618530273,7.900000095367432,8.050000190734863,7.6959147453308105,7346800.0
2025-08-20,BCPG.BK,8.149999618530273,8.199999809265137,7.949999809265137,8.149999618530273,7.791515350341797,7535200.0
2025-08-21,BCPG.BK,8.149999618530273,8.25,8.050000190734863,8.199999809265137,7.839316368103027,8730700.0
2025-08-22,BCPG.BK,8.25,8.25,8.100000381469727,8.149999618530273,7.791515350341797,6200100.0
2025-08-25,BCPG.BK,8.550000190734863,8.949999809265137,8.350000381469727,8.5,8.126120567321777,42510500.0
2025-08-26,BCPG.BK,8.649999618530273,8.699999809265137,8.350000381469727,8.5,8.126120567321777,21064800.0
2025-08-27,BCPG.BK,8.5,8.550000190734863,8.25,8.300000190734863,7.93491792678833,9925000.0
2025-08-28,BCPG.BK,8.350000381469727,8.600000381469727,8.300000190734863,8.5,8.126120567321777,10176100.0
2025-08-29,BCPG.BK,8.5,8.600000381469727,8.350000381469727,8.550000190734863,8.173921585083008,15841900.0
2025-09-01,BCPG.BK,8.600000381469727,8.699999809265137,8.350000381469727,8.449999809265137,8.078319549560547,10062900.0
2025-09-02,BCPG.BK,8.449999809265137,8.600000381469727,8.399999618530273,8.550000190734863,8.173921585083008,5462100.0
2025-09-03,BCPG.BK,8.550000190734863,8.649999618530273,8.100000381469727,8.199999809265137,7.839316368103027,22305800.0
2025-09-04,BCPG.BK,8.199999809265137,8.350000381469727,7.900000095367432,8.0,7.64811372756958,14579500.0
2025-09-05,BCPG.BK,8.050000190734863,8.149999618530273,7.599999904632568,7.900000095367432,7.552512168884277,42068400.0
2025-09-08,BCPG.BK,7.949999809265137,8.300000190734863,7.949999809265137,8.300000190734863,7.93491792678833,14595000.0
2025-09-09,BCPG.BK,8.300000190734863,8.449999809265137,8.25,8.399999618530273,8.030519485473633,12623400.0
2025-09-10,BCPG.BK,8.350000381469727,8.5,8.25,8.5,8.22402572631836,12676600.0
2025-09-11,BCPG.BK,8.5,8.550000190734863,8.350000381469727,8.350000381469727,8.078896522521973,7940000.0
2025-09-12,BCPG.BK,8.399999618530273,8.399999618530273,8.199999809265137,8.25,7.982142925262451,5535100.0
2025-09-15,BCPG.BK,8.25,8.25,8.100000381469727,8.25,7.982142925262451,4741700.0
2025-09-16,BCPG.BK,8.25,8.449999809265137,8.100000381469727,8.399999618530273,8.127272605895996,7184100.0
2025-09-17,BCPG.BK,8.5,8.5,8.149999618530273,8.149999618530273,7.88538932800293,15049600.0
2025-09-18,BCPG.BK,8.199999809265137,8.25,8.100000381469727,8.199999809265137,7.933765888214111,5804000.0
2025-09-19,BCPG.BK,8.199999809265137,8.300000190734863,8.149999618530273,8.25,7.982142925262451,8676900.0
2025-09-22,BCPG.BK,8.25,8.25,8.149999618530273,8.199999809265137,7.933765888214111,4764100.0
2025-09-23,BCPG.BK,8.199999809265137,8.25,7.949999809265137,8.0,7.740259647369385,9049800.0
2025-09-24,BCPG.BK,7.949999809265137,8.149999618530273,7.949999809265137,8.100000381469727,7.837013244628906,6194500.0
2025-09-25,BCPG.BK,8.100000381469727,8.149999618530273,8.0,8.050000190734863,7.788636684417725,5445500.0
2025-09-26,BCPG.BK,8.100000381469727,8.449999809265137,8.100000381469727,8.399999618530273,8.127272605895996,12720800.0
2025-09-29,BCPG.BK,8.449999809265137,8.699999809265137,8.399999618530273,8.649999618530273,8.369154930114746,17530400.0
2025-09-30,BCPG.BK,8.649999618530273,8.699999809265137,8.399999618530273,8.449999809265137,8.17564868927002,9437600.0
2025-10-01,BCPG.BK,8.699999809265137,8.699999809265137,8.25,8.25,7.982142925262451,10205500.0
2025-10-02,BCPG.BK,8.25,8.550000190734863,8.25,8.449999809265137,8.17564868927002,7423300.0
2025-10-03,BCPG.BK,8.449999809265137,8.5,8.300000190734863,8.449999809265137,8.17564868927002,5973900.0
2025-10-06,BCPG.BK,8.449999809265137,8.550000190734863,8.350000381469727,8.350000381469727,8.078896522521973,3584600.0
2025-10-07,BCPG.BK,8.350000381469727,8.350000381469727,8.350000381469727,8.350000381469727,8.078896522521973,0.0
2025-10-08,BCPG.BK,8.600000381469727,9.0,8.5,9.0,8.707792282104492,20342000.0
2025-10-09,BCPG.BK,9.0,9.600000381469727,8.899999618530273,9.550000190734863,9.239934921264648,42712800.0
2025-10-10,BCPG.BK,9.350000381469727,9.449999809265137,9.25,9.300000190734863,8.998051643371582,14231000.0
2025-10-14,BCPG.BK,9.300000190734863,9.399999618530273,8.699999809265137,8.699999809265137,8.417531967163086,27161400.0
2025-10-15,BCPG.BK,8.75,8.899999618530273,8.550000190734863,8.75,8.465909004211426,21239200.0
2025-10-16,BCPG.BK,8.800000190734863,8.850000381469727,8.649999618530273,8.75,8.465909004211426,6723300.0
2025-10-17,BCPG.BK,8.699999809265137,9.300000190734863,8.699999809265137,8.850000381469727,8.562663078308105,31916100.0
2025-10-20,BCPG.BK,8.949999809265137,9.149999618530273,8.800000190734863,8.800000190734863,8.514286041259766,10975500.0
2025-10-21,BCPG.BK,8.899999618530273,8.949999809265137,8.550000190734863,8.850000381469727,8.562663078308105,17023900.0
2025-10-22,BCPG.BK,9.050000190734863,9.149999618530273,8.800000190734863,8.800000190734863,8.514286041259766,15444000.0
2025-10-24,BCPG.BK,8.899999618530273,8.949999809265137,8.600000381469727,8.600000381469727,8.320779800415039,12181400.0
2025-10-27,BCPG.BK,8.649999618530273,8.75,8.199999809265137,8.199999809265137,7.933765888214111,23292800.0
2025-10-28,BCPG.BK,8.199999809265137,8.350000381469727,8.100000381469727,8.25,7.982142925262451,14894200.0
2025-10-29,BCPG.BK,8.25,8.350000381469727,8.149999618530273,8.149999618530273,7.88538932800293,7695100.0
2025-10-30,BCPG.BK,8.149999618530273,8.350000381469727,8.100000381469727,8.300000190734863,8.030519485473633,8197500.0
2025-10-31,BCPG.BK,8.25,8.350000381469727,8.199999809265137,8.25,7.982142925262451,3334200.0
2025-11-03,BCPG.BK,8.25,8.399999618530273,8.149999618530273,8.300000190734863,8.030519485473633,5699500.0
2025-11-04,BCPG.BK,8.199999809265137,8.199999809265137,7.900000095367432,7.949999809265137,7.691882610321045,9471300.0
2025-11-05,BCPG.BK,7.800000190734863,7.900000095367432,7.599999904632568,7.75,7.498376369476318,10774600.0
2025-11-06,BCPG.BK,8.100000381469727,8.300000190734863,7.949999809265137,8.100000381469727,7.837013244628906,19826500.0
2025-11-07,BCPG.BK,8.050000190734863,8.25,7.800000190734863,7.849999904632568,7.595129489898682,9850000.0
2025-11-10,BCPG.BK,7.800000190734863,8.0,7.800000190734863,7.900000095367432,7.6435065269470215,4981600.0
2025-11-11,BCPG.BK,7.949999809265137,8.0,7.800000190734863,7.900000095367432,7.6435065269470215,4381100.0
2025-11-12,BCPG.BK,7.900000095367432,7.900000095367432,7.599999904632568,7.650000095367432,7.401623249053955,6414400.0
2025-11-13,BCPG.BK,7.650000095367432,7.75,7.550000190734863,7.650000095367432,7.401623249053955,5079200.0
2025-11-14,BCPG.BK,7.5,7.599999904632568,7.400000095367432,7.5,7.25649356842041,5470000.0
2025-11-17,BCPG.BK,7.5,7.650000095367432,7.449999809265137,7.550000190734863,7.304870128631592,4468200.0
2025-11-18,BCPG.BK,7.5,7.599999904632568,7.349999904632568,7.400000095367432,7.159740447998047,4170000.0
2025-11-19,BCPG.BK,7.449999809265137,7.5,7.300000190734863,7.349999904632568,7.111363410949707,3446900.0
2025-11-20,BCPG.BK,7.400000095367432,7.5,7.349999904632568,7.449999809265137,7.20811653137207,4776100.0
2025-11-21,BCPG.BK,7.349999904632568,7.400000095367432,7.199999809265137,7.300000190734863,7.062987327575684,6889100.0
2025-11-24,BCPG.BK,7.349999904632568,7.349999904632568,7.099999904632568,7.199999809265137,6.966233730316162,4966500.0
2025-11-25,BCPG.BK,7.25,7.400000095367432,7.25,7.300000190734863,7.062987327575684,2757300.0
2025-11-26,BCPG.BK,7.349999904632568,7.349999904632568,7.150000095367432,7.150000095367432,6.9178571701049805,2571900.0
2025-11-27,BCPG.BK,7.199999809265137,7.349999904632568,7.150000095367432,7.25,7.014610290527344,2581600.0
2025-11-28,BCPG.BK,7.25,7.349999904632568,7.0,7.150000095367432,6.9178571701049805,6648600.0
2025-12-01,BCPG.BK,7.099999904632568,7.199999809265137,6.949999809265137,7.150000095367432,6.9178571701049805,8524400.0
2025-12-02,BCPG.BK,7.199999809265137,7.349999904632568,6.699999809265137,6.800000190734863,6.579220771789551,26323800.0
2025-12-03,BCPG.BK,6.800000190734863,7.099999904632568,6.699999809265137,7.0,6.772727012634277,12053800.0
2025-12-04,BCPG.BK,6.949999809265137,7.050000190734863,6.849999904632568,6.900000095367432,6.675973892211914,5176700.0
2025-12-08,BCPG.BK,6.849999904632568,6.900000095367432,6.699999809265137,6.800000190734863,6.579220771789551,6276000.0
2025-12-09,BCPG.BK,6.800000190734863,6.949999809265137,6.800000190734863,6.900000095367432,6.675973892211914,5913300.0
2025-12-11,BCPG.BK,6.949999809265137,7.25,6.900000095367432,7.199999809265137,6.966233730316162,10224500.0
2025-12-12,BCPG.BK,7.099999904632568,7.199999809265137,7.050000190734863,7.099999904632568,6.869480133056641,6223800.0
2025-12-15,BCPG.BK,7.099999904632568,7.400000095367432,7.050000190734863,7.400000095367432,7.159740447998047,4999900.0
2025-12-16,BCPG.BK,7.349999904632568,7.349999904632568,7.199999809265137,7.300000190734863,7.062987327575684,3380300.0
2025-12-17,BCPG.BK,7.349999904632568,7.5,7.25,7.25,7.014610290527344,8275700.0
2025-12-18,BCPG.BK,7.349999904632568,7.449999809265137,6.5,6.599999904632568,6.385714054107666,29105700.0
2025-12-19,BCPG.BK,6.650000095367432,6.800000190734863,6.599999904632568,6.800000190734863,6.579220771789551,11652500.0
2025-12-22,BCPG.BK,6.849999904632568,6.949999809265137,6.75,6.800000190734863,6.579220771789551,5055900.0
2025-12-23,BCPG.BK,6.900000095367432,7.150000095367432,6.900000095367432,7.099999904632568,6.869480133056641,7953700.0
2025-12-24,BCPG.BK,7.050000190734863,7.099999904632568,6.900000095367432,7.050000190734863,6.821104049682617,4153900.0
2025-12-25,BCPG.BK,7.0,7.0,6.849999904632568,6.849999904632568,6.627597332000732,5074500.0
2025-12-26,BCPG.BK,6.849999904632568,6.900000095367432,6.650000095367432,6.75,6.530844211578369,5857100.0
2025-12-29,BCPG.BK,6.75,6.800000190734863,6.650000095367432,6.650000095367432,6.434091091156006,3134200.0
2025-12-30,BCPG.BK,6.699999809265137,6.75,6.599999904632568,6.75,6.530844211578369,4304000.0
2026-01-05,BCPG.BK,6.75,6.800000190734863,6.599999904632568,6.699999809265137,6.482467174530029,2651400.0
2026-01-06,BCPG.BK,6.699999809265137,6.900000095367432,6.699999809265137,6.75,6.530844211578369,4703200.0
2026-01-07,BCPG.BK,6.800000190734863,6.949999809265137,6.800000190734863,6.900000095367432,6.675973892211914,5515800.0
2026-01-08,BCPG.BK,6.849999904632568,6.949999809265137,6.800000190734863,6.800000190734863,6.579220771789551,3789300.0
2026-01-09,BCPG.BK,6.800000190734863,6.949999809265137,6.800000190734863,6.900000095367432,6.675973892211914,2942000.0
2026-01-12,BCPG.BK,6.949999809265137,6.949999809265137,6.75,6.75,6.530844211578369,2505200.0
2026-01-13,BCPG.BK,6.75,6.800000190734863,6.550000190734863,6.550000190734863,6.337337970733643,3965600.0
2026-01-14,BCPG.BK,6.550000190734863,6.699999809265137,6.550000190734863,6.699999809265137,6.482467174530029,2758400.0
2026-01-15,BCPG.BK,6.699999809265137,6.949999809265137,6.599999904632568,6.949999809265137,6.724350452423096,4254800.0
2026-01-16,BCPG.BK,6.949999809265137,7.150000095367432,6.800000190734863,7.099999904632568,6.869480133056641,8045900.0
2026-01-19,BCPG.BK,7.0,7.300000190734863,7.0,7.25,7.014610290527344,9193900.0
2026-01-20,BCPG.BK,7.25,7.400000095367432,7.199999809265137,7.199999809265137,6.966233730316162,6527600.0
2026-01-21,BCPG.BK,7.199999809265137,7.300000190734863,7.099999904632568,7.199999809265137,6.966233730316162,5013100.0
2026-01-22,BCPG.BK,7.199999809265137,7.300000190734863,7.050000190734863,7.150000095367432,6.9178571701049805,5018400.0
2026-01-23,BCPG.BK,7.199999809265137,7.25,6.900000095367432,6.949999809265137,6.724350452423096,4899200.0
2026-01-26,BCPG.BK,6.949999809265137,7.0,6.800000190734863,6.849999904632568,6.627597332000732,3676100.0
2026-01-27,BCPG.BK,6.800000190734863,7.050000190734863,6.800000190734863,6.949999809265137,6.724350452423096,3231600.0
2026-01-28,BCPG.BK,7.0,7.300000190734863,6.949999809265137,7.150000095367432,6.9178571701049805,8626200.0
2026-01-29,BCPG.BK,7.199999809265137,7.300000190734863,7.099999904632568,7.099999904632568,6.869480133056641,6244700.0
2026-01-30,BCPG.BK,7.150000095367432,7.25,7.050000190734863,7.099999904632568,6.869480133056641,7491500.0
2026-02-02,BCPG.BK,7.099999904632568,7.150000095367432,6.849999904632568,7.0,6.772727012634277,10064500.0
2026-02-03,BCPG.BK,7.050000190734863,7.449999809265137,7.050000190734863,7.400000095367432,7.159740447998047,16902400.0
2026-02-04,BCPG.BK,7.400000095367432,7.449999809265137,7.300000190734863,7.400000095367432,7.159740447998047,7484100.0
2026-02-05,BCPG.BK,7.400000095367432,7.699999809265137,7.400000095367432,7.599999904632568,7.353246688842773,15054400.0
2026-02-06,BCPG.BK,7.599999904632568,7.650000095367432,7.449999809265137,7.5,7.25649356842041,7206000.0
2026-02-09,BCPG.BK,7.650000095367432,7.800000190734863,7.449999809265137,7.75,7.498376369476318,18400400.0
2026-02-10,BCPG.BK,7.75,8.149999618530273,7.699999809265137,8.050000190734863,7.788636684417725,15145800.0
2026-02-11,BCPG.BK,8.050000190734863,8.300000190734863,8.050000190734863,8.149999618530273,7.88538932800293,12182600.0
2026-02-12,BCPG.BK,8.149999618530273,8.5,8.100000381469727,8.5,8.22402572631836,16284700.0
2026-02-13,BCPG.BK,8.399999618530273,8.699999809265137,7.949999809265137,7.949999809265137,7.691882610321045,41574600.0
2026-02-16,BCPG.BK,8.050000190734863,8.149999618530273,7.949999809265137,8.100000381469727,7.837013244628906,16658800.0
2026-02-17,BCPG.BK,8.050000190734863,8.399999618530273,7.949999809265137,8.399999618530273,8.127272605895996,20443800.0
2026-02-18,BCPG.BK,8.350000381469727,8.5,8.25,8.399999618530273,8.127272605895996,12106300.0
2026-02-19,BCPG.BK,8.449999809265137,8.5,8.350000381469727,8.449999809265137,8.17564868927002,10656900.0
2026-02-20,BCPG.BK,8.449999809265137,8.5,8.25,8.300000190734863,8.030519485473633,7866200.0
2026-02-23,BCPG.BK,8.350000381469727,8.5,8.149999618530273,8.300000190734863,8.030519485473633,10234400.0
2026-02-24,BCPG.BK,8.25,8.600000381469727,8.25,8.600000381469727,8.320779800415039,10958100.0
2026-02-25,BCPG.BK,8.600000381469727,8.649999618530273,8.350000381469727,8.399999618530273,8.127272605895996,12344900.0
2026-02-26,BCPG.BK,8.5,8.5,8.350000381469727,8.449999809265137,8.17564868927002,5654000.0
2026-02-27,BCPG.BK,8.449999809265137,8.5,8.0,8.100000381469727,7.837013244628906,33845500.0
2026-03-02,BCPG.BK,7.849999904632568,8.050000190734863,7.650000095367432,7.699999809265137,7.449999809265137,26215600.0
2026-03-04,BCPG.BK,7.25,7.449999809265137,6.599999904632568,7.099999904632568,7.099999904632568,26865700.0
2026-03-05,BCPG.BK,7.300000190734863,7.300000190734863,6.900000095367432,7.099999904632568,7.099999904632568,9132600.0
2026-03-06,BCPG.BK,7.050000190734863,7.099999904632568,6.949999809265137,7.099999904632568,7.099999904632568,5599300.0
2026-03-09,BCPG.BK,6.800000190734863,6.949999809265137,5.300000190734863,5.300000190734863,5.300000190734863,85032600.0
2026-03-10,BCPG.BK,6.400000095367432,6.849999904632568,6.400000095367432,6.699999809265137,6.699999809265137,63343000.0
2026-03-11,BCPG.BK,6.900000095367432,6.900000095367432,6.349999904632568,6.349999904632568,6.349999904632568,45803700.0
2026-03-12,BCPG.BK,6.400000095367432,6.5,6.150000095367432,6.449999809265137,6.449999809265137,33949400.0
2026-03-13,BCPG.BK,6.349999904632568,6.449999809265137,6.199999809265137,6.300000190734863,6.300000190734863,20054100.0
2026-03-16,BCPG.BK,6.300000190734863,6.300000190734863,6.150000095367432,6.25,6.25,16584200.0
2026-03-17,BCPG.BK,6.300000190734863,6.449999809265137,6.150000095367432,6.400000095367432,6.400000095367432,17386300.0
2026-03-18,BCPG.BK,6.400000095367432,6.550000190734863,6.300000190734863,6.349999904632568,6.349999904632568,14072200.0
2026-03-19,BCPG.BK,6.349999904632568,6.400000095367432,6.150000095367432,6.150000095367432,6.150000095367432,18208600.0
2026-03-20,BCPG.BK,6.25,6.599999904632568,6.25,6.550000190734863,6.550000190734863,20835900.0
2026-03-23,BCPG.BK,6.400000095367432,6.400000095367432,6.25,6.25,6.25,12930700.0
2026-03-24,BCPG.BK,6.349999904632568,6.400000095367432,6.150000095367432,6.300000190734863,6.300000190734863,12252000.0
2026-03-25,BCPG.BK,6.400000095367432,6.5,6.349999904632568,6.449999809265137,6.449999809265137,15916500.0
2026-03-26,BCPG.BK,6.400000095367432,6.5,6.25,6.449999809265137,6.449999809265137,13618000.0
2026-03-27,BCPG.BK,6.449999809265137,6.650000095367432,6.400000095367432,6.449999809265137,6.449999809265137,12312500.0
2026-03-30,BCPG.BK,6.349999904632568,6.900000095367432,6.349999904632568,6.800000190734863,6.800000190734863,29945000.0
2026-03-31,BCPG.BK,6.75,6.800000190734863,6.599999904632568,6.699999809265137,6.699999809265137,11927000.0
2026-04-01,BCPG.BK,6.849999904632568,6.849999904632568,6.699999809265137,6.75,6.75,14122900.0
2026-04-02,BCPG.BK,6.75,6.800000190734863,6.699999809265137,6.699999809265137,6.699999809265137,6668300.0
2026-04-03,BCPG.BK,6.75,6.800000190734863,6.550000190734863,6.650000095367432,6.650000095367432,10574200.0
2026-04-07,BCPG.BK,6.650000095367432,6.75,6.599999904632568,6.75,6.75,6111800.0
2026-04-08,BCPG.BK,6.849999904632568,6.949999809265137,6.75,6.849999904632568,6.849999904632568,17409600.0
2026-04-09,BCPG.BK,6.849999904632568,6.849999904632568,6.699999809265137,6.75,6.75,5562700.0
2026-04-10,BCPG.BK,6.800000190734863,6.849999904632568,6.699999809265137,6.75,6.75,5697000.0
