Date,Ticker,Open,High,Low,Close,Adj Close,Volume
2016-04-11,LH.BK,8.949999809265137,9.199999809265137,8.949999809265137,9.149999618530273,4.636716365814209,14725200.0
2016-04-12,LH.BK,9.199999809265137,9.25,9.050000190734863,9.149999618530273,4.636716365814209,14847700.0
2016-04-18,LH.BK,9.149999618530273,9.25,9.100000381469727,9.149999618530273,4.636716365814209,11363900.0
2016-04-19,LH.BK,9.149999618530273,9.25,9.0,9.149999618530273,4.636716365814209,27323000.0
2016-04-20,LH.BK,9.149999618530273,9.149999618530273,9.050000190734863,9.100000381469727,4.6113786697387695,9223100.0
2016-04-21,LH.BK,9.100000381469727,9.149999618530273,8.949999809265137,8.949999809265137,4.535367012023926,15439100.0
2016-04-22,LH.BK,9.0,9.100000381469727,8.949999809265137,8.949999809265137,4.535367012023926,9954300.0
2016-04-25,LH.BK,8.949999809265137,9.050000190734863,8.949999809265137,8.949999809265137,4.535367012023926,10581000.0
2016-04-26,LH.BK,8.949999809265137,9.100000381469727,8.949999809265137,9.0,4.560704708099365,12050600.0
2016-04-27,LH.BK,9.0,9.050000190734863,8.850000381469727,8.899999618530273,4.51002836227417,18496100.0
2016-04-28,LH.BK,8.949999809265137,9.0,8.649999618530273,8.75,4.434018135070801,27978100.0
2016-04-29,LH.BK,8.399999618530273,8.5,8.350000381469727,8.449999809265137,4.460411548614502,17055400.0
2016-05-03,LH.BK,8.449999809265137,8.699999809265137,8.399999618530273,8.5,4.486804485321045,18379200.0
2016-05-04,LH.BK,8.5,8.649999618530273,8.449999809265137,8.550000190734863,4.513197898864746,4981800.0
2016-05-09,LH.BK,8.550000190734863,8.75,8.449999809265137,8.649999618530273,4.565982818603516,13311900.0
2016-05-10,LH.BK,8.600000381469727,8.75,8.550000190734863,8.649999618530273,4.565982818603516,10576700.0
2016-05-11,LH.BK,8.649999618530273,8.699999809265137,8.399999618530273,8.449999809265137,4.460411548614502,14432500.0
2016-05-12,LH.BK,8.5,8.699999809265137,8.449999809265137,8.699999809265137,4.592376232147217,18135000.0
2016-05-13,LH.BK,8.75,8.75,8.399999618530273,8.5,4.486804485321045,19645000.0
2016-05-16,LH.BK,8.600000381469727,8.600000381469727,8.449999809265137,8.449999809265137,4.460411548614502,8887200.0
2016-05-17,LH.BK,8.5,8.550000190734863,8.399999618530273,8.449999809265137,4.460411548614502,12498800.0
2016-05-18,LH.BK,8.449999809265137,8.5,8.399999618530273,8.449999809265137,4.460411548614502,3507000.0
2016-05-19,LH.BK,8.449999809265137,8.5,8.350000381469727,8.399999618530273,4.434018135070801,8565000.0
2016-05-23,LH.BK,8.449999809265137,8.449999809265137,8.25,8.25,4.35483980178833,12868400.0
2016-05-24,LH.BK,8.25,8.449999809265137,8.25,8.350000381469727,4.407625198364258,8390600.0
2016-05-25,LH.BK,8.399999618530273,8.550000190734863,8.399999618530273,8.5,4.486804485321045,9120300.0
2016-05-26,LH.BK,8.449999809265137,8.550000190734863,8.449999809265137,8.5,4.486804485321045,13207300.0
2016-05-27,LH.BK,8.550000190734863,8.550000190734863,8.449999809265137,8.449999809265137,4.460411548614502,12779400.0
2016-05-30,LH.BK,8.5,8.600000381469727,8.5,8.550000190734863,4.513197898864746,22910400.0
2016-05-31,LH.BK,8.550000190734863,8.600000381469727,8.5,8.550000190734863,4.513197898864746,14735900.0
2016-06-01,LH.BK,8.600000381469727,8.649999618530273,8.550000190734863,8.600000381469727,4.539590835571289,8944500.0
2016-06-02,LH.BK,8.600000381469727,9.0,8.5,8.850000381469727,4.6715545654296875,39230500.0
2016-06-03,LH.BK,8.949999809265137,9.100000381469727,8.850000381469727,9.100000381469727,4.8035197257995605,38542400.0
2016-06-06,LH.BK,9.149999618530273,9.25,9.100000381469727,9.199999809265137,4.85630464553833,24403700.0
2016-06-07,LH.BK,9.100000381469727,9.149999618530273,8.949999809265137,9.050000190734863,4.777127265930176,23624200.0
2016-06-08,LH.BK,9.100000381469727,9.300000190734863,8.949999809265137,9.199999809265137,4.85630464553833,31906900.0
2016-06-09,LH.BK,9.199999809265137,9.25,9.050000190734863,9.149999618530273,4.8299126625061035,22164500.0
2016-06-10,LH.BK,9.100000381469727,9.149999618530273,9.0,9.050000190734863,4.777127265930176,12860200.0
2016-06-13,LH.BK,9.0,9.050000190734863,8.850000381469727,9.0,4.750734329223633,14071700.0
2016-06-14,LH.BK,9.050000190734863,9.050000190734863,8.899999618530273,8.899999618530273,4.697947025299072,9680000.0
2016-06-15,LH.BK,8.899999618530273,9.050000190734863,8.850000381469727,9.0,4.750734329223633,10226300.0
2016-06-16,LH.BK,8.899999618530273,8.949999809265137,8.800000190734863,8.850000381469727,4.6715545654296875,14101900.0
2016-06-17,LH.BK,8.949999809265137,9.0,8.800000190734863,8.850000381469727,4.6715545654296875,21344100.0
2016-06-20,LH.BK,8.850000381469727,9.100000381469727,8.850000381469727,9.0,4.750734329223633,16045200.0
2016-06-21,LH.BK,9.0,9.100000381469727,8.949999809265137,9.0,4.750734329223633,10526900.0
2016-06-22,LH.BK,9.100000381469727,9.100000381469727,8.949999809265137,9.0,4.750734329223633,17101400.0
2016-06-23,LH.BK,9.0,9.050000190734863,8.899999618530273,9.0,4.750734329223633,11846400.0
2016-06-24,LH.BK,8.75,8.949999809265137,8.649999618530273,8.949999809265137,4.724340438842773,28829900.0
2016-06-27,LH.BK,8.949999809265137,9.100000381469727,8.899999618530273,9.050000190734863,4.777127265930176,19523200.0
2016-06-28,LH.BK,9.050000190734863,9.100000381469727,9.0,9.050000190734863,4.777127265930176,8618800.0
2016-06-29,LH.BK,9.100000381469727,9.149999618530273,9.050000190734863,9.050000190734863,4.777127265930176,17118400.0
2016-06-30,LH.BK,9.100000381469727,9.149999618530273,9.050000190734863,9.050000190734863,4.777127265930176,16646300.0
2016-07-04,LH.BK,9.050000190734863,9.100000381469727,8.850000381469727,9.0,4.750734329223633,20817900.0
2016-07-05,LH.BK,9.0,9.0,8.850000381469727,8.899999618530273,4.697947025299072,13950400.0
2016-07-06,LH.BK,8.850000381469727,8.949999809265137,8.800000190734863,8.949999809265137,4.724340438842773,18548400.0
2016-07-07,LH.BK,8.899999618530273,9.050000190734863,8.850000381469727,9.0,4.750734329223633,35083900.0
2016-07-08,LH.BK,9.0,9.100000381469727,8.949999809265137,8.949999809265137,4.724340438842773,7988200.0
2016-07-11,LH.BK,9.100000381469727,9.350000381469727,9.050000190734863,9.199999809265137,4.85630464553833,44752700.0
2016-07-12,LH.BK,9.300000190734863,9.949999809265137,9.25,9.800000190734863,5.1730217933654785,61535300.0
2016-07-13,LH.BK,9.899999618530273,10.100000381469727,9.600000381469727,9.649999618530273,5.093841552734375,93297000.0
2016-07-14,LH.BK,9.699999809265137,9.75,9.449999809265137,9.5,5.0146636962890625,54853300.0
2016-07-15,LH.BK,9.5,9.550000190734863,9.399999618530273,9.449999809265137,4.988270282745361,61038400.0
2016-07-20,LH.BK,9.5,9.699999809265137,9.5,9.5,5.0146636962890625,46323800.0
2016-07-21,LH.BK,9.550000190734863,9.649999618530273,9.300000190734863,9.300000190734863,4.909091472625732,44111200.0
2016-07-22,LH.BK,9.300000190734863,9.600000381469727,9.300000190734863,9.600000381469727,5.067450523376465,21967100.0
2016-07-25,LH.BK,9.600000381469727,9.75,9.600000381469727,9.649999618530273,5.093841552734375,72784000.0
2016-07-26,LH.BK,9.699999809265137,9.75,9.550000190734863,9.649999618530273,5.093841552734375,30718500.0
2016-07-27,LH.BK,9.75,9.850000381469727,9.600000381469727,9.800000190734863,5.1730217933654785,55045600.0
2016-07-28,LH.BK,9.850000381469727,10.100000381469727,9.800000190734863,10.100000381469727,5.3313798904418945,54310800.0
2016-07-29,LH.BK,10.199999809265137,10.399999618530273,10.0,10.199999809265137,5.384164810180664,45193900.0
2016-08-01,LH.BK,10.300000190734863,10.300000190734863,9.850000381469727,9.949999809265137,5.252198696136475,30277900.0
2016-08-02,LH.BK,9.850000381469727,10.100000381469727,9.699999809265137,9.800000190734863,5.1730217933654785,21209700.0
2016-08-03,LH.BK,9.800000190734863,10.0,9.600000381469727,10.0,5.27859354019165,25293000.0
2016-08-04,LH.BK,9.949999809265137,9.949999809265137,9.699999809265137,9.699999809265137,5.120234966278076,35935700.0
2016-08-05,LH.BK,9.800000190734863,9.850000381469727,9.699999809265137,9.800000190734863,5.1730217933654785,28658600.0
2016-08-08,LH.BK,10.0,10.300000190734863,9.949999809265137,10.300000190734863,5.436951160430908,65844200.0
2016-08-09,LH.BK,10.300000190734863,10.300000190734863,10.0,10.0,5.27859354019165,32987600.0
2016-08-10,LH.BK,10.0,10.300000190734863,9.899999618530273,10.300000190734863,5.436951160430908,33706700.0
2016-08-11,LH.BK,10.199999809265137,10.300000190734863,9.949999809265137,10.100000381469727,5.3313798904418945,50634900.0
2016-08-15,LH.BK,10.100000381469727,10.300000190734863,9.949999809265137,10.100000381469727,5.3313798904418945,75430600.0
2016-08-16,LH.BK,10.100000381469727,10.100000381469727,9.800000190734863,9.850000381469727,5.199413776397705,50454100.0
2016-08-17,LH.BK,9.800000190734863,9.899999618530273,9.75,9.75,5.1466288566589355,33557400.0
2016-08-18,LH.BK,9.850000381469727,10.0,9.800000190734863,9.949999809265137,5.252198696136475,29514800.0
2016-08-19,LH.BK,9.949999809265137,10.0,9.850000381469727,9.949999809265137,5.252198696136475,38550700.0
2016-08-22,LH.BK,9.949999809265137,10.100000381469727,9.899999618530273,9.949999809265137,5.252198696136475,20414700.0
2016-08-23,LH.BK,9.949999809265137,10.100000381469727,9.899999618530273,10.0,5.27859354019165,55310500.0
2016-08-24,LH.BK,9.699999809265137,9.800000190734863,9.649999618530273,9.800000190734863,5.360645294189453,47190200.0
2016-08-25,LH.BK,9.800000190734863,9.899999618530273,9.649999618530273,9.800000190734863,5.360645294189453,63309100.0
2016-08-26,LH.BK,9.800000190734863,9.800000190734863,9.649999618530273,9.699999809265137,5.305943012237549,34664900.0
2016-08-29,LH.BK,9.699999809265137,9.75,9.399999618530273,9.449999809265137,5.169192790985107,55557400.0
2016-08-30,LH.BK,9.5,9.550000190734863,9.449999809265137,9.550000190734863,5.223891735076904,30342800.0
2016-08-31,LH.BK,9.5,9.550000190734863,9.399999618530273,9.5,5.196542263031006,23088600.0
2016-09-01,LH.BK,9.449999809265137,9.5,9.350000381469727,9.449999809265137,5.169192790985107,27095900.0
2016-09-02,LH.BK,9.5,9.550000190734863,9.300000190734863,9.399999618530273,5.141842842102051,43991000.0
2016-09-05,LH.BK,9.449999809265137,9.449999809265137,9.199999809265137,9.25,5.05979061126709,39880700.0
2016-09-06,LH.BK,9.25,9.300000190734863,9.100000381469727,9.149999618530273,5.005091190338135,23087200.0
2016-09-07,LH.BK,9.149999618530273,9.350000381469727,9.149999618530273,9.149999618530273,5.005091190338135,57129100.0
2016-09-08,LH.BK,9.149999618530273,9.149999618530273,8.75,8.949999809265137,4.895690441131592,50350200.0
2016-09-09,LH.BK,8.949999809265137,9.0,8.75,8.850000381469727,4.8409905433654785,31336600.0
2016-09-12,LH.BK,8.699999809265137,8.699999809265137,8.5,8.600000381469727,4.7042388916015625,33027300.0
2016-09-13,LH.BK,8.75,8.850000381469727,8.699999809265137,8.800000190734863,4.813640117645264,29692200.0
2016-09-14,LH.BK,8.800000190734863,9.0,8.800000190734863,8.899999618530273,4.868339538574219,30591000.0
2016-09-15,LH.BK,9.0,9.0,8.800000190734863,8.899999618530273,4.868339538574219,18219500.0
2016-09-16,LH.BK,9.0,9.100000381469727,8.899999618530273,9.100000381469727,4.97774076461792,73194100.0
2016-09-19,LH.BK,9.100000381469727,9.149999618530273,9.050000190734863,9.100000381469727,4.97774076461792,10708300.0
2016-09-20,LH.BK,9.100000381469727,9.100000381469727,9.0,9.100000381469727,4.97774076461792,17991500.0
2016-09-21,LH.BK,9.199999809265137,9.449999809265137,9.100000381469727,9.199999809265137,5.032440662384033,33711200.0
2016-09-22,LH.BK,9.350000381469727,9.449999809265137,9.300000190734863,9.399999618530273,5.141842842102051,28515400.0
2016-09-23,LH.BK,9.399999618530273,9.449999809265137,9.199999809265137,9.350000381469727,5.114491939544678,30702700.0
2016-09-26,LH.BK,9.199999809265137,9.25,9.149999618530273,9.25,5.05979061126709,10717600.0
2016-09-27,LH.BK,9.25,9.350000381469727,9.25,9.350000381469727,5.114491939544678,7982200.0
2016-09-28,LH.BK,9.300000190734863,9.350000381469727,9.199999809265137,9.300000190734863,5.087141990661621,6482000.0
2016-09-29,LH.BK,9.350000381469727,9.399999618530273,9.100000381469727,9.199999809265137,5.032440662384033,19541700.0
2016-09-30,LH.BK,9.100000381469727,9.199999809265137,8.949999809265137,8.949999809265137,4.895690441131592,24590100.0
2016-10-03,LH.BK,9.0,9.149999618530273,9.0,9.050000190734863,4.950390815734863,24279600.0
2016-10-04,LH.BK,9.050000190734863,9.399999618530273,9.050000190734863,9.399999618530273,5.141842842102051,29606400.0
2016-10-05,LH.BK,9.350000381469727,9.399999618530273,9.199999809265137,9.25,5.05979061126709,21403200.0
2016-10-06,LH.BK,9.300000190734863,9.399999618530273,9.25,9.25,5.05979061126709,12364900.0
2016-10-07,LH.BK,9.300000190734863,9.399999618530273,9.149999618530273,9.25,5.05979061126709,12838400.0
2016-10-10,LH.BK,8.949999809265137,9.100000381469727,8.899999618530273,9.0,4.923040390014648,40486600.0
2016-10-11,LH.BK,9.0,9.050000190734863,8.75,8.949999809265137,4.895690441131592,36170700.0
2016-10-12,LH.BK,8.800000190734863,8.850000381469727,7.599999904632568,8.550000190734863,4.676888465881348,93547200.0
2016-10-13,LH.BK,8.399999618530273,8.600000381469727,8.100000381469727,8.600000381469727,4.7042388916015625,63658900.0
2016-10-14,LH.BK,9.100000381469727,9.300000190734863,8.949999809265137,9.0,4.923040390014648,54848100.0
2016-10-17,LH.BK,9.0,9.149999618530273,8.949999809265137,9.100000381469727,4.97774076461792,15128500.0
2016-10-18,LH.BK,9.149999618530273,9.350000381469727,9.100000381469727,9.25,5.05979061126709,38078100.0
2016-10-19,LH.BK,9.149999618530273,9.300000190734863,9.149999618530273,9.25,5.05979061126709,19169300.0
2016-10-20,LH.BK,9.300000190734863,9.399999618530273,9.199999809265137,9.300000190734863,5.087141990661621,21373100.0
2016-10-21,LH.BK,9.300000190734863,9.300000190734863,9.199999809265137,9.25,5.05979061126709,10078100.0
2016-10-25,LH.BK,9.300000190734863,9.350000381469727,9.199999809265137,9.350000381469727,5.114491939544678,13559300.0
2016-10-26,LH.BK,9.300000190734863,9.350000381469727,9.25,9.300000190734863,5.087141990661621,9534600.0
2016-10-27,LH.BK,9.300000190734863,9.350000381469727,9.25,9.300000190734863,5.087141990661621,14385500.0
2016-10-28,LH.BK,9.300000190734863,9.300000190734863,9.149999618530273,9.199999809265137,5.032440662384033,9816400.0
2016-10-31,LH.BK,9.149999618530273,9.25,9.100000381469727,9.199999809265137,5.032440662384033,8714000.0
2016-11-01,LH.BK,9.199999809265137,9.25,9.100000381469727,9.149999618530273,5.005091190338135,7915700.0
2016-11-02,LH.BK,9.100000381469727,9.149999618530273,9.0,9.100000381469727,4.97774076461792,13644800.0
2016-11-03,LH.BK,9.050000190734863,9.25,9.050000190734863,9.199999809265137,5.032440662384033,5868700.0
2016-11-04,LH.BK,9.149999618530273,9.199999809265137,9.050000190734863,9.050000190734863,4.950390815734863,8449700.0
2016-11-07,LH.BK,9.050000190734863,9.149999618530273,9.050000190734863,9.149999618530273,5.005091190338135,5321100.0
2016-11-08,LH.BK,9.149999618530273,9.199999809265137,9.100000381469727,9.100000381469727,4.97774076461792,7110000.0
2016-11-09,LH.BK,9.0,9.199999809265137,8.949999809265137,9.199999809265137,5.032440662384033,15000900.0
2016-11-10,LH.BK,9.149999618530273,9.149999618530273,8.949999809265137,9.050000190734863,4.950390815734863,22137700.0
2016-11-11,LH.BK,9.050000190734863,9.149999618530273,8.949999809265137,9.0,4.923040390014648,21706400.0
2016-11-14,LH.BK,8.899999618530273,9.050000190734863,8.899999618530273,8.949999809265137,4.895690441131592,12131100.0
2016-11-15,LH.BK,8.949999809265137,9.0,8.800000190734863,8.899999618530273,4.868339538574219,19860600.0
2016-11-16,LH.BK,8.899999618530273,8.949999809265137,8.800000190734863,8.850000381469727,4.8409905433654785,9122700.0
2016-11-17,LH.BK,8.899999618530273,8.949999809265137,8.649999618530273,8.699999809265137,4.758938312530518,24394800.0
2016-11-18,LH.BK,8.75,8.75,8.649999618530273,8.75,4.786289215087891,13315700.0
2016-11-21,LH.BK,8.75,8.850000381469727,8.75,8.800000190734863,4.813640117645264,7222400.0
2016-11-22,LH.BK,8.850000381469727,8.899999618530273,8.699999809265137,8.75,4.786289215087891,11502900.0
2016-11-23,LH.BK,8.75,8.949999809265137,8.75,8.949999809265137,4.895690441131592,15948300.0
2016-11-24,LH.BK,8.949999809265137,9.050000190734863,8.899999618530273,8.949999809265137,4.895690441131592,13635100.0
2016-11-25,LH.BK,9.0,9.050000190734863,8.949999809265137,9.050000190734863,4.950390815734863,5147200.0
2016-11-28,LH.BK,9.050000190734863,9.100000381469727,9.0,9.050000190734863,4.950390815734863,6855000.0
2016-11-29,LH.BK,9.100000381469727,9.199999809265137,9.050000190734863,9.149999618530273,5.005091190338135,13392400.0
2016-11-30,LH.BK,9.199999809265137,9.399999618530273,9.050000190734863,9.300000190734863,5.087141990661621,34640700.0
2016-12-01,LH.BK,9.300000190734863,9.350000381469727,9.100000381469727,9.199999809265137,5.032440662384033,14850600.0
2016-12-02,LH.BK,9.100000381469727,9.149999618530273,9.0,9.050000190734863,4.950390815734863,7622700.0
2016-12-06,LH.BK,9.050000190734863,9.149999618530273,9.0,9.050000190734863,4.950390815734863,12046900.0
2016-12-07,LH.BK,9.0,9.100000381469727,9.0,9.0,4.923040390014648,10529000.0
2016-12-08,LH.BK,9.0,9.199999809265137,9.0,9.149999618530273,5.005091190338135,19567200.0
2016-12-09,LH.BK,9.149999618530273,9.199999809265137,9.050000190734863,9.149999618530273,5.005091190338135,10082800.0
2016-12-13,LH.BK,9.149999618530273,9.199999809265137,9.050000190734863,9.149999618530273,5.005091190338135,7676400.0
2016-12-14,LH.BK,9.199999809265137,9.300000190734863,9.149999618530273,9.25,5.05979061126709,16770600.0
2016-12-15,LH.BK,9.199999809265137,9.25,9.050000190734863,9.100000381469727,4.97774076461792,11549900.0
2016-12-16,LH.BK,9.149999618530273,9.199999809265137,9.149999618530273,9.199999809265137,5.032440662384033,9157100.0
2016-12-19,LH.BK,9.199999809265137,9.300000190734863,9.149999618530273,9.149999618530273,5.005091190338135,21905300.0
2016-12-20,LH.BK,9.199999809265137,9.350000381469727,9.149999618530273,9.25,5.05979061126709,21611800.0
2016-12-21,LH.BK,9.300000190734863,9.350000381469727,9.199999809265137,9.25,5.05979061126709,8717800.0
2016-12-22,LH.BK,9.300000190734863,9.300000190734863,9.199999809265137,9.25,5.05979061126709,5939200.0
2016-12-23,LH.BK,9.25,9.550000190734863,9.199999809265137,9.449999809265137,5.169192790985107,24638900.0
2016-12-26,LH.BK,9.5,9.600000381469727,9.399999618530273,9.449999809265137,5.169192790985107,12005300.0
2016-12-27,LH.BK,9.449999809265137,9.800000190734863,9.449999809265137,9.75,5.33329439163208,35212800.0
2016-12-28,LH.BK,9.75,9.949999809265137,9.75,9.850000381469727,5.387993335723877,46625100.0
2016-12-29,LH.BK,9.850000381469727,10.0,9.649999618530273,9.899999618530273,5.415343761444092,29027300.0
2016-12-30,LH.BK,9.899999618530273,9.899999618530273,9.649999618530273,9.800000190734863,5.360645294189453,23823000.0
2017-01-04,LH.BK,9.699999809265137,9.850000381469727,9.699999809265137,9.699999809265137,5.305943012237549,18656100.0
2017-01-05,LH.BK,9.800000190734863,9.949999809265137,9.800000190734863,9.850000381469727,5.387993335723877,32953100.0
2017-01-06,LH.BK,9.800000190734863,9.949999809265137,9.699999809265137,9.850000381469727,5.387993335723877,29494500.0
2017-01-09,LH.BK,9.850000381469727,9.899999618530273,9.699999809265137,9.75,5.33329439163208,20993000.0
2017-01-10,LH.BK,9.699999809265137,10.100000381469727,9.699999809265137,10.100000381469727,5.524745941162109,34947100.0
2017-01-11,LH.BK,10.0,10.300000190734863,9.949999809265137,10.199999809265137,5.579444885253906,29574600.0
2017-01-12,LH.BK,10.199999809265137,10.199999809265137,9.949999809265137,10.0,5.47004508972168,13774500.0
2017-01-16,LH.BK,10.100000381469727,10.100000381469727,9.850000381469727,9.850000381469727,5.387993335723877,16191700.0
2017-01-17,LH.BK,9.850000381469727,10.0,9.800000190734863,9.850000381469727,5.387993335723877,12358300.0
2017-01-18,LH.BK,9.850000381469727,9.850000381469727,9.550000190734863,9.600000381469727,5.251243591308594,40725800.0
2017-01-19,LH.BK,9.600000381469727,9.600000381469727,9.350000381469727,9.5,5.196542263031006,34913100.0
2017-01-20,LH.BK,9.5,9.600000381469727,9.449999809265137,9.550000190734863,5.223891735076904,21961600.0
2017-01-23,LH.BK,9.550000190734863,9.850000381469727,9.550000190734863,9.800000190734863,5.360645294189453,36696000.0
2017-01-24,LH.BK,9.800000190734863,9.850000381469727,9.699999809265137,9.75,5.33329439163208,8671400.0
2017-01-25,LH.BK,9.75,10.0,9.75,9.949999809265137,5.442694187164307,35414100.0
2017-01-26,LH.BK,9.949999809265137,10.100000381469727,9.800000190734863,10.0,5.47004508972168,24230000.0
2017-01-27,LH.BK,9.899999618530273,9.949999809265137,9.75,9.800000190734863,5.360645294189453,18881500.0
2017-01-30,LH.BK,9.800000190734863,9.899999618530273,9.75,9.800000190734863,5.360645294189453,8212400.0
2017-01-31,LH.BK,9.800000190734863,9.800000190734863,9.699999809265137,9.699999809265137,5.305943012237549,7828400.0
2017-02-01,LH.BK,9.649999618530273,9.899999618530273,9.649999618530273,9.850000381469727,5.387993335723877,9555800.0
2017-02-02,LH.BK,9.800000190734863,9.899999618530273,9.75,9.75,5.33329439163208,10304000.0
2017-02-03,LH.BK,9.75,9.949999809265137,9.699999809265137,9.899999618530273,5.415343761444092,30533500.0
2017-02-06,LH.BK,9.899999618530273,9.949999809265137,9.800000190734863,9.949999809265137,5.442694187164307,10553900.0
2017-02-07,LH.BK,9.899999618530273,9.949999809265137,9.800000190734863,9.850000381469727,5.387993335723877,12642000.0
2017-02-08,LH.BK,9.850000381469727,10.0,9.75,9.800000190734863,5.360645294189453,21929800.0
2017-02-09,LH.BK,9.800000190734863,10.0,9.800000190734863,9.949999809265137,5.442694187164307,16411200.0
2017-02-10,LH.BK,9.949999809265137,10.0,9.800000190734863,9.800000190734863,5.360645294189453,20929300.0
2017-02-14,LH.BK,9.800000190734863,9.850000381469727,9.75,9.800000190734863,5.360645294189453,11634900.0
2017-02-15,LH.BK,9.800000190734863,9.850000381469727,9.649999618530273,9.649999618530273,5.278593063354492,21471500.0
2017-02-16,LH.BK,9.649999618530273,9.899999618530273,9.649999618530273,9.899999618530273,5.415343761444092,16149400.0
2017-02-17,LH.BK,9.850000381469727,9.899999618530273,9.800000190734863,9.850000381469727,5.387993335723877,8449600.0
2017-02-20,LH.BK,9.850000381469727,9.899999618530273,9.800000190734863,9.850000381469727,5.387993335723877,4839300.0
2017-02-21,LH.BK,9.850000381469727,9.899999618530273,9.75,9.75,5.33329439163208,13028600.0
2017-02-22,LH.BK,9.75,9.800000190734863,9.550000190734863,9.600000381469727,5.251243591308594,22890100.0
2017-02-23,LH.BK,9.600000381469727,9.649999618530273,9.5,9.600000381469727,5.251243591308594,18391700.0
2017-02-24,LH.BK,9.600000381469727,9.649999618530273,9.5,9.550000190734863,5.223891735076904,13681000.0
2017-02-27,LH.BK,9.5,9.649999618530273,9.5,9.600000381469727,5.251243591308594,8111900.0
2017-02-28,LH.BK,9.600000381469727,9.850000381469727,9.550000190734863,9.800000190734863,5.360645294189453,20708800.0
2017-03-01,LH.BK,9.800000190734863,9.800000190734863,9.699999809265137,9.800000190734863,5.360645294189453,5826600.0
2017-03-02,LH.BK,9.800000190734863,9.850000381469727,9.75,9.850000381469727,5.387993335723877,9927000.0
2017-03-03,LH.BK,9.850000381469727,9.899999618530273,9.800000190734863,9.850000381469727,5.387993335723877,11421400.0
2017-03-06,LH.BK,9.75,9.800000190734863,9.600000381469727,9.75,5.33329439163208,19628600.0
2017-03-07,LH.BK,9.75,9.800000190734863,9.699999809265137,9.699999809265137,5.305943012237549,6140600.0
2017-03-08,LH.BK,9.699999809265137,9.75,9.600000381469727,9.699999809265137,5.305943012237549,13558900.0
2017-03-09,LH.BK,9.75,9.899999618530273,9.699999809265137,9.899999618530273,5.415343761444092,9524700.0
2017-03-10,LH.BK,9.899999618530273,9.899999618530273,9.649999618530273,9.800000190734863,5.360645294189453,20129200.0
2017-03-13,LH.BK,9.850000381469727,9.850000381469727,9.75,9.800000190734863,5.360645294189453,7101700.0
2017-03-14,LH.BK,9.699999809265137,9.75,9.649999618530273,9.75,5.33329439163208,10294000.0
2017-03-15,LH.BK,9.699999809265137,9.75,9.550000190734863,9.699999809265137,5.305943012237549,52144000.0
2017-03-16,LH.BK,9.649999618530273,9.75,9.5,9.699999809265137,5.305943012237549,31241300.0
2017-03-17,LH.BK,9.649999618530273,9.699999809265137,9.550000190734863,9.649999618530273,5.278593063354492,17327200.0
2017-03-20,LH.BK,9.649999618530273,9.75,9.600000381469727,9.699999809265137,5.305943012237549,19278500.0
2017-03-21,LH.BK,9.649999618530273,9.75,9.600000381469727,9.75,5.33329439163208,19008500.0
2017-03-22,LH.BK,9.649999618530273,9.699999809265137,9.600000381469727,9.649999618530273,5.278593063354492,12225600.0
2017-03-23,LH.BK,9.649999618530273,9.699999809265137,9.600000381469727,9.649999618530273,5.278593063354492,10493100.0
2017-03-24,LH.BK,9.600000381469727,9.699999809265137,9.5,9.699999809265137,5.305943012237549,23704500.0
2017-03-27,LH.BK,9.699999809265137,9.75,9.600000381469727,9.699999809265137,5.305943012237549,8494600.0
2017-03-28,LH.BK,9.699999809265137,9.75,9.600000381469727,9.699999809265137,5.305943012237549,15051700.0
2017-03-29,LH.BK,9.699999809265137,9.75,9.550000190734863,9.600000381469727,5.251243591308594,17637800.0
2017-03-30,LH.BK,9.649999618530273,9.699999809265137,9.550000190734863,9.699999809265137,5.305943012237549,23155400.0
2017-03-31,LH.BK,9.649999618530273,9.75,9.649999618530273,9.75,5.33329439163208,10271300.0
2017-04-03,LH.BK,9.699999809265137,9.850000381469727,9.699999809265137,9.800000190734863,5.360645294189453,23062300.0
2017-04-04,LH.BK,9.850000381469727,9.899999618530273,9.75,9.850000381469727,5.387993335723877,12114600.0
2017-04-05,LH.BK,9.850000381469727,9.899999618530273,9.75,9.800000190734863,5.360645294189453,11454100.0
2017-04-07,LH.BK,9.75,9.800000190734863,9.699999809265137,9.699999809265137,5.305943012237549,13515900.0
2017-04-10,LH.BK,9.699999809265137,9.899999618530273,9.699999809265137,9.800000190734863,5.360645294189453,20088100.0
2017-04-11,LH.BK,9.75,9.850000381469727,9.75,9.800000190734863,5.360645294189453,7718800.0
2017-04-12,LH.BK,9.850000381469727,9.899999618530273,9.75,9.850000381469727,5.387993335723877,25165000.0
2017-04-17,LH.BK,9.800000190734863,9.850000381469727,9.75,9.850000381469727,5.387993335723877,8559100.0
2017-04-18,LH.BK,9.800000190734863,10.0,9.800000190734863,9.949999809265137,5.442694187164307,23240700.0
2017-04-19,LH.BK,9.949999809265137,10.0,9.850000381469727,10.0,5.47004508972168,36016300.0
2017-04-20,LH.BK,10.0,10.100000381469727,9.949999809265137,10.100000381469727,5.524745941162109,20895300.0
2017-04-21,LH.BK,10.100000381469727,10.100000381469727,9.899999618530273,9.949999809265137,5.442694187164307,21343600.0
2017-04-24,LH.BK,10.0,10.199999809265137,9.949999809265137,10.100000381469727,5.524745941162109,21866800.0
2017-04-25,LH.BK,10.100000381469727,10.100000381469727,9.899999618530273,10.0,5.47004508972168,21437300.0
2017-04-26,LH.BK,10.0,10.100000381469727,9.949999809265137,10.0,5.47004508972168,9269900.0
2017-04-27,LH.BK,10.0,10.199999809265137,10.0,10.199999809265137,5.579444885253906,13782600.0
2017-04-28,LH.BK,10.100000381469727,10.300000190734863,10.100000381469727,10.300000190734863,5.634145736694336,25483800.0
2017-05-02,LH.BK,10.300000190734863,10.399999618530273,10.199999809265137,10.199999809265137,5.579444885253906,23491100.0
2017-05-03,LH.BK,10.199999809265137,10.300000190734863,9.949999809265137,10.0,5.47004508972168,23713500.0
2017-05-04,LH.BK,10.0,10.199999809265137,9.949999809265137,10.100000381469727,5.524745941162109,28492300.0
2017-05-08,LH.BK,9.850000381469727,10.100000381469727,9.850000381469727,9.850000381469727,5.552932262420654,7543500.0
2017-05-09,LH.BK,9.899999618530273,10.199999809265137,9.899999618530273,10.199999809265137,5.750244617462158,29782100.0
2017-05-11,LH.BK,10.100000381469727,10.199999809265137,9.850000381469727,9.899999618530273,5.581120014190674,29145000.0
2017-05-12,LH.BK,9.899999618530273,10.100000381469727,9.850000381469727,10.0,5.637495040893555,20405200.0
2017-05-15,LH.BK,9.699999809265137,9.699999809265137,9.699999809265137,9.699999809265137,5.468369960784912,5000900.0
2017-05-16,LH.BK,9.649999618530273,9.949999809265137,9.649999618530273,9.850000381469727,5.552932262420654,18578500.0
2017-05-17,LH.BK,9.899999618530273,9.949999809265137,9.850000381469727,9.949999809265137,5.609307289123535,22563000.0
2017-05-18,LH.BK,9.649999618530273,9.699999809265137,9.449999809265137,9.550000190734863,5.383807182312012,76066300.0
2017-05-19,LH.BK,9.5,9.600000381469727,9.350000381469727,9.5,5.355620384216309,69806100.0
2017-05-22,LH.BK,9.5,9.800000190734863,9.449999809265137,9.699999809265137,5.468369960784912,57854600.0
2017-05-23,LH.BK,9.699999809265137,9.75,9.550000190734863,9.600000381469727,5.411995887756348,21407600.0
2017-05-24,LH.BK,9.600000381469727,9.699999809265137,9.550000190734863,9.600000381469727,5.411995887756348,15736600.0
2017-05-25,LH.BK,9.600000381469727,9.699999809265137,9.600000381469727,9.649999618530273,5.440182209014893,7179300.0
2017-05-26,LH.BK,9.699999809265137,9.75,9.600000381469727,9.649999618530273,5.440182209014893,16323300.0
2017-05-29,LH.BK,9.649999618530273,9.800000190734863,9.600000381469727,9.699999809265137,5.468369960784912,13501100.0
2017-05-30,LH.BK,9.800000190734863,9.800000190734863,9.699999809265137,9.699999809265137,5.468369960784912,9775100.0
2017-05-31,LH.BK,9.75,9.75,9.550000190734863,9.550000190734863,5.383807182312012,22720500.0
2017-06-01,LH.BK,9.600000381469727,9.800000190734863,9.600000381469727,9.699999809265137,5.468369960784912,15457900.0
2017-06-02,LH.BK,9.75,9.899999618530273,9.699999809265137,9.800000190734863,5.524746417999268,15722200.0
2017-06-05,LH.BK,9.850000381469727,10.100000381469727,9.850000381469727,10.0,5.637495040893555,31042400.0
2017-06-06,LH.BK,10.0,10.100000381469727,9.899999618530273,9.949999809265137,5.609307289123535,10496900.0
2017-06-07,LH.BK,9.949999809265137,10.0,9.850000381469727,9.949999809265137,5.609307289123535,9724900.0
2017-06-08,LH.BK,9.949999809265137,10.100000381469727,9.850000381469727,9.899999618530273,5.581120014190674,15827700.0
2017-06-09,LH.BK,9.899999618530273,9.949999809265137,9.850000381469727,9.899999618530273,5.581120014190674,9474300.0
2017-06-12,LH.BK,9.899999618530273,10.100000381469727,9.850000381469727,9.949999809265137,5.609307289123535,14823000.0
2017-06-13,LH.BK,9.899999618530273,10.0,9.899999618530273,9.899999618530273,5.581120014190674,8201400.0
2017-06-14,LH.BK,9.949999809265137,10.0,9.899999618530273,9.899999618530273,5.581120014190674,6693000.0
2017-06-15,LH.BK,9.949999809265137,10.100000381469727,9.949999809265137,10.0,5.637495040893555,13174800.0
2017-06-16,LH.BK,10.0,10.0,9.899999618530273,9.949999809265137,5.609307289123535,14380900.0
2017-06-19,LH.BK,9.949999809265137,10.0,9.899999618530273,10.0,5.637495040893555,5818000.0
2017-06-20,LH.BK,10.0,10.0,9.949999809265137,10.0,5.637495040893555,3685400.0
2017-06-21,LH.BK,10.0,10.0,9.949999809265137,10.0,5.637495040893555,3288900.0
2017-06-22,LH.BK,10.0,10.100000381469727,9.949999809265137,10.0,5.637495040893555,32929100.0
2017-06-23,LH.BK,10.0,10.199999809265137,9.899999618530273,10.199999809265137,5.750244617462158,37584700.0
2017-06-26,LH.BK,10.199999809265137,10.300000190734863,10.100000381469727,10.199999809265137,5.750244617462158,11004300.0
2017-06-27,LH.BK,10.300000190734863,10.300000190734863,10.100000381469727,10.199999809265137,5.750244617462158,5529100.0
2017-06-28,LH.BK,10.199999809265137,10.300000190734863,10.100000381469727,10.199999809265137,5.750244617462158,13909000.0
2017-06-29,LH.BK,10.199999809265137,10.300000190734863,10.199999809265137,10.199999809265137,5.750244617462158,19131100.0
2017-06-30,LH.BK,10.199999809265137,10.300000190734863,10.0,10.0,5.637495040893555,17708700.0
2017-07-03,LH.BK,10.100000381469727,10.300000190734863,10.100000381469727,10.100000381469727,5.693871021270752,11404300.0
2017-07-04,LH.BK,10.100000381469727,10.199999809265137,9.949999809265137,10.100000381469727,5.693871021270752,21380300.0
2017-07-05,LH.BK,10.0,10.0,9.899999618530273,10.0,5.637495040893555,14431300.0
2017-07-06,LH.BK,10.0,10.100000381469727,9.800000190734863,9.899999618530273,5.581120014190674,28827400.0
2017-07-07,LH.BK,9.800000190734863,9.899999618530273,9.75,9.850000381469727,5.552932262420654,11648000.0
2017-07-11,LH.BK,9.800000190734863,9.899999618530273,9.800000190734863,9.850000381469727,5.552932262420654,5693900.0
2017-07-12,LH.BK,9.850000381469727,9.899999618530273,9.800000190734863,9.850000381469727,5.552932262420654,14893400.0
2017-07-13,LH.BK,9.899999618530273,10.0,9.800000190734863,9.899999618530273,5.581120014190674,26271900.0
2017-07-14,LH.BK,9.899999618530273,9.949999809265137,9.850000381469727,9.899999618530273,5.581120014190674,7298000.0
2017-07-17,LH.BK,9.899999618530273,9.949999809265137,9.699999809265137,9.75,5.49655818939209,29509300.0
2017-07-18,LH.BK,9.75,9.800000190734863,9.75,9.75,5.49655818939209,14106000.0
2017-07-19,LH.BK,9.800000190734863,9.850000381469727,9.75,9.75,5.49655818939209,6387700.0
2017-07-20,LH.BK,9.800000190734863,9.949999809265137,9.800000190734863,9.850000381469727,5.552932262420654,26881100.0
2017-07-21,LH.BK,9.899999618530273,9.949999809265137,9.850000381469727,9.899999618530273,5.581120014190674,5049500.0
2017-07-24,LH.BK,9.899999618530273,10.0,9.899999618530273,9.949999809265137,5.609307289123535,8457500.0
2017-07-25,LH.BK,10.0,10.0,9.850000381469727,9.899999618530273,5.581120014190674,18384900.0
2017-07-26,LH.BK,9.949999809265137,10.100000381469727,9.899999618530273,10.0,5.637495040893555,21736600.0
2017-07-27,LH.BK,10.0,10.100000381469727,9.899999618530273,9.949999809265137,5.609307289123535,18681200.0
2017-07-31,LH.BK,9.949999809265137,10.0,9.899999618530273,10.0,5.637495040893555,12464200.0
2017-08-01,LH.BK,10.0,10.100000381469727,9.800000190734863,10.0,5.637495040893555,41303900.0
2017-08-02,LH.BK,10.100000381469727,10.100000381469727,10.0,10.0,5.637495040893555,9740800.0
2017-08-03,LH.BK,10.0,10.100000381469727,9.949999809265137,10.0,5.637495040893555,11731100.0
2017-08-04,LH.BK,10.0,10.100000381469727,9.949999809265137,10.0,5.637495040893555,11660000.0
2017-08-07,LH.BK,10.0,10.100000381469727,9.949999809265137,10.100000381469727,5.693871021270752,9511600.0
2017-08-08,LH.BK,10.0,10.199999809265137,10.0,10.100000381469727,5.693871021270752,22180500.0
2017-08-09,LH.BK,10.100000381469727,10.100000381469727,9.949999809265137,10.0,5.637495040893555,20439500.0
2017-08-10,LH.BK,10.0,10.0,9.899999618530273,10.0,5.637495040893555,10023500.0
2017-08-11,LH.BK,9.949999809265137,10.0,9.899999618530273,9.949999809265137,5.609307289123535,12693500.0
2017-08-15,LH.BK,10.199999809265137,10.399999618530273,10.100000381469727,10.199999809265137,5.750244617462158,62189100.0
2017-08-16,LH.BK,10.199999809265137,10.300000190734863,10.100000381469727,10.199999809265137,5.750244617462158,13129600.0
2017-08-17,LH.BK,10.199999809265137,10.399999618530273,10.199999809265137,10.199999809265137,5.750244617462158,34748100.0
2017-08-18,LH.BK,10.300000190734863,10.300000190734863,10.199999809265137,10.300000190734863,5.806619167327881,11985600.0
2017-08-21,LH.BK,10.300000190734863,10.399999618530273,10.100000381469727,10.199999809265137,5.750244617462158,54253400.0
2017-08-22,LH.BK,10.300000190734863,10.300000190734863,10.100000381469727,10.199999809265137,5.750244617462158,31841400.0
2017-08-23,LH.BK,9.899999618530273,9.899999618530273,9.75,9.800000190734863,5.750246524810791,30065000.0
2017-08-24,LH.BK,9.800000190734863,9.899999618530273,9.75,9.800000190734863,5.750246524810791,10018300.0
2017-08-25,LH.BK,9.800000190734863,9.850000381469727,9.75,9.75,5.720907211303711,14703400.0
2017-08-28,LH.BK,9.800000190734863,9.800000190734863,9.800000190734863,9.800000190734863,5.750246524810791,950900.0
2017-08-29,LH.BK,9.850000381469727,10.100000381469727,9.800000190734863,9.899999618530273,5.808920383453369,47028700.0
2017-08-30,LH.BK,9.949999809265137,9.949999809265137,9.600000381469727,9.699999809265137,5.691568851470947,146439600.0
2017-08-31,LH.BK,9.699999809265137,9.75,9.649999618530273,9.699999809265137,5.691568851470947,38424800.0
2017-09-01,LH.BK,9.75,9.75,9.550000190734863,9.649999618530273,5.662230014801025,64053700.0
2017-09-04,LH.BK,9.649999618530273,9.75,9.550000190734863,9.649999618530273,5.662230014801025,58840400.0
2017-09-05,LH.BK,9.649999618530273,9.699999809265137,9.550000190734863,9.600000381469727,5.632893085479736,30823600.0
2017-09-06,LH.BK,9.649999618530273,9.75,9.550000190734863,9.649999618530273,5.662230014801025,65225400.0
2017-09-07,LH.BK,9.649999618530273,9.75,9.600000381469727,9.699999809265137,5.691568851470947,65220700.0
2017-09-08,LH.BK,9.75,9.800000190734863,9.649999618530273,9.75,5.720907211303711,85252800.0
2017-09-11,LH.BK,9.75,9.75,9.649999618530273,9.649999618530273,5.662230014801025,30710800.0
2017-09-12,LH.BK,9.699999809265137,9.800000190734863,9.649999618530273,9.699999809265137,5.691568851470947,40464600.0
2017-09-13,LH.BK,9.699999809265137,9.800000190734863,9.649999618530273,9.75,5.720907211303711,54461300.0
2017-09-14,LH.BK,9.75,9.800000190734863,9.699999809265137,9.75,5.720907211303711,20347400.0
2017-09-15,LH.BK,9.800000190734863,9.850000381469727,9.699999809265137,9.800000190734863,5.750246524810791,59142800.0
2017-09-18,LH.BK,9.800000190734863,9.850000381469727,9.75,9.800000190734863,5.750246524810791,72070300.0
2017-09-19,LH.BK,9.850000381469727,10.199999809265137,9.850000381469727,10.100000381469727,5.926273822784424,118452700.0
2017-09-20,LH.BK,10.0,10.100000381469727,9.899999618530273,10.100000381469727,5.926273822784424,28861300.0
2017-09-21,LH.BK,10.0,10.100000381469727,10.0,10.100000381469727,5.926273822784424,16826000.0
2017-09-22,LH.BK,10.100000381469727,10.100000381469727,10.0,10.100000381469727,5.926273822784424,20223200.0
2017-09-25,LH.BK,10.100000381469727,10.199999809265137,9.949999809265137,10.0,5.867597579956055,39067500.0
2017-09-26,LH.BK,10.100000381469727,10.100000381469727,9.949999809265137,9.949999809265137,5.838258743286133,38390200.0
2017-09-27,LH.BK,10.0,10.100000381469727,9.899999618530273,9.949999809265137,5.838258743286133,34531200.0
2017-09-28,LH.BK,9.949999809265137,9.949999809265137,9.800000190734863,9.850000381469727,5.779582500457764,68353100.0
2017-09-29,LH.BK,9.850000381469727,9.949999809265137,9.800000190734863,9.899999618530273,5.808920383453369,41386200.0
2017-10-02,LH.BK,9.949999809265137,10.0,9.899999618530273,9.949999809265137,5.838258743286133,11908200.0
2017-10-03,LH.BK,9.949999809265137,10.100000381469727,9.899999618530273,9.899999618530273,5.808920383453369,25598600.0
2017-10-04,LH.BK,9.949999809265137,10.0,9.899999618530273,9.949999809265137,5.838258743286133,21533300.0
2017-10-05,LH.BK,9.949999809265137,10.100000381469727,9.899999618530273,9.949999809265137,5.838258743286133,27730200.0
2017-10-06,LH.BK,10.0,10.0,9.899999618530273,9.899999618530273,5.808920383453369,27125300.0
2017-10-09,LH.BK,9.949999809265137,10.0,9.899999618530273,9.899999618530273,5.808920383453369,9261400.0
2017-10-10,LH.BK,9.949999809265137,10.100000381469727,9.899999618530273,10.0,5.867597579956055,21986900.0
2017-10-11,LH.BK,10.0,10.199999809265137,10.0,10.100000381469727,5.926273822784424,50281800.0
2017-10-12,LH.BK,10.100000381469727,10.199999809265137,10.100000381469727,10.199999809265137,5.98494815826416,39113200.0
2017-10-16,LH.BK,10.399999618530273,10.399999618530273,10.399999618530273,10.399999618530273,6.10230016708374,3660000.0
2017-10-17,LH.BK,10.399999618530273,10.800000190734863,10.399999618530273,10.699999809265137,6.278329372406006,69237900.0
2017-10-18,LH.BK,10.699999809265137,10.800000190734863,10.5,10.600000381469727,6.219653129577637,33478600.0
2017-10-19,LH.BK,10.5,10.699999809265137,10.100000381469727,10.199999809265137,5.98494815826416,50494400.0
2017-10-20,LH.BK,10.199999809265137,10.5,10.199999809265137,10.399999618530273,6.10230016708374,21404400.0
2017-10-24,LH.BK,10.5,10.600000381469727,10.300000190734863,10.5,6.160975456237793,18805200.0
2017-10-25,LH.BK,10.600000381469727,10.699999809265137,10.5,10.600000381469727,6.219653129577637,14537000.0
2017-10-27,LH.BK,10.600000381469727,10.699999809265137,10.5,10.699999809265137,6.278329372406006,31127000.0
2017-10-30,LH.BK,10.699999809265137,10.800000190734863,10.5,10.699999809265137,6.278329372406006,30654200.0
2017-10-31,LH.BK,10.800000190734863,11.100000381469727,10.600000381469727,10.899999618530273,6.3956804275512695,51241000.0
2017-11-01,LH.BK,10.899999618530273,11.0,10.800000190734863,10.899999618530273,6.3956804275512695,29513500.0
2017-11-02,LH.BK,10.899999618530273,11.0,10.699999809265137,10.800000190734863,6.337005138397217,34786600.0
2017-11-03,LH.BK,10.899999618530273,10.899999618530273,10.5,10.5,6.160975456237793,54715000.0
2017-11-06,LH.BK,10.5,10.699999809265137,10.399999618530273,10.699999809265137,6.278329372406006,29618700.0
2017-11-07,LH.BK,10.800000190734863,10.800000190734863,10.600000381469727,10.600000381469727,6.219653129577637,14321000.0
2017-11-08,LH.BK,10.600000381469727,10.800000190734863,10.5,10.699999809265137,6.278329372406006,21335900.0
2017-11-09,LH.BK,10.600000381469727,10.699999809265137,10.300000190734863,10.300000190734863,6.0436248779296875,37477200.0
2017-11-10,LH.BK,10.300000190734863,10.600000381469727,10.199999809265137,10.399999618530273,6.10230016708374,30502900.0
2017-11-13,LH.BK,10.399999618530273,10.5,10.300000190734863,10.399999618530273,6.10230016708374,16908800.0
2017-11-14,LH.BK,10.5,10.800000190734863,10.399999618530273,10.699999809265137,6.278329372406006,41333400.0
2017-11-15,LH.BK,10.600000381469727,10.699999809265137,10.5,10.600000381469727,6.219653129577637,20258900.0
2017-11-16,LH.BK,10.600000381469727,10.600000381469727,10.399999618530273,10.399999618530273,6.10230016708374,11923400.0
2017-11-17,LH.BK,10.5,10.699999809265137,10.5,10.600000381469727,6.219653129577637,18746600.0
2017-11-20,LH.BK,10.600000381469727,10.699999809265137,10.5,10.5,6.160975456237793,10863300.0
2017-11-21,LH.BK,10.600000381469727,10.600000381469727,10.600000381469727,10.600000381469727,6.219653129577637,17048800.0
2017-11-22,LH.BK,10.600000381469727,10.800000190734863,10.5,10.800000190734863,6.337005138397217,38603800.0
2017-11-23,LH.BK,10.800000190734863,10.899999618530273,10.699999809265137,10.899999618530273,6.3956804275512695,31042600.0
2017-11-24,LH.BK,10.899999618530273,11.0,10.600000381469727,10.699999809265137,6.278329372406006,36254000.0
2017-11-27,LH.BK,10.600000381469727,10.699999809265137,10.100000381469727,10.399999618530273,6.10230016708374,80941000.0
2017-11-28,LH.BK,10.300000190734863,10.399999618530273,10.199999809265137,10.300000190734863,6.0436248779296875,50204100.0
2017-11-29,LH.BK,10.399999618530273,10.399999618530273,10.199999809265137,10.300000190734863,6.0436248779296875,44519100.0
2017-11-30,LH.BK,10.399999618530273,10.600000381469727,10.300000190734863,10.5,6.160975456237793,44470200.0
2017-12-01,LH.BK,10.5,10.5,10.300000190734863,10.399999618530273,6.10230016708374,20746000.0
2017-12-04,LH.BK,10.399999618530273,10.5,10.300000190734863,10.300000190734863,6.0436248779296875,14767000.0
2017-12-06,LH.BK,10.300000190734863,10.399999618530273,10.199999809265137,10.300000190734863,6.0436248779296875,35595400.0
2017-12-07,LH.BK,10.300000190734863,10.399999618530273,10.199999809265137,10.399999618530273,6.10230016708374,40738100.0
2017-12-08,LH.BK,10.300000190734863,10.399999618530273,10.199999809265137,10.300000190734863,6.0436248779296875,25636500.0
2017-12-12,LH.BK,10.300000190734863,10.399999618530273,10.199999809265137,10.399999618530273,6.10230016708374,23800700.0
2017-12-13,LH.BK,10.399999618530273,10.399999618530273,10.199999809265137,10.300000190734863,6.0436248779296875,17510600.0
2017-12-14,LH.BK,10.300000190734863,10.399999618530273,10.300000190734863,10.300000190734863,6.0436248779296875,17715400.0
2017-12-15,LH.BK,10.300000190734863,10.399999618530273,10.199999809265137,10.300000190734863,6.0436248779296875,20451700.0
2017-12-18,LH.BK,10.300000190734863,10.399999618530273,10.199999809265137,10.399999618530273,6.10230016708374,11259400.0
2017-12-19,LH.BK,10.399999618530273,10.399999618530273,10.300000190734863,10.399999618530273,6.10230016708374,10541500.0
2017-12-20,LH.BK,10.300000190734863,10.5,10.300000190734863,10.399999618530273,6.10230016708374,10028100.0
2017-12-21,LH.BK,10.300000190734863,10.399999618530273,10.300000190734863,10.300000190734863,6.0436248779296875,13895900.0
2017-12-22,LH.BK,10.300000190734863,10.399999618530273,10.300000190734863,10.300000190734863,6.0436248779296875,11393700.0
2017-12-25,LH.BK,10.399999618530273,10.600000381469727,10.300000190734863,10.399999618530273,6.10230016708374,26024300.0
2017-12-26,LH.BK,10.5,10.600000381469727,10.399999618530273,10.600000381469727,6.219653129577637,17548900.0
2017-12-27,LH.BK,10.600000381469727,10.699999809265137,10.5,10.699999809265137,6.278329372406006,15155500.0
2017-12-28,LH.BK,10.800000190734863,10.800000190734863,10.399999618530273,10.399999618530273,6.10230016708374,30634200.0
2017-12-29,LH.BK,10.5,10.600000381469727,10.399999618530273,10.5,6.160975456237793,15482300.0
2018-01-03,LH.BK,10.5,10.600000381469727,10.399999618530273,10.600000381469727,6.219653129577637,25601200.0
2018-01-04,LH.BK,10.5,10.800000190734863,10.399999618530273,10.5,6.160975456237793,36835900.0
2018-01-05,LH.BK,10.600000381469727,10.800000190734863,10.5,10.600000381469727,6.219653129577637,45075100.0
2018-01-08,LH.BK,10.600000381469727,10.800000190734863,10.600000381469727,10.600000381469727,6.219653129577637,29338200.0
2018-01-09,LH.BK,10.699999809265137,10.699999809265137,10.699999809265137,10.699999809265137,6.278329372406006,1442300.0
2018-01-10,LH.BK,10.699999809265137,10.800000190734863,10.600000381469727,10.600000381469727,6.219653129577637,26610400.0
2018-01-11,LH.BK,10.600000381469727,10.699999809265137,10.5,10.600000381469727,6.219653129577637,35680800.0
2018-01-12,LH.BK,10.600000381469727,10.899999618530273,10.600000381469727,10.800000190734863,6.337005138397217,49363000.0
2018-01-15,LH.BK,10.800000190734863,11.100000381469727,10.800000190734863,10.899999618530273,6.3956804275512695,37171200.0
2018-01-16,LH.BK,11.0,11.300000190734863,10.800000190734863,11.100000381469727,6.513033390045166,62805900.0
2018-01-17,LH.BK,11.300000190734863,12.0,11.300000190734863,11.899999618530273,6.982439994812012,118289700.0
2018-01-18,LH.BK,11.800000190734863,11.899999618530273,11.300000190734863,11.399999618530273,6.689060211181641,110640800.0
2018-01-19,LH.BK,11.5,11.800000190734863,11.399999618530273,11.600000381469727,6.806410789489746,46860000.0
2018-01-22,LH.BK,11.600000381469727,11.800000190734863,11.600000381469727,11.699999809265137,6.865087509155273,22649200.0
2018-01-23,LH.BK,11.699999809265137,11.800000190734863,11.5,11.5,6.74773645401001,22481400.0
2018-01-24,LH.BK,11.5,11.800000190734863,11.300000190734863,11.699999809265137,6.865087509155273,51606000.0
2018-01-25,LH.BK,11.800000190734863,11.800000190734863,11.5,11.5,6.74773645401001,22902900.0
2018-01-26,LH.BK,11.5,11.699999809265137,11.399999618530273,11.5,6.74773645401001,33188000.0
2018-01-29,LH.BK,11.5,11.699999809265137,11.5,11.600000381469727,6.806410789489746,13367100.0
2018-01-30,LH.BK,11.5,11.600000381469727,11.300000190734863,11.5,6.74773645401001,24157000.0
2018-01-31,LH.BK,11.399999618530273,11.699999809265137,11.399999618530273,11.600000381469727,6.806410789489746,36795000.0
2018-02-01,LH.BK,11.600000381469727,12.0,11.600000381469727,11.800000190734863,6.923762798309326,79828500.0
2018-02-02,LH.BK,11.899999618530273,12.199999809265137,11.600000381469727,11.800000190734863,6.923762798309326,107379000.0
2018-02-05,LH.BK,11.100000381469727,11.199999809265137,10.899999618530273,11.199999809265137,6.571707725524902,283055700.0
2018-02-06,LH.BK,10.899999618530273,11.0,10.699999809265137,10.800000190734863,6.337005138397217,172884200.0
2018-02-07,LH.BK,11.0,11.100000381469727,10.800000190734863,10.899999618530273,6.3956804275512695,74478100.0
2018-02-08,LH.BK,10.899999618530273,11.100000381469727,10.800000190734863,11.0,6.454357147216797,39351300.0
2018-02-09,LH.BK,10.800000190734863,10.899999618530273,10.699999809265137,10.899999618530273,6.3956804275512695,48438700.0
2018-02-12,LH.BK,10.800000190734863,11.0,10.800000190734863,10.899999618530273,6.3956804275512695,25002400.0
2018-02-13,LH.BK,11.0,11.100000381469727,10.899999618530273,10.899999618530273,6.3956804275512695,36838800.0
2018-02-14,LH.BK,10.899999618530273,11.0,10.800000190734863,11.0,6.454357147216797,43119900.0
2018-02-15,LH.BK,11.0,11.100000381469727,10.899999618530273,10.899999618530273,6.3956804275512695,14577500.0
2018-02-16,LH.BK,10.899999618530273,11.0,10.800000190734863,11.0,6.454357147216797,18517100.0
2018-02-19,LH.BK,11.0,11.0,10.899999618530273,10.899999618530273,6.3956804275512695,21365100.0
2018-02-20,LH.BK,11.0,11.100000381469727,10.899999618530273,11.0,6.454357147216797,31351200.0
2018-02-21,LH.BK,11.100000381469727,11.100000381469727,10.899999618530273,11.0,6.454357147216797,25113900.0
2018-02-22,LH.BK,11.0,11.100000381469727,10.899999618530273,10.899999618530273,6.3956804275512695,26127000.0
2018-02-23,LH.BK,10.899999618530273,11.0,10.899999618530273,11.0,6.454357147216797,15100200.0
2018-02-26,LH.BK,11.0,11.199999809265137,11.0,11.199999809265137,6.571707725524902,60647700.0
2018-02-27,LH.BK,11.199999809265137,11.199999809265137,11.0,11.0,6.454357147216797,48248300.0
2018-02-28,LH.BK,11.0,11.100000381469727,10.899999618530273,11.0,6.454357147216797,46151900.0
2018-03-02,LH.BK,11.0,11.0,10.800000190734863,10.800000190734863,6.337005138397217,30546700.0
2018-03-05,LH.BK,10.800000190734863,10.899999618530273,10.800000190734863,10.800000190734863,6.337005138397217,29400900.0
2018-03-06,LH.BK,10.899999618530273,11.0,10.800000190734863,10.899999618530273,6.3956804275512695,35069400.0
2018-03-07,LH.BK,10.899999618530273,11.0,10.800000190734863,10.800000190734863,6.337005138397217,18156600.0
2018-03-08,LH.BK,10.800000190734863,10.899999618530273,10.800000190734863,10.800000190734863,6.337005138397217,25570300.0
2018-03-09,LH.BK,10.899999618530273,11.0,10.800000190734863,10.899999618530273,6.3956804275512695,43179900.0
2018-03-12,LH.BK,11.0,11.100000381469727,10.899999618530273,11.0,6.454357147216797,39343500.0
2018-03-13,LH.BK,11.0,11.0,10.800000190734863,10.800000190734863,6.337005138397217,49894600.0
2018-03-14,LH.BK,10.899999618530273,10.899999618530273,10.800000190734863,10.899999618530273,6.3956804275512695,28491600.0
2018-03-15,LH.BK,10.800000190734863,11.0,10.800000190734863,10.899999618530273,6.3956804275512695,18589700.0
2018-03-16,LH.BK,11.0,11.0,10.800000190734863,10.899999618530273,6.3956804275512695,45341400.0
2018-03-19,LH.BK,11.0,11.0,10.800000190734863,10.899999618530273,6.3956804275512695,24995500.0
2018-03-20,LH.BK,10.899999618530273,10.899999618530273,10.800000190734863,10.800000190734863,6.337005138397217,14494800.0
2018-03-21,LH.BK,10.899999618530273,11.0,10.600000381469727,10.800000190734863,6.337005138397217,71392600.0
2018-03-22,LH.BK,10.699999809265137,10.800000190734863,10.5,10.600000381469727,6.219653129577637,42596000.0
2018-03-23,LH.BK,10.5,10.600000381469727,10.300000190734863,10.5,6.160975456237793,34552300.0
2018-03-26,LH.BK,10.5,10.699999809265137,10.399999618530273,10.600000381469727,6.219653129577637,36943000.0
2018-03-27,LH.BK,10.699999809265137,10.699999809265137,10.5,10.5,6.160975456237793,12724400.0
2018-03-28,LH.BK,10.5,10.600000381469727,10.5,10.600000381469727,6.219653129577637,34026900.0
2018-03-29,LH.BK,10.800000190734863,11.0,10.5,10.600000381469727,6.219653129577637,75437900.0
2018-03-30,LH.BK,10.699999809265137,10.699999809265137,10.199999809265137,10.5,6.160975456237793,56550800.0
2018-04-02,LH.BK,10.5,10.800000190734863,10.5,10.800000190734863,6.337005138397217,29516800.0
2018-04-03,LH.BK,10.600000381469727,10.699999809265137,10.600000381469727,10.600000381469727,6.219653129577637,24474600.0
2018-04-04,LH.BK,10.699999809265137,10.800000190734863,10.600000381469727,10.699999809265137,6.278329372406006,42409700.0
2018-04-05,LH.BK,10.699999809265137,10.800000190734863,10.600000381469727,10.699999809265137,6.278329372406006,18288500.0
2018-04-09,LH.BK,10.699999809265137,10.899999618530273,10.699999809265137,10.899999618530273,6.3956804275512695,33334200.0
2018-04-10,LH.BK,10.899999618530273,11.199999809265137,10.800000190734863,11.100000381469727,6.513033390045166,68459500.0
2018-04-11,LH.BK,11.100000381469727,11.300000190734863,11.0,11.100000381469727,6.513033390045166,54470000.0
2018-04-12,LH.BK,11.100000381469727,11.199999809265137,10.899999618530273,11.199999809265137,6.571707725524902,46461000.0
2018-04-17,LH.BK,11.199999809265137,11.300000190734863,10.800000190734863,11.0,6.454357147216797,52509300.0
2018-04-18,LH.BK,11.0,11.0,10.899999618530273,11.0,6.454357147216797,17765600.0
2018-04-19,LH.BK,11.0,11.100000381469727,10.899999618530273,10.899999618530273,6.3956804275512695,37269000.0
2018-04-20,LH.BK,11.0,11.0,10.600000381469727,10.699999809265137,6.278329372406006,83711600.0
2018-04-23,LH.BK,10.800000190734863,11.0,10.699999809265137,11.0,6.454357147216797,45291300.0
2018-04-24,LH.BK,11.0,11.0,10.699999809265137,10.800000190734863,6.337005138397217,84455100.0
2018-04-25,LH.BK,10.800000190734863,10.899999618530273,10.699999809265137,10.899999618530273,6.3956804275512695,24497900.0
2018-04-26,LH.BK,10.800000190734863,11.0,10.800000190734863,10.899999618530273,6.3956804275512695,33795300.0
2018-04-27,LH.BK,10.899999618530273,11.0,10.800000190734863,10.800000190734863,6.337005138397217,47883700.0
2018-04-30,LH.BK,10.899999618530273,11.0,10.899999618530273,11.0,6.454357147216797,40295400.0
2018-05-02,LH.BK,11.0,11.0,10.800000190734863,11.0,6.454357147216797,33051600.0
2018-05-03,LH.BK,10.899999618530273,11.0,10.899999618530273,11.0,6.454357147216797,49788200.0
2018-05-04,LH.BK,11.0,11.100000381469727,10.899999618530273,11.0,6.454357147216797,19628800.0
2018-05-07,LH.BK,11.0,11.0,10.899999618530273,11.0,6.454357147216797,24469000.0
2018-05-08,LH.BK,10.699999809265137,10.699999809265137,10.600000381469727,10.699999809265137,6.484659194946289,31130300.0
2018-05-09,LH.BK,10.600000381469727,10.699999809265137,10.5,10.699999809265137,6.484659194946289,43547300.0
2018-05-10,LH.BK,10.699999809265137,10.699999809265137,10.600000381469727,10.600000381469727,6.4240546226501465,12836400.0
2018-05-11,LH.BK,10.600000381469727,10.800000190734863,10.5,10.699999809265137,6.484659194946289,46476900.0
2018-05-14,LH.BK,10.800000190734863,11.0,10.699999809265137,10.899999618530273,6.6058669090271,125294000.0
2018-05-15,LH.BK,11.199999809265137,11.300000190734863,11.100000381469727,11.199999809265137,6.787679195404053,187132200.0
2018-05-16,LH.BK,11.199999809265137,11.399999618530273,11.100000381469727,11.199999809265137,6.787679195404053,106390700.0
2018-05-17,LH.BK,11.100000381469727,11.199999809265137,11.0,11.0,6.6664719581604,73123300.0
2018-05-18,LH.BK,11.100000381469727,11.300000190734863,11.0,11.199999809265137,6.787679195404053,66875900.0
2018-05-21,LH.BK,11.199999809265137,11.300000190734863,11.0,11.100000381469727,6.727076530456543,53095200.0
2018-05-22,LH.BK,11.100000381469727,11.199999809265137,11.0,11.100000381469727,6.727076530456543,39355800.0
2018-05-23,LH.BK,11.199999809265137,11.300000190734863,11.100000381469727,11.100000381469727,6.727076530456543,89948000.0
2018-05-24,LH.BK,11.199999809265137,11.399999618530273,11.100000381469727,11.300000190734863,6.848284721374512,84641200.0
2018-05-25,LH.BK,11.5,11.5,11.100000381469727,11.300000190734863,6.848284721374512,105058500.0
2018-05-28,LH.BK,11.300000190734863,11.399999618530273,11.199999809265137,11.399999618530273,6.908888339996338,49538700.0
2018-05-30,LH.BK,11.300000190734863,11.399999618530273,11.199999809265137,11.399999618530273,6.908888339996338,96246500.0
2018-05-31,LH.BK,11.399999618530273,11.5,11.100000381469727,11.100000381469727,6.727076530456543,305953500.0
2018-06-01,LH.BK,11.100000381469727,11.300000190734863,11.100000381469727,11.199999809265137,6.787679195404053,50208000.0
2018-06-04,LH.BK,11.199999809265137,11.399999618530273,11.199999809265137,11.300000190734863,6.848284721374512,54920800.0
2018-06-05,LH.BK,11.399999618530273,11.5,11.300000190734863,11.399999618530273,6.908888339996338,67528600.0
2018-06-06,LH.BK,11.399999618530273,11.399999618530273,11.300000190734863,11.399999618530273,6.908888339996338,31397200.0
2018-06-07,LH.BK,11.5,11.5,11.300000190734863,11.399999618530273,6.908888339996338,29025200.0
2018-06-08,LH.BK,11.300000190734863,11.399999618530273,11.199999809265137,11.300000190734863,6.848284721374512,42537500.0
2018-06-11,LH.BK,11.300000190734863,11.300000190734863,11.199999809265137,11.300000190734863,6.848284721374512,16650900.0
2018-06-12,LH.BK,11.300000190734863,11.399999618530273,11.300000190734863,11.399999618530273,6.908888339996338,30930200.0
2018-06-13,LH.BK,11.399999618530273,11.5,11.300000190734863,11.300000190734863,6.848284721374512,29936200.0
2018-06-14,LH.BK,11.300000190734863,11.300000190734863,11.0,11.100000381469727,6.727076530456543,78893600.0
2018-06-15,LH.BK,11.199999809265137,11.399999618530273,11.100000381469727,11.399999618530273,6.908888339996338,75313400.0
2018-06-18,LH.BK,11.300000190734863,11.399999618530273,11.199999809265137,11.300000190734863,6.848284721374512,46456300.0
2018-06-19,LH.BK,11.199999809265137,11.300000190734863,10.800000190734863,11.0,6.6664719581604,123792000.0
2018-06-20,LH.BK,11.0,11.100000381469727,10.899999618530273,11.0,6.6664719581604,55405400.0
2018-06-21,LH.BK,11.0,11.600000381469727,10.899999618530273,11.5,6.9694929122924805,133576400.0
2018-06-22,LH.BK,11.5,11.600000381469727,11.399999618530273,11.5,6.9694929122924805,83044700.0
2018-06-25,LH.BK,11.5,11.600000381469727,11.399999618530273,11.5,6.9694929122924805,61276900.0
2018-06-26,LH.BK,11.5,11.5,11.199999809265137,11.300000190734863,6.848284721374512,75617600.0
2018-06-27,LH.BK,11.199999809265137,11.300000190734863,11.100000381469727,11.100000381469727,6.727076530456543,58464400.0
2018-06-28,LH.BK,11.199999809265137,11.399999618530273,11.100000381469727,11.199999809265137,6.787679195404053,50340600.0
2018-06-29,LH.BK,11.199999809265137,11.300000190734863,11.100000381469727,11.300000190734863,6.848284721374512,43965900.0
2018-07-02,LH.BK,11.300000190734863,11.399999618530273,11.100000381469727,11.399999618530273,6.908888339996338,71986900.0
2018-07-03,LH.BK,11.399999618530273,11.5,11.300000190734863,11.399999618530273,6.908888339996338,42473700.0
2018-07-04,LH.BK,11.399999618530273,11.5,11.300000190734863,11.5,6.9694929122924805,32804800.0
2018-07-05,LH.BK,11.5,11.600000381469727,11.399999618530273,11.5,6.9694929122924805,38517800.0
2018-07-06,LH.BK,11.5,11.600000381469727,11.399999618530273,11.5,6.9694929122924805,47674200.0
2018-07-09,LH.BK,11.5,11.600000381469727,11.300000190734863,11.5,6.9694929122924805,49546000.0
2018-07-10,LH.BK,11.600000381469727,11.600000381469727,11.5,11.600000381469727,7.03009557723999,29649000.0
2018-07-11,LH.BK,11.600000381469727,11.600000381469727,11.5,11.5,6.9694929122924805,15078300.0
2018-07-12,LH.BK,11.600000381469727,11.600000381469727,11.5,11.600000381469727,7.03009557723999,37622900.0
2018-07-13,LH.BK,11.5,11.600000381469727,11.5,11.5,6.9694929122924805,21455700.0
2018-07-16,LH.BK,11.5,11.699999809265137,11.5,11.600000381469727,7.03009557723999,28269500.0
2018-07-17,LH.BK,11.600000381469727,11.600000381469727,11.399999618530273,11.5,6.9694929122924805,34117200.0
2018-07-18,LH.BK,11.5,11.5,11.399999618530273,11.399999618530273,6.908888339996338,32043300.0
2018-07-19,LH.BK,11.399999618530273,11.600000381469727,11.300000190734863,11.600000381469727,7.03009557723999,61717300.0
2018-07-20,LH.BK,11.5,11.699999809265137,11.5,11.5,6.9694929122924805,32787600.0
2018-07-23,LH.BK,11.5,11.699999809265137,11.5,11.600000381469727,7.03009557723999,36106300.0
2018-07-24,LH.BK,11.699999809265137,11.699999809265137,11.600000381469727,11.600000381469727,7.03009557723999,26369900.0
2018-07-25,LH.BK,11.699999809265137,12.699999809265137,11.600000381469727,12.199999809265137,7.3937225341796875,176244200.0
2018-07-26,LH.BK,12.100000381469727,12.199999809265137,11.800000190734863,12.100000381469727,7.333119869232178,70615600.0
2018-07-31,LH.BK,12.199999809265137,12.399999618530273,12.0,12.0,7.272513389587402,79135400.0
2018-08-01,LH.BK,12.0,12.199999809265137,11.899999618530273,12.100000381469727,7.333119869232178,77651900.0
2018-08-02,LH.BK,12.100000381469727,12.199999809265137,11.899999618530273,12.100000381469727,7.333119869232178,39447000.0
2018-08-03,LH.BK,12.199999809265137,12.5,12.100000381469727,12.199999809265137,7.3937225341796875,60515900.0
2018-08-06,LH.BK,11.5,11.699999809265137,11.300000190734863,11.5,6.9694929122924805,178031100.0
2018-08-07,LH.BK,11.5,11.800000190734863,11.399999618530273,11.600000381469727,7.03009557723999,65048900.0
2018-08-08,LH.BK,11.699999809265137,12.0,11.600000381469727,11.800000190734863,7.151304244995117,46683800.0
2018-08-09,LH.BK,11.899999618530273,12.100000381469727,11.800000190734863,12.100000381469727,7.333119869232178,40582900.0
2018-08-10,LH.BK,12.0,12.199999809265137,11.699999809265137,11.899999618530273,7.211909770965576,32535600.0
2018-08-14,LH.BK,11.699999809265137,12.0,11.600000381469727,12.0,7.272513389587402,29201300.0
2018-08-15,LH.BK,11.800000190734863,11.899999618530273,11.600000381469727,11.800000190734863,7.151304244995117,25897600.0
2018-08-16,LH.BK,11.699999809265137,11.699999809265137,11.399999618530273,11.699999809265137,7.090700626373291,75678700.0
2018-08-17,LH.BK,11.5,11.600000381469727,11.300000190734863,11.300000190734863,6.848284721374512,121084000.0
2018-08-20,LH.BK,11.300000190734863,11.5,11.199999809265137,11.300000190734863,6.848284721374512,92356000.0
2018-08-21,LH.BK,11.300000190734863,11.5,11.300000190734863,11.5,6.9694929122924805,61667600.0
2018-08-22,LH.BK,11.399999618530273,11.600000381469727,11.399999618530273,11.5,6.9694929122924805,43323800.0
2018-08-23,LH.BK,11.5,11.600000381469727,11.5,11.5,6.9694929122924805,15947100.0
2018-08-24,LH.BK,11.600000381469727,11.699999809265137,11.5,11.600000381469727,7.03009557723999,42361600.0
2018-08-27,LH.BK,11.600000381469727,11.899999618530273,11.600000381469727,11.800000190734863,7.151304244995117,64322500.0
2018-08-28,LH.BK,11.5,11.5,11.399999618530273,11.399999618530273,7.151304244995117,38109500.0
2018-08-29,LH.BK,11.5,11.600000381469727,11.399999618530273,11.5,7.2140350341796875,35624600.0
2018-08-30,LH.BK,11.5,11.600000381469727,11.399999618530273,11.399999618530273,7.151304244995117,22447200.0
2018-08-31,LH.BK,11.399999618530273,11.5,11.300000190734863,11.300000190734863,7.088573932647705,50301700.0
2018-09-03,LH.BK,11.399999618530273,11.5,11.399999618530273,11.399999618530273,7.151304244995117,25955600.0
2018-09-04,LH.BK,11.399999618530273,11.5,11.399999618530273,11.5,7.2140350341796875,15413600.0
2018-09-05,LH.BK,11.5,11.5,11.300000190734863,11.399999618530273,7.151304244995117,56289900.0
2018-09-06,LH.BK,11.399999618530273,11.5,11.300000190734863,11.399999618530273,7.151304244995117,28320800.0
2018-09-07,LH.BK,11.399999618530273,11.5,11.300000190734863,11.399999618530273,7.151304244995117,12028900.0
2018-09-10,LH.BK,11.5,11.5,11.399999618530273,11.399999618530273,7.151304244995117,10804700.0
2018-09-11,LH.BK,11.399999618530273,11.5,11.300000190734863,11.399999618530273,7.151304244995117,20212100.0
2018-09-12,LH.BK,11.300000190734863,11.399999618530273,11.199999809265137,11.300000190734863,7.088573932647705,36095500.0
2018-09-13,LH.BK,11.399999618530273,11.5,11.300000190734863,11.399999618530273,7.151304244995117,26897300.0
2018-09-14,LH.BK,11.5,11.600000381469727,11.399999618530273,11.5,7.2140350341796875,23627000.0
2018-09-17,LH.BK,11.5,11.600000381469727,11.399999618530273,11.5,7.2140350341796875,18587200.0
2018-09-18,LH.BK,11.5,11.699999809265137,11.399999618530273,11.600000381469727,7.276767253875732,45057300.0
2018-09-19,LH.BK,11.600000381469727,11.699999809265137,11.5,11.600000381469727,7.276767253875732,31354300.0
2018-09-20,LH.BK,11.600000381469727,11.600000381469727,11.399999618530273,11.399999618530273,7.151304244995117,46232700.0
2018-09-21,LH.BK,11.399999618530273,11.5,11.199999809265137,11.300000190734863,7.088573932647705,89052200.0
2018-09-24,LH.BK,11.300000190734863,11.399999618530273,11.300000190734863,11.300000190734863,7.088573932647705,16950700.0
2018-09-25,LH.BK,11.300000190734863,11.399999618530273,11.300000190734863,11.399999618530273,7.151304244995117,17798600.0
2018-09-26,LH.BK,11.300000190734863,11.399999618530273,11.300000190734863,11.300000190734863,7.088573932647705,16636400.0
2018-09-27,LH.BK,11.399999618530273,11.5,11.300000190734863,11.399999618530273,7.151304244995117,32362100.0
2018-09-28,LH.BK,11.5,11.5,11.399999618530273,11.5,7.2140350341796875,30857400.0
2018-10-01,LH.BK,11.5,11.600000381469727,11.399999618530273,11.5,7.2140350341796875,18123400.0
2018-10-02,LH.BK,11.399999618530273,11.5,11.199999809265137,11.300000190734863,7.088573932647705,47973400.0
2018-10-03,LH.BK,11.300000190734863,11.399999618530273,11.100000381469727,11.199999809265137,7.025844573974609,49967800.0
2018-10-04,LH.BK,11.100000381469727,11.100000381469727,10.899999618530273,11.0,6.900383949279785,79747900.0
2018-10-05,LH.BK,10.899999618530273,11.0,10.899999618530273,10.899999618530273,6.837650775909424,19578100.0
2018-10-08,LH.BK,10.899999618530273,11.0,10.699999809265137,10.899999618530273,6.837650775909424,42491700.0
2018-10-09,LH.BK,10.800000190734863,10.899999618530273,10.600000381469727,10.800000190734863,6.774921894073486,70189100.0
2018-10-10,LH.BK,10.800000190734863,11.100000381469727,10.800000190734863,10.899999618530273,6.837650775909424,25859200.0
2018-10-11,LH.BK,10.699999809265137,10.800000190734863,10.600000381469727,10.699999809265137,6.7121901512146,46856600.0
2018-10-12,LH.BK,10.800000190734863,10.899999618530273,10.699999809265137,10.699999809265137,6.7121901512146,23696000.0
2018-10-16,LH.BK,10.699999809265137,10.800000190734863,10.600000381469727,10.699999809265137,6.7121901512146,23879600.0
2018-10-17,LH.BK,10.800000190734863,10.800000190734863,10.600000381469727,10.600000381469727,6.6494598388671875,17969000.0
2018-10-18,LH.BK,10.600000381469727,10.699999809265137,10.5,10.5,6.586729049682617,24155000.0
2018-10-19,LH.BK,10.5,10.600000381469727,10.399999618530273,10.5,6.586729049682617,36530400.0
2018-10-22,LH.BK,10.600000381469727,10.600000381469727,10.399999618530273,10.5,6.586729049682617,25063400.0
2018-10-24,LH.BK,10.399999618530273,10.5,10.300000190734863,10.300000190734863,6.461267471313477,37557900.0
2018-10-25,LH.BK,10.199999809265137,10.300000190734863,10.0,10.199999809265137,6.398536205291748,79995000.0
2018-10-26,LH.BK,10.199999809265137,10.399999618530273,10.100000381469727,10.199999809265137,6.398536205291748,23972500.0
2018-10-29,LH.BK,10.199999809265137,10.300000190734863,10.100000381469727,10.199999809265137,6.398536205291748,26545700.0
2018-10-30,LH.BK,10.199999809265137,10.399999618530273,10.100000381469727,10.300000190734863,6.461267471313477,34965900.0
2018-10-31,LH.BK,10.300000190734863,10.399999618530273,10.199999809265137,10.300000190734863,6.461267471313477,22621800.0
2018-11-01,LH.BK,10.399999618530273,10.600000381469727,10.300000190734863,10.399999618530273,6.523997783660889,49084900.0
2018-11-02,LH.BK,10.5,10.800000190734863,10.399999618530273,10.600000381469727,6.6494598388671875,38608400.0
2018-11-05,LH.BK,10.600000381469727,10.600000381469727,10.399999618530273,10.600000381469727,6.6494598388671875,33797600.0
2018-11-06,LH.BK,10.699999809265137,10.800000190734863,10.600000381469727,10.600000381469727,6.6494598388671875,29000200.0
2018-11-07,LH.BK,10.699999809265137,10.800000190734863,10.600000381469727,10.699999809265137,6.7121901512146,19081700.0
2018-11-08,LH.BK,10.800000190734863,10.899999618530273,10.699999809265137,10.800000190734863,6.774921894073486,27498000.0
2018-11-09,LH.BK,10.800000190734863,10.899999618530273,10.600000381469727,10.800000190734863,6.774921894073486,29222700.0
2018-11-12,LH.BK,10.800000190734863,10.800000190734863,10.600000381469727,10.699999809265137,6.7121901512146,17818200.0
2018-11-13,LH.BK,10.600000381469727,10.699999809265137,10.5,10.600000381469727,6.6494598388671875,25985200.0
2018-11-14,LH.BK,10.5,10.600000381469727,10.300000190734863,10.5,6.586729049682617,33518300.0
2018-11-15,LH.BK,10.399999618530273,10.600000381469727,10.100000381469727,10.199999809265137,6.398536205291748,45369300.0
2018-11-16,LH.BK,10.199999809265137,10.199999809265137,9.899999618530273,10.0,6.273075103759766,76702500.0
2018-11-19,LH.BK,9.949999809265137,10.399999618530273,9.949999809265137,10.199999809265137,6.398536205291748,20687000.0
2018-11-20,LH.BK,10.100000381469727,10.100000381469727,9.550000190734863,9.899999618530273,6.210344314575195,68207200.0
2018-11-21,LH.BK,9.800000190734863,10.100000381469727,9.699999809265137,10.0,6.273075103759766,32007700.0
2018-11-22,LH.BK,10.0,10.100000381469727,9.949999809265137,9.949999809265137,6.241708755493164,16261700.0
2018-11-23,LH.BK,9.949999809265137,10.100000381469727,9.949999809265137,10.0,6.273075103759766,8873000.0
2018-11-26,LH.BK,10.100000381469727,10.199999809265137,9.949999809265137,10.100000381469727,6.335805416107178,19803500.0
2018-11-27,LH.BK,10.100000381469727,10.300000190734863,10.100000381469727,10.300000190734863,6.461267471313477,26494200.0
2018-11-28,LH.BK,10.300000190734863,10.399999618530273,10.199999809265137,10.300000190734863,6.461267471313477,14636700.0
2018-11-29,LH.BK,10.300000190734863,10.399999618530273,10.199999809265137,10.199999809265137,6.398536205291748,26380500.0
2018-11-30,LH.BK,10.199999809265137,10.300000190734863,10.100000381469727,10.100000381469727,6.335805416107178,23426400.0
2018-12-03,LH.BK,10.199999809265137,10.399999618530273,10.0,10.399999618530273,6.523997783660889,45877000.0
2018-12-04,LH.BK,10.300000190734863,10.399999618530273,10.199999809265137,10.199999809265137,6.398536205291748,20318200.0
2018-12-06,LH.BK,10.100000381469727,10.199999809265137,10.0,10.100000381469727,6.335805416107178,28789600.0
2018-12-07,LH.BK,10.100000381469727,10.100000381469727,10.0,10.100000381469727,6.335805416107178,17169500.0
2018-12-11,LH.BK,10.0,10.199999809265137,9.899999618530273,10.100000381469727,6.335805416107178,48648300.0
2018-12-12,LH.BK,10.100000381469727,10.199999809265137,9.949999809265137,10.100000381469727,6.335805416107178,33925900.0
2018-12-13,LH.BK,10.0,10.100000381469727,9.949999809265137,10.0,6.273075103759766,55640300.0
2018-12-14,LH.BK,9.949999809265137,10.0,9.649999618530273,9.800000190734863,6.147613048553467,86162600.0
2018-12-17,LH.BK,9.800000190734863,9.850000381469727,9.699999809265137,9.850000381469727,6.17897891998291,28059100.0
2018-12-18,LH.BK,9.800000190734863,9.850000381469727,9.699999809265137,9.850000381469727,6.17897891998291,20519900.0
2018-12-19,LH.BK,9.75,9.899999618530273,9.699999809265137,9.899999618530273,6.210344314575195,19424400.0
2018-12-20,LH.BK,9.75,9.800000190734863,9.600000381469727,9.800000190734863,6.147613048553467,26683900.0
2018-12-21,LH.BK,9.75,9.800000190734863,9.699999809265137,9.75,6.116247653961182,17637900.0
2018-12-24,LH.BK,9.850000381469727,9.949999809265137,9.800000190734863,9.850000381469727,6.17897891998291,24207700.0
2018-12-25,LH.BK,9.850000381469727,9.850000381469727,9.699999809265137,9.800000190734863,6.147613048553467,17292500.0
2018-12-26,LH.BK,9.800000190734863,9.949999809265137,9.699999809265137,9.800000190734863,6.147613048553467,30016900.0
2018-12-27,LH.BK,9.899999618530273,9.899999618530273,9.75,9.800000190734863,6.147613048553467,40945800.0
2018-12-28,LH.BK,9.75,9.899999618530273,9.75,9.899999618530273,6.210344314575195,16385400.0
2019-01-02,LH.BK,9.899999618530273,10.100000381469727,9.899999618530273,10.0,6.273075103759766,24529800.0
2019-01-03,LH.BK,10.0,10.100000381469727,9.949999809265137,10.0,6.273075103759766,20097300.0
2019-01-04,LH.BK,10.0,10.100000381469727,9.699999809265137,9.850000381469727,6.17897891998291,35923400.0
2019-01-07,LH.BK,9.850000381469727,10.0,9.800000190734863,10.0,6.273075103759766,23575400.0
2019-01-08,LH.BK,10.0,10.100000381469727,9.949999809265137,10.0,6.273075103759766,12678200.0
2019-01-09,LH.BK,10.0,10.100000381469727,9.800000190734863,9.899999618530273,6.210344314575195,35687200.0
2019-01-10,LH.BK,9.899999618530273,9.949999809265137,9.800000190734863,9.850000381469727,6.17897891998291,20994400.0
2019-01-11,LH.BK,9.850000381469727,9.899999618530273,9.699999809265137,9.75,6.116247653961182,30884300.0
2019-01-14,LH.BK,9.75,9.899999618530273,9.699999809265137,9.75,6.116247653961182,23281600.0
2019-01-15,LH.BK,9.75,9.850000381469727,9.699999809265137,9.75,6.116247653961182,26647700.0
2019-01-16,LH.BK,9.800000190734863,9.850000381469727,9.649999618530273,9.75,6.116247653961182,28125900.0
2019-01-17,LH.BK,9.800000190734863,10.199999809265137,9.75,10.0,6.273075103759766,54115400.0
2019-01-18,LH.BK,10.0,10.100000381469727,9.899999618530273,10.100000381469727,6.335805416107178,22358000.0
2019-01-21,LH.BK,10.100000381469727,10.199999809265137,9.949999809265137,10.0,6.273075103759766,14624200.0
2019-01-22,LH.BK,10.0,10.100000381469727,9.949999809265137,10.0,6.273075103759766,17003100.0
2019-01-23,LH.BK,10.0,10.399999618530273,10.0,10.199999809265137,6.398536205291748,51871100.0
2019-01-24,LH.BK,10.300000190734863,10.5,10.100000381469727,10.399999618530273,6.523997783660889,39650500.0
2019-01-25,LH.BK,10.5,10.699999809265137,10.399999618530273,10.699999809265137,6.7121901512146,40749600.0
2019-01-28,LH.BK,10.699999809265137,10.800000190734863,10.300000190734863,10.5,6.586729049682617,58103200.0
2019-01-29,LH.BK,10.5,10.600000381469727,10.199999809265137,10.5,6.586729049682617,32915100.0
2019-01-30,LH.BK,10.600000381469727,10.800000190734863,10.5,10.800000190734863,6.774921894073486,56772400.0
2019-01-31,LH.BK,10.800000190734863,10.800000190734863,10.600000381469727,10.699999809265137,6.7121901512146,20526600.0
2019-02-01,LH.BK,10.800000190734863,10.800000190734863,10.600000381469727,10.699999809265137,6.7121901512146,26716500.0
2019-02-04,LH.BK,10.699999809265137,10.800000190734863,10.5,10.600000381469727,6.6494598388671875,24037600.0
2019-02-05,LH.BK,10.600000381469727,10.800000190734863,10.600000381469727,10.600000381469727,6.6494598388671875,11088300.0
2019-02-06,LH.BK,10.600000381469727,10.800000190734863,10.600000381469727,10.600000381469727,6.6494598388671875,15813700.0
2019-02-07,LH.BK,10.600000381469727,10.899999618530273,10.600000381469727,10.699999809265137,6.7121901512146,27501700.0
2019-02-08,LH.BK,10.800000190734863,11.100000381469727,10.699999809265137,10.899999618530273,6.837650775909424,77650500.0
2019-02-11,LH.BK,10.800000190734863,10.800000190734863,10.399999618530273,10.600000381469727,6.6494598388671875,76018500.0
2019-02-12,LH.BK,10.600000381469727,10.699999809265137,10.5,10.600000381469727,6.6494598388671875,24079500.0
2019-02-13,LH.BK,10.600000381469727,10.699999809265137,10.399999618530273,10.600000381469727,6.6494598388671875,45221700.0
2019-02-14,LH.BK,10.5,10.600000381469727,10.399999618530273,10.5,6.586729049682617,22923500.0
2019-02-15,LH.BK,10.399999618530273,10.5,10.399999618530273,10.399999618530273,6.523997783660889,18535600.0
2019-02-18,LH.BK,10.5,10.5,10.300000190734863,10.399999618530273,6.523997783660889,23657800.0
2019-02-20,LH.BK,10.5,10.600000381469727,10.300000190734863,10.399999618530273,6.523997783660889,23769900.0
2019-02-21,LH.BK,10.399999618530273,10.5,10.300000190734863,10.5,6.586729049682617,33976600.0
2019-02-22,LH.BK,10.5,10.699999809265137,10.399999618530273,10.5,6.586729049682617,25472500.0
2019-02-25,LH.BK,10.600000381469727,10.800000190734863,10.5,10.699999809265137,6.7121901512146,36422000.0
2019-02-26,LH.BK,10.699999809265137,10.699999809265137,10.5,10.600000381469727,6.6494598388671875,22053500.0
2019-02-27,LH.BK,10.5,10.699999809265137,10.300000190734863,10.5,6.586729049682617,33832700.0
2019-02-28,LH.BK,10.5,10.699999809265137,10.399999618530273,10.5,6.586729049682617,37088600.0
2019-03-01,LH.BK,10.5,10.600000381469727,10.399999618530273,10.399999618530273,6.523997783660889,15226700.0
2019-03-04,LH.BK,10.399999618530273,10.600000381469727,10.300000190734863,10.399999618530273,6.523997783660889,40684800.0
2019-03-05,LH.BK,10.399999618530273,10.600000381469727,10.399999618530273,10.5,6.586729049682617,22792500.0
2019-03-06,LH.BK,10.5,10.699999809265137,10.399999618530273,10.600000381469727,6.6494598388671875,31479000.0
2019-03-07,LH.BK,10.5,10.600000381469727,10.399999618530273,10.600000381469727,6.6494598388671875,23264600.0
2019-03-08,LH.BK,10.5,10.600000381469727,10.399999618530273,10.600000381469727,6.6494598388671875,19853100.0
2019-03-11,LH.BK,10.600000381469727,10.699999809265137,10.5,10.600000381469727,6.6494598388671875,19827400.0
2019-03-12,LH.BK,10.699999809265137,10.699999809265137,10.5,10.600000381469727,6.6494598388671875,41954400.0
2019-03-13,LH.BK,10.600000381469727,10.699999809265137,10.5,10.600000381469727,6.6494598388671875,34038800.0
2019-03-14,LH.BK,10.600000381469727,10.600000381469727,10.5,10.600000381469727,6.6494598388671875,20741500.0
2019-03-15,LH.BK,10.600000381469727,10.600000381469727,10.399999618530273,10.399999618530273,6.523997783660889,55169900.0
2019-03-18,LH.BK,10.5,10.5,10.300000190734863,10.399999618530273,6.523997783660889,16773600.0
2019-03-19,LH.BK,10.300000190734863,10.5,10.300000190734863,10.399999618530273,6.523997783660889,25445000.0
2019-03-20,LH.BK,10.399999618530273,10.5,10.300000190734863,10.300000190734863,6.461267471313477,31030300.0
2019-03-21,LH.BK,10.399999618530273,10.5,10.300000190734863,10.300000190734863,6.461267471313477,26483000.0
2019-03-22,LH.BK,10.399999618530273,10.699999809265137,10.399999618530273,10.699999809265137,6.7121901512146,53714200.0
2019-03-25,LH.BK,10.5,10.600000381469727,10.399999618530273,10.600000381469727,6.6494598388671875,26418100.0
2019-03-26,LH.BK,10.600000381469727,10.699999809265137,10.5,10.699999809265137,6.7121901512146,19346600.0
2019-03-27,LH.BK,10.600000381469727,10.699999809265137,10.600000381469727,10.699999809265137,6.7121901512146,12736000.0
2019-03-28,LH.BK,10.600000381469727,10.699999809265137,10.600000381469727,10.600000381469727,6.6494598388671875,27361100.0
2019-03-29,LH.BK,10.699999809265137,10.800000190734863,10.600000381469727,10.699999809265137,6.7121901512146,44070500.0
2019-04-01,LH.BK,10.899999618530273,10.899999618530273,10.699999809265137,10.800000190734863,6.774921894073486,31943400.0
2019-04-02,LH.BK,10.899999618530273,11.0,10.699999809265137,10.899999618530273,6.837650775909424,27207500.0
2019-04-03,LH.BK,10.899999618530273,11.0,10.699999809265137,10.899999618530273,6.837650775909424,29363100.0
2019-04-04,LH.BK,10.899999618530273,10.899999618530273,10.5,10.699999809265137,6.7121901512146,41015400.0
2019-04-05,LH.BK,10.699999809265137,10.800000190734863,10.600000381469727,10.699999809265137,6.7121901512146,26248500.0
2019-04-09,LH.BK,10.800000190734863,10.800000190734863,10.600000381469727,10.699999809265137,6.7121901512146,38902900.0
2019-04-10,LH.BK,10.699999809265137,10.800000190734863,10.600000381469727,10.699999809265137,6.7121901512146,22267800.0
2019-04-11,LH.BK,10.699999809265137,10.699999809265137,10.600000381469727,10.699999809265137,6.7121901512146,24565500.0
2019-04-12,LH.BK,10.699999809265137,10.800000190734863,10.600000381469727,10.699999809265137,6.7121901512146,22245300.0
2019-04-17,LH.BK,10.699999809265137,10.899999618530273,10.699999809265137,10.800000190734863,6.774921894073486,38496200.0
2019-04-18,LH.BK,10.800000190734863,11.100000381469727,10.800000190734863,11.0,6.900383949279785,35273700.0
2019-04-19,LH.BK,11.0,11.100000381469727,10.899999618530273,11.0,6.900383949279785,26385900.0
2019-04-22,LH.BK,11.0,11.199999809265137,11.0,11.199999809265137,7.025844573974609,48522500.0
2019-04-23,LH.BK,11.199999809265137,11.199999809265137,11.100000381469727,11.100000381469727,6.963113784790039,19906100.0
2019-04-24,LH.BK,11.100000381469727,11.199999809265137,10.899999618530273,11.0,6.900383949279785,38096400.0
2019-04-25,LH.BK,11.0,11.199999809265137,11.0,11.100000381469727,6.963113784790039,20058200.0
2019-04-26,LH.BK,11.100000381469727,11.199999809265137,10.899999618530273,11.0,6.900383949279785,25006000.0
2019-04-29,LH.BK,11.100000381469727,11.100000381469727,10.899999618530273,11.100000381469727,6.963113784790039,25898300.0
2019-04-30,LH.BK,11.0,11.199999809265137,11.0,11.199999809265137,7.025844573974609,25244900.0
2019-05-02,LH.BK,11.199999809265137,11.199999809265137,10.899999618530273,11.0,6.900383949279785,43407900.0
2019-05-03,LH.BK,10.699999809265137,10.800000190734863,10.600000381469727,10.699999809265137,6.932778358459473,54486200.0
2019-05-07,LH.BK,10.600000381469727,10.699999809265137,10.600000381469727,10.699999809265137,6.932778358459473,22749300.0
2019-05-08,LH.BK,10.600000381469727,10.699999809265137,10.5,10.600000381469727,6.86798620223999,30599500.0
2019-05-09,LH.BK,10.600000381469727,10.699999809265137,10.600000381469727,10.699999809265137,6.932778358459473,19124000.0
2019-05-10,LH.BK,10.699999809265137,10.800000190734863,10.600000381469727,10.699999809265137,6.932778358459473,40319600.0
2019-05-13,LH.BK,10.699999809265137,10.800000190734863,10.600000381469727,10.800000190734863,6.9975714683532715,22788300.0
2019-05-14,LH.BK,10.600000381469727,10.699999809265137,10.399999618530273,10.600000381469727,6.86798620223999,63564200.0
2019-05-15,LH.BK,10.600000381469727,10.699999809265137,10.5,10.5,6.80319356918335,39384600.0
2019-05-16,LH.BK,10.5,10.600000381469727,10.199999809265137,10.399999618530273,6.738401412963867,46911400.0
2019-05-17,LH.BK,10.5,10.699999809265137,10.399999618530273,10.600000381469727,6.86798620223999,43879300.0
2019-05-21,LH.BK,10.5,10.600000381469727,10.300000190734863,10.5,6.80319356918335,48005000.0
2019-05-22,LH.BK,10.5,10.800000190734863,10.5,10.699999809265137,6.932778358459473,58162800.0
2019-05-23,LH.BK,10.600000381469727,10.699999809265137,10.5,10.600000381469727,6.86798620223999,52778500.0
2019-05-24,LH.BK,10.600000381469727,10.600000381469727,10.399999618530273,10.5,6.80319356918335,56349300.0
2019-05-27,LH.BK,10.600000381469727,10.699999809265137,10.5,10.600000381469727,6.86798620223999,43527800.0
2019-05-28,LH.BK,10.600000381469727,10.699999809265137,10.399999618530273,10.399999618530273,6.738401412963867,356224600.0
2019-05-29,LH.BK,10.5,10.600000381469727,10.399999618530273,10.600000381469727,6.86798620223999,53428600.0
2019-05-30,LH.BK,10.5,10.600000381469727,10.5,10.5,6.80319356918335,15400200.0
2019-05-31,LH.BK,10.5,10.699999809265137,10.399999618530273,10.600000381469727,6.86798620223999,43018200.0
2019-06-04,LH.BK,10.699999809265137,10.800000190734863,10.600000381469727,10.699999809265137,6.932778358459473,41035500.0
2019-06-05,LH.BK,11.0,11.100000381469727,10.800000190734863,11.0,7.127157211303711,110842500.0
2019-06-06,LH.BK,11.100000381469727,11.699999809265137,10.899999618530273,11.100000381469727,7.191948413848877,131420300.0
2019-06-07,LH.BK,11.199999809265137,11.300000190734863,11.0,11.0,7.127157211303711,31259900.0
2019-06-10,LH.BK,11.100000381469727,11.300000190734863,11.0,11.100000381469727,7.191948413848877,31942700.0
2019-06-11,LH.BK,11.100000381469727,11.399999618530273,11.100000381469727,11.300000190734863,7.321532249450684,51198900.0
2019-06-12,LH.BK,11.300000190734863,11.399999618530273,11.199999809265137,11.300000190734863,7.321532249450684,46580300.0
2019-06-13,LH.BK,11.199999809265137,11.300000190734863,11.100000381469727,11.300000190734863,7.321532249450684,46961500.0
2019-06-14,LH.BK,11.199999809265137,11.399999618530273,11.199999809265137,11.300000190734863,7.321532249450684,38659600.0
2019-06-17,LH.BK,11.0,11.100000381469727,10.800000190734863,10.899999618530273,7.062361717224121,186162700.0
2019-06-18,LH.BK,10.899999618530273,11.0,10.899999618530273,11.0,7.127157211303711,53131700.0
2019-06-19,LH.BK,11.0,11.100000381469727,10.899999618530273,11.100000381469727,7.191948413848877,84812800.0
2019-06-20,LH.BK,11.100000381469727,11.300000190734863,11.0,11.100000381469727,7.191948413848877,165420100.0
2019-06-21,LH.BK,11.199999809265137,11.399999618530273,11.100000381469727,11.100000381469727,7.191948413848877,203058700.0
2019-06-24,LH.BK,11.100000381469727,11.199999809265137,11.0,11.100000381469727,7.191948413848877,56229700.0
2019-06-25,LH.BK,11.100000381469727,11.199999809265137,11.0,11.100000381469727,7.191948413848877,68461000.0
2019-06-26,LH.BK,11.0,11.100000381469727,10.899999618530273,11.0,7.127157211303711,70566300.0
2019-06-27,LH.BK,11.0,11.100000381469727,10.899999618530273,11.0,7.127157211303711,64563300.0
2019-06-28,LH.BK,11.0,11.100000381469727,10.899999618530273,11.100000381469727,7.191948413848877,59819900.0
2019-07-01,LH.BK,11.100000381469727,11.199999809265137,11.0,11.100000381469727,7.191948413848877,62518500.0
2019-07-02,LH.BK,11.0,11.199999809265137,11.0,11.100000381469727,7.191948413848877,40338100.0
2019-07-03,LH.BK,11.100000381469727,11.199999809265137,11.100000381469727,11.199999809265137,7.256740570068359,52609500.0
2019-07-04,LH.BK,11.199999809265137,11.399999618530273,11.100000381469727,11.199999809265137,7.256740570068359,92457100.0
2019-07-05,LH.BK,11.199999809265137,11.300000190734863,11.100000381469727,11.100000381469727,7.191948413848877,29213600.0
2019-07-08,LH.BK,11.199999809265137,11.199999809265137,11.100000381469727,11.100000381469727,7.191948413848877,28451000.0
2019-07-09,LH.BK,11.100000381469727,11.199999809265137,11.0,11.199999809265137,7.256740570068359,35535000.0
2019-07-10,LH.BK,11.199999809265137,11.199999809265137,11.100000381469727,11.100000381469727,7.191948413848877,38181500.0
2019-07-11,LH.BK,11.199999809265137,11.199999809265137,11.100000381469727,11.199999809265137,7.256740570068359,22768100.0
2019-07-12,LH.BK,11.199999809265137,11.199999809265137,11.100000381469727,11.199999809265137,7.256740570068359,52621000.0
2019-07-15,LH.BK,11.199999809265137,11.300000190734863,11.100000381469727,11.100000381469727,7.191948413848877,38193900.0
2019-07-17,LH.BK,11.100000381469727,11.199999809265137,11.100000381469727,11.100000381469727,7.191948413848877,49504000.0
2019-07-18,LH.BK,11.100000381469727,11.300000190734863,11.100000381469727,11.199999809265137,7.256740570068359,51143000.0
2019-07-19,LH.BK,11.300000190734863,11.300000190734863,11.199999809265137,11.199999809265137,7.256740570068359,28783400.0
2019-07-22,LH.BK,11.199999809265137,11.399999618530273,11.199999809265137,11.300000190734863,7.321532249450684,75560200.0
2019-07-23,LH.BK,11.300000190734863,11.399999618530273,11.199999809265137,11.300000190734863,7.321532249450684,56530400.0
2019-07-24,LH.BK,11.300000190734863,11.399999618530273,11.300000190734863,11.300000190734863,7.321532249450684,20444600.0
2019-07-25,LH.BK,11.399999618530273,11.5,11.300000190734863,11.300000190734863,7.321532249450684,83649300.0
2019-07-26,LH.BK,11.300000190734863,11.399999618530273,11.199999809265137,11.399999618530273,7.38632345199585,34173200.0
2019-07-30,LH.BK,11.300000190734863,11.399999618530273,11.199999809265137,11.300000190734863,7.321532249450684,58173500.0
2019-07-31,LH.BK,11.399999618530273,11.399999618530273,11.300000190734863,11.300000190734863,7.321532249450684,79504800.0
2019-08-01,LH.BK,11.199999809265137,11.300000190734863,11.100000381469727,11.199999809265137,7.256740570068359,44301100.0
2019-08-02,LH.BK,11.100000381469727,11.100000381469727,10.899999618530273,11.100000381469727,7.191948413848877,90571300.0
2019-08-05,LH.BK,11.0,11.199999809265137,11.0,11.100000381469727,7.191948413848877,34120100.0
2019-08-06,LH.BK,11.0,11.100000381469727,10.800000190734863,10.899999618530273,7.062361717224121,85163000.0
2019-08-07,LH.BK,10.899999618530273,11.399999618530273,10.899999618530273,11.199999809265137,7.256740570068359,72152200.0
2019-08-08,LH.BK,11.199999809265137,11.399999618530273,11.100000381469727,11.100000381469727,7.191948413848877,49366200.0
2019-08-09,LH.BK,11.100000381469727,11.300000190734863,11.100000381469727,11.100000381469727,7.191948413848877,25302600.0
2019-08-13,LH.BK,11.100000381469727,11.199999809265137,10.899999618530273,10.899999618530273,7.062361717224121,48333300.0
2019-08-14,LH.BK,11.0,11.100000381469727,10.899999618530273,10.899999618530273,7.062361717224121,34828800.0
2019-08-15,LH.BK,10.899999618530273,10.899999618530273,10.399999618530273,10.600000381469727,6.86798620223999,138643700.0
2019-08-16,LH.BK,10.600000381469727,10.899999618530273,10.600000381469727,10.899999618530273,7.062361717224121,52813300.0
2019-08-19,LH.BK,10.899999618530273,11.0,10.899999618530273,10.899999618530273,7.062361717224121,35480200.0
2019-08-20,LH.BK,11.0,11.0,10.699999809265137,10.800000190734863,6.9975714683532715,47379200.0
2019-08-21,LH.BK,10.800000190734863,11.0,10.699999809265137,10.800000190734863,6.9975714683532715,42610800.0
2019-08-22,LH.BK,10.800000190734863,11.0,10.800000190734863,10.899999618530273,7.062361717224121,40545100.0
2019-08-23,LH.BK,10.899999618530273,11.100000381469727,10.899999618530273,10.899999618530273,7.062361717224121,21021700.0
2019-08-26,LH.BK,10.800000190734863,10.899999618530273,10.699999809265137,10.899999618530273,7.062361717224121,47741300.0
2019-08-27,LH.BK,10.899999618530273,11.100000381469727,10.800000190734863,11.100000381469727,7.191948413848877,53437700.0
2019-08-28,LH.BK,10.800000190734863,10.800000190734863,10.600000381469727,10.699999809265137,7.125355243682861,49168700.0
2019-08-29,LH.BK,10.699999809265137,10.800000190734863,10.600000381469727,10.800000190734863,7.191948413848877,24089600.0
2019-08-30,LH.BK,10.800000190734863,10.899999618530273,10.600000381469727,10.800000190734863,7.191948413848877,60479500.0
2019-09-02,LH.BK,10.699999809265137,10.800000190734863,10.600000381469727,10.699999809265137,7.125355243682861,32421100.0
2019-09-03,LH.BK,10.699999809265137,10.800000190734863,10.600000381469727,10.600000381469727,7.05876350402832,26336200.0
2019-09-04,LH.BK,10.600000381469727,10.699999809265137,10.600000381469727,10.699999809265137,7.125355243682861,27598600.0
2019-09-05,LH.BK,10.699999809265137,10.800000190734863,10.600000381469727,10.699999809265137,7.125355243682861,28149500.0
2019-09-06,LH.BK,10.600000381469727,10.699999809265137,10.600000381469727,10.699999809265137,7.125355243682861,20172900.0
2019-09-09,LH.BK,10.699999809265137,10.800000190734863,10.5,10.600000381469727,7.05876350402832,36982300.0
2019-09-10,LH.BK,10.600000381469727,10.800000190734863,10.5,10.5,6.992171287536621,40534700.0
2019-09-11,LH.BK,10.5,10.600000381469727,10.399999618530273,10.5,6.992171287536621,41234400.0
2019-09-12,LH.BK,10.399999618530273,10.5,10.100000381469727,10.300000190734863,6.858986854553223,100715700.0
2019-09-13,LH.BK,10.300000190734863,10.399999618530273,10.199999809265137,10.399999618530273,6.925579071044922,31355900.0
2019-09-16,LH.BK,10.399999618530273,10.5,10.199999809265137,10.300000190734863,6.858986854553223,35718300.0
2019-09-17,LH.BK,10.300000190734863,10.399999618530273,10.199999809265137,10.300000190734863,6.858986854553223,66964200.0
2019-09-18,LH.BK,10.300000190734863,10.399999618530273,10.199999809265137,10.300000190734863,6.858986854553223,33642100.0
2019-09-19,LH.BK,10.300000190734863,10.399999618530273,9.899999618530273,10.0,6.6592116355896,69058600.0
2019-09-20,LH.BK,10.100000381469727,10.100000381469727,9.949999809265137,10.0,6.6592116355896,71208700.0
2019-09-23,LH.BK,10.0,10.100000381469727,9.899999618530273,10.0,6.6592116355896,37911700.0
2019-09-24,LH.BK,9.949999809265137,10.0,9.800000190734863,9.850000381469727,6.559322357177734,67766700.0
2019-09-25,LH.BK,9.899999618530273,9.949999809265137,9.800000190734863,9.850000381469727,6.559322357177734,31608900.0
2019-09-26,LH.BK,9.899999618530273,9.949999809265137,9.699999809265137,9.699999809265137,6.4594340324401855,76402400.0
2019-09-27,LH.BK,9.75,9.949999809265137,9.699999809265137,9.850000381469727,6.559322357177734,54397100.0
2019-09-30,LH.BK,9.850000381469727,9.899999618530273,9.550000190734863,9.600000381469727,6.3928422927856445,89448100.0
2019-10-01,LH.BK,9.649999618530273,9.699999809265137,9.5,9.600000381469727,6.3928422927856445,46384400.0
2019-10-02,LH.BK,9.600000381469727,9.649999618530273,9.5,9.550000190734863,6.359546184539795,33563000.0
2019-10-03,LH.BK,9.5,9.649999618530273,9.5,9.550000190734863,6.359546184539795,24196400.0
2019-10-04,LH.BK,9.550000190734863,9.649999618530273,9.5,9.550000190734863,6.359546184539795,38149800.0
2019-10-07,LH.BK,9.600000381469727,9.699999809265137,9.600000381469727,9.649999618530273,6.426137924194336,27240300.0
2019-10-08,LH.BK,9.699999809265137,9.75,9.600000381469727,9.600000381469727,6.3928422927856445,25823900.0
2019-10-09,LH.BK,9.699999809265137,9.800000190734863,9.649999618530273,9.699999809265137,6.4594340324401855,42286300.0
2019-10-10,LH.BK,9.75,9.75,9.649999618530273,9.699999809265137,6.4594340324401855,26612400.0
2019-10-11,LH.BK,9.75,9.800000190734863,9.649999618530273,9.699999809265137,6.4594340324401855,30387700.0
2019-10-15,LH.BK,9.75,9.800000190734863,9.649999618530273,9.699999809265137,6.4594340324401855,16426900.0
2019-10-16,LH.BK,9.800000190734863,9.949999809265137,9.699999809265137,9.899999618530273,6.592618465423584,40131200.0
2019-10-17,LH.BK,9.949999809265137,10.0,9.800000190734863,9.899999618530273,6.592618465423584,21678100.0
2019-10-18,LH.BK,9.800000190734863,9.850000381469727,9.600000381469727,9.600000381469727,6.3928422927856445,32500600.0
2019-10-21,LH.BK,9.600000381469727,9.75,9.600000381469727,9.699999809265137,6.4594340324401855,30474500.0
2019-10-22,LH.BK,9.699999809265137,9.75,9.649999618530273,9.75,6.492730140686035,16610400.0
2019-10-24,LH.BK,9.800000190734863,9.800000190734863,9.699999809265137,9.75,6.492730140686035,25757300.0
2019-10-25,LH.BK,9.75,9.800000190734863,9.600000381469727,9.699999809265137,6.4594340324401855,38114700.0
2019-10-28,LH.BK,9.699999809265137,9.75,9.5,9.600000381469727,6.3928422927856445,27684300.0
2019-10-29,LH.BK,9.649999618530273,9.699999809265137,9.5,9.550000190734863,6.359546184539795,24828500.0
2019-10-30,LH.BK,9.649999618530273,9.800000190734863,9.600000381469727,9.699999809265137,6.4594340324401855,36085000.0
2019-10-31,LH.BK,9.699999809265137,9.800000190734863,9.600000381469727,9.699999809265137,6.4594340324401855,34634500.0
2019-11-01,LH.BK,9.75,9.800000190734863,9.649999618530273,9.699999809265137,6.4594340324401855,16477000.0
2019-11-04,LH.BK,9.699999809265137,9.949999809265137,9.649999618530273,9.850000381469727,6.559322357177734,32703000.0
2019-11-05,LH.BK,9.850000381469727,9.899999618530273,9.75,9.850000381469727,6.559322357177734,15408300.0
2019-11-06,LH.BK,9.850000381469727,10.199999809265137,9.850000381469727,10.100000381469727,6.725802421569824,53446200.0
2019-11-07,LH.BK,10.199999809265137,10.199999809265137,10.0,10.199999809265137,6.792394638061523,30024800.0
2019-11-08,LH.BK,10.100000381469727,10.199999809265137,10.0,10.100000381469727,6.725802421569824,17227700.0
2019-11-11,LH.BK,10.100000381469727,10.100000381469727,9.899999618530273,10.100000381469727,6.725802421569824,28824100.0
2019-11-12,LH.BK,10.100000381469727,10.199999809265137,10.0,10.0,6.6592116355896,14013700.0
2019-11-13,LH.BK,10.0,10.100000381469727,9.899999618530273,10.0,6.6592116355896,20329600.0
2019-11-14,LH.BK,10.0,10.100000381469727,9.899999618530273,9.949999809265137,6.625913619995117,33272600.0
2019-11-15,LH.BK,10.0,10.100000381469727,9.850000381469727,9.949999809265137,6.625913619995117,29156100.0
2019-11-18,LH.BK,9.949999809265137,10.0,9.899999618530273,10.0,6.6592116355896,17334300.0
2019-11-19,LH.BK,9.949999809265137,10.0,9.800000190734863,9.949999809265137,6.625913619995117,25836600.0
2019-11-20,LH.BK,9.899999618530273,9.899999618530273,9.75,9.800000190734863,6.526025772094727,27051300.0
2019-11-21,LH.BK,9.800000190734863,9.949999809265137,9.800000190734863,9.899999618530273,6.592618465423584,18416500.0
2019-11-22,LH.BK,9.899999618530273,9.949999809265137,9.800000190734863,9.899999618530273,6.592618465423584,21517900.0
2019-11-25,LH.BK,9.899999618530273,10.0,9.850000381469727,9.949999809265137,6.625913619995117,24434700.0
2019-11-26,LH.BK,9.949999809265137,9.949999809265137,9.899999618530273,9.949999809265137,6.625913619995117,47306600.0
2019-11-27,LH.BK,9.949999809265137,9.949999809265137,9.899999618530273,9.949999809265137,6.625913619995117,9620100.0
2019-11-28,LH.BK,9.949999809265137,9.949999809265137,9.850000381469727,9.899999618530273,6.592618465423584,11640200.0
2019-11-29,LH.BK,9.899999618530273,9.899999618530273,9.75,9.800000190734863,6.526025772094727,23176000.0
2019-12-02,LH.BK,9.800000190734863,9.899999618530273,9.75,9.850000381469727,6.559322357177734,24401400.0
2019-12-03,LH.BK,9.800000190734863,9.850000381469727,9.800000190734863,9.800000190734863,6.526025772094727,13186500.0
2019-12-04,LH.BK,9.75,9.800000190734863,9.699999809265137,9.75,6.492730140686035,14025100.0
2019-12-06,LH.BK,9.75,9.800000190734863,9.699999809265137,9.75,6.492730140686035,22712300.0
2019-12-09,LH.BK,9.75,9.800000190734863,9.699999809265137,9.75,6.492730140686035,23603600.0
2019-12-11,LH.BK,9.75,9.75,9.600000381469727,9.699999809265137,6.4594340324401855,35175000.0
2019-12-12,LH.BK,9.699999809265137,9.75,9.600000381469727,9.699999809265137,6.4594340324401855,35152700.0
2019-12-13,LH.BK,9.649999618530273,9.699999809265137,9.5,9.600000381469727,6.3928422927856445,42805000.0
2019-12-16,LH.BK,9.600000381469727,9.600000381469727,9.5,9.5,6.3262505531311035,18337300.0
2019-12-17,LH.BK,9.5,9.649999618530273,9.5,9.550000190734863,6.359546184539795,25862900.0
2019-12-18,LH.BK,9.550000190734863,9.649999618530273,9.5,9.600000381469727,6.3928422927856445,23641600.0
2019-12-19,LH.BK,9.550000190734863,9.649999618530273,9.5,9.600000381469727,6.3928422927856445,25654600.0
2019-12-20,LH.BK,9.600000381469727,9.75,9.550000190734863,9.75,6.492730140686035,43228600.0
2019-12-23,LH.BK,9.75,9.75,9.600000381469727,9.699999809265137,6.4594340324401855,25963200.0
2019-12-24,LH.BK,9.699999809265137,9.800000190734863,9.649999618530273,9.699999809265137,6.4594340324401855,10278000.0
2019-12-25,LH.BK,9.699999809265137,9.75,9.649999618530273,9.75,6.492730140686035,8904300.0
2019-12-26,LH.BK,9.75,9.899999618530273,9.600000381469727,9.699999809265137,6.4594340324401855,57835400.0
2019-12-27,LH.BK,9.75,9.850000381469727,9.699999809265137,9.75,6.492730140686035,31139200.0
2019-12-30,LH.BK,9.800000190734863,9.850000381469727,9.75,9.800000190734863,6.526025772094727,15105000.0
2020-01-02,LH.BK,9.800000190734863,10.300000190734863,9.800000190734863,10.100000381469727,6.725802421569824,54709900.0
2020-01-03,LH.BK,10.199999809265137,10.5,10.199999809265137,10.300000190734863,6.858986854553223,59202600.0
2020-01-06,LH.BK,10.300000190734863,10.399999618530273,9.899999618530273,10.0,6.6592116355896,71943300.0
2020-01-07,LH.BK,10.199999809265137,10.300000190734863,10.0,10.199999809265137,6.792394638061523,44112500.0
2020-01-08,LH.BK,10.0,10.199999809265137,9.899999618530273,10.100000381469727,6.725802421569824,64858100.0
2020-01-09,LH.BK,10.199999809265137,10.199999809265137,10.0,10.199999809265137,6.792394638061523,38912900.0
2020-01-10,LH.BK,10.100000381469727,10.199999809265137,10.100000381469727,10.199999809265137,6.792394638061523,17574300.0
2020-01-13,LH.BK,10.199999809265137,10.300000190734863,10.100000381469727,10.300000190734863,6.858986854553223,27141600.0
2020-01-14,LH.BK,10.300000190734863,10.399999618530273,10.199999809265137,10.300000190734863,6.858986854553223,24475300.0
2020-01-15,LH.BK,10.199999809265137,10.300000190734863,10.199999809265137,10.300000190734863,6.858986854553223,13865000.0
2020-01-16,LH.BK,10.300000190734863,10.399999618530273,10.199999809265137,10.300000190734863,6.858986854553223,30821400.0
2020-01-17,LH.BK,10.300000190734863,10.300000190734863,10.100000381469727,10.199999809265137,6.792394638061523,18083300.0
2020-01-20,LH.BK,10.199999809265137,10.300000190734863,10.100000381469727,10.199999809265137,6.792394638061523,20669600.0
2020-01-21,LH.BK,10.100000381469727,10.199999809265137,9.899999618530273,9.899999618530273,6.592618465423584,58993600.0
2020-01-22,LH.BK,9.949999809265137,10.0,9.899999618530273,9.899999618530273,6.592618465423584,28222300.0
2020-01-23,LH.BK,9.899999618530273,9.899999618530273,9.699999809265137,9.75,6.492730140686035,56998200.0
2020-01-24,LH.BK,9.75,9.800000190734863,9.699999809265137,9.75,6.492730140686035,11866600.0
2020-01-27,LH.BK,9.699999809265137,9.699999809265137,9.5,9.5,6.3262505531311035,52775800.0
2020-01-28,LH.BK,9.5,9.649999618530273,9.5,9.550000190734863,6.359546184539795,36769600.0
2020-01-29,LH.BK,9.600000381469727,9.75,9.550000190734863,9.649999618530273,6.426137924194336,28257400.0
2020-01-30,LH.BK,9.649999618530273,9.75,9.600000381469727,9.600000381469727,6.3928422927856445,19081500.0
2020-01-31,LH.BK,9.600000381469727,9.600000381469727,9.300000190734863,9.300000190734863,6.193066120147705,92947400.0
2020-02-03,LH.BK,9.300000190734863,9.350000381469727,9.149999618530273,9.149999618530273,6.093177318572998,42766300.0
2020-02-04,LH.BK,9.149999618530273,9.25,9.0,9.25,6.159770488739014,73843600.0
2020-02-05,LH.BK,9.25,9.600000381469727,9.199999809265137,9.550000190734863,6.359546184539795,56303300.0
2020-02-06,LH.BK,9.600000381469727,9.699999809265137,9.399999618530273,9.550000190734863,6.359546184539795,67632800.0
2020-02-07,LH.BK,9.550000190734863,9.699999809265137,9.5,9.550000190734863,6.359546184539795,39433800.0
2020-02-11,LH.BK,9.5,9.649999618530273,9.399999618530273,9.550000190734863,6.359546184539795,40033600.0
2020-02-12,LH.BK,9.5,9.699999809265137,9.5,9.649999618530273,6.426137924194336,22240100.0
2020-02-13,LH.BK,9.600000381469727,9.649999618530273,9.5,9.550000190734863,6.359546184539795,13914700.0
2020-02-14,LH.BK,9.550000190734863,9.600000381469727,9.399999618530273,9.600000381469727,6.3928422927856445,37581200.0
2020-02-17,LH.BK,9.550000190734863,9.600000381469727,9.5,9.5,6.3262505531311035,11809200.0
2020-02-18,LH.BK,9.5,9.5,9.350000381469727,9.399999618530273,6.259657859802246,16823700.0
2020-02-19,LH.BK,9.399999618530273,9.449999809265137,9.300000190734863,9.399999618530273,6.259657859802246,20526000.0
2020-02-20,LH.BK,9.399999618530273,9.449999809265137,9.300000190734863,9.350000381469727,6.226362705230713,17516300.0
2020-02-21,LH.BK,9.199999809265137,9.300000190734863,9.149999618530273,9.25,6.159770488739014,35404600.0
2020-02-24,LH.BK,9.149999618530273,9.149999618530273,8.699999809265137,8.75,5.826808929443359,62283700.0
2020-02-25,LH.BK,8.75,8.899999618530273,8.600000381469727,8.75,5.826808929443359,57066500.0
2020-02-26,LH.BK,8.5,8.550000190734863,8.199999809265137,8.199999809265137,5.46055269241333,71308300.0
2020-02-27,LH.BK,8.25,8.550000190734863,8.149999618530273,8.5,5.660329341888428,47570800.0
2020-02-28,LH.BK,8.300000190734863,8.5,8.300000190734863,8.399999618530273,5.593737602233887,34770300.0
2020-03-02,LH.BK,8.350000381469727,8.449999809265137,8.199999809265137,8.25,5.49384880065918,32198300.0
2020-03-03,LH.BK,8.399999618530273,8.600000381469727,8.350000381469727,8.5,5.660329341888428,43273900.0
2020-03-04,LH.BK,8.449999809265137,8.800000190734863,8.399999618530273,8.649999618530273,5.76021671295166,53253800.0
2020-03-05,LH.BK,8.699999809265137,8.949999809265137,8.699999809265137,8.850000381469727,5.893401622772217,52762100.0
2020-03-06,LH.BK,8.649999618530273,8.75,8.600000381469727,8.649999618530273,5.76021671295166,31215400.0
2020-03-09,LH.BK,8.399999618530273,8.5,8.199999809265137,8.199999809265137,5.46055269241333,61994500.0
2020-03-10,LH.BK,8.199999809265137,8.350000381469727,8.199999809265137,8.199999809265137,5.46055269241333,44238300.0
2020-03-11,LH.BK,8.25,8.350000381469727,8.050000190734863,8.149999618530273,5.427257061004639,34673500.0
2020-03-12,LH.BK,7.699999809265137,7.900000095367432,6.800000190734863,7.050000190734863,4.694743633270264,102539600.0
2020-03-13,LH.BK,6.0,7.300000190734863,5.599999904632568,7.25,4.827927589416504,115700200.0
2020-03-16,LH.BK,6.5,7.349999904632568,6.5,6.699999809265137,4.461671352386475,62183300.0
2020-03-17,LH.BK,6.650000095367432,7.0,6.550000190734863,6.599999904632568,4.395079135894775,47451300.0
2020-03-18,LH.BK,6.599999904632568,6.849999904632568,6.349999904632568,6.599999904632568,4.395079135894775,47984300.0
2020-03-19,LH.BK,6.25,6.449999809265137,6.099999904632568,6.449999809265137,4.295190811157227,61503700.0
2020-03-20,LH.BK,6.550000190734863,7.050000190734863,6.449999809265137,6.800000190734863,4.528263568878174,74930700.0
2020-03-23,LH.BK,6.25,6.5,6.0,6.0,3.9955272674560547,45534300.0
2020-03-24,LH.BK,6.199999809265137,6.300000190734863,6.0,6.0,3.9955272674560547,34648500.0
2020-03-25,LH.BK,6.199999809265137,6.349999904632568,6.150000095367432,6.25,4.162006378173828,41492900.0
2020-03-26,LH.BK,6.199999809265137,6.449999809265137,6.150000095367432,6.349999904632568,4.228598117828369,21161600.0
2020-03-27,LH.BK,6.550000190734863,6.900000095367432,6.300000190734863,6.5,4.328486919403076,55775300.0
2020-03-30,LH.BK,6.400000095367432,6.400000095367432,6.400000095367432,6.400000095367432,4.261894702911377,2156500.0
2020-03-31,LH.BK,6.5,6.699999809265137,6.400000095367432,6.699999809265137,4.461671352386475,51446500.0
2020-04-01,LH.BK,6.599999904632568,6.75,6.449999809265137,6.5,4.328486919403076,47271500.0
2020-04-02,LH.BK,6.5,6.699999809265137,6.449999809265137,6.650000095367432,4.428375244140625,39881500.0
2020-04-03,LH.BK,6.599999904632568,6.650000095367432,6.5,6.650000095367432,4.428375244140625,21870400.0
2020-04-07,LH.BK,6.949999809265137,7.099999904632568,6.800000190734863,6.949999809265137,4.628150463104248,67168600.0
2020-04-08,LH.BK,6.949999809265137,7.099999904632568,6.75,7.0,4.661447048187256,53816800.0
2020-04-09,LH.BK,7.099999904632568,7.849999904632568,7.050000190734863,7.25,4.827927589416504,78321400.0
2020-04-10,LH.BK,7.150000095367432,7.349999904632568,7.050000190734863,7.199999809265137,4.794631481170654,45809400.0
2020-04-13,LH.BK,7.199999809265137,7.449999809265137,7.199999809265137,7.449999809265137,4.961111545562744,25311900.0
2020-04-14,LH.BK,7.599999904632568,8.050000190734863,7.550000190734863,7.650000095367432,5.094296455383301,80587800.0
2020-04-15,LH.BK,7.75,7.800000190734863,7.349999904632568,7.400000095367432,4.927815914154053,55256300.0
2020-04-16,LH.BK,7.349999904632568,7.349999904632568,7.099999904632568,7.099999904632568,4.728039264678955,63595900.0
2020-04-17,LH.BK,7.25,7.400000095367432,7.050000190734863,7.25,4.827927589416504,63121700.0
2020-04-20,LH.BK,7.25,7.5,7.199999809265137,7.400000095367432,4.927815914154053,32231100.0
2020-04-21,LH.BK,7.25,7.400000095367432,7.25,7.349999904632568,4.894519329071045,19698400.0
2020-04-22,LH.BK,7.25,7.300000190734863,7.150000095367432,7.25,4.827927589416504,47234900.0
2020-04-23,LH.BK,7.199999809265137,7.300000190734863,7.099999904632568,7.199999809265137,4.794631481170654,44776700.0
2020-04-24,LH.BK,7.150000095367432,7.25,7.050000190734863,7.099999904632568,4.728039264678955,45423300.0
2020-04-27,LH.BK,7.099999904632568,7.25,7.050000190734863,7.199999809265137,4.794631481170654,27626300.0
2020-04-28,LH.BK,7.199999809265137,7.349999904632568,7.150000095367432,7.300000190734863,4.861224174499512,30703300.0
2020-04-29,LH.BK,7.300000190734863,7.400000095367432,7.199999809265137,7.25,4.827927589416504,25396200.0
2020-04-30,LH.BK,7.349999904632568,7.400000095367432,7.300000190734863,7.400000095367432,4.927815914154053,37404900.0
2020-05-05,LH.BK,7.400000095367432,7.400000095367432,7.25,7.300000190734863,4.861224174499512,60721000.0
2020-05-07,LH.BK,6.900000095367432,6.949999809265137,6.5,6.550000190734863,4.614639759063721,120170500.0
2020-05-08,LH.BK,6.550000190734863,6.650000095367432,6.400000095367432,6.550000190734863,4.614639759063721,59696500.0
2020-05-11,LH.BK,6.650000095367432,6.849999904632568,6.599999904632568,6.699999809265137,4.720318794250488,31793700.0
2020-05-12,LH.BK,6.699999809265137,6.800000190734863,6.699999809265137,6.75,4.755545139312744,25903200.0
2020-05-13,LH.BK,6.699999809265137,6.75,6.550000190734863,6.699999809265137,4.720318794250488,35455300.0
2020-05-14,LH.BK,6.650000095367432,6.699999809265137,6.550000190734863,6.599999904632568,4.649866580963135,33182100.0
2020-05-15,LH.BK,6.599999904632568,6.650000095367432,6.400000095367432,6.449999809265137,4.544187545776367,63436900.0
2020-05-18,LH.BK,6.5,6.699999809265137,6.5,6.550000190734863,4.614639759063721,38530300.0
2020-05-19,LH.BK,6.699999809265137,6.75,6.650000095367432,6.650000095367432,4.685092926025391,46064800.0
2020-05-20,LH.BK,6.699999809265137,6.949999809265137,6.599999904632568,6.900000095367432,4.861224174499512,62524300.0
2020-05-21,LH.BK,7.0,7.050000190734863,6.800000190734863,6.900000095367432,4.861224174499512,45847700.0
2020-05-22,LH.BK,6.800000190734863,6.849999904632568,6.699999809265137,6.800000190734863,4.790771961212158,30091800.0
2020-05-25,LH.BK,6.849999904632568,7.099999904632568,6.75,7.099999904632568,5.002128601074219,55009800.0
2020-05-26,LH.BK,7.300000190734863,7.449999809265137,7.25,7.300000190734863,5.1430344581604,95569400.0
2020-05-27,LH.BK,7.349999904632568,7.400000095367432,7.150000095367432,7.25,5.107807636260986,71987600.0
2020-05-28,LH.BK,7.300000190734863,7.349999904632568,7.150000095367432,7.300000190734863,5.1430344581604,43438800.0
2020-05-29,LH.BK,7.300000190734863,7.300000190734863,7.150000095367432,7.300000190734863,5.1430344581604,56490400.0
2020-06-01,LH.BK,7.349999904632568,7.400000095367432,7.199999809265137,7.300000190734863,5.1430344581604,38311300.0
2020-06-02,LH.BK,7.449999809265137,7.75,7.449999809265137,7.650000095367432,5.389617443084717,94832900.0
2020-06-04,LH.BK,7.900000095367432,8.0,7.849999904632568,8.0,5.636202812194824,93819500.0
2020-06-05,LH.BK,8.149999618530273,8.149999618530273,7.949999809265137,8.149999618530273,5.741880416870117,51424100.0
2020-06-08,LH.BK,8.300000190734863,8.350000381469727,8.100000381469727,8.199999809265137,5.777107238769531,59925500.0
2020-06-09,LH.BK,8.199999809265137,8.25,7.75,7.849999904632568,5.53052282333374,88903900.0
2020-06-10,LH.BK,7.900000095367432,8.100000381469727,7.800000190734863,8.0,5.636202812194824,43630100.0
2020-06-11,LH.BK,7.900000095367432,8.0,7.800000190734863,7.900000095367432,5.565749645233154,45579900.0
2020-06-12,LH.BK,7.599999904632568,7.800000190734863,7.550000190734863,7.800000190734863,5.495296478271484,50867600.0
2020-06-15,LH.BK,7.75,7.800000190734863,7.400000095367432,7.449999809265137,5.248712539672852,58529300.0
2020-06-16,LH.BK,7.599999904632568,7.75,7.5,7.599999904632568,5.354392051696777,34999600.0
2020-06-17,LH.BK,7.650000095367432,7.75,7.550000190734863,7.699999809265137,5.424844264984131,29565100.0
2020-06-18,LH.BK,7.650000095367432,7.849999904632568,7.599999904632568,7.800000190734863,5.495296478271484,39720300.0
2020-06-19,LH.BK,7.800000190734863,7.849999904632568,7.699999809265137,7.75,5.46006965637207,31556500.0
2020-06-22,LH.BK,7.699999809265137,7.75,7.449999809265137,7.550000190734863,5.3191657066345215,42785800.0
2020-06-23,LH.BK,7.599999904632568,7.699999809265137,7.5,7.650000095367432,5.389617443084717,28994600.0
2020-06-24,LH.BK,7.699999809265137,7.849999904632568,7.650000095367432,7.699999809265137,5.424844264984131,45114800.0
2020-06-25,LH.BK,7.550000190734863,7.650000095367432,7.449999809265137,7.599999904632568,5.354392051696777,33787100.0
2020-06-26,LH.BK,7.650000095367432,7.699999809265137,7.5,7.650000095367432,5.389617443084717,18641800.0
2020-06-29,LH.BK,7.550000190734863,7.599999904632568,7.449999809265137,7.550000190734863,5.3191657066345215,34310000.0
2020-06-30,LH.BK,7.699999809265137,7.75,7.599999904632568,7.599999904632568,5.354392051696777,25614700.0
2020-07-01,LH.BK,7.599999904632568,7.900000095367432,7.550000190734863,7.800000190734863,5.495296478271484,37611100.0
2020-07-02,LH.BK,7.900000095367432,8.100000381469727,7.800000190734863,8.100000381469727,5.7066545486450195,60447200.0
2020-07-03,LH.BK,8.100000381469727,8.149999618530273,7.900000095367432,7.949999809265137,5.60097599029541,46145000.0
2020-07-07,LH.BK,8.100000381469727,8.100000381469727,7.800000190734863,7.800000190734863,5.495296478271484,48265800.0
2020-07-08,LH.BK,7.75,7.849999904632568,7.699999809265137,7.800000190734863,5.495296478271484,40104700.0
2020-07-09,LH.BK,7.800000190734863,7.849999904632568,7.699999809265137,7.75,5.46006965637207,18450000.0
2020-07-10,LH.BK,7.699999809265137,7.800000190734863,7.599999904632568,7.699999809265137,5.424844264984131,26330800.0
2020-07-13,LH.BK,7.699999809265137,7.75,7.550000190734863,7.550000190734863,5.3191657066345215,44608400.0
2020-07-14,LH.BK,7.5,7.550000190734863,7.300000190734863,7.449999809265137,5.248712539672852,42107100.0
2020-07-15,LH.BK,7.550000190734863,7.650000095367432,7.5,7.599999904632568,5.354392051696777,31409500.0
2020-07-16,LH.BK,7.550000190734863,7.650000095367432,7.5,7.550000190734863,5.3191657066345215,21792500.0
2020-07-17,LH.BK,7.599999904632568,7.650000095367432,7.5,7.599999904632568,5.354392051696777,12681500.0
2020-07-20,LH.BK,7.599999904632568,7.699999809265137,7.550000190734863,7.599999904632568,5.354392051696777,20467200.0
2020-07-21,LH.BK,7.599999904632568,7.800000190734863,7.599999904632568,7.800000190734863,5.495296478271484,34905500.0
2020-07-22,LH.BK,7.800000190734863,7.800000190734863,7.699999809265137,7.75,5.46006965637207,21377000.0
2020-07-23,LH.BK,7.75,7.800000190734863,7.599999904632568,7.800000190734863,5.495296478271484,31707600.0
2020-07-24,LH.BK,7.699999809265137,7.75,7.550000190734863,7.550000190734863,5.3191657066345215,27123300.0
2020-07-29,LH.BK,7.650000095367432,7.699999809265137,7.400000095367432,7.5,5.283939838409424,44357800.0
2020-07-30,LH.BK,7.449999809265137,7.5,7.199999809265137,7.349999904632568,5.178260803222656,56977300.0
2020-07-31,LH.BK,7.349999904632568,7.400000095367432,7.199999809265137,7.400000095367432,5.213486671447754,63385100.0
2020-08-03,LH.BK,7.400000095367432,7.449999809265137,7.300000190734863,7.349999904632568,5.178260803222656,13290900.0
2020-08-04,LH.BK,7.400000095367432,7.550000190734863,7.349999904632568,7.449999809265137,5.248712539672852,16975600.0
2020-08-05,LH.BK,7.5,7.699999809265137,7.400000095367432,7.650000095367432,5.389617443084717,37660400.0
2020-08-06,LH.BK,7.650000095367432,7.699999809265137,7.5,7.550000190734863,5.3191657066345215,13802200.0
2020-08-07,LH.BK,7.5,7.550000190734863,7.400000095367432,7.449999809265137,5.248712539672852,19751500.0
2020-08-10,LH.BK,7.449999809265137,7.650000095367432,7.449999809265137,7.5,5.283939838409424,15778500.0
2020-08-11,LH.BK,7.599999904632568,7.75,7.599999904632568,7.699999809265137,5.424844264984131,25197100.0
2020-08-13,LH.BK,7.75,7.849999904632568,7.599999904632568,7.800000190734863,5.495296478271484,38487900.0
2020-08-14,LH.BK,7.650000095367432,7.800000190734863,7.599999904632568,7.800000190734863,5.495296478271484,33666100.0
2020-08-17,LH.BK,7.699999809265137,7.75,7.599999904632568,7.75,5.46006965637207,10561200.0
2020-08-18,LH.BK,7.75,7.800000190734863,7.650000095367432,7.800000190734863,5.495296478271484,14660600.0
2020-08-19,LH.BK,7.800000190734863,7.849999904632568,7.650000095367432,7.650000095367432,5.389617443084717,32677100.0
2020-08-20,LH.BK,7.550000190734863,7.650000095367432,7.5,7.550000190734863,5.3191657066345215,43379300.0
2020-08-21,LH.BK,7.599999904632568,7.650000095367432,7.5,7.599999904632568,5.354392051696777,28379000.0
2020-08-24,LH.BK,7.599999904632568,7.650000095367432,7.550000190734863,7.599999904632568,5.354392051696777,15325500.0
2020-08-25,LH.BK,7.599999904632568,7.800000190734863,7.599999904632568,7.699999809265137,5.424844264984131,37706900.0
2020-08-26,LH.BK,7.699999809265137,7.800000190734863,7.699999809265137,7.75,5.46006965637207,18857700.0
2020-08-27,LH.BK,7.550000190734863,7.599999904632568,7.5,7.5,5.423911094665527,26380100.0
2020-08-28,LH.BK,7.550000190734863,7.599999904632568,7.400000095367432,7.449999809265137,5.387751579284668,35933400.0
2020-08-31,LH.BK,7.5,7.550000190734863,7.400000095367432,7.400000095367432,5.351592063903809,37154600.0
2020-09-01,LH.BK,7.449999809265137,7.449999809265137,7.300000190734863,7.400000095367432,5.351592063903809,28806500.0
2020-09-02,LH.BK,7.400000095367432,7.449999809265137,7.300000190734863,7.349999904632568,5.315432548522949,27993100.0
2020-09-03,LH.BK,7.400000095367432,7.449999809265137,7.300000190734863,7.400000095367432,5.351592063903809,43213700.0
2020-09-08,LH.BK,7.349999904632568,7.400000095367432,7.25,7.25,5.243113994598389,22531500.0
2020-09-09,LH.BK,7.199999809265137,7.300000190734863,7.199999809265137,7.199999809265137,5.206954479217529,23109700.0
2020-09-10,LH.BK,7.199999809265137,7.300000190734863,7.0,7.300000190734863,5.27927303314209,47506400.0
2020-09-11,LH.BK,7.300000190734863,7.349999904632568,7.199999809265137,7.25,5.243113994598389,13587400.0
2020-09-14,LH.BK,7.25,7.300000190734863,7.150000095367432,7.300000190734863,5.27927303314209,17075300.0
2020-09-15,LH.BK,7.25,7.300000190734863,7.199999809265137,7.25,5.243113994598389,7379100.0
2020-09-16,LH.BK,7.25,7.25,7.199999809265137,7.25,5.243113994598389,8494100.0
2020-09-17,LH.BK,7.199999809265137,7.25,7.099999904632568,7.150000095367432,5.170795440673828,32060100.0
2020-09-18,LH.BK,7.150000095367432,7.199999809265137,7.0,7.099999904632568,5.1346354484558105,39139800.0
2020-09-21,LH.BK,7.099999904632568,7.199999809265137,7.0,7.0,5.062317371368408,26608400.0
2020-09-22,LH.BK,7.0,7.050000190734863,6.849999904632568,6.900000095367432,4.989998817443848,44285900.0
2020-09-23,LH.BK,6.900000095367432,7.099999904632568,6.849999904632568,7.0,5.062317371368408,29826900.0
2020-09-24,LH.BK,7.0,7.0,6.75,6.900000095367432,4.989998817443848,54133700.0
2020-09-25,LH.BK,6.949999809265137,7.0,6.849999904632568,6.900000095367432,4.989998817443848,15410200.0
2020-09-28,LH.BK,6.900000095367432,7.050000190734863,6.900000095367432,6.949999809265137,5.026156425476074,17611100.0
2020-09-29,LH.BK,6.949999809265137,7.0,6.900000095367432,6.949999809265137,5.026156425476074,14212700.0
2020-09-30,LH.BK,6.949999809265137,7.0,6.800000190734863,6.800000190734863,4.917679786682129,19316000.0
2020-10-01,LH.BK,6.849999904632568,6.949999809265137,6.800000190734863,6.900000095367432,4.989998817443848,17680100.0
2020-10-02,LH.BK,6.849999904632568,6.900000095367432,6.650000095367432,6.75,4.881519794464111,35260900.0
2020-10-05,LH.BK,6.800000190734863,6.849999904632568,6.75,6.75,4.881519794464111,14917200.0
2020-10-06,LH.BK,6.800000190734863,6.900000095367432,6.75,6.800000190734863,4.917679786682129,22399100.0
2020-10-07,LH.BK,6.800000190734863,6.949999809265137,6.75,6.900000095367432,4.989998817443848,19311100.0
2020-10-08,LH.BK,6.949999809265137,7.050000190734863,6.900000095367432,7.0,5.062317371368408,23604000.0
2020-10-09,LH.BK,7.099999904632568,7.099999904632568,7.0,7.0,5.062317371368408,22168900.0
2020-10-12,LH.BK,7.050000190734863,7.099999904632568,6.900000095367432,7.0,5.062317371368408,16813300.0
2020-10-14,LH.BK,7.0,7.050000190734863,6.949999809265137,7.0,5.062317371368408,21880300.0
2020-10-15,LH.BK,6.949999809265137,7.0,6.75,6.800000190734863,4.917679786682129,32703300.0
2020-10-16,LH.BK,6.849999904632568,6.849999904632568,6.650000095367432,6.75,4.881519794464111,38504400.0
2020-10-19,LH.BK,6.699999809265137,6.75,6.550000190734863,6.599999904632568,4.773041725158691,33074900.0
2020-10-20,LH.BK,6.550000190734863,6.699999809265137,6.5,6.550000190734863,4.736882209777832,38146500.0
2020-10-21,LH.BK,6.599999904632568,6.699999809265137,6.5,6.5,4.700722694396973,25126000.0
2020-10-22,LH.BK,6.550000190734863,6.650000095367432,6.449999809265137,6.449999809265137,4.664563179016113,39500700.0
2020-10-26,LH.BK,6.449999809265137,6.449999809265137,6.349999904632568,6.400000095367432,4.628403663635254,32008800.0
2020-10-27,LH.BK,6.400000095367432,6.550000190734863,6.349999904632568,6.5,4.700722694396973,23852800.0
2020-10-28,LH.BK,6.449999809265137,6.599999904632568,6.449999809265137,6.5,4.700722694396973,17893700.0
2020-10-29,LH.BK,6.449999809265137,6.5,6.400000095367432,6.400000095367432,4.628403663635254,17090400.0
2020-10-30,LH.BK,6.449999809265137,6.449999809265137,6.349999904632568,6.400000095367432,4.628403663635254,24465100.0
2020-11-02,LH.BK,6.400000095367432,6.5,6.400000095367432,6.449999809265137,4.664563179016113,13495400.0
2020-11-03,LH.BK,6.5,6.599999904632568,6.449999809265137,6.550000190734863,4.736882209777832,23408000.0
2020-11-04,LH.BK,6.550000190734863,6.650000095367432,6.5,6.550000190734863,4.736882209777832,20924200.0
2020-11-05,LH.BK,6.599999904632568,6.75,6.550000190734863,6.75,4.881519794464111,36975800.0
2020-11-06,LH.BK,6.800000190734863,6.849999904632568,6.599999904632568,6.699999809265137,4.845359802246094,42264300.0
2020-11-09,LH.BK,6.900000095367432,7.0,6.800000190734863,6.949999809265137,5.026156425476074,45804400.0
2020-11-10,LH.BK,7.199999809265137,7.400000095367432,7.050000190734863,7.199999809265137,5.206954479217529,84797900.0
2020-11-11,LH.BK,7.349999904632568,7.5,7.25,7.400000095367432,5.351592063903809,56330000.0
2020-11-12,LH.BK,7.400000095367432,7.5,7.25,7.300000190734863,5.27927303314209,60639100.0
2020-11-13,LH.BK,7.300000190734863,7.5,7.25,7.400000095367432,5.351592063903809,41949900.0
2020-11-16,LH.BK,7.5,7.599999904632568,7.449999809265137,7.5,5.423911094665527,33951900.0
2020-11-17,LH.BK,7.550000190734863,7.800000190734863,7.550000190734863,7.599999904632568,5.496229648590088,62720800.0
2020-11-18,LH.BK,7.550000190734863,7.75,7.550000190734863,7.75,5.60470724105835,31148300.0
2020-11-19,LH.BK,7.75,7.800000190734863,7.650000095367432,7.699999809265137,5.568548679351807,37463500.0
2020-11-20,LH.BK,7.699999809265137,7.800000190734863,7.650000095367432,7.800000190734863,5.640867233276367,33286700.0
2020-11-23,LH.BK,7.849999904632568,8.0,7.800000190734863,7.949999809265137,5.749345779418945,56350400.0
2020-11-24,LH.BK,8.0,8.100000381469727,7.800000190734863,7.849999904632568,5.677026748657227,58837100.0
2020-11-25,LH.BK,7.949999809265137,8.0,7.699999809265137,7.849999904632568,5.677026748657227,37142300.0
2020-11-26,LH.BK,7.849999904632568,8.0,7.800000190734863,7.949999809265137,5.749345779418945,35198600.0
2020-11-27,LH.BK,8.0,8.199999809265137,7.900000095367432,8.100000381469727,5.857823848724365,75495900.0
2020-11-30,LH.BK,8.0,8.050000190734863,7.75,7.849999904632568,5.677026748657227,98137000.0
2020-12-01,LH.BK,7.849999904632568,8.050000190734863,7.849999904632568,8.050000190734863,5.821664333343506,40521100.0
2020-12-02,LH.BK,8.0,8.149999618530273,7.900000095367432,7.949999809265137,5.749345779418945,45075200.0
2020-12-03,LH.BK,8.0,8.199999809265137,7.949999809265137,8.199999809265137,5.930142402648926,65156300.0
2020-12-04,LH.BK,8.100000381469727,8.199999809265137,8.050000190734863,8.199999809265137,5.930142402648926,47334200.0
2020-12-08,LH.BK,8.050000190734863,8.449999809265137,8.050000190734863,8.350000381469727,6.038620948791504,111261100.0
2020-12-09,LH.BK,8.300000190734863,8.5,8.25,8.5,6.147099494934082,118638700.0
2020-12-14,LH.BK,8.399999618530273,8.449999809265137,8.100000381469727,8.149999618530273,5.893983364105225,69320600.0
2020-12-15,LH.BK,8.149999618530273,8.300000190734863,8.050000190734863,8.25,5.966301918029785,69136800.0
2020-12-16,LH.BK,8.300000190734863,8.449999809265137,8.149999618530273,8.399999618530273,6.074780464172363,58619400.0
2020-12-17,LH.BK,8.399999618530273,8.600000381469727,8.399999618530273,8.5,6.147099494934082,83613800.0
2020-12-18,LH.BK,8.5,8.649999618530273,8.449999809265137,8.649999618530273,6.2555766105651855,94722700.0
2020-12-21,LH.BK,8.100000381469727,8.300000190734863,8.050000190734863,8.050000190734863,5.821664333343506,94041800.0
2020-12-22,LH.BK,8.050000190734863,8.199999809265137,7.849999904632568,8.100000381469727,5.857823848724365,64356600.0
2020-12-23,LH.BK,8.100000381469727,8.199999809265137,8.0,8.0,5.7855048179626465,47108700.0
2020-12-24,LH.BK,8.0,8.199999809265137,7.949999809265137,8.149999618530273,5.893983364105225,23688300.0
2020-12-25,LH.BK,8.149999618530273,8.199999809265137,8.100000381469727,8.149999618530273,5.893983364105225,16591000.0
2020-12-28,LH.BK,8.199999809265137,8.199999809265137,8.0,8.0,5.7855048179626465,35701600.0
2020-12-29,LH.BK,8.0,8.100000381469727,8.0,8.100000381469727,5.857823848724365,27919900.0
2020-12-30,LH.BK,8.100000381469727,8.149999618530273,7.949999809265137,7.949999809265137,5.749345779418945,44588400.0
2021-01-04,LH.BK,7.900000095367432,8.149999618530273,7.800000190734863,8.100000381469727,5.857823848724365,37648100.0
2021-01-05,LH.BK,8.100000381469727,8.149999618530273,8.0,8.149999618530273,5.893983364105225,37917500.0
2021-01-06,LH.BK,8.100000381469727,8.25,8.050000190734863,8.100000381469727,5.857823848724365,43190600.0
2021-01-07,LH.BK,8.149999618530273,8.399999618530273,8.100000381469727,8.350000381469727,6.038620948791504,75926800.0
2021-01-08,LH.BK,8.5,8.600000381469727,8.350000381469727,8.550000190734863,6.183259010314941,101213800.0
2021-01-11,LH.BK,8.5,8.550000190734863,8.199999809265137,8.25,5.966301918029785,62488700.0
2021-01-12,LH.BK,8.25,8.350000381469727,8.199999809265137,8.199999809265137,5.930142402648926,62649700.0
2021-01-13,LH.BK,8.25,8.399999618530273,8.199999809265137,8.300000190734863,6.0024614334106445,49049900.0
2021-01-14,LH.BK,8.300000190734863,8.449999809265137,8.199999809265137,8.25,5.966301918029785,90807500.0
2021-01-15,LH.BK,8.199999809265137,8.25,8.100000381469727,8.100000381469727,5.857823848724365,86015000.0
2021-01-18,LH.BK,8.100000381469727,8.149999618530273,8.0,8.100000381469727,5.857823848724365,32557400.0
2021-01-19,LH.BK,8.100000381469727,8.149999618530273,8.050000190734863,8.050000190734863,5.821664333343506,41822500.0
2021-01-20,LH.BK,8.050000190734863,8.149999618530273,8.050000190734863,8.100000381469727,5.857823848724365,39170700.0
2021-01-21,LH.BK,8.149999618530273,8.199999809265137,8.050000190734863,8.100000381469727,5.857823848724365,34370800.0
2021-01-22,LH.BK,8.100000381469727,8.149999618530273,8.0,8.100000381469727,5.857823848724365,52304200.0
2021-01-25,LH.BK,8.100000381469727,8.100000381469727,8.0,8.050000190734863,5.821664333343506,38742500.0
2021-01-26,LH.BK,8.050000190734863,8.100000381469727,8.0,8.050000190734863,5.821664333343506,44982100.0
2021-01-27,LH.BK,8.050000190734863,8.100000381469727,8.0,8.0,5.7855048179626465,41490100.0
2021-01-28,LH.BK,7.949999809265137,8.0,7.800000190734863,7.800000190734863,5.640867233276367,85378900.0
2021-01-29,LH.BK,7.849999904632568,7.900000095367432,7.75,7.800000190734863,5.640867233276367,49487200.0
2021-02-01,LH.BK,7.800000190734863,8.050000190734863,7.699999809265137,8.0,5.7855048179626465,70596800.0
2021-02-02,LH.BK,8.050000190734863,8.149999618530273,7.900000095367432,7.949999809265137,5.749345779418945,86309900.0
2021-02-03,LH.BK,8.0,8.050000190734863,7.900000095367432,7.949999809265137,5.749345779418945,30057000.0
2021-02-04,LH.BK,7.949999809265137,8.0,7.900000095367432,7.949999809265137,5.749345779418945,38873500.0
2021-02-05,LH.BK,7.949999809265137,8.0,7.900000095367432,7.900000095367432,5.713186740875244,31195600.0
2021-02-08,LH.BK,7.900000095367432,8.0,7.900000095367432,7.949999809265137,5.749345779418945,56896100.0
2021-02-09,LH.BK,8.0,8.100000381469727,7.949999809265137,7.949999809265137,5.749345779418945,99040100.0
2021-02-10,LH.BK,8.0,8.050000190734863,7.900000095367432,7.949999809265137,5.749345779418945,49569300.0
2021-02-11,LH.BK,8.0,8.0,7.900000095367432,8.0,5.7855048179626465,24832900.0
2021-02-15,LH.BK,8.0,8.050000190734863,7.900000095367432,7.949999809265137,5.749345779418945,29105800.0
2021-02-16,LH.BK,7.949999809265137,8.0,7.900000095367432,7.949999809265137,5.749345779418945,23631400.0
2021-02-17,LH.BK,7.949999809265137,8.0,7.900000095367432,7.949999809265137,5.749345779418945,28899700.0
2021-02-18,LH.BK,8.0,8.050000190734863,7.949999809265137,7.949999809265137,5.749345779418945,24899900.0
2021-02-19,LH.BK,7.949999809265137,8.0,7.849999904632568,7.900000095367432,5.713186740875244,47700700.0
2021-02-22,LH.BK,7.949999809265137,7.949999809265137,7.800000190734863,7.849999904632568,5.677026748657227,27060800.0
2021-02-23,LH.BK,7.849999904632568,7.900000095367432,7.75,7.800000190734863,5.640867233276367,38002800.0
2021-02-24,LH.BK,7.800000190734863,7.900000095367432,7.699999809265137,7.800000190734863,5.640867233276367,41715900.0
2021-02-25,LH.BK,7.849999904632568,7.900000095367432,7.75,7.900000095367432,5.713186740875244,64303000.0
2021-03-01,LH.BK,7.849999904632568,8.0,7.800000190734863,7.900000095367432,5.713186740875244,43331300.0
2021-03-02,LH.BK,7.949999809265137,8.0,7.849999904632568,7.900000095367432,5.713186740875244,45765300.0
2021-03-03,LH.BK,7.949999809265137,8.149999618530273,7.900000095367432,8.149999618530273,5.893983364105225,93068600.0
2021-03-04,LH.BK,8.149999618530273,8.149999618530273,7.949999809265137,8.050000190734863,5.821664333343506,65972300.0
2021-03-05,LH.BK,8.0,8.050000190734863,7.900000095367432,7.949999809265137,5.749345779418945,81825600.0
2021-03-08,LH.BK,8.0,8.050000190734863,7.900000095367432,8.0,5.7855048179626465,75710900.0
2021-03-09,LH.BK,7.949999809265137,8.050000190734863,7.900000095367432,8.050000190734863,5.821664333343506,43998000.0
2021-03-10,LH.BK,8.100000381469727,8.350000381469727,8.050000190734863,8.350000381469727,6.038620948791504,105568700.0
2021-03-11,LH.BK,8.550000190734863,8.600000381469727,8.350000381469727,8.449999809265137,6.110939979553223,190472700.0
2021-03-12,LH.BK,8.550000190734863,8.600000381469727,8.449999809265137,8.550000190734863,6.183259010314941,113216100.0
2021-03-15,LH.BK,8.5,8.600000381469727,8.399999618530273,8.449999809265137,6.110939979553223,69661100.0
2021-03-16,LH.BK,8.449999809265137,8.5,8.350000381469727,8.449999809265137,6.110939979553223,66414400.0
2021-03-17,LH.BK,8.399999618530273,8.550000190734863,8.350000381469727,8.5,6.147099494934082,50136200.0
2021-03-18,LH.BK,8.550000190734863,8.600000381469727,8.449999809265137,8.449999809265137,6.110939979553223,73997500.0
2021-03-19,LH.BK,8.449999809265137,8.600000381469727,8.399999618530273,8.600000381469727,6.219419002532959,66723600.0
2021-03-22,LH.BK,8.550000190734863,8.600000381469727,8.449999809265137,8.550000190734863,6.183259010314941,38998100.0
2021-03-23,LH.BK,8.550000190734863,8.649999618530273,8.5,8.600000381469727,6.219419002532959,78563700.0
2021-03-24,LH.BK,8.5,8.600000381469727,8.5,8.550000190734863,6.183259010314941,28404200.0
2021-03-25,LH.BK,8.550000190734863,8.75,8.550000190734863,8.649999618530273,6.2555766105651855,78072800.0
2021-03-26,LH.BK,8.600000381469727,8.699999809265137,8.550000190734863,8.649999618530273,6.2555766105651855,53221800.0
2021-03-29,LH.BK,8.649999618530273,8.699999809265137,8.600000381469727,8.699999809265137,6.291735649108887,24724700.0
2021-03-30,LH.BK,8.699999809265137,8.75,8.550000190734863,8.649999618530273,6.2555766105651855,60535500.0
2021-03-31,LH.BK,8.600000381469727,8.649999618530273,8.5,8.550000190734863,6.183259010314941,32601700.0
2021-04-01,LH.BK,8.550000190734863,8.600000381469727,8.449999809265137,8.5,6.147099494934082,74003600.0
2021-04-02,LH.BK,8.5,8.649999618530273,8.5,8.550000190734863,6.183259010314941,46411300.0
2021-04-05,LH.BK,8.550000190734863,8.600000381469727,8.399999618530273,8.5,6.147099494934082,41042800.0
2021-04-07,LH.BK,8.399999618530273,8.449999809265137,8.300000190734863,8.350000381469727,6.038620948791504,51152200.0
2021-04-08,LH.BK,8.350000381469727,8.449999809265137,8.300000190734863,8.449999809265137,6.110939979553223,31539200.0
2021-04-09,LH.BK,8.449999809265137,8.5,8.350000381469727,8.399999618530273,6.074780464172363,23819200.0
2021-04-12,LH.BK,8.399999618530273,8.550000190734863,8.300000190734863,8.350000381469727,6.038620948791504,69187700.0
2021-04-16,LH.BK,8.300000190734863,8.350000381469727,8.149999618530273,8.300000190734863,6.0024614334106445,62530600.0
2021-04-19,LH.BK,8.300000190734863,8.449999809265137,8.25,8.350000381469727,6.038620948791504,38084700.0
2021-04-20,LH.BK,8.399999618530273,8.550000190734863,8.350000381469727,8.550000190734863,6.183259010314941,28718700.0
2021-04-21,LH.BK,8.5,8.5,8.399999618530273,8.399999618530273,6.074780464172363,34059900.0
2021-04-22,LH.BK,8.449999809265137,8.449999809265137,8.350000381469727,8.399999618530273,6.074780464172363,30475800.0
2021-04-23,LH.BK,8.399999618530273,8.449999809265137,8.350000381469727,8.350000381469727,6.038620948791504,37396200.0
2021-04-26,LH.BK,8.350000381469727,8.449999809265137,8.300000190734863,8.350000381469727,6.038620948791504,20933300.0
2021-04-27,LH.BK,8.399999618530273,8.449999809265137,8.300000190734863,8.350000381469727,6.038620948791504,28072900.0
2021-04-28,LH.BK,8.350000381469727,8.5,8.350000381469727,8.449999809265137,6.110939979553223,36065100.0
2021-04-29,LH.BK,8.5,8.649999618530273,8.449999809265137,8.600000381469727,6.219419002532959,74035300.0
2021-04-30,LH.BK,8.550000190734863,8.649999618530273,8.5,8.649999618530273,6.2555766105651855,64648700.0
2021-05-05,LH.BK,8.600000381469727,8.600000381469727,8.399999618530273,8.399999618530273,6.074780464172363,70102100.0
2021-05-06,LH.BK,8.0,8.149999618530273,8.0,8.149999618530273,6.112278938293457,84728000.0
2021-05-07,LH.BK,8.100000381469727,8.149999618530273,7.949999809265137,8.100000381469727,6.074780464172363,84933700.0
2021-05-10,LH.BK,8.149999618530273,8.149999618530273,7.949999809265137,8.0,5.999783515930176,82779900.0
2021-05-11,LH.BK,7.949999809265137,8.0,7.800000190734863,7.900000095367432,5.92478609085083,81560400.0
2021-05-12,LH.BK,7.849999904632568,7.900000095367432,7.800000190734863,7.849999904632568,5.88728666305542,51117600.0
2021-05-13,LH.BK,7.800000190734863,7.849999904632568,7.5,7.699999809265137,5.7747907638549805,107753100.0
2021-05-14,LH.BK,7.800000190734863,7.849999904632568,7.75,7.75,5.812288761138916,60346600.0
2021-05-17,LH.BK,7.75,7.849999904632568,7.650000095367432,7.800000190734863,5.849788665771484,57786500.0
2021-05-18,LH.BK,7.800000190734863,8.0,7.800000190734863,7.900000095367432,5.92478609085083,32412100.0
2021-05-19,LH.BK,7.949999809265137,7.949999809265137,7.849999904632568,7.900000095367432,5.92478609085083,27105100.0
2021-05-20,LH.BK,7.900000095367432,7.949999809265137,7.849999904632568,7.949999809265137,5.962284088134766,51936600.0
2021-05-21,LH.BK,7.949999809265137,8.0,7.800000190734863,7.900000095367432,5.92478609085083,44376600.0
2021-05-24,LH.BK,7.900000095367432,7.949999809265137,7.75,7.800000190734863,5.849788665771484,49998900.0
2021-05-25,LH.BK,7.900000095367432,7.900000095367432,7.75,7.849999904632568,5.88728666305542,47299500.0
2021-05-27,LH.BK,7.900000095367432,8.050000190734863,7.849999904632568,8.050000190734863,6.037281513214111,99460200.0
2021-05-28,LH.BK,8.050000190734863,8.100000381469727,7.949999809265137,8.0,5.999783515930176,49634500.0
2021-05-31,LH.BK,8.050000190734863,8.100000381469727,8.0,8.050000190734863,6.037281513214111,28685400.0
2021-06-01,LH.BK,8.050000190734863,8.149999618530273,8.0,8.100000381469727,6.074780464172363,56033600.0
2021-06-02,LH.BK,8.050000190734863,8.149999618530273,8.050000190734863,8.149999618530273,6.112278938293457,30174000.0
2021-06-04,LH.BK,8.149999618530273,8.25,8.050000190734863,8.149999618530273,6.112278938293457,62538400.0
2021-06-07,LH.BK,8.199999809265137,8.300000190734863,8.149999618530273,8.199999809265137,6.149776935577393,42272200.0
2021-06-08,LH.BK,8.199999809265137,8.300000190734863,8.149999618530273,8.25,6.187276363372803,51725700.0
2021-06-09,LH.BK,8.300000190734863,8.399999618530273,8.199999809265137,8.300000190734863,6.224774360656738,48282500.0
2021-06-10,LH.BK,8.350000381469727,8.399999618530273,8.300000190734863,8.350000381469727,6.262273788452148,40226900.0
2021-06-11,LH.BK,8.399999618530273,8.449999809265137,8.300000190734863,8.399999618530273,6.299771785736084,42166400.0
2021-06-14,LH.BK,8.449999809265137,8.5,8.399999618530273,8.449999809265137,6.337270736694336,37186300.0
2021-06-15,LH.BK,8.399999618530273,8.5,8.300000190734863,8.350000381469727,6.262273788452148,34120700.0
2021-06-16,LH.BK,8.350000381469727,8.5,8.300000190734863,8.5,6.374769687652588,37794100.0
2021-06-17,LH.BK,8.449999809265137,8.5,8.399999618530273,8.449999809265137,6.337270736694336,47088900.0
2021-06-18,LH.BK,8.449999809265137,8.5,8.350000381469727,8.449999809265137,6.337270736694336,48864100.0
2021-06-21,LH.BK,8.300000190734863,8.350000381469727,8.199999809265137,8.350000381469727,6.262273788452148,42766700.0
2021-06-22,LH.BK,8.399999618530273,8.5,8.300000190734863,8.399999618530273,6.299771785736084,40057400.0
2021-06-23,LH.BK,8.399999618530273,8.449999809265137,8.199999809265137,8.25,6.187276363372803,59507200.0
2021-06-24,LH.BK,8.199999809265137,8.350000381469727,8.149999618530273,8.300000190734863,6.224774360656738,37676900.0
2021-06-25,LH.BK,8.350000381469727,8.350000381469727,8.149999618530273,8.199999809265137,6.149776935577393,29323800.0
2021-06-28,LH.BK,8.149999618530273,8.149999618530273,8.050000190734863,8.149999618530273,6.112278938293457,31524600.0
2021-06-29,LH.BK,8.100000381469727,8.199999809265137,8.050000190734863,8.100000381469727,6.074780464172363,49058200.0
2021-06-30,LH.BK,8.100000381469727,8.149999618530273,7.900000095367432,7.949999809265137,5.962284088134766,77803200.0
2021-07-01,LH.BK,8.0,8.050000190734863,7.949999809265137,8.050000190734863,6.037281513214111,53460000.0
2021-07-02,LH.BK,8.050000190734863,8.050000190734863,8.0,8.0,5.999783515930176,23473300.0
2021-07-05,LH.BK,8.050000190734863,8.100000381469727,7.949999809265137,8.050000190734863,6.037281513214111,7918500.0
2021-07-06,LH.BK,8.050000190734863,8.100000381469727,8.0,8.050000190734863,6.037281513214111,11125500.0
2021-07-07,LH.BK,8.0,8.050000190734863,7.900000095367432,8.0,5.999783515930176,31712800.0
2021-07-08,LH.BK,7.949999809265137,8.0,7.849999904632568,7.949999809265137,5.962284088134766,89568200.0
2021-07-09,LH.BK,7.900000095367432,8.0,7.849999904632568,7.900000095367432,5.92478609085083,51493200.0
2021-07-12,LH.BK,7.949999809265137,8.050000190734863,7.900000095367432,7.949999809265137,5.962284088134766,28113100.0
2021-07-13,LH.BK,8.0,8.050000190734863,7.949999809265137,8.0,5.999783515930176,16236700.0
2021-07-14,LH.BK,8.0,8.100000381469727,7.949999809265137,8.0,5.999783515930176,20661800.0
2021-07-15,LH.BK,8.100000381469727,8.149999618530273,8.0,8.050000190734863,6.037281513214111,28314400.0
2021-07-16,LH.BK,8.149999618530273,8.199999809265137,8.050000190734863,8.149999618530273,6.112278938293457,25499400.0
2021-07-19,LH.BK,8.050000190734863,8.100000381469727,8.0,8.100000381469727,6.074780464172363,27465100.0
2021-07-20,LH.BK,8.050000190734863,8.100000381469727,7.949999809265137,8.0,5.999783515930176,39312400.0
2021-07-21,LH.BK,8.0,8.050000190734863,7.949999809265137,8.0,5.999783515930176,21659900.0
2021-07-22,LH.BK,8.0,8.050000190734863,7.949999809265137,8.050000190734863,6.037281513214111,23490700.0
2021-07-23,LH.BK,8.0,8.050000190734863,7.949999809265137,8.0,5.999783515930176,16918900.0
2021-07-27,LH.BK,8.0,8.050000190734863,7.900000095367432,8.050000190734863,6.037281513214111,45575100.0
2021-07-29,LH.BK,8.0,8.100000381469727,7.900000095367432,8.0,5.999783515930176,45098900.0
2021-07-30,LH.BK,8.0,8.050000190734863,7.800000190734863,7.800000190734863,5.849788665771484,51912800.0
2021-08-02,LH.BK,7.800000190734863,7.849999904632568,7.699999809265137,7.699999809265137,5.7747907638549805,59136300.0
2021-08-03,LH.BK,7.75,7.900000095367432,7.75,7.800000190734863,5.849788665771484,25707400.0
2021-08-04,LH.BK,7.849999904632568,8.0,7.800000190734863,7.900000095367432,5.92478609085083,21662600.0
2021-08-05,LH.BK,7.949999809265137,7.949999809265137,7.800000190734863,7.949999809265137,5.962284088134766,44915300.0
2021-08-06,LH.BK,7.949999809265137,7.949999809265137,7.75,7.800000190734863,5.849788665771484,32252900.0
2021-08-09,LH.BK,7.900000095367432,7.900000095367432,7.800000190734863,7.849999904632568,5.88728666305542,15244000.0
2021-08-10,LH.BK,7.849999904632568,7.900000095367432,7.800000190734863,7.900000095367432,5.92478609085083,17834500.0
2021-08-11,LH.BK,7.949999809265137,8.0,7.900000095367432,7.900000095367432,5.92478609085083,36368300.0
2021-08-13,LH.BK,7.900000095367432,8.0,7.900000095367432,7.949999809265137,5.962284088134766,21301300.0
2021-08-16,LH.BK,7.949999809265137,8.050000190734863,7.849999904632568,8.050000190734863,6.037281513214111,40466900.0
2021-08-17,LH.BK,8.0,8.050000190734863,7.949999809265137,8.050000190734863,6.037281513214111,29772200.0
2021-08-18,LH.BK,8.0,8.050000190734863,7.949999809265137,8.050000190734863,6.037281513214111,63081500.0
2021-08-19,LH.BK,8.0,8.050000190734863,7.949999809265137,8.0,5.999783515930176,49373000.0
2021-08-20,LH.BK,8.050000190734863,8.100000381469727,8.0,8.050000190734863,6.037281513214111,26481100.0
2021-08-23,LH.BK,8.050000190734863,8.199999809265137,8.050000190734863,8.149999618530273,6.112278938293457,49894700.0
2021-08-24,LH.BK,8.0,8.050000190734863,7.949999809265137,7.949999809265137,6.150964260101318,49210000.0
2021-08-25,LH.BK,7.949999809265137,8.100000381469727,7.900000095367432,8.050000190734863,6.228334903717041,46022700.0
2021-08-26,LH.BK,8.050000190734863,8.100000381469727,8.0,8.100000381469727,6.267020225524902,29577900.0
2021-08-27,LH.BK,8.100000381469727,8.199999809265137,8.050000190734863,8.149999618530273,6.305705547332764,42097800.0
2021-08-30,LH.BK,8.199999809265137,8.25,8.149999618530273,8.149999618530273,6.305705547332764,29237300.0
2021-08-31,LH.BK,8.199999809265137,8.199999809265137,8.149999618530273,8.149999618530273,6.305705547332764,38120500.0
2021-09-01,LH.BK,8.149999618530273,8.25,8.100000381469727,8.149999618530273,6.305705547332764,59584600.0
2021-09-02,LH.BK,8.149999618530273,8.25,8.149999618530273,8.25,6.383076190948486,35282800.0
2021-09-03,LH.BK,8.25,8.25,8.100000381469727,8.149999618530273,6.305705547332764,21346000.0
2021-09-06,LH.BK,8.149999618530273,8.199999809265137,8.100000381469727,8.149999618530273,6.305705547332764,19943300.0
2021-09-07,LH.BK,8.149999618530273,8.149999618530273,8.0,8.050000190734863,6.228334903717041,42963600.0
2021-09-08,LH.BK,8.0,8.100000381469727,8.0,8.050000190734863,6.228334903717041,24220800.0
2021-09-09,LH.BK,8.050000190734863,8.100000381469727,7.949999809265137,7.949999809265137,6.150964260101318,34766000.0
2021-09-10,LH.BK,7.949999809265137,8.050000190734863,7.949999809265137,8.0,6.18964958190918,23416800.0
2021-09-13,LH.BK,8.0,8.149999618530273,7.949999809265137,8.100000381469727,6.267020225524902,37371000.0
2021-09-14,LH.BK,8.149999618530273,8.199999809265137,8.050000190734863,8.100000381469727,6.267020225524902,57627000.0
2021-09-15,LH.BK,8.050000190734863,8.149999618530273,8.0,8.149999618530273,6.305705547332764,33318300.0
2021-09-16,LH.BK,8.100000381469727,8.25,8.100000381469727,8.25,6.383076190948486,52693700.0
2021-09-17,LH.BK,8.199999809265137,8.25,8.050000190734863,8.050000190734863,6.228334903717041,96267200.0
2021-09-20,LH.BK,8.0,8.100000381469727,7.949999809265137,8.100000381469727,6.267020225524902,34409700.0
2021-09-21,LH.BK,8.050000190734863,8.149999618530273,8.050000190734863,8.100000381469727,6.267020225524902,25560700.0
2021-09-22,LH.BK,8.149999618530273,8.199999809265137,8.050000190734863,8.100000381469727,6.267020225524902,35858300.0
2021-09-23,LH.BK,8.100000381469727,8.199999809265137,8.100000381469727,8.100000381469727,6.267020225524902,23590000.0
2021-09-27,LH.BK,8.100000381469727,8.199999809265137,8.050000190734863,8.100000381469727,6.267020225524902,26688800.0
2021-09-28,LH.BK,8.050000190734863,8.100000381469727,8.0,8.050000190734863,6.228334903717041,35154300.0
2021-09-29,LH.BK,8.0,8.100000381469727,8.0,8.0,6.18964958190918,38723100.0
2021-09-30,LH.BK,8.0,8.050000190734863,7.949999809265137,7.949999809265137,6.150964260101318,41201400.0
2021-10-01,LH.BK,7.949999809265137,8.0,7.949999809265137,7.949999809265137,6.150964260101318,19835000.0
2021-10-04,LH.BK,8.0,8.100000381469727,8.0,8.0,6.18964958190918,45127400.0
2021-10-05,LH.BK,8.0,8.050000190734863,8.0,8.0,6.18964958190918,8438200.0
2021-10-06,LH.BK,8.0,8.050000190734863,7.949999809265137,7.949999809265137,6.150964260101318,31622500.0
2021-10-07,LH.BK,7.949999809265137,8.050000190734863,7.949999809265137,8.0,6.18964958190918,36265800.0
2021-10-08,LH.BK,8.050000190734863,8.100000381469727,8.0,8.0,6.18964958190918,20713800.0
2021-10-11,LH.BK,8.0,8.100000381469727,8.0,8.050000190734863,6.228334903717041,18480100.0
2021-10-12,LH.BK,8.050000190734863,8.100000381469727,8.0,8.050000190734863,6.228334903717041,40925300.0
2021-10-14,LH.BK,8.050000190734863,8.100000381469727,8.050000190734863,8.050000190734863,6.228334903717041,29195500.0
2021-10-15,LH.BK,8.050000190734863,8.149999618530273,8.050000190734863,8.149999618530273,6.305705547332764,34311500.0
2021-10-18,LH.BK,8.149999618530273,8.25,8.100000381469727,8.25,6.383076190948486,42360500.0
2021-10-19,LH.BK,8.300000190734863,8.399999618530273,8.100000381469727,8.199999809265137,6.344390392303467,69214500.0
2021-10-20,LH.BK,8.199999809265137,8.199999809265137,8.100000381469727,8.199999809265137,6.344390392303467,44568500.0
2021-10-21,LH.BK,8.300000190734863,8.5,8.25,8.350000381469727,6.460446834564209,169129000.0
2021-10-25,LH.BK,8.449999809265137,8.550000190734863,8.399999618530273,8.550000190734863,6.615188121795654,122399400.0
2021-10-26,LH.BK,8.600000381469727,8.600000381469727,8.449999809265137,8.5,6.576503276824951,59095500.0
2021-10-27,LH.BK,8.449999809265137,8.5,8.399999618530273,8.449999809265137,6.537817001342773,71245000.0
2021-10-28,LH.BK,8.449999809265137,8.449999809265137,8.350000381469727,8.399999618530273,6.499131679534912,27967900.0
2021-10-29,LH.BK,8.449999809265137,8.550000190734863,8.399999618530273,8.449999809265137,6.537817001342773,86520000.0
2021-11-01,LH.BK,8.5,8.550000190734863,8.449999809265137,8.449999809265137,6.537817001342773,18397600.0
2021-11-02,LH.BK,8.449999809265137,8.5,8.399999618530273,8.449999809265137,6.537817001342773,26377800.0
2021-11-03,LH.BK,8.449999809265137,8.550000190734863,8.399999618530273,8.449999809265137,6.537817001342773,40262900.0
2021-11-04,LH.BK,8.449999809265137,8.550000190734863,8.399999618530273,8.5,6.576503276824951,40784000.0
2021-11-05,LH.BK,8.550000190734863,8.550000190734863,8.449999809265137,8.5,6.576503276824951,33586600.0
2021-11-08,LH.BK,8.5,8.550000190734863,8.399999618530273,8.550000190734863,6.615188121795654,40280800.0
2021-11-09,LH.BK,8.550000190734863,8.600000381469727,8.449999809265137,8.5,6.576503276824951,25437700.0
2021-11-10,LH.BK,8.5,8.600000381469727,8.449999809265137,8.600000381469727,6.653873443603516,41055500.0
2021-11-11,LH.BK,8.550000190734863,8.600000381469727,8.550000190734863,8.600000381469727,6.653873443603516,8562600.0
2021-11-12,LH.BK,8.600000381469727,8.699999809265137,8.550000190734863,8.649999618530273,6.692558288574219,32961500.0
2021-11-15,LH.BK,8.699999809265137,8.75,8.649999618530273,8.699999809265137,6.73124361038208,31979900.0
2021-11-16,LH.BK,8.75,8.850000381469727,8.699999809265137,8.800000190734863,6.808614730834961,32981100.0
2021-11-17,LH.BK,8.800000190734863,8.899999618530273,8.699999809265137,8.850000381469727,6.8473005294799805,46704900.0
2021-11-18,LH.BK,8.800000190734863,8.899999618530273,8.800000190734863,8.850000381469727,6.8473005294799805,44187500.0
2021-11-19,LH.BK,8.850000381469727,8.899999618530273,8.699999809265137,8.75,6.769928932189941,43444000.0
2021-11-22,LH.BK,8.800000190734863,8.850000381469727,8.75,8.850000381469727,6.8473005294799805,52110500.0
2021-11-23,LH.BK,8.850000381469727,8.899999618530273,8.75,8.800000190734863,6.808614730834961,48279000.0
2021-11-24,LH.BK,8.800000190734863,8.850000381469727,8.800000190734863,8.800000190734863,6.808614730834961,17422300.0
2021-11-25,LH.BK,8.800000190734863,8.899999618530273,8.75,8.800000190734863,6.808614730834961,33406000.0
2021-11-26,LH.BK,8.800000190734863,8.850000381469727,8.550000190734863,8.550000190734863,6.615188121795654,68893300.0
2021-11-29,LH.BK,8.5,8.600000381469727,8.399999618530273,8.5,6.576503276824951,49432800.0
2021-11-30,LH.BK,8.5,8.600000381469727,8.300000190734863,8.350000381469727,6.460446834564209,80326200.0
2021-12-01,LH.BK,8.350000381469727,8.449999809265137,8.25,8.399999618530273,6.499131679534912,43836800.0
2021-12-02,LH.BK,8.399999618530273,8.449999809265137,8.300000190734863,8.399999618530273,6.499131679534912,43082800.0
2021-12-03,LH.BK,8.449999809265137,8.5,8.350000381469727,8.399999618530273,6.499131679534912,31231600.0
2021-12-07,LH.BK,8.399999618530273,8.600000381469727,8.399999618530273,8.5,6.576503276824951,38875600.0
2021-12-08,LH.BK,8.550000190734863,8.600000381469727,8.5,8.550000190734863,6.615188121795654,16912200.0
2021-12-09,LH.BK,8.550000190734863,8.649999618530273,8.550000190734863,8.649999618530273,6.692558288574219,23199100.0
2021-12-13,LH.BK,8.75,8.75,8.649999618530273,8.75,6.769928932189941,40102000.0
2021-12-14,LH.BK,8.699999809265137,8.75,8.550000190734863,8.699999809265137,6.73124361038208,40537100.0
2021-12-15,LH.BK,8.699999809265137,8.75,8.649999618530273,8.649999618530273,6.692558288574219,14940300.0
2021-12-16,LH.BK,8.699999809265137,8.800000190734863,8.649999618530273,8.800000190734863,6.808614730834961,40126800.0
2021-12-17,LH.BK,8.800000190734863,8.800000190734863,8.649999618530273,8.699999809265137,6.73124361038208,64072100.0
2021-12-20,LH.BK,8.699999809265137,8.699999809265137,8.5,8.550000190734863,6.615188121795654,32949900.0
2021-12-21,LH.BK,8.550000190734863,8.699999809265137,8.550000190734863,8.550000190734863,6.615188121795654,30855300.0
2021-12-22,LH.BK,8.600000381469727,8.649999618530273,8.550000190734863,8.550000190734863,6.615188121795654,17856100.0
2021-12-23,LH.BK,8.600000381469727,8.75,8.600000381469727,8.649999618530273,6.692558288574219,26458800.0
2021-12-24,LH.BK,8.699999809265137,8.75,8.649999618530273,8.699999809265137,6.73124361038208,30805100.0
2021-12-27,LH.BK,8.699999809265137,8.75,8.649999618530273,8.699999809265137,6.73124361038208,30330100.0
2021-12-28,LH.BK,8.699999809265137,8.800000190734863,8.699999809265137,8.75,6.769928932189941,28168800.0
2021-12-29,LH.BK,8.75,8.899999618530273,8.699999809265137,8.850000381469727,6.8473005294799805,36311300.0
2021-12-30,LH.BK,8.899999618530273,8.899999618530273,8.75,8.800000190734863,6.808614730834961,57116300.0
2022-01-04,LH.BK,8.899999618530273,8.899999618530273,8.850000381469727,8.899999618530273,6.885984897613525,30433700.0
2022-01-05,LH.BK,8.850000381469727,8.949999809265137,8.800000190734863,8.850000381469727,6.8473005294799805,45527600.0
2022-01-06,LH.BK,8.850000381469727,8.850000381469727,8.649999618530273,8.75,6.769928932189941,67088800.0
2022-01-07,LH.BK,8.75,8.800000190734863,8.649999618530273,8.649999618530273,6.692558288574219,31928800.0
2022-01-10,LH.BK,8.649999618530273,8.699999809265137,8.600000381469727,8.649999618530273,6.692558288574219,26594900.0
2022-01-11,LH.BK,8.649999618530273,8.75,8.649999618530273,8.75,6.769928932189941,21415200.0
2022-01-12,LH.BK,8.75,8.850000381469727,8.75,8.800000190734863,6.808614730834961,21672900.0
2022-01-13,LH.BK,8.800000190734863,8.800000190734863,8.75,8.75,6.769928932189941,7383800.0
2022-01-14,LH.BK,8.800000190734863,9.0,8.800000190734863,8.949999809265137,6.9246697425842285,66451800.0
2022-01-17,LH.BK,8.949999809265137,9.0,8.850000381469727,8.899999618530273,6.885984897613525,35073900.0
2022-01-18,LH.BK,8.899999618530273,8.949999809265137,8.75,8.800000190734863,6.808614730834961,37976500.0
2022-01-19,LH.BK,8.800000190734863,8.949999809265137,8.800000190734863,8.899999618530273,6.885984897613525,30995300.0
2022-01-20,LH.BK,8.949999809265137,9.300000190734863,8.899999618530273,9.25,7.156782627105713,115593000.0
2022-01-21,LH.BK,9.199999809265137,9.300000190734863,9.149999618530273,9.149999618530273,7.079411506652832,67942200.0
2022-01-24,LH.BK,9.149999618530273,9.25,9.149999618530273,9.149999618530273,7.079411506652832,51324000.0
2022-01-25,LH.BK,9.149999618530273,9.25,9.050000190734863,9.25,7.156782627105713,47254200.0
2022-01-26,LH.BK,9.300000190734863,9.399999618530273,9.25,9.350000381469727,7.2341532707214355,65542800.0
2022-01-27,LH.BK,9.399999618530273,9.449999809265137,9.199999809265137,9.399999618530273,7.272837162017822,102253300.0
2022-01-28,LH.BK,9.5,9.899999618530273,9.5,9.899999618530273,7.6596903800964355,192840100.0
2022-01-31,LH.BK,9.899999618530273,9.899999618530273,9.699999809265137,9.800000190734863,7.5823211669921875,54593000.0
2022-02-01,LH.BK,9.800000190734863,9.800000190734863,9.600000381469727,9.699999809265137,7.504950046539307,39136700.0
2022-02-02,LH.BK,9.699999809265137,9.75,9.550000190734863,9.75,7.543635845184326,36588200.0
2022-02-03,LH.BK,9.800000190734863,9.800000190734863,9.649999618530273,9.75,7.543635845184326,42087400.0
2022-02-04,LH.BK,9.699999809265137,9.75,9.600000381469727,9.649999618530273,7.4662652015686035,48216000.0
2022-02-07,LH.BK,9.699999809265137,9.75,9.550000190734863,9.699999809265137,7.504950046539307,58728200.0
2022-02-08,LH.BK,9.699999809265137,9.800000190734863,9.600000381469727,9.699999809265137,7.504950046539307,62081500.0
2022-02-09,LH.BK,9.75,9.850000381469727,9.75,9.850000381469727,7.621005535125732,60810000.0
2022-02-10,LH.BK,9.800000190734863,9.899999618530273,9.699999809265137,9.850000381469727,7.621005535125732,66525500.0
2022-02-11,LH.BK,9.800000190734863,9.850000381469727,9.649999618530273,9.699999809265137,7.504950046539307,72199100.0
2022-02-14,LH.BK,9.699999809265137,9.75,9.600000381469727,9.649999618530273,7.4662652015686035,35621700.0
2022-02-15,LH.BK,9.699999809265137,9.850000381469727,9.649999618530273,9.75,7.543635845184326,49732600.0
2022-02-17,LH.BK,9.75,9.899999618530273,9.699999809265137,9.75,7.543635845184326,53112800.0
2022-02-18,LH.BK,9.75,9.850000381469727,9.699999809265137,9.800000190734863,7.5823211669921875,36980500.0
2022-02-21,LH.BK,9.800000190734863,9.800000190734863,9.600000381469727,9.649999618530273,7.4662652015686035,46125500.0
2022-02-22,LH.BK,9.600000381469727,9.649999618530273,9.399999618530273,9.449999809265137,7.311524391174316,63500800.0
2022-02-23,LH.BK,9.399999618530273,9.600000381469727,9.399999618530273,9.550000190734863,7.388894081115723,43829700.0
2022-02-24,LH.BK,9.5,9.550000190734863,9.25,9.399999618530273,7.272837162017822,94650800.0
2022-02-25,LH.BK,9.399999618530273,9.600000381469727,9.399999618530273,9.600000381469727,7.427579879760742,56128900.0
2022-02-28,LH.BK,9.5,9.649999618530273,9.399999618530273,9.600000381469727,7.427579879760742,53685400.0
2022-03-01,LH.BK,9.649999618530273,9.699999809265137,9.550000190734863,9.600000381469727,7.427579879760742,71167500.0
2022-03-02,LH.BK,9.600000381469727,9.699999809265137,9.600000381469727,9.649999618530273,7.4662652015686035,36262800.0
2022-03-03,LH.BK,9.649999618530273,9.75,9.550000190734863,9.550000190734863,7.388894081115723,50256000.0
2022-03-04,LH.BK,9.550000190734863,9.649999618530273,9.5,9.5,7.3502092361450195,54821000.0
2022-03-07,LH.BK,9.350000381469727,9.449999809265137,9.199999809265137,9.300000190734863,7.195467948913574,81626500.0
2022-03-08,LH.BK,9.199999809265137,9.300000190734863,8.899999618530273,9.149999618530273,7.079411506652832,99189900.0
2022-03-09,LH.BK,9.199999809265137,9.350000381469727,9.100000381469727,9.300000190734863,7.195467948913574,56576600.0
2022-03-10,LH.BK,9.350000381469727,9.399999618530273,9.199999809265137,9.25,7.156782627105713,41005300.0
2022-03-11,LH.BK,9.25,9.300000190734863,9.149999618530273,9.25,7.156782627105713,44274700.0
2022-03-14,LH.BK,9.199999809265137,9.199999809265137,9.050000190734863,9.050000190734863,7.002040863037109,52520500.0
2022-03-15,LH.BK,9.050000190734863,9.149999618530273,9.0,9.100000381469727,7.040727138519287,40116500.0
2022-03-16,LH.BK,9.149999618530273,9.25,9.100000381469727,9.199999809265137,7.118096828460693,34930000.0
2022-03-17,LH.BK,9.199999809265137,9.350000381469727,9.199999809265137,9.300000190734863,7.195467948913574,49222500.0
2022-03-18,LH.BK,9.350000381469727,9.550000190734863,9.25,9.550000190734863,7.388894081115723,111966500.0
2022-03-21,LH.BK,9.550000190734863,9.600000381469727,9.199999809265137,9.25,7.156782627105713,64559900.0
2022-03-22,LH.BK,9.300000190734863,9.399999618530273,9.199999809265137,9.300000190734863,7.195467948913574,24521500.0
2022-03-23,LH.BK,9.399999618530273,9.449999809265137,9.350000381469727,9.350000381469727,7.2341532707214355,29822300.0
2022-03-24,LH.BK,9.350000381469727,9.399999618530273,9.300000190734863,9.350000381469727,7.2341532707214355,13044800.0
2022-03-25,LH.BK,9.350000381469727,9.449999809265137,9.300000190734863,9.350000381469727,7.2341532707214355,27980100.0
2022-03-28,LH.BK,9.350000381469727,9.5,9.350000381469727,9.399999618530273,7.272837162017822,28318500.0
2022-03-29,LH.BK,9.449999809265137,9.5,9.399999618530273,9.449999809265137,7.311524391174316,18043700.0
2022-03-30,LH.BK,9.5,9.600000381469727,9.449999809265137,9.550000190734863,7.388894081115723,31202400.0
2022-03-31,LH.BK,9.600000381469727,9.600000381469727,9.449999809265137,9.5,7.3502092361450195,22890400.0
2022-04-01,LH.BK,9.449999809265137,9.5,9.449999809265137,9.449999809265137,7.311524391174316,11653600.0
2022-04-04,LH.BK,9.5,9.5,9.399999618530273,9.5,7.3502092361450195,18272900.0
2022-04-05,LH.BK,9.5,9.5,9.399999618530273,9.449999809265137,7.311524391174316,22614200.0
2022-04-07,LH.BK,9.449999809265137,9.449999809265137,9.300000190734863,9.350000381469727,7.2341532707214355,44859500.0
2022-04-08,LH.BK,9.300000190734863,9.449999809265137,9.300000190734863,9.399999618530273,7.272837162017822,20240700.0
2022-04-11,LH.BK,9.399999618530273,9.5,9.350000381469727,9.399999618530273,7.272837162017822,25192300.0
2022-04-12,LH.BK,9.350000381469727,9.449999809265137,9.350000381469727,9.399999618530273,7.272837162017822,23041600.0
2022-04-18,LH.BK,9.399999618530273,9.550000190734863,9.300000190734863,9.300000190734863,7.195467948913574,36769900.0
2022-04-19,LH.BK,9.300000190734863,9.449999809265137,9.300000190734863,9.300000190734863,7.195467948913574,25993700.0
2022-04-20,LH.BK,9.350000381469727,9.399999618530273,9.300000190734863,9.350000381469727,7.2341532707214355,54125600.0
2022-04-21,LH.BK,9.350000381469727,9.449999809265137,9.350000381469727,9.399999618530273,7.272837162017822,37050500.0
2022-04-22,LH.BK,9.399999618530273,9.449999809265137,9.350000381469727,9.399999618530273,7.272837162017822,20950600.0
2022-04-25,LH.BK,9.350000381469727,9.449999809265137,9.300000190734863,9.350000381469727,7.2341532707214355,33231800.0
2022-04-26,LH.BK,9.449999809265137,9.649999618530273,9.449999809265137,9.550000190734863,7.388894081115723,59124500.0
2022-04-27,LH.BK,9.550000190734863,9.600000381469727,9.449999809265137,9.5,7.3502092361450195,31196800.0
2022-04-28,LH.BK,9.5,9.5,9.350000381469727,9.5,7.3502092361450195,27606400.0
2022-04-29,LH.BK,9.550000190734863,9.600000381469727,9.449999809265137,9.550000190734863,7.388894081115723,72061900.0
2022-05-03,LH.BK,9.5,9.550000190734863,9.399999618530273,9.449999809265137,7.311524391174316,37984400.0
2022-05-05,LH.BK,9.300000190734863,9.350000381469727,9.0,9.0,7.152576923370361,54073000.0
2022-05-06,LH.BK,8.899999618530273,9.050000190734863,8.850000381469727,8.949999809265137,7.1128411293029785,57871100.0
2022-05-09,LH.BK,8.899999618530273,8.949999809265137,8.699999809265137,8.699999809265137,6.914158821105957,59594300.0
2022-05-10,LH.BK,8.699999809265137,8.850000381469727,8.600000381469727,8.850000381469727,7.0333685874938965,64142300.0
2022-05-11,LH.BK,8.899999618530273,8.899999618530273,8.699999809265137,8.800000190734863,6.993631362915039,47500400.0
2022-05-12,LH.BK,8.75,8.800000190734863,8.600000381469727,8.699999809265137,6.914158821105957,39265100.0
2022-05-13,LH.BK,8.699999809265137,8.800000190734863,8.649999618530273,8.649999618530273,6.874421119689941,51136200.0
2022-05-17,LH.BK,8.75,8.800000190734863,8.699999809265137,8.800000190734863,6.993631362915039,44582300.0
2022-05-18,LH.BK,8.850000381469727,8.949999809265137,8.75,8.949999809265137,7.1128411293029785,40642300.0
2022-05-19,LH.BK,8.850000381469727,8.899999618530273,8.800000190734863,8.800000190734863,6.993631362915039,33688200.0
2022-05-20,LH.BK,8.850000381469727,8.899999618530273,8.800000190734863,8.800000190734863,6.993631362915039,44362400.0
2022-05-23,LH.BK,8.800000190734863,8.899999618530273,8.75,8.899999618530273,7.073103427886963,34697400.0
2022-05-24,LH.BK,8.899999618530273,8.899999618530273,8.75,8.800000190734863,6.993631362915039,20768500.0
2022-05-25,LH.BK,8.800000190734863,8.850000381469727,8.699999809265137,8.75,6.953895092010498,32384500.0
2022-05-26,LH.BK,8.800000190734863,8.850000381469727,8.699999809265137,8.699999809265137,6.914158821105957,24449400.0
2022-05-27,LH.BK,8.75,8.800000190734863,8.699999809265137,8.75,6.953895092010498,24916900.0
2022-05-30,LH.BK,8.75,8.899999618530273,8.75,8.899999618530273,7.073103427886963,21009500.0
2022-05-31,LH.BK,8.899999618530273,8.949999809265137,8.850000381469727,8.949999809265137,7.1128411293029785,93792500.0
2022-06-01,LH.BK,8.949999809265137,9.0,8.899999618530273,8.949999809265137,7.1128411293029785,15958700.0
2022-06-02,LH.BK,9.0,9.0,8.899999618530273,8.949999809265137,7.1128411293029785,19981200.0
2022-06-06,LH.BK,8.949999809265137,9.0,8.850000381469727,8.949999809265137,7.1128411293029785,28533900.0
2022-06-07,LH.BK,8.949999809265137,9.0,8.899999618530273,8.949999809265137,7.1128411293029785,17801800.0
2022-06-08,LH.BK,8.949999809265137,9.0,8.850000381469727,8.949999809265137,7.1128411293029785,16243200.0
2022-06-09,LH.BK,8.899999618530273,8.949999809265137,8.75,8.800000190734863,6.993631362915039,33721600.0
2022-06-10,LH.BK,8.75,8.800000190734863,8.600000381469727,8.600000381469727,6.834685325622559,71980300.0
2022-06-13,LH.BK,8.5,8.550000190734863,8.25,8.25,6.5565290451049805,90281900.0
2022-06-14,LH.BK,8.300000190734863,8.449999809265137,8.25,8.350000381469727,6.636003494262695,29229500.0
2022-06-15,LH.BK,8.350000381469727,8.350000381469727,8.25,8.300000190734863,6.596266269683838,41669000.0
2022-06-16,LH.BK,8.350000381469727,8.449999809265137,8.199999809265137,8.199999809265137,6.5167927742004395,50056000.0
2022-06-17,LH.BK,8.199999809265137,8.300000190734863,8.149999618530273,8.25,6.5565290451049805,40618600.0
2022-06-20,LH.BK,8.199999809265137,8.25,8.149999618530273,8.199999809265137,6.5167927742004395,29972800.0
2022-06-21,LH.BK,8.25,8.350000381469727,8.199999809265137,8.25,6.5565290451049805,20751000.0
2022-06-22,LH.BK,8.300000190734863,8.300000190734863,8.149999618530273,8.199999809265137,6.5167927742004395,32062300.0
2022-06-23,LH.BK,8.25,8.350000381469727,8.199999809265137,8.25,6.5565290451049805,17185400.0
2022-06-24,LH.BK,8.300000190734863,8.350000381469727,8.100000381469727,8.25,6.5565290451049805,46047100.0
2022-06-27,LH.BK,8.350000381469727,8.350000381469727,8.25,8.300000190734863,6.596266269683838,36215500.0
2022-06-28,LH.BK,8.300000190734863,8.449999809265137,8.25,8.399999618530273,6.67573881149292,30827800.0
2022-06-29,LH.BK,8.449999809265137,8.550000190734863,8.350000381469727,8.449999809265137,6.715475559234619,48219200.0
2022-06-30,LH.BK,8.449999809265137,8.449999809265137,8.300000190734863,8.350000381469727,6.636003494262695,26114400.0
2022-07-01,LH.BK,8.350000381469727,8.449999809265137,8.350000381469727,8.399999618530273,6.67573881149292,11398500.0
2022-07-04,LH.BK,8.449999809265137,8.449999809265137,8.300000190734863,8.350000381469727,6.636003494262695,17051100.0
2022-07-05,LH.BK,8.350000381469727,8.399999618530273,8.100000381469727,8.149999618530273,6.47705602645874,43587200.0
2022-07-06,LH.BK,8.149999618530273,8.300000190734863,8.149999618530273,8.25,6.5565290451049805,35366500.0
2022-07-07,LH.BK,8.25,8.350000381469727,8.199999809265137,8.300000190734863,6.596266269683838,62008200.0
2022-07-08,LH.BK,8.350000381469727,8.350000381469727,8.149999618530273,8.25,6.5565290451049805,30100400.0
2022-07-11,LH.BK,8.25,8.300000190734863,8.149999618530273,8.25,6.5565290451049805,27536200.0
2022-07-12,LH.BK,8.300000190734863,8.300000190734863,8.199999809265137,8.199999809265137,6.5167927742004395,24057800.0
2022-07-14,LH.BK,8.199999809265137,8.300000190734863,8.050000190734863,8.100000381469727,6.437320709228516,69973500.0
2022-07-15,LH.BK,8.149999618530273,8.199999809265137,8.0,8.149999618530273,6.47705602645874,33682800.0
2022-07-18,LH.BK,8.149999618530273,8.25,8.100000381469727,8.149999618530273,6.47705602645874,18545400.0
2022-07-19,LH.BK,8.199999809265137,8.199999809265137,8.100000381469727,8.199999809265137,6.5167927742004395,34561400.0
2022-07-20,LH.BK,8.199999809265137,8.25,8.100000381469727,8.199999809265137,6.5167927742004395,27787800.0
2022-07-21,LH.BK,8.149999618530273,8.25,8.100000381469727,8.199999809265137,6.5167927742004395,14878000.0
2022-07-22,LH.BK,8.199999809265137,8.300000190734863,8.199999809265137,8.300000190734863,6.596266269683838,22005900.0
2022-07-25,LH.BK,8.300000190734863,8.399999618530273,8.25,8.350000381469727,6.636003494262695,16580300.0
2022-07-26,LH.BK,8.399999618530273,8.5,8.399999618530273,8.399999618530273,6.67573881149292,33774500.0
2022-07-27,LH.BK,8.449999809265137,8.5,8.399999618530273,8.5,6.755212783813477,21290800.0
2022-08-01,LH.BK,8.600000381469727,8.75,8.550000190734863,8.649999618530273,6.874421119689941,54441500.0
2022-08-02,LH.BK,8.649999618530273,8.699999809265137,8.550000190734863,8.649999618530273,6.874421119689941,27854700.0
2022-08-03,LH.BK,8.649999618530273,8.649999618530273,8.600000381469727,8.649999618530273,6.874421119689941,12635800.0
2022-08-04,LH.BK,8.699999809265137,8.699999809265137,8.600000381469727,8.649999618530273,6.874421119689941,27522800.0
2022-08-05,LH.BK,8.649999618530273,8.699999809265137,8.600000381469727,8.649999618530273,6.874421119689941,18001300.0
2022-08-08,LH.BK,8.649999618530273,8.699999809265137,8.550000190734863,8.699999809265137,6.914158821105957,24176800.0
2022-08-09,LH.BK,8.699999809265137,8.75,8.649999618530273,8.75,6.953895092010498,20485100.0
2022-08-10,LH.BK,8.800000190734863,8.800000190734863,8.699999809265137,8.75,6.953895092010498,14545200.0
2022-08-11,LH.BK,8.75,8.850000381469727,8.699999809265137,8.800000190734863,6.993631362915039,29944500.0
2022-08-15,LH.BK,8.800000190734863,8.949999809265137,8.800000190734863,8.850000381469727,7.0333685874938965,53172300.0
2022-08-16,LH.BK,8.850000381469727,9.0,8.850000381469727,8.899999618530273,7.073103427886963,42021000.0
2022-08-17,LH.BK,8.949999809265137,9.0,8.899999618530273,9.0,7.152576923370361,31733100.0
2022-08-18,LH.BK,8.949999809265137,9.0,8.850000381469727,9.0,7.152576923370361,30735900.0
2022-08-19,LH.BK,9.0,9.050000190734863,8.899999618530273,9.0,7.152576923370361,32617800.0
2022-08-22,LH.BK,9.0,9.050000190734863,8.949999809265137,9.0,7.152576923370361,26190800.0
2022-08-23,LH.BK,8.949999809265137,9.0,8.75,9.0,7.152576923370361,62471500.0
2022-08-24,LH.BK,8.899999618530273,9.0,8.899999618530273,8.949999809265137,7.1128411293029785,28226200.0
2022-08-25,LH.BK,8.649999618530273,8.850000381469727,8.600000381469727,8.800000190734863,7.1945977210998535,32523600.0
2022-08-26,LH.BK,8.800000190734863,8.800000190734863,8.649999618530273,8.699999809265137,7.112841606140137,23934800.0
2022-08-29,LH.BK,8.600000381469727,8.800000190734863,8.600000381469727,8.699999809265137,7.112841606140137,22825500.0
2022-08-30,LH.BK,8.75,8.949999809265137,8.75,8.850000381469727,7.235476970672607,36783200.0
2022-08-31,LH.BK,8.800000190734863,8.949999809265137,8.75,8.899999618530273,7.276353359222412,54604000.0
2022-09-01,LH.BK,8.850000381469727,8.850000381469727,8.649999618530273,8.699999809265137,7.112841606140137,84157300.0
2022-09-02,LH.BK,8.699999809265137,8.800000190734863,8.699999809265137,8.75,7.153719425201416,37144800.0
2022-09-05,LH.BK,8.699999809265137,8.75,8.649999618530273,8.699999809265137,7.112841606140137,12814100.0
2022-09-06,LH.BK,8.699999809265137,8.850000381469727,8.649999618530273,8.75,7.153719425201416,20466200.0
2022-09-07,LH.BK,8.699999809265137,8.75,8.699999809265137,8.699999809265137,7.112841606140137,10828300.0
2022-09-08,LH.BK,8.75,8.800000190734863,8.699999809265137,8.75,7.153719425201416,22703200.0
2022-09-09,LH.BK,8.800000190734863,8.949999809265137,8.75,8.949999809265137,7.317233085632324,27655600.0
2022-09-12,LH.BK,8.949999809265137,9.0,8.899999618530273,8.949999809265137,7.317233085632324,29577200.0
2022-09-13,LH.BK,9.0,9.0,8.899999618530273,8.949999809265137,7.317233085632324,25821800.0
2022-09-14,LH.BK,8.850000381469727,8.899999618530273,8.800000190734863,8.850000381469727,7.235476970672607,20120900.0
2022-09-15,LH.BK,8.850000381469727,8.899999618530273,8.800000190734863,8.899999618530273,7.276353359222412,43906400.0
2022-09-16,LH.BK,8.899999618530273,8.949999809265137,8.800000190734863,8.949999809265137,7.317233085632324,46397000.0
2022-09-19,LH.BK,8.949999809265137,8.949999809265137,8.800000190734863,8.800000190734863,7.1945977210998535,28124600.0
2022-09-20,LH.BK,8.850000381469727,8.949999809265137,8.800000190734863,8.800000190734863,7.1945977210998535,35205100.0
2022-09-21,LH.BK,8.850000381469727,8.850000381469727,8.75,8.75,7.153719425201416,26982400.0
2022-09-22,LH.BK,8.75,8.899999618530273,8.699999809265137,8.75,7.153719425201416,34678200.0
2022-09-23,LH.BK,8.75,8.899999618530273,8.75,8.800000190734863,7.1945977210998535,36361300.0
2022-09-26,LH.BK,8.850000381469727,8.899999618530273,8.75,8.850000381469727,7.235476970672607,44200900.0
2022-09-27,LH.BK,8.899999618530273,9.199999809265137,8.850000381469727,9.149999618530273,7.480745792388916,83225000.0
2022-09-28,LH.BK,9.100000381469727,9.100000381469727,9.0,9.050000190734863,7.398989677429199,56572800.0
2022-09-29,LH.BK,9.100000381469727,9.149999618530273,8.949999809265137,9.0,7.358110427856445,50005500.0
2022-09-30,LH.BK,9.0,9.0,8.800000190734863,8.899999618530273,7.276353359222412,38332700.0
2022-10-03,LH.BK,8.899999618530273,8.949999809265137,8.699999809265137,8.699999809265137,7.112841606140137,44918400.0
2022-10-04,LH.BK,8.800000190734863,8.899999618530273,8.800000190734863,8.800000190734863,7.1945977210998535,19563100.0
2022-10-05,LH.BK,8.850000381469727,8.899999618530273,8.850000381469727,8.850000381469727,7.235476970672607,17468600.0
2022-10-06,LH.BK,8.899999618530273,8.949999809265137,8.800000190734863,8.800000190734863,7.1945977210998535,50841300.0
2022-10-07,LH.BK,8.800000190734863,8.850000381469727,8.699999809265137,8.75,7.153719425201416,31460300.0
2022-10-10,LH.BK,8.75,8.75,8.699999809265137,8.699999809265137,7.112841606140137,11022100.0
2022-10-11,LH.BK,8.75,8.75,8.550000190734863,8.550000190734863,6.990205764770508,40791300.0
2022-10-12,LH.BK,8.550000190734863,8.75,8.550000190734863,8.699999809265137,7.112841606140137,33120600.0
2022-10-17,LH.BK,8.949999809265137,9.100000381469727,8.800000190734863,8.949999809265137,7.317233085632324,104555400.0
2022-10-18,LH.BK,9.050000190734863,9.050000190734863,8.899999618530273,8.949999809265137,7.317233085632324,16996100.0
2022-10-19,LH.BK,9.0,9.0,8.850000381469727,8.899999618530273,7.276353359222412,23198600.0
2022-10-20,LH.BK,8.850000381469727,9.0,8.800000190734863,8.899999618530273,7.276353359222412,55905400.0
2022-10-21,LH.BK,8.899999618530273,8.949999809265137,8.850000381469727,8.899999618530273,7.276353359222412,28448000.0
2022-10-25,LH.BK,8.850000381469727,9.100000381469727,8.800000190734863,9.050000190734863,7.398989677429199,49226900.0
2022-10-26,LH.BK,9.100000381469727,9.25,9.100000381469727,9.149999618530273,7.480745792388916,72133700.0
2022-10-27,LH.BK,9.199999809265137,9.300000190734863,9.149999618530273,9.300000190734863,7.603381156921387,62598600.0
2022-10-28,LH.BK,9.300000190734863,9.300000190734863,9.100000381469727,9.25,7.562503337860107,35801200.0
2022-10-31,LH.BK,9.300000190734863,9.399999618530273,9.149999618530273,9.199999809265137,7.521625518798828,54387300.0
2022-11-01,LH.BK,9.199999809265137,9.300000190734863,9.149999618530273,9.199999809265137,7.521625518798828,27410900.0
2022-11-02,LH.BK,9.25,9.300000190734863,9.149999618530273,9.300000190734863,7.603381156921387,35947500.0
2022-11-03,LH.BK,9.25,9.350000381469727,9.149999618530273,9.300000190734863,7.603381156921387,23815900.0
2022-11-04,LH.BK,9.350000381469727,9.350000381469727,9.199999809265137,9.199999809265137,7.521625518798828,33647700.0
2022-11-07,LH.BK,9.199999809265137,9.300000190734863,9.199999809265137,9.25,7.562503337860107,32446000.0
2022-11-08,LH.BK,9.25,9.350000381469727,9.199999809265137,9.300000190734863,7.603381156921387,32422300.0
2022-11-09,LH.BK,9.25,9.350000381469727,9.25,9.300000190734863,7.603381156921387,28535900.0
2022-11-10,LH.BK,9.300000190734863,9.5,9.25,9.449999809265137,7.726016521453857,43858400.0
2022-11-11,LH.BK,9.5,9.550000190734863,9.399999618530273,9.5,7.766895294189453,65717100.0
2022-11-14,LH.BK,9.449999809265137,9.5,9.300000190734863,9.399999618530273,7.685137748718262,28078500.0
2022-11-15,LH.BK,9.350000381469727,9.449999809265137,9.300000190734863,9.350000381469727,7.644260883331299,15168000.0
2022-11-16,LH.BK,9.350000381469727,9.350000381469727,9.100000381469727,9.199999809265137,7.521625518798828,49809000.0
2022-11-17,LH.BK,9.199999809265137,9.350000381469727,9.100000381469727,9.350000381469727,7.644260883331299,63453400.0
2022-11-18,LH.BK,9.300000190734863,9.350000381469727,9.25,9.300000190734863,7.603381156921387,17439400.0
2022-11-21,LH.BK,9.25,9.350000381469727,9.199999809265137,9.300000190734863,7.603381156921387,21611000.0
2022-11-22,LH.BK,9.350000381469727,9.350000381469727,9.300000190734863,9.350000381469727,7.644260883331299,12587200.0
2022-11-23,LH.BK,9.350000381469727,9.449999809265137,9.300000190734863,9.449999809265137,7.726016521453857,22207900.0
2022-11-24,LH.BK,9.449999809265137,9.449999809265137,9.300000190734863,9.300000190734863,7.603381156921387,13080800.0
2022-11-25,LH.BK,9.300000190734863,9.350000381469727,9.25,9.350000381469727,7.644260883331299,12089100.0
2022-11-28,LH.BK,9.350000381469727,9.350000381469727,9.25,9.350000381469727,7.644260883331299,13764000.0
2022-11-29,LH.BK,9.350000381469727,9.550000190734863,9.350000381469727,9.449999809265137,7.726016521453857,41120500.0
2022-11-30,LH.BK,9.5,9.600000381469727,9.399999618530273,9.600000381469727,7.848651885986328,64422500.0
2022-12-01,LH.BK,9.550000190734863,9.649999618530273,9.5,9.600000381469727,7.848651885986328,35756500.0
2022-12-02,LH.BK,9.600000381469727,9.600000381469727,9.399999618530273,9.449999809265137,7.726016521453857,28099600.0
2022-12-06,LH.BK,9.449999809265137,9.600000381469727,9.449999809265137,9.550000190734863,7.807773113250732,29866500.0
2022-12-07,LH.BK,9.600000381469727,9.649999618530273,9.5,9.600000381469727,7.848651885986328,25084600.0
2022-12-08,LH.BK,9.600000381469727,9.649999618530273,9.550000190734863,9.600000381469727,7.848651885986328,19685700.0
2022-12-09,LH.BK,9.550000190734863,9.600000381469727,9.5,9.550000190734863,7.807773113250732,18995300.0
2022-12-13,LH.BK,9.600000381469727,9.699999809265137,9.550000190734863,9.600000381469727,7.848651885986328,41626000.0
2022-12-14,LH.BK,9.649999618530273,9.699999809265137,9.600000381469727,9.600000381469727,7.848651885986328,30804700.0
2022-12-15,LH.BK,9.600000381469727,9.649999618530273,9.5,9.600000381469727,7.848651885986328,26920900.0
2022-12-16,LH.BK,9.550000190734863,9.75,9.550000190734863,9.699999809265137,7.930408477783203,44022200.0
2022-12-19,LH.BK,9.75,9.800000190734863,9.649999618530273,9.800000190734863,8.012166023254395,31557500.0
2022-12-20,LH.BK,9.75,9.800000190734863,9.699999809265137,9.800000190734863,8.012166023254395,41316500.0
2022-12-21,LH.BK,9.75,9.800000190734863,9.75,9.75,7.971287250518799,9233900.0
2022-12-22,LH.BK,9.800000190734863,9.850000381469727,9.75,9.800000190734863,8.012166023254395,17196600.0
2022-12-23,LH.BK,9.850000381469727,9.899999618530273,9.75,9.850000381469727,8.053044319152832,50337500.0
2022-12-26,LH.BK,9.850000381469727,9.850000381469727,9.75,9.850000381469727,8.053044319152832,20105400.0
2022-12-27,LH.BK,9.800000190734863,9.949999809265137,9.800000190734863,9.949999809265137,8.134800910949707,28846500.0
2022-12-28,LH.BK,9.949999809265137,10.0,9.899999618530273,10.0,8.175679206848145,29707300.0
2022-12-29,LH.BK,9.949999809265137,10.100000381469727,9.899999618530273,10.100000381469727,8.257436752319336,56280600.0
2022-12-30,LH.BK,10.100000381469727,10.100000381469727,9.850000381469727,9.899999618530273,8.09392261505127,64968600.0
2023-01-03,LH.BK,9.949999809265137,9.949999809265137,9.850000381469727,9.850000381469727,8.053044319152832,19730900.0
2023-01-04,LH.BK,9.850000381469727,9.949999809265137,9.800000190734863,9.899999618530273,8.09392261505127,15727000.0
2023-01-05,LH.BK,9.899999618530273,9.899999618530273,9.600000381469727,9.699999809265137,7.930408477783203,108241100.0
2023-01-06,LH.BK,9.649999618530273,9.899999618530273,9.649999618530273,9.850000381469727,8.053044319152832,26037200.0
2023-01-09,LH.BK,9.899999618530273,9.899999618530273,9.800000190734863,9.800000190734863,8.012166023254395,28565700.0
2023-01-10,LH.BK,9.800000190734863,9.850000381469727,9.75,9.850000381469727,8.053044319152832,37028400.0
2023-01-11,LH.BK,9.850000381469727,9.899999618530273,9.75,9.800000190734863,8.012166023254395,29116200.0
2023-01-12,LH.BK,9.850000381469727,9.899999618530273,9.75,9.800000190734863,8.012166023254395,36305900.0
2023-01-13,LH.BK,9.800000190734863,9.850000381469727,9.699999809265137,9.800000190734863,8.012166023254395,17773500.0
2023-01-16,LH.BK,9.800000190734863,9.850000381469727,9.699999809265137,9.699999809265137,7.930408477783203,40454600.0
2023-01-17,LH.BK,9.699999809265137,9.75,9.649999618530273,9.699999809265137,7.930408477783203,33374100.0
2023-01-18,LH.BK,9.649999618530273,9.699999809265137,9.550000190734863,9.649999618530273,7.889530658721924,46996100.0
2023-01-19,LH.BK,9.600000381469727,9.699999809265137,9.600000381469727,9.699999809265137,7.930408477783203,12583300.0
2023-01-20,LH.BK,9.699999809265137,9.699999809265137,9.600000381469727,9.649999618530273,7.889530658721924,21110200.0
2023-01-23,LH.BK,9.649999618530273,9.75,9.649999618530273,9.649999618530273,7.889530658721924,21037800.0
2023-01-24,LH.BK,9.699999809265137,9.75,9.649999618530273,9.649999618530273,7.889530658721924,11721000.0
2023-01-25,LH.BK,9.649999618530273,9.850000381469727,9.649999618530273,9.75,7.971287250518799,43501800.0
2023-01-26,LH.BK,9.800000190734863,9.800000190734863,9.699999809265137,9.800000190734863,8.012166023254395,25215300.0
2023-01-27,LH.BK,9.800000190734863,9.899999618530273,9.75,9.899999618530273,8.09392261505127,25806100.0
2023-01-30,LH.BK,9.850000381469727,9.949999809265137,9.850000381469727,9.949999809265137,8.134800910949707,14003400.0
2023-01-31,LH.BK,9.899999618530273,10.0,9.899999618530273,9.899999618530273,8.09392261505127,39684500.0
2023-02-01,LH.BK,9.899999618530273,10.0,9.850000381469727,10.0,8.175679206848145,30916600.0
2023-02-02,LH.BK,10.0,10.0,9.899999618530273,9.899999618530273,8.09392261505127,34060600.0
2023-02-03,LH.BK,9.899999618530273,9.949999809265137,9.800000190734863,9.949999809265137,8.134800910949707,33157600.0
2023-02-06,LH.BK,9.899999618530273,9.949999809265137,9.800000190734863,9.850000381469727,8.053044319152832,17894500.0
2023-02-07,LH.BK,9.899999618530273,9.899999618530273,9.800000190734863,9.899999618530273,8.09392261505127,17388700.0
2023-02-08,LH.BK,9.850000381469727,9.899999618530273,9.75,9.75,7.971287250518799,29599500.0
2023-02-09,LH.BK,9.800000190734863,9.800000190734863,9.699999809265137,9.75,7.971287250518799,15215400.0
2023-02-10,LH.BK,9.75,9.899999618530273,9.699999809265137,9.899999618530273,8.09392261505127,17888700.0
2023-02-13,LH.BK,9.899999618530273,9.949999809265137,9.800000190734863,9.800000190734863,8.012166023254395,25822100.0
2023-02-14,LH.BK,9.850000381469727,9.850000381469727,9.75,9.75,7.971287250518799,19602000.0
2023-02-15,LH.BK,9.75,9.850000381469727,9.75,9.800000190734863,8.012166023254395,16598900.0
2023-02-16,LH.BK,9.75,9.800000190734863,9.649999618530273,9.75,7.971287250518799,22780400.0
2023-02-17,LH.BK,9.699999809265137,9.800000190734863,9.649999618530273,9.75,7.971287250518799,28710200.0
2023-02-20,LH.BK,9.75,9.850000381469727,9.699999809265137,9.800000190734863,8.012166023254395,15935100.0
2023-02-21,LH.BK,9.850000381469727,9.899999618530273,9.800000190734863,9.850000381469727,8.053044319152832,12529400.0
2023-02-22,LH.BK,9.899999618530273,9.899999618530273,9.75,9.800000190734863,8.012166023254395,18290000.0
2023-02-23,LH.BK,9.850000381469727,9.899999618530273,9.75,9.75,7.971287250518799,27845200.0
2023-02-24,LH.BK,9.75,9.800000190734863,9.649999618530273,9.699999809265137,7.930408477783203,34774900.0
2023-02-27,LH.BK,9.699999809265137,9.699999809265137,9.600000381469727,9.699999809265137,7.930408477783203,35531900.0
2023-02-28,LH.BK,9.75,9.800000190734863,9.699999809265137,9.800000190734863,8.012166023254395,26247600.0
2023-03-01,LH.BK,9.850000381469727,9.899999618530273,9.75,9.850000381469727,8.053044319152832,53249100.0
2023-03-02,LH.BK,9.800000190734863,9.850000381469727,9.699999809265137,9.800000190734863,8.012166023254395,19080000.0
2023-03-03,LH.BK,9.800000190734863,9.800000190734863,9.550000190734863,9.550000190734863,7.807773113250732,38778700.0
2023-03-07,LH.BK,9.550000190734863,9.699999809265137,9.5,9.649999618530273,7.889530658721924,31539900.0
2023-03-08,LH.BK,9.550000190734863,9.800000190734863,9.550000190734863,9.800000190734863,8.012166023254395,36968900.0
2023-03-09,LH.BK,9.75,9.800000190734863,9.649999618530273,9.75,7.971287250518799,31908600.0
2023-03-10,LH.BK,9.75,9.800000190734863,9.600000381469727,9.600000381469727,7.848651885986328,47458400.0
2023-03-13,LH.BK,9.600000381469727,9.800000190734863,9.550000190734863,9.600000381469727,7.848651885986328,47720000.0
2023-03-14,LH.BK,9.600000381469727,9.600000381469727,9.199999809265137,9.25,7.562503337860107,103396300.0
2023-03-15,LH.BK,9.399999618530273,9.600000381469727,9.300000190734863,9.5,7.766895294189453,47949200.0
2023-03-16,LH.BK,9.5,9.550000190734863,9.399999618530273,9.5,7.766895294189453,43801100.0
2023-03-17,LH.BK,9.550000190734863,9.649999618530273,9.5,9.600000381469727,7.848651885986328,47952900.0
2023-03-20,LH.BK,9.550000190734863,9.600000381469727,9.449999809265137,9.550000190734863,7.807773113250732,37150300.0
2023-03-21,LH.BK,9.600000381469727,9.699999809265137,9.5,9.600000381469727,7.848651885986328,25402600.0
2023-03-22,LH.BK,9.649999618530273,9.649999618530273,9.5,9.600000381469727,7.848651885986328,45994700.0
2023-03-23,LH.BK,9.649999618530273,9.800000190734863,9.550000190734863,9.75,7.971287250518799,28851300.0
2023-03-24,LH.BK,9.699999809265137,9.75,9.600000381469727,9.600000381469727,7.848651885986328,33346500.0
2023-03-27,LH.BK,9.649999618530273,9.800000190734863,9.649999618530273,9.75,7.971287250518799,25026900.0
2023-03-28,LH.BK,9.75,9.850000381469727,9.600000381469727,9.699999809265137,7.930408477783203,41043800.0
2023-03-29,LH.BK,9.800000190734863,9.850000381469727,9.649999618530273,9.75,7.971287250518799,23706100.0
2023-03-30,LH.BK,9.75,9.899999618530273,9.699999809265137,9.800000190734863,8.012166023254395,51578400.0
2023-03-31,LH.BK,9.75,9.850000381469727,9.699999809265137,9.850000381469727,8.053044319152832,21933300.0
2023-04-03,LH.BK,9.850000381469727,9.899999618530273,9.75,9.800000190734863,8.012166023254395,23339700.0
2023-04-04,LH.BK,9.850000381469727,9.850000381469727,9.699999809265137,9.800000190734863,8.012166023254395,10216600.0
2023-04-05,LH.BK,9.800000190734863,9.800000190734863,9.699999809265137,9.699999809265137,7.930408477783203,12233100.0
2023-04-07,LH.BK,9.649999618530273,9.850000381469727,9.600000381469727,9.800000190734863,8.012166023254395,24276600.0
2023-04-10,LH.BK,9.800000190734863,9.899999618530273,9.75,9.800000190734863,8.012166023254395,13574200.0
2023-04-11,LH.BK,9.800000190734863,9.899999618530273,9.75,9.899999618530273,8.09392261505127,25315500.0
2023-04-12,LH.BK,9.899999618530273,9.899999618530273,9.800000190734863,9.850000381469727,8.053044319152832,11565100.0
2023-04-17,LH.BK,9.899999618530273,10.0,9.850000381469727,9.949999809265137,8.134800910949707,37341600.0
2023-04-18,LH.BK,10.0,10.0,9.899999618530273,9.899999618530273,8.09392261505127,18688400.0
2023-04-19,LH.BK,9.850000381469727,9.850000381469727,9.75,9.800000190734863,8.012166023254395,15935000.0
2023-04-20,LH.BK,9.75,9.800000190734863,9.699999809265137,9.800000190734863,8.012166023254395,14501600.0
2023-04-21,LH.BK,9.75,9.850000381469727,9.699999809265137,9.800000190734863,8.012166023254395,18201700.0
2023-04-24,LH.BK,9.800000190734863,9.800000190734863,9.699999809265137,9.800000190734863,8.012166023254395,12067900.0
2023-04-25,LH.BK,9.75,9.800000190734863,9.649999618530273,9.699999809265137,7.930408477783203,32086600.0
2023-04-26,LH.BK,9.699999809265137,9.75,9.649999618530273,9.75,7.971287250518799,18744000.0
2023-04-27,LH.BK,9.699999809265137,9.850000381469727,9.699999809265137,9.800000190734863,8.012166023254395,17297000.0
2023-04-28,LH.BK,9.800000190734863,9.850000381469727,9.699999809265137,9.800000190734863,8.012166023254395,31181000.0
2023-05-02,LH.BK,9.800000190734863,9.800000190734863,9.600000381469727,9.699999809265137,7.930408477783203,59684300.0
2023-05-03,LH.BK,9.699999809265137,9.800000190734863,9.600000381469727,9.600000381469727,7.848651885986328,43451500.0
2023-05-08,LH.BK,9.350000381469727,9.5,9.300000190734863,9.5,8.06077766418457,29158600.0
2023-05-09,LH.BK,9.449999809265137,9.5,9.399999618530273,9.5,8.06077766418457,28041700.0
2023-05-10,LH.BK,9.449999809265137,9.449999809265137,9.199999809265137,9.199999809265137,7.806227207183838,55156100.0
2023-05-11,LH.BK,9.199999809265137,9.300000190734863,9.199999809265137,9.25,7.848651885986328,24808800.0
2023-05-12,LH.BK,9.199999809265137,9.199999809265137,8.75,8.850000381469727,7.509251594543457,138782400.0
2023-05-15,LH.BK,9.0,9.0,8.75,8.800000190734863,7.466825485229492,60351800.0
2023-05-16,LH.BK,8.850000381469727,8.899999618530273,8.699999809265137,8.75,7.424400329589844,64640000.0
2023-05-17,LH.BK,8.699999809265137,8.699999809265137,8.449999809265137,8.5,7.21227502822876,88417400.0
2023-05-18,LH.BK,8.600000381469727,8.75,8.550000190734863,8.600000381469727,7.297124862670898,49927200.0
2023-05-19,LH.BK,8.600000381469727,8.649999618530273,8.5,8.600000381469727,7.297124862670898,27671700.0
2023-05-22,LH.BK,8.600000381469727,8.75,8.449999809265137,8.699999809265137,7.3819756507873535,55133800.0
2023-05-23,LH.BK,8.699999809265137,8.800000190734863,8.600000381469727,8.800000190734863,7.466825485229492,35616600.0
2023-05-24,LH.BK,8.699999809265137,8.75,8.550000190734863,8.699999809265137,7.3819756507873535,40187700.0
2023-05-25,LH.BK,8.699999809265137,8.699999809265137,8.600000381469727,8.649999618530273,7.339549541473389,20448500.0
2023-05-26,LH.BK,8.600000381469727,8.699999809265137,8.600000381469727,8.649999618530273,7.339549541473389,12964600.0
2023-05-29,LH.BK,8.699999809265137,8.699999809265137,8.550000190734863,8.600000381469727,7.297124862670898,72416800.0
2023-05-30,LH.BK,8.649999618530273,8.649999618530273,8.5,8.550000190734863,7.25469970703125,76884000.0
2023-05-31,LH.BK,8.5,8.600000381469727,8.5,8.5,7.21227502822876,23289300.0
2023-06-01,LH.BK,8.550000190734863,8.550000190734863,8.399999618530273,8.449999809265137,7.169848918914795,32798200.0
2023-06-02,LH.BK,8.449999809265137,8.5,8.350000381469727,8.399999618530273,7.127424240112305,51695400.0
2023-06-06,LH.BK,8.399999618530273,8.550000190734863,8.399999618530273,8.449999809265137,7.169848918914795,14258600.0
2023-06-07,LH.BK,8.449999809265137,8.550000190734863,8.399999618530273,8.550000190734863,7.25469970703125,36307700.0
2023-06-08,LH.BK,8.550000190734863,8.649999618530273,8.5,8.649999618530273,7.339549541473389,91391700.0
2023-06-09,LH.BK,8.649999618530273,8.649999618530273,8.5,8.600000381469727,7.297124862670898,31566800.0
2023-06-12,LH.BK,8.600000381469727,8.649999618530273,8.5,8.550000190734863,7.25469970703125,36677700.0
2023-06-13,LH.BK,8.550000190734863,8.550000190734863,8.449999809265137,8.5,7.21227502822876,47730700.0
2023-06-14,LH.BK,8.550000190734863,8.600000381469727,8.5,8.550000190734863,7.25469970703125,35335600.0
2023-06-15,LH.BK,8.600000381469727,8.600000381469727,8.5,8.550000190734863,7.25469970703125,17342400.0
2023-06-16,LH.BK,8.550000190734863,8.550000190734863,8.449999809265137,8.550000190734863,7.25469970703125,62102900.0
2023-06-19,LH.BK,8.5,8.550000190734863,8.449999809265137,8.5,7.21227502822876,33074900.0
2023-06-20,LH.BK,8.5,8.550000190734863,8.449999809265137,8.449999809265137,7.169848918914795,43258900.0
2023-06-21,LH.BK,8.449999809265137,8.5,8.350000381469727,8.399999618530273,7.127424240112305,46028400.0
2023-06-22,LH.BK,8.399999618530273,8.449999809265137,8.350000381469727,8.399999618530273,7.127424240112305,33901300.0
2023-06-23,LH.BK,8.350000381469727,8.449999809265137,8.300000190734863,8.399999618530273,7.127424240112305,32700200.0
2023-06-26,LH.BK,8.350000381469727,8.399999618530273,8.25,8.300000190734863,7.042574405670166,34477100.0
2023-06-27,LH.BK,8.25,8.350000381469727,8.199999809265137,8.300000190734863,7.042574405670166,28234900.0
2023-06-28,LH.BK,8.300000190734863,8.300000190734863,8.199999809265137,8.199999809265137,6.957723617553711,22514600.0
2023-06-29,LH.BK,8.25,8.399999618530273,8.199999809265137,8.25,7.000148773193359,23688500.0
2023-06-30,LH.BK,8.350000381469727,8.5,8.350000381469727,8.449999809265137,7.169848918914795,15607700.0
2023-07-03,LH.BK,8.5,8.5,8.399999618530273,8.449999809265137,7.169848918914795,13228000.0
2023-07-04,LH.BK,8.449999809265137,8.550000190734863,8.399999618530273,8.449999809265137,7.169848918914795,44577000.0
2023-07-05,LH.BK,8.449999809265137,8.5,8.350000381469727,8.399999618530273,7.127424240112305,22250500.0
2023-07-06,LH.BK,8.449999809265137,8.449999809265137,8.300000190734863,8.399999618530273,7.127424240112305,26966300.0
2023-07-07,LH.BK,8.350000381469727,8.449999809265137,8.350000381469727,8.399999618530273,7.127424240112305,12368100.0
2023-07-10,LH.BK,8.399999618530273,8.449999809265137,8.350000381469727,8.350000381469727,7.085000038146973,17445500.0
2023-07-11,LH.BK,8.399999618530273,8.449999809265137,8.350000381469727,8.399999618530273,7.127424240112305,18618600.0
2023-07-12,LH.BK,8.399999618530273,8.5,8.350000381469727,8.399999618530273,7.127424240112305,23936900.0
2023-07-13,LH.BK,8.399999618530273,8.449999809265137,8.300000190734863,8.399999618530273,7.127424240112305,23362500.0
2023-07-14,LH.BK,8.399999618530273,8.5,8.399999618530273,8.5,7.21227502822876,18766700.0
2023-07-17,LH.BK,8.5,8.600000381469727,8.449999809265137,8.550000190734863,7.25469970703125,74842400.0
2023-07-18,LH.BK,8.5,8.550000190734863,8.399999618530273,8.449999809265137,7.169848918914795,49898700.0
2023-07-19,LH.BK,8.449999809265137,8.550000190734863,8.399999618530273,8.5,7.21227502822876,51943600.0
2023-07-20,LH.BK,8.5,8.550000190734863,8.449999809265137,8.449999809265137,7.169848918914795,35421500.0
2023-07-21,LH.BK,8.449999809265137,8.550000190734863,8.449999809265137,8.550000190734863,7.25469970703125,13124500.0
2023-07-24,LH.BK,8.5,8.600000381469727,8.5,8.5,7.21227502822876,14641500.0
2023-07-25,LH.BK,8.5,8.600000381469727,8.5,8.550000190734863,7.25469970703125,18048800.0
2023-07-26,LH.BK,8.550000190734863,8.600000381469727,8.5,8.550000190734863,7.25469970703125,45911900.0
2023-07-27,LH.BK,8.550000190734863,8.550000190734863,8.449999809265137,8.5,7.21227502822876,36986200.0
2023-07-31,LH.BK,8.550000190734863,8.550000190734863,8.5,8.5,7.21227502822876,6496600.0
2023-08-02,LH.BK,8.5,8.550000190734863,8.449999809265137,8.449999809265137,7.169848918914795,37748200.0
2023-08-03,LH.BK,8.5,8.5,8.399999618530273,8.399999618530273,7.127424240112305,16178800.0
2023-08-04,LH.BK,8.399999618530273,8.449999809265137,8.399999618530273,8.399999618530273,7.127424240112305,9687200.0
2023-08-07,LH.BK,8.399999618530273,8.449999809265137,8.350000381469727,8.399999618530273,7.127424240112305,21807400.0
2023-08-08,LH.BK,8.449999809265137,8.449999809265137,8.350000381469727,8.350000381469727,7.085000038146973,8040300.0
2023-08-09,LH.BK,8.350000381469727,8.399999618530273,8.300000190734863,8.350000381469727,7.085000038146973,27605700.0
2023-08-10,LH.BK,8.399999618530273,8.449999809265137,8.350000381469727,8.399999618530273,7.127424240112305,14853100.0
2023-08-11,LH.BK,8.449999809265137,8.5,8.350000381469727,8.449999809265137,7.169848918914795,29947700.0
2023-08-15,LH.BK,8.399999618530273,8.449999809265137,8.350000381469727,8.350000381469727,7.085000038146973,23074000.0
2023-08-16,LH.BK,8.350000381469727,8.399999618530273,8.25,8.350000381469727,7.085000038146973,52041200.0
2023-08-17,LH.BK,8.350000381469727,8.399999618530273,8.300000190734863,8.350000381469727,7.085000038146973,38527100.0
2023-08-18,LH.BK,8.350000381469727,8.399999618530273,8.300000190734863,8.350000381469727,7.085000038146973,27732800.0
2023-08-21,LH.BK,8.350000381469727,8.399999618530273,8.300000190734863,8.350000381469727,7.085000038146973,41619500.0
2023-08-22,LH.BK,8.399999618530273,8.449999809265137,8.350000381469727,8.449999809265137,7.169848918914795,47011900.0
2023-08-23,LH.BK,8.449999809265137,8.5,8.399999618530273,8.399999618530273,7.127424240112305,24651300.0
2023-08-24,LH.BK,8.25,8.300000190734863,8.199999809265137,8.25,7.170884132385254,92358400.0
2023-08-25,LH.BK,8.25,8.300000190734863,8.199999809265137,8.300000190734863,7.214344501495361,44743200.0
2023-08-28,LH.BK,8.300000190734863,8.350000381469727,8.25,8.350000381469727,7.257804870605469,25917700.0
2023-08-29,LH.BK,8.399999618530273,8.399999618530273,8.300000190734863,8.350000381469727,7.257804870605469,58845200.0
2023-08-30,LH.BK,8.350000381469727,8.399999618530273,8.25,8.350000381469727,7.257804870605469,99301500.0
2023-08-31,LH.BK,8.350000381469727,8.399999618530273,8.300000190734863,8.300000190734863,7.214344501495361,20968900.0
2023-09-01,LH.BK,8.350000381469727,8.350000381469727,8.25,8.25,7.170884132385254,41204300.0
2023-09-04,LH.BK,8.300000190734863,8.350000381469727,8.25,8.25,7.170884132385254,26683900.0
2023-09-05,LH.BK,8.300000190734863,8.350000381469727,8.25,8.350000381469727,7.257804870605469,32242100.0
2023-09-06,LH.BK,8.350000381469727,8.399999618530273,8.300000190734863,8.399999618530273,7.301263809204102,14636000.0
2023-09-07,LH.BK,8.399999618530273,8.449999809265137,8.350000381469727,8.449999809265137,7.344724655151367,32474600.0
2023-09-08,LH.BK,8.399999618530273,8.449999809265137,8.399999618530273,8.399999618530273,7.301263809204102,5587000.0
2023-09-11,LH.BK,8.399999618530273,8.449999809265137,8.300000190734863,8.350000381469727,7.257804870605469,36663900.0
2023-09-12,LH.BK,8.350000381469727,8.350000381469727,8.199999809265137,8.25,7.170884132385254,80184100.0
2023-09-13,LH.BK,8.25,8.350000381469727,8.25,8.300000190734863,7.214344501495361,22819900.0
2023-09-14,LH.BK,8.350000381469727,8.350000381469727,8.199999809265137,8.25,7.170884132385254,38860400.0
2023-09-15,LH.BK,8.25,8.25,8.199999809265137,8.199999809265137,7.127424240112305,11476600.0
2023-09-18,LH.BK,8.199999809265137,8.25,8.149999618530273,8.149999618530273,7.0839643478393555,46142300.0
2023-09-19,LH.BK,8.149999618530273,8.199999809265137,8.050000190734863,8.050000190734863,6.997045040130615,67715000.0
2023-09-20,LH.BK,8.050000190734863,8.100000381469727,8.0,8.050000190734863,6.997045040130615,40267700.0
2023-09-21,LH.BK,8.050000190734863,8.100000381469727,8.0,8.050000190734863,6.997045040130615,31697100.0
2023-09-22,LH.BK,8.050000190734863,8.050000190734863,7.949999809265137,8.0,6.953585147857666,37164100.0
2023-09-25,LH.BK,8.050000190734863,8.050000190734863,7.949999809265137,8.0,6.953585147857666,17578400.0
2023-09-26,LH.BK,8.0,8.050000190734863,7.900000095367432,7.900000095367432,6.866664886474609,62137500.0
2023-09-27,LH.BK,7.849999904632568,7.900000095367432,7.800000190734863,7.900000095367432,6.866664886474609,46218500.0
2023-09-28,LH.BK,7.849999904632568,7.900000095367432,7.800000190734863,7.800000190734863,6.779745578765869,51766300.0
2023-09-29,LH.BK,7.849999904632568,7.849999904632568,7.699999809265137,7.800000190734863,6.779745578765869,57586100.0
2023-10-02,LH.BK,7.849999904632568,7.849999904632568,7.699999809265137,7.75,6.736285209655762,44515600.0
2023-10-03,LH.BK,7.800000190734863,7.849999904632568,7.699999809265137,7.75,6.736285209655762,60290500.0
2023-10-04,LH.BK,7.699999809265137,7.800000190734863,7.650000095367432,7.699999809265137,6.692825794219971,74269900.0
2023-10-05,LH.BK,7.699999809265137,7.75,7.5,7.599999904632568,6.605905532836914,111512100.0
2023-10-06,LH.BK,7.599999904632568,7.800000190734863,7.599999904632568,7.699999809265137,6.692825794219971,22486300.0
2023-10-09,LH.BK,7.699999809265137,7.900000095367432,7.650000095367432,7.900000095367432,6.866664886474609,39444100.0
2023-10-10,LH.BK,7.949999809265137,8.0,7.75,7.800000190734863,6.779745578765869,55136900.0
2023-10-11,LH.BK,7.800000190734863,7.900000095367432,7.800000190734863,7.900000095367432,6.866664886474609,40729300.0
2023-10-12,LH.BK,7.949999809265137,7.949999809265137,7.75,7.800000190734863,6.779745578765869,39326600.0
2023-10-16,LH.BK,7.800000190734863,7.849999904632568,7.599999904632568,7.75,6.736285209655762,51011700.0
2023-10-17,LH.BK,7.75,7.800000190734863,7.699999809265137,7.699999809265137,6.692825794219971,41527100.0
2023-10-18,LH.BK,7.699999809265137,7.800000190734863,7.650000095367432,7.75,6.736285209655762,29628700.0
2023-10-19,LH.BK,7.550000190734863,7.650000095367432,7.5,7.550000190734863,6.562446117401123,36248000.0
2023-10-20,LH.BK,7.550000190734863,7.599999904632568,7.5,7.5,6.518985748291016,20658200.0
2023-10-24,LH.BK,7.449999809265137,7.5,7.199999809265137,7.25,6.301686763763428,110478000.0
2023-10-25,LH.BK,7.25,7.400000095367432,7.199999809265137,7.300000190734863,6.345146656036377,53198900.0
2023-10-26,LH.BK,7.300000190734863,7.349999904632568,7.199999809265137,7.25,6.301686763763428,26915200.0
2023-10-27,LH.BK,7.300000190734863,7.400000095367432,7.199999809265137,7.349999904632568,6.388606071472168,40416100.0
2023-10-30,LH.BK,7.349999904632568,7.650000095367432,7.300000190734863,7.599999904632568,6.605905532836914,39344300.0
2023-10-31,LH.BK,7.599999904632568,7.650000095367432,7.5,7.550000190734863,6.562446117401123,28498900.0
2023-11-01,LH.BK,7.550000190734863,7.599999904632568,7.449999809265137,7.449999809265137,6.475525856018066,28538400.0
2023-11-02,LH.BK,7.550000190734863,7.650000095367432,7.5,7.550000190734863,6.562446117401123,31735300.0
2023-11-03,LH.BK,7.599999904632568,7.699999809265137,7.550000190734863,7.599999904632568,6.605905532836914,40747500.0
2023-11-06,LH.BK,7.699999809265137,7.75,7.599999904632568,7.650000095367432,6.6493659019470215,77975200.0
2023-11-07,LH.BK,7.699999809265137,7.75,7.550000190734863,7.599999904632568,6.605905532836914,41841700.0
2023-11-08,LH.BK,7.650000095367432,7.650000095367432,7.599999904632568,7.599999904632568,6.605905532836914,9245700.0
2023-11-09,LH.BK,7.599999904632568,7.650000095367432,7.5,7.599999904632568,6.605905532836914,27033700.0
2023-11-10,LH.BK,7.550000190734863,7.650000095367432,7.5,7.550000190734863,6.562446117401123,28971200.0
2023-11-13,LH.BK,7.550000190734863,7.599999904632568,7.5,7.599999904632568,6.605905532836914,31765900.0
2023-11-14,LH.BK,7.550000190734863,7.550000190734863,7.400000095367432,7.449999809265137,6.475525856018066,33877400.0
2023-11-15,LH.BK,7.599999904632568,7.699999809265137,7.5,7.650000095367432,6.6493659019470215,25406000.0
2023-11-16,LH.BK,7.599999904632568,7.650000095367432,7.550000190734863,7.650000095367432,6.6493659019470215,21835300.0
2023-11-17,LH.BK,7.599999904632568,7.75,7.599999904632568,7.650000095367432,6.6493659019470215,19766400.0
2023-11-20,LH.BK,7.699999809265137,7.800000190734863,7.650000095367432,7.800000190734863,6.779745578765869,31376000.0
2023-11-21,LH.BK,7.849999904632568,7.849999904632568,7.699999809265137,7.800000190734863,6.779745578765869,28683800.0
2023-11-22,LH.BK,7.800000190734863,7.849999904632568,7.699999809265137,7.800000190734863,6.779745578765869,17553800.0
2023-11-23,LH.BK,7.800000190734863,7.849999904632568,7.75,7.800000190734863,6.779745578765869,10606300.0
2023-11-24,LH.BK,7.75,7.800000190734863,7.699999809265137,7.699999809265137,6.692825794219971,20759700.0
2023-11-27,LH.BK,7.699999809265137,7.75,7.650000095367432,7.699999809265137,6.692825794219971,19177500.0
2023-11-28,LH.BK,7.75,7.75,7.699999809265137,7.699999809265137,6.692825794219971,11284200.0
2023-11-29,LH.BK,7.699999809265137,7.75,7.650000095367432,7.699999809265137,6.692825794219971,33691000.0
2023-11-30,LH.BK,7.75,7.75,7.650000095367432,7.699999809265137,6.692825794219971,52516700.0
2023-12-01,LH.BK,7.699999809265137,7.75,7.599999904632568,7.75,6.736285209655762,16391400.0
2023-12-04,LH.BK,7.599999904632568,7.650000095367432,7.550000190734863,7.599999904632568,6.605905532836914,22174000.0
2023-12-06,LH.BK,7.550000190734863,7.650000095367432,7.5,7.599999904632568,6.605905532836914,34857800.0
2023-12-07,LH.BK,7.599999904632568,7.650000095367432,7.550000190734863,7.599999904632568,6.605905532836914,14977800.0
2023-12-08,LH.BK,7.599999904632568,7.75,7.599999904632568,7.650000095367432,6.6493659019470215,32840600.0
2023-12-12,LH.BK,7.650000095367432,7.699999809265137,7.550000190734863,7.650000095367432,6.6493659019470215,16611700.0
2023-12-13,LH.BK,7.599999904632568,7.650000095367432,7.550000190734863,7.599999904632568,6.605905532836914,14281700.0
2023-12-14,LH.BK,7.599999904632568,7.650000095367432,7.550000190734863,7.599999904632568,6.605905532836914,27976100.0
2023-12-15,LH.BK,7.650000095367432,7.800000190734863,7.599999904632568,7.75,6.736285209655762,40654700.0
2023-12-18,LH.BK,7.75,7.800000190734863,7.650000095367432,7.75,6.736285209655762,27071800.0
2023-12-19,LH.BK,7.75,7.75,7.699999809265137,7.699999809265137,6.692825794219971,13579000.0
2023-12-20,LH.BK,7.75,7.900000095367432,7.75,7.849999904632568,6.82320499420166,34253200.0
2023-12-21,LH.BK,7.849999904632568,7.900000095367432,7.800000190734863,7.849999904632568,6.82320499420166,21378500.0
2023-12-22,LH.BK,7.849999904632568,7.849999904632568,7.75,7.849999904632568,6.82320499420166,30026800.0
2023-12-25,LH.BK,7.849999904632568,8.0,7.800000190734863,8.0,6.953585147857666,24457700.0
2023-12-26,LH.BK,8.0,8.100000381469727,7.949999809265137,8.050000190734863,6.997045040130615,24154100.0
2023-12-27,LH.BK,8.0,8.050000190734863,7.949999809265137,8.0,6.953585147857666,25065900.0
2023-12-28,LH.BK,8.0,8.149999618530273,7.949999809265137,8.149999618530273,7.0839643478393555,31539800.0
2024-01-03,LH.BK,8.149999618530273,8.149999618530273,8.050000190734863,8.149999618530273,7.0839643478393555,28838000.0
2024-01-04,LH.BK,8.149999618530273,8.199999809265137,8.050000190734863,8.199999809265137,7.127424240112305,30969000.0
2024-01-05,LH.BK,8.149999618530273,8.199999809265137,8.050000190734863,8.050000190734863,6.997045040130615,22239600.0
2024-01-08,LH.BK,8.050000190734863,8.050000190734863,8.0,8.0,6.953585147857666,13111600.0
2024-01-09,LH.BK,8.050000190734863,8.100000381469727,7.949999809265137,7.949999809265137,6.910124778747559,33970300.0
2024-01-10,LH.BK,7.949999809265137,8.050000190734863,7.900000095367432,7.949999809265137,6.910124778747559,49116700.0
2024-01-11,LH.BK,7.949999809265137,8.0,7.900000095367432,7.949999809265137,6.910124778747559,16887400.0
2024-01-12,LH.BK,7.949999809265137,7.949999809265137,7.900000095367432,7.949999809265137,6.910124778747559,19709400.0
2024-01-15,LH.BK,8.0,8.0,7.849999904632568,7.900000095367432,6.866664886474609,28585100.0
2024-01-16,LH.BK,7.900000095367432,7.949999809265137,7.800000190734863,7.949999809265137,6.910124778747559,18647100.0
2024-01-17,LH.BK,7.900000095367432,7.900000095367432,7.599999904632568,7.650000095367432,6.6493659019470215,56809200.0
2024-01-18,LH.BK,7.75,7.75,7.599999904632568,7.699999809265137,6.692825794219971,27795100.0
2024-01-19,LH.BK,7.699999809265137,7.699999809265137,7.599999904632568,7.599999904632568,6.605905532836914,45529400.0
2024-01-22,LH.BK,7.599999904632568,7.650000095367432,7.5,7.5,6.518985748291016,60276800.0
2024-01-23,LH.BK,7.550000190734863,7.599999904632568,7.449999809265137,7.5,6.518985748291016,27788900.0
2024-01-24,LH.BK,7.550000190734863,7.800000190734863,7.5,7.800000190734863,6.779745578765869,34402100.0
2024-01-25,LH.BK,7.75,7.800000190734863,7.599999904632568,7.699999809265137,6.692825794219971,26307200.0
2024-01-26,LH.BK,7.650000095367432,7.699999809265137,7.550000190734863,7.599999904632568,6.605905532836914,27498500.0
2024-01-29,LH.BK,7.599999904632568,7.75,7.550000190734863,7.699999809265137,6.692825794219971,15409300.0
2024-01-30,LH.BK,7.699999809265137,7.699999809265137,7.599999904632568,7.650000095367432,6.6493659019470215,8223100.0
2024-01-31,LH.BK,7.650000095367432,7.75,7.599999904632568,7.650000095367432,6.6493659019470215,20402500.0
2024-02-01,LH.BK,7.699999809265137,7.699999809265137,7.550000190734863,7.599999904632568,6.605905532836914,23042600.0
2024-02-02,LH.BK,7.650000095367432,7.699999809265137,7.599999904632568,7.650000095367432,6.6493659019470215,11302500.0
2024-02-05,LH.BK,7.650000095367432,7.699999809265137,7.550000190734863,7.599999904632568,6.605905532836914,29166000.0
2024-02-06,LH.BK,7.599999904632568,7.699999809265137,7.550000190734863,7.650000095367432,6.6493659019470215,37163400.0
2024-02-07,LH.BK,7.699999809265137,7.75,7.5,7.599999904632568,6.605905532836914,63566100.0
2024-02-08,LH.BK,7.550000190734863,7.650000095367432,7.5,7.599999904632568,6.605905532836914,28472300.0
2024-02-09,LH.BK,7.550000190734863,7.599999904632568,7.550000190734863,7.599999904632568,6.605905532836914,5138000.0
2024-02-12,LH.BK,7.599999904632568,7.650000095367432,7.550000190734863,7.599999904632568,6.605905532836914,14415100.0
2024-02-13,LH.BK,7.599999904632568,7.650000095367432,7.550000190734863,7.650000095367432,6.6493659019470215,12156700.0
2024-02-14,LH.BK,7.599999904632568,7.599999904632568,7.550000190734863,7.599999904632568,6.605905532836914,23411900.0
2024-02-15,LH.BK,7.550000190734863,7.599999904632568,7.449999809265137,7.449999809265137,6.475525856018066,56988000.0
2024-02-16,LH.BK,7.5,7.550000190734863,7.400000095367432,7.449999809265137,6.475525856018066,32918700.0
2024-02-19,LH.BK,7.449999809265137,7.5,7.400000095367432,7.449999809265137,6.475525856018066,34290200.0
2024-02-20,LH.BK,7.449999809265137,7.449999809265137,7.25,7.349999904632568,6.388606071472168,66931100.0
2024-02-21,LH.BK,7.349999904632568,7.599999904632568,7.349999904632568,7.550000190734863,6.562446117401123,35765600.0
2024-02-22,LH.BK,7.550000190734863,7.650000095367432,7.550000190734863,7.550000190734863,6.562446117401123,30979400.0
2024-02-23,LH.BK,7.550000190734863,7.550000190734863,7.449999809265137,7.550000190734863,6.562446117401123,30849400.0
2024-02-27,LH.BK,7.5,7.550000190734863,7.400000095367432,7.449999809265137,6.475525856018066,40845900.0
2024-02-28,LH.BK,7.449999809265137,7.599999904632568,7.449999809265137,7.550000190734863,6.562446117401123,24098800.0
2024-02-29,LH.BK,7.5,7.599999904632568,7.449999809265137,7.599999904632568,6.605905532836914,70600300.0
2024-03-01,LH.BK,7.5,7.550000190734863,7.400000095367432,7.5,6.518985748291016,44552300.0
2024-03-04,LH.BK,7.5,7.5,7.400000095367432,7.449999809265137,6.475525856018066,45970400.0
2024-03-05,LH.BK,7.400000095367432,7.449999809265137,7.150000095367432,7.199999809265137,6.25822639465332,102529100.0
2024-03-06,LH.BK,7.199999809265137,7.300000190734863,7.150000095367432,7.25,6.301686763763428,51217300.0
2024-03-07,LH.BK,7.25,7.300000190734863,7.050000190734863,7.099999904632568,6.171306610107422,98784600.0
2024-03-08,LH.BK,7.050000190734863,7.199999809265137,7.050000190734863,7.199999809265137,6.25822639465332,52939000.0
2024-03-11,LH.BK,7.199999809265137,7.199999809265137,7.0,7.050000190734863,6.127847194671631,90863500.0
2024-03-12,LH.BK,7.050000190734863,7.050000190734863,7.050000190734863,7.050000190734863,6.127847194671631,0.0
2024-03-13,LH.BK,7.050000190734863,7.150000095367432,6.949999809265137,7.150000095367432,6.214766502380371,109247600.0
2024-03-14,LH.BK,7.099999904632568,7.150000095367432,7.050000190734863,7.150000095367432,6.214766502380371,45711300.0
2024-03-15,LH.BK,7.150000095367432,7.150000095367432,7.150000095367432,7.150000095367432,6.214766502380371,0.0
2024-03-18,LH.BK,7.050000190734863,7.099999904632568,7.0,7.050000190734863,6.127847194671631,33345800.0
2024-03-19,LH.BK,7.050000190734863,7.050000190734863,6.949999809265137,7.0,6.084386825561523,49098000.0
2024-03-20,LH.BK,7.0,7.0,7.0,7.0,6.084386825561523,0.0
2024-03-21,LH.BK,7.050000190734863,7.050000190734863,6.949999809265137,7.0,6.084386825561523,57222900.0
2024-03-22,LH.BK,7.0,7.0,7.0,7.0,6.084386825561523,0.0
2024-03-25,LH.BK,7.0,7.150000095367432,7.0,7.099999904632568,6.171306610107422,77824600.0
2024-03-26,LH.BK,7.099999904632568,7.099999904632568,7.099999904632568,7.099999904632568,6.171306610107422,0.0
2024-03-27,LH.BK,7.5,7.5,7.349999904632568,7.449999809265137,6.475525856018066,54809800.0
2024-03-28,LH.BK,7.449999809265137,7.449999809265137,7.449999809265137,7.449999809265137,6.475525856018066,0.0
2024-03-29,LH.BK,7.349999904632568,7.449999809265137,7.300000190734863,7.400000095367432,6.432066440582275,34754700.0
2024-04-01,LH.BK,7.349999904632568,7.449999809265137,7.349999904632568,7.349999904632568,6.388606071472168,24520100.0
2024-04-02,LH.BK,7.349999904632568,7.550000190734863,7.300000190734863,7.5,6.518985748291016,67477700.0
2024-04-03,LH.BK,7.5,7.550000190734863,7.400000095367432,7.449999809265137,6.475525856018066,60637100.0
2024-04-04,LH.BK,7.449999809265137,7.5,7.349999904632568,7.349999904632568,6.388606071472168,31890700.0
2024-04-05,LH.BK,7.349999904632568,7.5,7.300000190734863,7.400000095367432,6.432066440582275,37614900.0
2024-04-09,LH.BK,7.449999809265137,7.699999809265137,7.449999809265137,7.650000095367432,6.6493659019470215,87025500.0
2024-04-10,LH.BK,7.650000095367432,7.650000095367432,7.650000095367432,7.650000095367432,6.6493659019470215,0.0
2024-04-11,LH.BK,7.599999904632568,7.599999904632568,7.449999809265137,7.550000190734863,6.562446117401123,58841300.0
2024-04-17,LH.BK,7.550000190734863,7.550000190734863,7.550000190734863,7.550000190734863,6.562446117401123,0.0
2024-04-18,LH.BK,7.550000190734863,7.550000190734863,7.550000190734863,7.550000190734863,6.562446117401123,0.0
2024-04-19,LH.BK,7.550000190734863,7.550000190734863,7.550000190734863,7.550000190734863,6.562446117401123,0.0
2024-04-22,LH.BK,7.349999904632568,7.400000095367432,7.25,7.300000190734863,6.345146656036377,96076100.0
2024-04-23,LH.BK,7.25,7.25,7.099999904632568,7.199999809265137,6.25822639465332,108980200.0
2024-04-24,LH.BK,7.199999809265137,7.199999809265137,7.199999809265137,7.199999809265137,6.25822639465332,0.0
2024-04-25,LH.BK,7.25,7.300000190734863,7.199999809265137,7.25,6.301686763763428,22972200.0
2024-04-26,LH.BK,7.300000190734863,7.400000095367432,7.25,7.349999904632568,6.388606071472168,73880200.0
2024-04-29,LH.BK,7.400000095367432,7.5,7.349999904632568,7.449999809265137,6.475525856018066,42910200.0
2024-04-30,LH.BK,7.449999809265137,7.449999809265137,7.449999809265137,7.449999809265137,6.475525856018066,0.0
2024-05-02,LH.BK,7.449999809265137,7.449999809265137,7.449999809265137,7.449999809265137,6.475525856018066,0.0
2024-05-03,LH.BK,7.199999809265137,7.25,7.150000095367432,7.199999809265137,6.520809650421143,79356300.0
2024-05-07,LH.BK,7.199999809265137,7.199999809265137,7.199999809265137,7.199999809265137,6.520809650421143,0.0
2024-05-08,LH.BK,7.099999904632568,7.199999809265137,7.050000190734863,7.050000190734863,6.384959697723389,93069200.0
2024-05-09,LH.BK,7.050000190734863,7.150000095367432,7.050000190734863,7.099999904632568,6.430242538452148,28203200.0
2024-05-10,LH.BK,7.099999904632568,7.150000095367432,7.050000190734863,7.099999904632568,6.430242538452148,15678400.0
2024-05-13,LH.BK,7.099999904632568,7.150000095367432,7.050000190734863,7.050000190734863,6.384959697723389,52971700.0
2024-05-14,LH.BK,7.050000190734863,7.099999904632568,7.0,7.050000190734863,6.384959697723389,53790800.0
2024-05-15,LH.BK,7.050000190734863,7.050000190734863,7.050000190734863,7.050000190734863,6.384959697723389,0.0
2024-05-16,LH.BK,7.050000190734863,7.050000190734863,7.050000190734863,7.050000190734863,6.384959697723389,0.0
2024-05-17,LH.BK,6.849999904632568,6.849999904632568,6.75,6.800000190734863,6.158542156219482,122205400.0
2024-05-20,LH.BK,6.800000190734863,6.800000190734863,6.800000190734863,6.800000190734863,6.158542156219482,0.0
2024-05-21,LH.BK,6.800000190734863,6.800000190734863,6.800000190734863,6.800000190734863,6.158542156219482,0.0
2024-05-23,LH.BK,6.849999904632568,6.849999904632568,6.75,6.75,6.1132588386535645,53406100.0
2024-05-24,LH.BK,6.75,6.75,6.75,6.75,6.1132588386535645,0.0
2024-05-27,LH.BK,6.75,6.75,6.75,6.75,6.1132588386535645,0.0
2024-05-28,LH.BK,6.800000190734863,6.849999904632568,6.75,6.849999904632568,6.2038254737854,36529100.0
2024-05-29,LH.BK,6.800000190734863,6.849999904632568,6.75,6.800000190734863,6.158542156219482,69521000.0
2024-05-30,LH.BK,6.800000190734863,6.800000190734863,6.800000190734863,6.800000190734863,6.158542156219482,0.0
2024-05-31,LH.BK,6.800000190734863,6.800000190734863,6.800000190734863,6.800000190734863,6.158542156219482,0.0
2024-06-04,LH.BK,6.550000190734863,6.599999904632568,6.400000095367432,6.400000095367432,5.7962751388549805,177597900.0
2024-06-05,LH.BK,6.400000095367432,6.400000095367432,6.400000095367432,6.400000095367432,5.7962751388549805,0.0
2024-06-06,LH.BK,6.599999904632568,6.599999904632568,6.449999809265137,6.449999809265137,5.841558456420898,69849800.0
2024-06-07,LH.BK,6.449999809265137,6.449999809265137,6.449999809265137,6.449999809265137,5.841558456420898,0.0
2024-06-10,LH.BK,6.400000095367432,6.449999809265137,6.199999809265137,6.25,5.660424709320068,99886700.0
2024-06-11,LH.BK,6.25,6.25,6.25,6.25,5.660424709320068,0.0
2024-06-12,LH.BK,6.25,6.300000190734863,6.099999904632568,6.199999809265137,5.61514139175415,79599600.0
2024-06-13,LH.BK,6.199999809265137,6.300000190734863,6.099999904632568,6.150000095367432,5.569858551025391,54361000.0
2024-06-14,LH.BK,6.150000095367432,6.150000095367432,5.949999809265137,6.0,5.4340081214904785,141885500.0
2024-06-17,LH.BK,6.0,6.0,6.0,6.0,5.4340081214904785,0.0
2024-06-18,LH.BK,6.0,6.0,6.0,6.0,5.4340081214904785,0.0
2024-06-19,LH.BK,6.0,6.0,6.0,6.0,5.4340081214904785,0.0
2024-06-20,LH.BK,5.949999809265137,6.0,5.900000095367432,5.900000095367432,5.343441009521484,58437400.0
2024-06-21,LH.BK,5.849999904632568,6.050000190734863,5.849999904632568,5.949999809265137,5.388724327087402,99363800.0
2024-06-24,LH.BK,6.0,6.150000095367432,5.949999809265137,6.050000190734863,5.4792914390563965,133127600.0
2024-06-25,LH.BK,6.050000190734863,6.050000190734863,6.050000190734863,6.050000190734863,5.4792914390563965,0.0
2024-06-26,LH.BK,6.050000190734863,6.050000190734863,6.050000190734863,6.050000190734863,5.4792914390563965,0.0
2024-06-27,LH.BK,6.0,6.050000190734863,5.849999904632568,5.849999904632568,5.298157691955566,62152300.0
2024-06-28,LH.BK,5.900000095367432,5.949999809265137,5.800000190734863,5.900000095367432,5.343441009521484,119678500.0
2024-07-01,LH.BK,5.900000095367432,5.900000095367432,5.900000095367432,5.900000095367432,5.343441009521484,0.0
2024-07-02,LH.BK,5.900000095367432,5.900000095367432,5.900000095367432,5.900000095367432,5.343441009521484,0.0
2024-07-03,LH.BK,5.900000095367432,5.900000095367432,5.800000190734863,5.900000095367432,5.343441009521484,38920600.0
2024-07-04,LH.BK,5.900000095367432,6.0,5.900000095367432,5.949999809265137,5.388724327087402,25193600.0
2024-07-05,LH.BK,5.949999809265137,6.0,5.849999904632568,6.0,5.4340081214904785,28166100.0
2024-07-08,LH.BK,5.949999809265137,6.050000190734863,5.949999809265137,6.050000190734863,5.4792914390563965,41672800.0
2024-07-09,LH.BK,6.050000190734863,6.050000190734863,6.050000190734863,6.050000190734863,5.4792914390563965,0.0
2024-07-10,LH.BK,6.050000190734863,6.050000190734863,6.050000190734863,6.050000190734863,5.4792914390563965,0.0
2024-07-11,LH.BK,6.050000190734863,6.050000190734863,6.050000190734863,6.050000190734863,5.4792914390563965,0.0
2024-07-12,LH.BK,6.050000190734863,6.050000190734863,6.050000190734863,6.050000190734863,5.4792914390563965,0.0
2024-07-15,LH.BK,6.050000190734863,6.050000190734863,6.050000190734863,6.050000190734863,5.4792914390563965,0.0
2024-07-16,LH.BK,6.050000190734863,6.050000190734863,5.949999809265137,5.949999809265137,5.388724327087402,50727800.0
2024-07-17,LH.BK,5.949999809265137,5.949999809265137,5.949999809265137,5.949999809265137,5.388724327087402,0.0
2024-07-18,LH.BK,5.849999904632568,5.900000095367432,5.699999809265137,5.75,5.2075910568237305,87239100.0
2024-07-19,LH.BK,5.75,5.800000190734863,5.699999809265137,5.75,5.2075910568237305,43994800.0
2024-07-23,LH.BK,5.75,5.75,5.75,5.75,5.2075910568237305,0.0
2024-07-24,LH.BK,5.650000095367432,5.699999809265137,5.5,5.550000190734863,5.0264573097229,52167300.0
2024-07-25,LH.BK,5.550000190734863,5.699999809265137,5.550000190734863,5.650000095367432,5.1170244216918945,68283500.0
2024-07-26,LH.BK,5.599999904632568,5.699999809265137,5.599999904632568,5.599999904632568,5.071740627288818,32073200.0
2024-07-30,LH.BK,5.599999904632568,5.599999904632568,5.599999904632568,5.599999904632568,5.071740627288818,0.0
2024-07-31,LH.BK,5.599999904632568,5.75,5.599999904632568,5.75,5.2075910568237305,104342000.0
2024-08-01,LH.BK,5.699999809265137,5.75,5.650000095367432,5.699999809265137,5.162307262420654,44202400.0
2024-08-02,LH.BK,5.699999809265137,5.699999809265137,5.699999809265137,5.699999809265137,5.162307262420654,0.0
2024-08-05,LH.BK,5.599999904632568,5.599999904632568,5.400000095367432,5.449999809265137,4.9358906745910645,64179000.0
2024-08-06,LH.BK,5.5,5.550000190734863,5.400000095367432,5.400000095367432,4.8906073570251465,42483600.0
2024-08-07,LH.BK,5.5,5.550000190734863,5.400000095367432,5.449999809265137,4.9358906745910645,41065300.0
2024-08-08,LH.BK,5.449999809265137,5.449999809265137,5.449999809265137,5.449999809265137,4.9358906745910645,0.0
2024-08-09,LH.BK,5.550000190734863,5.599999904632568,5.25,5.300000190734863,4.8000407218933105,70417600.0
2024-08-13,LH.BK,5.300000190734863,5.349999904632568,5.25,5.349999904632568,4.8453240394592285,29247400.0
2024-08-14,LH.BK,5.300000190734863,5.349999904632568,5.0,5.050000190734863,4.573624134063721,125409300.0
2024-08-15,LH.BK,5.050000190734863,5.050000190734863,5.050000190734863,5.050000190734863,4.573624134063721,0.0
2024-08-16,LH.BK,5.150000095367432,5.25,5.099999904632568,5.199999809265137,4.709473609924316,50195600.0
2024-08-19,LH.BK,5.199999809265137,5.5,5.150000095367432,5.400000095367432,4.8906073570251465,86109000.0
2024-08-20,LH.BK,5.449999809265137,5.5,5.300000190734863,5.400000095367432,4.8906073570251465,62819500.0
2024-08-21,LH.BK,5.400000095367432,5.5,5.349999904632568,5.449999809265137,4.9358906745910645,21670800.0
2024-08-22,LH.BK,5.449999809265137,5.449999809265137,5.449999809265137,5.449999809265137,4.9358906745910645,0.0
2024-08-23,LH.BK,5.449999809265137,5.550000190734863,5.400000095367432,5.449999809265137,4.9358906745910645,130510200.0
2024-08-26,LH.BK,5.449999809265137,5.650000095367432,5.400000095367432,5.599999904632568,5.071740627288818,126287400.0
2024-08-27,LH.BK,5.650000095367432,5.650000095367432,5.550000190734863,5.599999904632568,5.071740627288818,34162200.0
2024-08-28,LH.BK,5.599999904632568,5.650000095367432,5.5,5.599999904632568,5.071740627288818,47385000.0
2024-08-29,LH.BK,5.599999904632568,5.650000095367432,5.550000190734863,5.650000095367432,5.1170244216918945,37746200.0
2024-08-30,LH.BK,5.599999904632568,5.650000095367432,5.599999904632568,5.650000095367432,5.1170244216918945,34217100.0
2024-09-02,LH.BK,5.650000095367432,5.650000095367432,5.650000095367432,5.650000095367432,5.1170244216918945,0.0
2024-09-03,LH.BK,5.650000095367432,5.650000095367432,5.650000095367432,5.650000095367432,5.1170244216918945,0.0
2024-09-04,LH.BK,5.650000095367432,5.650000095367432,5.650000095367432,5.650000095367432,5.1170244216918945,0.0
2024-09-05,LH.BK,5.849999904632568,5.900000095367432,5.75,5.849999904632568,5.298157691955566,50612600.0
2024-09-06,LH.BK,5.949999809265137,6.150000095367432,5.949999809265137,6.050000190734863,5.4792914390563965,117135100.0
2024-09-09,LH.BK,6.050000190734863,6.050000190734863,6.050000190734863,6.050000190734863,5.4792914390563965,0.0
2024-09-10,LH.BK,6.099999904632568,6.150000095367432,6.0,6.099999904632568,5.5245747566223145,72685100.0
2024-09-11,LH.BK,6.099999904632568,6.150000095367432,5.900000095367432,5.949999809265137,5.388724327087402,94640500.0
2024-09-12,LH.BK,6.0,6.099999904632568,5.949999809265137,6.0,5.4340081214904785,19113800.0
2024-09-13,LH.BK,6.050000190734863,6.099999904632568,6.0,6.050000190734863,5.4792914390563965,27830700.0
2024-09-16,LH.BK,6.050000190734863,6.050000190734863,6.050000190734863,6.050000190734863,5.4792914390563965,0.0
2024-09-17,LH.BK,6.050000190734863,6.050000190734863,6.050000190734863,6.050000190734863,5.4792914390563965,0.0
2024-09-18,LH.BK,6.050000190734863,6.050000190734863,6.050000190734863,6.050000190734863,5.4792914390563965,0.0
2024-09-19,LH.BK,6.050000190734863,6.050000190734863,6.050000190734863,6.050000190734863,5.4792914390563965,0.0
2024-09-20,LH.BK,6.5,6.5,6.349999904632568,6.400000095367432,5.7962751388549805,75862600.0
2024-09-23,LH.BK,6.449999809265137,6.5,6.349999904632568,6.400000095367432,5.7962751388549805,63687000.0
2024-09-24,LH.BK,6.400000095367432,6.449999809265137,6.300000190734863,6.349999904632568,5.750991344451904,51475200.0
2024-09-25,LH.BK,6.349999904632568,6.449999809265137,6.349999904632568,6.349999904632568,5.750991344451904,37882500.0
2024-09-26,LH.BK,6.349999904632568,6.449999809265137,6.349999904632568,6.400000095367432,5.7962751388549805,29682800.0
2024-09-27,LH.BK,6.400000095367432,6.400000095367432,6.400000095367432,6.400000095367432,5.7962751388549805,0.0
2024-09-30,LH.BK,6.349999904632568,6.449999809265137,6.300000190734863,6.400000095367432,5.7962751388549805,36766100.0
2024-10-01,LH.BK,6.400000095367432,6.400000095367432,6.400000095367432,6.400000095367432,5.7962751388549805,0.0
2024-10-02,LH.BK,6.400000095367432,6.449999809265137,6.349999904632568,6.400000095367432,5.7962751388549805,40800500.0
2024-10-03,LH.BK,6.349999904632568,6.449999809265137,6.25,6.300000190734863,5.7057085037231445,88490100.0
2024-10-04,LH.BK,6.300000190734863,6.300000190734863,6.300000190734863,6.300000190734863,5.7057085037231445,0.0
2024-10-07,LH.BK,6.050000190734863,6.150000095367432,6.050000190734863,6.150000095367432,5.569858551025391,34568900.0
2024-10-08,LH.BK,6.099999904632568,6.150000095367432,6.050000190734863,6.099999904632568,5.5245747566223145,27408000.0
2024-10-09,LH.BK,6.099999904632568,6.099999904632568,6.0,6.0,5.4340081214904785,30789900.0
2024-10-10,LH.BK,6.050000190734863,6.099999904632568,6.0,6.050000190734863,5.4792914390563965,34043300.0
2024-10-11,LH.BK,6.050000190734863,6.050000190734863,6.050000190734863,6.050000190734863,5.4792914390563965,0.0
2024-10-15,LH.BK,6.099999904632568,6.099999904632568,5.900000095367432,5.949999809265137,5.388724327087402,79650500.0
2024-10-16,LH.BK,5.949999809265137,5.949999809265137,5.949999809265137,5.949999809265137,5.388724327087402,0.0
2024-10-17,LH.BK,6.349999904632568,6.349999904632568,6.099999904632568,6.150000095367432,5.569858551025391,59906600.0
2024-10-18,LH.BK,6.199999809265137,6.25,6.099999904632568,6.199999809265137,5.61514139175415,31501000.0
2024-10-21,LH.BK,6.199999809265137,6.199999809265137,6.099999904632568,6.150000095367432,5.569858551025391,24072500.0
2024-10-22,LH.BK,6.150000095367432,6.150000095367432,6.150000095367432,6.150000095367432,5.569858551025391,0.0
2024-10-24,LH.BK,6.0,6.0,5.699999809265137,5.75,5.2075910568237305,116498300.0
2024-10-25,LH.BK,5.75,5.75,5.75,5.75,5.2075910568237305,0.0
2024-10-28,LH.BK,5.800000190734863,5.849999904632568,5.75,5.800000190734863,5.252874851226807,18693200.0
2024-10-29,LH.BK,5.800000190734863,5.800000190734863,5.800000190734863,5.800000190734863,5.252874851226807,0.0
2024-10-30,LH.BK,5.800000190734863,5.800000190734863,5.699999809265137,5.699999809265137,5.162307262420654,15913100.0
2024-10-31,LH.BK,5.699999809265137,5.699999809265137,5.699999809265137,5.699999809265137,5.162307262420654,0.0
2024-11-01,LH.BK,5.800000190734863,5.849999904632568,5.699999809265137,5.800000190734863,5.252874851226807,21659800.0
2024-11-04,LH.BK,5.75,5.849999904632568,5.5,5.599999904632568,5.071740627288818,89132700.0
2024-11-05,LH.BK,5.599999904632568,5.650000095367432,5.5,5.550000190734863,5.0264573097229,34772100.0
2024-11-06,LH.BK,5.550000190734863,5.650000095367432,5.5,5.550000190734863,5.0264573097229,25237400.0
2024-11-07,LH.BK,5.5,5.599999904632568,5.400000095367432,5.5,4.981173992156982,33722100.0
2024-11-08,LH.BK,5.5,5.599999904632568,5.449999809265137,5.5,4.981173992156982,32061700.0
2024-11-11,LH.BK,5.550000190734863,5.550000190734863,5.400000095367432,5.449999809265137,4.9358906745910645,18472100.0
2024-11-12,LH.BK,5.449999809265137,5.5,5.25,5.300000190734863,4.8000407218933105,64956300.0
2024-11-13,LH.BK,5.300000190734863,5.400000095367432,5.300000190734863,5.300000190734863,4.8000407218933105,24645200.0
2024-11-14,LH.BK,5.300000190734863,5.400000095367432,5.199999809265137,5.25,4.754756927490234,41426100.0
2024-11-15,LH.BK,5.25,5.300000190734863,5.099999904632568,5.25,4.754756927490234,61689600.0
2024-11-18,LH.BK,5.25,5.449999809265137,5.199999809265137,5.400000095367432,4.8906073570251465,26854800.0
2024-11-19,LH.BK,5.449999809265137,5.5,5.400000095367432,5.449999809265137,4.9358906745910645,25017100.0
2024-11-20,LH.BK,5.5,5.5,5.400000095367432,5.449999809265137,4.9358906745910645,23890700.0
2024-11-21,LH.BK,5.5,5.550000190734863,5.400000095367432,5.5,4.981173992156982,26607400.0
2024-11-22,LH.BK,5.550000190734863,5.599999904632568,5.5,5.550000190734863,5.0264573097229,18461200.0
2024-11-25,LH.BK,5.599999904632568,5.650000095367432,5.550000190734863,5.599999904632568,5.071740627288818,19537000.0
2024-11-26,LH.BK,5.550000190734863,5.599999904632568,5.449999809265137,5.5,4.981173992156982,28892500.0
2024-11-27,LH.BK,5.5,5.550000190734863,5.349999904632568,5.400000095367432,4.8906073570251465,147555800.0
2024-11-28,LH.BK,5.25,5.349999904632568,5.25,5.300000190734863,4.937184810638428,122754200.0
2024-11-29,LH.BK,5.300000190734863,5.400000095367432,5.25,5.400000095367432,5.030339241027832,18862700.0
2024-12-02,LH.BK,5.400000095367432,5.449999809265137,5.300000190734863,5.400000095367432,5.030339241027832,6936600.0
2024-12-03,LH.BK,5.400000095367432,5.550000190734863,5.349999904632568,5.5,5.123493194580078,25031800.0
2024-12-04,LH.BK,5.5,5.550000190734863,5.400000095367432,5.449999809265137,5.076916217803955,9559400.0
2024-12-06,LH.BK,5.449999809265137,5.550000190734863,5.449999809265137,5.449999809265137,5.076916217803955,12554800.0
2024-12-09,LH.BK,5.449999809265137,5.5,5.349999904632568,5.400000095367432,5.030339241027832,16994400.0
2024-12-11,LH.BK,5.449999809265137,5.449999809265137,5.25,5.25,4.8906073570251465,23283500.0
2024-12-12,LH.BK,5.300000190734863,5.349999904632568,5.150000095367432,5.150000095367432,4.797452926635742,31735600.0
2024-12-13,LH.BK,5.199999809265137,5.25,5.099999904632568,5.099999904632568,4.750875473022461,48228300.0
2024-12-16,LH.BK,5.150000095367432,5.199999809265137,5.050000190734863,5.150000095367432,4.797452926635742,21789700.0
2024-12-17,LH.BK,5.150000095367432,5.150000095367432,5.0,5.0,4.657721042633057,36478700.0
2024-12-18,LH.BK,4.980000019073486,5.099999904632568,4.900000095367432,5.050000190734863,4.704298973083496,63315500.0
2024-12-19,LH.BK,5.0,5.050000190734863,4.980000019073486,5.0,4.657721042633057,23792900.0
2024-12-20,LH.BK,5.0,5.050000190734863,4.900000095367432,4.900000095367432,4.564566612243652,68363400.0
2024-12-23,LH.BK,4.920000076293945,5.050000190734863,4.880000114440918,5.0,4.657721042633057,31630600.0
2024-12-24,LH.BK,5.0,5.099999904632568,5.0,5.050000190734863,4.704298973083496,10461200.0
2024-12-25,LH.BK,5.099999904632568,5.199999809265137,5.099999904632568,5.199999809265137,4.844029903411865,36941600.0
2024-12-26,LH.BK,5.199999809265137,5.199999809265137,5.050000190734863,5.050000190734863,4.704298973083496,17198200.0
2024-12-27,LH.BK,5.050000190734863,5.050000190734863,4.980000019073486,5.050000190734863,4.704298973083496,24703700.0
2024-12-30,LH.BK,5.050000190734863,5.050000190734863,5.0,5.050000190734863,4.704298973083496,8093400.0
2025-01-02,LH.BK,5.050000190734863,5.099999904632568,4.940000057220459,5.0,4.657721042633057,31839000.0
2025-01-03,LH.BK,5.0,5.099999904632568,5.0,5.0,4.657721042633057,12780200.0
2025-01-06,LH.BK,5.099999904632568,5.099999904632568,4.980000019073486,4.980000019073486,4.639090061187744,20188000.0
2025-01-07,LH.BK,4.980000019073486,5.050000190734863,4.940000057220459,5.0,4.657721042633057,29547000.0
2025-01-08,LH.BK,4.980000019073486,5.0,4.940000057220459,5.0,4.657721042633057,20258400.0
2025-01-09,LH.BK,4.980000019073486,4.980000019073486,4.860000133514404,4.880000114440918,4.54593563079834,44218800.0
2025-01-10,LH.BK,4.880000114440918,4.900000095367432,4.820000171661377,4.840000152587891,4.508674144744873,43065100.0
2025-01-13,LH.BK,4.820000171661377,4.820000171661377,4.760000228881836,4.800000190734863,4.471412181854248,34358200.0
2025-01-14,LH.BK,4.840000152587891,4.860000133514404,4.760000228881836,4.760000228881836,4.434150695800781,20652200.0
2025-01-15,LH.BK,4.760000228881836,4.78000020980835,4.579999923706055,4.78000020980835,4.4527812004089355,81161200.0
2025-01-16,LH.BK,4.860000133514404,4.920000076293945,4.78000020980835,4.880000114440918,4.54593563079834,41217000.0
2025-01-17,LH.BK,4.860000133514404,4.860000133514404,4.78000020980835,4.820000171661377,4.4900431632995605,39974100.0
2025-01-20,LH.BK,4.820000171661377,4.820000171661377,4.760000228881836,4.78000020980835,4.4527812004089355,17112600.0
2025-01-21,LH.BK,4.739999771118164,4.900000095367432,4.71999979019165,4.900000095367432,4.564566612243652,30825700.0
2025-01-22,LH.BK,4.840000152587891,4.900000095367432,4.840000152587891,4.900000095367432,4.564566612243652,14058300.0
2025-01-23,LH.BK,4.900000095367432,4.900000095367432,4.739999771118164,4.739999771118164,4.4155192375183105,36102700.0
2025-01-24,LH.BK,4.739999771118164,4.800000190734863,4.71999979019165,4.800000190734863,4.471412181854248,14937100.0
2025-01-27,LH.BK,4.78000020980835,4.78000020980835,4.619999885559082,4.619999885559082,4.303734302520752,65261400.0
2025-01-28,LH.BK,4.639999866485596,4.71999979019165,4.639999866485596,4.679999828338623,4.359626770019531,35164000.0
2025-01-29,LH.BK,4.679999828338623,4.699999809265137,4.619999885559082,4.639999866485596,4.322364807128906,26282200.0
2025-01-30,LH.BK,4.659999847412109,4.71999979019165,4.639999866485596,4.639999866485596,4.322364807128906,21671400.0
2025-01-31,LH.BK,4.679999828338623,4.679999828338623,4.599999904632568,4.599999904632568,4.2851033210754395,20519800.0
2025-02-03,LH.BK,4.519999980926514,4.539999961853027,4.5,4.5,4.191948890686035,43881000.0
2025-02-04,LH.BK,4.519999980926514,4.579999923706055,4.5,4.519999980926514,4.210579872131348,48811700.0
2025-02-05,LH.BK,4.539999961853027,4.539999961853027,4.380000114440918,4.420000076293945,4.117425441741943,45954400.0
2025-02-06,LH.BK,4.420000076293945,4.420000076293945,4.260000228881836,4.260000228881836,3.9683785438537598,45462200.0
2025-02-07,LH.BK,4.21999979019165,4.340000152587891,4.179999828338623,4.340000152587891,4.042901992797852,68610300.0
2025-02-10,LH.BK,4.340000152587891,4.340000152587891,4.21999979019165,4.260000228881836,3.9683785438537598,30086200.0
2025-02-11,LH.BK,4.239999771118164,4.360000133514404,4.239999771118164,4.320000171661377,4.024271011352539,31638100.0
2025-02-13,LH.BK,4.320000171661377,4.360000133514404,4.300000190734863,4.300000190734863,4.005640506744385,22324800.0
2025-02-14,LH.BK,4.300000190734863,4.340000152587891,4.28000020980835,4.320000171661377,4.024271011352539,23361300.0
2025-02-17,LH.BK,4.420000076293945,4.519999980926514,4.380000114440918,4.5,4.191948890686035,50861300.0
2025-02-18,LH.BK,4.480000019073486,4.599999904632568,4.460000038146973,4.539999961853027,4.22921085357666,39660800.0
2025-02-19,LH.BK,4.579999923706055,4.739999771118164,4.559999942779541,4.699999809265137,4.378257751464844,58099500.0
2025-02-20,LH.BK,4.639999866485596,4.659999847412109,4.519999980926514,4.539999961853027,4.22921085357666,40760300.0
2025-02-21,LH.BK,4.539999961853027,4.599999904632568,4.460000038146973,4.599999904632568,4.2851033210754395,19941300.0
2025-02-24,LH.BK,4.579999923706055,4.579999923706055,4.5,4.559999942779541,4.2478413581848145,20307200.0
2025-02-25,LH.BK,4.579999923706055,4.579999923706055,4.420000076293945,4.420000076293945,4.117425441741943,26980000.0
2025-02-26,LH.BK,4.420000076293945,4.579999923706055,4.420000076293945,4.539999961853027,4.22921085357666,31577200.0
2025-02-27,LH.BK,4.5,4.539999961853027,4.360000133514404,4.380000114440918,4.080163955688477,44298100.0
2025-02-28,LH.BK,4.320000171661377,4.420000076293945,4.320000171661377,4.420000076293945,4.117425441741943,36126100.0
2025-03-03,LH.BK,4.420000076293945,4.440000057220459,4.320000171661377,4.360000133514404,4.061532974243164,22813800.0
2025-03-04,LH.BK,4.320000171661377,4.400000095367432,4.260000228881836,4.340000152587891,4.042901992797852,35199300.0
2025-03-05,LH.BK,4.320000171661377,4.5,4.320000171661377,4.5,4.191948890686035,37527300.0
2025-03-06,LH.BK,4.5,4.5,4.360000133514404,4.380000114440918,4.080163955688477,38955000.0
2025-03-07,LH.BK,4.380000114440918,4.440000057220459,4.360000133514404,4.440000057220459,4.136056423187256,34567700.0
2025-03-10,LH.BK,4.420000076293945,4.440000057220459,4.320000171661377,4.340000152587891,4.042901992797852,33550900.0
2025-03-11,LH.BK,4.320000171661377,4.360000133514404,4.21999979019165,4.360000133514404,4.061532974243164,36449600.0
2025-03-12,LH.BK,4.300000190734863,4.360000133514404,4.239999771118164,4.28000020980835,3.9870095252990723,31181300.0
2025-03-13,LH.BK,4.28000020980835,4.300000190734863,4.239999771118164,4.239999771118164,3.949747323989868,19312000.0
2025-03-14,LH.BK,4.260000228881836,4.300000190734863,4.239999771118164,4.260000228881836,3.9683785438537598,19260000.0
2025-03-17,LH.BK,4.300000190734863,4.420000076293945,4.28000020980835,4.420000076293945,4.117425441741943,52347300.0
2025-03-18,LH.BK,4.440000057220459,4.440000057220459,4.360000133514404,4.420000076293945,4.117425441741943,20099000.0
2025-03-19,LH.BK,4.400000095367432,4.519999980926514,4.360000133514404,4.519999980926514,4.210579872131348,37176400.0
2025-03-20,LH.BK,4.519999980926514,4.739999771118164,4.480000019073486,4.579999923706055,4.266472339630127,45400100.0
2025-03-21,LH.BK,4.539999961853027,4.559999942779541,4.420000076293945,4.420000076293945,4.117425441741943,49924300.0
2025-03-24,LH.BK,4.440000057220459,4.5,4.420000076293945,4.460000038146973,4.154687404632568,22112000.0
2025-03-25,LH.BK,4.420000076293945,4.440000057220459,4.28000020980835,4.300000190734863,4.005640506744385,47192600.0
2025-03-26,LH.BK,4.300000190734863,4.460000038146973,4.300000190734863,4.380000114440918,4.080163955688477,35188400.0
2025-03-27,LH.BK,4.380000114440918,4.440000057220459,4.380000114440918,4.440000057220459,4.136056423187256,12244300.0
2025-03-28,LH.BK,4.380000114440918,4.440000057220459,4.320000171661377,4.340000152587891,4.042901992797852,10451300.0
2025-03-31,LH.BK,4.239999771118164,4.340000152587891,4.199999809265137,4.239999771118164,3.949747323989868,67072600.0
2025-04-01,LH.BK,4.300000190734863,4.360000133514404,4.199999809265137,4.239999771118164,3.949747323989868,38090700.0
2025-04-02,LH.BK,4.239999771118164,4.28000020980835,4.21999979019165,4.239999771118164,3.949747323989868,18610000.0
2025-04-03,LH.BK,4.21999979019165,4.239999771118164,4.179999828338623,4.21999979019165,3.9311163425445557,40355800.0
2025-04-04,LH.BK,4.239999771118164,4.260000228881836,4.199999809265137,4.260000228881836,3.9683785438537598,24598800.0
2025-04-08,LH.BK,4.159999847412109,4.199999809265137,4.059999942779541,4.059999942779541,3.782069444656372,45427500.0
2025-04-09,LH.BK,4.059999942779541,4.179999828338623,4.039999961853027,4.179999828338623,3.8938546180725098,25768100.0
2025-04-10,LH.BK,4.21999979019165,4.300000190734863,4.199999809265137,4.28000020980835,3.9870095252990723,28046100.0
2025-04-11,LH.BK,4.28000020980835,4.28000020980835,4.21999979019165,4.21999979019165,3.9311163425445557,15074500.0
2025-04-16,LH.BK,4.21999979019165,4.320000171661377,4.21999979019165,4.300000190734863,4.005640506744385,35102700.0
2025-04-17,LH.BK,4.260000228881836,4.360000133514404,4.260000228881836,4.340000152587891,4.042901992797852,24633400.0
2025-04-18,LH.BK,4.360000133514404,4.380000114440918,4.320000171661377,4.360000133514404,4.061532974243164,21842200.0
2025-04-21,LH.BK,4.440000057220459,4.460000038146973,4.340000152587891,4.360000133514404,4.061532974243164,35283400.0
2025-04-22,LH.BK,4.360000133514404,4.360000133514404,4.260000228881836,4.340000152587891,4.042901992797852,41247300.0
2025-04-23,LH.BK,4.360000133514404,4.380000114440918,4.28000020980835,4.320000171661377,4.024271011352539,34350800.0
2025-04-24,LH.BK,4.300000190734863,4.320000171661377,4.260000228881836,4.320000171661377,4.024271011352539,17279000.0
2025-04-25,LH.BK,4.320000171661377,4.380000114440918,4.320000171661377,4.360000133514404,4.061532974243164,15223300.0
2025-04-28,LH.BK,4.360000133514404,4.380000114440918,4.300000190734863,4.360000133514404,4.061532974243164,25047200.0
2025-04-29,LH.BK,4.360000133514404,4.360000133514404,4.28000020980835,4.360000133514404,4.061532974243164,129595200.0
2025-04-30,LH.BK,4.179999828338623,4.260000228881836,4.159999847412109,4.239999771118164,4.109999656677246,99249500.0
2025-05-02,LH.BK,4.239999771118164,4.300000190734863,4.179999828338623,4.179999828338623,4.051839351654053,74417100.0
2025-05-06,LH.BK,4.179999828338623,4.179999828338623,4.079999923706055,4.079999923706055,3.9549055099487305,41384300.0
2025-05-07,LH.BK,4.099999904632568,4.159999847412109,4.059999942779541,4.159999847412109,4.032452583312988,24741700.0
2025-05-08,LH.BK,4.139999866485596,4.139999866485596,4.099999904632568,4.099999904632568,3.974292278289795,21505900.0
2025-05-09,LH.BK,4.119999885559082,4.159999847412109,4.099999904632568,4.139999866485596,4.013065814971924,23797900.0
2025-05-13,LH.BK,4.159999847412109,4.21999979019165,4.159999847412109,4.179999828338623,4.051839351654053,24571400.0
2025-05-14,LH.BK,4.199999809265137,4.199999809265137,4.099999904632568,4.139999866485596,4.013065814971924,23985000.0
2025-05-15,LH.BK,4.139999866485596,4.159999847412109,4.079999923706055,4.119999885559082,3.9936790466308594,21052600.0
2025-05-16,LH.BK,4.139999866485596,4.179999828338623,4.079999923706055,4.119999885559082,3.9936790466308594,19512700.0
2025-05-19,LH.BK,4.099999904632568,4.119999885559082,4.059999942779541,4.099999904632568,3.974292278289795,12392300.0
2025-05-20,LH.BK,4.099999904632568,4.119999885559082,4.039999961853027,4.059999942779541,3.935518741607666,38855100.0
2025-05-21,LH.BK,4.059999942779541,4.079999923706055,4.0,4.0,3.8773584365844727,30851500.0
2025-05-22,LH.BK,4.0,4.019999980926514,3.859999895095825,3.9000000953674316,3.7804245948791504,74892100.0
2025-05-23,LH.BK,3.9200000762939453,4.019999980926514,3.9000000953674316,3.9200000762939453,3.799811363220215,29111900.0
2025-05-26,LH.BK,3.9200000762939453,3.9600000381469727,3.9000000953674316,3.9600000381469727,3.8385848999023438,14337400.0
2025-05-27,LH.BK,3.9600000381469727,3.9600000381469727,3.880000114440918,3.9200000762939453,3.799811363220215,10948700.0
2025-05-28,LH.BK,3.9600000381469727,4.0,3.9200000762939453,3.9600000381469727,3.8385848999023438,27229900.0
2025-05-29,LH.BK,4.0,4.0,3.9200000762939453,3.940000057220459,3.8191981315612793,18926800.0
2025-05-30,LH.BK,3.940000057220459,4.019999980926514,3.880000114440918,4.019999980926514,3.896745204925537,42032300.0
2025-06-04,LH.BK,4.0,4.019999980926514,3.9000000953674316,3.9000000953674316,3.7804245948791504,22967800.0
2025-06-05,LH.BK,3.9200000762939453,3.940000057220459,3.880000114440918,3.9000000953674316,3.7804245948791504,10256000.0
2025-06-06,LH.BK,3.9000000953674316,3.9200000762939453,3.859999895095825,3.880000114440918,3.761037826538086,13364100.0
2025-06-09,LH.BK,3.9000000953674316,3.9200000762939453,3.859999895095825,3.880000114440918,3.761037826538086,11254100.0
2025-06-10,LH.BK,3.880000114440918,3.9000000953674316,3.859999895095825,3.859999895095825,3.7416508197784424,20462200.0
2025-06-11,LH.BK,3.880000114440918,3.880000114440918,3.759999990463257,3.7799999713897705,3.6641037464141846,33009100.0
2025-06-12,LH.BK,3.7799999713897705,3.8399999141693115,3.640000104904175,3.680000066757202,3.5671699047088623,45282000.0
2025-06-13,LH.BK,3.640000104904175,3.640000104904175,3.5399999618530273,3.5799999237060547,3.470235824584961,38195500.0
2025-06-16,LH.BK,3.5199999809265137,3.5399999618530273,3.380000114440918,3.440000057220459,3.3345282077789307,52798400.0
2025-06-17,LH.BK,3.440000057220459,3.559999942779541,3.440000057220459,3.4800000190734863,3.3733017444610596,25903900.0
2025-06-18,LH.BK,3.5,3.5,3.4000000953674316,3.4200000762939453,3.315141439437866,17881900.0
2025-06-19,LH.BK,3.4000000953674316,3.4200000762939453,3.2799999713897705,3.299999952316284,3.1988205909729004,45720700.0
2025-06-20,LH.BK,3.319999933242798,3.359999895095825,3.2799999713897705,3.2799999713897705,3.179433822631836,53794200.0
2025-06-23,LH.BK,3.259999990463257,3.299999952316284,3.180000066757202,3.2799999713897705,3.179433822631836,42789100.0
2025-06-24,LH.BK,3.319999933242798,3.3399999141693115,3.2200000286102295,3.299999952316284,3.1988205909729004,77178900.0
2025-06-25,LH.BK,3.319999933242798,3.4200000762939453,3.259999990463257,3.4000000953674316,3.2957546710968018,53378600.0
2025-06-26,LH.BK,3.359999895095825,3.5199999809265137,3.359999895095825,3.4800000190734863,3.3733017444610596,28741800.0
2025-06-27,LH.BK,3.4600000381469727,3.4800000190734863,3.3399999141693115,3.3399999141693115,3.2375941276550293,21865100.0
2025-06-30,LH.BK,3.359999895095825,3.4200000762939453,3.299999952316284,3.4200000762939453,3.315141439437866,22985600.0
2025-07-01,LH.BK,3.4000000953674316,3.5199999809265137,3.380000114440918,3.5199999809265137,3.4120755195617676,20267400.0
2025-07-02,LH.BK,3.5,3.6600000858306885,3.5,3.640000104904175,3.5283963680267334,28406300.0
2025-07-03,LH.BK,3.5999999046325684,3.6600000858306885,3.5799999237060547,3.640000104904175,3.5283963680267334,16069000.0
2025-07-04,LH.BK,3.640000104904175,3.6600000858306885,3.559999942779541,3.5799999237060547,3.470235824584961,12194800.0
2025-07-07,LH.BK,3.5799999237060547,3.5799999237060547,3.5,3.5399999618530273,3.431462287902832,25640600.0
2025-07-08,LH.BK,3.5,3.559999942779541,3.4800000190734863,3.5399999618530273,3.431462287902832,20166100.0
2025-07-09,LH.BK,3.5199999809265137,3.5399999618530273,3.4800000190734863,3.5199999809265137,3.4120755195617676,8248500.0
2025-07-11,LH.BK,3.5199999809265137,3.5999999046325684,3.5199999809265137,3.5799999237060547,3.470235824584961,9793300.0
2025-07-14,LH.BK,3.5799999237060547,3.680000066757202,3.5799999237060547,3.6600000858306885,3.547783136367798,25219100.0
2025-07-15,LH.BK,3.6600000858306885,3.8399999141693115,3.6600000858306885,3.819999933242798,3.7028772830963135,32514700.0
2025-07-16,LH.BK,3.799999952316284,3.819999933242798,3.7200000286102295,3.740000009536743,3.6253302097320557,30297500.0
2025-07-17,LH.BK,3.799999952316284,3.8399999141693115,3.759999990463257,3.8399999141693115,3.722264051437378,40254400.0
2025-07-18,LH.BK,3.8399999141693115,3.8399999141693115,3.759999990463257,3.799999952316284,3.683490514755249,25211000.0
2025-07-21,LH.BK,3.819999933242798,3.859999895095825,3.7799999713897705,3.819999933242798,3.7028772830963135,17556400.0
2025-07-22,LH.BK,3.859999895095825,3.9200000762939453,3.8399999141693115,3.859999895095825,3.7416508197784424,28320000.0
2025-07-23,LH.BK,3.8399999141693115,3.940000057220459,3.8399999141693115,3.9200000762939453,3.799811363220215,34133800.0
2025-07-24,LH.BK,3.9000000953674316,3.9200000762939453,3.819999933242798,3.8399999141693115,3.722264051437378,24183100.0
2025-07-25,LH.BK,3.819999933242798,3.819999933242798,3.759999990463257,3.7799999713897705,3.6641037464141846,29362600.0
2025-07-29,LH.BK,3.7799999713897705,3.8399999141693115,3.7200000286102295,3.819999933242798,3.7028772830963135,32005100.0
2025-07-30,LH.BK,3.819999933242798,3.9000000953674316,3.819999933242798,3.880000114440918,3.761037826538086,39368600.0
2025-07-31,LH.BK,3.880000114440918,3.880000114440918,3.799999952316284,3.819999933242798,3.7028772830963135,73993400.0
2025-08-01,LH.BK,3.819999933242798,3.9000000953674316,3.799999952316284,3.819999933242798,3.7028772830963135,28003300.0
2025-08-04,LH.BK,3.8399999141693115,3.8399999141693115,3.759999990463257,3.819999933242798,3.7028772830963135,17394000.0
2025-08-05,LH.BK,3.8399999141693115,3.9200000762939453,3.799999952316284,3.880000114440918,3.761037826538086,26772800.0
2025-08-06,LH.BK,3.859999895095825,4.039999961853027,3.859999895095825,4.039999961853027,3.9161319732666016,59142300.0
2025-08-07,LH.BK,4.019999980926514,4.059999942779541,3.9600000381469727,3.9800000190734863,3.857971668243408,32399000.0
2025-08-08,LH.BK,3.9800000190734863,4.0,3.9200000762939453,3.940000057220459,3.8191981315612793,25414000.0
2025-08-13,LH.BK,4.0,4.039999961853027,3.940000057220459,3.9800000190734863,3.857971668243408,35650400.0
2025-08-14,LH.BK,3.9800000190734863,4.079999923706055,3.9800000190734863,4.039999961853027,3.9161319732666016,36000700.0
2025-08-15,LH.BK,4.039999961853027,4.059999942779541,4.0,4.019999980926514,3.896745204925537,23186400.0
2025-08-18,LH.BK,4.019999980926514,4.039999961853027,3.9600000381469727,4.0,3.8773584365844727,25226800.0
2025-08-19,LH.BK,3.9800000190734863,4.019999980926514,3.9600000381469727,3.9800000190734863,3.857971668243408,7986700.0
2025-08-20,LH.BK,3.9600000381469727,3.9800000190734863,3.9000000953674316,3.9600000381469727,3.8385848999023438,29243900.0
2025-08-21,LH.BK,3.9800000190734863,3.9800000190734863,3.9200000762939453,3.940000057220459,3.8191981315612793,13094600.0
2025-08-22,LH.BK,3.9600000381469727,4.0,3.940000057220459,3.940000057220459,3.8191981315612793,7793500.0
2025-08-25,LH.BK,3.9800000190734863,4.019999980926514,3.9600000381469727,4.0,3.8773584365844727,24367000.0
2025-08-26,LH.BK,4.0,4.019999980926514,3.940000057220459,3.940000057220459,3.8191981315612793,23692700.0
2025-08-27,LH.BK,3.9600000381469727,3.9800000190734863,3.9000000953674316,3.9000000953674316,3.7804245948791504,12164900.0
2025-08-28,LH.BK,3.9000000953674316,3.940000057220459,3.880000114440918,3.9200000762939453,3.799811363220215,13605100.0
2025-08-29,LH.BK,3.9000000953674316,3.9800000190734863,3.8399999141693115,3.9000000953674316,3.7804245948791504,40319400.0
2025-09-01,LH.BK,3.9000000953674316,4.019999980926514,3.9000000953674316,4.0,3.8773584365844727,25998500.0
2025-09-02,LH.BK,4.019999980926514,4.059999942779541,3.9800000190734863,4.019999980926514,3.896745204925537,25206200.0
2025-09-03,LH.BK,4.0,4.099999904632568,3.9800000190734863,4.059999942779541,3.935518741607666,42589200.0
2025-09-04,LH.BK,4.079999923706055,4.199999809265137,4.079999923706055,4.099999904632568,3.974292278289795,44517500.0
2025-09-05,LH.BK,4.099999904632568,4.139999866485596,4.059999942779541,4.119999885559082,3.9936790466308594,20660100.0
2025-09-08,LH.BK,4.119999885559082,4.21999979019165,4.119999885559082,4.199999809265137,4.071226119995117,44129300.0
2025-09-09,LH.BK,4.199999809265137,4.260000228881836,4.159999847412109,4.260000228881836,4.129386901855469,22556100.0
2025-09-10,LH.BK,4.260000228881836,4.340000152587891,4.199999809265137,4.239999771118164,4.109999656677246,33241200.0
2025-09-11,LH.BK,4.239999771118164,4.300000190734863,4.21999979019165,4.28000020980835,4.148773670196533,21067300.0
2025-09-12,LH.BK,4.300000190734863,4.320000171661377,4.239999771118164,4.28000020980835,4.148773670196533,16177700.0
2025-09-15,LH.BK,4.260000228881836,4.28000020980835,4.21999979019165,4.28000020980835,4.148773670196533,12701700.0
2025-09-16,LH.BK,4.28000020980835,4.5,4.28000020980835,4.460000038146973,4.323254585266113,85468000.0
2025-09-17,LH.BK,4.460000038146973,4.480000019073486,4.420000076293945,4.480000019073486,4.342641353607178,33898000.0
2025-09-18,LH.BK,4.5,4.5,4.380000114440918,4.460000038146973,4.323254585266113,33733200.0
2025-09-19,LH.BK,4.440000057220459,4.460000038146973,4.380000114440918,4.420000076293945,4.284481048583984,34362500.0
2025-09-22,LH.BK,4.420000076293945,4.460000038146973,4.380000114440918,4.400000095367432,4.26509428024292,22565600.0
2025-09-23,LH.BK,4.400000095367432,4.400000095367432,4.21999979019165,4.21999979019165,4.090612888336182,40584600.0
2025-09-24,LH.BK,4.199999809265137,4.260000228881836,4.199999809265137,4.260000228881836,4.129386901855469,23818900.0
2025-09-25,LH.BK,4.260000228881836,4.28000020980835,4.199999809265137,4.28000020980835,4.148773670196533,16318300.0
2025-09-26,LH.BK,4.28000020980835,4.320000171661377,4.239999771118164,4.260000228881836,4.129386901855469,22691800.0
2025-09-29,LH.BK,4.260000228881836,4.320000171661377,4.21999979019165,4.300000190734863,4.168160438537598,29832600.0
2025-09-30,LH.BK,4.28000020980835,4.340000152587891,4.260000228881836,4.320000171661377,4.187547206878662,24605400.0
2025-10-01,LH.BK,4.28000020980835,4.300000190734863,4.21999979019165,4.21999979019165,4.090612888336182,9988100.0
2025-10-02,LH.BK,4.260000228881836,4.340000152587891,4.260000228881836,4.340000152587891,4.206933975219727,23182100.0
2025-10-03,LH.BK,4.340000152587891,4.340000152587891,4.260000228881836,4.300000190734863,4.168160438537598,17783300.0
2025-10-06,LH.BK,4.28000020980835,4.320000171661377,4.260000228881836,4.260000228881836,4.129386901855469,14292400.0
2025-10-07,LH.BK,4.260000228881836,4.260000228881836,4.260000228881836,4.260000228881836,4.129386901855469,0.0
2025-10-08,LH.BK,4.260000228881836,4.300000190734863,4.260000228881836,4.260000228881836,4.129386901855469,27746100.0
2025-10-09,LH.BK,4.28000020980835,4.300000190734863,4.239999771118164,4.28000020980835,4.148773670196533,25684100.0
2025-10-10,LH.BK,4.28000020980835,4.300000190734863,4.239999771118164,4.28000020980835,4.148773670196533,19527000.0
2025-10-14,LH.BK,4.28000020980835,4.28000020980835,4.21999979019165,4.239999771118164,4.109999656677246,49882100.0
2025-10-15,LH.BK,4.099999904632568,4.119999885559082,4.059999942779541,4.059999942779541,4.059999942779541,71082400.0
2025-10-16,LH.BK,4.039999961853027,4.039999961853027,3.9600000381469727,3.9800000190734863,3.9800000190734863,29659100.0
2025-10-17,LH.BK,3.9200000762939453,3.940000057220459,3.7799999713897705,3.819999933242798,3.819999933242798,65773800.0
2025-10-20,LH.BK,3.9000000953674316,3.9000000953674316,3.819999933242798,3.9000000953674316,3.9000000953674316,20645800.0
2025-10-21,LH.BK,3.9200000762939453,3.9200000762939453,3.8399999141693115,3.859999895095825,3.859999895095825,19432200.0
2025-10-22,LH.BK,3.859999895095825,3.9600000381469727,3.8399999141693115,3.9000000953674316,3.9000000953674316,31687800.0
2025-10-24,LH.BK,3.9000000953674316,3.9800000190734863,3.880000114440918,3.940000057220459,3.940000057220459,30300600.0
2025-10-27,LH.BK,3.9800000190734863,3.9800000190734863,3.8399999141693115,3.880000114440918,3.880000114440918,23926000.0
2025-10-28,LH.BK,3.880000114440918,3.9000000953674316,3.8399999141693115,3.880000114440918,3.880000114440918,9808100.0
2025-10-29,LH.BK,3.8399999141693115,3.880000114440918,3.8399999141693115,3.859999895095825,3.859999895095825,11322200.0
2025-10-30,LH.BK,3.819999933242798,3.880000114440918,3.819999933242798,3.859999895095825,3.859999895095825,20244400.0
2025-10-31,LH.BK,3.859999895095825,3.9200000762939453,3.8399999141693115,3.9000000953674316,3.9000000953674316,19654100.0
2025-11-03,LH.BK,3.9000000953674316,3.940000057220459,3.8399999141693115,3.8399999141693115,3.8399999141693115,14910100.0
2025-11-04,LH.BK,3.8399999141693115,3.859999895095825,3.7799999713897705,3.7799999713897705,3.7799999713897705,19930700.0
2025-11-05,LH.BK,3.7799999713897705,3.7799999713897705,3.740000009536743,3.740000009536743,3.740000009536743,12325400.0
2025-11-06,LH.BK,3.740000009536743,3.799999952316284,3.7200000286102295,3.799999952316284,3.799999952316284,11579300.0
2025-11-07,LH.BK,3.7799999713897705,3.819999933242798,3.759999990463257,3.7799999713897705,3.7799999713897705,5948000.0
2025-11-10,LH.BK,3.799999952316284,3.859999895095825,3.7799999713897705,3.8399999141693115,3.8399999141693115,9172200.0
2025-11-11,LH.BK,3.8399999141693115,3.859999895095825,3.799999952316284,3.819999933242798,3.819999933242798,8539600.0
2025-11-12,LH.BK,3.799999952316284,3.819999933242798,3.759999990463257,3.759999990463257,3.759999990463257,8848400.0
2025-11-13,LH.BK,3.799999952316284,3.799999952316284,3.640000104904175,3.6600000858306885,3.6600000858306885,28208300.0
2025-11-14,LH.BK,3.640000104904175,3.640000104904175,3.5799999237060547,3.619999885559082,3.619999885559082,23310800.0
2025-11-17,LH.BK,3.5999999046325684,3.6600000858306885,3.559999942779541,3.640000104904175,3.640000104904175,16030500.0
2025-11-18,LH.BK,3.5999999046325684,3.6600000858306885,3.5999999046325684,3.619999885559082,3.619999885559082,15166700.0
2025-11-19,LH.BK,3.619999885559082,3.700000047683716,3.619999885559082,3.6600000858306885,3.6600000858306885,10164200.0
2025-11-20,LH.BK,3.680000066757202,3.7200000286102295,3.6600000858306885,3.680000066757202,3.680000066757202,18104300.0
2025-11-21,LH.BK,3.6600000858306885,3.6600000858306885,3.559999942779541,3.5799999237060547,3.5799999237060547,40332000.0
2025-11-24,LH.BK,3.559999942779541,3.640000104904175,3.5399999618530273,3.5399999618530273,3.5399999618530273,31118000.0
2025-11-25,LH.BK,3.5399999618530273,3.619999885559082,3.5399999618530273,3.559999942779541,3.559999942779541,28161000.0
2025-11-26,LH.BK,3.5999999046325684,3.5999999046325684,3.4800000190734863,3.5,3.5,33600500.0
2025-11-27,LH.BK,3.5199999809265137,3.559999942779541,3.4200000762939453,3.4600000381469727,3.4600000381469727,67279200.0
2025-11-28,LH.BK,3.4800000190734863,3.559999942779541,3.4800000190734863,3.5,3.5,45882000.0
2025-12-01,LH.BK,3.5199999809265137,3.5799999237060547,3.4800000190734863,3.5,3.5,42349300.0
2025-12-02,LH.BK,3.5399999618530273,3.5399999618530273,3.4000000953674316,3.440000057220459,3.440000057220459,106108300.0
2025-12-03,LH.BK,3.4600000381469727,3.5,3.4200000762939453,3.5,3.5,21957100.0
2025-12-04,LH.BK,3.4800000190734863,3.5,3.4600000381469727,3.5,3.5,20145300.0
2025-12-08,LH.BK,3.5,3.5,3.4600000381469727,3.4800000190734863,3.4800000190734863,12438900.0
2025-12-09,LH.BK,3.4800000190734863,3.4800000190734863,3.440000057220459,3.4800000190734863,3.4800000190734863,18846800.0
2025-12-11,LH.BK,3.5,3.5,3.4600000381469727,3.4800000190734863,3.4800000190734863,12753500.0
2025-12-12,LH.BK,3.4800000190734863,3.6600000858306885,3.4800000190734863,3.6600000858306885,3.6600000858306885,65468500.0
2025-12-15,LH.BK,3.6600000858306885,3.759999990463257,3.5799999237060547,3.759999990463257,3.759999990463257,39804400.0
2025-12-16,LH.BK,3.700000047683716,3.859999895095825,3.700000047683716,3.859999895095825,3.859999895095825,30204600.0
2025-12-17,LH.BK,3.8399999141693115,3.859999895095825,3.740000009536743,3.799999952316284,3.799999952316284,43537300.0
2025-12-18,LH.BK,3.799999952316284,3.8399999141693115,3.680000066757202,3.8399999141693115,3.8399999141693115,74925700.0
2025-12-19,LH.BK,3.859999895095825,3.859999895095825,3.7200000286102295,3.7200000286102295,3.7200000286102295,50456200.0
2025-12-22,LH.BK,3.7200000286102295,3.759999990463257,3.640000104904175,3.7200000286102295,3.7200000286102295,52065300.0
2025-12-23,LH.BK,3.7799999713897705,3.8399999141693115,3.7799999713897705,3.799999952316284,3.799999952316284,36670400.0
2025-12-24,LH.BK,3.759999990463257,3.799999952316284,3.759999990463257,3.7799999713897705,3.7799999713897705,14975600.0
2025-12-25,LH.BK,3.819999933242798,3.819999933242798,3.740000009536743,3.7799999713897705,3.7799999713897705,11779200.0
2025-12-26,LH.BK,3.7799999713897705,3.7799999713897705,3.7200000286102295,3.759999990463257,3.759999990463257,24007400.0
2025-12-29,LH.BK,3.759999990463257,3.819999933242798,3.700000047683716,3.7799999713897705,3.7799999713897705,31964300.0
2025-12-30,LH.BK,3.799999952316284,3.819999933242798,3.740000009536743,3.7799999713897705,3.7799999713897705,21122100.0
2026-01-05,LH.BK,3.7799999713897705,3.819999933242798,3.740000009536743,3.819999933242798,3.819999933242798,28139300.0
2026-01-06,LH.BK,3.819999933242798,3.9000000953674316,3.819999933242798,3.880000114440918,3.880000114440918,36257500.0
2026-01-07,LH.BK,3.9000000953674316,3.9800000190734863,3.859999895095825,3.940000057220459,3.940000057220459,32763200.0
2026-01-08,LH.BK,3.9000000953674316,3.9600000381469727,3.880000114440918,3.9200000762939453,3.9200000762939453,29094600.0
2026-01-09,LH.BK,3.9200000762939453,3.9200000762939453,3.8399999141693115,3.859999895095825,3.859999895095825,15127100.0
2026-01-12,LH.BK,3.8399999141693115,3.859999895095825,3.7799999713897705,3.7799999713897705,3.7799999713897705,13511600.0
2026-01-13,LH.BK,3.7799999713897705,3.799999952316284,3.700000047683716,3.7200000286102295,3.7200000286102295,14644600.0
2026-01-14,LH.BK,3.7200000286102295,3.7200000286102295,3.6600000858306885,3.680000066757202,3.680000066757202,18361300.0
2026-01-15,LH.BK,3.680000066757202,3.7799999713897705,3.6600000858306885,3.740000009536743,3.740000009536743,30201000.0
2026-01-16,LH.BK,3.759999990463257,3.9000000953674316,3.740000009536743,3.880000114440918,3.880000114440918,30052100.0
2026-01-19,LH.BK,3.859999895095825,3.880000114440918,3.799999952316284,3.859999895095825,3.859999895095825,15634600.0
2026-01-20,LH.BK,3.9000000953674316,3.9600000381469727,3.859999895095825,3.940000057220459,3.940000057220459,39527600.0
2026-01-21,LH.BK,3.940000057220459,4.0,3.9200000762939453,4.0,4.0,33657200.0
2026-01-22,LH.BK,4.0,4.119999885559082,3.9800000190734863,4.059999942779541,4.059999942779541,60452900.0
2026-01-23,LH.BK,4.019999980926514,4.059999942779541,3.940000057220459,3.9600000381469727,3.9600000381469727,42564400.0
2026-01-26,LH.BK,3.9600000381469727,3.9800000190734863,3.9000000953674316,3.940000057220459,3.940000057220459,26388900.0
2026-01-27,LH.BK,3.940000057220459,4.019999980926514,3.940000057220459,3.9600000381469727,3.9600000381469727,24336600.0
2026-01-28,LH.BK,3.9600000381469727,4.019999980926514,3.9600000381469727,4.0,4.0,29410200.0
2026-01-29,LH.BK,3.9800000190734863,3.9800000190734863,3.940000057220459,3.9600000381469727,3.9600000381469727,21132200.0
2026-01-30,LH.BK,3.940000057220459,3.9600000381469727,3.880000114440918,3.9000000953674316,3.9000000953674316,47050400.0
2026-02-02,LH.BK,3.9000000953674316,3.9600000381469727,3.880000114440918,3.940000057220459,3.940000057220459,23760500.0
2026-02-03,LH.BK,3.9000000953674316,4.0,3.9000000953674316,3.9600000381469727,3.9600000381469727,38332300.0
2026-02-04,LH.BK,3.9800000190734863,4.0,3.9200000762939453,4.0,4.0,37331100.0
2026-02-05,LH.BK,3.9800000190734863,4.019999980926514,3.9600000381469727,4.0,4.0,27404900.0
2026-02-06,LH.BK,3.9800000190734863,4.019999980926514,3.940000057220459,3.940000057220459,3.940000057220459,30043700.0
2026-02-09,LH.BK,4.059999942779541,4.119999885559082,4.0,4.099999904632568,4.099999904632568,69239400.0
2026-02-10,LH.BK,4.099999904632568,4.179999828338623,4.079999923706055,4.139999866485596,4.139999866485596,45916600.0
2026-02-11,LH.BK,4.159999847412109,4.300000190734863,4.159999847412109,4.300000190734863,4.300000190734863,87968100.0
2026-02-12,LH.BK,4.300000190734863,4.5,4.300000190734863,4.480000019073486,4.480000019073486,83494900.0
2026-02-13,LH.BK,4.5,4.5,4.360000133514404,4.380000114440918,4.380000114440918,90869700.0
2026-02-16,LH.BK,4.380000114440918,4.480000019073486,4.380000114440918,4.420000076293945,4.420000076293945,31938500.0
2026-02-17,LH.BK,4.380000114440918,4.400000095367432,4.21999979019165,4.340000152587891,4.340000152587891,58664800.0
2026-02-18,LH.BK,4.340000152587891,4.420000076293945,4.340000152587891,4.400000095367432,4.400000095367432,39325500.0
2026-02-19,LH.BK,4.400000095367432,4.480000019073486,4.380000114440918,4.440000057220459,4.440000057220459,56445600.0
2026-02-20,LH.BK,4.420000076293945,4.440000057220459,4.340000152587891,4.400000095367432,4.400000095367432,45134100.0
2026-02-23,LH.BK,4.400000095367432,4.420000076293945,4.260000228881836,4.320000171661377,4.320000171661377,72350200.0
2026-02-24,LH.BK,4.28000020980835,4.360000133514404,4.21999979019165,4.340000152587891,4.340000152587891,37136900.0
2026-02-25,LH.BK,4.360000133514404,4.440000057220459,4.360000133514404,4.400000095367432,4.400000095367432,44936000.0
2026-02-26,LH.BK,4.400000095367432,4.420000076293945,4.360000133514404,4.380000114440918,4.380000114440918,32056500.0
2026-02-27,LH.BK,4.380000114440918,4.380000114440918,4.300000190734863,4.360000133514404,4.360000133514404,29656400.0
2026-03-02,LH.BK,4.199999809265137,4.239999771118164,4.0,4.019999980926514,4.019999980926514,105914100.0
2026-03-04,LH.BK,3.7799999713897705,3.799999952316284,3.640000104904175,3.740000009536743,3.740000009536743,120495900.0
2026-03-05,LH.BK,3.799999952316284,3.819999933242798,3.6600000858306885,3.7799999713897705,3.7799999713897705,90601600.0
2026-03-06,LH.BK,3.7200000286102295,3.740000009536743,3.6600000858306885,3.740000009536743,3.740000009536743,60982500.0
2026-03-09,LH.BK,3.5799999237060547,3.7200000286102295,3.559999942779541,3.7200000286102295,3.7200000286102295,58706600.0
2026-03-10,LH.BK,3.7200000286102295,3.7799999713897705,3.700000047683716,3.759999990463257,3.759999990463257,36799800.0
2026-03-11,LH.BK,3.759999990463257,3.819999933242798,3.759999990463257,3.759999990463257,3.759999990463257,26432300.0
2026-03-12,LH.BK,3.759999990463257,3.819999933242798,3.700000047683716,3.799999952316284,3.799999952316284,32447400.0
2026-03-13,LH.BK,3.759999990463257,3.799999952316284,3.7200000286102295,3.7799999713897705,3.7799999713897705,20076300.0
2026-03-16,LH.BK,3.799999952316284,3.799999952316284,3.7200000286102295,3.7200000286102295,3.7200000286102295,23875600.0
2026-03-17,LH.BK,3.7799999713897705,3.7799999713897705,3.700000047683716,3.7200000286102295,3.7200000286102295,33130800.0
2026-03-18,LH.BK,3.700000047683716,3.740000009536743,3.680000066757202,3.700000047683716,3.700000047683716,34247500.0
2026-03-19,LH.BK,3.6600000858306885,3.680000066757202,3.619999885559082,3.640000104904175,3.640000104904175,31863300.0
2026-03-20,LH.BK,3.680000066757202,3.799999952316284,3.6600000858306885,3.799999952316284,3.799999952316284,52799700.0
2026-03-23,LH.BK,3.640000104904175,3.700000047683716,3.640000104904175,3.6600000858306885,3.6600000858306885,31199000.0
2026-03-24,LH.BK,3.680000066757202,3.700000047683716,3.640000104904175,3.640000104904175,3.640000104904175,19801800.0
2026-03-25,LH.BK,3.6600000858306885,3.740000009536743,3.6600000858306885,3.700000047683716,3.700000047683716,18740700.0
2026-03-26,LH.BK,3.6600000858306885,3.700000047683716,3.640000104904175,3.6600000858306885,3.6600000858306885,28677300.0
2026-03-27,LH.BK,3.7200000286102295,3.7200000286102295,3.6600000858306885,3.700000047683716,3.700000047683716,21175700.0
2026-03-30,LH.BK,3.680000066757202,3.700000047683716,3.640000104904175,3.680000066757202,3.680000066757202,28727400.0
2026-03-31,LH.BK,3.700000047683716,3.759999990463257,3.680000066757202,3.759999990463257,3.759999990463257,28363300.0
2026-04-01,LH.BK,3.819999933242798,3.8399999141693115,3.759999990463257,3.819999933242798,3.819999933242798,30345700.0
2026-04-02,LH.BK,3.819999933242798,3.819999933242798,3.759999990463257,3.7799999713897705,3.7799999713897705,26716600.0
2026-04-03,LH.BK,3.799999952316284,3.799999952316284,3.740000009536743,3.740000009536743,3.740000009536743,14005200.0
2026-04-07,LH.BK,3.7799999713897705,3.7799999713897705,3.7200000286102295,3.7799999713897705,3.7799999713897705,18921700.0
2026-04-08,LH.BK,3.819999933242798,3.859999895095825,3.7799999713897705,3.859999895095825,3.859999895095825,28533900.0
2026-04-09,LH.BK,3.8399999141693115,3.8399999141693115,3.7799999713897705,3.7799999713897705,3.7799999713897705,16186700.0
2026-04-10,LH.BK,3.819999933242798,3.819999933242798,3.7799999713897705,3.799999952316284,3.799999952316284,13532400.0
