Date,Ticker,Open,High,Low,Close,Adj Close,Volume
2016-04-11,TTB.BK,2.158189058303833,2.158189058303833,2.1033198833465576,2.139899969100952,1.3990546464920044,105468286.0
2016-04-12,TTB.BK,2.139899969100952,2.2130589485168457,2.139899969100952,2.2130589485168457,1.4468858242034912,56630316.0
2016-04-18,TTB.BK,2.2130589485168457,2.2313480377197266,2.1947689056396484,2.2313480377197266,1.4588427543640137,130742123.0
2016-04-19,TTB.BK,2.2130589485168457,2.2130589485168457,2.158189058303833,2.1947689056396484,1.4711021184921265,202486592.0
2016-04-20,TTB.BK,2.158189058303833,2.1764791011810303,2.1033198833465576,2.121609926223755,1.4220654964447021,383375726.0
2016-04-21,TTB.BK,2.121609926223755,2.158189058303833,2.121609926223755,2.139899969100952,1.4343245029449463,190041913.0
2016-04-22,TTB.BK,2.121609926223755,2.139899969100952,2.0850300788879395,2.121609926223755,1.4220654964447021,227390275.0
2016-04-25,TTB.BK,2.121609926223755,2.139899969100952,2.1033198833465576,2.139899969100952,1.4343245029449463,70543031.0
2016-04-26,TTB.BK,2.121609926223755,2.121609926223755,2.0667409896850586,2.0850300788879395,1.3975467681884766,290269667.0
2016-04-27,TTB.BK,2.0850300788879395,2.0850300788879395,2.0484509468078613,2.0484509468078613,1.3730287551879883,181070328.0
2016-04-28,TTB.BK,2.0667409896850586,2.0850300788879395,2.0484509468078613,2.0484509468078613,1.3730287551879883,161486456.0
2016-04-29,TTB.BK,2.0667409896850586,2.0850300788879395,2.0484509468078613,2.0850300788879395,1.3975467681884766,185181593.0
2016-05-03,TTB.BK,2.0667409896850586,2.1033198833465576,2.0667409896850586,2.0850300788879395,1.3975467681884766,168750418.0
2016-05-04,TTB.BK,2.0667409896850586,2.0850300788879395,2.0484509468078613,2.0484509468078613,1.3730287551879883,97992075.0
2016-05-09,TTB.BK,2.0484509468078613,2.0484509468078613,2.011871099472046,2.030160903930664,1.3607691526412964,175335310.0
2016-05-10,TTB.BK,2.011871099472046,2.0484509468078613,1.993582010269165,1.993582010269165,1.336251139640808,195735486.0
2016-05-11,TTB.BK,1.993582010269165,2.011871099472046,1.9752919673919678,1.993582010269165,1.336251139640808,222914543.0
2016-05-12,TTB.BK,1.993582010269165,2.030160903930664,1.9752919673919678,2.011871099472046,1.3485099077224731,260731802.0
2016-05-13,TTB.BK,2.030160903930664,2.0484509468078613,2.011871099472046,2.011871099472046,1.3485099077224731,216798000.0
2016-05-16,TTB.BK,2.030160903930664,2.121609926223755,2.011871099472046,2.121609926223755,1.4220654964447021,630056812.0
2016-05-17,TTB.BK,2.121609926223755,2.158189058303833,2.0850300788879395,2.1033198833465576,1.4098058938980103,296918858.0
2016-05-18,TTB.BK,2.1033198833465576,2.1033198833465576,2.011871099472046,2.030160903930664,1.3607691526412964,329407338.0
2016-05-19,TTB.BK,2.030160903930664,2.0484509468078613,2.011871099472046,2.030160903930664,1.3607691526412964,250587538.0
2016-05-23,TTB.BK,2.0484509468078613,2.0667409896850586,2.030160903930664,2.0484509468078613,1.3730287551879883,151105666.0
2016-05-24,TTB.BK,2.0484509468078613,2.0667409896850586,2.030160903930664,2.0484509468078613,1.3730287551879883,85518964.0
2016-05-25,TTB.BK,2.0484509468078613,2.0850300788879395,2.0484509468078613,2.0484509468078613,1.3730287551879883,189229326.0
2016-05-26,TTB.BK,2.0484509468078613,2.0850300788879395,2.0484509468078613,2.0667409896850586,1.3852877616882324,210739851.0
2016-05-27,TTB.BK,2.0484509468078613,2.0850300788879395,2.0484509468078613,2.0850300788879395,1.3975467681884766,140201960.0
2016-05-30,TTB.BK,2.0850300788879395,2.121609926223755,2.0850300788879395,2.121609926223755,1.4220654964447021,246851346.0
2016-05-31,TTB.BK,2.121609926223755,2.139899969100952,2.0667409896850586,2.0850300788879395,1.3975467681884766,341599745.0
2016-06-01,TTB.BK,2.0850300788879395,2.1033198833465576,2.0667409896850586,2.0667409896850586,1.3852877616882324,174693202.0
2016-06-02,TTB.BK,2.0667409896850586,2.1033198833465576,2.0667409896850586,2.0667409896850586,1.3852877616882324,162168587.0
2016-06-03,TTB.BK,2.0850300788879395,2.121609926223755,2.0667409896850586,2.0850300788879395,1.3975467681884766,382943899.0
2016-06-06,TTB.BK,2.1033198833465576,2.1033198833465576,2.0667409896850586,2.0667409896850586,1.3852877616882324,257082981.0
2016-06-07,TTB.BK,2.0850300788879395,2.0850300788879395,2.0484509468078613,2.0484509468078613,1.3730287551879883,378112120.0
2016-06-08,TTB.BK,2.0484509468078613,2.0667409896850586,2.030160903930664,2.0484509468078613,1.3730287551879883,73849146.0
2016-06-09,TTB.BK,2.0484509468078613,2.0667409896850586,2.030160903930664,2.030160903930664,1.3607691526412964,159241373.0
2016-06-10,TTB.BK,2.030160903930664,2.0667409896850586,2.030160903930664,2.0484509468078613,1.3730287551879883,86096337.0
2016-06-13,TTB.BK,2.030160903930664,2.0484509468078613,2.030160903930664,2.030160903930664,1.3607691526412964,66072438.0
2016-06-14,TTB.BK,2.030160903930664,2.0484509468078613,2.030160903930664,2.030160903930664,1.3607691526412964,39290325.0
2016-06-15,TTB.BK,2.030160903930664,2.0484509468078613,2.011871099472046,2.0484509468078613,1.3730287551879883,153632328.0
2016-06-16,TTB.BK,2.030160903930664,2.030160903930664,1.993582010269165,1.993582010269165,1.336251139640808,229812835.0
2016-06-17,TTB.BK,2.011871099472046,2.030160903930664,1.993582010269165,2.011871099472046,1.3485099077224731,73827713.0
2016-06-20,TTB.BK,1.993582010269165,2.011871099472046,1.95700204372406,1.9752919673919678,1.3239920139312744,199558722.0
2016-06-21,TTB.BK,1.9752919673919678,2.011871099472046,1.9752919673919678,1.993582010269165,1.336251139640808,65710814.0
2016-06-22,TTB.BK,1.993582010269165,2.011871099472046,1.95700204372406,1.9752919673919678,1.3239920139312744,179362485.0
2016-06-23,TTB.BK,1.9752919673919678,1.993582010269165,1.95700204372406,1.9752919673919678,1.3239920139312744,214996116.0
2016-06-24,TTB.BK,1.9387120008468628,1.95700204372406,1.8289740085601807,1.9021329879760742,1.2749550342559814,925352685.0
2016-06-27,TTB.BK,1.9204230308532715,2.030160903930664,1.9204230308532715,2.030160903930664,1.3607691526412964,449898252.0
2016-06-28,TTB.BK,2.011871099472046,2.030160903930664,1.9752919673919678,2.030160903930664,1.3607691526412964,134331456.0
2016-06-29,TTB.BK,2.030160903930664,2.0484509468078613,1.993582010269165,2.011871099472046,1.3485099077224731,254989021.0
2016-06-30,TTB.BK,2.030160903930664,2.030160903930664,1.9752919673919678,1.9752919673919678,1.3239920139312744,137100877.0
2016-07-04,TTB.BK,1.993582010269165,2.0484509468078613,1.993582010269165,2.030160903930664,1.3607691526412964,299874613.0
2016-07-05,TTB.BK,2.011871099472046,2.0667409896850586,2.011871099472046,2.0667409896850586,1.3852877616882324,241387737.0
2016-07-06,TTB.BK,2.0484509468078613,2.0667409896850586,2.030160903930664,2.030160903930664,1.3607691526412964,86220450.0
2016-07-07,TTB.BK,2.0850300788879395,2.158189058303833,2.0850300788879395,2.121609926223755,1.4220654964447021,944553609.0
2016-07-08,TTB.BK,2.121609926223755,2.121609926223755,2.0667409896850586,2.0850300788879395,1.3975467681884766,295655636.0
2016-07-11,TTB.BK,2.1033198833465576,2.121609926223755,2.0850300788879395,2.121609926223755,1.4220654964447021,229053721.0
2016-07-12,TTB.BK,2.1033198833465576,2.121609926223755,2.0850300788879395,2.1033198833465576,1.4098058938980103,171678944.0
2016-07-13,TTB.BK,2.121609926223755,2.121609926223755,2.0484509468078613,2.0850300788879395,1.3975467681884766,270543530.0
2016-07-14,TTB.BK,2.0850300788879395,2.1033198833465576,2.0484509468078613,2.0850300788879395,1.3975467681884766,228289140.0
2016-07-15,TTB.BK,2.0850300788879395,2.1033198833465576,2.0484509468078613,2.0667409896850586,1.3852877616882324,211606129.0
2016-07-20,TTB.BK,2.0850300788879395,2.139899969100952,2.0667409896850586,2.139899969100952,1.4343245029449463,312973976.0
2016-07-21,TTB.BK,2.139899969100952,2.139899969100952,2.0667409896850586,2.0667409896850586,1.3852877616882324,243706086.0
2016-07-22,TTB.BK,2.0850300788879395,2.1033198833465576,2.0667409896850586,2.0850300788879395,1.3975467681884766,83328228.0
2016-07-25,TTB.BK,2.0850300788879395,2.1033198833465576,2.0484509468078613,2.0484509468078613,1.3730287551879883,232273996.0
2016-07-26,TTB.BK,2.0484509468078613,2.0667409896850586,2.011871099472046,2.030160903930664,1.3607691526412964,332235043.0
2016-07-27,TTB.BK,2.030160903930664,2.0484509468078613,2.011871099472046,2.030160903930664,1.3607691526412964,252955860.0
2016-07-28,TTB.BK,2.030160903930664,2.1033198833465576,2.011871099472046,2.0850300788879395,1.3975467681884766,428789592.0
2016-07-29,TTB.BK,2.1033198833465576,2.1033198833465576,2.0667409896850586,2.0667409896850586,1.3852877616882324,247888867.0
2016-08-01,TTB.BK,2.0850300788879395,2.0850300788879395,2.0484509468078613,2.0667409896850586,1.3852877616882324,107224134.0
2016-08-02,TTB.BK,2.0484509468078613,2.0667409896850586,2.030160903930664,2.0667409896850586,1.3852877616882324,149587547.0
2016-08-03,TTB.BK,2.0484509468078613,2.0667409896850586,2.030160903930664,2.0484509468078613,1.3730287551879883,116766203.0
2016-08-04,TTB.BK,2.0484509468078613,2.0667409896850586,2.030160903930664,2.0484509468078613,1.3730287551879883,118552122.0
2016-08-05,TTB.BK,2.0484509468078613,2.0667409896850586,2.030160903930664,2.0484509468078613,1.3730287551879883,82382562.0
2016-08-08,TTB.BK,2.0667409896850586,2.1033198833465576,2.0667409896850586,2.0667409896850586,1.3852877616882324,185252562.0
2016-08-09,TTB.BK,2.0850300788879395,2.1033198833465576,2.0484509468078613,2.0850300788879395,1.3975467681884766,257914376.0
2016-08-10,TTB.BK,2.0850300788879395,2.1033198833465576,2.0484509468078613,2.0850300788879395,1.3975467681884766,150747214.0
2016-08-11,TTB.BK,2.0667409896850586,2.0850300788879395,2.030160903930664,2.0484509468078613,1.3730287551879883,353773890.0
2016-08-15,TTB.BK,2.0484509468078613,2.121609926223755,2.030160903930664,2.0850300788879395,1.3975467681884766,506763126.0
2016-08-16,TTB.BK,2.1033198833465576,2.121609926223755,2.0850300788879395,2.1033198833465576,1.4098058938980103,509413792.0
2016-08-17,TTB.BK,2.121609926223755,2.121609926223755,2.0667409896850586,2.0667409896850586,1.3852877616882324,326720587.0
2016-08-18,TTB.BK,2.0667409896850586,2.1033198833465576,2.0667409896850586,2.0850300788879395,1.3975467681884766,259619266.0
2016-08-19,TTB.BK,2.0850300788879395,2.0850300788879395,2.0667409896850586,2.0850300788879395,1.3975467681884766,131799655.0
2016-08-22,TTB.BK,2.0850300788879395,2.0850300788879395,2.0667409896850586,2.0667409896850586,1.3852877616882324,71129917.0
2016-08-23,TTB.BK,2.0667409896850586,2.121609926223755,2.0484509468078613,2.1033198833465576,1.4098058938980103,381119270.0
2016-08-24,TTB.BK,2.1033198833465576,2.121609926223755,2.0850300788879395,2.1033198833465576,1.4098058938980103,162760613.0
2016-08-25,TTB.BK,2.1033198833465576,2.1033198833465576,2.0667409896850586,2.1033198833465576,1.4098058938980103,104190631.0
2016-08-26,TTB.BK,2.0850300788879395,2.1033198833465576,2.0667409896850586,2.0667409896850586,1.3852877616882324,137295413.0
2016-08-29,TTB.BK,2.0850300788879395,2.0850300788879395,2.0484509468078613,2.0667409896850586,1.3852877616882324,99565087.0
2016-08-30,TTB.BK,2.0850300788879395,2.0850300788879395,2.0484509468078613,2.0850300788879395,1.3975467681884766,118288914.0
2016-08-31,TTB.BK,2.0850300788879395,2.0850300788879395,2.0667409896850586,2.0667409896850586,1.3852877616882324,97022679.0
2016-09-01,TTB.BK,2.0667409896850586,2.0850300788879395,2.030160903930664,2.030160903930664,1.3607691526412964,178922785.0
2016-09-02,TTB.BK,2.0484509468078613,2.0484509468078613,2.011871099472046,2.030160903930664,1.3607691526412964,245510266.0
2016-09-05,TTB.BK,2.030160903930664,2.0484509468078613,1.9752919673919678,1.993582010269165,1.336251139640808,286420734.0
2016-09-06,TTB.BK,1.993582010269165,2.011871099472046,1.9752919673919678,1.993582010269165,1.336251139640808,198534322.0
2016-09-07,TTB.BK,2.011871099472046,2.030160903930664,1.993582010269165,1.993582010269165,1.336251139640808,109764465.0
2016-09-08,TTB.BK,2.011871099472046,2.011871099472046,1.95700204372406,1.9752919673919678,1.3239920139312744,244451312.0
2016-09-09,TTB.BK,1.9752919673919678,1.993582010269165,1.9387120008468628,1.95700204372406,1.311732530593872,165609751.0
2016-09-12,TTB.BK,1.9387120008468628,1.9387120008468628,1.883842945098877,1.883842945098877,1.2626957893371582,257851609.0
2016-09-13,TTB.BK,1.9021329879760742,1.9387120008468628,1.9021329879760742,1.9204230308532715,1.2872143983840942,178478602.0
2016-09-14,TTB.BK,1.9204230308532715,1.95700204372406,1.9204230308532715,1.95700204372406,1.311732530593872,54749261.0
2016-09-15,TTB.BK,1.9387120008468628,1.993582010269165,1.9387120008468628,1.9752919673919678,1.3239920139312744,151139346.0
2016-09-16,TTB.BK,1.9752919673919678,1.993582010269165,1.9387120008468628,1.95700204372406,1.311732530593872,219003061.0
2016-09-19,TTB.BK,1.95700204372406,1.993582010269165,1.95700204372406,1.993582010269165,1.336251139640808,135377617.0
2016-09-20,TTB.BK,1.9752919673919678,1.993582010269165,1.9387120008468628,1.9752919673919678,1.3239920139312744,94896898.0
2016-09-21,TTB.BK,1.9752919673919678,2.011871099472046,1.95700204372406,1.9752919673919678,1.3239920139312744,167245093.0
2016-09-22,TTB.BK,2.011871099472046,2.030160903930664,1.993582010269165,2.011871099472046,1.3485099077224731,184472781.0
2016-09-23,TTB.BK,1.993582010269165,2.011871099472046,1.9752919673919678,1.993582010269165,1.336251139640808,151663355.0
2016-09-26,TTB.BK,1.9752919673919678,1.993582010269165,1.95700204372406,1.993582010269165,1.336251139640808,78667584.0
2016-09-27,TTB.BK,1.9752919673919678,1.993582010269165,1.95700204372406,1.95700204372406,1.311732530593872,118461688.0
2016-09-28,TTB.BK,1.95700204372406,1.95700204372406,1.9204230308532715,1.9204230308532715,1.2872143983840942,209166401.0
2016-09-29,TTB.BK,1.9387120008468628,1.95700204372406,1.9387120008468628,1.9387120008468628,1.2994731664657593,137384643.0
2016-09-30,TTB.BK,1.9387120008468628,1.95700204372406,1.9204230308532715,1.9387120008468628,1.2994731664657593,109635212.0
2016-10-03,TTB.BK,1.9387120008468628,1.95700204372406,1.9204230308532715,1.9387120008468628,1.2994731664657593,159553788.0
2016-10-04,TTB.BK,1.9387120008468628,1.9387120008468628,1.9021329879760742,1.9387120008468628,1.2994731664657593,393129498.0
2016-10-05,TTB.BK,1.95700204372406,1.95700204372406,1.9387120008468628,1.95700204372406,1.311732530593872,179505626.0
2016-10-06,TTB.BK,1.9387120008468628,1.95700204372406,1.9387120008468628,1.9387120008468628,1.2994731664657593,68153932.0
2016-10-07,TTB.BK,1.9387120008468628,1.95700204372406,1.9204230308532715,1.9204230308532715,1.2872143983840942,66330178.0
2016-10-10,TTB.BK,1.883842945098877,1.9021329879760742,1.8655530214309692,1.883842945098877,1.2626957893371582,268327534.0
2016-10-11,TTB.BK,1.883842945098877,1.9021329879760742,1.8289740085601807,1.847264051437378,1.2381776571273804,195097752.0
2016-10-12,TTB.BK,1.847264051437378,1.8655530214309692,1.673511028289795,1.7741049528121948,1.1891409158706665,599732714.0
2016-10-13,TTB.BK,1.7649600505828857,1.8015389442443848,1.7100909948349,1.8015389442443848,1.2075295448303223,326662740.0
2016-10-14,TTB.BK,1.8655530214309692,1.883842945098877,1.819828987121582,1.847264051437378,1.2381776571273804,474285799.0
2016-10-17,TTB.BK,1.847264051437378,1.8655530214309692,1.8289740085601807,1.8655530214309692,1.2504363059997559,74465775.0
2016-10-18,TTB.BK,1.8655530214309692,1.8655530214309692,1.8289740085601807,1.8289740085601807,1.2259182929992676,65030433.0
2016-10-19,TTB.BK,1.847264051437378,1.8655530214309692,1.8289740085601807,1.847264051437378,1.2381776571273804,113093434.0
2016-10-20,TTB.BK,1.8655530214309692,1.9204230308532715,1.847264051437378,1.9021329879760742,1.2749550342559814,358192213.0
2016-10-21,TTB.BK,1.9021329879760742,1.9204230308532715,1.883842945098877,1.9204230308532715,1.2872143983840942,151315729.0
2016-10-25,TTB.BK,1.9204230308532715,1.9204230308532715,1.9021329879760742,1.9204230308532715,1.2872143983840942,61266903.0
2016-10-26,TTB.BK,1.9021329879760742,1.9204230308532715,1.8655530214309692,1.883842945098877,1.2626957893371582,110930364.0
2016-10-27,TTB.BK,1.883842945098877,1.9021329879760742,1.8655530214309692,1.883842945098877,1.2626957893371582,88306209.0
2016-10-28,TTB.BK,1.883842945098877,1.9021329879760742,1.8655530214309692,1.8655530214309692,1.2504363059997559,62159206.0
2016-10-31,TTB.BK,1.8655530214309692,1.9204230308532715,1.8655530214309692,1.9204230308532715,1.2872143983840942,153401816.0
2016-11-01,TTB.BK,1.9387120008468628,1.9752919673919678,1.9204230308532715,1.9387120008468628,1.2994731664657593,334119487.0
2016-11-02,TTB.BK,1.9387120008468628,1.9752919673919678,1.9204230308532715,1.9387120008468628,1.2994731664657593,142771706.0
2016-11-03,TTB.BK,1.9387120008468628,1.95700204372406,1.9204230308532715,1.9204230308532715,1.2872143983840942,96147325.0
2016-11-04,TTB.BK,1.9204230308532715,1.9387120008468628,1.883842945098877,1.9021329879760742,1.2749550342559814,160844020.0
2016-11-07,TTB.BK,1.9204230308532715,1.9387120008468628,1.9021329879760742,1.9021329879760742,1.2749550342559814,100439348.0
2016-11-08,TTB.BK,1.9204230308532715,1.9387120008468628,1.9021329879760742,1.9204230308532715,1.2872143983840942,121900446.0
2016-11-09,TTB.BK,1.9021329879760742,1.9204230308532715,1.847264051437378,1.9021329879760742,1.2749550342559814,433192059.0
2016-11-10,TTB.BK,1.9204230308532715,1.9204230308532715,1.9021329879760742,1.9021329879760742,1.2749550342559814,98428057.0
2016-11-11,TTB.BK,1.9021329879760742,1.9021329879760742,1.883842945098877,1.883842945098877,1.2626957893371582,70919963.0
2016-11-14,TTB.BK,1.883842945098877,1.883842945098877,1.847264051437378,1.8655530214309692,1.2504363059997559,83240420.0
2016-11-15,TTB.BK,1.8655530214309692,1.883842945098877,1.8289740085601807,1.8655530214309692,1.2504363059997559,164092944.0
2016-11-16,TTB.BK,1.8655530214309692,1.8655530214309692,1.847264051437378,1.847264051437378,1.2381776571273804,36106573.0
2016-11-17,TTB.BK,1.847264051437378,1.883842945098877,1.8289740085601807,1.847264051437378,1.2381776571273804,130867876.0
2016-11-18,TTB.BK,1.847264051437378,1.8655530214309692,1.8289740085601807,1.847264051437378,1.2381776571273804,83868203.0
2016-11-21,TTB.BK,1.847264051437378,1.8655530214309692,1.8289740085601807,1.847264051437378,1.2381776571273804,46894914.0
2016-11-22,TTB.BK,1.8655530214309692,1.8655530214309692,1.847264051437378,1.8655530214309692,1.2504363059997559,33471326.0
2016-11-23,TTB.BK,1.8655530214309692,1.8655530214309692,1.847264051437378,1.847264051437378,1.2381776571273804,37152733.0
2016-11-24,TTB.BK,1.8655530214309692,1.8655530214309692,1.847264051437378,1.847264051437378,1.2381776571273804,78246364.0
2016-11-25,TTB.BK,1.847264051437378,1.8655530214309692,1.847264051437378,1.847264051437378,1.2381776571273804,98587490.0
2016-11-28,TTB.BK,1.847264051437378,1.8655530214309692,1.8289740085601807,1.847264051437378,1.2381776571273804,112967243.0
2016-11-29,TTB.BK,1.847264051437378,1.8655530214309692,1.8289740085601807,1.8289740085601807,1.2259182929992676,72949735.0
2016-11-30,TTB.BK,1.8289740085601807,1.8655530214309692,1.8289740085601807,1.847264051437378,1.2381776571273804,167272759.0
2016-12-01,TTB.BK,1.8655530214309692,1.883842945098877,1.847264051437378,1.847264051437378,1.2381776571273804,143717919.0
2016-12-02,TTB.BK,1.8655530214309692,1.8655530214309692,1.8289740085601807,1.847264051437378,1.2381776571273804,73249903.0
2016-12-06,TTB.BK,1.847264051437378,1.8655530214309692,1.8289740085601807,1.8655530214309692,1.2504363059997559,111676465.0
2016-12-07,TTB.BK,1.8655530214309692,1.883842945098877,1.847264051437378,1.883842945098877,1.2626957893371582,204815985.0
2016-12-08,TTB.BK,1.883842945098877,1.9387120008468628,1.8655530214309692,1.9387120008468628,1.2994731664657593,334787075.0
2016-12-09,TTB.BK,1.9387120008468628,1.9387120008468628,1.9021329879760742,1.9204230308532715,1.2872143983840942,126972906.0
2016-12-13,TTB.BK,1.9204230308532715,1.9387120008468628,1.9021329879760742,1.9204230308532715,1.2872143983840942,108299053.0
2016-12-14,TTB.BK,1.9387120008468628,1.9387120008468628,1.9021329879760742,1.9204230308532715,1.2872143983840942,61297084.0
2016-12-15,TTB.BK,1.9204230308532715,1.9387120008468628,1.9021329879760742,1.9387120008468628,1.2994731664657593,76178648.0
2016-12-16,TTB.BK,1.9387120008468628,1.9387120008468628,1.9204230308532715,1.9204230308532715,1.2872143983840942,43027282.0
2016-12-19,TTB.BK,1.9204230308532715,1.9387120008468628,1.9204230308532715,1.9204230308532715,1.2872143983840942,84183243.0
2016-12-20,TTB.BK,1.9204230308532715,1.9204230308532715,1.9021329879760742,1.9021329879760742,1.2749550342559814,71376941.0
2016-12-21,TTB.BK,1.9204230308532715,1.9204230308532715,1.9021329879760742,1.9204230308532715,1.2872143983840942,41000791.0
2016-12-22,TTB.BK,1.9021329879760742,1.9204230308532715,1.883842945098877,1.9021329879760742,1.2749550342559814,66283594.0
2016-12-23,TTB.BK,1.9021329879760742,1.9387120008468628,1.883842945098877,1.9021329879760742,1.2749550342559814,113548224.0
2016-12-26,TTB.BK,1.9204230308532715,1.9204230308532715,1.883842945098877,1.9021329879760742,1.2749550342559814,35800609.0
2016-12-27,TTB.BK,1.9021329879760742,1.9204230308532715,1.883842945098877,1.9021329879760742,1.2749550342559814,39964145.0
2016-12-28,TTB.BK,1.9021329879760742,1.9204230308532715,1.9021329879760742,1.9204230308532715,1.2872143983840942,20380492.0
2016-12-29,TTB.BK,1.9204230308532715,1.95700204372406,1.9021329879760742,1.9387120008468628,1.2994731664657593,109662112.0
2016-12-30,TTB.BK,1.9387120008468628,1.95700204372406,1.9204230308532715,1.9204230308532715,1.2872143983840942,53717973.0
2017-01-04,TTB.BK,1.9387120008468628,1.993582010269165,1.9387120008468628,1.9752919673919678,1.3239920139312744,322505328.0
2017-01-05,TTB.BK,1.9752919673919678,2.030160903930664,1.9752919673919678,2.030160903930664,1.3607691526412964,357454423.0
2017-01-06,TTB.BK,2.030160903930664,2.0850300788879395,2.011871099472046,2.0667409896850586,1.3852877616882324,415997395.0
2017-01-09,TTB.BK,2.0667409896850586,2.0850300788879395,2.0484509468078613,2.0850300788879395,1.3975467681884766,203987542.0
2017-01-10,TTB.BK,2.0850300788879395,2.121609926223755,2.0667409896850586,2.0850300788879395,1.3975467681884766,349636818.0
2017-01-11,TTB.BK,2.1033198833465576,2.121609926223755,2.0667409896850586,2.0850300788879395,1.3975467681884766,262333793.0
2017-01-12,TTB.BK,2.1033198833465576,2.121609926223755,2.0667409896850586,2.0667409896850586,1.3852877616882324,113689178.0
2017-01-16,TTB.BK,2.0484509468078613,2.0667409896850586,1.993582010269165,2.0484509468078613,1.3730287551879883,334056173.0
2017-01-17,TTB.BK,2.0484509468078613,2.1033198833465576,2.030160903930664,2.0484509468078613,1.3730287551879883,243166220.0
2017-01-18,TTB.BK,2.0850300788879395,2.121609926223755,2.0667409896850586,2.1033198833465576,1.4098058938980103,459656617.0
2017-01-19,TTB.BK,2.0850300788879395,2.1033198833465576,2.0484509468078613,2.0667409896850586,1.3852877616882324,274285737.0
2017-01-20,TTB.BK,2.0667409896850586,2.0850300788879395,2.0484509468078613,2.0850300788879395,1.3975467681884766,124573420.0
2017-01-23,TTB.BK,2.0850300788879395,2.1033198833465576,2.0484509468078613,2.0484509468078613,1.3730287551879883,97289714.0
2017-01-24,TTB.BK,2.0484509468078613,2.1033198833465576,2.0484509468078613,2.0850300788879395,1.3975467681884766,152881962.0
2017-01-25,TTB.BK,2.0850300788879395,2.139899969100952,2.0667409896850586,2.139899969100952,1.4343245029449463,451491167.0
2017-01-26,TTB.BK,2.139899969100952,2.158189058303833,2.1033198833465576,2.139899969100952,1.4343245029449463,290370817.0
2017-01-27,TTB.BK,2.121609926223755,2.139899969100952,2.1033198833465576,2.121609926223755,1.4220654964447021,132317978.0
2017-01-30,TTB.BK,2.1033198833465576,2.139899969100952,2.0850300788879395,2.121609926223755,1.4220654964447021,74830023.0
2017-01-31,TTB.BK,2.1033198833465576,2.139899969100952,2.0850300788879395,2.139899969100952,1.4343245029449463,138548027.0
2017-02-01,TTB.BK,2.121609926223755,2.1947689056396484,2.121609926223755,2.1764791011810303,1.4588428735733032,307287073.0
2017-02-02,TTB.BK,2.1764791011810303,2.2130589485168457,2.158189058303833,2.1764791011810303,1.4588428735733032,221488388.0
2017-02-03,TTB.BK,2.158189058303833,2.2313480377197266,2.158189058303833,2.2130589485168457,1.4833616018295288,289655443.0
2017-02-06,TTB.BK,2.2130589485168457,2.267927885055542,2.2130589485168457,2.2313480377197266,1.4956202507019043,329187981.0
2017-02-07,TTB.BK,2.2313480377197266,2.249638080596924,2.2130589485168457,2.2313480377197266,1.4956202507019043,144337392.0
2017-02-08,TTB.BK,2.2313480377197266,2.249638080596924,2.2130589485168457,2.2313480377197266,1.4956202507019043,126121172.0
2017-02-09,TTB.BK,2.2313480377197266,2.267927885055542,2.2313480377197266,2.267927885055542,1.5201388597488403,139127915.0
2017-02-10,TTB.BK,2.267927885055542,2.2862179279327393,2.249638080596924,2.249638080596924,1.5078794956207275,122578312.0
2017-02-14,TTB.BK,2.249638080596924,2.267927885055542,2.2130589485168457,2.2130589485168457,1.4833616018295288,155148806.0
2017-02-15,TTB.BK,2.2130589485168457,2.267927885055542,2.2130589485168457,2.2313480377197266,1.4956202507019043,302527356.0
2017-02-16,TTB.BK,2.249638080596924,2.249638080596924,2.2313480377197266,2.249638080596924,1.5078794956207275,47586340.0
2017-02-17,TTB.BK,2.249638080596924,2.267927885055542,2.2313480377197266,2.249638080596924,1.5078794956207275,128163410.0
2017-02-20,TTB.BK,2.267927885055542,2.30450701713562,2.267927885055542,2.2862179279327393,1.5323983430862427,280105720.0
2017-02-21,TTB.BK,2.2862179279327393,2.3227970600128174,2.267927885055542,2.2862179279327393,1.5323983430862427,277362652.0
2017-02-22,TTB.BK,2.30450701713562,2.30450701713562,2.267927885055542,2.2862179279327393,1.5323983430862427,164002183.0
2017-02-23,TTB.BK,2.30450701713562,2.30450701713562,2.1764791011810303,2.1764791011810303,1.4588428735733032,232917088.0
2017-02-24,TTB.BK,2.1947689056396484,2.2313480377197266,2.1764791011810303,2.2130589485168457,1.4833616018295288,113670807.0
2017-02-27,TTB.BK,2.2130589485168457,2.249638080596924,2.2130589485168457,2.2130589485168457,1.4833616018295288,31158117.0
2017-02-28,TTB.BK,2.2313480377197266,2.249638080596924,2.2130589485168457,2.2313480377197266,1.4956202507019043,59625437.0
2017-03-01,TTB.BK,2.249638080596924,2.267927885055542,2.2313480377197266,2.249638080596924,1.5078794956207275,51510834.0
2017-03-02,TTB.BK,2.267927885055542,2.30450701713562,2.249638080596924,2.2862179279327393,1.5323983430862427,143415673.0
2017-03-03,TTB.BK,2.267927885055542,2.267927885055542,2.2313480377197266,2.2313480377197266,1.4956202507019043,62138539.0
2017-03-06,TTB.BK,2.2313480377197266,2.249638080596924,2.1947689056396484,2.2130589485168457,1.4833616018295288,52725504.0
2017-03-07,TTB.BK,2.2130589485168457,2.2313480377197266,2.1947689056396484,2.2313480377197266,1.4956202507019043,65308184.0
2017-03-08,TTB.BK,2.2130589485168457,2.2313480377197266,2.1764791011810303,2.2130589485168457,1.4833616018295288,174574228.0
2017-03-09,TTB.BK,2.2130589485168457,2.2313480377197266,2.1947689056396484,2.2313480377197266,1.4956202507019043,59849715.0
2017-03-10,TTB.BK,2.2130589485168457,2.2313480377197266,2.1947689056396484,2.1947689056396484,1.4711021184921265,70859820.0
2017-03-13,TTB.BK,2.1947689056396484,2.1947689056396484,2.1033198833465576,2.121609926223755,1.4220654964447021,113681523.0
2017-03-14,TTB.BK,2.121609926223755,2.1947689056396484,2.1033198833465576,2.158189058303833,1.4465831518173218,166352134.0
2017-03-15,TTB.BK,2.1764791011810303,2.2130589485168457,2.158189058303833,2.2130589485168457,1.4833616018295288,91410463.0
2017-03-16,TTB.BK,2.2313480377197266,2.267927885055542,2.2130589485168457,2.2313480377197266,1.4956202507019043,117286057.0
2017-03-17,TTB.BK,2.249638080596924,2.249638080596924,2.1947689056396484,2.1947689056396484,1.4711021184921265,81450783.0
2017-03-20,TTB.BK,2.1764791011810303,2.2313480377197266,2.158189058303833,2.2313480377197266,1.4956202507019043,57275814.0
2017-03-21,TTB.BK,2.2130589485168457,2.2313480377197266,2.1764791011810303,2.2130589485168457,1.4833616018295288,68418343.0
2017-03-22,TTB.BK,2.1764791011810303,2.2130589485168457,2.1764791011810303,2.1764791011810303,1.4588428735733032,64392261.0
2017-03-23,TTB.BK,2.1947689056396484,2.2130589485168457,2.1764791011810303,2.1947689056396484,1.4711021184921265,53936565.0
2017-03-24,TTB.BK,2.1764791011810303,2.2130589485168457,2.1764791011810303,2.1947689056396484,1.4711021184921265,35810123.0
2017-03-27,TTB.BK,2.1947689056396484,2.2130589485168457,2.1764791011810303,2.1764791011810303,1.4588428735733032,41362415.0
2017-03-28,TTB.BK,2.1764791011810303,2.2130589485168457,2.158189058303833,2.158189058303833,1.4465831518173218,74586499.0
2017-03-29,TTB.BK,2.158189058303833,2.1947689056396484,2.158189058303833,2.1764791011810303,1.4588428735733032,43516737.0
2017-03-30,TTB.BK,2.1764791011810303,2.2130589485168457,2.158189058303833,2.2130589485168457,1.4833616018295288,88645416.0
2017-03-31,TTB.BK,2.2130589485168457,2.249638080596924,2.1764791011810303,2.2313480377197266,1.4956202507019043,134056002.0
2017-04-03,TTB.BK,2.2313480377197266,2.2313480377197266,2.1947689056396484,2.1947689056396484,1.4711021184921265,54432034.0
2017-04-04,TTB.BK,2.1947689056396484,2.2313480377197266,2.1947689056396484,2.2313480377197266,1.4956202507019043,34073631.0
2017-04-05,TTB.BK,2.2313480377197266,2.2313480377197266,2.2130589485168457,2.2313480377197266,1.4956202507019043,26994691.0
2017-04-07,TTB.BK,2.2130589485168457,2.2313480377197266,2.1947689056396484,2.1947689056396484,1.4711021184921265,59170100.0
2017-04-10,TTB.BK,2.1947689056396484,2.2313480377197266,2.1947689056396484,2.2313480377197266,1.4956202507019043,63341836.0
2017-04-11,TTB.BK,2.2313480377197266,2.249638080596924,2.2130589485168457,2.2130589485168457,1.4833616018295288,102206349.0
2017-04-12,TTB.BK,2.2313480377197266,2.2862179279327393,2.2130589485168457,2.267927885055542,1.5201388597488403,188620132.0
2017-04-17,TTB.BK,2.2130589485168457,2.2313480377197266,2.1947689056396484,2.2313480377197266,1.5327016115188599,96199704.0
2017-04-18,TTB.BK,2.2130589485168457,2.2130589485168457,2.1033198833465576,2.121609926223755,1.4573231935501099,430989951.0
2017-04-19,TTB.BK,2.1033198833465576,2.121609926223755,1.993582010269165,1.993582010269165,1.3693811893463135,584470609.0
2017-04-20,TTB.BK,2.011871099472046,2.1033198833465576,2.011871099472046,2.0850300788879395,1.4321966171264648,359650298.0
2017-04-21,TTB.BK,2.0850300788879395,2.0850300788879395,2.0484509468078613,2.0484509468078613,1.4070706367492676,60422495.0
2017-04-24,TTB.BK,2.0667409896850586,2.0850300788879395,2.0484509468078613,2.0667409896850586,1.4196336269378662,46312621.0
2017-04-25,TTB.BK,2.0667409896850586,2.0850300788879395,2.0484509468078613,2.0484509468078613,1.4070706367492676,100741594.0
2017-04-26,TTB.BK,2.0667409896850586,2.0850300788879395,2.0484509468078613,2.0667409896850586,1.4196336269378662,108936241.0
2017-04-27,TTB.BK,2.0667409896850586,2.0667409896850586,2.0484509468078613,2.0484509468078613,1.4070706367492676,66167136.0
2017-04-28,TTB.BK,2.0667409896850586,2.0850300788879395,2.0484509468078613,2.0850300788879395,1.4321966171264648,123448636.0
2017-05-02,TTB.BK,2.0850300788879395,2.1033198833465576,2.0667409896850586,2.1033198833465576,1.4447596073150635,108992775.0
2017-05-03,TTB.BK,2.0850300788879395,2.1033198833465576,2.0667409896850586,2.0667409896850586,1.4196336269378662,79516256.0
2017-05-04,TTB.BK,2.0667409896850586,2.0850300788879395,2.0667409896850586,2.0850300788879395,1.4321966171264648,47028541.0
2017-05-08,TTB.BK,2.0850300788879395,2.0850300788879395,2.0667409896850586,2.0667409896850586,1.4196336269378662,19185943.0
2017-05-09,TTB.BK,2.0667409896850586,2.0850300788879395,2.0484509468078613,2.0484509468078613,1.4070706367492676,43570319.0
2017-05-11,TTB.BK,2.0484509468078613,2.0667409896850586,2.030160903930664,2.030160903930664,1.3945071697235107,80156834.0
2017-05-12,TTB.BK,2.030160903930664,2.030160903930664,1.993582010269165,2.011871099472046,1.381943941116333,165385362.0
2017-05-15,TTB.BK,1.993582010269165,1.993582010269165,1.993582010269165,1.993582010269165,1.3693811893463135,6709880.0
2017-05-16,TTB.BK,1.993582010269165,2.011871099472046,1.9387120008468628,1.9752919673919678,1.3568180799484253,247133034.0
2017-05-17,TTB.BK,1.9752919673919678,2.030160903930664,1.95700204372406,1.9752919673919678,1.3568180799484253,189291000.0
2017-05-18,TTB.BK,1.9752919673919678,1.993582010269165,1.9752919673919678,1.9752919673919678,1.3568180799484253,46369483.0
2017-05-19,TTB.BK,1.993582010269165,2.011871099472046,1.9752919673919678,2.011871099472046,1.381943941116333,35856816.0
2017-05-22,TTB.BK,2.011871099472046,2.030160903930664,1.993582010269165,2.030160903930664,1.3945071697235107,83551195.0
2017-05-23,TTB.BK,2.011871099472046,2.030160903930664,2.011871099472046,2.011871099472046,1.381943941116333,45203693.0
2017-05-24,TTB.BK,2.011871099472046,2.030160903930664,2.011871099472046,2.030160903930664,1.3945071697235107,47975301.0
2017-05-25,TTB.BK,2.030160903930664,2.0484509468078613,2.011871099472046,2.030160903930664,1.3945071697235107,75069392.0
2017-05-26,TTB.BK,2.030160903930664,2.0484509468078613,2.011871099472046,2.011871099472046,1.381943941116333,51407826.0
2017-05-29,TTB.BK,2.011871099472046,2.030160903930664,1.993582010269165,1.993582010269165,1.3693811893463135,52875206.0
2017-05-30,TTB.BK,2.011871099472046,2.011871099472046,1.993582010269165,1.993582010269165,1.3693811893463135,38756692.0
2017-05-31,TTB.BK,2.011871099472046,2.011871099472046,1.9752919673919678,1.9752919673919678,1.3568180799484253,110524344.0
2017-06-01,TTB.BK,1.993582010269165,1.993582010269165,1.95700204372406,1.9752919673919678,1.3568180799484253,188185134.0
2017-06-02,TTB.BK,1.9752919673919678,1.993582010269165,1.95700204372406,1.9752919673919678,1.3568180799484253,134504012.0
2017-06-05,TTB.BK,1.95700204372406,1.9752919673919678,1.9387120008468628,1.95700204372406,1.344254732131958,207061177.0
2017-06-06,TTB.BK,1.95700204372406,1.9752919673919678,1.9387120008468628,1.95700204372406,1.344254732131958,150793906.0
2017-06-07,TTB.BK,1.95700204372406,1.993582010269165,1.95700204372406,1.9752919673919678,1.3568180799484253,72280179.0
2017-06-08,TTB.BK,1.9752919673919678,2.011871099472046,1.9752919673919678,1.993582010269165,1.3693811893463135,95412815.0
2017-06-09,TTB.BK,1.993582010269165,1.993582010269165,1.95700204372406,1.9752919673919678,1.3568180799484253,75859671.0
2017-06-12,TTB.BK,1.993582010269165,1.993582010269165,1.95700204372406,1.9752919673919678,1.3568180799484253,33762637.0
2017-06-13,TTB.BK,1.9752919673919678,1.993582010269165,1.95700204372406,1.9752919673919678,1.3568180799484253,57431967.0
2017-06-14,TTB.BK,1.9752919673919678,1.993582010269165,1.95700204372406,1.9752919673919678,1.3568180799484253,48625174.0
2017-06-15,TTB.BK,1.9752919673919678,1.993582010269165,1.95700204372406,1.993582010269165,1.3693811893463135,65186149.0
2017-06-16,TTB.BK,1.9752919673919678,1.993582010269165,1.95700204372406,1.95700204372406,1.344254732131958,53980853.0
2017-06-19,TTB.BK,1.9752919673919678,1.993582010269165,1.95700204372406,1.993582010269165,1.3693811893463135,117500385.0
2017-06-20,TTB.BK,1.993582010269165,2.011871099472046,1.9752919673919678,1.993582010269165,1.3693811893463135,135820488.0
2017-06-21,TTB.BK,1.993582010269165,2.0484509468078613,1.993582010269165,2.030160903930664,1.3945071697235107,237630222.0
2017-06-22,TTB.BK,2.0484509468078613,2.121609926223755,2.030160903930664,2.1033198833465576,1.4447596073150635,555240676.0
2017-06-23,TTB.BK,2.1033198833465576,2.121609926223755,2.0667409896850586,2.1033198833465576,1.4447596073150635,233260450.0
2017-06-26,TTB.BK,2.121609926223755,2.121609926223755,2.0850300788879395,2.1033198833465576,1.4447596073150635,79453707.0
2017-06-27,TTB.BK,2.1033198833465576,2.121609926223755,2.0850300788879395,2.1033198833465576,1.4447596073150635,45883637.0
2017-06-28,TTB.BK,2.0850300788879395,2.1033198833465576,2.0667409896850586,2.0850300788879395,1.4321966171264648,66785406.0
2017-06-29,TTB.BK,2.0850300788879395,2.139899969100952,2.0667409896850586,2.1033198833465576,1.4447596073150635,193495324.0
2017-06-30,TTB.BK,2.1033198833465576,2.121609926223755,2.0667409896850586,2.1033198833465576,1.4447596073150635,126533425.0
2017-07-03,TTB.BK,2.1033198833465576,2.1033198833465576,2.0667409896850586,2.0850300788879395,1.4321966171264648,53404464.0
2017-07-04,TTB.BK,2.0850300788879395,2.0850300788879395,2.0484509468078613,2.0667409896850586,1.4196336269378662,103965149.0
2017-07-05,TTB.BK,2.0667409896850586,2.0850300788879395,2.0484509468078613,2.0667409896850586,1.4196336269378662,48380774.0
2017-07-06,TTB.BK,2.0484509468078613,2.0667409896850586,2.030160903930664,2.0667409896850586,1.4196336269378662,83776130.0
2017-07-07,TTB.BK,2.0667409896850586,2.0667409896850586,2.030160903930664,2.0667409896850586,1.4196336269378662,22296211.0
2017-07-11,TTB.BK,2.0667409896850586,2.139899969100952,2.0667409896850586,2.121609926223755,1.4573231935501099,229279531.0
2017-07-12,TTB.BK,2.121609926223755,2.1764791011810303,2.1033198833465576,2.158189058303833,1.4824488162994385,280180625.0
2017-07-13,TTB.BK,2.158189058303833,2.1947689056396484,2.0850300788879395,2.0850300788879395,1.4321966171264648,219941073.0
2017-07-14,TTB.BK,2.0850300788879395,2.121609926223755,2.0667409896850586,2.121609926223755,1.4573231935501099,109704868.0
2017-07-17,TTB.BK,2.139899969100952,2.158189058303833,2.1033198833465576,2.139899969100952,1.4698861837387085,204118654.0
2017-07-18,TTB.BK,2.158189058303833,2.1764791011810303,2.0850300788879395,2.0850300788879395,1.4321966171264648,251602533.0
2017-07-19,TTB.BK,2.1033198833465576,2.139899969100952,2.0850300788879395,2.121609926223755,1.4573231935501099,72564491.0
2017-07-20,TTB.BK,2.121609926223755,2.139899969100952,2.1033198833465576,2.1033198833465576,1.4447596073150635,119390843.0
2017-07-21,TTB.BK,2.121609926223755,2.1764791011810303,2.121609926223755,2.1764791011810303,1.4950124025344849,328703884.0
2017-07-24,TTB.BK,2.1764791011810303,2.1947689056396484,2.158189058303833,2.1764791011810303,1.4950124025344849,150397181.0
2017-07-25,TTB.BK,2.1764791011810303,2.249638080596924,2.1764791011810303,2.1947689056396484,1.5075756311416626,440768436.0
2017-07-26,TTB.BK,2.1947689056396484,2.2130589485168457,2.158189058303833,2.2130589485168457,1.5201389789581299,147899607.0
2017-07-27,TTB.BK,2.2130589485168457,2.2313480377197266,2.1764791011810303,2.2130589485168457,1.5201389789581299,62857849.0
2017-07-31,TTB.BK,2.1947689056396484,2.2130589485168457,2.121609926223755,2.158189058303833,1.4824488162994385,148835869.0
2017-08-01,TTB.BK,2.158189058303833,2.158189058303833,2.121609926223755,2.139899969100952,1.4698861837387085,166152568.0
2017-08-02,TTB.BK,2.139899969100952,2.1764791011810303,2.139899969100952,2.1764791011810303,1.4950124025344849,69661334.0
2017-08-03,TTB.BK,2.1764791011810303,2.1764791011810303,2.158189058303833,2.1764791011810303,1.4950124025344849,39843203.0
2017-08-04,TTB.BK,2.1764791011810303,2.1947689056396484,2.1033198833465576,2.121609926223755,1.4573231935501099,135881177.0
2017-08-07,TTB.BK,2.139899969100952,2.139899969100952,2.0850300788879395,2.139899969100952,1.4698861837387085,128106547.0
2017-08-08,TTB.BK,2.1764791011810303,2.1947689056396484,2.139899969100952,2.1764791011810303,1.4950124025344849,124082325.0
2017-08-09,TTB.BK,2.158189058303833,2.1764791011810303,2.139899969100952,2.1764791011810303,1.4950124025344849,40552234.0
2017-08-10,TTB.BK,2.158189058303833,2.1764791011810303,2.121609926223755,2.139899969100952,1.4698861837387085,65368327.0
2017-08-11,TTB.BK,2.139899969100952,2.139899969100952,2.0850300788879395,2.121609926223755,1.4573231935501099,108200091.0
2017-08-15,TTB.BK,2.139899969100952,2.139899969100952,2.1033198833465576,2.121609926223755,1.4573231935501099,60490184.0
2017-08-16,TTB.BK,2.121609926223755,2.139899969100952,2.0850300788879395,2.121609926223755,1.4573231935501099,95007451.0
2017-08-17,TTB.BK,2.121609926223755,2.139899969100952,2.0850300788879395,2.1033198833465576,1.4447596073150635,106698593.0
2017-08-18,TTB.BK,2.1033198833465576,2.121609926223755,2.0850300788879395,2.0850300788879395,1.4321966171264648,65796327.0
2017-08-21,TTB.BK,2.0850300788879395,2.121609926223755,2.0850300788879395,2.1033198833465576,1.4447596073150635,38667024.0
2017-08-22,TTB.BK,2.1033198833465576,2.158189058303833,2.1033198833465576,2.139899969100952,1.4698861837387085,75593949.0
2017-08-23,TTB.BK,2.139899969100952,2.158189058303833,2.1033198833465576,2.121609926223755,1.4573231935501099,74275833.0
2017-08-24,TTB.BK,2.139899969100952,2.139899969100952,2.0850300788879395,2.1033198833465576,1.4447596073150635,113433953.0
2017-08-25,TTB.BK,2.1033198833465576,2.1764791011810303,2.1033198833465576,2.1764791011810303,1.4950124025344849,137260639.0
2017-08-28,TTB.BK,2.1764791011810303,2.1764791011810303,2.1764791011810303,2.1764791011810303,1.4950124025344849,15762057.0
2017-08-29,TTB.BK,2.1764791011810303,2.2130589485168457,2.139899969100952,2.1947689056396484,1.5075756311416626,302394276.0
2017-08-30,TTB.BK,2.1947689056396484,2.2130589485168457,2.158189058303833,2.1764791011810303,1.4950124025344849,218617927.0
2017-08-31,TTB.BK,2.1947689056396484,2.1947689056396484,2.139899969100952,2.158189058303833,1.4824488162994385,193582586.0
2017-09-01,TTB.BK,2.158189058303833,2.1764791011810303,2.139899969100952,2.158189058303833,1.4824488162994385,55169716.0
2017-09-04,TTB.BK,2.158189058303833,2.158189058303833,2.121609926223755,2.158189058303833,1.4824488162994385,89367679.0
2017-09-05,TTB.BK,2.139899969100952,2.158189058303833,2.121609926223755,2.139899969100952,1.4698861837387085,64648361.0
2017-09-06,TTB.BK,2.139899969100952,2.139899969100952,2.1033198833465576,2.139899969100952,1.4698861837387085,168211427.0
2017-09-07,TTB.BK,2.139899969100952,2.1947689056396484,2.121609926223755,2.1764791011810303,1.4950124025344849,208620849.0
2017-09-08,TTB.BK,2.1947689056396484,2.1947689056396484,2.158189058303833,2.158189058303833,1.4824488162994385,165461252.0
2017-09-11,TTB.BK,2.1764791011810303,2.1764791011810303,2.121609926223755,2.139899969100952,1.4698861837387085,126705434.0
2017-09-12,TTB.BK,2.158189058303833,2.1764791011810303,2.139899969100952,2.158189058303833,1.4824488162994385,152256912.0
2017-09-13,TTB.BK,2.1764791011810303,2.2130589485168457,2.1764791011810303,2.1764791011810303,1.4950124025344849,421584242.0
2017-09-14,TTB.BK,2.1764791011810303,2.249638080596924,2.158189058303833,2.2313480377197266,1.5327016115188599,316437994.0
2017-09-15,TTB.BK,2.2313480377197266,2.2862179279327393,2.2130589485168457,2.267927885055542,1.5578280687332153,390274893.0
2017-09-18,TTB.BK,2.267927885055542,2.3227970600128174,2.2313480377197266,2.2862179279327393,1.5703915357589722,454258510.0
2017-09-19,TTB.BK,2.2862179279327393,2.30450701713562,2.2313480377197266,2.249638080596924,1.5452648401260376,260724804.0
2017-09-20,TTB.BK,2.249638080596924,2.2862179279327393,2.2130589485168457,2.2862179279327393,1.5703915357589722,171291623.0
2017-09-21,TTB.BK,2.267927885055542,2.267927885055542,2.2130589485168457,2.249638080596924,1.5452648401260376,143564500.0
2017-09-22,TTB.BK,2.2313480377197266,2.249638080596924,2.2130589485168457,2.2313480377197266,1.5327016115188599,176981697.0
2017-09-25,TTB.BK,2.2313480377197266,2.267927885055542,2.2130589485168457,2.267927885055542,1.5578280687332153,81762980.0
2017-09-26,TTB.BK,2.249638080596924,2.267927885055542,2.2313480377197266,2.249638080596924,1.5452648401260376,104016981.0
2017-09-27,TTB.BK,2.249638080596924,2.30450701713562,2.2313480377197266,2.2862179279327393,1.5703915357589722,246216454.0
2017-09-28,TTB.BK,2.2862179279327393,2.2862179279327393,2.249638080596924,2.2862179279327393,1.5703915357589722,142191599.0
2017-09-29,TTB.BK,2.267927885055542,2.30450701713562,2.249638080596924,2.30450701713562,1.5829541683197021,125445712.0
2017-10-02,TTB.BK,2.30450701713562,2.3227970600128174,2.249638080596924,2.2862179279327393,1.5703915357589722,261846963.0
2017-10-03,TTB.BK,2.30450701713562,2.30450701713562,2.249638080596924,2.267927885055542,1.5578280687332153,138309424.0
2017-10-04,TTB.BK,2.267927885055542,2.30450701713562,2.249638080596924,2.30450701713562,1.5829541683197021,207694757.0
2017-10-05,TTB.BK,2.30450701713562,2.3227970600128174,2.2862179279327393,2.2862179279327393,1.5703915357589722,99610031.0
2017-10-06,TTB.BK,2.30450701713562,2.3227970600128174,2.2862179279327393,2.30450701713562,1.5829541683197021,92510095.0
2017-10-09,TTB.BK,2.30450701713562,2.3227970600128174,2.2862179279327393,2.2862179279327393,1.5703915357589722,71870222.0
2017-10-10,TTB.BK,2.2862179279327393,2.3410871028900146,2.267927885055542,2.3410871028900146,1.6080806255340576,415149707.0
2017-10-11,TTB.BK,2.3410871028900146,2.3776659965515137,2.3227970600128174,2.3410871028900146,1.6080806255340576,268114409.0
2017-10-12,TTB.BK,2.359376907348633,2.3776659965515137,2.3410871028900146,2.359376907348633,1.6206438541412354,232026863.0
2017-10-16,TTB.BK,2.395956039428711,2.395956039428711,2.395956039428711,2.395956039428711,1.6457700729370117,17324572.0
2017-10-17,TTB.BK,2.395956039428711,2.43253493309021,2.2862179279327393,2.30450701713562,1.5829541683197021,549795220.0
2017-10-18,TTB.BK,2.30450701713562,2.359376907348633,2.267927885055542,2.359376907348633,1.6206438541412354,361345784.0
2017-10-19,TTB.BK,2.3410871028900146,2.3776659965515137,2.30450701713562,2.30450701713562,1.5829541683197021,198563628.0
2017-10-20,TTB.BK,2.30450701713562,2.359376907348633,2.30450701713562,2.359376907348633,1.6206438541412354,148380860.0
2017-10-24,TTB.BK,2.3410871028900146,2.359376907348633,2.30450701713562,2.3227970600128174,1.5955177545547485,140714159.0
2017-10-25,TTB.BK,2.30450701713562,2.3410871028900146,2.2862179279327393,2.30450701713562,1.5829541683197021,127918901.0
2017-10-27,TTB.BK,2.30450701713562,2.3776659965515137,2.2862179279327393,2.359376907348633,1.6206438541412354,153909314.0
2017-10-30,TTB.BK,2.359376907348633,2.395956039428711,2.3227970600128174,2.359376907348633,1.6206438541412354,133302246.0
2017-10-31,TTB.BK,2.395956039428711,2.414246082305908,2.359376907348633,2.359376907348633,1.6206438541412354,214461281.0
2017-11-01,TTB.BK,2.359376907348633,2.43253493309021,2.359376907348633,2.395956039428711,1.6457700729370117,249165211.0
2017-11-02,TTB.BK,2.3776659965515137,2.414246082305908,2.3776659965515137,2.3776659965515137,1.6332063674926758,147569367.0
2017-11-03,TTB.BK,2.3776659965515137,2.395956039428711,2.359376907348633,2.359376907348633,1.6206438541412354,52492696.0
2017-11-06,TTB.BK,2.3776659965515137,2.395956039428711,2.3410871028900146,2.3776659965515137,1.6332063674926758,99062073.0
2017-11-07,TTB.BK,2.3776659965515137,2.395956039428711,2.3410871028900146,2.359376907348633,1.6206438541412354,87112207.0
2017-11-08,TTB.BK,2.359376907348633,2.395956039428711,2.359376907348633,2.3776659965515137,1.6332063674926758,93234983.0
2017-11-09,TTB.BK,2.3776659965515137,2.395956039428711,2.3410871028900146,2.3410871028900146,1.6080806255340576,65376201.0
2017-11-10,TTB.BK,2.3410871028900146,2.3410871028900146,2.30450701713562,2.3227970600128174,1.5955177545547485,147909120.0
2017-11-13,TTB.BK,2.30450701713562,2.3410871028900146,2.2862179279327393,2.3410871028900146,1.6080806255340576,81018956.0
2017-11-14,TTB.BK,2.3227970600128174,2.3410871028900146,2.30450701713562,2.30450701713562,1.5829541683197021,100581067.0
2017-11-15,TTB.BK,2.30450701713562,2.395956039428711,2.30450701713562,2.3776659965515137,1.6332063674926758,196790394.0
2017-11-16,TTB.BK,2.395956039428711,2.5056939125061035,2.395956039428711,2.4874050617218018,1.7085859775543213,756749453.0
2017-11-17,TTB.BK,2.4874050617218018,2.4874050617218018,2.43253493309021,2.4691150188446045,1.6960222721099854,316750628.0
2017-11-20,TTB.BK,2.4691150188446045,2.523983955383301,2.4508249759674072,2.4874050617218018,1.7085859775543213,165385909.0
2017-11-21,TTB.BK,2.5056939125061035,2.5605640411376953,2.4874050617218018,2.542273998260498,1.7462751865386963,304733839.0
2017-11-22,TTB.BK,2.523983955383301,2.5605640411376953,2.5056939125061035,2.5605640411376953,1.7588382959365845,199946152.0
2017-11-23,TTB.BK,2.542273998260498,2.6154329776763916,2.5056939125061035,2.5971429347991943,1.783963918685913,404678593.0
2017-11-24,TTB.BK,2.578852891921997,2.5971429347991943,2.523983955383301,2.5605640411376953,1.7588382959365845,175594472.0
2017-11-27,TTB.BK,2.542273998260498,2.5971429347991943,2.523983955383301,2.5971429347991943,1.783963918685913,143013043.0
2017-11-28,TTB.BK,2.578852891921997,2.5971429347991943,2.5605640411376953,2.5605640411376953,1.7588382959365845,101725314.0
2017-11-29,TTB.BK,2.5605640411376953,2.6520121097564697,2.542273998260498,2.6154329776763916,1.7965278625488281,367325966.0
2017-11-30,TTB.BK,2.6154329776763916,2.633723020553589,2.5605640411376953,2.5605640411376953,1.7588382959365845,200011653.0
2017-12-01,TTB.BK,2.6520121097564697,2.780040979385376,2.633723020553589,2.6520121097564697,1.8216533660888672,605089705.0
2017-12-04,TTB.BK,2.688591957092285,2.7068819999694824,2.6520121097564697,2.670301914215088,1.8342169523239136,205533655.0
2017-12-06,TTB.BK,2.670301914215088,2.688591957092285,2.6520121097564697,2.688591957092285,1.8467800617218018,171359530.0
2017-12-07,TTB.BK,2.688591957092285,2.7251710891723633,2.670301914215088,2.7251710891723633,1.8719061613082886,234780318.0
2017-12-08,TTB.BK,2.7251710891723633,2.7434608936309814,2.670301914215088,2.688591957092285,1.8467800617218018,145347357.0
2017-12-12,TTB.BK,2.688591957092285,2.7068819999694824,2.670301914215088,2.7068819999694824,1.8593437671661377,126241568.0
2017-12-13,TTB.BK,2.7068819999694824,2.7434608936309814,2.688591957092285,2.7434608936309814,1.8844690322875977,177640318.0
2017-12-14,TTB.BK,2.7434608936309814,2.7434608936309814,2.7251710891723633,2.7251710891723633,1.8719061613082886,120066194.0
2017-12-15,TTB.BK,2.7251710891723633,2.7434608936309814,2.7068819999694824,2.7434608936309814,1.8844690322875977,141420785.0
2017-12-18,TTB.BK,2.7434608936309814,2.780040979385376,2.7251710891723633,2.7434608936309814,1.8844690322875977,248125612.0
2017-12-19,TTB.BK,2.7434608936309814,2.780040979385376,2.7434608936309814,2.7434608936309814,1.8844690322875977,190330599.0
2017-12-20,TTB.BK,2.7434608936309814,2.7617509365081787,2.7251710891723633,2.7251710891723633,1.8719061613082886,124535256.0
2017-12-21,TTB.BK,2.7434608936309814,2.7434608936309814,2.7068819999694824,2.7068819999694824,1.8593437671661377,71341730.0
2017-12-22,TTB.BK,2.7251710891723633,2.7434608936309814,2.7068819999694824,2.7251710891723633,1.8719061613082886,143876697.0
2017-12-25,TTB.BK,2.7068819999694824,2.7617509365081787,2.7068819999694824,2.7434608936309814,1.8844690322875977,183364619.0
2017-12-26,TTB.BK,2.7617509365081787,2.780040979385376,2.7251710891723633,2.780040979385376,1.9095959663391113,178785222.0
2017-12-27,TTB.BK,2.780040979385376,2.798330068588257,2.7617509365081787,2.7617509365081787,1.8970327377319336,123835082.0
2017-12-28,TTB.BK,2.780040979385376,2.780040979385376,2.7251710891723633,2.7617509365081787,1.8970327377319336,172235540.0
2017-12-29,TTB.BK,2.7617509365081787,2.780040979385376,2.7251710891723633,2.7617509365081787,1.8970327377319336,155783479.0
2018-01-03,TTB.BK,2.780040979385376,2.8349099159240723,2.7617509365081787,2.816620111465454,1.9347224235534668,359806233.0
2018-01-04,TTB.BK,2.8349099159240723,2.8349099159240723,2.7434608936309814,2.816620111465454,1.9347224235534668,346283244.0
2018-01-05,TTB.BK,2.816620111465454,2.816620111465454,2.7617509365081787,2.780040979385376,1.9095959663391113,308409341.0
2018-01-08,TTB.BK,2.780040979385376,2.816620111465454,2.7617509365081787,2.7617509365081787,1.8970327377319336,195228317.0
2018-01-09,TTB.BK,2.780040979385376,2.780040979385376,2.780040979385376,2.780040979385376,1.9095959663391113,12434728.0
2018-01-10,TTB.BK,2.780040979385376,2.798330068588257,2.7617509365081787,2.7617509365081787,1.8970327377319336,174962642.0
2018-01-11,TTB.BK,2.7617509365081787,2.798330068588257,2.7434608936309814,2.7617509365081787,1.8970327377319336,120653955.0
2018-01-12,TTB.BK,2.780040979385376,2.798330068588257,2.7617509365081787,2.798330068588257,1.9221585988998413,115688440.0
2018-01-15,TTB.BK,2.798330068588257,2.8349099159240723,2.798330068588257,2.816620111465454,1.9347224235534668,310201165.0
2018-01-16,TTB.BK,2.8349099159240723,2.8714890480041504,2.798330068588257,2.8349099159240723,1.9472849369049072,417947778.0
2018-01-17,TTB.BK,2.816620111465454,2.8349099159240723,2.780040979385376,2.816620111465454,1.9347224235534668,254482398.0
2018-01-18,TTB.BK,2.8349099159240723,2.8531999588012695,2.798330068588257,2.816620111465454,1.9347224235534668,265515467.0
2018-01-19,TTB.BK,2.816620111465454,2.8531999588012695,2.798330068588257,2.8531999588012695,1.9598486423492432,190304464.0
2018-01-22,TTB.BK,2.8531999588012695,2.8531999588012695,2.780040979385376,2.780040979385376,1.9095959663391113,147544544.0
2018-01-23,TTB.BK,2.798330068588257,2.816620111465454,2.7617509365081787,2.780040979385376,1.9095959663391113,223807284.0
2018-01-24,TTB.BK,2.780040979385376,2.798330068588257,2.7617509365081787,2.7617509365081787,1.8970327377319336,86802088.0
2018-01-25,TTB.BK,2.7617509365081787,2.798330068588257,2.688591957092285,2.7068819999694824,1.8593437671661377,471608998.0
2018-01-26,TTB.BK,2.7068819999694824,2.7434608936309814,2.633723020553589,2.7434608936309814,1.8844690322875977,372218763.0
2018-01-29,TTB.BK,2.7434608936309814,2.780040979385376,2.7251710891723633,2.7434608936309814,1.8844690322875977,127972811.0
2018-01-30,TTB.BK,2.7434608936309814,2.7617509365081787,2.670301914215088,2.7068819999694824,1.8593437671661377,224977120.0
2018-01-31,TTB.BK,2.7068819999694824,2.7068819999694824,2.6520121097564697,2.6520121097564697,1.8216533660888672,260811738.0
2018-02-01,TTB.BK,2.6520121097564697,2.7068819999694824,2.633723020553589,2.6520121097564697,1.8216533660888672,237030213.0
2018-02-02,TTB.BK,2.670301914215088,2.7251710891723633,2.6520121097564697,2.6520121097564697,1.8216533660888672,320015299.0
2018-02-05,TTB.BK,2.633723020553589,2.670301914215088,2.6154329776763916,2.6520121097564697,1.8216533660888672,157793786.0
2018-02-06,TTB.BK,2.5971429347991943,2.7068819999694824,2.578852891921997,2.688591957092285,1.8467800617218018,450028489.0
2018-02-07,TTB.BK,2.7068819999694824,2.7434608936309814,2.688591957092285,2.7068819999694824,1.8593437671661377,226274568.0
2018-02-08,TTB.BK,2.7068819999694824,2.7251710891723633,2.670301914215088,2.688591957092285,1.8467800617218018,142667604.0
2018-02-09,TTB.BK,2.6520121097564697,2.7434608936309814,2.633723020553589,2.7068819999694824,1.8593437671661377,185299911.0
2018-02-12,TTB.BK,2.7068819999694824,2.7251710891723633,2.670301914215088,2.7068819999694824,1.8593437671661377,95902270.0
2018-02-13,TTB.BK,2.7068819999694824,2.7068819999694824,2.633723020553589,2.670301914215088,1.8342169523239136,261078882.0
2018-02-14,TTB.BK,2.6520121097564697,2.670301914215088,2.633723020553589,2.6520121097564697,1.8216533660888672,94187320.0
2018-02-15,TTB.BK,2.670301914215088,2.688591957092285,2.6520121097564697,2.6520121097564697,1.8216533660888672,56156170.0
2018-02-16,TTB.BK,2.6520121097564697,2.688591957092285,2.6520121097564697,2.670301914215088,1.8342169523239136,64496910.0
2018-02-19,TTB.BK,2.670301914215088,2.688591957092285,2.6520121097564697,2.670301914215088,1.8342169523239136,60353604.0
2018-02-20,TTB.BK,2.670301914215088,2.688591957092285,2.6520121097564697,2.6520121097564697,1.8216533660888672,29075420.0
2018-02-21,TTB.BK,2.6520121097564697,2.670301914215088,2.633723020553589,2.6520121097564697,1.8216533660888672,51416137.0
2018-02-22,TTB.BK,2.6520121097564697,2.670301914215088,2.6154329776763916,2.6154329776763916,1.7965278625488281,178603043.0
2018-02-23,TTB.BK,2.633723020553589,2.670301914215088,2.6154329776763916,2.6520121097564697,1.8216533660888672,89972936.0
2018-02-26,TTB.BK,2.670301914215088,2.7251710891723633,2.670301914215088,2.7251710891723633,1.8719061613082886,180122146.0
2018-02-27,TTB.BK,2.7434608936309814,2.7434608936309814,2.670301914215088,2.7434608936309814,1.8844690322875977,236666403.0
2018-02-28,TTB.BK,2.7434608936309814,2.7434608936309814,2.7068819999694824,2.7434608936309814,1.8844690322875977,240258799.0
2018-03-02,TTB.BK,2.7251710891723633,2.7434608936309814,2.670301914215088,2.688591957092285,1.8467800617218018,179908256.0
2018-03-05,TTB.BK,2.688591957092285,2.688591957092285,2.6520121097564697,2.670301914215088,1.8342169523239136,99509975.0
2018-03-06,TTB.BK,2.633723020553589,2.633723020553589,2.633723020553589,2.633723020553589,1.8090909719467163,21689422.0
2018-03-07,TTB.BK,2.633723020553589,2.688591957092285,2.633723020553589,2.670301914215088,1.8342169523239136,143611958.0
2018-03-08,TTB.BK,2.670301914215088,2.688591957092285,2.633723020553589,2.688591957092285,1.8467800617218018,103322166.0
2018-03-09,TTB.BK,2.688591957092285,2.688591957092285,2.633723020553589,2.6520121097564697,1.8216533660888672,114880009.0
2018-03-12,TTB.BK,2.688591957092285,2.7068819999694824,2.6520121097564697,2.688591957092285,1.8467800617218018,125683878.0
2018-03-13,TTB.BK,2.688591957092285,2.688591957092285,2.5971429347991943,2.633723020553589,1.8090909719467163,199844346.0
2018-03-14,TTB.BK,2.633723020553589,2.6520121097564697,2.5971429347991943,2.5971429347991943,1.783963918685913,211792025.0
2018-03-15,TTB.BK,2.578852891921997,2.5971429347991943,2.4508249759674072,2.542273998260498,1.7462751865386963,807792703.0
2018-03-16,TTB.BK,2.578852891921997,2.5971429347991943,2.523983955383301,2.523983955383301,1.73371160030365,195597048.0
2018-03-19,TTB.BK,2.542273998260498,2.5971429347991943,2.542273998260498,2.542273998260498,1.7462751865386963,326564871.0
2018-03-20,TTB.BK,2.542273998260498,2.5971429347991943,2.542273998260498,2.5605640411376953,1.7588382959365845,136683704.0
2018-03-21,TTB.BK,2.5971429347991943,2.633723020553589,2.542273998260498,2.578852891921997,1.771401047706604,324201142.0
2018-03-22,TTB.BK,2.578852891921997,2.5971429347991943,2.542273998260498,2.5605640411376953,1.7588382959365845,118087818.0
2018-03-23,TTB.BK,2.542273998260498,2.5605640411376953,2.523983955383301,2.542273998260498,1.7462751865386963,87947429.0
2018-03-26,TTB.BK,2.542273998260498,2.578852891921997,2.542273998260498,2.5605640411376953,1.7588382959365845,50089929.0
2018-03-27,TTB.BK,2.5605640411376953,2.5971429347991943,2.523983955383301,2.523983955383301,1.73371160030365,232086022.0
2018-03-28,TTB.BK,2.523983955383301,2.542273998260498,2.4874050617218018,2.5056939125061035,1.7211482524871826,296135578.0
2018-03-29,TTB.BK,2.4691150188446045,2.4691150188446045,2.267927885055542,2.30450701713562,1.5829541683197021,1256822272.0
2018-03-30,TTB.BK,2.3227970600128174,2.359376907348633,2.2313480377197266,2.3410871028900146,1.6080806255340576,626792360.0
2018-04-02,TTB.BK,2.3227970600128174,2.3776659965515137,2.30450701713562,2.359376907348633,1.6206438541412354,317825110.0
2018-04-03,TTB.BK,2.3410871028900146,2.3776659965515137,2.3227970600128174,2.3227970600128174,1.5955177545547485,289687374.0
2018-04-04,TTB.BK,2.3227970600128174,2.3410871028900146,2.158189058303833,2.1947689056396484,1.5075756311416626,815730704.0
2018-04-05,TTB.BK,2.2130589485168457,2.2313480377197266,2.158189058303833,2.1947689056396484,1.5075756311416626,319624370.0
2018-04-09,TTB.BK,2.2130589485168457,2.2313480377197266,2.139899969100952,2.1764791011810303,1.4950124025344849,304539522.0
2018-04-10,TTB.BK,2.1947689056396484,2.2313480377197266,2.1764791011810303,2.2130589485168457,1.5201389789581299,235946327.0
2018-04-11,TTB.BK,2.2313480377197266,2.2862179279327393,2.2130589485168457,2.249638080596924,1.5452648401260376,223100002.0
2018-04-12,TTB.BK,2.249638080596924,2.267927885055542,2.2130589485168457,2.249638080596924,1.5452648401260376,103388104.0
2018-04-17,TTB.BK,2.249638080596924,2.30450701713562,2.2313480377197266,2.2862179279327393,1.5703915357589722,143987032.0
2018-04-18,TTB.BK,2.3227970600128174,2.3776659965515137,2.30450701713562,2.3410871028900146,1.6080806255340576,259555405.0
2018-04-19,TTB.BK,2.359376907348633,2.3776659965515137,2.249638080596924,2.30450701713562,1.5829541683197021,359519952.0
2018-04-20,TTB.BK,2.30450701713562,2.3227970600128174,2.267927885055542,2.3227970600128174,1.5955177545547485,193364977.0
2018-04-23,TTB.BK,2.267927885055542,2.2862179279327393,2.2130589485168457,2.2130589485168457,1.556916356086731,181149607.0
2018-04-24,TTB.BK,2.2313480377197266,2.2313480377197266,2.1764791011810303,2.1947689056396484,1.5440489053726196,179776160.0
2018-04-25,TTB.BK,2.1764791011810303,2.1947689056396484,2.139899969100952,2.158189058303833,1.5183143615722656,254460747.0
2018-04-26,TTB.BK,2.158189058303833,2.1947689056396484,2.158189058303833,2.158189058303833,1.5183143615722656,114456384.0
2018-04-27,TTB.BK,2.158189058303833,2.1764791011810303,2.1033198833465576,2.158189058303833,1.5183143615722656,161037024.0
2018-04-30,TTB.BK,2.1764791011810303,2.1947689056396484,2.158189058303833,2.158189058303833,1.5183143615722656,57262910.0
2018-05-02,TTB.BK,2.139899969100952,2.1947689056396484,2.139899969100952,2.1764791011810303,1.531182050704956,74344615.0
2018-05-03,TTB.BK,2.158189058303833,2.1764791011810303,2.139899969100952,2.139899969100952,1.5054479837417603,203853588.0
2018-05-04,TTB.BK,2.139899969100952,2.158189058303833,2.0667409896850586,2.0667409896850586,1.4539796113967896,448173132.0
2018-05-07,TTB.BK,2.0667409896850586,2.1033198833465576,2.0667409896850586,2.1033198833465576,1.4797134399414062,164657195.0
2018-05-08,TTB.BK,2.1033198833465576,2.1764791011810303,2.0667409896850586,2.158189058303833,1.5183143615722656,518876800.0
2018-05-09,TTB.BK,2.139899969100952,2.158189058303833,2.1033198833465576,2.158189058303833,1.5183143615722656,231102082.0
2018-05-10,TTB.BK,2.158189058303833,2.1764791011810303,2.139899969100952,2.158189058303833,1.5183143615722656,112965603.0
2018-05-11,TTB.BK,2.158189058303833,2.2130589485168457,2.121609926223755,2.2130589485168457,1.556916356086731,227845066.0
2018-05-14,TTB.BK,2.1947689056396484,2.2130589485168457,2.1764791011810303,2.1764791011810303,1.531182050704956,74259430.0
2018-05-15,TTB.BK,2.1947689056396484,2.2130589485168457,2.1764791011810303,2.2130589485168457,1.556916356086731,57327974.0
2018-05-16,TTB.BK,2.1947689056396484,2.2130589485168457,2.158189058303833,2.1764791011810303,1.531182050704956,87115816.0
2018-05-17,TTB.BK,2.1764791011810303,2.1764791011810303,2.1033198833465576,2.1033198833465576,1.4797134399414062,217561926.0
2018-05-18,TTB.BK,2.1033198833465576,2.139899969100952,2.0850300788879395,2.121609926223755,1.4925808906555176,83796032.0
2018-05-21,TTB.BK,2.121609926223755,2.2313480377197266,2.121609926223755,2.2313480377197266,1.5697828531265259,258197267.0
2018-05-22,TTB.BK,2.2313480377197266,2.267927885055542,2.1947689056396484,2.267927885055542,1.5955172777175903,204016958.0
2018-05-23,TTB.BK,2.249638080596924,2.267927885055542,2.2130589485168457,2.249638080596924,1.5826503038406372,167318030.0
2018-05-24,TTB.BK,2.2313480377197266,2.249638080596924,2.1947689056396484,2.1947689056396484,1.5440489053726196,127930820.0
2018-05-25,TTB.BK,2.2130589485168457,2.2313480377197266,2.1947689056396484,2.2313480377197266,1.5697828531265259,71652833.0
2018-05-28,TTB.BK,2.249638080596924,2.3410871028900146,2.2130589485168457,2.30450701713562,1.6212513446807861,351641876.0
2018-05-30,TTB.BK,2.267927885055542,2.30450701713562,2.249638080596924,2.30450701713562,1.6212513446807861,199486441.0
2018-05-31,TTB.BK,2.30450701713562,2.3227970600128174,2.267927885055542,2.267927885055542,1.5955172777175903,210465708.0
2018-06-01,TTB.BK,2.267927885055542,2.2862179279327393,2.249638080596924,2.267927885055542,1.5955172777175903,74379716.0
2018-06-04,TTB.BK,2.249638080596924,2.267927885055542,2.249638080596924,2.249638080596924,1.5826503038406372,80810424.0
2018-06-05,TTB.BK,2.267927885055542,2.3227970600128174,2.249638080596924,2.30450701713562,1.6212513446807861,222471453.0
2018-06-06,TTB.BK,2.3227970600128174,2.3410871028900146,2.2862179279327393,2.3227970600128174,1.6341187953948975,161937966.0
2018-06-07,TTB.BK,2.3227970600128174,2.3410871028900146,2.2862179279327393,2.2862179279327393,1.608384609222412,115024024.0
2018-06-08,TTB.BK,2.2862179279327393,2.2862179279327393,2.2313480377197266,2.249638080596924,1.5826503038406372,191006934.0
2018-06-11,TTB.BK,2.249638080596924,2.2862179279327393,2.2313480377197266,2.267927885055542,1.5955172777175903,80140322.0
2018-06-12,TTB.BK,2.267927885055542,2.3227970600128174,2.267927885055542,2.267927885055542,1.5955172777175903,146977013.0
2018-06-13,TTB.BK,2.267927885055542,2.3227970600128174,2.267927885055542,2.2862179279327393,1.608384609222412,176724613.0
2018-06-14,TTB.BK,2.267927885055542,2.2862179279327393,2.2313480377197266,2.249638080596924,1.5826503038406372,149482024.0
2018-06-15,TTB.BK,2.249638080596924,2.2862179279327393,2.2313480377197266,2.267927885055542,1.5955172777175903,127430540.0
2018-06-18,TTB.BK,2.249638080596924,2.267927885055542,2.2313480377197266,2.2313480377197266,1.5697828531265259,115155136.0
2018-06-19,TTB.BK,2.2130589485168457,2.2313480377197266,2.139899969100952,2.158189058303833,1.5183143615722656,225302767.0
2018-06-20,TTB.BK,2.158189058303833,2.2130589485168457,2.158189058303833,2.1764791011810303,1.531182050704956,114582028.0
2018-06-21,TTB.BK,2.1764791011810303,2.2130589485168457,2.1033198833465576,2.121609926223755,1.4925808906555176,140792782.0
2018-06-22,TTB.BK,2.158189058303833,2.158189058303833,2.0850300788879395,2.1033198833465576,1.4797134399414062,194382269.0
2018-06-25,TTB.BK,2.121609926223755,2.121609926223755,2.0667409896850586,2.0850300788879395,1.4668463468551636,144551829.0
2018-06-26,TTB.BK,2.0667409896850586,2.121609926223755,2.0667409896850586,2.1033198833465576,1.4797134399414062,129995693.0
2018-06-27,TTB.BK,2.1033198833465576,2.139899969100952,2.1033198833465576,2.121609926223755,1.4925808906555176,172980985.0
2018-06-28,TTB.BK,2.139899969100952,2.158189058303833,2.1033198833465576,2.121609926223755,1.4925808906555176,140500269.0
2018-06-29,TTB.BK,2.139899969100952,2.158189058303833,2.0667409896850586,2.1033198833465576,1.4797134399414062,184511054.0
2018-07-02,TTB.BK,2.0850300788879395,2.121609926223755,2.0484509468078613,2.1033198833465576,1.4797134399414062,185211993.0
2018-07-03,TTB.BK,2.1033198833465576,2.139899969100952,2.0850300788879395,2.1033198833465576,1.4797134399414062,109777477.0
2018-07-04,TTB.BK,2.0850300788879395,2.1947689056396484,2.0850300788879395,2.158189058303833,1.5183143615722656,197225173.0
2018-07-05,TTB.BK,2.158189058303833,2.1764791011810303,2.1033198833465576,2.1033198833465576,1.4797134399414062,144359590.0
2018-07-06,TTB.BK,2.121609926223755,2.158189058303833,2.0850300788879395,2.121609926223755,1.4925808906555176,136253299.0
2018-07-09,TTB.BK,2.139899969100952,2.2130589485168457,2.121609926223755,2.2130589485168457,1.556916356086731,163331643.0
2018-07-10,TTB.BK,2.2130589485168457,2.2313480377197266,2.1764791011810303,2.2130589485168457,1.556916356086731,133559877.0
2018-07-11,TTB.BK,2.1764791011810303,2.2130589485168457,2.1764791011810303,2.1947689056396484,1.5440489053726196,59134779.0
2018-07-12,TTB.BK,2.1947689056396484,2.2130589485168457,2.1764791011810303,2.1947689056396484,1.5440489053726196,59136529.0
2018-07-13,TTB.BK,2.2130589485168457,2.30450701713562,2.1947689056396484,2.2862179279327393,1.608384609222412,360594762.0
2018-07-16,TTB.BK,2.267927885055542,2.30450701713562,2.2313480377197266,2.267927885055542,1.5955172777175903,106431668.0
2018-07-17,TTB.BK,2.267927885055542,2.30450701713562,2.158189058303833,2.1764791011810303,1.531182050704956,362527430.0
2018-07-18,TTB.BK,2.1764791011810303,2.2313480377197266,2.158189058303833,2.1947689056396484,1.5440489053726196,328125746.0
2018-07-19,TTB.BK,2.1764791011810303,2.2130589485168457,2.1764791011810303,2.1764791011810303,1.531182050704956,131310747.0
2018-07-20,TTB.BK,2.1033198833465576,2.1033198833465576,1.993582010269165,2.0484509468078613,1.4411125183105469,1666875025.0
2018-07-23,TTB.BK,2.030160903930664,2.0484509468078613,1.9752919673919678,1.993582010269165,1.402511477470398,919807391.0
2018-07-24,TTB.BK,2.011871099472046,2.0484509468078613,1.9752919673919678,2.0484509468078613,1.4411125183105469,930672278.0
2018-07-25,TTB.BK,2.0484509468078613,2.0850300788879395,2.030160903930664,2.0667409896850586,1.4539796113967896,569336226.0
2018-07-26,TTB.BK,2.1033198833465576,2.1033198833465576,2.0484509468078613,2.0667409896850586,1.4539796113967896,526177066.0
2018-07-31,TTB.BK,2.0850300788879395,2.121609926223755,2.0667409896850586,2.1033198833465576,1.4797134399414062,672994537.0
2018-08-01,TTB.BK,2.121609926223755,2.121609926223755,2.0850300788879395,2.0850300788879395,1.4668463468551636,245842255.0
2018-08-02,TTB.BK,2.0850300788879395,2.121609926223755,2.0667409896850586,2.0850300788879395,1.4668463468551636,281180858.0
2018-08-03,TTB.BK,2.0850300788879395,2.121609926223755,2.0667409896850586,2.1033198833465576,1.4797134399414062,172933746.0
2018-08-06,TTB.BK,2.1033198833465576,2.121609926223755,2.0667409896850586,2.0667409896850586,1.4539796113967896,322159779.0
2018-08-07,TTB.BK,2.0667409896850586,2.0850300788879395,2.0484509468078613,2.0667409896850586,1.4539796113967896,171732745.0
2018-08-08,TTB.BK,2.0850300788879395,2.1033198833465576,2.0667409896850586,2.0850300788879395,1.4668463468551636,288424261.0
2018-08-09,TTB.BK,2.0850300788879395,2.1033198833465576,2.0667409896850586,2.1033198833465576,1.4797134399414062,106757971.0
2018-08-10,TTB.BK,2.0850300788879395,2.1033198833465576,2.0667409896850586,2.0850300788879395,1.4668463468551636,169586296.0
2018-08-14,TTB.BK,2.0667409896850586,2.0850300788879395,2.0484509468078613,2.0667409896850586,1.4539796113967896,236156609.0
2018-08-15,TTB.BK,2.0667409896850586,2.0850300788879395,2.0484509468078613,2.0484509468078613,1.4411125183105469,183622249.0
2018-08-16,TTB.BK,2.0667409896850586,2.0850300788879395,2.0484509468078613,2.0667409896850586,1.4539796113967896,159096045.0
2018-08-17,TTB.BK,2.0667409896850586,2.0850300788879395,2.0484509468078613,2.0484509468078613,1.4411125183105469,88917918.0
2018-08-20,TTB.BK,2.0667409896850586,2.0667409896850586,1.95700204372406,1.9752919673919678,1.3896442651748657,1469563683.0
2018-08-21,TTB.BK,2.011871099472046,2.030160903930664,1.9752919673919678,1.993582010269165,1.402511477470398,410665117.0
2018-08-22,TTB.BK,2.011871099472046,2.011871099472046,1.9752919673919678,1.993582010269165,1.402511477470398,237951932.0
2018-08-23,TTB.BK,2.011871099472046,2.011871099472046,1.9752919673919678,1.993582010269165,1.402511477470398,88667286.0
2018-08-24,TTB.BK,1.993582010269165,1.993582010269165,1.9752919673919678,1.993582010269165,1.402511477470398,45009377.0
2018-08-27,TTB.BK,1.993582010269165,2.011871099472046,1.9752919673919678,2.011871099472046,1.4153780937194824,160468837.0
2018-08-28,TTB.BK,2.011871099472046,2.030160903930664,1.993582010269165,2.011871099472046,1.4153780937194824,116628093.0
2018-08-29,TTB.BK,2.011871099472046,2.011871099472046,1.993582010269165,1.993582010269165,1.402511477470398,87840265.0
2018-08-30,TTB.BK,2.011871099472046,2.030160903930664,1.993582010269165,2.011871099472046,1.4153780937194824,168676387.0
2018-08-31,TTB.BK,2.011871099472046,2.030160903930664,1.993582010269165,2.011871099472046,1.4153780937194824,116084728.0
2018-09-03,TTB.BK,2.011871099472046,2.030160903930664,1.993582010269165,2.011871099472046,1.4153780937194824,91437472.0
2018-09-04,TTB.BK,2.011871099472046,2.030160903930664,1.993582010269165,2.011871099472046,1.4153780937194824,189111774.0
2018-09-05,TTB.BK,1.993582010269165,2.011871099472046,1.9752919673919678,1.993582010269165,1.402511477470398,232636494.0
2018-09-06,TTB.BK,1.993582010269165,2.011871099472046,1.9752919673919678,1.993582010269165,1.402511477470398,90417447.0
2018-09-07,TTB.BK,1.993582010269165,2.011871099472046,1.9752919673919678,1.993582010269165,1.402511477470398,116891081.0
2018-09-10,TTB.BK,1.993582010269165,2.011871099472046,1.9752919673919678,1.993582010269165,1.402511477470398,87943164.0
2018-09-11,TTB.BK,1.993582010269165,2.011871099472046,1.9752919673919678,1.9752919673919678,1.3896442651748657,75442935.0
2018-09-12,TTB.BK,1.9752919673919678,1.9752919673919678,1.95700204372406,1.95700204372406,1.376776933670044,99882314.0
2018-09-13,TTB.BK,1.9752919673919678,2.011871099472046,1.9752919673919678,1.993582010269165,1.402511477470398,296205999.0
2018-09-14,TTB.BK,1.993582010269165,2.030160903930664,1.9752919673919678,2.011871099472046,1.4153780937194824,295654105.0
2018-09-17,TTB.BK,2.011871099472046,2.0484509468078613,1.993582010269165,2.0484509468078613,1.4411125183105469,249482984.0
2018-09-18,TTB.BK,2.0484509468078613,2.121609926223755,2.030160903930664,2.0850300788879395,1.4668463468551636,679214088.0
2018-09-19,TTB.BK,2.2130589485168457,2.2862179279327393,2.139899969100952,2.1764791011810303,1.531182050704956,966.0
2018-09-20,TTB.BK,2.1764791011810303,2.1947689056396484,2.121609926223755,2.1764791011810303,1.531182050704956,388213737.0
2018-09-21,TTB.BK,2.1947689056396484,2.2313480377197266,2.1764791011810303,2.1764791011810303,1.531182050704956,461649756.0
2018-09-24,TTB.BK,2.1764791011810303,2.2313480377197266,2.158189058303833,2.1947689056396484,1.5440489053726196,241026004.0
2018-09-25,TTB.BK,2.1947689056396484,2.2313480377197266,2.1947689056396484,2.2130589485168457,1.556916356086731,138380611.0
2018-09-26,TTB.BK,2.2130589485168457,2.2313480377197266,2.158189058303833,2.1764791011810303,1.531182050704956,208060426.0
2018-09-27,TTB.BK,2.1764791011810303,2.1764791011810303,2.1033198833465576,2.121609926223755,1.4925808906555176,447174540.0
2018-09-28,TTB.BK,2.139899969100952,2.158189058303833,2.1033198833465576,2.1033198833465576,1.4797134399414062,276513324.0
2018-10-01,TTB.BK,2.121609926223755,2.158189058303833,2.1033198833465576,2.139899969100952,1.5054479837417603,157613247.0
2018-10-02,TTB.BK,2.139899969100952,2.158189058303833,2.121609926223755,2.139899969100952,1.5054479837417603,171965662.0
2018-10-03,TTB.BK,2.139899969100952,2.1947689056396484,2.121609926223755,2.158189058303833,1.5183143615722656,344038161.0
2018-10-04,TTB.BK,2.158189058303833,2.1764791011810303,2.1033198833465576,2.121609926223755,1.4925808906555176,295997905.0
2018-10-05,TTB.BK,2.139899969100952,2.158189058303833,2.121609926223755,2.158189058303833,1.5183143615722656,96068264.0
2018-10-08,TTB.BK,2.158189058303833,2.158189058303833,2.121609926223755,2.121609926223755,1.4925808906555176,188495472.0
2018-10-09,TTB.BK,2.121609926223755,2.158189058303833,2.121609926223755,2.139899969100952,1.5054479837417603,120924380.0
2018-10-10,TTB.BK,2.158189058303833,2.158189058303833,2.121609926223755,2.139899969100952,1.5054479837417603,100239126.0
2018-10-11,TTB.BK,2.0850300788879395,2.1033198833465576,2.0667409896850586,2.0850300788879395,1.4668463468551636,202808302.0
2018-10-12,TTB.BK,2.1033198833465576,2.121609926223755,2.0850300788879395,2.1033198833465576,1.4797134399414062,109057620.0
2018-10-16,TTB.BK,2.121609926223755,2.158189058303833,2.121609926223755,2.139899969100952,1.5054479837417603,66029353.0
2018-10-17,TTB.BK,2.158189058303833,2.1764791011810303,2.0484509468078613,2.0667409896850586,1.4539796113967896,785182108.0
2018-10-18,TTB.BK,2.0667409896850586,2.0850300788879395,2.0484509468078613,2.0484509468078613,1.4411125183105469,194987963.0
2018-10-19,TTB.BK,2.0667409896850586,2.0850300788879395,2.0484509468078613,2.0667409896850586,1.4539796113967896,139710646.0
2018-10-22,TTB.BK,2.0667409896850586,2.1033198833465576,2.0484509468078613,2.0850300788879395,1.4668463468551636,157493289.0
2018-10-24,TTB.BK,2.0484509468078613,2.1033198833465576,2.0484509468078613,2.0667409896850586,1.4539796113967896,132379434.0
2018-10-25,TTB.BK,2.0484509468078613,2.0850300788879395,2.0484509468078613,2.0850300788879395,1.4668463468551636,184599190.0
2018-10-26,TTB.BK,2.0667409896850586,2.0850300788879395,2.0484509468078613,2.0484509468078613,1.4411125183105469,53937222.0
2018-10-29,TTB.BK,2.0484509468078613,2.0850300788879395,2.0484509468078613,2.0484509468078613,1.4411125183105469,99338622.0
2018-10-30,TTB.BK,2.0667409896850586,2.0850300788879395,2.0484509468078613,2.0484509468078613,1.4411125183105469,105445213.0
2018-10-31,TTB.BK,2.0667409896850586,2.0850300788879395,2.0667409896850586,2.0850300788879395,1.4668463468551636,37553614.0
2018-11-01,TTB.BK,2.1033198833465576,2.139899969100952,2.0667409896850586,2.121609926223755,1.4925808906555176,206236016.0
2018-11-02,TTB.BK,2.121609926223755,2.1764791011810303,2.1033198833465576,2.158189058303833,1.5183143615722656,246846315.0
2018-11-05,TTB.BK,2.158189058303833,2.1947689056396484,2.139899969100952,2.158189058303833,1.5183143615722656,147412667.0
2018-11-06,TTB.BK,2.158189058303833,2.1764791011810303,2.1033198833465576,2.1033198833465576,1.4797134399414062,180376605.0
2018-11-07,TTB.BK,2.121609926223755,2.139899969100952,2.1033198833465576,2.139899969100952,1.5054479837417603,60484279.0
2018-11-08,TTB.BK,2.158189058303833,2.158189058303833,2.139899969100952,2.158189058303833,1.5183143615722656,32782634.0
2018-11-09,TTB.BK,2.139899969100952,2.158189058303833,2.121609926223755,2.121609926223755,1.4925808906555176,49821910.0
2018-11-12,TTB.BK,2.139899969100952,2.139899969100952,2.121609926223755,2.121609926223755,1.4925808906555176,29786747.0
2018-11-13,TTB.BK,2.121609926223755,2.139899969100952,2.1033198833465576,2.121609926223755,1.4925808906555176,70310113.0
2018-11-14,TTB.BK,2.139899969100952,2.139899969100952,2.1033198833465576,2.121609926223755,1.4925808906555176,65395884.0
2018-11-15,TTB.BK,2.1033198833465576,2.158189058303833,2.1033198833465576,2.121609926223755,1.4925808906555176,75549990.0
2018-11-16,TTB.BK,2.121609926223755,2.139899969100952,2.1033198833465576,2.1033198833465576,1.4797134399414062,84880574.0
2018-11-19,TTB.BK,2.121609926223755,2.139899969100952,2.1033198833465576,2.121609926223755,1.4925808906555176,45706270.0
2018-11-20,TTB.BK,2.1033198833465576,2.121609926223755,2.0484509468078613,2.0484509468078613,1.4411125183105469,149412258.0
2018-11-21,TTB.BK,2.030160903930664,2.1033198833465576,2.030160903930664,2.0850300788879395,1.4668463468551636,140499285.0
2018-11-22,TTB.BK,2.0850300788879395,2.1033198833465576,2.0484509468078613,2.0667409896850586,1.4539796113967896,72635788.0
2018-11-23,TTB.BK,2.0667409896850586,2.0850300788879395,2.0484509468078613,2.0667409896850586,1.4539796113967896,112091124.0
2018-11-26,TTB.BK,2.0850300788879395,2.1033198833465576,2.0667409896850586,2.1033198833465576,1.4797134399414062,70867037.0
2018-11-27,TTB.BK,2.1033198833465576,2.1033198833465576,2.0850300788879395,2.1033198833465576,1.4797134399414062,22973202.0
2018-11-28,TTB.BK,2.121609926223755,2.121609926223755,2.1033198833465576,2.1033198833465576,1.4797134399414062,54241326.0
2018-11-29,TTB.BK,2.121609926223755,2.121609926223755,2.0850300788879395,2.0850300788879395,1.4668463468551636,51199294.0
2018-11-30,TTB.BK,2.1033198833465576,2.139899969100952,2.1033198833465576,2.121609926223755,1.4925808906555176,124742257.0
2018-12-03,TTB.BK,2.139899969100952,2.158189058303833,2.121609926223755,2.158189058303833,1.5183143615722656,194315783.0
2018-12-04,TTB.BK,2.158189058303833,2.1764791011810303,2.121609926223755,2.158189058303833,1.5183143615722656,143989000.0
2018-12-06,TTB.BK,2.121609926223755,2.139899969100952,2.121609926223755,2.121609926223755,1.4925808906555176,62729253.0
2018-12-07,TTB.BK,2.139899969100952,2.139899969100952,2.121609926223755,2.139899969100952,1.5054479837417603,36414724.0
2018-12-11,TTB.BK,2.121609926223755,2.139899969100952,2.0850300788879395,2.1033198833465576,1.4797134399414062,141812370.0
2018-12-12,TTB.BK,2.1033198833465576,2.121609926223755,2.0667409896850586,2.0667409896850586,1.4539796113967896,137516958.0
2018-12-13,TTB.BK,2.0850300788879395,2.121609926223755,2.0850300788879395,2.1033198833465576,1.4797134399414062,117147291.0
2018-12-14,TTB.BK,2.1033198833465576,2.121609926223755,2.0850300788879395,2.1033198833465576,1.4797134399414062,55348286.0
2018-12-17,TTB.BK,2.1033198833465576,2.121609926223755,2.0850300788879395,2.1033198833465576,1.4797134399414062,78227446.0
2018-12-18,TTB.BK,2.1033198833465576,2.121609926223755,2.0850300788879395,2.1033198833465576,1.4797134399414062,73472869.0
2018-12-19,TTB.BK,2.1033198833465576,2.139899969100952,2.0850300788879395,2.121609926223755,1.4925808906555176,225413976.0
2018-12-20,TTB.BK,2.139899969100952,2.158189058303833,2.0484509468078613,2.0667409896850586,1.4539796113967896,243721613.0
2018-12-21,TTB.BK,2.0667409896850586,2.1033198833465576,2.0484509468078613,2.0484509468078613,1.4411125183105469,221127421.0
2018-12-24,TTB.BK,2.0484509468078613,2.0667409896850586,2.0484509468078613,2.0484509468078613,1.4411125183105469,62080364.0
2018-12-25,TTB.BK,2.030160903930664,2.0484509468078613,2.011871099472046,2.011871099472046,1.4153780937194824,122632660.0
2018-12-26,TTB.BK,2.030160903930664,2.030160903930664,1.993582010269165,2.011871099472046,1.4153780937194824,87553328.0
2018-12-27,TTB.BK,2.0484509468078613,2.0484509468078613,1.993582010269165,1.993582010269165,1.402511477470398,158211834.0
2018-12-28,TTB.BK,1.993582010269165,2.0484509468078613,1.993582010269165,2.011871099472046,1.4153780937194824,76609053.0
2019-01-02,TTB.BK,2.030160903930664,2.0484509468078613,1.993582010269165,2.011871099472046,1.4153780937194824,106565295.0
2019-01-03,TTB.BK,2.011871099472046,2.030160903930664,1.993582010269165,1.993582010269165,1.402511477470398,109987431.0
2019-01-04,TTB.BK,1.993582010269165,2.011871099472046,1.9752919673919678,2.011871099472046,1.4153780937194824,97578182.0
2019-01-07,TTB.BK,2.011871099472046,2.030160903930664,1.993582010269165,1.993582010269165,1.402511477470398,130708442.0
2019-01-08,TTB.BK,2.011871099472046,2.030160903930664,1.993582010269165,2.011871099472046,1.4153780937194824,65327977.0
2019-01-09,TTB.BK,2.030160903930664,2.030160903930664,1.9752919673919678,1.993582010269165,1.402511477470398,121412522.0
2019-01-10,TTB.BK,1.993582010269165,2.011871099472046,1.993582010269165,2.011871099472046,1.4153780937194824,31889018.0
2019-01-11,TTB.BK,2.011871099472046,2.011871099472046,1.993582010269165,2.011871099472046,1.4153780937194824,50503931.0
2019-01-14,TTB.BK,2.011871099472046,2.011871099472046,1.9752919673919678,1.9752919673919678,1.3896442651748657,69018460.0
2019-01-15,TTB.BK,1.993582010269165,2.011871099472046,1.9752919673919678,1.993582010269165,1.402511477470398,104137814.0
2019-01-16,TTB.BK,2.011871099472046,2.0850300788879395,1.993582010269165,2.0667409896850586,1.4539796113967896,185590347.0
2019-01-17,TTB.BK,2.1033198833465576,2.1033198833465576,2.0484509468078613,2.0667409896850586,1.4539796113967896,125635873.0
2019-01-18,TTB.BK,2.0667409896850586,2.0850300788879395,1.993582010269165,1.993582010269165,1.402511477470398,204464968.0
2019-01-21,TTB.BK,2.011871099472046,2.030160903930664,1.993582010269165,1.993582010269165,1.402511477470398,97308194.0
2019-01-22,TTB.BK,1.993582010269165,2.030160903930664,1.993582010269165,1.993582010269165,1.402511477470398,114897724.0
2019-01-23,TTB.BK,2.011871099472046,2.0484509468078613,1.993582010269165,2.030160903930664,1.428245186805725,182418624.0
2019-01-24,TTB.BK,2.0484509468078613,2.0484509468078613,2.011871099472046,2.011871099472046,1.4153780937194824,92125618.0
2019-01-25,TTB.BK,2.030160903930664,2.0484509468078613,1.993582010269165,2.011871099472046,1.4153780937194824,119142288.0
2019-01-28,TTB.BK,2.011871099472046,2.030160903930664,1.9752919673919678,2.011871099472046,1.4153780937194824,167658112.0
2019-01-29,TTB.BK,1.993582010269165,2.011871099472046,1.9752919673919678,1.993582010269165,1.402511477470398,157949283.0
2019-01-30,TTB.BK,2.011871099472046,2.011871099472046,1.993582010269165,2.011871099472046,1.4153780937194824,88595224.0
2019-01-31,TTB.BK,2.011871099472046,2.030160903930664,1.993582010269165,2.011871099472046,1.4153780937194824,226646689.0
2019-02-01,TTB.BK,2.011871099472046,2.030160903930664,1.993582010269165,2.011871099472046,1.4153780937194824,114491813.0
2019-02-04,TTB.BK,2.011871099472046,2.030160903930664,2.011871099472046,2.030160903930664,1.428245186805725,45889870.0
2019-02-05,TTB.BK,2.030160903930664,2.0850300788879395,2.030160903930664,2.0667409896850586,1.4539796113967896,280058152.0
2019-02-06,TTB.BK,2.0667409896850586,2.0850300788879395,2.0484509468078613,2.0667409896850586,1.4539796113967896,146105815.0
2019-02-07,TTB.BK,2.0484509468078613,2.0667409896850586,2.0484509468078613,2.0667409896850586,1.4539796113967896,41017085.0
2019-02-08,TTB.BK,2.1033198833465576,2.121609926223755,2.0484509468078613,2.0667409896850586,1.4539796113967896,580704127.0
2019-02-11,TTB.BK,2.0667409896850586,2.0667409896850586,2.011871099472046,2.030160903930664,1.428245186805725,193704402.0
2019-02-12,TTB.BK,2.030160903930664,2.0667409896850586,2.030160903930664,2.030160903930664,1.428245186805725,119756731.0
2019-02-13,TTB.BK,2.030160903930664,2.0667409896850586,2.030160903930664,2.0484509468078613,1.4411125183105469,182281717.0
2019-02-14,TTB.BK,2.0484509468078613,2.1033198833465576,2.030160903930664,2.0484509468078613,1.4411125183105469,256463618.0
2019-02-15,TTB.BK,2.0667409896850586,2.0850300788879395,2.0484509468078613,2.0667409896850586,1.4539796113967896,138609373.0
2019-02-18,TTB.BK,2.0667409896850586,2.0850300788879395,2.0484509468078613,2.0667409896850586,1.4539796113967896,104581888.0
2019-02-20,TTB.BK,2.0667409896850586,2.0850300788879395,2.0484509468078613,2.0667409896850586,1.4539796113967896,107063497.0
2019-02-21,TTB.BK,2.0667409896850586,2.0850300788879395,2.0484509468078613,2.0667409896850586,1.4539796113967896,97885458.0
2019-02-22,TTB.BK,2.0667409896850586,2.0850300788879395,2.0484509468078613,2.0667409896850586,1.4539796113967896,48185364.0
2019-02-25,TTB.BK,2.0667409896850586,2.0850300788879395,2.0667409896850586,2.0850300788879395,1.4668463468551636,65408022.0
2019-02-26,TTB.BK,2.0850300788879395,2.0850300788879395,2.0667409896850586,2.0850300788879395,1.4668463468551636,32554528.0
2019-02-27,TTB.BK,2.121609926223755,2.158189058303833,2.1033198833465576,2.121609926223755,1.4925808906555176,824372159.0
2019-02-28,TTB.BK,2.139899969100952,2.139899969100952,2.0850300788879395,2.0850300788879395,1.4668463468551636,229957834.0
2019-03-01,TTB.BK,2.1033198833465576,2.1033198833465576,2.0667409896850586,2.0667409896850586,1.4539796113967896,83584984.0
2019-03-04,TTB.BK,2.0667409896850586,2.0850300788879395,2.0484509468078613,2.0484509468078613,1.4411125183105469,158101499.0
2019-03-05,TTB.BK,2.0667409896850586,2.0850300788879395,2.0484509468078613,2.0484509468078613,1.4411125183105469,117067464.0
2019-03-06,TTB.BK,2.0667409896850586,2.0667409896850586,2.030160903930664,2.030160903930664,1.428245186805725,174193906.0
2019-03-07,TTB.BK,2.030160903930664,2.0667409896850586,2.030160903930664,2.0484509468078613,1.4411125183105469,110323357.0
2019-03-08,TTB.BK,2.0484509468078613,2.0667409896850586,2.030160903930664,2.0484509468078613,1.4411125183105469,64484444.0
2019-03-11,TTB.BK,2.0484509468078613,2.0484509468078613,2.030160903930664,2.0484509468078613,1.4411125183105469,29725073.0
2019-03-12,TTB.BK,2.011871099472046,2.011871099472046,1.9387120008468628,1.95700204372406,1.376776933670044,574557294.0
2019-03-13,TTB.BK,1.95700204372406,2.011871099472046,1.9387120008468628,1.993582010269165,1.402511477470398,272023595.0
2019-03-14,TTB.BK,1.993582010269165,2.011871099472046,1.95700204372406,1.9752919673919678,1.3896442651748657,156986229.0
2019-03-15,TTB.BK,1.9752919673919678,1.9752919673919678,1.9387120008468628,1.95700204372406,1.376776933670044,167553900.0
2019-03-18,TTB.BK,1.95700204372406,1.9752919673919678,1.9204230308532715,1.9387120008468628,1.3639094829559326,302090281.0
2019-03-19,TTB.BK,1.9387120008468628,1.9752919673919678,1.9387120008468628,1.9387120008468628,1.3639094829559326,66667416.0
2019-03-20,TTB.BK,1.9387120008468628,1.95700204372406,1.9387120008468628,1.9387120008468628,1.3639094829559326,174883035.0
2019-03-21,TTB.BK,1.9387120008468628,1.95700204372406,1.9021329879760742,1.9021329879760742,1.3381757736206055,286844032.0
2019-03-22,TTB.BK,1.9021329879760742,1.9387120008468628,1.9021329879760742,1.9387120008468628,1.3639094829559326,173667053.0
2019-03-25,TTB.BK,1.9204230308532715,1.9387120008468628,1.9021329879760742,1.9204230308532715,1.3510431051254272,84272692.0
2019-03-26,TTB.BK,1.9021329879760742,1.9204230308532715,1.8655530214309692,1.883842945098877,1.3253083229064941,259449116.0
2019-03-27,TTB.BK,1.883842945098877,1.9021329879760742,1.8655530214309692,1.8655530214309692,1.3124414682388306,137988260.0
2019-03-28,TTB.BK,1.8655530214309692,1.883842945098877,1.847264051437378,1.8655530214309692,1.3124414682388306,152350079.0
2019-03-29,TTB.BK,1.883842945098877,1.9021329879760742,1.8655530214309692,1.8655530214309692,1.3124414682388306,95219483.0
2019-04-01,TTB.BK,1.8655530214309692,1.9021329879760742,1.847264051437378,1.8655530214309692,1.3124414682388306,163153073.0
2019-04-02,TTB.BK,1.8655530214309692,1.883842945098877,1.8655530214309692,1.8655530214309692,1.3124414682388306,54948280.0
2019-04-03,TTB.BK,1.8655530214309692,1.883842945098877,1.847264051437378,1.8655530214309692,1.3124414682388306,135678113.0
2019-04-04,TTB.BK,1.8655530214309692,1.883842945098877,1.847264051437378,1.8655530214309692,1.3124414682388306,41001010.0
2019-04-05,TTB.BK,1.8655530214309692,1.883842945098877,1.847264051437378,1.883842945098877,1.3253083229064941,92337977.0
2019-04-09,TTB.BK,1.883842945098877,1.883842945098877,1.8655530214309692,1.883842945098877,1.3253083229064941,40092085.0
2019-04-10,TTB.BK,1.8655530214309692,1.9204230308532715,1.8655530214309692,1.9204230308532715,1.3510431051254272,145832656.0
2019-04-11,TTB.BK,1.9204230308532715,1.9204230308532715,1.883842945098877,1.9021329879760742,1.3381757736206055,67997451.0
2019-04-12,TTB.BK,1.9021329879760742,1.9204230308532715,1.883842945098877,1.883842945098877,1.3253083229064941,77134265.0
2019-04-17,TTB.BK,1.9021329879760742,1.9204230308532715,1.883842945098877,1.9021329879760742,1.3381757736206055,82245436.0
2019-04-18,TTB.BK,1.9021329879760742,1.9204230308532715,1.8655530214309692,1.9021329879760742,1.3381757736206055,289617608.0
2019-04-19,TTB.BK,1.883842945098877,1.9021329879760742,1.883842945098877,1.883842945098877,1.3253083229064941,44230580.0
2019-04-22,TTB.BK,1.883842945098877,1.9021329879760742,1.883842945098877,1.9021329879760742,1.3381757736206055,81756856.0
2019-04-23,TTB.BK,1.847264051437378,1.8655530214309692,1.8289740085601807,1.847264051437378,1.344833493232727,157797832.0
2019-04-24,TTB.BK,1.847264051437378,1.8655530214309692,1.8289740085601807,1.847264051437378,1.344833493232727,140862876.0
2019-04-25,TTB.BK,1.847264051437378,1.8655530214309692,1.847264051437378,1.847264051437378,1.344833493232727,35742107.0
2019-04-26,TTB.BK,1.847264051437378,1.8655530214309692,1.819828987121582,1.847264051437378,1.344833493232727,204768527.0
2019-04-29,TTB.BK,1.8289740085601807,1.847264051437378,1.8106839656829834,1.819828987121582,1.3248603343963623,320421538.0
2019-04-30,TTB.BK,1.819828987121582,1.847264051437378,1.819828987121582,1.847264051437378,1.344833493232727,141386886.0
2019-05-02,TTB.BK,1.847264051437378,1.847264051437378,1.8289740085601807,1.8289740085601807,1.3315181732177734,38033336.0
2019-05-03,TTB.BK,1.8289740085601807,1.847264051437378,1.819828987121582,1.819828987121582,1.3248603343963623,182242241.0
2019-05-07,TTB.BK,1.819828987121582,1.8289740085601807,1.8106839656829834,1.8106839656829834,1.3182026147842407,137743205.0
2019-05-08,TTB.BK,1.8106839656829834,1.8106839656829834,1.7832499742507935,1.7923940420150757,1.3048874139785767,358486695.0
2019-05-09,TTB.BK,1.7923940420150757,1.8106839656829834,1.7923940420150757,1.8015389442443848,1.3115451335906982,82819200.0
2019-05-10,TTB.BK,1.8015389442443848,1.8106839656829834,1.7923940420150757,1.7923940420150757,1.3048874139785767,68753175.0
2019-05-13,TTB.BK,1.8106839656829834,1.847264051437378,1.7923940420150757,1.7923940420150757,1.3048874139785767,252935520.0
2019-05-14,TTB.BK,1.7832499742507935,1.8015389442443848,1.7741049528121948,1.7832499742507935,1.2982302904129028,166259732.0
2019-05-15,TTB.BK,1.7923940420150757,1.8015389442443848,1.7741049528121948,1.7741049528121948,1.2915725708007812,94290547.0
2019-05-16,TTB.BK,1.7741049528121948,1.7923940420150757,1.7649600505828857,1.7741049528121948,1.2915725708007812,69097412.0
2019-05-17,TTB.BK,1.7832499742507935,1.7923940420150757,1.7466700077056885,1.755815029144287,1.2782573699951172,143597742.0
2019-05-21,TTB.BK,1.755815029144287,1.7649600505828857,1.7283799648284912,1.7466700077056885,1.2715996503829956,152124926.0
2019-05-22,TTB.BK,1.7466700077056885,1.755815029144287,1.7375249862670898,1.7375249862670898,1.264941930770874,57661823.0
2019-05-23,TTB.BK,1.7375249862670898,1.7466700077056885,1.7100909948349,1.7100909948349,1.2449697256088257,128922414.0
2019-05-24,TTB.BK,1.7100909948349,1.755815029144287,1.7009459733963013,1.7375249862670898,1.264941930770874,132866811.0
2019-05-27,TTB.BK,1.7375249862670898,1.7466700077056885,1.7283799648284912,1.7375249862670898,1.264941930770874,70535595.0
2019-05-28,TTB.BK,1.7375249862670898,1.7466700077056885,1.7192349433898926,1.7375249862670898,1.264941930770874,178406540.0
2019-05-29,TTB.BK,1.7375249862670898,1.7375249862670898,1.7100909948349,1.7283799648284912,1.258284330368042,64907304.0
2019-05-30,TTB.BK,1.7192349433898926,1.7375249862670898,1.7192349433898926,1.7283799648284912,1.258284330368042,24335058.0
2019-05-31,TTB.BK,1.7283799648284912,1.7375249862670898,1.7192349433898926,1.7283799648284912,1.258284330368042,50311692.0
2019-06-04,TTB.BK,1.7375249862670898,1.7741049528121948,1.7283799648284912,1.7466700077056885,1.2715996503829956,181894943.0
2019-06-05,TTB.BK,1.7466700077056885,1.7741049528121948,1.7466700077056885,1.755815029144287,1.2782573699951172,213650007.0
2019-06-06,TTB.BK,1.755815029144287,1.7649600505828857,1.755815029144287,1.7649600505828857,1.2849152088165283,42698683.0
2019-06-07,TTB.BK,1.7649600505828857,1.7741049528121948,1.755815029144287,1.755815029144287,1.2782573699951172,52328014.0
2019-06-10,TTB.BK,1.7649600505828857,1.7923940420150757,1.755815029144287,1.7923940420150757,1.3048874139785767,123418455.0
2019-06-11,TTB.BK,1.7923940420150757,1.847264051437378,1.7923940420150757,1.8289740085601807,1.3315181732177734,298895047.0
2019-06-12,TTB.BK,1.8289740085601807,1.847264051437378,1.819828987121582,1.8289740085601807,1.3315181732177734,146822391.0
2019-06-13,TTB.BK,1.819828987121582,1.847264051437378,1.8106839656829834,1.819828987121582,1.3248603343963623,72522610.0
2019-06-14,TTB.BK,1.819828987121582,1.847264051437378,1.8106839656829834,1.819828987121582,1.3248603343963623,66288515.0
2019-06-17,TTB.BK,1.8289740085601807,1.8289740085601807,1.8106839656829834,1.8106839656829834,1.3182026147842407,57535304.0
2019-06-18,TTB.BK,1.8106839656829834,1.8289740085601807,1.8015389442443848,1.819828987121582,1.3248603343963623,148201962.0
2019-06-19,TTB.BK,1.8289740085601807,1.847264051437378,1.8106839656829834,1.819828987121582,1.3248603343963623,134354201.0
2019-06-20,TTB.BK,1.819828987121582,1.8289740085601807,1.8106839656829834,1.819828987121582,1.3248603343963623,145035051.0
2019-06-21,TTB.BK,1.8289740085601807,1.847264051437378,1.819828987121582,1.8289740085601807,1.3315181732177734,181695159.0
2019-06-24,TTB.BK,1.847264051437378,1.847264051437378,1.8106839656829834,1.8106839656829834,1.3182026147842407,72449673.0
2019-06-25,TTB.BK,1.8106839656829834,1.819828987121582,1.8015389442443848,1.819828987121582,1.3248603343963623,98142760.0
2019-06-26,TTB.BK,1.8106839656829834,1.819828987121582,1.7923940420150757,1.8015389442443848,1.3115451335906982,108509663.0
2019-06-27,TTB.BK,1.8015389442443848,1.8106839656829834,1.7923940420150757,1.7923940420150757,1.3048874139785767,76338300.0
2019-06-28,TTB.BK,1.7923940420150757,1.8106839656829834,1.7923940420150757,1.7923940420150757,1.3048874139785767,72342509.0
2019-07-01,TTB.BK,1.8015389442443848,1.8289740085601807,1.7923940420150757,1.8106839656829834,1.3182026147842407,117250846.0
2019-07-02,TTB.BK,1.8106839656829834,1.8106839656829834,1.7923940420150757,1.8015389442443848,1.3115451335906982,40442883.0
2019-07-03,TTB.BK,1.8015389442443848,1.8106839656829834,1.7923940420150757,1.7923940420150757,1.3048874139785767,93987098.0
2019-07-04,TTB.BK,1.8015389442443848,1.8289740085601807,1.7832499742507935,1.8015389442443848,1.3115451335906982,237934326.0
2019-07-05,TTB.BK,1.8015389442443848,1.8015389442443848,1.7649600505828857,1.7741049528121948,1.2915725708007812,138565742.0
2019-07-08,TTB.BK,1.7741049528121948,1.7741049528121948,1.7649600505828857,1.7649600505828857,1.2849152088165283,65560129.0
2019-07-09,TTB.BK,1.755815029144287,1.7649600505828857,1.7192349433898926,1.7283799648284912,1.258284330368042,271254202.0
2019-07-10,TTB.BK,1.7283799648284912,1.7466700077056885,1.7283799648284912,1.7375249862670898,1.264941930770874,102562286.0
2019-07-11,TTB.BK,1.7466700077056885,1.7923940420150757,1.7375249862670898,1.7649600505828857,1.2849152088165283,216814403.0
2019-07-12,TTB.BK,1.7741049528121948,1.7832499742507935,1.7466700077056885,1.755815029144287,1.2782573699951172,70177799.0
2019-07-15,TTB.BK,1.755815029144287,1.7649600505828857,1.7466700077056885,1.7466700077056885,1.2715996503829956,39792355.0
2019-07-17,TTB.BK,1.755815029144287,1.755815029144287,1.7375249862670898,1.7466700077056885,1.2715996503829956,46230936.0
2019-07-18,TTB.BK,1.7375249862670898,1.755815029144287,1.7375249862670898,1.7466700077056885,1.2715996503829956,37914909.0
2019-07-19,TTB.BK,1.7649600505828857,1.7923940420150757,1.755815029144287,1.7741049528121948,1.2915725708007812,135248473.0
2019-07-22,TTB.BK,1.7649600505828857,1.7741049528121948,1.7375249862670898,1.755815029144287,1.2782573699951172,110124776.0
2019-07-23,TTB.BK,1.7649600505828857,1.7741049528121948,1.755815029144287,1.755815029144287,1.2782573699951172,59051782.0
2019-07-24,TTB.BK,1.755815029144287,1.7741049528121948,1.755815029144287,1.7649600505828857,1.2849152088165283,43113779.0
2019-07-25,TTB.BK,1.7466700077056885,1.7832499742507935,1.7466700077056885,1.7741049528121948,1.2915725708007812,100597579.0
2019-07-26,TTB.BK,1.7649600505828857,1.7741049528121948,1.7375249862670898,1.7466700077056885,1.2715996503829956,107152728.0
2019-07-30,TTB.BK,1.7375249862670898,1.7466700077056885,1.7192349433898926,1.7283799648284912,1.258284330368042,141600886.0
2019-07-31,TTB.BK,1.7192349433898926,1.7375249862670898,1.7100909948349,1.7283799648284912,1.258284330368042,95631189.0
2019-08-01,TTB.BK,1.7283799648284912,1.7283799648284912,1.7192349433898926,1.7192349433898926,1.2516266107559204,32330687.0
2019-08-02,TTB.BK,1.7192349433898926,1.7283799648284912,1.7009459733963013,1.7100909948349,1.2449697256088257,107665693.0
2019-08-05,TTB.BK,1.7009459733963013,1.7100909948349,1.6643660068511963,1.673511028289795,1.2183388471603394,127677017.0
2019-08-06,TTB.BK,1.646075963973999,1.673511028289795,1.646075963973999,1.6643660068511963,1.2116812467575073,57873198.0
2019-08-07,TTB.BK,1.6552209854125977,1.6643660068511963,1.6277869939804077,1.646075963973999,1.1983658075332642,120002989.0
2019-08-08,TTB.BK,1.646075963973999,1.6552209854125977,1.618641972541809,1.6369320154190063,1.1917089223861694,71393234.0
2019-08-09,TTB.BK,1.646075963973999,1.646075963973999,1.5546280145645142,1.5546280145645142,1.1317905187606812,298890017.0
2019-08-13,TTB.BK,1.4906140565872192,1.4997589588165283,1.444888949394226,1.444888949394226,1.0518988370895386,303970351.0
2019-08-14,TTB.BK,1.4540339708328247,1.4906140565872192,1.4265999794006348,1.4265999794006348,1.0385843515396118,156151444.0
2019-08-15,TTB.BK,1.4174549579620361,1.4265999794006348,1.3808749914169312,1.3900200128555298,1.011953592300415,143926561.0
2019-08-16,TTB.BK,1.3900200128555298,1.4174549579620361,1.3717299699783325,1.4174549579620361,1.0319265127182007,173062780.0
2019-08-19,TTB.BK,1.4174549579620361,1.435744047164917,1.3625849485397339,1.3900200128555298,1.011953592300415,133318211.0
2019-08-20,TTB.BK,1.3900200128555298,1.408310055732727,1.3808749914169312,1.3991650342941284,1.0186113119125366,71919540.0
2019-08-21,TTB.BK,1.3991650342941284,1.4174549579620361,1.3808749914169312,1.408310055732727,1.0252689123153687,78116346.0
2019-08-22,TTB.BK,1.3900200128555298,1.3991650342941284,1.3717299699783325,1.3717299699783325,0.9986382126808167,118669236.0
2019-08-23,TTB.BK,1.3808749914169312,1.3991650342941284,1.3717299699783325,1.3991650342941284,1.0186113119125366,60305599.0
2019-08-26,TTB.BK,1.3717299699783325,1.3900200128555298,1.3625849485397339,1.3808749914169312,1.005295753479004,56784610.0
2019-08-27,TTB.BK,1.3808749914169312,1.3808749914169312,1.3442959785461426,1.3534409999847412,0.9853236675262451,135352575.0
2019-08-28,TTB.BK,1.3534409999847412,1.3534409999847412,1.3077160120010376,1.3168610334396362,0.958692729473114,168869610.0
2019-08-29,TTB.BK,1.3260060548782349,1.4174549579620361,1.3260060548782349,1.3900200128555298,1.011953592300415,256624145.0
2019-08-30,TTB.BK,1.3900200128555298,1.4265999794006348,1.3900200128555298,1.4265999794006348,1.0385843515396118,117816737.0
2019-09-02,TTB.BK,1.4265999794006348,1.435744047164917,1.3808749914169312,1.4265999794006348,1.0385843515396118,97757626.0
2019-09-03,TTB.BK,1.4265999794006348,1.4265999794006348,1.3900200128555298,1.3991650342941284,1.0186113119125366,62942706.0
2019-09-04,TTB.BK,1.408310055732727,1.4265999794006348,1.3991650342941284,1.4265999794006348,1.0385843515396118,97192610.0
2019-09-05,TTB.BK,1.435744047164917,1.444888949394226,1.4174549579620361,1.435744047164917,1.045241355895996,77035850.0
2019-09-06,TTB.BK,1.444888949394226,1.4540339708328247,1.4265999794006348,1.435744047164917,1.045241355895996,55371905.0
2019-09-09,TTB.BK,1.435744047164917,1.435744047164917,1.408310055732727,1.4174549579620361,1.0319265127182007,41892985.0
2019-09-10,TTB.BK,1.4174549579620361,1.435744047164917,1.408310055732727,1.4265999794006348,1.0385843515396118,56833052.0
2019-09-11,TTB.BK,1.4265999794006348,1.5637730360031128,1.4265999794006348,1.5546280145645142,1.1317905187606812,412521677.0
2019-09-12,TTB.BK,1.5729180574417114,1.618641972541809,1.5637730360031128,1.6094969511032104,1.1717360019683838,405155472.0
2019-09-13,TTB.BK,1.618641972541809,1.6277869939804077,1.536337971687317,1.5729180574417114,1.1451058387756348,330219378.0
2019-09-16,TTB.BK,1.5729180574417114,1.582062005996704,1.5089030265808105,1.536337971687317,1.1184749603271484,147614092.0
2019-09-17,TTB.BK,1.5271929502487183,1.5912070274353027,1.5271929502487183,1.582062005996704,1.1517629623413086,251195857.0
2019-09-18,TTB.BK,1.582062005996704,1.5912070274353027,1.5546280145645142,1.5729180574417114,1.1451058387756348,159807264.0
2019-09-19,TTB.BK,1.582062005996704,1.5912070274353027,1.5454829931259155,1.5546280145645142,1.1317905187606812,186490852.0
2019-09-20,TTB.BK,1.5637730360031128,1.6094969511032104,1.5637730360031128,1.6094969511032104,1.1717360019683838,263670608.0
2019-09-23,TTB.BK,1.6094969511032104,1.6094969511032104,1.5637730360031128,1.5637730360031128,1.1384479999542236,180503781.0
2019-09-24,TTB.BK,1.5637730360031128,1.6003520488739014,1.5637730360031128,1.582062005996704,1.1517629623413086,317619093.0
2019-09-25,TTB.BK,1.582062005996704,1.6277869939804077,1.5729180574417114,1.618641972541809,1.1783934831619263,420991779.0
2019-09-26,TTB.BK,1.6100000143051147,1.6299999952316284,1.600000023841858,1.600000023841858,1.164821982383728,231106500.0
2019-09-27,TTB.BK,1.600000023841858,1.6100000143051147,1.5399999618530273,1.5700000524520874,1.1429816484451294,202669100.0
2019-09-30,TTB.BK,1.5700000524520874,1.5800000429153442,1.5499999523162842,1.5700000524520874,1.1429816484451294,69136100.0
2019-10-01,TTB.BK,1.5700000524520874,1.5700000524520874,1.5399999618530273,1.559999942779541,1.135701298713684,58060300.0
2019-10-02,TTB.BK,1.5399999618530273,1.5499999523162842,1.5099999904632568,1.5299999713897705,1.1138609647750854,105421900.0
2019-10-03,TTB.BK,1.5199999809265137,1.5399999618530273,1.5099999904632568,1.5399999618530273,1.121140956878662,79261500.0
2019-10-04,TTB.BK,1.5399999618530273,1.5399999618530273,1.5099999904632568,1.5299999713897705,1.1138609647750854,75498400.0
2019-10-07,TTB.BK,1.5299999713897705,1.5299999713897705,1.5,1.5199999809265137,1.1065808534622192,47517800.0
2019-10-08,TTB.BK,1.5099999904632568,1.5199999809265137,1.4900000095367432,1.5,1.0920207500457764,110138500.0
2019-10-09,TTB.BK,1.5,1.5,1.4800000190734863,1.4900000095367432,1.084740400314331,77479100.0
2019-10-10,TTB.BK,1.4900000095367432,1.5299999713897705,1.4900000095367432,1.5099999904632568,1.099300742149353,89183400.0
2019-10-11,TTB.BK,1.5099999904632568,1.5199999809265137,1.4700000286102295,1.4900000095367432,1.084740400314331,167128800.0
2019-10-15,TTB.BK,1.4900000095367432,1.4900000095367432,1.4500000476837158,1.4600000381469727,1.062900185585022,267087000.0
2019-10-16,TTB.BK,1.4600000381469727,1.4600000381469727,1.4199999570846558,1.440000057220459,1.0483397245407104,263614200.0
2019-10-17,TTB.BK,1.4500000476837158,1.4500000476837158,1.4299999475479126,1.440000057220459,1.0483397245407104,176445800.0
2019-10-18,TTB.BK,1.440000057220459,1.4600000381469727,1.440000057220459,1.4500000476837158,1.0556198358535767,513295500.0
2019-10-21,TTB.BK,1.4500000476837158,1.4500000476837158,1.4299999475479126,1.4299999475479126,1.0410594940185547,173854800.0
2019-10-22,TTB.BK,1.4299999475479126,1.440000057220459,1.409999966621399,1.4199999570846558,1.0337791442871094,248535000.0
2019-10-24,TTB.BK,1.4199999570846558,1.4299999475479126,1.409999966621399,1.4199999570846558,1.0337791442871094,248677800.0
2019-10-25,TTB.BK,1.4299999475479126,1.4299999475479126,1.409999966621399,1.4199999570846558,1.0337791442871094,119189900.0
2019-10-28,TTB.BK,1.409999966621399,1.4199999570846558,1.3899999856948853,1.399999976158142,1.019219160079956,153720000.0
2019-10-29,TTB.BK,1.409999966621399,1.4299999475479126,1.399999976158142,1.409999966621399,1.0264991521835327,103019000.0
2019-10-30,TTB.BK,1.409999966621399,1.4299999475479126,1.409999966621399,1.4199999570846558,1.0337791442871094,197730400.0
2019-10-31,TTB.BK,1.4199999570846558,1.440000057220459,1.409999966621399,1.440000057220459,1.0483397245407104,169955100.0
2019-11-01,TTB.BK,1.4299999475479126,1.440000057220459,1.4199999570846558,1.4299999475479126,1.0410594940185547,172658700.0
2019-11-04,TTB.BK,1.4299999475479126,1.4500000476837158,1.4299999475479126,1.440000057220459,1.0483397245407104,128408000.0
2019-11-05,TTB.BK,1.440000057220459,1.4500000476837158,1.4299999475479126,1.440000057220459,1.0483397245407104,195937600.0
2019-11-06,TTB.BK,1.440000057220459,1.4500000476837158,1.4299999475479126,1.440000057220459,1.0483397245407104,214097800.0
2019-11-07,TTB.BK,1.440000057220459,1.4500000476837158,1.440000057220459,1.4500000476837158,1.0556198358535767,130455200.0
2019-11-08,TTB.BK,1.4500000476837158,1.4700000286102295,1.4500000476837158,1.4600000381469727,1.062900185585022,340239500.0
2019-11-11,TTB.BK,1.4600000381469727,1.4600000381469727,1.440000057220459,1.440000057220459,1.0483397245407104,197064600.0
2019-11-12,TTB.BK,1.4500000476837158,1.4500000476837158,1.440000057220459,1.440000057220459,1.0483397245407104,124127400.0
2019-11-13,TTB.BK,1.4500000476837158,1.4500000476837158,1.4299999475479126,1.4299999475479126,1.0410594940185547,151947600.0
2019-11-14,TTB.BK,1.440000057220459,1.440000057220459,1.4299999475479126,1.4299999475479126,1.0410594940185547,129541700.0
2019-11-15,TTB.BK,1.4299999475479126,1.440000057220459,1.409999966621399,1.4199999570846558,1.0337791442871094,247564300.0
2019-11-18,TTB.BK,1.4299999475479126,1.4299999475479126,1.409999966621399,1.4199999570846558,1.0337791442871094,95087900.0
2019-11-19,TTB.BK,1.4199999570846558,1.4299999475479126,1.399999976158142,1.399999976158142,1.019219160079956,255661900.0
2019-11-20,TTB.BK,1.409999966621399,1.409999966621399,1.399999976158142,1.409999966621399,1.0264991521835327,227400700.0
2019-11-21,TTB.BK,1.409999966621399,1.409999966621399,1.399999976158142,1.409999966621399,1.0264991521835327,236129400.0
2019-11-22,TTB.BK,1.409999966621399,1.4500000476837158,1.409999966621399,1.4500000476837158,1.0556198358535767,202055200.0
2019-11-25,TTB.BK,1.4500000476837158,1.5,1.4500000476837158,1.4800000190734863,1.0774601697921753,294458100.0
2019-11-26,TTB.BK,1.4900000095367432,1.590000033378601,1.4800000190734863,1.5299999713897705,1.1138609647750854,875046000.0
2019-11-27,TTB.BK,1.5499999523162842,1.6699999570846558,1.5399999618530273,1.659999966621399,1.2085026502609253,973895500.0
2019-11-28,TTB.BK,1.6699999570846558,1.7200000286102295,1.6100000143051147,1.6399999856948853,1.1939424276351929,727934100.0
2019-11-29,TTB.BK,1.6100000143051147,1.6200000047683716,1.5700000524520874,1.600000023841858,1.186526894569397,615430300.0
2019-12-02,TTB.BK,1.600000023841858,1.6100000143051147,1.5700000524520874,1.5800000429153442,1.1716951131820679,130339000.0
2019-12-03,TTB.BK,1.5299999713897705,1.5800000429153442,1.4900000095367432,1.559999942779541,1.1568634510040283,458415900.0
2019-12-04,TTB.BK,1.5499999523162842,1.559999942779541,1.5,1.5099999904632568,1.1197844743728638,559978200.0
2019-12-06,TTB.BK,1.5099999904632568,1.5399999618530273,1.4800000190734863,1.4900000095367432,1.1049530506134033,417683300.0
2019-12-09,TTB.BK,1.4800000190734863,1.4900000095367432,1.440000057220459,1.4900000095367432,1.1049530506134033,562466900.0
2019-12-11,TTB.BK,1.5099999904632568,1.5499999523162842,1.4900000095367432,1.5299999713897705,1.1346161365509033,624256900.0
2019-12-12,TTB.BK,1.5499999523162842,1.5499999523162842,1.4800000190734863,1.4800000190734863,1.0975372791290283,600522400.0
2019-12-13,TTB.BK,1.5,1.5199999809265137,1.5,1.5099999904632568,1.1197844743728638,285922800.0
2019-12-16,TTB.BK,1.5,1.5299999713897705,1.4900000095367432,1.5,1.1123687028884888,127105600.0
2019-12-17,TTB.BK,1.5099999904632568,1.5700000524520874,1.4900000095367432,1.5700000524520874,1.1642793416976929,447647600.0
2019-12-18,TTB.BK,1.559999942779541,1.5700000524520874,1.5399999618530273,1.5499999523162842,1.1494475603103638,303816500.0
2019-12-19,TTB.BK,1.5700000524520874,1.6399999856948853,1.5499999523162842,1.6200000047683716,1.2013581991195679,1026990500.0
2019-12-20,TTB.BK,1.6100000143051147,1.649999976158142,1.590000033378601,1.590000033378601,1.1791108846664429,452785700.0
2019-12-23,TTB.BK,1.600000023841858,1.6699999570846558,1.590000033378601,1.649999976158142,1.2236056327819824,571444600.0
2019-12-24,TTB.BK,1.659999966621399,1.659999966621399,1.6200000047683716,1.6399999856948853,1.2161898612976074,368798400.0
2019-12-25,TTB.BK,1.6399999856948853,1.659999966621399,1.6200000047683716,1.6200000047683716,1.2013581991195679,167424500.0
2019-12-26,TTB.BK,1.6299999952316284,1.649999976158142,1.6200000047683716,1.6399999856948853,1.2161898612976074,205011600.0
2019-12-27,TTB.BK,1.649999976158142,1.659999966621399,1.6100000143051147,1.6200000047683716,1.2013581991195679,189123200.0
2019-12-30,TTB.BK,1.6299999952316284,1.6799999475479126,1.6200000047683716,1.6799999475479126,1.2458528280258179,261234000.0
2020-01-02,TTB.BK,1.6699999570846558,1.7100000381469727,1.649999976158142,1.6799999475479126,1.2458528280258179,411018900.0
2020-01-03,TTB.BK,1.6799999475479126,1.7100000381469727,1.659999966621399,1.6699999570846558,1.2384371757507324,368357600.0
2020-01-06,TTB.BK,1.6299999952316284,1.6399999856948853,1.5800000429153442,1.590000033378601,1.1791108846664429,397080200.0
2020-01-07,TTB.BK,1.6200000047683716,1.6299999952316284,1.559999942779541,1.590000033378601,1.1791108846664429,391311000.0
2020-01-08,TTB.BK,1.5399999618530273,1.5700000524520874,1.5199999809265137,1.5399999618530273,1.1420317888259888,502289100.0
2020-01-09,TTB.BK,1.5700000524520874,1.6299999952316284,1.559999942779541,1.6100000143051147,1.1939424276351929,358329400.0
2020-01-10,TTB.BK,1.6100000143051147,1.6399999856948853,1.5800000429153442,1.600000023841858,1.186526894569397,308572100.0
2020-01-13,TTB.BK,1.6100000143051147,1.6200000047683716,1.5800000429153442,1.590000033378601,1.1791108846664429,126253400.0
2020-01-14,TTB.BK,1.590000033378601,1.6100000143051147,1.559999942779541,1.5800000429153442,1.1716951131820679,143128400.0
2020-01-15,TTB.BK,1.5700000524520874,1.590000033378601,1.5499999523162842,1.5700000524520874,1.1642793416976929,202657600.0
2020-01-16,TTB.BK,1.5499999523162842,1.590000033378601,1.5499999523162842,1.5800000429153442,1.1716951131820679,202921900.0
2020-01-17,TTB.BK,1.5800000429153442,1.600000023841858,1.5499999523162842,1.559999942779541,1.1568634510040283,340034200.0
2020-01-20,TTB.BK,1.5299999713897705,1.5399999618530273,1.5,1.5099999904632568,1.1197844743728638,242817100.0
2020-01-21,TTB.BK,1.5199999809265137,1.559999942779541,1.5099999904632568,1.5299999713897705,1.1346161365509033,256824500.0
2020-01-22,TTB.BK,1.5199999809265137,1.5499999523162842,1.5199999809265137,1.5299999713897705,1.1346161365509033,164892800.0
2020-01-23,TTB.BK,1.5199999809265137,1.5399999618530273,1.5199999809265137,1.5199999809265137,1.1272004842758179,98452500.0
2020-01-24,TTB.BK,1.5199999809265137,1.5299999713897705,1.5099999904632568,1.5199999809265137,1.1272004842758179,122042900.0
2020-01-27,TTB.BK,1.5,1.5,1.399999976158142,1.4199999570846558,1.0530421733856201,414284900.0
2020-01-28,TTB.BK,1.4199999570846558,1.4600000381469727,1.409999966621399,1.4500000476837158,1.0752898454666138,199270900.0
2020-01-29,TTB.BK,1.4600000381469727,1.4700000286102295,1.4199999570846558,1.4299999475479126,1.0604580640792847,113291800.0
2020-01-30,TTB.BK,1.4199999570846558,1.4500000476837158,1.4199999570846558,1.4299999475479126,1.0604580640792847,106870700.0
2020-01-31,TTB.BK,1.4299999475479126,1.440000057220459,1.409999966621399,1.409999966621399,1.0456266403198242,182578100.0
2020-02-03,TTB.BK,1.409999966621399,1.4199999570846558,1.399999976158142,1.399999976158142,1.0382107496261597,74969300.0
2020-02-04,TTB.BK,1.409999966621399,1.4199999570846558,1.399999976158142,1.409999966621399,1.0456266403198242,130065400.0
2020-02-05,TTB.BK,1.409999966621399,1.4299999475479126,1.399999976158142,1.409999966621399,1.0456266403198242,146105300.0
2020-02-06,TTB.BK,1.409999966621399,1.4600000381469727,1.409999966621399,1.440000057220459,1.0678740739822388,199610100.0
2020-02-07,TTB.BK,1.440000057220459,1.4800000190734863,1.4299999475479126,1.4700000286102295,1.0901212692260742,287833100.0
2020-02-11,TTB.BK,1.4800000190734863,1.4900000095367432,1.4199999570846558,1.4299999475479126,1.0604580640792847,243440400.0
2020-02-12,TTB.BK,1.4299999475479126,1.4500000476837158,1.4199999570846558,1.4500000476837158,1.0752898454666138,117122300.0
2020-02-13,TTB.BK,1.440000057220459,1.4500000476837158,1.4199999570846558,1.4199999570846558,1.0530421733856201,141582500.0
2020-02-14,TTB.BK,1.4299999475479126,1.440000057220459,1.409999966621399,1.409999966621399,1.0456266403198242,100668000.0
2020-02-17,TTB.BK,1.409999966621399,1.4299999475479126,1.409999966621399,1.409999966621399,1.0456266403198242,99302700.0
2020-02-18,TTB.BK,1.409999966621399,1.4199999570846558,1.399999976158142,1.409999966621399,1.0456266403198242,107704000.0
2020-02-19,TTB.BK,1.409999966621399,1.4199999570846558,1.3700000047683716,1.3899999856948853,1.0307949781417847,276872200.0
2020-02-20,TTB.BK,1.3799999952316284,1.3799999952316284,1.3200000524520874,1.340000033378601,0.9937160015106201,430480300.0
2020-02-21,TTB.BK,1.3200000524520874,1.340000033378601,1.309999942779541,1.3300000429153442,0.9863003492355347,173482200.0
2020-02-24,TTB.BK,1.2999999523162842,1.3200000524520874,1.2400000095367432,1.2400000095367432,0.9195581674575806,369835100.0
2020-02-25,TTB.BK,1.2400000095367432,1.2599999904632568,1.190000057220459,1.2200000286102295,0.9047265648841858,329152200.0
2020-02-26,TTB.BK,1.2000000476837158,1.2100000381469727,1.0700000524520874,1.0700000524520874,0.7934896349906921,626402600.0
2020-02-27,TTB.BK,1.0800000429153442,1.149999976158142,1.0800000429153442,1.1399999856948853,0.8454001545906067,370068200.0
2020-02-28,TTB.BK,1.0700000524520874,1.1100000143051147,1.0499999523162842,1.090000033378601,0.8083211183547974,392006200.0
2020-03-02,TTB.BK,1.1200000047683716,1.149999976158142,1.100000023841858,1.1399999856948853,0.8454001545906067,291319600.0
2020-03-03,TTB.BK,1.159999966621399,1.1699999570846558,1.1200000047683716,1.1399999856948853,0.8454001545906067,403624700.0
2020-03-04,TTB.BK,1.1200000047683716,1.159999966621399,1.1100000143051147,1.1399999856948853,0.8454001545906067,180211300.0
2020-03-05,TTB.BK,1.1399999856948853,1.159999966621399,1.1299999952316284,1.1299999952316284,0.8379845023155212,199439500.0
2020-03-06,TTB.BK,1.1200000047683716,1.1299999952316284,1.059999942779541,1.0700000524520874,0.7934896349906921,413468700.0
2020-03-09,TTB.BK,1.0,1.0499999523162842,0.9700000286102295,1.0,0.7415792346000671,432635100.0
2020-03-10,TTB.BK,1.0,1.0299999713897705,0.9900000095367432,1.0,0.7415792346000671,325841000.0
2020-03-11,TTB.BK,1.0,1.0199999809265137,0.9900000095367432,1.0199999809265137,0.7564106583595276,224144400.0
2020-03-12,TTB.BK,0.9900000095367432,0.9900000095367432,0.8100000023841858,0.8399999737739563,0.6229264140129089,551096300.0
2020-03-13,TTB.BK,0.7200000286102295,0.8700000047683716,0.6000000238418579,0.8299999833106995,0.6155107021331787,789045100.0
2020-03-16,TTB.BK,0.7699999809265137,0.7900000214576721,0.6899999976158142,0.6899999976158142,0.5116896033287048,463004300.0
2020-03-17,TTB.BK,0.699999988079071,0.75,0.6899999976158142,0.7200000286102295,0.5339370369911194,304010800.0
2020-03-18,TTB.BK,0.7400000095367432,0.7699999809265137,0.7099999785423279,0.7400000095367432,0.5487686395645142,230153400.0
2020-03-19,TTB.BK,0.7200000286102295,0.7599999904632568,0.7099999785423279,0.75,0.5561843514442444,281556400.0
2020-03-20,TTB.BK,0.7900000214576721,0.8500000238418579,0.7699999809265137,0.7900000214576721,0.5858475565910339,551199700.0
2020-03-23,TTB.BK,0.7300000190734863,0.7599999904632568,0.6800000071525574,0.6800000071525574,0.5042738318443298,379059000.0
2020-03-24,TTB.BK,0.7300000190734863,0.7400000095367432,0.6899999976158142,0.699999988079071,0.5191053748130798,357785200.0
2020-03-25,TTB.BK,0.7400000095367432,0.7599999904632568,0.7099999785423279,0.7400000095367432,0.5487686395645142,333231300.0
2020-03-26,TTB.BK,0.7400000095367432,0.7699999809265137,0.7200000286102295,0.7699999809265137,0.5710158944129944,446598100.0
2020-03-27,TTB.BK,0.800000011920929,0.8500000238418579,0.7799999713897705,0.8100000023841858,0.6006790995597839,473563600.0
2020-03-30,TTB.BK,0.8199999928474426,0.8199999928474426,0.8199999928474426,0.8199999928474426,0.6080949306488037,10580300.0
2020-03-31,TTB.BK,0.8600000143051147,0.8899999856948853,0.8500000238418579,0.8799999952316284,0.6525895595550537,581149300.0
2020-04-01,TTB.BK,0.8700000047683716,0.8700000047683716,0.8100000023841858,0.8100000023841858,0.6006790995597839,572299000.0
2020-04-02,TTB.BK,0.8100000023841858,0.8199999928474426,0.7900000214576721,0.8199999928474426,0.6080949306488037,351404100.0
2020-04-03,TTB.BK,0.8299999833106995,0.8299999833106995,0.7799999713897705,0.7900000214576721,0.5858475565910339,304523900.0
2020-04-07,TTB.BK,0.8199999928474426,0.8500000238418579,0.8100000023841858,0.8500000238418579,0.6303422451019287,368211500.0
2020-04-08,TTB.BK,0.8500000238418579,0.8799999952316284,0.8100000023841858,0.8700000047683716,0.6528545022010803,548387500.0
2020-04-09,TTB.BK,0.8799999952316284,0.9200000166893005,0.8700000047683716,0.8799999952316284,0.6603585481643677,483698300.0
2020-04-10,TTB.BK,0.8799999952316284,0.8899999856948853,0.8500000238418579,0.8799999952316284,0.6603585481643677,232555600.0
2020-04-13,TTB.BK,0.8799999952316284,0.9200000166893005,0.8600000143051147,0.8999999761581421,0.6753666996955872,213870800.0
2020-04-14,TTB.BK,0.9300000071525574,0.949999988079071,0.9100000262260437,0.9399999976158142,0.7053830027580261,305146600.0
2020-04-15,TTB.BK,0.9399999976158142,0.949999988079071,0.9200000166893005,0.9300000071525574,0.6978790163993835,224344700.0
2020-04-16,TTB.BK,0.9200000166893005,0.9200000166893005,0.8799999952316284,0.8799999952316284,0.6603585481643677,248152100.0
2020-04-17,TTB.BK,0.8999999761581421,0.9100000262260437,0.8899999856948853,0.8999999761581421,0.6753666996955872,128826000.0
2020-04-20,TTB.BK,0.9100000262260437,0.949999988079071,0.8999999761581421,0.9399999976158142,0.7053830027580261,346239000.0
2020-04-21,TTB.BK,0.9300000071525574,0.949999988079071,0.9100000262260437,0.9200000166893005,0.6903749108314514,372156900.0
2020-04-22,TTB.BK,0.9200000166893005,0.9300000071525574,0.8999999761581421,0.9300000071525574,0.6978790163993835,346436000.0
2020-04-23,TTB.BK,0.9200000166893005,0.9399999976158142,0.9200000166893005,0.9200000166893005,0.6903749108314514,141375900.0
2020-04-24,TTB.BK,0.9300000071525574,0.9300000071525574,0.9100000262260437,0.9100000262260437,0.6828707456588745,130604300.0
2020-04-27,TTB.BK,0.9200000166893005,0.9200000166893005,0.8999999761581421,0.9100000262260437,0.6828707456588745,93534100.0
2020-04-28,TTB.BK,0.9100000262260437,0.9300000071525574,0.8999999761581421,0.9100000262260437,0.6828707456588745,280091500.0
2020-04-29,TTB.BK,0.9200000166893005,0.9300000071525574,0.9100000262260437,0.9300000071525574,0.6978790163993835,168890300.0
2020-04-30,TTB.BK,0.9300000071525574,0.9599999785423279,0.9200000166893005,0.9599999785423279,0.7203911542892456,375506600.0
2020-05-05,TTB.BK,0.9399999976158142,0.949999988079071,0.9100000262260437,0.9200000166893005,0.6903749108314514,329935500.0
2020-05-07,TTB.BK,0.9100000262260437,0.9200000166893005,0.8899999856948853,0.8999999761581421,0.6753666996955872,359123400.0
2020-05-08,TTB.BK,0.9100000262260437,0.9200000166893005,0.8899999856948853,0.8999999761581421,0.6753666996955872,202520900.0
2020-05-11,TTB.BK,0.9100000262260437,0.9300000071525574,0.8999999761581421,0.9200000166893005,0.6903749108314514,260719500.0
2020-05-12,TTB.BK,0.9200000166893005,0.9300000071525574,0.9100000262260437,0.9200000166893005,0.6903749108314514,131528600.0
2020-05-13,TTB.BK,0.9300000071525574,0.949999988079071,0.9200000166893005,0.9300000071525574,0.6978790163993835,288212800.0
2020-05-14,TTB.BK,0.9200000166893005,0.9300000071525574,0.9100000262260437,0.9300000071525574,0.6978790163993835,108435900.0
2020-05-15,TTB.BK,0.9300000071525574,0.9300000071525574,0.9200000166893005,0.9200000166893005,0.6903749108314514,85730600.0
2020-05-18,TTB.BK,0.9300000071525574,0.949999988079071,0.9200000166893005,0.9399999976158142,0.7053830027580261,187482000.0
2020-05-19,TTB.BK,0.9599999785423279,0.9700000286102295,0.9399999976158142,0.9700000286102295,0.7278952598571777,342994500.0
2020-05-20,TTB.BK,0.9800000190734863,1.059999942779541,0.9700000286102295,1.0399999618530273,0.7804237604141235,654255200.0
2020-05-21,TTB.BK,1.0399999618530273,1.059999942779541,1.0199999809265137,1.0499999523162842,0.7879278659820557,316559000.0
2020-05-22,TTB.BK,1.0299999713897705,1.0399999618530273,0.9800000190734863,1.0099999904632568,0.7579115629196167,406092900.0
2020-05-25,TTB.BK,1.0199999809265137,1.0399999618530273,1.0099999904632568,1.0299999713897705,0.7729197144508362,135321400.0
2020-05-26,TTB.BK,1.0499999523162842,1.0700000524520874,1.0399999618530273,1.0700000524520874,0.8029360175132751,451401600.0
2020-05-27,TTB.BK,1.0700000524520874,1.1399999856948853,1.0700000524520874,1.1100000143051147,0.8329522013664246,941925600.0
2020-05-28,TTB.BK,1.1399999856948853,1.159999966621399,1.1200000047683716,1.1399999856948853,0.8554643988609314,646050200.0
2020-05-29,TTB.BK,1.1299999952316284,1.149999976158142,1.100000023841858,1.149999976158142,0.8629685640335083,567314900.0
2020-06-01,TTB.BK,1.1699999570846558,1.1799999475479126,1.149999976158142,1.159999966621399,0.8704727292060852,399602400.0
2020-06-02,TTB.BK,1.1699999570846558,1.2100000381469727,1.1699999570846558,1.190000057220459,0.8929848670959473,604204000.0
2020-06-04,TTB.BK,1.2200000286102295,1.309999942779541,1.2100000381469727,1.2999999523162842,0.9755297303199768,1222897100.0
2020-06-05,TTB.BK,1.2999999523162842,1.309999942779541,1.2599999904632568,1.2799999713897705,0.960521399974823,656849500.0
2020-06-08,TTB.BK,1.2799999713897705,1.2899999618530273,1.2300000190734863,1.25,0.9380092620849609,530379000.0
2020-06-09,TTB.BK,1.2400000095367432,1.2799999713897705,1.2100000381469727,1.2200000286102295,0.9154970645904541,594264100.0
2020-06-10,TTB.BK,1.2400000095367432,1.25,1.2100000381469727,1.2300000190734863,0.9230011701583862,447889300.0
2020-06-11,TTB.BK,1.2200000286102295,1.2400000095367432,1.1799999475479126,1.190000057220459,0.8929848670959473,520322000.0
2020-06-12,TTB.BK,1.1399999856948853,1.1699999570846558,1.1200000047683716,1.149999976158142,0.8629685640335083,418605500.0
2020-06-15,TTB.BK,1.1399999856948853,1.159999966621399,1.0700000524520874,1.0800000429153442,0.810440182685852,647444800.0
2020-06-16,TTB.BK,1.1200000047683716,1.1399999856948853,1.1100000143051147,1.1299999952316284,0.8479605913162231,232741300.0
2020-06-17,TTB.BK,1.1200000047683716,1.1399999856948853,1.100000023841858,1.1299999952316284,0.8479605913162231,238498600.0
2020-06-18,TTB.BK,1.1100000143051147,1.1200000047683716,1.0800000429153442,1.090000033378601,0.8179440498352051,559955700.0
2020-06-19,TTB.BK,1.090000033378601,1.100000023841858,1.0800000429153442,1.100000023841858,0.8254481554031372,292965400.0
2020-06-22,TTB.BK,1.0399999618530273,1.0700000524520874,1.0299999713897705,1.0499999523162842,0.7879278659820557,558553500.0
2020-06-23,TTB.BK,1.059999942779541,1.0800000429153442,1.0499999523162842,1.0800000429153442,0.810440182685852,412381100.0
2020-06-24,TTB.BK,1.090000033378601,1.1100000143051147,1.059999942779541,1.059999942779541,0.7954318523406982,471841200.0
2020-06-25,TTB.BK,1.0499999523162842,1.0700000524520874,1.0399999618530273,1.059999942779541,0.7954318523406982,450824200.0
2020-06-26,TTB.BK,1.0700000524520874,1.0800000429153442,1.0499999523162842,1.0499999523162842,0.7879278659820557,161261300.0
2020-06-29,TTB.BK,1.0399999618530273,1.0499999523162842,1.0299999713897705,1.0399999618530273,0.7804237604141235,250134700.0
2020-06-30,TTB.BK,1.0499999523162842,1.0700000524520874,1.0499999523162842,1.0499999523162842,0.7879278659820557,209660500.0
2020-07-01,TTB.BK,1.059999942779541,1.0700000524520874,1.0399999618530273,1.059999942779541,0.7954318523406982,215846600.0
2020-07-02,TTB.BK,1.059999942779541,1.090000033378601,1.0499999523162842,1.0800000429153442,0.810440182685852,290763200.0
2020-07-03,TTB.BK,1.0800000429153442,1.090000033378601,1.0499999523162842,1.059999942779541,0.7954318523406982,164576100.0
2020-07-07,TTB.BK,1.090000033378601,1.100000023841858,1.0499999523162842,1.059999942779541,0.7954318523406982,250237700.0
2020-07-08,TTB.BK,1.059999942779541,1.0800000429153442,1.0499999523162842,1.0499999523162842,0.7879278659820557,198824600.0
2020-07-09,TTB.BK,1.059999942779541,1.0700000524520874,1.0399999618530273,1.0499999523162842,0.7879278659820557,206345000.0
2020-07-10,TTB.BK,1.0399999618530273,1.0499999523162842,1.0299999713897705,1.0399999618530273,0.7804237604141235,134045300.0
2020-07-13,TTB.BK,1.0499999523162842,1.059999942779541,1.0099999904632568,1.0099999904632568,0.7579115629196167,379741300.0
2020-07-14,TTB.BK,1.0099999904632568,1.0099999904632568,0.9900000095367432,1.0,0.7504075765609741,254415500.0
2020-07-15,TTB.BK,1.0199999809265137,1.0399999618530273,1.0099999904632568,1.0299999713897705,0.7729197144508362,225799400.0
2020-07-16,TTB.BK,1.0299999713897705,1.0299999713897705,1.0099999904632568,1.0199999809265137,0.7654155492782593,114350000.0
2020-07-17,TTB.BK,1.0299999713897705,1.0399999618530273,1.0199999809265137,1.0199999809265137,0.7654155492782593,88177600.0
2020-07-20,TTB.BK,1.0299999713897705,1.0499999523162842,1.0199999809265137,1.0399999618530273,0.7804237604141235,254108800.0
2020-07-21,TTB.BK,1.0499999523162842,1.059999942779541,1.0399999618530273,1.0499999523162842,0.7879278659820557,217002800.0
2020-07-22,TTB.BK,1.0499999523162842,1.0499999523162842,1.0099999904632568,1.0199999809265137,0.7654155492782593,232560300.0
2020-07-23,TTB.BK,1.0199999809265137,1.0399999618530273,1.0199999809265137,1.0199999809265137,0.7654155492782593,159169800.0
2020-07-24,TTB.BK,1.0199999809265137,1.0199999809265137,1.0,1.0199999809265137,0.7654155492782593,186565100.0
2020-07-29,TTB.BK,1.0099999904632568,1.0199999809265137,0.9800000190734863,0.9900000095367432,0.7429033517837524,284619000.0
2020-07-30,TTB.BK,1.0,1.0099999904632568,0.9800000190734863,0.9800000190734863,0.7353993654251099,192518600.0
2020-07-31,TTB.BK,0.9800000190734863,0.9900000095367432,0.9399999976158142,0.949999988079071,0.7128870487213135,388670000.0
2020-08-03,TTB.BK,0.949999988079071,0.949999988079071,0.9200000166893005,0.9399999976158142,0.7053830027580261,163310300.0
2020-08-04,TTB.BK,0.949999988079071,0.9700000286102295,0.9399999976158142,0.949999988079071,0.7128870487213135,223751900.0
2020-08-05,TTB.BK,0.9599999785423279,0.9599999785423279,0.9399999976158142,0.949999988079071,0.7128870487213135,153023100.0
2020-08-06,TTB.BK,0.9599999785423279,0.9700000286102295,0.949999988079071,0.949999988079071,0.7128870487213135,167483500.0
2020-08-07,TTB.BK,0.949999988079071,0.949999988079071,0.9399999976158142,0.9399999976158142,0.7053830027580261,66797000.0
2020-08-10,TTB.BK,0.949999988079071,0.949999988079071,0.9300000071525574,0.9300000071525574,0.6978790163993835,112065100.0
2020-08-11,TTB.BK,0.9399999976158142,0.9700000286102295,0.9399999976158142,0.949999988079071,0.7128870487213135,173990100.0
2020-08-13,TTB.BK,0.9700000286102295,1.0299999713897705,0.9700000286102295,1.0299999713897705,0.7729197144508362,596906400.0
2020-08-14,TTB.BK,1.0199999809265137,1.0199999809265137,0.9900000095367432,1.0,0.7504075765609741,315447500.0
2020-08-17,TTB.BK,1.0,1.0099999904632568,0.9599999785423279,0.9700000286102295,0.7278952598571777,299536000.0
2020-08-18,TTB.BK,0.9700000286102295,1.0,0.9700000286102295,0.9800000190734863,0.7353993654251099,192659000.0
2020-08-19,TTB.BK,0.9900000095367432,0.9900000095367432,0.9599999785423279,0.9599999785423279,0.7203911542892456,359793900.0
2020-08-20,TTB.BK,0.9399999976158142,0.949999988079071,0.9200000166893005,0.9300000071525574,0.6978790163993835,292938700.0
2020-08-21,TTB.BK,0.9399999976158142,0.949999988079071,0.9200000166893005,0.9300000071525574,0.6978790163993835,114274900.0
2020-08-24,TTB.BK,0.9399999976158142,0.9399999976158142,0.9100000262260437,0.9200000166893005,0.6903749108314514,154062100.0
2020-08-25,TTB.BK,0.9300000071525574,0.949999988079071,0.9200000166893005,0.9300000071525574,0.6978790163993835,182690300.0
2020-08-26,TTB.BK,0.9300000071525574,0.9399999976158142,0.9200000166893005,0.9399999976158142,0.7053830027580261,142613300.0
2020-08-27,TTB.BK,0.9300000071525574,0.9399999976158142,0.9200000166893005,0.9300000071525574,0.6978790163993835,84349600.0
2020-08-28,TTB.BK,0.9399999976158142,0.9599999785423279,0.9300000071525574,0.949999988079071,0.7128870487213135,302212700.0
2020-08-31,TTB.BK,0.9599999785423279,0.9800000190734863,0.9300000071525574,0.9399999976158142,0.7053830027580261,417125900.0
2020-09-01,TTB.BK,0.949999988079071,0.949999988079071,0.9300000071525574,0.9399999976158142,0.7053830027580261,97531600.0
2020-09-02,TTB.BK,0.9300000071525574,0.949999988079071,0.9200000166893005,0.9399999976158142,0.7053830027580261,180560700.0
2020-09-03,TTB.BK,0.9399999976158142,0.949999988079071,0.9300000071525574,0.9300000071525574,0.6978790163993835,91851300.0
2020-09-08,TTB.BK,0.9300000071525574,0.9300000071525574,0.9200000166893005,0.9200000166893005,0.6903749108314514,116511600.0
2020-09-09,TTB.BK,0.9200000166893005,0.9200000166893005,0.8999999761581421,0.9100000262260437,0.6828707456588745,243496100.0
2020-09-10,TTB.BK,0.9100000262260437,0.9200000166893005,0.8999999761581421,0.9200000166893005,0.6903749108314514,125922500.0
2020-09-11,TTB.BK,0.9100000262260437,0.9200000166893005,0.9100000262260437,0.9100000262260437,0.6828707456588745,97730900.0
2020-09-14,TTB.BK,0.9100000262260437,0.9200000166893005,0.9100000262260437,0.9100000262260437,0.6828707456588745,62730800.0
2020-09-15,TTB.BK,0.9200000166893005,0.9200000166893005,0.9100000262260437,0.9100000262260437,0.6828707456588745,32156000.0
2020-09-16,TTB.BK,0.9100000262260437,0.9200000166893005,0.8999999761581421,0.8999999761581421,0.6753666996955872,69028400.0
2020-09-17,TTB.BK,0.8999999761581421,0.9100000262260437,0.8899999856948853,0.8899999856948853,0.667862594127655,107427600.0
2020-09-18,TTB.BK,0.8999999761581421,0.9100000262260437,0.8899999856948853,0.9100000262260437,0.6828707456588745,186806400.0
2020-09-21,TTB.BK,0.9100000262260437,0.9200000166893005,0.8899999856948853,0.8999999761581421,0.6753666996955872,87281100.0
2020-09-22,TTB.BK,0.8899999856948853,0.8999999761581421,0.8700000047683716,0.8799999952316284,0.6603585481643677,149920200.0
2020-09-23,TTB.BK,0.8799999952316284,0.8999999761581421,0.8799999952316284,0.8999999761581421,0.6753666996955872,128715500.0
2020-09-24,TTB.BK,0.8799999952316284,0.9100000262260437,0.8799999952316284,0.9100000262260437,0.6828707456588745,216330600.0
2020-09-25,TTB.BK,0.8999999761581421,0.9200000166893005,0.8799999952316284,0.8999999761581421,0.6753666996955872,173276100.0
2020-09-28,TTB.BK,0.9100000262260437,0.9300000071525574,0.8999999761581421,0.9300000071525574,0.6978790163993835,239285000.0
2020-09-29,TTB.BK,0.9300000071525574,0.9300000071525574,0.8999999761581421,0.8999999761581421,0.6753666996955872,182926200.0
2020-09-30,TTB.BK,0.8999999761581421,0.9100000262260437,0.8799999952316284,0.8899999856948853,0.667862594127655,149736400.0
2020-10-01,TTB.BK,0.8999999761581421,0.8999999761581421,0.8799999952316284,0.8899999856948853,0.667862594127655,130981400.0
2020-10-02,TTB.BK,0.8899999856948853,0.8899999856948853,0.8500000238418579,0.8600000143051147,0.645350456237793,424673100.0
2020-10-05,TTB.BK,0.8600000143051147,0.8700000047683716,0.8500000238418579,0.8600000143051147,0.645350456237793,173320900.0
2020-10-06,TTB.BK,0.8600000143051147,0.8600000143051147,0.8399999737739563,0.8500000238418579,0.6378462910652161,122202900.0
2020-10-07,TTB.BK,0.8500000238418579,0.8799999952316284,0.8399999737739563,0.8700000047683716,0.6528545022010803,213374300.0
2020-10-08,TTB.BK,0.8799999952316284,0.8899999856948853,0.8700000047683716,0.8700000047683716,0.6528545022010803,156408800.0
2020-10-09,TTB.BK,0.8799999952316284,0.8799999952316284,0.8500000238418579,0.8600000143051147,0.645350456237793,155082700.0
2020-10-12,TTB.BK,0.8600000143051147,0.8700000047683716,0.8500000238418579,0.8600000143051147,0.645350456237793,124000300.0
2020-10-14,TTB.BK,0.8500000238418579,0.8600000143051147,0.8399999737739563,0.8500000238418579,0.6378462910652161,159881200.0
2020-10-15,TTB.BK,0.8399999737739563,0.8500000238418579,0.8299999833106995,0.8399999737739563,0.6303422451019287,148109800.0
2020-10-16,TTB.BK,0.8399999737739563,0.8399999737739563,0.8299999833106995,0.8399999737739563,0.6303422451019287,72400700.0
2020-10-19,TTB.BK,0.8299999833106995,0.8299999833106995,0.800000011920929,0.8199999928474426,0.6153340935707092,167063600.0
2020-10-20,TTB.BK,0.8199999928474426,0.8299999833106995,0.800000011920929,0.8100000023841858,0.6078300476074219,152343800.0
2020-10-21,TTB.BK,0.8199999928474426,0.8399999737739563,0.8100000023841858,0.8299999833106995,0.6228381991386414,195026200.0
2020-10-22,TTB.BK,0.8299999833106995,0.8299999833106995,0.8100000023841858,0.8199999928474426,0.6153340935707092,104925000.0
2020-10-26,TTB.BK,0.8199999928474426,0.8299999833106995,0.8100000023841858,0.8199999928474426,0.6153340935707092,97993700.0
2020-10-27,TTB.BK,0.8100000023841858,0.8299999833106995,0.800000011920929,0.8199999928474426,0.6153340935707092,172083300.0
2020-10-28,TTB.BK,0.8199999928474426,0.8399999737739563,0.8100000023841858,0.8199999928474426,0.6153340935707092,250850600.0
2020-10-29,TTB.BK,0.8199999928474426,0.8399999737739563,0.8100000023841858,0.8299999833106995,0.6228381991386414,167571700.0
2020-10-30,TTB.BK,0.8299999833106995,0.8399999737739563,0.800000011920929,0.8100000023841858,0.6078300476074219,339154600.0
2020-11-02,TTB.BK,0.8100000023841858,0.8299999833106995,0.8100000023841858,0.8199999928474426,0.6153340935707092,117069300.0
2020-11-03,TTB.BK,0.8299999833106995,0.8399999737739563,0.8199999928474426,0.8399999737739563,0.6303422451019287,182668200.0
2020-11-04,TTB.BK,0.8399999737739563,0.8600000143051147,0.8299999833106995,0.8500000238418579,0.6378462910652161,205740300.0
2020-11-05,TTB.BK,0.8500000238418579,0.8899999856948853,0.8399999737739563,0.8899999856948853,0.667862594127655,326715800.0
2020-11-06,TTB.BK,0.8899999856948853,0.9399999976158142,0.8700000047683716,0.9200000166893005,0.6903749108314514,622457600.0
2020-11-09,TTB.BK,0.9300000071525574,0.9399999976158142,0.9100000262260437,0.9300000071525574,0.6978790163993835,358696100.0
2020-11-10,TTB.BK,0.9599999785423279,1.0299999713897705,0.949999988079071,1.0299999713897705,0.7729197144508362,1155536100.0
2020-11-11,TTB.BK,1.0199999809265137,1.0299999713897705,0.9700000286102295,0.9900000095367432,0.7429033517837524,681529400.0
2020-11-12,TTB.BK,0.9800000190734863,0.9800000190734863,0.9599999785423279,0.9800000190734863,0.7353993654251099,273594500.0
2020-11-13,TTB.BK,0.9900000095367432,1.0199999809265137,0.9800000190734863,1.0199999809265137,0.7654155492782593,692926800.0
2020-11-16,TTB.BK,1.0299999713897705,1.0499999523162842,1.0199999809265137,1.0199999809265137,0.7654155492782593,411747400.0
2020-11-17,TTB.BK,1.0199999809265137,1.0299999713897705,0.9700000286102295,0.9900000095367432,0.7429033517837524,692945500.0
2020-11-18,TTB.BK,0.9800000190734863,0.9900000095367432,0.949999988079071,0.9800000190734863,0.7353993654251099,464516700.0
2020-11-19,TTB.BK,0.9800000190734863,1.0099999904632568,0.9700000286102295,1.0,0.7504075765609741,328629200.0
2020-11-20,TTB.BK,1.0,1.0499999523162842,0.9900000095367432,1.0499999523162842,0.7879278659820557,1057932900.0
2020-11-23,TTB.BK,1.0499999523162842,1.159999966621399,1.0499999523162842,1.159999966621399,0.8704727292060852,1292243900.0
2020-11-24,TTB.BK,1.1799999475479126,1.2100000381469727,1.1299999952316284,1.1299999952316284,0.8479605913162231,1320781900.0
2020-11-25,TTB.BK,1.149999976158142,1.1699999570846558,1.1100000143051147,1.159999966621399,0.8704727292060852,948826800.0
2020-11-26,TTB.BK,1.149999976158142,1.149999976158142,1.1299999952316284,1.149999976158142,0.8629685640335083,554380000.0
2020-11-27,TTB.BK,1.1399999856948853,1.149999976158142,1.1200000047683716,1.1299999952316284,0.8479605913162231,557077900.0
2020-11-30,TTB.BK,1.1100000143051147,1.1100000143051147,1.0499999523162842,1.0499999523162842,0.7879278659820557,0.0
2020-12-01,TTB.BK,1.0800000429153442,1.1100000143051147,1.0800000429153442,1.0800000429153442,0.810440182685852,1196707000.0
2020-12-02,TTB.BK,1.090000033378601,1.1299999952316284,1.0800000429153442,1.1100000143051147,0.8329522013664246,1139020300.0
2020-12-03,TTB.BK,1.100000023841858,1.1299999952316284,1.090000033378601,1.1200000047683716,0.840456485748291,842081500.0
2020-12-04,TTB.BK,1.1299999952316284,1.1799999475479126,1.1200000047683716,1.159999966621399,0.8704727292060852,1798805300.0
2020-12-08,TTB.BK,1.159999966621399,1.2699999809265137,1.149999976158142,1.2400000095367432,0.9305052757263184,2095339500.0
2020-12-09,TTB.BK,1.25,1.2699999809265137,1.2200000286102295,1.2200000286102295,0.9154970645904541,1089341900.0
2020-12-14,TTB.BK,1.2400000095367432,1.2400000095367432,1.1699999570846558,1.1799999475479126,0.8854807019233704,1169331400.0
2020-12-15,TTB.BK,1.1799999475479126,1.2100000381469727,1.149999976158142,1.2000000476837158,0.9004889726638794,672486500.0
2020-12-16,TTB.BK,1.2200000286102295,1.2300000190734863,1.190000057220459,1.2000000476837158,0.9004889726638794,932363400.0
2020-12-17,TTB.BK,1.1799999475479126,1.2100000381469727,1.1699999570846558,1.190000057220459,0.8929848670959473,2017216200.0
2020-12-18,TTB.BK,1.190000057220459,1.2000000476837158,1.1699999570846558,1.1799999475479126,0.8854807019233704,739291000.0
2020-12-21,TTB.BK,1.1299999952316284,1.149999976158142,1.059999942779541,1.0700000524520874,0.8029360175132751,1707233700.0
2020-12-22,TTB.BK,1.0800000429153442,1.1399999856948853,1.0700000524520874,1.1399999856948853,0.8554643988609314,1413888500.0
2020-12-23,TTB.BK,1.1299999952316284,1.1399999856948853,1.100000023841858,1.100000023841858,0.8254481554031372,787486500.0
2020-12-24,TTB.BK,1.100000023841858,1.1399999856948853,1.090000033378601,1.1299999952316284,0.8479605913162231,760571200.0
2020-12-25,TTB.BK,1.1299999952316284,1.149999976158142,1.1200000047683716,1.1399999856948853,0.8554643988609314,346317200.0
2020-12-28,TTB.BK,1.1399999856948853,1.149999976158142,1.090000033378601,1.100000023841858,0.8254481554031372,784986500.0
2020-12-29,TTB.BK,1.100000023841858,1.1299999952316284,1.0800000429153442,1.1200000047683716,0.840456485748291,614030300.0
2020-12-30,TTB.BK,1.1200000047683716,1.1299999952316284,1.0700000524520874,1.0800000429153442,0.810440182685852,937232400.0
2021-01-04,TTB.BK,1.0299999713897705,1.0700000524520874,1.0299999713897705,1.059999942779541,0.7954318523406982,1282845700.0
2021-01-05,TTB.BK,1.059999942779541,1.1200000047683716,1.059999942779541,1.1200000047683716,0.840456485748291,1261462500.0
2021-01-06,TTB.BK,1.1200000047683716,1.1699999570846558,1.1100000143051147,1.149999976158142,0.8629685640335083,1631357000.0
2021-01-07,TTB.BK,1.2000000476837158,1.25,1.1799999475479126,1.2300000190734863,0.9230011701583862,0.0
2021-01-08,TTB.BK,1.2400000095367432,1.25,1.2000000476837158,1.2100000381469727,0.907992959022522,916736700.0
2021-01-11,TTB.BK,1.2100000381469727,1.2100000381469727,1.1699999570846558,1.1799999475479126,0.8854807019233704,685487300.0
2021-01-12,TTB.BK,1.1799999475479126,1.1799999475479126,1.159999966621399,1.1699999570846558,0.8779767751693726,316303500.0
2021-01-13,TTB.BK,1.1799999475479126,1.2000000476837158,1.1699999570846558,1.190000057220459,0.8929848670959473,856252100.0
2021-01-14,TTB.BK,1.190000057220459,1.2000000476837158,1.1699999570846558,1.1799999475479126,0.8854807019233704,406253400.0
2021-01-15,TTB.BK,1.1799999475479126,1.1799999475479126,1.159999966621399,1.1799999475479126,0.8854807019233704,296907000.0
2021-01-18,TTB.BK,1.1699999570846558,1.1799999475479126,1.1399999856948853,1.159999966621399,0.8704727292060852,450956800.0
2021-01-19,TTB.BK,1.1699999570846558,1.1799999475479126,1.149999976158142,1.1699999570846558,0.8779767751693726,324019500.0
2021-01-20,TTB.BK,1.1699999570846558,1.190000057220459,1.1399999856948853,1.149999976158142,0.8629685640335083,757873900.0
2021-01-21,TTB.BK,1.1799999475479126,1.2100000381469727,1.1699999570846558,1.190000057220459,0.8929848670959473,1190313400.0
2021-01-22,TTB.BK,1.1699999570846558,1.190000057220459,1.159999966621399,1.159999966621399,0.8704727292060852,696943600.0
2021-01-25,TTB.BK,1.159999966621399,1.1699999570846558,1.1399999856948853,1.149999976158142,0.8629685640335083,513808800.0
2021-01-26,TTB.BK,1.149999976158142,1.1699999570846558,1.1399999856948853,1.149999976158142,0.8629685640335083,380107200.0
2021-01-27,TTB.BK,1.159999966621399,1.159999966621399,1.1399999856948853,1.1399999856948853,0.8554643988609314,223751700.0
2021-01-28,TTB.BK,1.1299999952316284,1.1399999856948853,1.1100000143051147,1.1100000143051147,0.8329522013664246,679316300.0
2021-01-29,TTB.BK,1.1200000047683716,1.1299999952316284,1.090000033378601,1.100000023841858,0.8254481554031372,884357000.0
2021-02-01,TTB.BK,1.1100000143051147,1.1299999952316284,1.090000033378601,1.1200000047683716,0.840456485748291,724073000.0
2021-02-02,TTB.BK,1.1299999952316284,1.1299999952316284,1.100000023841858,1.100000023841858,0.8254481554031372,444843800.0
2021-02-03,TTB.BK,1.1100000143051147,1.149999976158142,1.100000023841858,1.1200000047683716,0.840456485748291,1114612200.0
2021-02-04,TTB.BK,1.1100000143051147,1.1299999952316284,1.100000023841858,1.1200000047683716,0.840456485748291,712293900.0
2021-02-05,TTB.BK,1.1299999952316284,1.149999976158142,1.1200000047683716,1.149999976158142,0.8629685640335083,551788400.0
2021-02-08,TTB.BK,1.1699999570846558,1.2000000476837158,1.159999966621399,1.2000000476837158,0.9004889726638794,1728801300.0
2021-02-09,TTB.BK,1.2000000476837158,1.2100000381469727,1.1799999475479126,1.190000057220459,0.8929848670959473,826475400.0
2021-02-10,TTB.BK,1.190000057220459,1.2000000476837158,1.1699999570846558,1.1799999475479126,0.8854807019233704,471069800.0
2021-02-11,TTB.BK,1.1799999475479126,1.1799999475479126,1.159999966621399,1.1699999570846558,0.8779767751693726,241056900.0
2021-02-15,TTB.BK,1.1799999475479126,1.1799999475479126,1.159999966621399,1.159999966621399,0.8704727292060852,216915400.0
2021-02-16,TTB.BK,1.1699999570846558,1.1799999475479126,1.159999966621399,1.159999966621399,0.8704727292060852,234077400.0
2021-02-17,TTB.BK,1.1699999570846558,1.1699999570846558,1.149999976158142,1.1699999570846558,0.8779767751693726,345912200.0
2021-02-18,TTB.BK,1.159999966621399,1.1699999570846558,1.149999976158142,1.149999976158142,0.8629685640335083,150732300.0
2021-02-19,TTB.BK,1.149999976158142,1.149999976158142,1.1100000143051147,1.1200000047683716,0.840456485748291,701748500.0
2021-02-22,TTB.BK,1.1200000047683716,1.1299999952316284,1.100000023841858,1.100000023841858,0.8254481554031372,601052800.0
2021-02-23,TTB.BK,1.1100000143051147,1.1299999952316284,1.100000023841858,1.1200000047683716,0.840456485748291,299456200.0
2021-02-24,TTB.BK,1.1200000047683716,1.1200000047683716,1.100000023841858,1.1100000143051147,0.8329522013664246,199011100.0
2021-02-25,TTB.BK,1.1299999952316284,1.1399999856948853,1.1200000047683716,1.1299999952316284,0.8479605913162231,438432900.0
2021-03-01,TTB.BK,1.1200000047683716,1.1299999952316284,1.1100000143051147,1.1299999952316284,0.8479605913162231,276534000.0
2021-03-02,TTB.BK,1.1399999856948853,1.1399999856948853,1.1200000047683716,1.1200000047683716,0.840456485748291,224850100.0
2021-03-03,TTB.BK,1.1299999952316284,1.159999966621399,1.1200000047683716,1.159999966621399,0.8704727292060852,895890700.0
2021-03-04,TTB.BK,1.1399999856948853,1.159999966621399,1.1299999952316284,1.149999976158142,0.8629685640335083,641673600.0
2021-03-05,TTB.BK,1.149999976158142,1.190000057220459,1.1399999856948853,1.1699999570846558,0.8779767751693726,944814000.0
2021-03-08,TTB.BK,1.2000000476837158,1.2200000286102295,1.1799999475479126,1.2000000476837158,0.9004889726638794,983719500.0
2021-03-09,TTB.BK,1.2000000476837158,1.2100000381469727,1.190000057220459,1.2100000381469727,0.907992959022522,749369000.0
2021-03-10,TTB.BK,1.2000000476837158,1.25,1.2000000476837158,1.2400000095367432,0.9305052757263184,827212900.0
2021-03-11,TTB.BK,1.25,1.2699999809265137,1.2200000286102295,1.2400000095367432,0.9305052757263184,798131200.0
2021-03-12,TTB.BK,1.2400000095367432,1.2400000095367432,1.2000000476837158,1.2200000286102295,0.9154970645904541,873357500.0
2021-03-15,TTB.BK,1.2300000190734863,1.2400000095367432,1.2200000286102295,1.2200000286102295,0.9154970645904541,394026300.0
2021-03-16,TTB.BK,1.2300000190734863,1.2400000095367432,1.2200000286102295,1.2200000286102295,0.9154970645904541,312140800.0
2021-03-17,TTB.BK,1.2200000286102295,1.25,1.2200000286102295,1.2400000095367432,0.9305052757263184,451788100.0
2021-03-18,TTB.BK,1.25,1.2599999904632568,1.2300000190734863,1.2400000095367432,0.9305052757263184,531111200.0
2021-03-19,TTB.BK,1.2300000190734863,1.2400000095367432,1.2200000286102295,1.2400000095367432,0.9305052757263184,465944800.0
2021-03-22,TTB.BK,1.2400000095367432,1.2400000095367432,1.2200000286102295,1.2400000095367432,0.9305052757263184,178423900.0
2021-03-23,TTB.BK,1.2400000095367432,1.25,1.2100000381469727,1.2100000381469727,0.907992959022522,556905000.0
2021-03-24,TTB.BK,1.2000000476837158,1.2200000286102295,1.2000000476837158,1.2100000381469727,0.907992959022522,590260000.0
2021-03-25,TTB.BK,1.2200000286102295,1.2200000286102295,1.2000000476837158,1.2100000381469727,0.907992959022522,341313200.0
2021-03-26,TTB.BK,1.2200000286102295,1.2300000190734863,1.2000000476837158,1.2100000381469727,0.907992959022522,421675000.0
2021-03-29,TTB.BK,1.2200000286102295,1.2300000190734863,1.2100000381469727,1.2100000381469727,0.907992959022522,264962900.0
2021-03-30,TTB.BK,1.2200000286102295,1.2400000095367432,1.2100000381469727,1.2200000286102295,0.9154970645904541,480926700.0
2021-03-31,TTB.BK,1.2200000286102295,1.2300000190734863,1.2100000381469727,1.2300000190734863,0.9230011701583862,249010400.0
2021-04-01,TTB.BK,1.2300000190734863,1.25,1.2100000381469727,1.25,0.9380092620849609,579890200.0
2021-04-02,TTB.BK,1.2599999904632568,1.2699999809265137,1.2400000095367432,1.2400000095367432,0.9305052757263184,348463800.0
2021-04-05,TTB.BK,1.2400000095367432,1.25,1.2200000286102295,1.2300000190734863,0.9230011701583862,364410600.0
2021-04-07,TTB.BK,1.2100000381469727,1.2200000286102295,1.2000000476837158,1.2000000476837158,0.9004889726638794,655809800.0
2021-04-08,TTB.BK,1.2000000476837158,1.2100000381469727,1.190000057220459,1.2000000476837158,0.9004889726638794,326494900.0
2021-04-09,TTB.BK,1.2000000476837158,1.2100000381469727,1.190000057220459,1.2000000476837158,0.9004889726638794,208135900.0
2021-04-12,TTB.BK,1.190000057220459,1.2000000476837158,1.1799999475479126,1.190000057220459,0.8929848670959473,254053900.0
2021-04-16,TTB.BK,1.1799999475479126,1.190000057220459,1.149999976158142,1.159999966621399,0.8704727292060852,693251800.0
2021-04-19,TTB.BK,1.1699999570846558,1.190000057220459,1.159999966621399,1.1799999475479126,0.8854807019233704,302605000.0
2021-04-20,TTB.BK,1.1799999475479126,1.2100000381469727,1.1699999570846558,1.2000000476837158,0.9004889726638794,435867400.0
2021-04-21,TTB.BK,1.190000057220459,1.2100000381469727,1.190000057220459,1.2100000381469727,0.907992959022522,304208200.0
2021-04-22,TTB.BK,1.2100000381469727,1.2100000381469727,1.1799999475479126,1.190000057220459,0.8929848670959473,699419500.0
2021-04-23,TTB.BK,1.1799999475479126,1.190000057220459,1.159999966621399,1.159999966621399,0.8704727292060852,594705600.0
2021-04-26,TTB.BK,1.159999966621399,1.1699999570846558,1.149999976158142,1.1699999570846558,0.8779767751693726,511760300.0
2021-04-27,TTB.BK,1.1699999570846558,1.2000000476837158,1.159999966621399,1.190000057220459,0.8929848670959473,741229600.0
2021-04-28,TTB.BK,1.2000000476837158,1.2100000381469727,1.1799999475479126,1.190000057220459,0.8929848670959473,487351000.0
2021-04-29,TTB.BK,1.159999966621399,1.1799999475479126,1.159999966621399,1.1699999570846558,0.9124824404716492,536125500.0
2021-04-30,TTB.BK,1.1699999570846558,1.1799999475479126,1.159999966621399,1.1699999570846558,0.9124824404716492,213219700.0
2021-05-05,TTB.BK,1.1699999570846558,1.1799999475479126,1.149999976158142,1.149999976158142,0.8968843221664429,375388400.0
2021-05-06,TTB.BK,1.159999966621399,1.1699999570846558,1.149999976158142,1.149999976158142,0.8968843221664429,397802000.0
2021-05-07,TTB.BK,1.159999966621399,1.1699999570846558,1.149999976158142,1.149999976158142,0.8968843221664429,189099500.0
2021-05-10,TTB.BK,1.159999966621399,1.159999966621399,1.149999976158142,1.159999966621399,0.9046834111213684,101178200.0
2021-05-11,TTB.BK,1.149999976158142,1.159999966621399,1.1299999952316284,1.149999976158142,0.8968843221664429,482494900.0
2021-05-12,TTB.BK,1.1399999856948853,1.149999976158142,1.1200000047683716,1.1399999856948853,0.8890853524208069,248886600.0
2021-05-13,TTB.BK,1.1299999952316284,1.1399999856948853,1.100000023841858,1.1299999952316284,0.8812865018844604,645745900.0
2021-05-14,TTB.BK,1.1299999952316284,1.1299999952316284,1.100000023841858,1.1200000047683716,0.8734875917434692,356339000.0
2021-05-17,TTB.BK,1.1200000047683716,1.1299999952316284,1.1100000143051147,1.1200000047683716,0.8734875917434692,298067000.0
2021-05-18,TTB.BK,1.1200000047683716,1.1299999952316284,1.1200000047683716,1.1299999952316284,0.8812865018844604,198121400.0
2021-05-19,TTB.BK,1.1200000047683716,1.1299999952316284,1.1100000143051147,1.1100000143051147,0.8656884431838989,404280900.0
2021-05-20,TTB.BK,1.1200000047683716,1.1299999952316284,1.1100000143051147,1.1200000047683716,0.8734875917434692,345450100.0
2021-05-21,TTB.BK,1.1200000047683716,1.1299999952316284,1.1100000143051147,1.1299999952316284,0.8812865018844604,218231800.0
2021-05-24,TTB.BK,1.1200000047683716,1.1299999952316284,1.1100000143051147,1.1200000047683716,0.8734875917434692,439408500.0
2021-05-25,TTB.BK,1.1299999952316284,1.1399999856948853,1.1200000047683716,1.1299999952316284,0.8812865018844604,297168900.0
2021-05-27,TTB.BK,1.1299999952316284,1.1399999856948853,1.1200000047683716,1.1299999952316284,0.8812865018844604,101674100.0
2021-05-28,TTB.BK,1.1299999952316284,1.1399999856948853,1.1200000047683716,1.1200000047683716,0.8734875917434692,281129200.0
2021-05-31,TTB.BK,1.1200000047683716,1.1299999952316284,1.1100000143051147,1.1200000047683716,0.8734875917434692,269932700.0
2021-06-01,TTB.BK,1.1299999952316284,1.149999976158142,1.1200000047683716,1.149999976158142,0.8968843221664429,312035100.0
2021-06-02,TTB.BK,1.149999976158142,1.159999966621399,1.1399999856948853,1.149999976158142,0.8968843221664429,278566100.0
2021-06-04,TTB.BK,1.149999976158142,1.159999966621399,1.1399999856948853,1.1399999856948853,0.8890853524208069,249495300.0
2021-06-07,TTB.BK,1.149999976158142,1.1699999570846558,1.149999976158142,1.159999966621399,0.9046834111213684,357474500.0
2021-06-08,TTB.BK,1.159999966621399,1.1699999570846558,1.149999976158142,1.159999966621399,0.9046834111213684,297314000.0
2021-06-09,TTB.BK,1.159999966621399,1.1699999570846558,1.149999976158142,1.1699999570846558,0.9124824404716492,118504300.0
2021-06-10,TTB.BK,1.1699999570846558,1.1799999475479126,1.159999966621399,1.159999966621399,0.9046834111213684,135424300.0
2021-06-11,TTB.BK,1.1699999570846558,1.1799999475479126,1.159999966621399,1.1699999570846558,0.9124824404716492,338745500.0
2021-06-14,TTB.BK,1.1799999475479126,1.190000057220459,1.1699999570846558,1.1799999475479126,0.9202814102172852,292497900.0
2021-06-15,TTB.BK,1.1799999475479126,1.190000057220459,1.159999966621399,1.1699999570846558,0.9124824404716492,463593900.0
2021-06-16,TTB.BK,1.159999966621399,1.1699999570846558,1.149999976158142,1.1699999570846558,0.9124824404716492,274403700.0
2021-06-17,TTB.BK,1.159999966621399,1.1699999570846558,1.149999976158142,1.149999976158142,0.8968843221664429,197496100.0
2021-06-18,TTB.BK,1.149999976158142,1.159999966621399,1.1399999856948853,1.1399999856948853,0.8890853524208069,413189200.0
2021-06-21,TTB.BK,1.1399999856948853,1.149999976158142,1.1299999952316284,1.149999976158142,0.8968843221664429,277265200.0
2021-06-22,TTB.BK,1.159999966621399,1.1699999570846558,1.1399999856948853,1.149999976158142,0.8968843221664429,178182900.0
2021-06-23,TTB.BK,1.149999976158142,1.159999966621399,1.1200000047683716,1.1200000047683716,0.8734875917434692,430305500.0
2021-06-24,TTB.BK,1.1200000047683716,1.1299999952316284,1.1100000143051147,1.1299999952316284,0.8812865018844604,474940000.0
2021-06-25,TTB.BK,1.1299999952316284,1.1399999856948853,1.1100000143051147,1.1200000047683716,0.8734875917434692,315700100.0
2021-06-28,TTB.BK,1.1200000047683716,1.1299999952316284,1.1100000143051147,1.1299999952316284,0.8812865018844604,373636900.0
2021-06-29,TTB.BK,1.1200000047683716,1.1399999856948853,1.1200000047683716,1.1200000047683716,0.8734875917434692,283435600.0
2021-06-30,TTB.BK,1.1200000047683716,1.1299999952316284,1.1100000143051147,1.1200000047683716,0.8734875917434692,473337800.0
2021-07-01,TTB.BK,1.1200000047683716,1.1399999856948853,1.1100000143051147,1.1399999856948853,0.8890853524208069,306328800.0
2021-07-02,TTB.BK,1.1299999952316284,1.1399999856948853,1.1200000047683716,1.1200000047683716,0.8734875917434692,284860600.0
2021-07-05,TTB.BK,1.1200000047683716,1.1299999952316284,1.100000023841858,1.1100000143051147,0.8656884431838989,337015200.0
2021-07-06,TTB.BK,1.1100000143051147,1.1200000047683716,1.1100000143051147,1.1100000143051147,0.8656884431838989,113723600.0
2021-07-07,TTB.BK,1.1100000143051147,1.1200000047683716,1.0800000429153442,1.0800000429153442,0.842291533946991,722925200.0
2021-07-08,TTB.BK,1.0700000524520874,1.0700000524520874,1.0,1.0199999809265137,0.7954974174499512,1379626200.0
2021-07-09,TTB.BK,1.0099999904632568,1.0199999809265137,0.9900000095367432,1.0199999809265137,0.7954974174499512,835521500.0
2021-07-12,TTB.BK,1.0199999809265137,1.0299999713897705,1.0,1.0099999904632568,0.78769850730896,308876200.0
2021-07-13,TTB.BK,1.0199999809265137,1.0299999713897705,1.0099999904632568,1.0199999809265137,0.7954974174499512,326446800.0
2021-07-14,TTB.BK,1.0199999809265137,1.0199999809265137,1.0,1.0199999809265137,0.7954974174499512,306407200.0
2021-07-15,TTB.BK,1.0199999809265137,1.0399999618530273,1.0099999904632568,1.0299999713897705,0.8032965064048767,374452000.0
2021-07-16,TTB.BK,1.0199999809265137,1.0299999713897705,1.0,1.0199999809265137,0.7954974174499512,444960700.0
2021-07-19,TTB.BK,1.0,1.0099999904632568,0.9900000095367432,1.0099999904632568,0.78769850730896,233123800.0
2021-07-20,TTB.BK,1.0,1.0099999904632568,0.9900000095367432,1.0,0.7798994779586792,322863900.0
2021-07-21,TTB.BK,1.0,1.0,0.9800000190734863,0.9900000095367432,0.7721005082130432,581632800.0
2021-07-22,TTB.BK,0.9900000095367432,1.0099999904632568,0.9800000190734863,1.0,0.7798994779586792,592873100.0
2021-07-23,TTB.BK,1.0,1.0099999904632568,0.9900000095367432,1.0,0.7798994779586792,731746000.0
2021-07-27,TTB.BK,1.0,1.0,0.9800000190734863,0.9900000095367432,0.7721005082130432,270663300.0
2021-07-29,TTB.BK,0.9900000095367432,0.9900000095367432,0.9800000190734863,0.9800000190734863,0.764301598072052,150743200.0
2021-07-30,TTB.BK,0.9800000190734863,0.9900000095367432,0.9599999785423279,0.9700000286102295,0.756502628326416,451880600.0
2021-08-02,TTB.BK,0.9700000286102295,0.9700000286102295,0.949999988079071,0.9599999785423279,0.7487034797668457,284513500.0
2021-08-03,TTB.BK,0.9599999785423279,0.9900000095367432,0.9599999785423279,0.9800000190734863,0.764301598072052,416465000.0
2021-08-04,TTB.BK,0.9800000190734863,0.9900000095367432,0.9700000286102295,0.9800000190734863,0.764301598072052,130723700.0
2021-08-05,TTB.BK,0.9800000190734863,0.9900000095367432,0.9700000286102295,0.9700000286102295,0.756502628326416,132412500.0
2021-08-06,TTB.BK,0.9700000286102295,0.9800000190734863,0.9599999785423279,0.9700000286102295,0.756502628326416,117090100.0
2021-08-09,TTB.BK,0.9700000286102295,1.0,0.9700000286102295,1.0,0.7798994779586792,221922200.0
2021-08-10,TTB.BK,0.9900000095367432,0.9900000095367432,0.9800000190734863,0.9900000095367432,0.7721005082130432,93311400.0
2021-08-11,TTB.BK,0.9900000095367432,1.0,0.9700000286102295,0.9800000190734863,0.764301598072052,144862800.0
2021-08-13,TTB.BK,0.9700000286102295,0.9800000190734863,0.9700000286102295,0.9800000190734863,0.764301598072052,115406500.0
2021-08-16,TTB.BK,0.9700000286102295,0.9800000190734863,0.9599999785423279,0.9800000190734863,0.764301598072052,213478700.0
2021-08-17,TTB.BK,0.9800000190734863,0.9900000095367432,0.9700000286102295,0.9800000190734863,0.764301598072052,297934300.0
2021-08-18,TTB.BK,0.9800000190734863,0.9800000190734863,0.9700000286102295,0.9800000190734863,0.764301598072052,163038200.0
2021-08-19,TTB.BK,0.9800000190734863,0.9900000095367432,0.9700000286102295,0.9700000286102295,0.756502628326416,89673900.0
2021-08-20,TTB.BK,0.9800000190734863,1.0,0.9700000286102295,0.9900000095367432,0.7721005082130432,334576000.0
2021-08-23,TTB.BK,1.0099999904632568,1.0499999523162842,1.0099999904632568,1.0399999618530273,0.8110954761505127,870846700.0
2021-08-24,TTB.BK,1.0499999523162842,1.059999942779541,1.0499999523162842,1.059999942779541,0.8266934752464294,325690400.0
2021-08-25,TTB.BK,1.059999942779541,1.0700000524520874,1.0499999523162842,1.059999942779541,0.8266934752464294,245874200.0
2021-08-26,TTB.BK,1.059999942779541,1.0700000524520874,1.0499999523162842,1.0499999523162842,0.8188944458961487,158029700.0
2021-08-27,TTB.BK,1.059999942779541,1.0700000524520874,1.0399999618530273,1.0700000524520874,0.8344925045967102,351619100.0
2021-08-30,TTB.BK,1.0800000429153442,1.100000023841858,1.0700000524520874,1.090000033378601,0.8500904440879822,365888600.0
2021-08-31,TTB.BK,1.0800000429153442,1.090000033378601,1.0700000524520874,1.0700000524520874,0.8344925045967102,187905100.0
2021-09-01,TTB.BK,1.0700000524520874,1.0800000429153442,1.059999942779541,1.059999942779541,0.8266934752464294,179173100.0
2021-09-02,TTB.BK,1.059999942779541,1.0700000524520874,1.0499999523162842,1.0700000524520874,0.8344925045967102,144841700.0
2021-09-03,TTB.BK,1.0700000524520874,1.0700000524520874,1.0499999523162842,1.0700000524520874,0.8344925045967102,122359400.0
2021-09-06,TTB.BK,1.059999942779541,1.0700000524520874,1.0499999523162842,1.059999942779541,0.8266934752464294,111503500.0
2021-09-07,TTB.BK,1.059999942779541,1.0700000524520874,1.0499999523162842,1.0499999523162842,0.8188944458961487,162517400.0
2021-09-08,TTB.BK,1.0499999523162842,1.0499999523162842,1.0299999713897705,1.0499999523162842,0.8188944458961487,193742500.0
2021-09-09,TTB.BK,1.0499999523162842,1.059999942779541,1.0399999618530273,1.0499999523162842,0.8188944458961487,152184200.0
2021-09-10,TTB.BK,1.0499999523162842,1.059999942779541,1.0399999618530273,1.0499999523162842,0.8188944458961487,114051700.0
2021-09-13,TTB.BK,1.0499999523162842,1.090000033378601,1.0499999523162842,1.0800000429153442,0.842291533946991,387163900.0
2021-09-14,TTB.BK,1.0800000429153442,1.090000033378601,1.059999942779541,1.059999942779541,0.8266934752464294,159130000.0
2021-09-15,TTB.BK,1.0700000524520874,1.0700000524520874,1.059999942779541,1.0700000524520874,0.8344925045967102,49801800.0
2021-09-16,TTB.BK,1.0700000524520874,1.090000033378601,1.0700000524520874,1.0800000429153442,0.842291533946991,212894900.0
2021-09-17,TTB.BK,1.0700000524520874,1.0800000429153442,1.0499999523162842,1.0499999523162842,0.8188944458961487,357088900.0
2021-09-20,TTB.BK,1.0499999523162842,1.059999942779541,1.0399999618530273,1.0499999523162842,0.8188944458961487,118297600.0
2021-09-21,TTB.BK,1.0499999523162842,1.0700000524520874,1.0399999618530273,1.0700000524520874,0.8344925045967102,189737100.0
2021-09-22,TTB.BK,1.0700000524520874,1.0800000429153442,1.059999942779541,1.0800000429153442,0.842291533946991,120698500.0
2021-09-23,TTB.BK,1.100000023841858,1.1299999952316284,1.0800000429153442,1.1200000047683716,0.8734875917434692,1150390600.0
2021-09-27,TTB.BK,1.1200000047683716,1.1699999570846558,1.1100000143051147,1.149999976158142,0.8968843221664429,1301056100.0
2021-09-28,TTB.BK,1.149999976158142,1.149999976158142,1.1200000047683716,1.1200000047683716,0.8734875917434692,361968000.0
2021-09-29,TTB.BK,1.1100000143051147,1.149999976158142,1.1100000143051147,1.1399999856948853,0.8890853524208069,300110800.0
2021-09-30,TTB.BK,1.1399999856948853,1.1399999856948853,1.1100000143051147,1.1100000143051147,0.8656884431838989,252999900.0
2021-10-01,TTB.BK,1.100000023841858,1.1200000047683716,1.090000033378601,1.1100000143051147,0.8656884431838989,468807400.0
2021-10-04,TTB.BK,1.1200000047683716,1.1299999952316284,1.100000023841858,1.1200000047683716,0.8734875917434692,264212800.0
2021-10-05,TTB.BK,1.1100000143051147,1.1299999952316284,1.100000023841858,1.1200000047683716,0.8734875917434692,144678700.0
2021-10-06,TTB.BK,1.1200000047683716,1.1299999952316284,1.1100000143051147,1.1100000143051147,0.8656884431838989,73372500.0
2021-10-07,TTB.BK,1.1100000143051147,1.159999966621399,1.1100000143051147,1.159999966621399,0.9046834111213684,861960700.0
2021-10-08,TTB.BK,1.1699999570846558,1.190000057220459,1.159999966621399,1.1699999570846558,0.9124824404716492,522045400.0
2021-10-11,TTB.BK,1.1799999475479126,1.1799999475479126,1.149999976158142,1.159999966621399,0.9046834111213684,288083000.0
2021-10-12,TTB.BK,1.1699999570846558,1.1699999570846558,1.1399999856948853,1.159999966621399,0.9046834111213684,233475700.0
2021-10-14,TTB.BK,1.159999966621399,1.159999966621399,1.1399999856948853,1.149999976158142,0.8968843221664429,266936100.0
2021-10-15,TTB.BK,1.1399999856948853,1.159999966621399,1.1399999856948853,1.1399999856948853,0.8890853524208069,339415700.0
2021-10-18,TTB.BK,1.1399999856948853,1.159999966621399,1.1299999952316284,1.1399999856948853,0.8890853524208069,426180000.0
2021-10-19,TTB.BK,1.1399999856948853,1.149999976158142,1.1100000143051147,1.1100000143051147,0.8656884431838989,456564900.0
2021-10-20,TTB.BK,1.1200000047683716,1.1399999856948853,1.1200000047683716,1.1399999856948853,0.8890853524208069,203689400.0
2021-10-21,TTB.BK,1.1399999856948853,1.149999976158142,1.1299999952316284,1.1299999952316284,0.8812865018844604,162017600.0
2021-10-25,TTB.BK,1.149999976158142,1.159999966621399,1.1399999856948853,1.149999976158142,0.8968843221664429,183484700.0
2021-10-26,TTB.BK,1.149999976158142,1.159999966621399,1.1399999856948853,1.1399999856948853,0.8890853524208069,214556100.0
2021-10-27,TTB.BK,1.149999976158142,1.190000057220459,1.1399999856948853,1.159999966621399,0.9046834111213684,701773300.0
2021-10-28,TTB.BK,1.1699999570846558,1.1699999570846558,1.149999976158142,1.159999966621399,0.9046834111213684,261336300.0
2021-10-29,TTB.BK,1.149999976158142,1.1699999570846558,1.149999976158142,1.159999966621399,0.9046834111213684,212516900.0
2021-11-01,TTB.BK,1.159999966621399,1.1699999570846558,1.149999976158142,1.159999966621399,0.9046834111213684,139068700.0
2021-11-02,TTB.BK,1.159999966621399,1.1699999570846558,1.149999976158142,1.159999966621399,0.9046834111213684,297795800.0
2021-11-03,TTB.BK,1.1699999570846558,1.1699999570846558,1.1399999856948853,1.149999976158142,0.8968843221664429,449890500.0
2021-11-04,TTB.BK,1.149999976158142,1.1699999570846558,1.149999976158142,1.1699999570846558,0.9124824404716492,463240300.0
2021-11-05,TTB.BK,1.1699999570846558,1.1699999570846558,1.159999966621399,1.159999966621399,0.9046834111213684,173691100.0
2021-11-08,TTB.BK,1.159999966621399,1.1799999475479126,1.159999966621399,1.159999966621399,0.9046834111213684,294235600.0
2021-11-09,TTB.BK,1.1699999570846558,1.1799999475479126,1.159999966621399,1.1699999570846558,0.9124824404716492,308248400.0
2021-11-10,TTB.BK,1.1799999475479126,1.1799999475479126,1.1699999570846558,1.1699999570846558,0.9124824404716492,173076500.0
2021-11-11,TTB.BK,1.1699999570846558,1.190000057220459,1.159999966621399,1.190000057220459,0.9280804991722107,399314600.0
2021-11-12,TTB.BK,1.190000057220459,1.2000000476837158,1.1699999570846558,1.190000057220459,0.9280804991722107,292467500.0
2021-11-15,TTB.BK,1.1799999475479126,1.190000057220459,1.1699999570846558,1.1799999475479126,0.9202814102172852,170100600.0
2021-11-16,TTB.BK,1.1799999475479126,1.2000000476837158,1.1799999475479126,1.1799999475479126,0.9202814102172852,339303500.0
2021-11-17,TTB.BK,1.1799999475479126,1.2300000190734863,1.1799999475479126,1.2300000190734863,0.9592763185501099,1224639600.0
2021-11-18,TTB.BK,1.2200000286102295,1.2400000095367432,1.2200000286102295,1.2300000190734863,0.9592763185501099,525739800.0
2021-11-19,TTB.BK,1.2300000190734863,1.2400000095367432,1.2100000381469727,1.2100000381469727,0.9436783194541931,395401100.0
2021-11-22,TTB.BK,1.2100000381469727,1.2200000286102295,1.2000000476837158,1.2100000381469727,0.9436783194541931,111291900.0
2021-11-23,TTB.BK,1.2200000286102295,1.2300000190734863,1.2000000476837158,1.2000000476837158,0.9358794689178467,283536100.0
2021-11-24,TTB.BK,1.2100000381469727,1.2200000286102295,1.190000057220459,1.190000057220459,0.9280804991722107,553304100.0
2021-11-25,TTB.BK,1.2100000381469727,1.25,1.2000000476837158,1.25,0.9748743772506714,1168838700.0
2021-11-26,TTB.BK,1.2400000095367432,1.25,1.2000000476837158,1.2200000286102295,0.9514773488044739,2084944200.0
2021-11-29,TTB.BK,1.2100000381469727,1.2200000286102295,1.2000000476837158,1.2000000476837158,0.9358794689178467,594869100.0
2021-11-30,TTB.BK,1.2200000286102295,1.2200000286102295,1.190000057220459,1.190000057220459,0.9280804991722107,848416500.0
2021-12-01,TTB.BK,1.2000000476837158,1.2100000381469727,1.190000057220459,1.2000000476837158,0.9358794689178467,400031000.0
2021-12-02,TTB.BK,1.2100000381469727,1.2100000381469727,1.2000000476837158,1.2000000476837158,0.9358794689178467,266151800.0
2021-12-03,TTB.BK,1.2100000381469727,1.2200000286102295,1.2000000476837158,1.2100000381469727,0.9436783194541931,416817300.0
2021-12-07,TTB.BK,1.2200000286102295,1.25,1.2200000286102295,1.2400000095367432,0.9670754671096802,531566500.0
2021-12-08,TTB.BK,1.2599999904632568,1.2899999618530273,1.25,1.2799999713897705,0.9982714056968689,937983500.0
2021-12-09,TTB.BK,1.2799999713897705,1.2999999523162842,1.2699999809265137,1.2999999523162842,1.0138694047927856,604122900.0
2021-12-13,TTB.BK,1.309999942779541,1.309999942779541,1.2899999618530273,1.309999942779541,1.0216683149337769,306051700.0
2021-12-14,TTB.BK,1.2999999523162842,1.309999942779541,1.2799999713897705,1.309999942779541,1.0216683149337769,371505700.0
2021-12-15,TTB.BK,1.309999942779541,1.309999942779541,1.2999999523162842,1.309999942779541,1.0216683149337769,200645300.0
2021-12-16,TTB.BK,1.3200000524520874,1.3700000047683716,1.3200000524520874,1.3700000047683716,1.0684623718261719,755934000.0
2021-12-17,TTB.BK,1.3600000143051147,1.3700000047683716,1.340000033378601,1.3600000143051147,1.0606634616851807,609193000.0
2021-12-20,TTB.BK,1.350000023841858,1.350000023841858,1.309999942779541,1.309999942779541,1.0216683149337769,641607200.0
2021-12-21,TTB.BK,1.3200000524520874,1.340000033378601,1.309999942779541,1.3200000524520874,1.0294674634933472,199738000.0
2021-12-22,TTB.BK,1.3300000429153442,1.340000033378601,1.309999942779541,1.309999942779541,1.0216683149337769,197850200.0
2021-12-23,TTB.BK,1.3300000429153442,1.3700000047683716,1.3200000524520874,1.3600000143051147,1.0606634616851807,611574900.0
2021-12-24,TTB.BK,1.3700000047683716,1.3799999952316284,1.350000023841858,1.3600000143051147,1.0606634616851807,247843800.0
2021-12-27,TTB.BK,1.3600000143051147,1.3799999952316284,1.350000023841858,1.3700000047683716,1.0684623718261719,198641100.0
2021-12-28,TTB.BK,1.3700000047683716,1.4500000476837158,1.3600000143051147,1.4299999475479126,1.1152561902999878,1094757800.0
2021-12-29,TTB.BK,1.440000057220459,1.4900000095367432,1.4199999570846558,1.4800000190734863,1.154251217842102,943841300.0
2021-12-30,TTB.BK,1.4900000095367432,1.4900000095367432,1.4700000286102295,1.4700000286102295,1.1464523077011108,522143000.0
2022-01-04,TTB.BK,1.4900000095367432,1.5,1.4600000381469727,1.4700000286102295,1.1464523077011108,725268800.0
2022-01-05,TTB.BK,1.4700000286102295,1.4800000190734863,1.440000057220459,1.4500000476837158,1.1308542490005493,470776900.0
2022-01-06,TTB.BK,1.4500000476837158,1.4500000476837158,1.409999966621399,1.409999966621399,1.0996583700180054,945216700.0
2022-01-07,TTB.BK,1.4199999570846558,1.4500000476837158,1.409999966621399,1.4500000476837158,1.1308542490005493,606113300.0
2022-01-10,TTB.BK,1.4500000476837158,1.4500000476837158,1.4299999475479126,1.440000057220459,1.1230552196502686,429080200.0
2022-01-11,TTB.BK,1.4299999475479126,1.440000057220459,1.4199999570846558,1.440000057220459,1.1230552196502686,278432700.0
2022-01-12,TTB.BK,1.4500000476837158,1.4600000381469727,1.4299999475479126,1.4500000476837158,1.1308542490005493,393734800.0
2022-01-13,TTB.BK,1.440000057220459,1.4700000286102295,1.4199999570846558,1.4600000381469727,1.13865327835083,653592900.0
2022-01-14,TTB.BK,1.4500000476837158,1.4700000286102295,1.440000057220459,1.440000057220459,1.1230552196502686,376685100.0
2022-01-17,TTB.BK,1.4500000476837158,1.4700000286102295,1.440000057220459,1.4600000381469727,1.13865327835083,275398700.0
2022-01-18,TTB.BK,1.4600000381469727,1.4700000286102295,1.4299999475479126,1.440000057220459,1.1230552196502686,447976500.0
2022-01-19,TTB.BK,1.440000057220459,1.440000057220459,1.409999966621399,1.4199999570846558,1.1074572801589966,573445100.0
2022-01-20,TTB.BK,1.409999966621399,1.440000057220459,1.409999966621399,1.4199999570846558,1.1074572801589966,427203900.0
2022-01-21,TTB.BK,1.409999966621399,1.4199999570846558,1.3600000143051147,1.3899999856948853,1.0840603113174438,1166482000.0
2022-01-24,TTB.BK,1.3799999952316284,1.3899999856948853,1.340000033378601,1.350000023841858,1.0528643131256104,1123566500.0
2022-01-25,TTB.BK,1.3300000429153442,1.3700000047683716,1.3200000524520874,1.3700000047683716,1.0684623718261719,680378000.0
2022-01-26,TTB.BK,1.3700000047683716,1.399999976158142,1.3600000143051147,1.3700000047683716,1.0684623718261719,615655700.0
2022-01-27,TTB.BK,1.3600000143051147,1.3799999952316284,1.350000023841858,1.3700000047683716,1.0684623718261719,679345400.0
2022-01-28,TTB.BK,1.3700000047683716,1.3799999952316284,1.350000023841858,1.3600000143051147,1.0606634616851807,312537500.0
2022-01-31,TTB.BK,1.3600000143051147,1.3799999952316284,1.3600000143051147,1.3600000143051147,1.0606634616851807,248770000.0
2022-02-01,TTB.BK,1.3700000047683716,1.3799999952316284,1.3600000143051147,1.3600000143051147,1.0606634616851807,140468600.0
2022-02-02,TTB.BK,1.3700000047683716,1.3899999856948853,1.3700000047683716,1.3899999856948853,1.0840603113174438,293722500.0
2022-02-03,TTB.BK,1.3799999952316284,1.3899999856948853,1.3300000429153442,1.340000033378601,1.0450654029846191,1173662900.0
2022-02-04,TTB.BK,1.340000033378601,1.3600000143051147,1.3300000429153442,1.340000033378601,1.0450654029846191,711759400.0
2022-02-07,TTB.BK,1.340000033378601,1.340000033378601,1.3200000524520874,1.3300000429153442,1.0372663736343384,477909200.0
2022-02-08,TTB.BK,1.3300000429153442,1.340000033378601,1.3300000429153442,1.3300000429153442,1.0372663736343384,244516900.0
2022-02-09,TTB.BK,1.340000033378601,1.409999966621399,1.340000033378601,1.399999976158142,1.0918593406677246,1746520700.0
2022-02-10,TTB.BK,1.399999976158142,1.4199999570846558,1.3799999952316284,1.399999976158142,1.0918593406677246,751679800.0
2022-02-11,TTB.BK,1.3899999856948853,1.440000057220459,1.3799999952316284,1.4199999570846558,1.1074572801589966,1176741400.0
2022-02-14,TTB.BK,1.409999966621399,1.409999966621399,1.3899999856948853,1.399999976158142,1.0918593406677246,483391900.0
2022-02-15,TTB.BK,1.399999976158142,1.4199999570846558,1.3700000047683716,1.409999966621399,1.0996583700180054,967455400.0
2022-02-17,TTB.BK,1.4199999570846558,1.4700000286102295,1.409999966621399,1.440000057220459,1.1230552196502686,1392689700.0
2022-02-18,TTB.BK,1.4299999475479126,1.4500000476837158,1.4199999570846558,1.4199999570846558,1.1074572801589966,572094200.0
2022-02-21,TTB.BK,1.4199999570846558,1.4299999475479126,1.3700000047683716,1.3799999952316284,1.076261281967163,807893900.0
2022-02-22,TTB.BK,1.3600000143051147,1.3799999952316284,1.350000023841858,1.3700000047683716,1.0684623718261719,630472100.0
2022-02-23,TTB.BK,1.3799999952316284,1.399999976158142,1.3700000047683716,1.3899999856948853,1.0840603113174438,342240100.0
2022-02-24,TTB.BK,1.3799999952316284,1.3899999856948853,1.340000033378601,1.3600000143051147,1.0606634616851807,714788800.0
2022-02-25,TTB.BK,1.3700000047683716,1.3799999952316284,1.3600000143051147,1.3700000047683716,1.0684623718261719,413723500.0
2022-02-28,TTB.BK,1.3700000047683716,1.3899999856948853,1.350000023841858,1.3700000047683716,1.0684623718261719,543659200.0
2022-03-01,TTB.BK,1.3799999952316284,1.3899999856948853,1.3600000143051147,1.3700000047683716,1.0684623718261719,337516100.0
2022-03-02,TTB.BK,1.3600000143051147,1.3700000047683716,1.340000033378601,1.3600000143051147,1.0606634616851807,440897200.0
2022-03-03,TTB.BK,1.3700000047683716,1.3799999952316284,1.350000023841858,1.3600000143051147,1.0606634616851807,338428000.0
2022-03-04,TTB.BK,1.350000023841858,1.350000023841858,1.3300000429153442,1.3300000429153442,1.0372663736343384,665725600.0
2022-03-07,TTB.BK,1.2999999523162842,1.2999999523162842,1.2599999904632568,1.2699999809265137,0.9904723763465881,1020411200.0
2022-03-08,TTB.BK,1.2699999809265137,1.2899999618530273,1.2100000381469727,1.2899999618530273,1.0060702562332153,1189074500.0
2022-03-09,TTB.BK,1.2899999618530273,1.3200000524520874,1.2599999904632568,1.309999942779541,1.0216683149337769,788648900.0
2022-03-10,TTB.BK,1.3300000429153442,1.3300000429153442,1.2899999618530273,1.2999999523162842,1.0138694047927856,542002600.0
2022-03-11,TTB.BK,1.2799999713897705,1.309999942779541,1.2799999713897705,1.309999942779541,1.0216683149337769,282384100.0
2022-03-14,TTB.BK,1.309999942779541,1.3300000429153442,1.2999999523162842,1.3300000429153442,1.0372663736343384,375667900.0
2022-03-15,TTB.BK,1.3300000429153442,1.3300000429153442,1.2999999523162842,1.309999942779541,1.0216683149337769,291331000.0
2022-03-16,TTB.BK,1.3200000524520874,1.350000023841858,1.3200000524520874,1.3300000429153442,1.0372663736343384,448381000.0
2022-03-17,TTB.BK,1.340000033378601,1.350000023841858,1.3300000429153442,1.3300000429153442,1.0372663736343384,337572200.0
2022-03-18,TTB.BK,1.3300000429153442,1.350000023841858,1.3200000524520874,1.3200000524520874,1.0294674634933472,404298500.0
2022-03-21,TTB.BK,1.3200000524520874,1.3300000429153442,1.2899999618530273,1.309999942779541,1.0216683149337769,477545000.0
2022-03-22,TTB.BK,1.2899999618530273,1.2999999523162842,1.2699999809265137,1.2999999523162842,1.0138694047927856,440708600.0
2022-03-23,TTB.BK,1.2999999523162842,1.3200000524520874,1.2899999618530273,1.2999999523162842,1.0138694047927856,283991500.0
2022-03-24,TTB.BK,1.2899999618530273,1.309999942779541,1.2899999618530273,1.2899999618530273,1.0060702562332153,245098000.0
2022-03-25,TTB.BK,1.2999999523162842,1.309999942779541,1.2899999618530273,1.2999999523162842,1.0138694047927856,208880200.0
2022-03-28,TTB.BK,1.2999999523162842,1.309999942779541,1.2899999618530273,1.2999999523162842,1.0138694047927856,139422900.0
2022-03-29,TTB.BK,1.2999999523162842,1.309999942779541,1.2899999618530273,1.2999999523162842,1.0138694047927856,118747500.0
2022-03-30,TTB.BK,1.309999942779541,1.3200000524520874,1.2999999523162842,1.309999942779541,1.0216683149337769,316549600.0
2022-03-31,TTB.BK,1.309999942779541,1.3200000524520874,1.309999942779541,1.3200000524520874,1.0294674634933472,90862400.0
2022-04-01,TTB.BK,1.309999942779541,1.3300000429153442,1.2999999523162842,1.3200000524520874,1.0294674634933472,405767500.0
2022-04-04,TTB.BK,1.3200000524520874,1.3300000429153442,1.309999942779541,1.3200000524520874,1.0294674634933472,318549500.0
2022-04-05,TTB.BK,1.3200000524520874,1.3300000429153442,1.309999942779541,1.3300000429153442,1.0372663736343384,200376200.0
2022-04-07,TTB.BK,1.3300000429153442,1.3300000429153442,1.2899999618530273,1.309999942779541,1.0216683149337769,430643400.0
2022-04-08,TTB.BK,1.309999942779541,1.309999942779541,1.2899999618530273,1.2999999523162842,1.0138694047927856,273192100.0
2022-04-11,TTB.BK,1.2999999523162842,1.2999999523162842,1.2899999618530273,1.2999999523162842,1.0138694047927856,80762000.0
2022-04-12,TTB.BK,1.2899999618530273,1.2899999618530273,1.2799999713897705,1.2899999618530273,1.0060702562332153,135586100.0
2022-04-18,TTB.BK,1.2799999713897705,1.2999999523162842,1.2699999809265137,1.2899999618530273,1.0060702562332153,203412400.0
2022-04-19,TTB.BK,1.2999999523162842,1.2999999523162842,1.2799999713897705,1.2899999618530273,1.0060702562332153,339099200.0
2022-04-20,TTB.BK,1.2899999618530273,1.3300000429153442,1.2899999618530273,1.3300000429153442,1.0372663736343384,593187800.0
2022-04-21,TTB.BK,1.2999999523162842,1.2999999523162842,1.2899999618530273,1.2899999618530273,1.0356605052947998,183345600.0
2022-04-22,TTB.BK,1.2799999713897705,1.2899999618530273,1.2699999809265137,1.2799999713897705,1.027632236480713,279095300.0
2022-04-25,TTB.BK,1.2799999713897705,1.2899999618530273,1.2699999809265137,1.2799999713897705,1.027632236480713,792737700.0
2022-04-26,TTB.BK,1.2899999618530273,1.2999999523162842,1.2799999713897705,1.2899999618530273,1.0356605052947998,892984300.0
2022-04-27,TTB.BK,1.2799999713897705,1.2999999523162842,1.2799999713897705,1.2899999618530273,1.0356605052947998,281989300.0
2022-04-28,TTB.BK,1.2899999618530273,1.309999942779541,1.2899999618530273,1.2899999618530273,1.0356605052947998,111981800.0
2022-04-29,TTB.BK,1.2999999523162842,1.309999942779541,1.2899999618530273,1.2999999523162842,1.0436891317367554,224437000.0
2022-05-03,TTB.BK,1.2999999523162842,1.309999942779541,1.2899999618530273,1.2899999618530273,1.0356605052947998,316547700.0
2022-05-05,TTB.BK,1.2999999523162842,1.309999942779541,1.2799999713897705,1.2899999618530273,1.0356605052947998,380605100.0
2022-05-06,TTB.BK,1.2799999713897705,1.2899999618530273,1.2699999809265137,1.2799999713897705,1.027632236480713,246278000.0
2022-05-09,TTB.BK,1.2799999713897705,1.2899999618530273,1.2699999809265137,1.2899999618530273,1.0356605052947998,259663600.0
2022-05-10,TTB.BK,1.2899999618530273,1.309999942779541,1.2699999809265137,1.309999942779541,1.0517172813415527,362014600.0
2022-05-11,TTB.BK,1.309999942779541,1.309999942779541,1.2899999618530273,1.309999942779541,1.0517172813415527,515888100.0
2022-05-12,TTB.BK,1.2999999523162842,1.309999942779541,1.2699999809265137,1.2699999809265137,1.019603967666626,300522000.0
2022-05-13,TTB.BK,1.2899999618530273,1.2899999618530273,1.2200000286102295,1.2300000190734863,0.9874904155731201,703323400.0
2022-05-17,TTB.BK,1.2300000190734863,1.25,1.2200000286102295,1.2400000095367432,0.9955188632011414,352786300.0
2022-05-18,TTB.BK,1.25,1.25,1.2300000190734863,1.2400000095367432,0.9955188632011414,255343100.0
2022-05-19,TTB.BK,1.2200000286102295,1.2400000095367432,1.2200000286102295,1.2200000286102295,0.9794619679450989,119713700.0
2022-05-20,TTB.BK,1.2400000095367432,1.2400000095367432,1.2300000190734863,1.2400000095367432,0.9955188632011414,87347000.0
2022-05-23,TTB.BK,1.2400000095367432,1.2599999904632568,1.2300000190734863,1.25,1.003547191619873,214737900.0
2022-05-24,TTB.BK,1.2599999904632568,1.2599999904632568,1.2400000095367432,1.2400000095367432,0.9955188632011414,146011400.0
2022-05-25,TTB.BK,1.2400000095367432,1.25,1.2300000190734863,1.2300000190734863,0.9874904155731201,139903600.0
2022-05-26,TTB.BK,1.2300000190734863,1.25,1.2300000190734863,1.2400000095367432,0.9955188632011414,132268300.0
2022-05-27,TTB.BK,1.25,1.2699999809265137,1.25,1.2599999904632568,1.0115755796432495,141103900.0
2022-05-30,TTB.BK,1.2699999809265137,1.2799999713897705,1.2599999904632568,1.2699999809265137,1.019603967666626,74308800.0
2022-05-31,TTB.BK,1.2699999809265137,1.2799999713897705,1.2599999904632568,1.2699999809265137,1.019603967666626,168242200.0
2022-06-01,TTB.BK,1.2699999809265137,1.2799999713897705,1.25,1.2599999904632568,1.0115755796432495,277702600.0
2022-06-02,TTB.BK,1.2599999904632568,1.2599999904632568,1.2300000190734863,1.2400000095367432,0.9955188632011414,266518400.0
2022-06-06,TTB.BK,1.2400000095367432,1.25,1.2200000286102295,1.2300000190734863,0.9874904155731201,263205100.0
2022-06-07,TTB.BK,1.2300000190734863,1.2400000095367432,1.2200000286102295,1.2300000190734863,0.9874904155731201,104466900.0
2022-06-08,TTB.BK,1.2300000190734863,1.2400000095367432,1.2200000286102295,1.2300000190734863,0.9874904155731201,146246300.0
2022-06-09,TTB.BK,1.2300000190734863,1.2799999713897705,1.2300000190734863,1.2699999809265137,1.019603967666626,955605600.0
2022-06-10,TTB.BK,1.2599999904632568,1.2799999713897705,1.2599999904632568,1.2699999809265137,1.019603967666626,381606400.0
2022-06-13,TTB.BK,1.25,1.2599999904632568,1.2400000095367432,1.25,1.003547191619873,184093200.0
2022-06-14,TTB.BK,1.2400000095367432,1.25,1.2300000190734863,1.2400000095367432,0.9955188632011414,238440600.0
2022-06-15,TTB.BK,1.25,1.2699999809265137,1.2400000095367432,1.2599999904632568,1.0115755796432495,302927300.0
2022-06-16,TTB.BK,1.2699999809265137,1.2899999618530273,1.2400000095367432,1.2400000095367432,0.9955188632011414,547150900.0
2022-06-17,TTB.BK,1.2400000095367432,1.2599999904632568,1.2300000190734863,1.2599999904632568,1.0115755796432495,295671700.0
2022-06-20,TTB.BK,1.25,1.2599999904632568,1.2300000190734863,1.25,1.003547191619873,361461400.0
2022-06-21,TTB.BK,1.25,1.2599999904632568,1.2400000095367432,1.2599999904632568,1.0115755796432495,152126800.0
2022-06-22,TTB.BK,1.2599999904632568,1.2599999904632568,1.2300000190734863,1.25,1.003547191619873,188503100.0
2022-06-23,TTB.BK,1.2400000095367432,1.25,1.2200000286102295,1.2300000190734863,0.9874904155731201,298595600.0
2022-06-24,TTB.BK,1.2400000095367432,1.2400000095367432,1.2300000190734863,1.2300000190734863,0.9874904155731201,151801700.0
2022-06-27,TTB.BK,1.2400000095367432,1.2599999904632568,1.2300000190734863,1.2400000095367432,0.9955188632011414,238857300.0
2022-06-28,TTB.BK,1.2400000095367432,1.2599999904632568,1.2300000190734863,1.25,1.003547191619873,271073300.0
2022-06-29,TTB.BK,1.2400000095367432,1.25,1.2400000095367432,1.2400000095367432,0.9955188632011414,149686500.0
2022-06-30,TTB.BK,1.25,1.25,1.2200000286102295,1.2300000190734863,0.9874904155731201,275289500.0
2022-07-01,TTB.BK,1.2300000190734863,1.2400000095367432,1.2200000286102295,1.2200000286102295,0.9794619679450989,251207600.0
2022-07-04,TTB.BK,1.2200000286102295,1.2300000190734863,1.2000000476837158,1.2000000476837158,0.9634053111076355,194230600.0
2022-07-05,TTB.BK,1.2100000381469727,1.2100000381469727,1.1799999475479126,1.1799999475479126,0.9473484754562378,295269900.0
2022-07-06,TTB.BK,1.1799999475479126,1.190000057220459,1.149999976158142,1.159999966621399,0.9312916994094849,385063900.0
2022-07-07,TTB.BK,1.159999966621399,1.1699999570846558,1.149999976158142,1.1699999570846558,0.9393201470375061,241437700.0
2022-07-08,TTB.BK,1.1699999570846558,1.190000057220459,1.159999966621399,1.1699999570846558,0.9393201470375061,230933400.0
2022-07-11,TTB.BK,1.1699999570846558,1.190000057220459,1.159999966621399,1.1699999570846558,0.9393201470375061,343039000.0
2022-07-12,TTB.BK,1.1699999570846558,1.1699999570846558,1.149999976158142,1.149999976158142,0.9232633113861084,164033800.0
2022-07-14,TTB.BK,1.159999966621399,1.159999966621399,1.1100000143051147,1.1200000047683716,0.8991783857345581,530130500.0
2022-07-15,TTB.BK,1.1200000047683716,1.1299999952316284,1.090000033378601,1.1200000047683716,0.8991783857345581,443033200.0
2022-07-18,TTB.BK,1.1299999952316284,1.149999976158142,1.1200000047683716,1.149999976158142,0.9232633113861084,266664800.0
2022-07-19,TTB.BK,1.1299999952316284,1.1399999856948853,1.100000023841858,1.1299999952316284,0.907206654548645,294652100.0
2022-07-20,TTB.BK,1.1399999856948853,1.149999976158142,1.1299999952316284,1.1399999856948853,0.9152349233627319,148683500.0
2022-07-21,TTB.BK,1.149999976158142,1.1799999475479126,1.1399999856948853,1.1799999475479126,0.9473484754562378,489079100.0
2022-07-22,TTB.BK,1.1799999475479126,1.190000057220459,1.159999966621399,1.1699999570846558,0.9393201470375061,548392900.0
2022-07-25,TTB.BK,1.1699999570846558,1.2000000476837158,1.159999966621399,1.2000000476837158,0.9634053111076355,199795800.0
2022-07-26,TTB.BK,1.2000000476837158,1.2100000381469727,1.190000057220459,1.190000057220459,0.9553769826889038,249852000.0
2022-07-27,TTB.BK,1.190000057220459,1.2000000476837158,1.1799999475479126,1.2000000476837158,0.9634053111076355,130540900.0
2022-08-01,TTB.BK,1.2100000381469727,1.2100000381469727,1.1799999475479126,1.190000057220459,0.9553769826889038,480495500.0
2022-08-02,TTB.BK,1.1799999475479126,1.190000057220459,1.1699999570846558,1.1699999570846558,0.9393201470375061,272093400.0
2022-08-03,TTB.BK,1.1699999570846558,1.1799999475479126,1.149999976158142,1.1699999570846558,0.9393201470375061,216823800.0
2022-08-04,TTB.BK,1.1699999570846558,1.1799999475479126,1.159999966621399,1.1699999570846558,0.9393201470375061,166580200.0
2022-08-05,TTB.BK,1.1799999475479126,1.190000057220459,1.1699999570846558,1.1699999570846558,0.9393201470375061,249877600.0
2022-08-08,TTB.BK,1.1699999570846558,1.190000057220459,1.159999966621399,1.190000057220459,0.9553769826889038,229964500.0
2022-08-09,TTB.BK,1.190000057220459,1.2000000476837158,1.1799999475479126,1.2000000476837158,0.9634053111076355,184276200.0
2022-08-10,TTB.BK,1.2000000476837158,1.2000000476837158,1.1799999475479126,1.190000057220459,0.9553769826889038,233958900.0
2022-08-11,TTB.BK,1.2000000476837158,1.2200000286102295,1.190000057220459,1.2000000476837158,0.9634053111076355,277958700.0
2022-08-15,TTB.BK,1.2100000381469727,1.2200000286102295,1.2000000476837158,1.2000000476837158,0.9634053111076355,220918000.0
2022-08-16,TTB.BK,1.2000000476837158,1.2100000381469727,1.190000057220459,1.190000057220459,0.9553769826889038,247985000.0
2022-08-17,TTB.BK,1.2000000476837158,1.2300000190734863,1.2000000476837158,1.2200000286102295,0.9794619679450989,320574400.0
2022-08-18,TTB.BK,1.2200000286102295,1.2300000190734863,1.2100000381469727,1.2200000286102295,0.9794619679450989,131684200.0
2022-08-19,TTB.BK,1.2300000190734863,1.2300000190734863,1.2100000381469727,1.2100000381469727,0.9714335799217224,107436300.0
2022-08-22,TTB.BK,1.2100000381469727,1.2100000381469727,1.2000000476837158,1.2000000476837158,0.9634053111076355,141611900.0
2022-08-23,TTB.BK,1.2000000476837158,1.2200000286102295,1.190000057220459,1.2200000286102295,0.9794619679450989,111244300.0
2022-08-24,TTB.BK,1.2100000381469727,1.2599999904632568,1.2000000476837158,1.25,1.003547191619873,698435700.0
2022-08-25,TTB.BK,1.25,1.3200000524520874,1.25,1.2899999618530273,1.0356605052947998,599142600.0
2022-08-26,TTB.BK,1.2899999618530273,1.309999942779541,1.2799999713897705,1.2799999713897705,1.027632236480713,360099700.0
2022-08-29,TTB.BK,1.25,1.2899999618530273,1.25,1.2699999809265137,1.019603967666626,235889900.0
2022-08-30,TTB.BK,1.2699999809265137,1.2799999713897705,1.2599999904632568,1.2699999809265137,1.019603967666626,124928000.0
2022-08-31,TTB.BK,1.2799999713897705,1.2899999618530273,1.2599999904632568,1.2699999809265137,1.019603967666626,236589000.0
2022-09-01,TTB.BK,1.2699999809265137,1.2799999713897705,1.25,1.2599999904632568,1.0115755796432495,226570000.0
2022-09-02,TTB.BK,1.2599999904632568,1.2699999809265137,1.2400000095367432,1.2599999904632568,1.0115755796432495,434052400.0
2022-09-05,TTB.BK,1.2400000095367432,1.2599999904632568,1.2400000095367432,1.2599999904632568,1.0278912782669067,129851300.0
2022-09-06,TTB.BK,1.2599999904632568,1.2699999809265137,1.25,1.2699999809265137,1.0360491275787354,125277100.0
2022-09-07,TTB.BK,1.2599999904632568,1.2699999809265137,1.2400000095367432,1.25,1.0197334289550781,177634300.0
2022-09-08,TTB.BK,1.25,1.2599999904632568,1.2400000095367432,1.25,1.0197334289550781,108300300.0
2022-09-09,TTB.BK,1.25,1.2699999809265137,1.25,1.2599999904632568,1.0278912782669067,77777500.0
2022-09-12,TTB.BK,1.2699999809265137,1.2899999618530273,1.2599999904632568,1.2899999618530273,1.0523648262023926,190414200.0
2022-09-13,TTB.BK,1.2899999618530273,1.2899999618530273,1.2699999809265137,1.2699999809265137,1.0360491275787354,168102400.0
2022-09-14,TTB.BK,1.2599999904632568,1.2799999713897705,1.25,1.2799999713897705,1.044206976890564,184667500.0
2022-09-15,TTB.BK,1.2799999713897705,1.2899999618530273,1.2599999904632568,1.2599999904632568,1.0278912782669067,101125800.0
2022-09-16,TTB.BK,1.2599999904632568,1.2699999809265137,1.25,1.2599999904632568,1.0278912782669067,299049400.0
2022-09-19,TTB.BK,1.2599999904632568,1.2699999809265137,1.25,1.2599999904632568,1.0278912782669067,60747000.0
2022-09-20,TTB.BK,1.2599999904632568,1.2799999713897705,1.25,1.2599999904632568,1.0278912782669067,206467500.0
2022-09-21,TTB.BK,1.2599999904632568,1.2799999713897705,1.2599999904632568,1.2599999904632568,1.0278912782669067,235725300.0
2022-09-22,TTB.BK,1.2599999904632568,1.2799999713897705,1.25,1.2799999713897705,1.044206976890564,152543400.0
2022-09-23,TTB.BK,1.2799999713897705,1.2899999618530273,1.2599999904632568,1.2699999809265137,1.0360491275787354,163911100.0
2022-09-26,TTB.BK,1.2599999904632568,1.2699999809265137,1.2200000286102295,1.2300000190734863,1.0034176111221313,536802300.0
2022-09-27,TTB.BK,1.2400000095367432,1.2400000095367432,1.2000000476837158,1.2100000381469727,0.9871018528938293,480927600.0
2022-09-28,TTB.BK,1.2100000381469727,1.2200000286102295,1.2000000476837158,1.2100000381469727,0.9871018528938293,149504800.0
2022-09-29,TTB.BK,1.2200000286102295,1.2400000095367432,1.2000000476837158,1.2100000381469727,0.9871018528938293,238301100.0
2022-09-30,TTB.BK,1.2000000476837158,1.2200000286102295,1.2000000476837158,1.2100000381469727,0.9871018528938293,168026700.0
2022-10-03,TTB.BK,1.2000000476837158,1.2100000381469727,1.1799999475479126,1.190000057220459,0.9707862734794617,205824600.0
2022-10-04,TTB.BK,1.2100000381469727,1.2100000381469727,1.190000057220459,1.2000000476837158,0.9789441227912903,171335900.0
2022-10-05,TTB.BK,1.2000000476837158,1.2100000381469727,1.190000057220459,1.2000000476837158,0.9789441227912903,136878700.0
2022-10-06,TTB.BK,1.2100000381469727,1.2300000190734863,1.2100000381469727,1.2200000286102295,0.9952598214149475,384078400.0
2022-10-07,TTB.BK,1.2200000286102295,1.2300000190734863,1.2100000381469727,1.2200000286102295,0.9952598214149475,127189200.0
2022-10-10,TTB.BK,1.2100000381469727,1.2200000286102295,1.2000000476837158,1.2100000381469727,0.9871018528938293,128781100.0
2022-10-11,TTB.BK,1.2100000381469727,1.2100000381469727,1.190000057220459,1.2000000476837158,0.9789441227912903,137338000.0
2022-10-12,TTB.BK,1.2000000476837158,1.2200000286102295,1.2000000476837158,1.2100000381469727,0.9871018528938293,295732400.0
2022-10-17,TTB.BK,1.2200000286102295,1.2200000286102295,1.2000000476837158,1.2200000286102295,0.9952598214149475,142536400.0
2022-10-18,TTB.BK,1.2200000286102295,1.2400000095367432,1.2200000286102295,1.2300000190734863,1.0034176111221313,255302000.0
2022-10-19,TTB.BK,1.2300000190734863,1.25,1.2300000190734863,1.2400000095367432,1.0115755796432495,132630100.0
2022-10-20,TTB.BK,1.2400000095367432,1.2799999713897705,1.2300000190734863,1.2799999713897705,1.044206976890564,559085100.0
2022-10-21,TTB.BK,1.2699999809265137,1.2899999618530273,1.2599999904632568,1.2899999618530273,1.0523648262023926,383003500.0
2022-10-25,TTB.BK,1.2899999618530273,1.3300000429153442,1.2799999713897705,1.3300000429153442,1.084996223449707,878274800.0
2022-10-26,TTB.BK,1.3300000429153442,1.3799999952316284,1.3200000524520874,1.3799999952316284,1.1257855892181396,1363382600.0
2022-10-27,TTB.BK,1.3700000047683716,1.3899999856948853,1.340000033378601,1.3600000143051147,1.109470009803772,686340100.0
2022-10-28,TTB.BK,1.350000023841858,1.3600000143051147,1.340000033378601,1.350000023841858,1.1013120412826538,161491800.0
2022-10-31,TTB.BK,1.350000023841858,1.3700000047683716,1.350000023841858,1.3600000143051147,1.109470009803772,203533700.0
2022-11-01,TTB.BK,1.3600000143051147,1.3799999952316284,1.350000023841858,1.3700000047683716,1.1176278591156006,418100200.0
2022-11-02,TTB.BK,1.3700000047683716,1.3899999856948853,1.3700000047683716,1.3700000047683716,1.1176278591156006,189865400.0
2022-11-03,TTB.BK,1.3700000047683716,1.3899999856948853,1.3600000143051147,1.3899999856948853,1.1339435577392578,401393600.0
2022-11-04,TTB.BK,1.3899999856948853,1.3899999856948853,1.3700000047683716,1.3700000047683716,1.1176278591156006,220425000.0
2022-11-07,TTB.BK,1.3700000047683716,1.3799999952316284,1.350000023841858,1.3600000143051147,1.109470009803772,200067100.0
2022-11-08,TTB.BK,1.3600000143051147,1.3700000047683716,1.3600000143051147,1.3600000143051147,1.109470009803772,93226400.0
2022-11-09,TTB.BK,1.3600000143051147,1.3799999952316284,1.350000023841858,1.3600000143051147,1.109470009803772,277543500.0
2022-11-10,TTB.BK,1.3600000143051147,1.3700000047683716,1.350000023841858,1.3600000143051147,1.109470009803772,118817600.0
2022-11-11,TTB.BK,1.3799999952316284,1.3799999952316284,1.350000023841858,1.3600000143051147,1.109470009803772,234813100.0
2022-11-14,TTB.BK,1.3600000143051147,1.3600000143051147,1.340000033378601,1.350000023841858,1.1013120412826538,119901800.0
2022-11-15,TTB.BK,1.340000033378601,1.3700000047683716,1.340000033378601,1.3600000143051147,1.109470009803772,322131600.0
2022-11-16,TTB.BK,1.3700000047683716,1.3899999856948853,1.3700000047683716,1.3700000047683716,1.1176278591156006,280167600.0
2022-11-17,TTB.BK,1.3700000047683716,1.3700000047683716,1.3600000143051147,1.3600000143051147,1.109470009803772,106250000.0
2022-11-18,TTB.BK,1.3700000047683716,1.3799999952316284,1.350000023841858,1.3600000143051147,1.109470009803772,92257600.0
2022-11-21,TTB.BK,1.3700000047683716,1.3700000047683716,1.350000023841858,1.3600000143051147,1.109470009803772,78325800.0
2022-11-22,TTB.BK,1.3600000143051147,1.3799999952316284,1.350000023841858,1.3700000047683716,1.1176278591156006,124566700.0
2022-11-23,TTB.BK,1.3700000047683716,1.3899999856948853,1.3700000047683716,1.3899999856948853,1.1339435577392578,166691100.0
2022-11-24,TTB.BK,1.3899999856948853,1.399999976158142,1.3899999856948853,1.3899999856948853,1.1339435577392578,110200000.0
2022-11-25,TTB.BK,1.3899999856948853,1.399999976158142,1.3700000047683716,1.3799999952316284,1.1257855892181396,172103200.0
2022-11-28,TTB.BK,1.3799999952316284,1.3899999856948853,1.3600000143051147,1.3700000047683716,1.1176278591156006,195587400.0
2022-11-29,TTB.BK,1.3700000047683716,1.399999976158142,1.3700000047683716,1.3799999952316284,1.1257855892181396,193415200.0
2022-11-30,TTB.BK,1.3899999856948853,1.399999976158142,1.3799999952316284,1.399999976158142,1.1421014070510864,150639900.0
2022-12-01,TTB.BK,1.3899999856948853,1.399999976158142,1.3799999952316284,1.3899999856948853,1.1339435577392578,179523300.0
2022-12-02,TTB.BK,1.3899999856948853,1.3899999856948853,1.3600000143051147,1.3799999952316284,1.1257855892181396,115158600.0
2022-12-06,TTB.BK,1.3700000047683716,1.3799999952316284,1.3600000143051147,1.3799999952316284,1.1257855892181396,147677600.0
2022-12-07,TTB.BK,1.3799999952316284,1.3899999856948853,1.3700000047683716,1.3799999952316284,1.1257855892181396,107915600.0
2022-12-08,TTB.BK,1.3799999952316284,1.3799999952316284,1.3600000143051147,1.3700000047683716,1.1176278591156006,111434200.0
2022-12-09,TTB.BK,1.3700000047683716,1.3799999952316284,1.3600000143051147,1.3600000143051147,1.109470009803772,65254200.0
2022-12-13,TTB.BK,1.3600000143051147,1.3700000047683716,1.350000023841858,1.3600000143051147,1.109470009803772,56143200.0
2022-12-14,TTB.BK,1.3600000143051147,1.3799999952316284,1.350000023841858,1.3799999952316284,1.1257855892181396,153451300.0
2022-12-15,TTB.BK,1.3700000047683716,1.3799999952316284,1.3700000047683716,1.3799999952316284,1.1257855892181396,150260400.0
2022-12-16,TTB.BK,1.3700000047683716,1.3700000047683716,1.3600000143051147,1.3600000143051147,1.109470009803772,103159600.0
2022-12-19,TTB.BK,1.3600000143051147,1.3700000047683716,1.350000023841858,1.350000023841858,1.1013120412826538,93267900.0
2022-12-20,TTB.BK,1.350000023841858,1.3600000143051147,1.340000033378601,1.3600000143051147,1.109470009803772,173271100.0
2022-12-21,TTB.BK,1.3600000143051147,1.3700000047683716,1.350000023841858,1.3600000143051147,1.109470009803772,133317500.0
2022-12-22,TTB.BK,1.3700000047683716,1.3799999952316284,1.3600000143051147,1.3700000047683716,1.1176278591156006,80102000.0
2022-12-23,TTB.BK,1.3600000143051147,1.3700000047683716,1.350000023841858,1.3700000047683716,1.1176278591156006,96425500.0
2022-12-26,TTB.BK,1.3700000047683716,1.3700000047683716,1.350000023841858,1.3600000143051147,1.109470009803772,116380600.0
2022-12-27,TTB.BK,1.3600000143051147,1.3799999952316284,1.350000023841858,1.3700000047683716,1.1176278591156006,284619200.0
2022-12-28,TTB.BK,1.3700000047683716,1.3799999952316284,1.3700000047683716,1.3799999952316284,1.1257855892181396,96591300.0
2022-12-29,TTB.BK,1.3799999952316284,1.3899999856948853,1.3700000047683716,1.3899999856948853,1.1339435577392578,271432000.0
2022-12-30,TTB.BK,1.399999976158142,1.4299999475479126,1.3899999856948853,1.409999966621399,1.1502593755722046,662136600.0
2023-01-03,TTB.BK,1.4199999570846558,1.440000057220459,1.399999976158142,1.409999966621399,1.1502593755722046,358488200.0
2023-01-04,TTB.BK,1.4199999570846558,1.4299999475479126,1.399999976158142,1.4199999570846558,1.1584171056747437,332662900.0
2023-01-05,TTB.BK,1.4299999475479126,1.440000057220459,1.409999966621399,1.4199999570846558,1.1584171056747437,595255500.0
2023-01-06,TTB.BK,1.4199999570846558,1.4500000476837158,1.4199999570846558,1.4500000476837158,1.1828906536102295,473417000.0
2023-01-09,TTB.BK,1.4600000381469727,1.4700000286102295,1.4500000476837158,1.4500000476837158,1.1828906536102295,270594800.0
2023-01-10,TTB.BK,1.4500000476837158,1.4600000381469727,1.440000057220459,1.4600000381469727,1.1910486221313477,228848200.0
2023-01-11,TTB.BK,1.4600000381469727,1.4700000286102295,1.440000057220459,1.440000057220459,1.1747328042984009,167624500.0
2023-01-12,TTB.BK,1.440000057220459,1.4500000476837158,1.4199999570846558,1.4299999475479126,1.1665749549865723,224123400.0
2023-01-13,TTB.BK,1.4299999475479126,1.4299999475479126,1.399999976158142,1.409999966621399,1.1502593755722046,369099700.0
2023-01-16,TTB.BK,1.4199999570846558,1.4299999475479126,1.4199999570846558,1.4199999570846558,1.1584171056747437,141507700.0
2023-01-17,TTB.BK,1.4199999570846558,1.4299999475479126,1.409999966621399,1.4199999570846558,1.1584171056747437,132072800.0
2023-01-18,TTB.BK,1.4199999570846558,1.4299999475479126,1.409999966621399,1.4199999570846558,1.1584171056747437,173624100.0
2023-01-19,TTB.BK,1.409999966621399,1.4299999475479126,1.409999966621399,1.4199999570846558,1.1584171056747437,240605100.0
2023-01-20,TTB.BK,1.409999966621399,1.409999966621399,1.3799999952316284,1.409999966621399,1.1502593755722046,505118700.0
2023-01-23,TTB.BK,1.409999966621399,1.4500000476837158,1.399999976158142,1.440000057220459,1.1747328042984009,439317800.0
2023-01-24,TTB.BK,1.4500000476837158,1.4500000476837158,1.4299999475479126,1.440000057220459,1.1747328042984009,140786700.0
2023-01-25,TTB.BK,1.4299999475479126,1.440000057220459,1.4299999475479126,1.440000057220459,1.1747328042984009,136125000.0
2023-01-26,TTB.BK,1.440000057220459,1.4500000476837158,1.4199999570846558,1.4500000476837158,1.1828906536102295,227397400.0
2023-01-27,TTB.BK,1.4500000476837158,1.4700000286102295,1.440000057220459,1.4500000476837158,1.1828906536102295,353498900.0
2023-01-30,TTB.BK,1.4500000476837158,1.4700000286102295,1.440000057220459,1.4700000286102295,1.1992064714431763,447521300.0
2023-01-31,TTB.BK,1.4600000381469727,1.4700000286102295,1.4500000476837158,1.4700000286102295,1.1992064714431763,248558500.0
2023-02-01,TTB.BK,1.4700000286102295,1.4800000190734863,1.4500000476837158,1.4700000286102295,1.1992064714431763,265955500.0
2023-02-02,TTB.BK,1.4600000381469727,1.4700000286102295,1.4500000476837158,1.4500000476837158,1.1828906536102295,105819300.0
2023-02-03,TTB.BK,1.4500000476837158,1.4600000381469727,1.440000057220459,1.4500000476837158,1.1828906536102295,164136700.0
2023-02-06,TTB.BK,1.4500000476837158,1.4500000476837158,1.440000057220459,1.4500000476837158,1.1828906536102295,39896000.0
2023-02-07,TTB.BK,1.440000057220459,1.4500000476837158,1.4199999570846558,1.4199999570846558,1.1584171056747437,194234000.0
2023-02-08,TTB.BK,1.4199999570846558,1.4299999475479126,1.399999976158142,1.409999966621399,1.1502593755722046,176493700.0
2023-02-09,TTB.BK,1.399999976158142,1.409999966621399,1.3899999856948853,1.399999976158142,1.1421014070510864,252818800.0
2023-02-10,TTB.BK,1.399999976158142,1.409999966621399,1.3899999856948853,1.399999976158142,1.1421014070510864,250900900.0
2023-02-13,TTB.BK,1.399999976158142,1.4199999570846558,1.3899999856948853,1.409999966621399,1.1502593755722046,153473900.0
2023-02-14,TTB.BK,1.409999966621399,1.4199999570846558,1.399999976158142,1.399999976158142,1.1421014070510864,185535500.0
2023-02-15,TTB.BK,1.409999966621399,1.409999966621399,1.3799999952316284,1.3899999856948853,1.1339435577392578,175929100.0
2023-02-16,TTB.BK,1.3899999856948853,1.399999976158142,1.3799999952316284,1.3899999856948853,1.1339435577392578,78478500.0
2023-02-17,TTB.BK,1.3799999952316284,1.3899999856948853,1.3600000143051147,1.3600000143051147,1.109470009803772,308438600.0
2023-02-20,TTB.BK,1.3700000047683716,1.399999976158142,1.3600000143051147,1.399999976158142,1.1421014070510864,215874200.0
2023-02-21,TTB.BK,1.399999976158142,1.409999966621399,1.3799999952316284,1.409999966621399,1.1502593755722046,106516300.0
2023-02-22,TTB.BK,1.399999976158142,1.409999966621399,1.3799999952316284,1.3899999856948853,1.1339435577392578,128232000.0
2023-02-23,TTB.BK,1.399999976158142,1.399999976158142,1.3799999952316284,1.3899999856948853,1.1339435577392578,184095600.0
2023-02-24,TTB.BK,1.399999976158142,1.409999966621399,1.3899999856948853,1.399999976158142,1.1421014070510864,181083900.0
2023-02-27,TTB.BK,1.399999976158142,1.409999966621399,1.3899999856948853,1.399999976158142,1.1421014070510864,160526100.0
2023-02-28,TTB.BK,1.409999966621399,1.409999966621399,1.399999976158142,1.399999976158142,1.1421014070510864,140569800.0
2023-03-01,TTB.BK,1.399999976158142,1.409999966621399,1.3899999856948853,1.3899999856948853,1.1339435577392578,144164800.0
2023-03-02,TTB.BK,1.3899999856948853,1.3899999856948853,1.3600000143051147,1.3700000047683716,1.1176278591156006,341333400.0
2023-03-03,TTB.BK,1.3700000047683716,1.3899999856948853,1.3600000143051147,1.3899999856948853,1.1339435577392578,260462400.0
2023-03-07,TTB.BK,1.3899999856948853,1.399999976158142,1.3799999952316284,1.3899999856948853,1.1339435577392578,133797400.0
2023-03-08,TTB.BK,1.3799999952316284,1.3899999856948853,1.3700000047683716,1.3799999952316284,1.1257855892181396,257346600.0
2023-03-09,TTB.BK,1.3799999952316284,1.3899999856948853,1.3700000047683716,1.3899999856948853,1.1339435577392578,223965300.0
2023-03-10,TTB.BK,1.3799999952316284,1.399999976158142,1.3799999952316284,1.3799999952316284,1.1257855892181396,155093200.0
2023-03-13,TTB.BK,1.3799999952316284,1.3899999856948853,1.350000023841858,1.3600000143051147,1.109470009803772,373853800.0
2023-03-14,TTB.BK,1.350000023841858,1.3600000143051147,1.2899999618530273,1.2999999523162842,1.0605227947235107,786149800.0
2023-03-15,TTB.BK,1.3300000429153442,1.340000033378601,1.3200000524520874,1.3200000524520874,1.076838493347168,478647400.0
2023-03-16,TTB.BK,1.309999942779541,1.3200000524520874,1.2899999618530273,1.309999942779541,1.0686805248260498,396713200.0
2023-03-17,TTB.BK,1.3200000524520874,1.350000023841858,1.3200000524520874,1.350000023841858,1.1013120412826538,379499700.0
2023-03-20,TTB.BK,1.340000033378601,1.340000033378601,1.3200000524520874,1.3300000429153442,1.084996223449707,286906900.0
2023-03-21,TTB.BK,1.350000023841858,1.3600000143051147,1.3300000429153442,1.3600000143051147,1.109470009803772,320126100.0
2023-03-22,TTB.BK,1.3799999952316284,1.399999976158142,1.3700000047683716,1.3799999952316284,1.1257855892181396,440625200.0
2023-03-23,TTB.BK,1.3700000047683716,1.3899999856948853,1.3700000047683716,1.3799999952316284,1.1257855892181396,197534000.0
2023-03-24,TTB.BK,1.3799999952316284,1.3899999856948853,1.3700000047683716,1.3700000047683716,1.1176278591156006,158788200.0
2023-03-27,TTB.BK,1.3799999952316284,1.3899999856948853,1.3700000047683716,1.3799999952316284,1.1257855892181396,205166000.0
2023-03-28,TTB.BK,1.3799999952316284,1.4500000476837158,1.3799999952316284,1.4500000476837158,1.1828906536102295,721704400.0
2023-03-29,TTB.BK,1.4500000476837158,1.4600000381469727,1.4299999475479126,1.4500000476837158,1.1828906536102295,356193500.0
2023-03-30,TTB.BK,1.4500000476837158,1.4600000381469727,1.4299999475479126,1.4500000476837158,1.1828906536102295,266342000.0
2023-03-31,TTB.BK,1.4500000476837158,1.4600000381469727,1.4199999570846558,1.4199999570846558,1.1584171056747437,147580500.0
2023-04-03,TTB.BK,1.4299999475479126,1.440000057220459,1.4199999570846558,1.4299999475479126,1.1665749549865723,93648300.0
2023-04-04,TTB.BK,1.4299999475479126,1.440000057220459,1.4199999570846558,1.4299999475479126,1.1665749549865723,230830200.0
2023-04-05,TTB.BK,1.4299999475479126,1.4299999475479126,1.409999966621399,1.4199999570846558,1.1584171056747437,178951000.0
2023-04-07,TTB.BK,1.4299999475479126,1.4600000381469727,1.4199999570846558,1.440000057220459,1.1747328042984009,267540800.0
2023-04-10,TTB.BK,1.4299999475479126,1.4500000476837158,1.4299999475479126,1.4500000476837158,1.1828906536102295,103938200.0
2023-04-11,TTB.BK,1.4500000476837158,1.4500000476837158,1.4299999475479126,1.4500000476837158,1.1828906536102295,311201200.0
2023-04-12,TTB.BK,1.3899999856948853,1.409999966621399,1.3899999856948853,1.399999976158142,1.1854310035705566,313801300.0
2023-04-17,TTB.BK,1.3899999856948853,1.409999966621399,1.3899999856948853,1.399999976158142,1.1854310035705566,219106300.0
2023-04-18,TTB.BK,1.409999966621399,1.4299999475479126,1.399999976158142,1.4199999570846558,1.202365517616272,232123500.0
2023-04-19,TTB.BK,1.409999966621399,1.4299999475479126,1.409999966621399,1.4199999570846558,1.202365517616272,154405200.0
2023-04-20,TTB.BK,1.4500000476837158,1.4600000381469727,1.399999976158142,1.4199999570846558,1.202365517616272,591726300.0
2023-04-21,TTB.BK,1.4199999570846558,1.4900000095367432,1.4199999570846558,1.4900000095367432,1.2616370916366577,1059572300.0
2023-04-24,TTB.BK,1.4800000190734863,1.4800000190734863,1.440000057220459,1.4600000381469727,1.2362351417541504,502093300.0
2023-04-25,TTB.BK,1.4500000476837158,1.4600000381469727,1.4199999570846558,1.4299999475479126,1.2108328342437744,540331900.0
2023-04-26,TTB.BK,1.4299999475479126,1.4900000095367432,1.4199999570846558,1.4700000286102295,1.2447024583816528,622960300.0
2023-04-27,TTB.BK,1.4800000190734863,1.4800000190734863,1.4500000476837158,1.4500000476837158,1.227767825126648,162679400.0
2023-04-28,TTB.BK,1.4500000476837158,1.4500000476837158,1.440000057220459,1.4500000476837158,1.227767825126648,127576800.0
2023-05-02,TTB.BK,1.4500000476837158,1.4500000476837158,1.4299999475479126,1.4500000476837158,1.227767825126648,260161600.0
2023-05-03,TTB.BK,1.4299999475479126,1.4800000190734863,1.4299999475479126,1.4800000190734863,1.2531696557998657,591045000.0
2023-05-08,TTB.BK,1.4900000095367432,1.5,1.4600000381469727,1.5,1.2701046466827393,464264700.0
2023-05-09,TTB.BK,1.5,1.5099999904632568,1.4800000190734863,1.5,1.2701046466827393,401536900.0
2023-05-10,TTB.BK,1.5,1.5199999809265137,1.4800000190734863,1.5199999809265137,1.2870393991470337,192551900.0
2023-05-11,TTB.BK,1.5199999809265137,1.5299999713897705,1.5,1.5099999904632568,1.2785719633102417,275200400.0
2023-05-12,TTB.BK,1.5,1.5099999904632568,1.4800000190734863,1.4900000095367432,1.2616370916366577,263203000.0
2023-05-15,TTB.BK,1.5,1.5,1.4800000190734863,1.4900000095367432,1.2616370916366577,413260500.0
2023-05-16,TTB.BK,1.4800000190734863,1.5,1.4600000381469727,1.4800000190734863,1.2531696557998657,374470700.0
2023-05-17,TTB.BK,1.4800000190734863,1.4800000190734863,1.4600000381469727,1.4700000286102295,1.2447024583816528,425071100.0
2023-05-18,TTB.BK,1.4800000190734863,1.4900000095367432,1.4700000286102295,1.4700000286102295,1.2447024583816528,295677200.0
2023-05-19,TTB.BK,1.4800000190734863,1.5099999904632568,1.4700000286102295,1.5099999904632568,1.2785719633102417,522744800.0
2023-05-22,TTB.BK,1.5,1.5099999904632568,1.4700000286102295,1.5,1.2701046466827393,432209500.0
2023-05-23,TTB.BK,1.5,1.5800000429153442,1.5,1.5700000524520874,1.329376220703125,814992600.0
2023-05-24,TTB.BK,1.559999942779541,1.5800000429153442,1.5499999523162842,1.5499999523162842,1.312441349029541,350656500.0
2023-05-25,TTB.BK,1.5499999523162842,1.5800000429153442,1.5299999713897705,1.5800000429153442,1.3378435373306274,602516200.0
2023-05-26,TTB.BK,1.5800000429153442,1.600000023841858,1.559999942779541,1.5800000429153442,1.3378435373306274,281406100.0
2023-05-29,TTB.BK,1.5800000429153442,1.590000033378601,1.5700000524520874,1.5800000429153442,1.3378435373306274,197488500.0
2023-05-30,TTB.BK,1.5800000429153442,1.600000023841858,1.559999942779541,1.600000023841858,1.3547782897949219,424024400.0
2023-05-31,TTB.BK,1.5800000429153442,1.600000023841858,1.5700000524520874,1.5800000429153442,1.3378435373306274,435643200.0
2023-06-01,TTB.BK,1.5800000429153442,1.6299999952316284,1.559999942779541,1.6200000047683716,1.3717129230499268,555014100.0
2023-06-02,TTB.BK,1.6100000143051147,1.6699999570846558,1.6100000143051147,1.6699999570846558,1.414049744606018,694310300.0
2023-06-06,TTB.BK,1.6699999570846558,1.6699999570846558,1.6299999952316284,1.649999976158142,1.3971149921417236,594451100.0
2023-06-07,TTB.BK,1.659999966621399,1.6699999570846558,1.6200000047683716,1.6699999570846558,1.414049744606018,464396000.0
2023-06-08,TTB.BK,1.659999966621399,1.6699999570846558,1.649999976158142,1.6699999570846558,1.414049744606018,339711200.0
2023-06-09,TTB.BK,1.6699999570846558,1.690000057220459,1.649999976158142,1.659999966621399,1.405582308769226,378482400.0
2023-06-12,TTB.BK,1.649999976158142,1.649999976158142,1.6100000143051147,1.6100000143051147,1.3632454872131348,648885700.0
2023-06-13,TTB.BK,1.6100000143051147,1.6399999856948853,1.6100000143051147,1.6399999856948853,1.3886476755142212,208644400.0
2023-06-14,TTB.BK,1.6299999952316284,1.6399999856948853,1.6100000143051147,1.6299999952316284,1.3801802396774292,321329200.0
2023-06-15,TTB.BK,1.6299999952316284,1.6399999856948853,1.6100000143051147,1.6200000047683716,1.3717129230499268,211912900.0
2023-06-16,TTB.BK,1.6299999952316284,1.6399999856948853,1.6100000143051147,1.6200000047683716,1.3717129230499268,245247600.0
2023-06-19,TTB.BK,1.6100000143051147,1.6299999952316284,1.6100000143051147,1.6200000047683716,1.3717129230499268,245202500.0
2023-06-20,TTB.BK,1.6299999952316284,1.6399999856948853,1.5800000429153442,1.600000023841858,1.3547782897949219,866725400.0
2023-06-21,TTB.BK,1.590000033378601,1.600000023841858,1.5800000429153442,1.590000033378601,1.3463108539581299,450375200.0
2023-06-22,TTB.BK,1.590000033378601,1.600000023841858,1.5800000429153442,1.590000033378601,1.3463108539581299,276811600.0
2023-06-23,TTB.BK,1.5800000429153442,1.590000033378601,1.5499999523162842,1.590000033378601,1.3463108539581299,329512200.0
2023-06-26,TTB.BK,1.5800000429153442,1.6100000143051147,1.5700000524520874,1.600000023841858,1.3547782897949219,653305400.0
2023-06-27,TTB.BK,1.600000023841858,1.600000023841858,1.5800000429153442,1.5800000429153442,1.3378435373306274,366641900.0
2023-06-28,TTB.BK,1.590000033378601,1.590000033378601,1.5199999809265137,1.5299999713897705,1.2955065965652466,843596300.0
2023-06-29,TTB.BK,1.5099999904632568,1.5399999618530273,1.4900000095367432,1.5,1.2701046466827393,1239743700.0
2023-06-30,TTB.BK,1.5099999904632568,1.5499999523162842,1.5,1.5499999523162842,1.312441349029541,574693900.0
2023-07-03,TTB.BK,1.5499999523162842,1.559999942779541,1.5299999713897705,1.5399999618530273,1.3039740324020386,209616500.0
2023-07-04,TTB.BK,1.5399999618530273,1.5800000429153442,1.5299999713897705,1.5700000524520874,1.329376220703125,397508000.0
2023-07-05,TTB.BK,1.5700000524520874,1.5800000429153442,1.5399999618530273,1.5499999523162842,1.312441349029541,425995600.0
2023-07-06,TTB.BK,1.5499999523162842,1.5499999523162842,1.5199999809265137,1.5399999618530273,1.3039740324020386,245822900.0
2023-07-07,TTB.BK,1.5299999713897705,1.5499999523162842,1.5199999809265137,1.5399999618530273,1.3039740324020386,174385200.0
2023-07-10,TTB.BK,1.5399999618530273,1.559999942779541,1.5299999713897705,1.5399999618530273,1.3039740324020386,333387500.0
2023-07-11,TTB.BK,1.5399999618530273,1.559999942779541,1.5399999618530273,1.5399999618530273,1.3039740324020386,200267400.0
2023-07-12,TTB.BK,1.5399999618530273,1.5499999523162842,1.5199999809265137,1.5199999809265137,1.2870393991470337,291090700.0
2023-07-13,TTB.BK,1.5299999713897705,1.5399999618530273,1.5099999904632568,1.5299999713897705,1.2955065965652466,276753300.0
2023-07-14,TTB.BK,1.5299999713897705,1.5700000524520874,1.5199999809265137,1.559999942779541,1.3209086656570435,514828900.0
2023-07-17,TTB.BK,1.5800000429153442,1.600000023841858,1.5700000524520874,1.590000033378601,1.3463108539581299,418577300.0
2023-07-18,TTB.BK,1.590000033378601,1.6399999856948853,1.590000033378601,1.6399999856948853,1.3886476755142212,375737000.0
2023-07-19,TTB.BK,1.6399999856948853,1.659999966621399,1.6100000143051147,1.6299999952316284,1.3801802396774292,637905200.0
2023-07-20,TTB.BK,1.6299999952316284,1.6699999570846558,1.6299999952316284,1.649999976158142,1.3971149921417236,404796600.0
2023-07-21,TTB.BK,1.649999976158142,1.7000000476837158,1.6299999952316284,1.690000057220459,1.4309844970703125,510927100.0
2023-07-24,TTB.BK,1.6799999475479126,1.690000057220459,1.659999966621399,1.6699999570846558,1.414049744606018,347202200.0
2023-07-25,TTB.BK,1.6799999475479126,1.7000000476837158,1.6699999570846558,1.6799999475479126,1.422516942024231,266480200.0
2023-07-26,TTB.BK,1.6799999475479126,1.7000000476837158,1.6699999570846558,1.7000000476837158,1.439451813697815,199940600.0
2023-07-27,TTB.BK,1.7100000381469727,1.7200000286102295,1.6799999475479126,1.690000057220459,1.4309844970703125,445493700.0
2023-07-31,TTB.BK,1.7100000381469727,1.7300000190734863,1.7000000476837158,1.7200000286102295,1.4563865661621094,229226900.0
2023-08-02,TTB.BK,1.7200000286102295,1.7200000286102295,1.690000057220459,1.690000057220459,1.4309844970703125,374556400.0
2023-08-03,TTB.BK,1.6799999475479126,1.690000057220459,1.649999976158142,1.649999976158142,1.3971149921417236,477147500.0
2023-08-04,TTB.BK,1.649999976158142,1.690000057220459,1.649999976158142,1.690000057220459,1.4309844970703125,266126100.0
2023-08-07,TTB.BK,1.6799999475479126,1.7100000381469727,1.6799999475479126,1.7100000381469727,1.4479191303253174,225870200.0
2023-08-08,TTB.BK,1.7100000381469727,1.7100000381469727,1.6799999475479126,1.690000057220459,1.4309844970703125,246330800.0
2023-08-09,TTB.BK,1.690000057220459,1.7100000381469727,1.6799999475479126,1.7100000381469727,1.4479191303253174,237145900.0
2023-08-10,TTB.BK,1.7000000476837158,1.7200000286102295,1.690000057220459,1.7100000381469727,1.4479191303253174,267465500.0
2023-08-11,TTB.BK,1.75,1.7599999904632568,1.7300000190734863,1.75,1.4817886352539062,693200100.0
2023-08-15,TTB.BK,1.7400000095367432,1.75,1.7200000286102295,1.7400000095367432,1.4733213186264038,407588600.0
2023-08-16,TTB.BK,1.7400000095367432,1.7699999809265137,1.7300000190734863,1.7699999809265137,1.4987233877182007,393725200.0
2023-08-17,TTB.BK,1.7599999904632568,1.7699999809265137,1.7400000095367432,1.7599999904632568,1.4902558326721191,270666300.0
2023-08-18,TTB.BK,1.7599999904632568,1.7899999618530273,1.75,1.7699999809265137,1.4987233877182007,383391700.0
2023-08-21,TTB.BK,1.7699999809265137,1.7799999713897705,1.7699999809265137,1.7699999809265137,1.4987233877182007,148932800.0
2023-08-22,TTB.BK,1.7799999713897705,1.7999999523162842,1.7699999809265137,1.7799999713897705,1.5071907043457031,564335400.0
2023-08-23,TTB.BK,1.7899999618530273,1.7999999523162842,1.7799999713897705,1.7999999523162842,1.524125576019287,357174600.0
2023-08-24,TTB.BK,1.7899999618530273,1.7999999523162842,1.7100000381469727,1.7200000286102295,1.4563865661621094,1172807300.0
2023-08-25,TTB.BK,1.7200000286102295,1.7599999904632568,1.7100000381469727,1.7599999904632568,1.4902558326721191,926179300.0
2023-08-28,TTB.BK,1.7599999904632568,1.7799999713897705,1.75,1.7699999809265137,1.4987233877182007,299465700.0
2023-08-29,TTB.BK,1.7599999904632568,1.7799999713897705,1.75,1.7599999904632568,1.4902558326721191,300101800.0
2023-08-30,TTB.BK,1.7599999904632568,1.7699999809265137,1.7300000190734863,1.7400000095367432,1.4733213186264038,530851000.0
2023-08-31,TTB.BK,1.7599999904632568,1.7599999904632568,1.7200000286102295,1.7100000381469727,1.4479191303253174,1009871900.0
2023-09-01,TTB.BK,1.7100000381469727,1.7200000286102295,1.690000057220459,1.7000000476837158,1.439451813697815,494814900.0
2023-09-04,TTB.BK,1.7100000381469727,1.7300000190734863,1.690000057220459,1.7000000476837158,1.439451813697815,422550600.0
2023-09-05,TTB.BK,1.7000000476837158,1.7100000381469727,1.6699999570846558,1.6799999475479126,1.422516942024231,402622600.0
2023-09-06,TTB.BK,1.6799999475479126,1.7400000095367432,1.6699999570846558,1.7300000190734863,1.4648538827896118,522329300.0
2023-09-07,TTB.BK,1.7300000190734863,1.75,1.7200000286102295,1.7200000286102295,1.4563865661621094,259731000.0
2023-09-08,TTB.BK,1.7300000190734863,1.7400000095367432,1.7200000286102295,1.7300000190734863,1.4648538827896118,234608400.0
2023-09-11,TTB.BK,1.7300000190734863,1.7300000190734863,1.7100000381469727,1.7100000381469727,1.4479191303253174,67745600.0
2023-09-12,TTB.BK,1.7100000381469727,1.7200000286102295,1.7000000476837158,1.7300000190734863,1.4648538827896118,91687100.0
2023-09-13,TTB.BK,1.7200000286102295,1.7400000095367432,1.7100000381469727,1.7100000381469727,1.4479191303253174,123204300.0
2023-09-14,TTB.BK,1.7200000286102295,1.7400000095367432,1.7100000381469727,1.7300000190734863,1.4648538827896118,108859300.0
2023-09-15,TTB.BK,1.7300000190734863,1.7400000095367432,1.7100000381469727,1.7100000381469727,1.4479191303253174,144399600.0
2023-09-18,TTB.BK,1.7200000286102295,1.7200000286102295,1.690000057220459,1.7000000476837158,1.439451813697815,86232900.0
2023-09-19,TTB.BK,1.7000000476837158,1.7300000190734863,1.7000000476837158,1.7200000286102295,1.4563865661621094,159194200.0
2023-09-20,TTB.BK,1.7200000286102295,1.7300000190734863,1.7000000476837158,1.7000000476837158,1.439451813697815,151787000.0
2023-09-21,TTB.BK,1.7000000476837158,1.7100000381469727,1.690000057220459,1.7000000476837158,1.439451813697815,117068200.0
2023-09-22,TTB.BK,1.7000000476837158,1.7100000381469727,1.6699999570846558,1.690000057220459,1.4309844970703125,236350200.0
2023-09-25,TTB.BK,1.690000057220459,1.690000057220459,1.659999966621399,1.659999966621399,1.405582308769226,160020200.0
2023-09-26,TTB.BK,1.649999976158142,1.6799999475479126,1.649999976158142,1.659999966621399,1.405582308769226,192460600.0
2023-09-27,TTB.BK,1.690000057220459,1.7200000286102295,1.6799999475479126,1.7200000286102295,1.4563865661621094,216624800.0
2023-09-28,TTB.BK,1.7100000381469727,1.7200000286102295,1.690000057220459,1.690000057220459,1.4309844970703125,283226000.0
2023-09-29,TTB.BK,1.7100000381469727,1.7300000190734863,1.7000000476837158,1.7200000286102295,1.4563865661621094,124418300.0
2023-10-02,TTB.BK,1.7300000190734863,1.7300000190734863,1.690000057220459,1.7100000381469727,1.4479191303253174,187621600.0
2023-10-03,TTB.BK,1.7100000381469727,1.7100000381469727,1.659999966621399,1.6699999570846558,1.414049744606018,544813300.0
2023-10-04,TTB.BK,1.649999976158142,1.7000000476837158,1.6399999856948853,1.690000057220459,1.4309844970703125,308123500.0
2023-10-05,TTB.BK,1.690000057220459,1.7000000476837158,1.6799999475479126,1.7000000476837158,1.439451813697815,104546600.0
2023-10-06,TTB.BK,1.7000000476837158,1.7100000381469727,1.690000057220459,1.7000000476837158,1.439451813697815,131025800.0
2023-10-09,TTB.BK,1.649999976158142,1.6799999475479126,1.649999976158142,1.6799999475479126,1.4656237363815308,163215500.0
2023-10-10,TTB.BK,1.690000057220459,1.690000057220459,1.649999976158142,1.6799999475479126,1.4656237363815308,138874400.0
2023-10-11,TTB.BK,1.6799999475479126,1.7100000381469727,1.6799999475479126,1.7000000476837158,1.4830716848373413,159336900.0
2023-10-12,TTB.BK,1.7000000476837158,1.7200000286102295,1.7000000476837158,1.7100000381469727,1.491795539855957,248682500.0
2023-10-16,TTB.BK,1.7100000381469727,1.7200000286102295,1.690000057220459,1.7200000286102295,1.5005195140838623,205558200.0
2023-10-17,TTB.BK,1.7200000286102295,1.7400000095367432,1.7000000476837158,1.7400000095367432,1.5179674625396729,209072100.0
2023-10-18,TTB.BK,1.7400000095367432,1.7400000095367432,1.7100000381469727,1.7300000190734863,1.5092434883117676,156127400.0
2023-10-19,TTB.BK,1.7300000190734863,1.7400000095367432,1.7100000381469727,1.7200000286102295,1.5005195140838623,235008600.0
2023-10-20,TTB.BK,1.7400000095367432,1.7400000095367432,1.7100000381469727,1.7300000190734863,1.5092434883117676,394449600.0
2023-10-24,TTB.BK,1.7300000190734863,1.7400000095367432,1.659999966621399,1.6699999570846558,1.4568997621536255,337781700.0
2023-10-25,TTB.BK,1.6799999475479126,1.690000057220459,1.659999966621399,1.6699999570846558,1.4568997621536255,275074100.0
2023-10-26,TTB.BK,1.659999966621399,1.6799999475479126,1.6399999856948853,1.649999976158142,1.439451813697815,282794000.0
2023-10-27,TTB.BK,1.659999966621399,1.690000057220459,1.649999976158142,1.6799999475479126,1.4656237363815308,244876800.0
2023-10-30,TTB.BK,1.6699999570846558,1.7000000476837158,1.6699999570846558,1.690000057220459,1.4743478298187256,141216900.0
2023-10-31,TTB.BK,1.690000057220459,1.7000000476837158,1.659999966621399,1.6699999570846558,1.4568997621536255,133546000.0
2023-11-01,TTB.BK,1.6699999570846558,1.6799999475479126,1.6200000047683716,1.6299999952316284,1.422003984451294,292889200.0
2023-11-02,TTB.BK,1.6399999856948853,1.659999966621399,1.6299999952316284,1.6299999952316284,1.422003984451294,310136700.0
2023-11-03,TTB.BK,1.6399999856948853,1.659999966621399,1.6399999856948853,1.659999966621399,1.4481757879257202,209981200.0
2023-11-06,TTB.BK,1.659999966621399,1.6799999475479126,1.6399999856948853,1.6399999856948853,1.4307278394699097,147174300.0
2023-11-07,TTB.BK,1.6399999856948853,1.649999976158142,1.600000023841858,1.6200000047683716,1.4132801294326782,334778800.0
2023-11-08,TTB.BK,1.6100000143051147,1.6200000047683716,1.600000023841858,1.6100000143051147,1.404556155204773,143954700.0
2023-11-09,TTB.BK,1.6100000143051147,1.6299999952316284,1.590000033378601,1.6100000143051147,1.404556155204773,188160200.0
2023-11-10,TTB.BK,1.600000023841858,1.6100000143051147,1.590000033378601,1.590000033378601,1.3871080875396729,147151000.0
2023-11-13,TTB.BK,1.600000023841858,1.6100000143051147,1.5800000429153442,1.6100000143051147,1.404556155204773,78485600.0
2023-11-14,TTB.BK,1.6100000143051147,1.6200000047683716,1.590000033378601,1.600000023841858,1.3958321809768677,92953000.0
2023-11-15,TTB.BK,1.6200000047683716,1.649999976158142,1.600000023841858,1.6399999856948853,1.4307278394699097,267109400.0
2023-11-16,TTB.BK,1.6299999952316284,1.6299999952316284,1.5800000429153442,1.590000033378601,1.3871080875396729,412774700.0
2023-11-17,TTB.BK,1.590000033378601,1.600000023841858,1.559999942779541,1.5700000524520874,1.3696603775024414,400945200.0
2023-11-20,TTB.BK,1.5700000524520874,1.590000033378601,1.5499999523162842,1.559999942779541,1.3609362840652466,257817200.0
2023-11-21,TTB.BK,1.5700000524520874,1.5800000429153442,1.5499999523162842,1.559999942779541,1.3609362840652466,270130300.0
2023-11-22,TTB.BK,1.559999942779541,1.5700000524520874,1.5299999713897705,1.5499999523162842,1.3522123098373413,436779400.0
2023-11-23,TTB.BK,1.5499999523162842,1.559999942779541,1.5399999618530273,1.5499999523162842,1.3522123098373413,158411600.0
2023-11-24,TTB.BK,1.559999942779541,1.5700000524520874,1.5499999523162842,1.559999942779541,1.3609362840652466,77829700.0
2023-11-27,TTB.BK,1.559999942779541,1.5800000429153442,1.5499999523162842,1.559999942779541,1.3609362840652466,230084100.0
2023-11-28,TTB.BK,1.5700000524520874,1.590000033378601,1.5700000524520874,1.5700000524520874,1.3696603775024414,197865700.0
2023-11-29,TTB.BK,1.5700000524520874,1.5800000429153442,1.559999942779541,1.5700000524520874,1.3696603775024414,218938900.0
2023-11-30,TTB.BK,1.5700000524520874,1.5800000429153442,1.5299999713897705,1.5399999618530273,1.343488335609436,355043500.0
2023-12-01,TTB.BK,1.5499999523162842,1.559999942779541,1.5399999618530273,1.5499999523162842,1.3522123098373413,120103500.0
2023-12-04,TTB.BK,1.5399999618530273,1.559999942779541,1.5399999618530273,1.5499999523162842,1.3522123098373413,132025100.0
2023-12-06,TTB.BK,1.5499999523162842,1.5700000524520874,1.5399999618530273,1.5700000524520874,1.3696603775024414,195694800.0
2023-12-07,TTB.BK,1.559999942779541,1.5700000524520874,1.5499999523162842,1.5499999523162842,1.3522123098373413,102350200.0
2023-12-08,TTB.BK,1.559999942779541,1.5700000524520874,1.5499999523162842,1.559999942779541,1.3609362840652466,80773300.0
2023-12-12,TTB.BK,1.559999942779541,1.5700000524520874,1.5499999523162842,1.5700000524520874,1.3696603775024414,78178300.0
2023-12-13,TTB.BK,1.5700000524520874,1.5700000524520874,1.5499999523162842,1.5700000524520874,1.3696603775024414,54891800.0
2023-12-14,TTB.BK,1.5700000524520874,1.5700000524520874,1.5499999523162842,1.5499999523162842,1.3522123098373413,100723500.0
2023-12-15,TTB.BK,1.559999942779541,1.5800000429153442,1.559999942779541,1.5800000429153442,1.3783843517303467,201289400.0
2023-12-18,TTB.BK,1.5700000524520874,1.5800000429153442,1.559999942779541,1.5700000524520874,1.3696603775024414,73117300.0
2023-12-19,TTB.BK,1.5700000524520874,1.5800000429153442,1.559999942779541,1.5700000524520874,1.3696603775024414,49616900.0
2023-12-20,TTB.BK,1.5700000524520874,1.590000033378601,1.5700000524520874,1.5800000429153442,1.3783843517303467,139997200.0
2023-12-21,TTB.BK,1.5700000524520874,1.6100000143051147,1.5700000524520874,1.600000023841858,1.3958321809768677,266344500.0
2023-12-22,TTB.BK,1.6100000143051147,1.6100000143051147,1.590000033378601,1.590000033378601,1.3871080875396729,72634200.0
2023-12-25,TTB.BK,1.600000023841858,1.6100000143051147,1.590000033378601,1.600000023841858,1.3958321809768677,43271800.0
2023-12-26,TTB.BK,1.600000023841858,1.6200000047683716,1.590000033378601,1.6100000143051147,1.404556155204773,84323100.0
2023-12-27,TTB.BK,1.6200000047683716,1.6299999952316284,1.600000023841858,1.6100000143051147,1.404556155204773,104289100.0
2023-12-28,TTB.BK,1.6200000047683716,1.6799999475479126,1.6200000047683716,1.6699999570846558,1.4568997621536255,422946500.0
2024-01-03,TTB.BK,1.6799999475479126,1.690000057220459,1.649999976158142,1.659999966621399,1.4481757879257202,186100900.0
2024-01-04,TTB.BK,1.649999976158142,1.6799999475479126,1.649999976158142,1.659999966621399,1.4481757879257202,203059500.0
2024-01-05,TTB.BK,1.659999966621399,1.690000057220459,1.659999966621399,1.6699999570846558,1.4568997621536255,137008500.0
2024-01-08,TTB.BK,1.6799999475479126,1.6799999475479126,1.6299999952316284,1.6299999952316284,1.422003984451294,264409000.0
2024-01-09,TTB.BK,1.649999976158142,1.659999966621399,1.6399999856948853,1.659999966621399,1.4481757879257202,119259500.0
2024-01-10,TTB.BK,1.649999976158142,1.659999966621399,1.590000033378601,1.6200000047683716,1.4132801294326782,460336800.0
2024-01-11,TTB.BK,1.6200000047683716,1.6399999856948853,1.6200000047683716,1.6200000047683716,1.4132801294326782,90402200.0
2024-01-12,TTB.BK,1.6200000047683716,1.6399999856948853,1.6100000143051147,1.6299999952316284,1.422003984451294,116129400.0
2024-01-15,TTB.BK,1.6299999952316284,1.6299999952316284,1.6299999952316284,1.6299999952316284,1.422003984451294,0.0
2024-01-16,TTB.BK,1.6100000143051147,1.6299999952316284,1.6100000143051147,1.6100000143051147,1.404556155204773,102170600.0
2024-01-17,TTB.BK,1.6100000143051147,1.6200000047683716,1.590000033378601,1.590000033378601,1.3871080875396729,183108000.0
2024-01-18,TTB.BK,1.590000033378601,1.6100000143051147,1.5700000524520874,1.600000023841858,1.3958321809768677,273240500.0
2024-01-19,TTB.BK,1.6100000143051147,1.7100000381469727,1.600000023841858,1.690000057220459,1.4743478298187256,897170800.0
2024-01-22,TTB.BK,1.7599999904632568,1.809999942779541,1.7599999904632568,1.7999999523162842,1.5703110694885254,1787127500.0
2024-01-23,TTB.BK,1.7999999523162842,1.809999942779541,1.7799999713897705,1.7899999618530273,1.5615870952606201,690984200.0
2024-01-24,TTB.BK,1.7899999618530273,1.809999942779541,1.7799999713897705,1.7899999618530273,1.5615870952606201,383369500.0
2024-01-25,TTB.BK,1.7799999713897705,1.7999999523162842,1.75,1.7999999523162842,1.5703110694885254,324202700.0
2024-01-26,TTB.BK,1.7999999523162842,1.7999999523162842,1.7599999904632568,1.7799999713897705,1.5528632402420044,226187900.0
2024-01-29,TTB.BK,1.7799999713897705,1.7899999618530273,1.7599999904632568,1.7699999809265137,1.5441392660140991,220352700.0
2024-01-30,TTB.BK,1.7799999713897705,1.7799999713897705,1.7599999904632568,1.7699999809265137,1.5441392660140991,136031100.0
2024-01-31,TTB.BK,1.7699999809265137,1.7999999523162842,1.7599999904632568,1.7899999618530273,1.5615870952606201,328084200.0
2024-02-01,TTB.BK,1.7899999618530273,1.7999999523162842,1.7699999809265137,1.7999999523162842,1.5703110694885254,223320600.0
2024-02-02,TTB.BK,1.809999942779541,1.8200000524520874,1.7899999618530273,1.7899999618530273,1.5615870952606201,319649700.0
2024-02-05,TTB.BK,1.7999999523162842,1.8700000047683716,1.7899999618530273,1.8700000047683716,1.6313786506652832,605679100.0
2024-02-06,TTB.BK,1.8700000047683716,1.8799999952316284,1.850000023841858,1.850000023841858,1.6139309406280518,249450400.0
2024-02-07,TTB.BK,1.850000023841858,1.8600000143051147,1.8300000429153442,1.8300000429153442,1.5964829921722412,182375100.0
2024-02-08,TTB.BK,1.8300000429153442,1.840000033378601,1.809999942779541,1.809999942779541,1.5790349245071411,159735100.0
2024-02-09,TTB.BK,1.809999942779541,1.8200000524520874,1.7999999523162842,1.809999942779541,1.5790349245071411,112296500.0
2024-02-12,TTB.BK,1.7899999618530273,1.840000033378601,1.7799999713897705,1.840000033378601,1.6052069664001465,203441700.0
2024-02-13,TTB.BK,1.8300000429153442,1.840000033378601,1.809999942779541,1.809999942779541,1.5790349245071411,258161300.0
2024-02-14,TTB.BK,1.7999999523162842,1.8200000524520874,1.7999999523162842,1.809999942779541,1.5790349245071411,192341000.0
2024-02-15,TTB.BK,1.8200000524520874,1.850000023841858,1.8200000524520874,1.840000033378601,1.6052069664001465,266103900.0
2024-02-16,TTB.BK,1.840000033378601,1.8700000047683716,1.8200000524520874,1.8700000047683716,1.6313786506652832,278554300.0
2024-02-19,TTB.BK,1.8700000047683716,1.8899999856948853,1.850000023841858,1.8799999952316284,1.6401026248931885,147842900.0
2024-02-20,TTB.BK,1.8799999952316284,1.8899999856948853,1.8700000047683716,1.8799999952316284,1.6401026248931885,96491400.0
2024-02-21,TTB.BK,1.8899999856948853,1.9199999570846558,1.8600000143051147,1.8600000143051147,1.622654914855957,369253900.0
2024-02-22,TTB.BK,1.8300000429153442,1.8799999952316284,1.8200000524520874,1.8600000143051147,1.622654914855957,223806800.0
2024-02-23,TTB.BK,1.8600000143051147,1.8799999952316284,1.850000023841858,1.8799999952316284,1.6401026248931885,137329500.0
2024-02-27,TTB.BK,1.8700000047683716,1.8899999856948853,1.850000023841858,1.8700000047683716,1.6313786506652832,109998400.0
2024-02-28,TTB.BK,1.8600000143051147,1.8700000047683716,1.850000023841858,1.8600000143051147,1.622654914855957,79680400.0
2024-02-29,TTB.BK,1.8600000143051147,1.8600000143051147,1.8300000429153442,1.840000033378601,1.6052069664001465,204665000.0
2024-03-01,TTB.BK,1.840000033378601,1.8700000047683716,1.840000033378601,1.850000023841858,1.6139309406280518,92992300.0
2024-03-04,TTB.BK,1.840000033378601,1.8700000047683716,1.840000033378601,1.8700000047683716,1.6313786506652832,71863000.0
2024-03-05,TTB.BK,1.850000023841858,1.8799999952316284,1.850000023841858,1.850000023841858,1.6139309406280518,97821700.0
2024-03-06,TTB.BK,1.850000023841858,1.8600000143051147,1.840000033378601,1.840000033378601,1.6052069664001465,89227300.0
2024-03-07,TTB.BK,1.850000023841858,1.8799999952316284,1.850000023841858,1.850000023841858,1.6139309406280518,83311200.0
2024-03-08,TTB.BK,1.850000023841858,1.8799999952316284,1.850000023841858,1.8600000143051147,1.622654914855957,63028300.0
2024-03-11,TTB.BK,1.8600000143051147,1.8799999952316284,1.850000023841858,1.8600000143051147,1.622654914855957,131198000.0
2024-03-12,TTB.BK,1.8600000143051147,1.8600000143051147,1.8600000143051147,1.8600000143051147,1.622654914855957,0.0
2024-03-13,TTB.BK,1.8300000429153442,1.850000023841858,1.8300000429153442,1.850000023841858,1.6139309406280518,74198800.0
2024-03-14,TTB.BK,1.850000023841858,1.850000023841858,1.8300000429153442,1.840000033378601,1.6052069664001465,61687100.0
2024-03-15,TTB.BK,1.840000033378601,1.840000033378601,1.840000033378601,1.840000033378601,1.6052069664001465,0.0
2024-03-18,TTB.BK,1.8300000429153442,1.8600000143051147,1.8300000429153442,1.850000023841858,1.6139309406280518,128102700.0
2024-03-19,TTB.BK,1.840000033378601,1.850000023841858,1.8300000429153442,1.840000033378601,1.6052069664001465,57511900.0
2024-03-20,TTB.BK,1.840000033378601,1.840000033378601,1.840000033378601,1.840000033378601,1.6052069664001465,0.0
2024-03-21,TTB.BK,1.8600000143051147,1.8700000047683716,1.850000023841858,1.8700000047683716,1.6313786506652832,68135200.0
2024-03-22,TTB.BK,1.8700000047683716,1.8700000047683716,1.8700000047683716,1.8700000047683716,1.6313786506652832,0.0
2024-03-25,TTB.BK,1.850000023841858,1.8600000143051147,1.8300000429153442,1.840000033378601,1.6052069664001465,147806100.0
2024-03-26,TTB.BK,1.840000033378601,1.840000033378601,1.840000033378601,1.840000033378601,1.6052069664001465,0.0
2024-03-27,TTB.BK,1.840000033378601,1.8600000143051147,1.8300000429153442,1.840000033378601,1.6052069664001465,99211800.0
2024-03-28,TTB.BK,1.840000033378601,1.840000033378601,1.840000033378601,1.840000033378601,1.6052069664001465,0.0
2024-03-29,TTB.BK,1.8200000524520874,1.840000033378601,1.809999942779541,1.8200000524520874,1.587759017944336,44778100.0
2024-04-01,TTB.BK,1.8200000524520874,1.8300000429153442,1.7999999523162842,1.8200000524520874,1.587759017944336,128309700.0
2024-04-02,TTB.BK,1.8200000524520874,1.8200000524520874,1.7799999713897705,1.7999999523162842,1.5703110694885254,355347100.0
2024-04-03,TTB.BK,1.7899999618530273,1.7999999523162842,1.7599999904632568,1.7999999523162842,1.5703110694885254,322016900.0
2024-04-04,TTB.BK,1.7899999618530273,1.7999999523162842,1.7699999809265137,1.7799999713897705,1.5528632402420044,110468500.0
2024-04-05,TTB.BK,1.7699999809265137,1.7799999713897705,1.7599999904632568,1.7599999904632568,1.5354152917861938,120903000.0
2024-04-09,TTB.BK,1.7699999809265137,1.8200000524520874,1.7699999809265137,1.8200000524520874,1.587759017944336,213505300.0
2024-04-10,TTB.BK,1.8200000524520874,1.8300000429153442,1.7999999523162842,1.8200000524520874,1.587759017944336,178585200.0
2024-04-11,TTB.BK,1.8200000524520874,1.840000033378601,1.809999942779541,1.8300000429153442,1.5964829921722412,190206400.0
2024-04-17,TTB.BK,1.7899999618530273,1.7999999523162842,1.7599999904632568,1.7599999904632568,1.5829914808273315,224622000.0
2024-04-18,TTB.BK,1.7599999904632568,1.7599999904632568,1.7599999904632568,1.7599999904632568,1.5829914808273315,0.0
2024-04-19,TTB.BK,1.7599999904632568,1.7599999904632568,1.7599999904632568,1.7599999904632568,1.5829914808273315,0.0
2024-04-22,TTB.BK,1.7899999618530273,1.7899999618530273,1.7699999809265137,1.7699999809265137,1.591985821723938,153832200.0
2024-04-23,TTB.BK,1.7899999618530273,1.8300000429153442,1.7899999618530273,1.7999999523162842,1.6189686059951782,341387300.0
2024-04-24,TTB.BK,1.7999999523162842,1.7999999523162842,1.7999999523162842,1.7999999523162842,1.6189686059951782,0.0
2024-04-25,TTB.BK,1.7899999618530273,1.7999999523162842,1.7799999713897705,1.7899999618530273,1.6099743843078613,213209900.0
2024-04-26,TTB.BK,1.7899999618530273,1.809999942779541,1.7799999713897705,1.7899999618530273,1.6099743843078613,119833200.0
2024-04-29,TTB.BK,1.7999999523162842,1.8300000429153442,1.7899999618530273,1.8200000524520874,1.6369571685791016,224963100.0
2024-04-30,TTB.BK,1.8200000524520874,1.8200000524520874,1.8200000524520874,1.8200000524520874,1.6369571685791016,0.0
2024-05-02,TTB.BK,1.8200000524520874,1.8200000524520874,1.8200000524520874,1.8200000524520874,1.6369571685791016,0.0
2024-05-03,TTB.BK,1.7699999809265137,1.7699999809265137,1.7400000095367432,1.7599999904632568,1.5829914808273315,401471400.0
2024-05-07,TTB.BK,1.7599999904632568,1.7599999904632568,1.7599999904632568,1.7599999904632568,1.5829914808273315,0.0
2024-05-08,TTB.BK,1.7599999904632568,1.7699999809265137,1.75,1.7599999904632568,1.5829914808273315,203396800.0
2024-05-09,TTB.BK,1.7599999904632568,1.7799999713897705,1.75,1.75,1.5739972591400146,247862800.0
2024-05-10,TTB.BK,1.75,1.7599999904632568,1.75,1.7599999904632568,1.5829914808273315,108120100.0
2024-05-13,TTB.BK,1.75,1.75,1.7300000190734863,1.75,1.5739972591400146,181649400.0
2024-05-14,TTB.BK,1.75,1.7599999904632568,1.7400000095367432,1.7400000095367432,1.5650030374526978,97173300.0
2024-05-15,TTB.BK,1.7400000095367432,1.75,1.7200000286102295,1.7300000190734863,1.5560086965560913,170750000.0
2024-05-16,TTB.BK,1.7300000190734863,1.7300000190734863,1.7300000190734863,1.7300000190734863,1.5560086965560913,0.0
2024-05-17,TTB.BK,1.7599999904632568,1.7599999904632568,1.7400000095367432,1.75,1.5739972591400146,92544400.0
2024-05-20,TTB.BK,1.75,1.75,1.75,1.75,1.5739972591400146,0.0
2024-05-21,TTB.BK,1.75,1.75,1.75,1.75,1.5739972591400146,0.0
2024-05-23,TTB.BK,1.7599999904632568,1.7599999904632568,1.7400000095367432,1.7400000095367432,1.5650030374526978,177390700.0
2024-05-24,TTB.BK,1.7400000095367432,1.7400000095367432,1.7400000095367432,1.7400000095367432,1.5650030374526978,0.0
2024-05-27,TTB.BK,1.7100000381469727,1.7200000286102295,1.7000000476837158,1.7100000381469727,1.538020133972168,237728800.0
2024-05-28,TTB.BK,1.7200000286102295,1.7400000095367432,1.7100000381469727,1.7300000190734863,1.5560086965560913,243649200.0
2024-05-29,TTB.BK,1.7200000286102295,1.7400000095367432,1.7100000381469727,1.7200000286102295,1.5470144748687744,169652500.0
2024-05-30,TTB.BK,1.7200000286102295,1.7200000286102295,1.7200000286102295,1.7200000286102295,1.5470144748687744,0.0
2024-05-31,TTB.BK,1.7200000286102295,1.7200000286102295,1.7200000286102295,1.7200000286102295,1.5470144748687744,0.0
2024-06-04,TTB.BK,1.7000000476837158,1.7200000286102295,1.690000057220459,1.690000057220459,1.5200318098068237,377667600.0
2024-06-05,TTB.BK,1.690000057220459,1.690000057220459,1.690000057220459,1.690000057220459,1.5200318098068237,0.0
2024-06-06,TTB.BK,1.659999966621399,1.6699999570846558,1.659999966621399,1.659999966621399,1.4930487871170044,185609200.0
2024-06-07,TTB.BK,1.659999966621399,1.659999966621399,1.659999966621399,1.659999966621399,1.4930487871170044,0.0
2024-06-10,TTB.BK,1.6799999475479126,1.6799999475479126,1.659999966621399,1.6799999475479126,1.5110373497009277,130592900.0
2024-06-11,TTB.BK,1.6799999475479126,1.6799999475479126,1.6799999475479126,1.6799999475479126,1.5110373497009277,0.0
2024-06-12,TTB.BK,1.6699999570846558,1.6799999475479126,1.649999976158142,1.649999976158142,1.4840545654296875,264693300.0
2024-06-13,TTB.BK,1.659999966621399,1.6799999475479126,1.659999966621399,1.6699999570846558,1.5020431280136108,219240600.0
2024-06-14,TTB.BK,1.6699999570846558,1.7000000476837158,1.6699999570846558,1.6799999475479126,1.5110373497009277,101819700.0
2024-06-17,TTB.BK,1.6799999475479126,1.690000057220459,1.649999976158142,1.659999966621399,1.4930487871170044,265250200.0
2024-06-18,TTB.BK,1.659999966621399,1.659999966621399,1.659999966621399,1.659999966621399,1.4930487871170044,0.0
2024-06-19,TTB.BK,1.659999966621399,1.659999966621399,1.659999966621399,1.659999966621399,1.4930487871170044,0.0
2024-06-20,TTB.BK,1.6100000143051147,1.6399999856948853,1.600000023841858,1.6399999856948853,1.475060224533081,264333400.0
2024-06-21,TTB.BK,1.6200000047683716,1.6799999475479126,1.6200000047683716,1.6799999475479126,1.5110373497009277,644017300.0
2024-06-24,TTB.BK,1.690000057220459,1.7200000286102295,1.6799999475479126,1.7200000286102295,1.5470144748687744,535261600.0
2024-06-25,TTB.BK,1.7200000286102295,1.7200000286102295,1.7200000286102295,1.7200000286102295,1.5470144748687744,0.0
2024-06-26,TTB.BK,1.7200000286102295,1.7200000286102295,1.7200000286102295,1.7200000286102295,1.5470144748687744,0.0
2024-06-27,TTB.BK,1.7200000286102295,1.7300000190734863,1.7000000476837158,1.7100000381469727,1.538020133972168,144333600.0
2024-06-28,TTB.BK,1.7100000381469727,1.7200000286102295,1.7000000476837158,1.7100000381469727,1.538020133972168,185470400.0
2024-07-01,TTB.BK,1.7100000381469727,1.7100000381469727,1.7100000381469727,1.7100000381469727,1.538020133972168,0.0
2024-07-02,TTB.BK,1.7100000381469727,1.7100000381469727,1.7100000381469727,1.7100000381469727,1.538020133972168,0.0
2024-07-03,TTB.BK,1.7100000381469727,1.7300000190734863,1.7000000476837158,1.7200000286102295,1.5470144748687744,157416500.0
2024-07-04,TTB.BK,1.7200000286102295,1.7400000095367432,1.7200000286102295,1.7400000095367432,1.5650030374526978,117869300.0
2024-07-05,TTB.BK,1.75,1.7699999809265137,1.7400000095367432,1.7699999809265137,1.591985821723938,219840000.0
2024-07-08,TTB.BK,1.7699999809265137,1.7799999713897705,1.7599999904632568,1.7799999713897705,1.6009800434112549,276367000.0
2024-07-09,TTB.BK,1.7799999713897705,1.7799999713897705,1.7799999713897705,1.7799999713897705,1.6009800434112549,0.0
2024-07-10,TTB.BK,1.7799999713897705,1.7799999713897705,1.7799999713897705,1.7799999713897705,1.6009800434112549,0.0
2024-07-11,TTB.BK,1.7799999713897705,1.7799999713897705,1.7799999713897705,1.7799999713897705,1.6009800434112549,0.0
2024-07-12,TTB.BK,1.7799999713897705,1.7799999713897705,1.7799999713897705,1.7799999713897705,1.6009800434112549,0.0
2024-07-15,TTB.BK,1.7799999713897705,1.7799999713897705,1.7799999713897705,1.7799999713897705,1.6009800434112549,0.0
2024-07-16,TTB.BK,1.7799999713897705,1.7799999713897705,1.7599999904632568,1.7799999713897705,1.6009800434112549,171369100.0
2024-07-17,TTB.BK,1.7799999713897705,1.7799999713897705,1.7799999713897705,1.7799999713897705,1.6009800434112549,0.0
2024-07-18,TTB.BK,1.7699999809265137,1.7799999713897705,1.7599999904632568,1.7699999809265137,1.591985821723938,294912600.0
2024-07-19,TTB.BK,1.7699999809265137,1.7699999809265137,1.7699999809265137,1.7699999809265137,1.591985821723938,0.0
2024-07-23,TTB.BK,1.7300000190734863,1.75,1.7000000476837158,1.7300000190734863,1.5560086965560913,270642700.0
2024-07-24,TTB.BK,1.7200000286102295,1.7300000190734863,1.6699999570846558,1.6699999570846558,1.5020431280136108,315176300.0
2024-07-25,TTB.BK,1.659999966621399,1.6699999570846558,1.6399999856948853,1.649999976158142,1.4840545654296875,376851600.0
2024-07-26,TTB.BK,1.649999976158142,1.7000000476837158,1.6399999856948853,1.7000000476837158,1.529025912284851,367368500.0
2024-07-30,TTB.BK,1.7000000476837158,1.7000000476837158,1.7000000476837158,1.7000000476837158,1.529025912284851,0.0
2024-07-31,TTB.BK,1.7000000476837158,1.7100000381469727,1.690000057220459,1.690000057220459,1.5200318098068237,285817300.0
2024-08-01,TTB.BK,1.690000057220459,1.7000000476837158,1.690000057220459,1.690000057220459,1.5200318098068237,50096800.0
2024-08-02,TTB.BK,1.690000057220459,1.690000057220459,1.690000057220459,1.690000057220459,1.5200318098068237,0.0
2024-08-05,TTB.BK,1.659999966621399,1.6699999570846558,1.6299999952316284,1.6299999952316284,1.4660661220550537,218954400.0
2024-08-06,TTB.BK,1.649999976158142,1.659999966621399,1.6299999952316284,1.6299999952316284,1.4660661220550537,73687900.0
2024-08-07,TTB.BK,1.6399999856948853,1.6699999570846558,1.6399999856948853,1.659999966621399,1.4930487871170044,197759400.0
2024-08-08,TTB.BK,1.659999966621399,1.659999966621399,1.659999966621399,1.659999966621399,1.4930487871170044,0.0
2024-08-09,TTB.BK,1.690000057220459,1.690000057220459,1.659999966621399,1.6699999570846558,1.5020431280136108,112385000.0
2024-08-13,TTB.BK,1.6799999475479126,1.7000000476837158,1.659999966621399,1.7000000476837158,1.529025912284851,266912500.0
2024-08-14,TTB.BK,1.7000000476837158,1.7400000095367432,1.690000057220459,1.7100000381469727,1.538020133972168,506248600.0
2024-08-15,TTB.BK,1.7100000381469727,1.7100000381469727,1.7100000381469727,1.7100000381469727,1.538020133972168,0.0
2024-08-16,TTB.BK,1.7200000286102295,1.7599999904632568,1.7200000286102295,1.75,1.5739972591400146,272845500.0
2024-08-19,TTB.BK,1.75,1.7999999523162842,1.75,1.7999999523162842,1.6189686059951782,459046500.0
2024-08-20,TTB.BK,1.7999999523162842,1.8200000524520874,1.7799999713897705,1.7799999713897705,1.6009800434112549,270730500.0
2024-08-21,TTB.BK,1.7799999713897705,1.7999999523162842,1.7699999809265137,1.7899999618530273,1.6099743843078613,143663500.0
2024-08-22,TTB.BK,1.7899999618530273,1.7899999618530273,1.7899999618530273,1.7899999618530273,1.6099743843078613,0.0
2024-08-23,TTB.BK,1.7899999618530273,1.8200000524520874,1.7799999713897705,1.8200000524520874,1.6369571685791016,446753900.0
2024-08-26,TTB.BK,1.8200000524520874,1.8700000047683716,1.809999942779541,1.850000023841858,1.6639400720596313,512429100.0
2024-08-27,TTB.BK,1.850000023841858,1.8600000143051147,1.840000033378601,1.850000023841858,1.6639400720596313,277312900.0
2024-08-28,TTB.BK,1.850000023841858,1.8700000047683716,1.8300000429153442,1.8600000143051147,1.6729344129562378,225896200.0
2024-08-29,TTB.BK,1.8600000143051147,1.8700000047683716,1.8200000524520874,1.8600000143051147,1.6729344129562378,368102000.0
2024-08-30,TTB.BK,1.8600000143051147,1.8600000143051147,1.840000033378601,1.850000023841858,1.6639400720596313,157920000.0
2024-09-02,TTB.BK,1.850000023841858,1.850000023841858,1.850000023841858,1.850000023841858,1.6639400720596313,0.0
2024-09-03,TTB.BK,1.850000023841858,1.850000023841858,1.850000023841858,1.850000023841858,1.6639400720596313,0.0
2024-09-04,TTB.BK,1.850000023841858,1.850000023841858,1.850000023841858,1.850000023841858,1.6639400720596313,0.0
2024-09-05,TTB.BK,1.850000023841858,1.8899999856948853,1.840000033378601,1.8700000047683716,1.6819285154342651,440482600.0
2024-09-06,TTB.BK,1.8799999952316284,2.0,1.8799999952316284,1.9600000381469727,1.7628769874572754,1095731700.0
2024-09-09,TTB.BK,1.9600000381469727,1.9600000381469727,1.9600000381469727,1.9600000381469727,1.7628769874572754,0.0
2024-09-10,TTB.BK,2.0199999809265137,2.059999942779541,1.9800000190734863,2.0399999618530273,1.8348311185836792,602611200.0
2024-09-11,TTB.BK,2.0399999618530273,2.059999942779541,2.0,2.0199999809265137,1.8168426752090454,204498100.0
2024-09-12,TTB.BK,2.0199999809265137,2.059999942779541,2.0199999809265137,2.0199999809265137,1.8168426752090454,227115700.0
2024-09-13,TTB.BK,2.0,2.0399999618530273,2.0,2.0199999809265137,1.8168426752090454,412876200.0
2024-09-16,TTB.BK,2.0199999809265137,2.0199999809265137,2.0199999809265137,2.0199999809265137,1.8168426752090454,0.0
2024-09-17,TTB.BK,2.0199999809265137,2.0199999809265137,2.0199999809265137,2.0199999809265137,1.8168426752090454,0.0
2024-09-18,TTB.BK,2.0199999809265137,2.0199999809265137,2.0199999809265137,2.0199999809265137,1.8168426752090454,0.0
2024-09-19,TTB.BK,2.0199999809265137,2.0199999809265137,2.0199999809265137,2.0199999809265137,1.8168426752090454,0.0
2024-09-20,TTB.BK,1.909999966621399,1.9500000476837158,1.909999966621399,1.9199999570846558,1.7268997430801392,566599100.0
2024-09-23,TTB.BK,1.9299999475479126,1.9500000476837158,1.9199999570846558,1.9500000476837158,1.7538827657699585,231449400.0
2024-09-24,TTB.BK,1.9600000381469727,1.9600000381469727,1.9299999475479126,1.940000057220459,1.744888424873352,327094500.0
2024-09-25,TTB.BK,1.9600000381469727,2.0,1.9500000476837158,1.9600000381469727,1.7628769874572754,746478400.0
2024-09-26,TTB.BK,1.9700000286102295,1.9800000190734863,1.940000057220459,1.940000057220459,1.744888424873352,367402700.0
2024-09-27,TTB.BK,1.940000057220459,1.940000057220459,1.940000057220459,1.940000057220459,1.744888424873352,0.0
2024-09-30,TTB.BK,1.9299999475479126,1.9700000286102295,1.9199999570846558,1.9700000286102295,1.7718713283538818,246869800.0
2024-10-01,TTB.BK,1.9700000286102295,1.9700000286102295,1.9700000286102295,1.9700000286102295,1.7718713283538818,0.0
2024-10-02,TTB.BK,1.9600000381469727,1.9700000286102295,1.9299999475479126,1.9299999475479126,1.7358940839767456,295780600.0
2024-10-03,TTB.BK,1.9299999475479126,1.9500000476837158,1.9299999475479126,1.9299999475479126,1.7358940839767456,298714000.0
2024-10-04,TTB.BK,1.9299999475479126,1.9299999475479126,1.9299999475479126,1.9299999475479126,1.7358940839767456,0.0
2024-10-07,TTB.BK,1.8799999952316284,1.909999966621399,1.8700000047683716,1.8799999952316284,1.7498557567596436,468850000.0
2024-10-08,TTB.BK,1.8700000047683716,1.8799999952316284,1.8600000143051147,1.8700000047683716,1.740548014640808,321803400.0
2024-10-09,TTB.BK,1.8799999952316284,1.899999976158142,1.8700000047683716,1.8899999856948853,1.759163498878479,202899700.0
2024-10-10,TTB.BK,1.8899999856948853,1.8899999856948853,1.8700000047683716,1.8700000047683716,1.740548014640808,138448000.0
2024-10-11,TTB.BK,1.8700000047683716,1.8700000047683716,1.8700000047683716,1.8700000047683716,1.740548014640808,0.0
2024-10-15,TTB.BK,1.899999976158142,1.899999976158142,1.8700000047683716,1.8899999856948853,1.759163498878479,236435700.0
2024-10-16,TTB.BK,1.8899999856948853,1.8899999856948853,1.8899999856948853,1.8899999856948853,1.759163498878479,0.0
2024-10-17,TTB.BK,1.8899999856948853,1.8899999856948853,1.8899999856948853,1.8899999856948853,1.759163498878479,0.0
2024-10-18,TTB.BK,1.899999976158142,1.909999966621399,1.809999942779541,1.8300000429153442,1.7033171653747559,709691900.0
2024-10-21,TTB.BK,1.8300000429153442,1.850000023841858,1.8200000524520874,1.840000033378601,1.7126247882843018,399151200.0
2024-10-22,TTB.BK,1.840000033378601,1.840000033378601,1.840000033378601,1.840000033378601,1.7126247882843018,0.0
2024-10-24,TTB.BK,1.7999999523162842,1.8200000524520874,1.7799999713897705,1.7799999713897705,1.656778335571289,377857800.0
2024-10-25,TTB.BK,1.7799999713897705,1.7799999713897705,1.7799999713897705,1.7799999713897705,1.656778335571289,0.0
2024-10-28,TTB.BK,1.7799999713897705,1.7999999523162842,1.7699999809265137,1.7799999713897705,1.656778335571289,214852500.0
2024-10-29,TTB.BK,1.7799999713897705,1.7799999713897705,1.7799999713897705,1.7799999713897705,1.656778335571289,0.0
2024-10-30,TTB.BK,1.7899999618530273,1.8200000524520874,1.7699999809265137,1.7699999809265137,1.6474705934524536,280053700.0
2024-10-31,TTB.BK,1.7699999809265137,1.7999999523162842,1.7699999809265137,1.7799999713897705,1.656778335571289,210973700.0
2024-11-01,TTB.BK,1.7799999713897705,1.7799999713897705,1.7799999713897705,1.7799999713897705,1.656778335571289,0.0
2024-11-04,TTB.BK,1.7799999713897705,1.7999999523162842,1.7699999809265137,1.7799999713897705,1.656778335571289,94542300.0
2024-11-05,TTB.BK,1.7799999713897705,1.8200000524520874,1.7699999809265137,1.809999942779541,1.6847015619277954,200040900.0
2024-11-06,TTB.BK,1.809999942779541,1.8200000524520874,1.7799999713897705,1.7899999618530273,1.666085958480835,203787400.0
2024-11-07,TTB.BK,1.7899999618530273,1.8200000524520874,1.7899999618530273,1.7999999523162842,1.67539381980896,146402700.0
2024-11-08,TTB.BK,1.7999999523162842,1.809999942779541,1.7799999713897705,1.7899999618530273,1.666085958480835,133994100.0
2024-11-11,TTB.BK,1.7899999618530273,1.7899999618530273,1.7599999904632568,1.7599999904632568,1.6381628513336182,174866800.0
2024-11-12,TTB.BK,1.7599999904632568,1.7699999809265137,1.75,1.75,1.6288551092147827,128730000.0
2024-11-13,TTB.BK,1.75,1.7699999809265137,1.75,1.75,1.6288551092147827,76535700.0
2024-11-14,TTB.BK,1.75,1.7599999904632568,1.7200000286102295,1.7300000190734863,1.6102396249771118,211991900.0
2024-11-15,TTB.BK,1.7300000190734863,1.7599999904632568,1.7300000190734863,1.75,1.6288551092147827,117527700.0
2024-11-18,TTB.BK,1.7599999904632568,1.7799999713897705,1.75,1.7699999809265137,1.6474705934524536,135284600.0
2024-11-19,TTB.BK,1.7799999713897705,1.7999999523162842,1.7699999809265137,1.7899999618530273,1.666085958480835,158169500.0
2024-11-20,TTB.BK,1.7999999523162842,1.7999999523162842,1.7699999809265137,1.7699999809265137,1.6474705934524536,167936700.0
2024-11-21,TTB.BK,1.7899999618530273,1.7999999523162842,1.7799999713897705,1.7899999618530273,1.666085958480835,81607300.0
2024-11-22,TTB.BK,1.7999999523162842,1.809999942779541,1.7899999618530273,1.7999999523162842,1.67539381980896,164155600.0
2024-11-25,TTB.BK,1.809999942779541,1.809999942779541,1.7899999618530273,1.809999942779541,1.6847015619277954,131488200.0
2024-11-26,TTB.BK,1.7999999523162842,1.809999942779541,1.7799999713897705,1.7899999618530273,1.666085958480835,81262000.0
2024-11-27,TTB.BK,1.7799999713897705,1.7899999618530273,1.7699999809265137,1.7799999713897705,1.656778335571289,57038200.0
2024-11-28,TTB.BK,1.7799999713897705,1.7899999618530273,1.7699999809265137,1.7699999809265137,1.6474705934524536,86634100.0
2024-11-29,TTB.BK,1.7799999713897705,1.7899999618530273,1.75,1.7599999904632568,1.6381628513336182,187600700.0
2024-12-02,TTB.BK,1.7599999904632568,1.7799999713897705,1.75,1.7699999809265137,1.6474705934524536,110963500.0
2024-12-03,TTB.BK,1.7699999809265137,1.7999999523162842,1.7699999809265137,1.7899999618530273,1.666085958480835,94356000.0
2024-12-04,TTB.BK,1.7899999618530273,1.809999942779541,1.7799999713897705,1.7799999713897705,1.656778335571289,136620600.0
2024-12-06,TTB.BK,1.7899999618530273,1.840000033378601,1.7799999713897705,1.8300000429153442,1.7033171653747559,286700300.0
2024-12-09,TTB.BK,1.8300000429153442,1.850000023841858,1.8200000524520874,1.8300000429153442,1.7033171653747559,152718400.0
2024-12-11,TTB.BK,1.8300000429153442,1.840000033378601,1.8200000524520874,1.8300000429153442,1.7033171653747559,114100700.0
2024-12-12,TTB.BK,1.840000033378601,1.8799999952316284,1.8300000429153442,1.8700000047683716,1.740548014640808,424849300.0
2024-12-13,TTB.BK,1.8600000143051147,1.8700000047683716,1.850000023841858,1.850000023841858,1.7219325304031372,155651800.0
2024-12-16,TTB.BK,1.8600000143051147,1.8600000143051147,1.840000033378601,1.8600000143051147,1.7312403917312622,124035800.0
2024-12-17,TTB.BK,1.8600000143051147,1.8700000047683716,1.8200000524520874,1.8300000429153442,1.7033171653747559,169223100.0
2024-12-18,TTB.BK,1.8200000524520874,1.8300000429153442,1.809999942779541,1.8200000524520874,1.6940093040466309,181027000.0
2024-12-19,TTB.BK,1.809999942779541,1.840000033378601,1.7999999523162842,1.809999942779541,1.6847015619277954,202431600.0
2024-12-20,TTB.BK,1.809999942779541,1.8200000524520874,1.7799999713897705,1.7999999523162842,1.67539381980896,253504300.0
2024-12-23,TTB.BK,1.7999999523162842,1.840000033378601,1.7899999618530273,1.8300000429153442,1.7033171653747559,173761800.0
2024-12-24,TTB.BK,1.840000033378601,1.840000033378601,1.8300000429153442,1.840000033378601,1.7126247882843018,58334400.0
2024-12-25,TTB.BK,1.850000023841858,1.8600000143051147,1.840000033378601,1.850000023841858,1.7219325304031372,176869300.0
2024-12-26,TTB.BK,1.840000033378601,1.8600000143051147,1.8300000429153442,1.8600000143051147,1.7312403917312622,70448800.0
2024-12-27,TTB.BK,1.850000023841858,1.8600000143051147,1.8300000429153442,1.840000033378601,1.7126247882843018,75900200.0
2024-12-30,TTB.BK,1.8300000429153442,1.8600000143051147,1.8300000429153442,1.8600000143051147,1.7312403917312622,156395300.0
2025-01-02,TTB.BK,1.8600000143051147,1.8600000143051147,1.840000033378601,1.850000023841858,1.7219325304031372,93121100.0
2025-01-03,TTB.BK,1.8600000143051147,1.8600000143051147,1.840000033378601,1.850000023841858,1.7219325304031372,80198400.0
2025-01-06,TTB.BK,1.850000023841858,1.8700000047683716,1.8300000429153442,1.8300000429153442,1.7033171653747559,168476500.0
2025-01-07,TTB.BK,1.840000033378601,1.850000023841858,1.809999942779541,1.8300000429153442,1.7033171653747559,263639200.0
2025-01-08,TTB.BK,1.8300000429153442,1.850000023841858,1.8200000524520874,1.850000023841858,1.7219325304031372,218134100.0
2025-01-09,TTB.BK,1.840000033378601,1.840000033378601,1.7999999523162842,1.7999999523162842,1.67539381980896,247152800.0
2025-01-10,TTB.BK,1.7999999523162842,1.8200000524520874,1.7899999618530273,1.7999999523162842,1.67539381980896,273513000.0
2025-01-13,TTB.BK,1.7899999618530273,1.840000033378601,1.7899999618530273,1.840000033378601,1.7126247882843018,387243000.0
2025-01-14,TTB.BK,1.840000033378601,1.850000023841858,1.8200000524520874,1.8200000524520874,1.6940093040466309,172461600.0
2025-01-15,TTB.BK,1.8200000524520874,1.8300000429153442,1.7999999523162842,1.8300000429153442,1.7033171653747559,184485900.0
2025-01-16,TTB.BK,1.8300000429153442,1.840000033378601,1.8200000524520874,1.8300000429153442,1.7033171653747559,217366900.0
2025-01-17,TTB.BK,1.8300000429153442,1.840000033378601,1.8200000524520874,1.8200000524520874,1.6940093040466309,218281600.0
2025-01-20,TTB.BK,1.8300000429153442,1.850000023841858,1.8200000524520874,1.850000023841858,1.7219325304031372,237127600.0
2025-01-21,TTB.BK,1.850000023841858,1.8600000143051147,1.8200000524520874,1.8300000429153442,1.7033171653747559,366778600.0
2025-01-22,TTB.BK,1.8300000429153442,1.909999966621399,1.8300000429153442,1.899999976158142,1.7684712409973145,934357300.0
2025-01-23,TTB.BK,1.899999976158142,1.9199999570846558,1.8700000047683716,1.8700000047683716,1.740548014640808,556933200.0
2025-01-24,TTB.BK,1.8799999952316284,1.899999976158142,1.8600000143051147,1.8700000047683716,1.740548014640808,178706000.0
2025-01-27,TTB.BK,1.8600000143051147,1.8899999856948853,1.850000023841858,1.8899999856948853,1.759163498878479,196323400.0
2025-01-28,TTB.BK,1.899999976158142,1.9199999570846558,1.8899999856948853,1.909999966621399,1.77777898311615,414531800.0
2025-01-29,TTB.BK,2.0,2.0199999809265137,1.940000057220459,1.9700000286102295,1.8336254358291626,1018719000.0
2025-01-30,TTB.BK,1.9700000286102295,1.9800000190734863,1.9500000476837158,1.9600000381469727,1.8243178129196167,335696200.0
2025-01-31,TTB.BK,1.9600000381469727,1.9900000095367432,1.9600000381469727,1.9800000190734863,1.842933177947998,709091800.0
2025-02-03,TTB.BK,1.940000057220459,1.9800000190734863,1.9199999570846558,1.9800000190734863,1.842933177947998,565126600.0
2025-02-04,TTB.BK,1.9800000190734863,1.9900000095367432,1.9700000286102295,1.9700000286102295,1.8336254358291626,405897800.0
2025-02-05,TTB.BK,1.9800000190734863,1.9800000190734863,1.9500000476837158,1.9700000286102295,1.8336254358291626,270766200.0
2025-02-06,TTB.BK,1.9700000286102295,1.9800000190734863,1.9600000381469727,1.9600000381469727,1.8243178129196167,382692200.0
2025-02-07,TTB.BK,1.9600000381469727,1.9600000381469727,1.9199999570846558,1.9500000476837158,1.8150099515914917,414831600.0
2025-02-10,TTB.BK,1.9500000476837158,1.9600000381469727,1.940000057220459,1.9600000381469727,1.8243178129196167,333380100.0
2025-02-11,TTB.BK,1.9500000476837158,1.9600000381469727,1.940000057220459,1.940000057220459,1.8057023286819458,192559800.0
2025-02-13,TTB.BK,1.9500000476837158,1.9500000476837158,1.9299999475479126,1.9500000476837158,1.8150099515914917,196259200.0
2025-02-14,TTB.BK,1.940000057220459,1.9600000381469727,1.9299999475479126,1.940000057220459,1.8057023286819458,305856500.0
2025-02-17,TTB.BK,1.9500000476837158,1.9800000190734863,1.940000057220459,1.9800000190734863,1.842933177947998,484713600.0
2025-02-18,TTB.BK,1.9800000190734863,1.9900000095367432,1.9700000286102295,1.9900000095367432,1.852241039276123,357084300.0
2025-02-19,TTB.BK,1.9800000190734863,2.0199999809265137,1.9800000190734863,2.0199999809265137,1.8801641464233398,750469500.0
2025-02-20,TTB.BK,2.0,2.0,1.9600000381469727,1.9800000190734863,1.842933177947998,616425800.0
2025-02-21,TTB.BK,1.9700000286102295,1.9800000190734863,1.9600000381469727,1.9600000381469727,1.8243178129196167,314026600.0
2025-02-24,TTB.BK,1.9600000381469727,1.9700000286102295,1.940000057220459,1.9600000381469727,1.8243178129196167,243231600.0
2025-02-25,TTB.BK,1.9600000381469727,1.9700000286102295,1.940000057220459,1.940000057220459,1.8057023286819458,341485000.0
2025-02-26,TTB.BK,1.940000057220459,1.9600000381469727,1.899999976158142,1.9199999570846558,1.7870866060256958,561699600.0
2025-02-27,TTB.BK,1.909999966621399,1.9500000476837158,1.909999966621399,1.940000057220459,1.8057023286819458,252754700.0
2025-02-28,TTB.BK,1.909999966621399,1.9199999570846558,1.8899999856948853,1.9199999570846558,1.7870866060256958,496018500.0
2025-03-03,TTB.BK,1.9299999475479126,1.9500000476837158,1.909999966621399,1.9199999570846558,1.7870866060256958,284190300.0
2025-03-04,TTB.BK,1.9199999570846558,1.940000057220459,1.909999966621399,1.9199999570846558,1.7870866060256958,243618700.0
2025-03-05,TTB.BK,1.9299999475479126,1.940000057220459,1.909999966621399,1.9299999475479126,1.7963944673538208,222060900.0
2025-03-06,TTB.BK,1.940000057220459,1.940000057220459,1.899999976158142,1.899999976158142,1.7684712409973145,232669900.0
2025-03-07,TTB.BK,1.899999976158142,1.909999966621399,1.8899999856948853,1.899999976158142,1.7684712409973145,115375500.0
2025-03-10,TTB.BK,1.899999976158142,1.940000057220459,1.8899999856948853,1.909999966621399,1.77777898311615,294941100.0
2025-03-11,TTB.BK,1.899999976158142,1.9199999570846558,1.8899999856948853,1.909999966621399,1.77777898311615,265095700.0
2025-03-12,TTB.BK,1.899999976158142,1.909999966621399,1.8899999856948853,1.909999966621399,1.77777898311615,256044800.0
2025-03-13,TTB.BK,1.909999966621399,1.909999966621399,1.8899999856948853,1.899999976158142,1.7684712409973145,104697800.0
2025-03-14,TTB.BK,1.899999976158142,1.9199999570846558,1.899999976158142,1.909999966621399,1.77777898311615,74997100.0
2025-03-17,TTB.BK,1.909999966621399,1.9299999475479126,1.909999966621399,1.9199999570846558,1.7870866060256958,172189400.0
2025-03-18,TTB.BK,1.9199999570846558,1.940000057220459,1.909999966621399,1.9299999475479126,1.7963944673538208,246114500.0
2025-03-19,TTB.BK,1.9299999475479126,1.940000057220459,1.9199999570846558,1.9199999570846558,1.7870866060256958,86545800.0
2025-03-20,TTB.BK,1.9199999570846558,1.940000057220459,1.9199999570846558,1.9199999570846558,1.7870866060256958,135343500.0
2025-03-21,TTB.BK,1.9700000286102295,2.0199999809265137,1.9299999475479126,1.940000057220459,1.8057023286819458,1103930300.0
2025-03-24,TTB.BK,1.940000057220459,1.940000057220459,1.9299999475479126,1.940000057220459,1.8057023286819458,67214300.0
2025-03-25,TTB.BK,1.9500000476837158,1.9700000286102295,1.9299999475479126,1.940000057220459,1.8057023286819458,272388100.0
2025-03-26,TTB.BK,1.940000057220459,1.9700000286102295,1.940000057220459,1.9600000381469727,1.8243178129196167,178733500.0
2025-03-27,TTB.BK,1.9700000286102295,2.0,1.9600000381469727,2.0,1.861548662185669,429181300.0
2025-03-28,TTB.BK,1.9900000095367432,2.0,1.9700000286102295,1.9900000095367432,1.852241039276123,234934900.0
2025-03-31,TTB.BK,1.9700000286102295,1.9800000190734863,1.9600000381469727,1.9600000381469727,1.8243178129196167,283869300.0
2025-04-01,TTB.BK,1.9600000381469727,1.9900000095367432,1.9600000381469727,1.9700000286102295,1.8336254358291626,149082700.0
2025-04-02,TTB.BK,1.9800000190734863,2.0,1.9600000381469727,1.9900000095367432,1.852241039276123,311921000.0
2025-04-03,TTB.BK,1.9800000190734863,2.0,1.9700000286102295,1.9700000286102295,1.8336254358291626,172268900.0
2025-04-04,TTB.BK,1.9700000286102295,1.9700000286102295,1.9199999570846558,1.9299999475479126,1.7963944673538208,338054100.0
2025-04-08,TTB.BK,1.909999966621399,1.9199999570846558,1.8200000524520874,1.8700000047683716,1.740548014640808,442913100.0
2025-04-09,TTB.BK,1.850000023841858,1.8700000047683716,1.7999999523162842,1.8700000047683716,1.740548014640808,328733200.0
2025-04-10,TTB.BK,1.9199999570846558,1.9299999475479126,1.8899999856948853,1.909999966621399,1.77777898311615,219603900.0
2025-04-11,TTB.BK,1.899999976158142,1.9199999570846558,1.8899999856948853,1.909999966621399,1.77777898311615,134062600.0
2025-04-16,TTB.BK,1.899999976158142,1.9299999475479126,1.899999976158142,1.9199999570846558,1.7870866060256958,184064000.0
2025-04-17,TTB.BK,1.9199999570846558,1.9600000381469727,1.909999966621399,1.9600000381469727,1.8243178129196167,354364800.0
2025-04-18,TTB.BK,1.9500000476837158,1.9500000476837158,1.8799999952316284,1.8899999856948853,1.759163498878479,515741700.0
2025-04-21,TTB.BK,1.8899999856948853,1.899999976158142,1.8200000524520874,1.8200000524520874,1.6940093040466309,510191500.0
2025-04-22,TTB.BK,1.840000033378601,1.840000033378601,1.7899999618530273,1.809999942779541,1.6847015619277954,546269000.0
2025-04-23,TTB.BK,1.8200000524520874,1.8300000429153442,1.7899999618530273,1.809999942779541,1.6847015619277954,479823600.0
2025-04-24,TTB.BK,1.7999999523162842,1.8200000524520874,1.7999999523162842,1.809999942779541,1.6847015619277954,196052800.0
2025-04-25,TTB.BK,1.75,1.7699999809265137,1.7400000095367432,1.7699999809265137,1.7088377475738525,260255000.0
2025-04-28,TTB.BK,1.7599999904632568,1.7999999523162842,1.7599999904632568,1.7899999618530273,1.7281465530395508,234511200.0
2025-04-29,TTB.BK,1.7899999618530273,1.809999942779541,1.7799999713897705,1.7999999523162842,1.7378010749816895,316681800.0
2025-04-30,TTB.BK,1.7999999523162842,1.8300000429153442,1.7799999713897705,1.8300000429153442,1.766764521598816,681311700.0
2025-05-02,TTB.BK,1.8300000429153442,1.840000033378601,1.7999999523162842,1.8300000429153442,1.766764521598816,332811900.0
2025-05-06,TTB.BK,1.840000033378601,1.8799999952316284,1.8200000524520874,1.8600000143051147,1.7957278490066528,460258100.0
2025-05-07,TTB.BK,1.8700000047683716,1.8899999856948853,1.8600000143051147,1.8899999856948853,1.8246910572052002,447903000.0
2025-05-08,TTB.BK,1.8799999952316284,1.8899999856948853,1.8600000143051147,1.8799999952316284,1.815036654472351,310689800.0
2025-05-09,TTB.BK,1.8799999952316284,1.8899999856948853,1.8600000143051147,1.8899999856948853,1.8246910572052002,312407700.0
2025-05-13,TTB.BK,1.899999976158142,1.9199999570846558,1.899999976158142,1.899999976158142,1.8343455791473389,300433600.0
2025-05-14,TTB.BK,1.899999976158142,1.9199999570846558,1.8899999856948853,1.909999966621399,1.843999981880188,320345500.0
2025-05-15,TTB.BK,1.909999966621399,1.909999966621399,1.8899999856948853,1.899999976158142,1.8343455791473389,264025900.0
2025-05-16,TTB.BK,1.899999976158142,1.940000057220459,1.8899999856948853,1.9199999570846558,1.853654384613037,418384900.0
2025-05-19,TTB.BK,1.9199999570846558,1.9299999475479126,1.8899999856948853,1.909999966621399,1.843999981880188,470256300.0
2025-05-20,TTB.BK,1.909999966621399,1.9700000286102295,1.909999966621399,1.9600000381469727,1.8922723531723022,525268000.0
2025-05-21,TTB.BK,1.9500000476837158,1.9600000381469727,1.940000057220459,1.940000057220459,1.8729634284973145,227478300.0
2025-05-22,TTB.BK,1.940000057220459,1.9600000381469727,1.9299999475479126,1.9299999475479126,1.8633089065551758,255274100.0
2025-05-23,TTB.BK,1.9500000476837158,1.9500000476837158,1.9299999475479126,1.940000057220459,1.8729634284973145,105917100.0
2025-05-26,TTB.BK,1.940000057220459,1.9600000381469727,1.9299999475479126,1.9500000476837158,1.8826178312301636,182878900.0
2025-05-27,TTB.BK,1.940000057220459,1.940000057220459,1.9199999570846558,1.9199999570846558,1.853654384613037,282396400.0
2025-05-28,TTB.BK,1.9299999475479126,1.9500000476837158,1.9199999570846558,1.940000057220459,1.8729634284973145,190452700.0
2025-05-29,TTB.BK,1.940000057220459,1.9500000476837158,1.9299999475479126,1.940000057220459,1.8729634284973145,184198900.0
2025-05-30,TTB.BK,1.9299999475479126,1.940000057220459,1.9199999570846558,1.9199999570846558,1.853654384613037,205620500.0
2025-06-04,TTB.BK,1.9299999475479126,1.940000057220459,1.8899999856948853,1.909999966621399,1.843999981880188,313923200.0
2025-06-05,TTB.BK,1.909999966621399,1.9500000476837158,1.899999976158142,1.940000057220459,1.8729634284973145,269887400.0
2025-06-06,TTB.BK,1.940000057220459,1.9500000476837158,1.9199999570846558,1.940000057220459,1.8729634284973145,158942300.0
2025-06-09,TTB.BK,1.940000057220459,1.9500000476837158,1.9199999570846558,1.940000057220459,1.8729634284973145,152686500.0
2025-06-10,TTB.BK,1.9299999475479126,1.9500000476837158,1.9199999570846558,1.9500000476837158,1.8826178312301636,275916900.0
2025-06-11,TTB.BK,1.9500000476837158,1.9600000381469727,1.940000057220459,1.9500000476837158,1.8826178312301636,310877600.0
2025-06-12,TTB.BK,1.9500000476837158,1.9600000381469727,1.9299999475479126,1.940000057220459,1.8729634284973145,322352600.0
2025-06-13,TTB.BK,1.940000057220459,1.9800000190734863,1.9299999475479126,1.9700000286102295,1.9019267559051514,474160800.0
2025-06-16,TTB.BK,1.9600000381469727,1.9800000190734863,1.9500000476837158,1.9500000476837158,1.8826178312301636,288483500.0
2025-06-17,TTB.BK,1.9500000476837158,1.9700000286102295,1.9500000476837158,1.9500000476837158,1.8826178312301636,185181400.0
2025-06-18,TTB.BK,1.9500000476837158,1.9600000381469727,1.9199999570846558,1.9199999570846558,1.853654384613037,505787000.0
2025-06-19,TTB.BK,1.9199999570846558,1.9199999570846558,1.8600000143051147,1.8700000047683716,1.805382251739502,372779600.0
2025-06-20,TTB.BK,1.8799999952316284,1.899999976158142,1.8700000047683716,1.8899999856948853,1.8246910572052002,474035200.0
2025-06-23,TTB.BK,1.8799999952316284,1.8799999952316284,1.840000033378601,1.850000023841858,1.7860733270645142,246536700.0
2025-06-24,TTB.BK,1.8799999952316284,1.909999966621399,1.850000023841858,1.909999966621399,1.843999981880188,562890300.0
2025-06-25,TTB.BK,1.899999976158142,1.909999966621399,1.8799999952316284,1.909999966621399,1.843999981880188,236027400.0
2025-06-26,TTB.BK,1.899999976158142,1.940000057220459,1.899999976158142,1.9199999570846558,1.853654384613037,321069300.0
2025-06-27,TTB.BK,1.9199999570846558,1.9199999570846558,1.8799999952316284,1.8899999856948853,1.8246910572052002,278571600.0
2025-06-30,TTB.BK,1.8899999856948853,1.899999976158142,1.8700000047683716,1.8899999856948853,1.8246910572052002,276188100.0
2025-07-01,TTB.BK,1.899999976158142,1.909999966621399,1.8700000047683716,1.909999966621399,1.843999981880188,332942700.0
2025-07-02,TTB.BK,1.909999966621399,1.9299999475479126,1.899999976158142,1.909999966621399,1.843999981880188,233671000.0
2025-07-03,TTB.BK,1.909999966621399,1.9299999475479126,1.899999976158142,1.9299999475479126,1.8633089065551758,209512800.0
2025-07-04,TTB.BK,1.9199999570846558,1.9199999570846558,1.8899999856948853,1.899999976158142,1.8343455791473389,169737200.0
2025-07-07,TTB.BK,1.8899999856948853,1.899999976158142,1.8799999952316284,1.8899999856948853,1.8246910572052002,180613100.0
2025-07-08,TTB.BK,1.8899999856948853,1.899999976158142,1.8799999952316284,1.8799999952316284,1.815036654472351,150752400.0
2025-07-09,TTB.BK,1.8799999952316284,1.899999976158142,1.8700000047683716,1.8799999952316284,1.815036654472351,209280100.0
2025-07-11,TTB.BK,1.8799999952316284,1.8899999856948853,1.8700000047683716,1.8799999952316284,1.815036654472351,145606100.0
2025-07-14,TTB.BK,1.8899999856948853,1.899999976158142,1.8700000047683716,1.8899999856948853,1.8246910572052002,157848800.0
2025-07-15,TTB.BK,1.8899999856948853,1.8899999856948853,1.8600000143051147,1.8700000047683716,1.805382251739502,426849300.0
2025-07-16,TTB.BK,1.8700000047683716,1.899999976158142,1.8700000047683716,1.8700000047683716,1.805382251739502,260337600.0
2025-07-17,TTB.BK,1.8799999952316284,1.8899999856948853,1.8700000047683716,1.8799999952316284,1.815036654472351,367151500.0
2025-07-18,TTB.BK,1.8799999952316284,1.8899999856948853,1.8700000047683716,1.8899999856948853,1.8246910572052002,480030600.0
2025-07-21,TTB.BK,1.8899999856948853,1.909999966621399,1.8799999952316284,1.899999976158142,1.8343455791473389,457089500.0
2025-07-22,TTB.BK,1.899999976158142,1.9299999475479126,1.899999976158142,1.899999976158142,1.8343455791473389,551094100.0
2025-07-23,TTB.BK,1.909999966621399,1.9199999570846558,1.899999976158142,1.909999966621399,1.843999981880188,560135600.0
2025-07-24,TTB.BK,1.899999976158142,1.9299999475479126,1.899999976158142,1.899999976158142,1.8343455791473389,398508300.0
2025-07-25,TTB.BK,1.899999976158142,1.909999966621399,1.8899999856948853,1.8899999856948853,1.8246910572052002,210097100.0
2025-07-29,TTB.BK,1.899999976158142,1.909999966621399,1.8899999856948853,1.909999966621399,1.843999981880188,229735400.0
2025-07-30,TTB.BK,1.909999966621399,1.9199999570846558,1.8899999856948853,1.9199999570846558,1.853654384613037,331708400.0
2025-07-31,TTB.BK,1.909999966621399,1.9299999475479126,1.899999976158142,1.9299999475479126,1.8633089065551758,348736400.0
2025-08-01,TTB.BK,1.9199999570846558,1.9299999475479126,1.909999966621399,1.909999966621399,1.843999981880188,248341700.0
2025-08-04,TTB.BK,1.909999966621399,1.9199999570846558,1.899999976158142,1.909999966621399,1.843999981880188,123391500.0
2025-08-05,TTB.BK,1.909999966621399,1.940000057220459,1.899999976158142,1.9199999570846558,1.853654384613037,363473000.0
2025-08-06,TTB.BK,1.9299999475479126,1.940000057220459,1.909999966621399,1.9199999570846558,1.853654384613037,621146600.0
2025-08-07,TTB.BK,1.909999966621399,1.940000057220459,1.899999976158142,1.9199999570846558,1.853654384613037,568522400.0
2025-08-08,TTB.BK,1.9199999570846558,1.940000057220459,1.909999966621399,1.9299999475479126,1.8633089065551758,391739300.0
2025-08-13,TTB.BK,1.940000057220459,1.9700000286102295,1.9299999475479126,1.940000057220459,1.8729634284973145,539839500.0
2025-08-14,TTB.BK,1.9299999475479126,1.940000057220459,1.909999966621399,1.9199999570846558,1.853654384613037,356007000.0
2025-08-15,TTB.BK,1.9199999570846558,1.9500000476837158,1.909999966621399,1.9500000476837158,1.8826178312301636,480600900.0
2025-08-18,TTB.BK,1.9500000476837158,1.9600000381469727,1.9199999570846558,1.9299999475479126,1.8633089065551758,150375400.0
2025-08-19,TTB.BK,1.9299999475479126,1.9600000381469727,1.9299999475479126,1.940000057220459,1.8729634284973145,217453300.0
2025-08-20,TTB.BK,1.940000057220459,1.940000057220459,1.9199999570846558,1.940000057220459,1.8729634284973145,255012700.0
2025-08-21,TTB.BK,1.940000057220459,1.9500000476837158,1.9199999570846558,1.9299999475479126,1.8633089065551758,302068400.0
2025-08-22,TTB.BK,1.9299999475479126,1.940000057220459,1.909999966621399,1.9199999570846558,1.853654384613037,306461500.0
2025-08-25,TTB.BK,1.9299999475479126,1.9299999475479126,1.909999966621399,1.909999966621399,1.843999981880188,240351600.0
2025-08-26,TTB.BK,1.909999966621399,1.9299999475479126,1.899999976158142,1.9199999570846558,1.853654384613037,336598700.0
2025-08-27,TTB.BK,1.9199999570846558,1.9299999475479126,1.899999976158142,1.899999976158142,1.8343455791473389,166357900.0
2025-08-28,TTB.BK,1.899999976158142,1.9199999570846558,1.899999976158142,1.909999966621399,1.843999981880188,151679500.0
2025-08-29,TTB.BK,1.9199999570846558,1.9199999570846558,1.8899999856948853,1.899999976158142,1.8343455791473389,459566200.0
2025-09-01,TTB.BK,1.899999976158142,1.909999966621399,1.8899999856948853,1.909999966621399,1.843999981880188,252455400.0
2025-09-02,TTB.BK,1.909999966621399,1.9199999570846558,1.899999976158142,1.899999976158142,1.8343455791473389,227855500.0
2025-09-03,TTB.BK,1.909999966621399,1.9199999570846558,1.899999976158142,1.909999966621399,1.843999981880188,349599800.0
2025-09-04,TTB.BK,1.909999966621399,1.9199999570846558,1.899999976158142,1.909999966621399,1.843999981880188,181630100.0
2025-09-05,TTB.BK,1.909999966621399,1.909999966621399,1.8899999856948853,1.909999966621399,1.843999981880188,144089400.0
2025-09-08,TTB.BK,1.909999966621399,1.9199999570846558,1.8899999856948853,1.8899999856948853,1.8246910572052002,414505700.0
2025-09-09,TTB.BK,1.899999976158142,1.899999976158142,1.8799999952316284,1.8799999952316284,1.815036654472351,296876900.0
2025-09-10,TTB.BK,1.8899999856948853,1.899999976158142,1.8799999952316284,1.8899999856948853,1.8246910572052002,216436000.0
2025-09-11,TTB.BK,1.8899999856948853,1.899999976158142,1.8799999952316284,1.899999976158142,1.8343455791473389,343934800.0
2025-09-12,TTB.BK,1.899999976158142,1.909999966621399,1.8899999856948853,1.8899999856948853,1.8246910572052002,194298500.0
2025-09-15,TTB.BK,1.8899999856948853,1.899999976158142,1.8799999952316284,1.8799999952316284,1.815036654472351,165877300.0
2025-09-16,TTB.BK,1.8899999856948853,1.8899999856948853,1.8700000047683716,1.8799999952316284,1.815036654472351,289307100.0
2025-09-17,TTB.BK,1.8799999952316284,1.8899999856948853,1.8700000047683716,1.8700000047683716,1.805382251739502,254468900.0
2025-09-18,TTB.BK,1.8799999952316284,1.8899999856948853,1.8700000047683716,1.8700000047683716,1.805382251739502,157925600.0
2025-09-19,TTB.BK,1.8799999952316284,1.8899999856948853,1.8700000047683716,1.8700000047683716,1.805382251739502,291670800.0
2025-09-22,TTB.BK,1.8700000047683716,1.8799999952316284,1.850000023841858,1.8600000143051147,1.7957278490066528,290576500.0
2025-09-23,TTB.BK,1.850000023841858,1.8700000047683716,1.850000023841858,1.8600000143051147,1.7957278490066528,225371100.0
2025-09-24,TTB.BK,1.8700000047683716,1.8899999856948853,1.8600000143051147,1.8899999856948853,1.8246910572052002,303670900.0
2025-09-25,TTB.BK,1.8899999856948853,1.899999976158142,1.8799999952316284,1.899999976158142,1.8343455791473389,262426800.0
2025-09-26,TTB.BK,1.899999976158142,1.909999966621399,1.899999976158142,1.899999976158142,1.8343455791473389,149852800.0
2025-09-29,TTB.BK,1.9199999570846558,1.9199999570846558,1.899999976158142,1.909999966621399,1.843999981880188,483779200.0
2025-09-30,TTB.BK,1.899999976158142,1.909999966621399,1.8899999856948853,1.899999976158142,1.8343455791473389,451648200.0
2025-10-01,TTB.BK,1.899999976158142,1.899999976158142,1.8899999856948853,1.8899999856948853,1.8246910572052002,258431200.0
2025-10-02,TTB.BK,1.899999976158142,1.909999966621399,1.8899999856948853,1.899999976158142,1.8343455791473389,250413900.0
2025-10-03,TTB.BK,1.899999976158142,1.909999966621399,1.8899999856948853,1.909999966621399,1.843999981880188,390484600.0
2025-10-06,TTB.BK,1.850000023841858,1.8700000047683716,1.850000023841858,1.850000023841858,1.850000023841858,479623800.0
2025-10-07,TTB.BK,1.850000023841858,1.850000023841858,1.850000023841858,1.850000023841858,1.850000023841858,0.0
2025-10-08,TTB.BK,1.8600000143051147,1.8700000047683716,1.840000033378601,1.850000023841858,1.850000023841858,545988200.0
2025-10-09,TTB.BK,1.8600000143051147,1.8600000143051147,1.840000033378601,1.850000023841858,1.850000023841858,204642800.0
2025-10-10,TTB.BK,1.850000023841858,1.850000023841858,1.840000033378601,1.840000033378601,1.840000033378601,122215400.0
2025-10-14,TTB.BK,1.840000033378601,1.850000023841858,1.8300000429153442,1.8300000429153442,1.8300000429153442,207473000.0
2025-10-15,TTB.BK,1.840000033378601,1.8600000143051147,1.8300000429153442,1.840000033378601,1.840000033378601,369873800.0
2025-10-16,TTB.BK,1.840000033378601,1.850000023841858,1.8300000429153442,1.8300000429153442,1.8300000429153442,313042500.0
2025-10-17,TTB.BK,1.8300000429153442,1.8300000429153442,1.809999942779541,1.809999942779541,1.809999942779541,270198500.0
2025-10-20,TTB.BK,1.8200000524520874,1.8200000524520874,1.7999999523162842,1.8200000524520874,1.8200000524520874,237098800.0
2025-10-21,TTB.BK,1.8300000429153442,1.8700000047683716,1.8300000429153442,1.8600000143051147,1.8600000143051147,576567100.0
2025-10-22,TTB.BK,1.8600000143051147,1.8700000047683716,1.850000023841858,1.8600000143051147,1.8600000143051147,687495000.0
2025-10-24,TTB.BK,1.8600000143051147,1.8899999856948853,1.8600000143051147,1.8799999952316284,1.8799999952316284,862778700.0
2025-10-27,TTB.BK,1.8899999856948853,1.8899999856948853,1.840000033378601,1.840000033378601,1.840000033378601,545467700.0
2025-10-28,TTB.BK,1.840000033378601,1.8600000143051147,1.8300000429153442,1.8600000143051147,1.8600000143051147,545904900.0
2025-10-29,TTB.BK,1.8600000143051147,1.8799999952316284,1.850000023841858,1.850000023841858,1.850000023841858,446777100.0
2025-10-30,TTB.BK,1.850000023841858,1.8600000143051147,1.840000033378601,1.850000023841858,1.850000023841858,542634900.0
2025-10-31,TTB.BK,1.850000023841858,1.8700000047683716,1.850000023841858,1.850000023841858,1.850000023841858,250785600.0
2025-11-03,TTB.BK,1.8600000143051147,1.8600000143051147,1.840000033378601,1.8600000143051147,1.8600000143051147,244781300.0
2025-11-04,TTB.BK,1.850000023841858,1.8700000047683716,1.840000033378601,1.840000033378601,1.840000033378601,393068200.0
2025-11-05,TTB.BK,1.840000033378601,1.8600000143051147,1.8300000429153442,1.840000033378601,1.840000033378601,310582600.0
2025-11-06,TTB.BK,1.850000023841858,1.850000023841858,1.8300000429153442,1.840000033378601,1.840000033378601,396825200.0
2025-11-07,TTB.BK,1.840000033378601,1.840000033378601,1.8300000429153442,1.8300000429153442,1.8300000429153442,95531800.0
2025-11-10,TTB.BK,1.840000033378601,1.840000033378601,1.8200000524520874,1.8200000524520874,1.8200000524520874,224785600.0
2025-11-11,TTB.BK,1.8300000429153442,1.850000023841858,1.8200000524520874,1.840000033378601,1.840000033378601,406245500.0
2025-11-12,TTB.BK,1.840000033378601,1.850000023841858,1.8200000524520874,1.8300000429153442,1.8300000429153442,437209600.0
2025-11-13,TTB.BK,1.8300000429153442,1.850000023841858,1.8300000429153442,1.840000033378601,1.840000033378601,169122600.0
2025-11-14,TTB.BK,1.840000033378601,1.840000033378601,1.8200000524520874,1.840000033378601,1.840000033378601,219488100.0
2025-11-17,TTB.BK,1.840000033378601,1.850000023841858,1.8300000429153442,1.850000023841858,1.850000023841858,306914800.0
2025-11-18,TTB.BK,1.8300000429153442,1.850000023841858,1.8300000429153442,1.840000033378601,1.840000033378601,203640600.0
2025-11-19,TTB.BK,1.850000023841858,1.8899999856948853,1.840000033378601,1.8899999856948853,1.8899999856948853,805449800.0
2025-11-20,TTB.BK,1.8899999856948853,1.909999966621399,1.8700000047683716,1.899999976158142,1.899999976158142,563801100.0
2025-11-21,TTB.BK,1.8799999952316284,1.9199999570846558,1.8799999952316284,1.9199999570846558,1.9199999570846558,789798800.0
2025-11-24,TTB.BK,1.9199999570846558,1.9299999475479126,1.899999976158142,1.909999966621399,1.909999966621399,321882600.0
2025-11-25,TTB.BK,1.909999966621399,1.9299999475479126,1.909999966621399,1.9299999475479126,1.9299999475479126,566859100.0
2025-11-26,TTB.BK,1.940000057220459,1.9900000095367432,1.940000057220459,1.9800000190734863,1.9800000190734863,1293899800.0
2025-11-27,TTB.BK,1.9800000190734863,1.9800000190734863,1.940000057220459,1.940000057220459,1.940000057220459,322765100.0
2025-11-28,TTB.BK,1.9500000476837158,1.9500000476837158,1.909999966621399,1.9299999475479126,1.9299999475479126,423094800.0
2025-12-01,TTB.BK,1.9199999570846558,1.940000057220459,1.909999966621399,1.9299999475479126,1.9299999475479126,376643200.0
2025-12-02,TTB.BK,1.940000057220459,1.9700000286102295,1.9199999570846558,1.9700000286102295,1.9700000286102295,425741000.0
2025-12-03,TTB.BK,1.9600000381469727,1.9800000190734863,1.9500000476837158,1.9700000286102295,1.9700000286102295,466786600.0
2025-12-04,TTB.BK,1.9600000381469727,1.9900000095367432,1.9500000476837158,1.9800000190734863,1.9800000190734863,584823700.0
2025-12-08,TTB.BK,1.9800000190734863,1.9800000190734863,1.9500000476837158,1.9700000286102295,1.9700000286102295,310348800.0
2025-12-09,TTB.BK,1.9600000381469727,1.9700000286102295,1.9500000476837158,1.9600000381469727,1.9600000381469727,205639300.0
2025-12-11,TTB.BK,1.9600000381469727,1.9700000286102295,1.940000057220459,1.9600000381469727,1.9600000381469727,375427500.0
2025-12-12,TTB.BK,1.9600000381469727,1.9600000381469727,1.940000057220459,1.9500000476837158,1.9500000476837158,190726000.0
2025-12-15,TTB.BK,1.9500000476837158,1.9900000095367432,1.940000057220459,1.9800000190734863,1.9800000190734863,466789800.0
2025-12-16,TTB.BK,1.9700000286102295,1.9900000095367432,1.9600000381469727,1.9900000095367432,1.9900000095367432,457519900.0
2025-12-17,TTB.BK,1.9800000190734863,2.0,1.9800000190734863,1.9900000095367432,1.9900000095367432,448682300.0
2025-12-18,TTB.BK,1.9900000095367432,2.0799999237060547,1.9900000095367432,2.0799999237060547,2.0799999237060547,952055000.0
2025-12-19,TTB.BK,2.059999942779541,2.0799999237060547,2.0199999809265137,2.0199999809265137,2.0199999809265137,323226700.0
2025-12-22,TTB.BK,2.0399999618530273,2.059999942779541,2.0,2.0199999809265137,2.0199999809265137,205219600.0
2025-12-23,TTB.BK,2.0399999618530273,2.0399999618530273,2.0,2.0,2.0,119219300.0
2025-12-24,TTB.BK,2.0199999809265137,2.059999942779541,2.0,2.0199999809265137,2.0199999809265137,525566300.0
2025-12-25,TTB.BK,2.0399999618530273,2.0399999618530273,2.0199999809265137,2.0399999618530273,2.0399999618530273,55658300.0
2025-12-26,TTB.BK,2.0199999809265137,2.0399999618530273,2.0,2.0199999809265137,2.0199999809265137,163452800.0
2025-12-29,TTB.BK,2.0199999809265137,2.0399999618530273,2.0,2.0399999618530273,2.0399999618530273,151062100.0
2025-12-30,TTB.BK,2.0399999618530273,2.059999942779541,2.0199999809265137,2.0199999809265137,2.0199999809265137,303728900.0
2026-01-05,TTB.BK,2.0399999618530273,2.0999999046325684,2.0399999618530273,2.059999942779541,2.059999942779541,648636700.0
2026-01-06,TTB.BK,2.059999942779541,2.0799999237060547,2.0399999618530273,2.0799999237060547,2.0799999237060547,454800900.0
2026-01-07,TTB.BK,2.059999942779541,2.0799999237060547,2.0,2.0199999809265137,2.0199999809265137,577195300.0
2026-01-08,TTB.BK,2.0199999809265137,2.0399999618530273,2.0,2.0399999618530273,2.0399999618530273,178293100.0
2026-01-09,TTB.BK,2.0399999618530273,2.059999942779541,2.0199999809265137,2.0399999618530273,2.0399999618530273,181479000.0
2026-01-12,TTB.BK,2.0399999618530273,2.059999942779541,2.0199999809265137,2.0399999618530273,2.0399999618530273,255488900.0
2026-01-13,TTB.BK,2.0399999618530273,2.059999942779541,2.0199999809265137,2.0399999618530273,2.0399999618530273,172195700.0
2026-01-14,TTB.BK,2.0199999809265137,2.0399999618530273,2.0,2.0199999809265137,2.0199999809265137,132503600.0
2026-01-15,TTB.BK,2.0399999618530273,2.0399999618530273,2.0199999809265137,2.0199999809265137,2.0199999809265137,123229700.0
2026-01-16,TTB.BK,2.0199999809265137,2.059999942779541,2.0199999809265137,2.059999942779541,2.059999942779541,500304400.0
2026-01-19,TTB.BK,2.0399999618530273,2.059999942779541,2.0199999809265137,2.0399999618530273,2.0399999618530273,325601100.0
2026-01-20,TTB.BK,2.0399999618530273,2.059999942779541,2.0399999618530273,2.0399999618530273,2.0399999618530273,216220400.0
2026-01-21,TTB.BK,2.0399999618530273,2.059999942779541,2.0,2.0199999809265137,2.0199999809265137,610269200.0
2026-01-22,TTB.BK,2.0199999809265137,2.0399999618530273,2.0,2.0199999809265137,2.0199999809265137,241979100.0
2026-01-23,TTB.BK,2.0199999809265137,2.0199999809265137,1.9800000190734863,1.9900000095367432,1.9900000095367432,573244000.0
2026-01-26,TTB.BK,1.9900000095367432,2.0199999809265137,1.9800000190734863,1.9900000095367432,1.9900000095367432,426170900.0
2026-01-27,TTB.BK,1.9900000095367432,2.0199999809265137,1.9800000190734863,2.0,2.0,477055800.0
2026-01-28,TTB.BK,2.0,2.0,1.9800000190734863,1.9900000095367432,1.9900000095367432,325220800.0
2026-01-29,TTB.BK,1.9900000095367432,2.0,1.9800000190734863,1.9900000095367432,1.9900000095367432,231019000.0
2026-01-30,TTB.BK,1.9900000095367432,2.0199999809265137,1.9800000190734863,2.0199999809265137,2.0199999809265137,255227500.0
2026-02-02,TTB.BK,2.0,2.0199999809265137,1.9700000286102295,1.9800000190734863,1.9800000190734863,393858800.0
2026-02-03,TTB.BK,1.9900000095367432,2.0199999809265137,1.9900000095367432,1.9900000095367432,1.9900000095367432,369404800.0
2026-02-04,TTB.BK,2.0,2.0199999809265137,1.9700000286102295,1.9800000190734863,1.9800000190734863,394566600.0
2026-02-05,TTB.BK,1.9900000095367432,2.0,1.9800000190734863,2.0,2.0,277251500.0
2026-02-06,TTB.BK,2.0,2.0,1.9800000190734863,1.9800000190734863,1.9800000190734863,237820900.0
2026-02-09,TTB.BK,2.0199999809265137,2.0399999618530273,2.0,2.0199999809265137,2.0199999809265137,2473237483.0
2026-02-10,TTB.BK,2.0199999809265137,2.0399999618530273,2.0,2.0199999809265137,2.0199999809265137,176086600.0
2026-02-11,TTB.BK,2.0199999809265137,2.0399999618530273,2.0,2.0199999809265137,2.0199999809265137,169794600.0
2026-02-12,TTB.BK,2.0,2.0399999618530273,2.0,2.0199999809265137,2.0199999809265137,546388100.0
2026-02-13,TTB.BK,2.0,2.0399999618530273,2.0,2.0199999809265137,2.0199999809265137,116990400.0
2026-02-16,TTB.BK,2.0199999809265137,2.059999942779541,2.0199999809265137,2.059999942779541,2.059999942779541,384381900.0
2026-02-17,TTB.BK,2.0399999618530273,2.0999999046325684,2.0399999618530273,2.0999999046325684,2.0999999046325684,928190700.0
2026-02-18,TTB.BK,2.1600000858306885,2.200000047683716,2.140000104904175,2.200000047683716,2.200000047683716,920286600.0
2026-02-19,TTB.BK,2.2200000286102295,2.2799999713897705,2.200000047683716,2.259999990463257,2.259999990463257,613605200.0
2026-02-20,TTB.BK,2.259999990463257,2.319999933242798,2.240000009536743,2.299999952316284,2.299999952316284,723194400.0
2026-02-23,TTB.BK,2.319999933242798,2.380000114440918,2.2799999713897705,2.319999933242798,2.319999933242798,561358200.0
2026-02-24,TTB.BK,2.299999952316284,2.3399999141693115,2.2799999713897705,2.319999933242798,2.319999933242798,304585000.0
2026-02-25,TTB.BK,2.319999933242798,2.3399999141693115,2.2799999713897705,2.319999933242798,2.319999933242798,321727500.0
2026-02-26,TTB.BK,2.299999952316284,2.359999895095825,2.299999952316284,2.3399999141693115,2.3399999141693115,287106800.0
2026-02-27,TTB.BK,2.3399999141693115,2.380000114440918,2.319999933242798,2.359999895095825,2.359999895095825,460592900.0
2026-03-02,TTB.BK,2.299999952316284,2.3399999141693115,2.2799999713897705,2.299999952316284,2.299999952316284,460491800.0
2026-03-04,TTB.BK,2.240000009536743,2.259999990463257,2.140000104904175,2.200000047683716,2.200000047683716,741542900.0
2026-03-05,TTB.BK,2.240000009536743,2.259999990463257,2.180000066757202,2.2200000286102295,2.2200000286102295,495544500.0
2026-03-06,TTB.BK,2.200000047683716,2.240000009536743,2.200000047683716,2.200000047683716,2.200000047683716,209048300.0
2026-03-09,TTB.BK,2.1600000858306885,2.200000047683716,2.119999885559082,2.180000066757202,2.180000066757202,423497300.0
2026-03-10,TTB.BK,2.200000047683716,2.2200000286102295,2.180000066757202,2.200000047683716,2.200000047683716,337376100.0
2026-03-11,TTB.BK,2.200000047683716,2.240000009536743,2.200000047683716,2.200000047683716,2.200000047683716,431950300.0
2026-03-12,TTB.BK,2.200000047683716,2.2200000286102295,2.180000066757202,2.2200000286102295,2.2200000286102295,200612500.0
2026-03-13,TTB.BK,2.200000047683716,2.2799999713897705,2.200000047683716,2.259999990463257,2.259999990463257,375390600.0
2026-03-16,TTB.BK,2.259999990463257,2.2799999713897705,2.2200000286102295,2.2200000286102295,2.2200000286102295,201295700.0
2026-03-17,TTB.BK,2.240000009536743,2.259999990463257,2.2200000286102295,2.2200000286102295,2.2200000286102295,238271200.0
2026-03-18,TTB.BK,2.240000009536743,2.2799999713897705,2.240000009536743,2.259999990463257,2.259999990463257,500657300.0
2026-03-19,TTB.BK,2.240000009536743,2.259999990463257,2.2200000286102295,2.240000009536743,2.240000009536743,281069900.0
2026-03-20,TTB.BK,2.240000009536743,2.259999990463257,2.2200000286102295,2.240000009536743,2.240000009536743,280891600.0
2026-03-23,TTB.BK,2.2200000286102295,2.2200000286102295,2.180000066757202,2.180000066757202,2.180000066757202,267596400.0
2026-03-24,TTB.BK,2.200000047683716,2.2200000286102295,2.180000066757202,2.200000047683716,2.200000047683716,254798400.0
2026-03-25,TTB.BK,2.2200000286102295,2.2799999713897705,2.2200000286102295,2.259999990463257,2.259999990463257,372455400.0
2026-03-26,TTB.BK,2.259999990463257,2.319999933242798,2.240000009536743,2.299999952316284,2.299999952316284,601795200.0
2026-03-27,TTB.BK,2.319999933242798,2.3399999141693115,2.259999990463257,2.2799999713897705,2.2799999713897705,349416100.0
2026-03-30,TTB.BK,2.259999990463257,2.2799999713897705,2.240000009536743,2.259999990463257,2.259999990463257,119581700.0
2026-03-31,TTB.BK,2.2799999713897705,2.299999952316284,2.259999990463257,2.299999952316284,2.299999952316284,313344800.0
2026-04-01,TTB.BK,2.319999933242798,2.3399999141693115,2.2799999713897705,2.299999952316284,2.299999952316284,304872500.0
2026-04-02,TTB.BK,2.299999952316284,2.319999933242798,2.2799999713897705,2.319999933242798,2.319999933242798,175512800.0
2026-04-03,TTB.BK,2.319999933242798,2.359999895095825,2.299999952316284,2.319999933242798,2.319999933242798,388629400.0
2026-04-07,TTB.BK,2.3399999141693115,2.3399999141693115,2.299999952316284,2.319999933242798,2.319999933242798,181497200.0
2026-04-08,TTB.BK,2.319999933242798,2.359999895095825,2.319999933242798,2.3399999141693115,2.3399999141693115,229139100.0
2026-04-09,TTB.BK,2.3399999141693115,2.380000114440918,2.3399999141693115,2.359999895095825,2.359999895095825,264486800.0
2026-04-10,TTB.BK,2.359999895095825,2.380000114440918,2.3399999141693115,2.380000114440918,2.380000114440918,246180300.0
