Date,Ticker,Open,High,Low,Close,Adj Close,Volume
2016-04-11,GLOBAL.BK,6.726527214050293,6.726527214050293,6.595914840698242,6.595914840698242,5.710263729095459,1564172.0
2016-04-12,GLOBAL.BK,6.661221027374268,6.922444820404053,6.661221027374268,6.79183292388916,5.8798747062683105,19366799.0
2016-04-18,GLOBAL.BK,6.8571391105651855,7.0530571937561035,6.79183292388916,6.922444820404053,5.99294900894165,16972382.0
2016-04-19,GLOBAL.BK,6.987751007080078,7.0530571937561035,6.726527214050293,6.8571391105651855,5.9364118576049805,7039312.0
2016-04-20,GLOBAL.BK,6.987751007080078,7.0530571937561035,6.8571391105651855,6.922444820404053,5.99294900894165,8472563.0
2016-04-21,GLOBAL.BK,6.987751007080078,7.248976230621338,6.8571391105651855,7.248976230621338,6.275637149810791,22714113.0
2016-04-22,GLOBAL.BK,7.314281940460205,7.314281940460205,7.118363857269287,7.118363857269287,6.162561416625977,8808060.0
2016-04-25,GLOBAL.BK,7.0530571937561035,7.3795881271362305,7.0530571937561035,7.3795881271362305,6.3887104988098145,7984400.0
2016-04-26,GLOBAL.BK,7.3795881271362305,7.510200023651123,7.248976230621338,7.3795881271362305,6.3887104988098145,7828366.0
2016-04-27,GLOBAL.BK,7.314281940460205,7.3795881271362305,7.1836700439453125,7.314281940460205,6.3321733474731445,3610689.0
2016-04-28,GLOBAL.BK,7.3795881271362305,7.3795881271362305,7.118363857269287,7.1836700439453125,6.2190985679626465,5283274.0
2016-04-29,GLOBAL.BK,7.1836700439453125,7.314281940460205,7.0530571937561035,7.248976230621338,6.275637149810791,3788314.0
2016-05-03,GLOBAL.BK,7.3795881271362305,7.3795881271362305,7.1836700439453125,7.314281940460205,6.3321733474731445,1676107.0
2016-05-04,GLOBAL.BK,7.248976230621338,7.248976230621338,6.987751007080078,7.0530571937561035,6.106024265289307,5909402.0
2016-05-09,GLOBAL.BK,7.0530571937561035,7.118363857269287,6.922444820404053,6.987751007080078,6.049487113952637,3452357.0
2016-05-10,GLOBAL.BK,6.987751007080078,7.248976230621338,6.922444820404053,7.1836700439453125,6.2190985679626465,5782921.0
2016-05-11,GLOBAL.BK,7.575506210327148,8.163261413574219,7.314281940460205,7.444893836975098,6.445247650146484,30411251.0
2016-05-12,GLOBAL.BK,7.510200023651123,7.706118106842041,7.3795881271362305,7.640811920166016,6.614859104156494,19136652.0
2016-05-13,GLOBAL.BK,7.640811920166016,7.640811920166016,7.444893836975098,7.510200023651123,6.501785755157471,7897884.0
2016-05-16,GLOBAL.BK,7.510200023651123,7.83673095703125,7.510200023651123,7.706118106842041,6.6713972091674805,14577812.0
2016-05-17,GLOBAL.BK,7.771424770355225,7.902037143707275,7.706118106842041,7.706118106842041,6.6713972091674805,12169002.0
2016-05-18,GLOBAL.BK,7.771424770355225,7.967342853546143,7.706118106842041,7.902037143707275,6.84100866317749,11600908.0
2016-05-19,GLOBAL.BK,7.967342853546143,7.967342853546143,7.640811920166016,7.640811920166016,6.614859104156494,8121447.0
2016-05-23,GLOBAL.BK,7.706118106842041,7.83673095703125,7.640811920166016,7.771424770355225,6.727933406829834,4983302.0
2016-05-24,GLOBAL.BK,7.706118106842041,7.967342853546143,7.706118106842041,7.902037143707275,6.84100866317749,13144715.0
2016-05-25,GLOBAL.BK,8.032649040222168,8.032649040222168,7.902037143707275,7.902037143707275,6.84100866317749,4846561.0
2016-05-26,GLOBAL.BK,7.902037143707275,8.097954750061035,7.902037143707275,7.902037143707275,6.84100866317749,5111927.0
2016-05-27,GLOBAL.BK,7.967342853546143,8.032649040222168,7.902037143707275,7.967342853546143,6.897546291351318,6375821.0
2016-05-30,GLOBAL.BK,7.902037143707275,7.967342853546143,7.706118106842041,7.83673095703125,6.7844719886779785,3860129.0
2016-05-31,GLOBAL.BK,7.83673095703125,7.83673095703125,7.640811920166016,7.640811920166016,6.614859104156494,6784818.0
2016-06-01,GLOBAL.BK,7.640811920166016,7.902037143707275,7.640811920166016,7.83673095703125,6.7844719886779785,13167990.0
2016-06-02,GLOBAL.BK,7.83673095703125,7.902037143707275,7.771424770355225,7.83673095703125,6.7844719886779785,2092760.0
2016-06-03,GLOBAL.BK,7.902037143707275,8.35917854309082,7.902037143707275,8.293872833251953,7.18023157119751,26980331.0
2016-06-06,GLOBAL.BK,8.35917854309082,8.555097579956055,8.163261413574219,8.228567123413086,7.123694896697998,14585316.0
2016-06-07,GLOBAL.BK,8.293872833251953,8.424485206604004,8.097954750061035,8.293872833251953,7.18023157119751,13010424.0
2016-06-08,GLOBAL.BK,8.293872833251953,8.424485206604004,8.228567123413086,8.35917854309082,7.23676872253418,6576109.0
2016-06-09,GLOBAL.BK,8.35917854309082,8.489791870117188,8.35917854309082,8.424485206604004,7.293306350708008,4315064.0
2016-06-10,GLOBAL.BK,8.424485206604004,8.424485206604004,8.293872833251953,8.293872833251953,7.18023157119751,3242729.0
2016-06-13,GLOBAL.BK,8.293872833251953,8.293872833251953,8.163261413574219,8.228567123413086,7.123694896697998,4053220.0
2016-06-14,GLOBAL.BK,8.228567123413086,8.35917854309082,8.228567123413086,8.35917854309082,7.23676872253418,3344557.0
2016-06-15,GLOBAL.BK,8.35917854309082,8.424485206604004,8.293872833251953,8.35917854309082,7.23676872253418,4708749.0
2016-06-16,GLOBAL.BK,8.424485206604004,8.424485206604004,8.163261413574219,8.293872833251953,7.18023157119751,5303180.0
2016-06-17,GLOBAL.BK,8.293872833251953,8.881628036499023,8.293872833251953,8.881628036499023,7.689067840576172,22026581.0
2016-06-20,GLOBAL.BK,9.077546119689941,9.077546119689941,8.881628036499023,8.881628036499023,7.689067840576172,25987161.0
2016-06-21,GLOBAL.BK,8.94693374633789,8.94693374633789,8.685709953308105,8.94693374633789,7.745604991912842,9756823.0
2016-06-22,GLOBAL.BK,9.012240409851074,9.012240409851074,8.751015663146973,8.751015663146973,7.575992584228516,3508860.0
2016-06-23,GLOBAL.BK,8.881628036499023,8.881628036499023,8.489791870117188,8.685709953308105,7.519455909729004,10722276.0
2016-06-24,GLOBAL.BK,8.555097579956055,9.142851829528809,8.489791870117188,8.685709953308105,7.519455909729004,26032793.0
2016-06-27,GLOBAL.BK,8.751015663146973,8.94693374633789,8.751015663146973,8.94693374633789,7.745604991912842,8546216.0
2016-06-28,GLOBAL.BK,9.077546119689941,9.077546119689941,8.816322326660156,8.816322326660156,7.632532119750977,6841168.0
2016-06-29,GLOBAL.BK,8.881628036499023,9.142851829528809,8.881628036499023,8.94693374633789,7.745604991912842,16957529.0
2016-06-30,GLOBAL.BK,9.012240409851074,9.012240409851074,8.881628036499023,8.881628036499023,7.689067840576172,6991231.0
2016-07-04,GLOBAL.BK,8.94693374633789,9.012240409851074,8.881628036499023,8.94693374633789,7.745604991912842,1919575.0
2016-07-05,GLOBAL.BK,8.94693374633789,8.94693374633789,8.816322326660156,8.816322326660156,7.632532119750977,8441632.0
2016-07-06,GLOBAL.BK,8.816322326660156,9.012240409851074,8.816322326660156,8.816322326660156,7.632532119750977,19804737.0
2016-07-07,GLOBAL.BK,8.816322326660156,8.881628036499023,8.685709953308105,8.685709953308105,7.519455909729004,8695053.0
2016-07-08,GLOBAL.BK,8.751015663146973,9.077546119689941,8.620404243469238,8.94693374633789,7.745604991912842,20345421.0
2016-07-11,GLOBAL.BK,9.012240409851074,9.142851829528809,8.816322326660156,8.94693374633789,7.745604991912842,10909855.0
2016-07-12,GLOBAL.BK,8.94693374633789,9.012240409851074,8.555097579956055,8.685709953308105,7.519455909729004,18684780.0
2016-07-13,GLOBAL.BK,8.685709953308105,8.816322326660156,8.555097579956055,8.620404243469238,7.462918281555176,10481717.0
2016-07-14,GLOBAL.BK,8.555097579956055,8.94693374633789,8.555097579956055,8.816322326660156,7.632532119750977,9733854.0
2016-07-15,GLOBAL.BK,8.751015663146973,9.40407657623291,8.751015663146973,9.40407657623291,8.141366958618164,53683659.0
2016-07-20,GLOBAL.BK,9.40407657623291,9.469383239746094,9.208159446716309,9.273465156555176,8.028290748596191,10356001.0
2016-07-21,GLOBAL.BK,9.338770866394043,9.730607032775879,9.273465156555176,9.469383239746094,8.197904586791992,33051740.0
2016-07-22,GLOBAL.BK,9.40407657623291,9.534688949584961,9.338770866394043,9.338770866394043,8.08482837677002,8543307.0
2016-07-25,GLOBAL.BK,9.469383239746094,9.730607032775879,9.40407657623291,9.730607032775879,8.424051284790039,11641639.0
2016-07-26,GLOBAL.BK,9.665301322937012,9.99183177947998,9.599994659423828,9.795912742614746,8.48058795928955,25265789.0
2016-07-27,GLOBAL.BK,9.795912742614746,10.122444152832031,9.795912742614746,9.99183177947998,8.650201797485352,11796602.0
2016-07-28,GLOBAL.BK,9.99183177947998,10.187749862670898,9.926526069641113,9.926526069641113,8.59366512298584,9282594.0
2016-07-29,GLOBAL.BK,9.99183177947998,10.187749862670898,9.99183177947998,10.122444152832031,8.763276100158691,6899815.0
2016-08-01,GLOBAL.BK,10.187749862670898,10.253055572509766,9.534688949584961,9.730607032775879,8.424051284790039,13234446.0
2016-08-02,GLOBAL.BK,9.599994659423828,10.057138442993164,9.469383239746094,9.86121940612793,8.537125587463379,18002148.0
2016-08-03,GLOBAL.BK,9.665301322937012,9.99183177947998,9.665301322937012,9.86121940612793,8.537125587463379,9062247.0
2016-08-04,GLOBAL.BK,9.926526069641113,10.057138442993164,9.795912742614746,9.926526069641113,8.59366512298584,5320177.0
2016-08-05,GLOBAL.BK,9.926526069641113,10.057138442993164,9.926526069641113,9.926526069641113,8.59366512298584,3560311.0
2016-08-08,GLOBAL.BK,10.057138442993164,10.187749862670898,9.86121940612793,9.926526069641113,8.59366512298584,6664309.0
2016-08-09,GLOBAL.BK,9.99183177947998,10.187749862670898,9.469383239746094,9.795912742614746,8.48058795928955,27695578.0
2016-08-10,GLOBAL.BK,9.795912742614746,9.86121940612793,9.730607032775879,9.795912742614746,8.48058795928955,12296555.0
2016-08-11,GLOBAL.BK,9.795912742614746,9.795912742614746,9.338770866394043,9.40407657623291,8.141366958618164,33785056.0
2016-08-15,GLOBAL.BK,9.142851829528809,9.40407657623291,8.94693374633789,9.273465156555176,8.028290748596191,10888264.0
2016-08-16,GLOBAL.BK,9.208159446716309,9.469383239746094,9.012240409851074,9.077546119689941,7.858679294586182,13337499.0
2016-08-17,GLOBAL.BK,9.012240409851074,9.208159446716309,8.94693374633789,8.94693374633789,7.745604991912842,11005405.0
2016-08-18,GLOBAL.BK,9.012240409851074,9.469383239746094,9.012240409851074,9.40407657623291,8.141366958618164,35922835.0
2016-08-19,GLOBAL.BK,9.40407657623291,9.469383239746094,9.142851829528809,9.208159446716309,7.9717535972595215,12246177.0
2016-08-22,GLOBAL.BK,9.208159446716309,9.208159446716309,8.685709953308105,9.208159446716309,7.9717535972595215,25722714.0
2016-08-23,GLOBAL.BK,9.208159446716309,9.40407657623291,9.142851829528809,9.273465156555176,8.028290748596191,6066662.0
2016-08-24,GLOBAL.BK,9.208159446716309,9.40407657623291,9.208159446716309,9.273465156555176,8.028290748596191,2555657.0
2016-08-25,GLOBAL.BK,9.273465156555176,9.599994659423828,9.273465156555176,9.338770866394043,8.08482837677002,8159881.0
2016-08-26,GLOBAL.BK,9.40407657623291,9.469383239746094,9.338770866394043,9.40407657623291,8.141366958618164,2089085.0
2016-08-29,GLOBAL.BK,9.534688949584961,9.534688949584961,9.142851829528809,9.338770866394043,8.08482837677002,4011570.0
2016-08-30,GLOBAL.BK,9.338770866394043,9.534688949584961,9.338770866394043,9.534688949584961,8.254440307617188,4035764.0
2016-08-31,GLOBAL.BK,9.599994659423828,9.665301322937012,9.40407657623291,9.599994659423828,8.310978889465332,6199880.0
2016-09-01,GLOBAL.BK,9.599994659423828,9.665301322937012,9.534688949584961,9.599994659423828,8.310978889465332,5088039.0
2016-09-02,GLOBAL.BK,9.40407657623291,9.534688949584961,9.142851829528809,9.338770866394043,8.08482837677002,6581928.0
2016-09-05,GLOBAL.BK,9.40407657623291,9.40407657623291,8.816322326660156,8.94693374633789,7.745604991912842,10192770.0
2016-09-06,GLOBAL.BK,8.816322326660156,9.142851829528809,8.816322326660156,9.077546119689941,7.858679294586182,8152838.0
2016-09-07,GLOBAL.BK,9.012240409851074,9.142851829528809,8.94693374633789,8.94693374633789,7.745604991912842,4376620.0
2016-09-08,GLOBAL.BK,8.881628036499023,8.94693374633789,8.228567123413086,8.35917854309082,7.23676872253418,26553112.0
2016-09-09,GLOBAL.BK,8.228567123413086,8.555097579956055,8.097954750061035,8.555097579956055,7.406382083892822,11354530.0
2016-09-12,GLOBAL.BK,8.293872833251953,8.489791870117188,8.163261413574219,8.35917854309082,7.23676872253418,10030610.0
2016-09-13,GLOBAL.BK,8.489791870117188,8.751015663146973,8.424485206604004,8.555097579956055,7.406382083892822,12951012.0
2016-09-14,GLOBAL.BK,8.489791870117188,8.685709953308105,8.489791870117188,8.555097579956055,7.406382083892822,4116920.0
2016-09-15,GLOBAL.BK,8.685709953308105,8.751015663146973,8.555097579956055,8.555097579956055,7.406382083892822,3813733.0
2016-09-16,GLOBAL.BK,8.620404243469238,8.881628036499023,8.620404243469238,8.881628036499023,7.689067840576172,9251969.0
2016-09-19,GLOBAL.BK,8.881628036499023,8.94693374633789,8.751015663146973,8.816322326660156,7.632532119750977,2604657.0
2016-09-20,GLOBAL.BK,8.751015663146973,8.881628036499023,8.489791870117188,8.620404243469238,7.462918281555176,4536023.0
2016-09-21,GLOBAL.BK,8.685709953308105,8.816322326660156,8.685709953308105,8.751015663146973,7.575992584228516,2144363.0
2016-09-22,GLOBAL.BK,8.816322326660156,9.077546119689941,8.751015663146973,9.012240409851074,7.80214262008667,7120928.0
2016-09-23,GLOBAL.BK,8.94693374633789,9.012240409851074,8.620404243469238,8.816322326660156,7.632532119750977,9430207.0
2016-09-26,GLOBAL.BK,8.751015663146973,8.816322326660156,8.620404243469238,8.685709953308105,7.519455909729004,1481178.0
2016-09-27,GLOBAL.BK,8.685709953308105,9.208159446716309,8.685709953308105,9.012240409851074,7.80214262008667,7614603.0
2016-09-28,GLOBAL.BK,8.94693374633789,9.338770866394043,8.881628036499023,9.273465156555176,8.028290748596191,14951591.0
2016-09-29,GLOBAL.BK,9.338770866394043,9.338770866394043,9.142851829528809,9.273465156555176,8.028290748596191,10285564.0
2016-09-30,GLOBAL.BK,9.273465156555176,9.469383239746094,9.208159446716309,9.469383239746094,8.197904586791992,14236037.0
2016-10-03,GLOBAL.BK,9.469383239746094,9.469383239746094,9.208159446716309,9.40407657623291,8.141366958618164,6768434.0
2016-10-04,GLOBAL.BK,9.469383239746094,9.795912742614746,9.40407657623291,9.795912742614746,8.48058795928955,17364076.0
2016-10-05,GLOBAL.BK,9.730607032775879,9.795912742614746,9.534688949584961,9.795912742614746,8.48058795928955,10177151.0
2016-10-06,GLOBAL.BK,9.795912742614746,9.795912742614746,9.599994659423828,9.599994659423828,8.310978889465332,6838871.0
2016-10-07,GLOBAL.BK,9.730607032775879,9.926526069641113,9.665301322937012,9.730607032775879,8.424051284790039,7387059.0
2016-10-10,GLOBAL.BK,8.94693374633789,9.665301322937012,8.816322326660156,9.208159446716309,7.9717535972595215,12184468.0
2016-10-11,GLOBAL.BK,9.208159446716309,9.338770866394043,8.489791870117188,9.077546119689941,7.858679294586182,18172270.0
2016-10-12,GLOBAL.BK,8.685709953308105,9.077546119689941,8.097954750061035,9.077546119689941,7.858679294586182,33385859.0
2016-10-13,GLOBAL.BK,8.620404243469238,9.208159446716309,8.35917854309082,9.077546119689941,7.858679294586182,32467108.0
2016-10-14,GLOBAL.BK,9.469383239746094,9.599994659423828,9.142851829528809,9.40407657623291,8.141366958618164,20346493.0
2016-10-17,GLOBAL.BK,9.534688949584961,9.795912742614746,9.469383239746094,9.730607032775879,8.424051284790039,12811668.0
2016-10-18,GLOBAL.BK,9.730607032775879,9.730607032775879,9.469383239746094,9.665301322937012,8.367514610290527,8447144.0
2016-10-19,GLOBAL.BK,9.599994659423828,9.665301322937012,9.469383239746094,9.665301322937012,8.367514610290527,8366294.0
2016-10-20,GLOBAL.BK,9.730607032775879,9.730607032775879,9.469383239746094,9.665301322937012,8.367514610290527,4729880.0
2016-10-21,GLOBAL.BK,9.665301322937012,9.730607032775879,9.469383239746094,9.534688949584961,8.254440307617188,8418050.0
2016-10-25,GLOBAL.BK,9.599994659423828,9.99183177947998,9.534688949584961,9.926526069641113,8.59366512298584,12909515.0
2016-10-26,GLOBAL.BK,9.99183177947998,10.514280319213867,9.99183177947998,10.122444152832031,8.763276100158691,39095433.0
2016-10-27,GLOBAL.BK,10.122444152832031,10.448973655700684,10.122444152832031,10.448973655700684,9.045961380004883,15356760.0
2016-10-28,GLOBAL.BK,10.448973655700684,10.448973655700684,10.187749862670898,10.31836223602295,8.932886123657227,5082374.0
2016-10-31,GLOBAL.BK,10.31836223602295,10.31836223602295,9.926526069641113,10.057138442993164,8.70673942565918,11838558.0
2016-11-01,GLOBAL.BK,10.057138442993164,10.448973655700684,10.057138442993164,10.448973655700684,9.045961380004883,19295443.0
2016-11-02,GLOBAL.BK,10.383667945861816,10.383667945861816,10.057138442993164,10.187749862670898,8.819812774658203,11328805.0
2016-11-03,GLOBAL.BK,10.187749862670898,10.383667945861816,10.057138442993164,10.187749862670898,8.819812774658203,5971418.0
2016-11-04,GLOBAL.BK,10.122444152832031,10.448973655700684,9.99183177947998,10.448973655700684,9.045961380004883,9754220.0
2016-11-07,GLOBAL.BK,10.448973655700684,10.514280319213867,10.187749862670898,10.31836223602295,8.932886123657227,7206984.0
2016-11-08,GLOBAL.BK,10.31836223602295,10.383667945861816,10.057138442993164,10.253055572509766,8.876348495483398,5003055.0
2016-11-09,GLOBAL.BK,10.122444152832031,10.187749862670898,9.86121940612793,10.057138442993164,8.70673942565918,11332480.0
2016-11-10,GLOBAL.BK,10.187749862670898,10.31836223602295,10.122444152832031,10.31836223602295,8.932886123657227,9567407.0
2016-11-11,GLOBAL.BK,10.253055572509766,10.31836223602295,10.122444152832031,10.253055572509766,8.876348495483398,7250012.0
2016-11-14,GLOBAL.BK,10.057138442993164,10.187749862670898,9.99183177947998,9.99183177947998,8.650201797485352,3290351.0
2016-11-15,GLOBAL.BK,9.99183177947998,10.122444152832031,9.730607032775879,10.057138442993164,8.70673942565918,10119882.0
2016-11-16,GLOBAL.BK,10.057138442993164,10.187749862670898,9.99183177947998,10.122444152832031,8.763276100158691,3759220.0
2016-11-17,GLOBAL.BK,10.187749862670898,10.383667945861816,10.122444152832031,10.31836223602295,8.932886123657227,11243820.0
2016-11-18,GLOBAL.BK,10.253055572509766,10.31836223602295,10.187749862670898,10.31836223602295,8.932886123657227,4624530.0
2016-11-21,GLOBAL.BK,10.383667945861816,10.775505065917969,10.253055572509766,10.710199356079102,9.272112846374512,41995316.0
2016-11-22,GLOBAL.BK,10.840810775756836,11.102034568786621,10.775505065917969,11.036728858947754,9.554797172546387,29113516.0
2016-11-23,GLOBAL.BK,11.102034568786621,11.102034568786621,10.710199356079102,11.102034568786621,9.611333847045898,15808785.0
2016-11-24,GLOBAL.BK,11.102034568786621,11.232646942138672,10.90611743927002,11.036728858947754,9.554797172546387,17991736.0
2016-11-25,GLOBAL.BK,10.971423149108887,11.232646942138672,10.90611743927002,11.102034568786621,9.611333847045898,9157644.0
2016-11-28,GLOBAL.BK,11.167341232299805,11.559178352355957,11.167341232299805,11.493871688842773,9.950557708740234,25670805.0
2016-11-29,GLOBAL.BK,11.559178352355957,11.689789772033691,11.167341232299805,11.232646942138672,9.724409103393555,21170919.0
2016-11-30,GLOBAL.BK,11.167341232299805,11.297952651977539,10.971423149108887,11.102034568786621,9.611333847045898,12374496.0
2016-12-01,GLOBAL.BK,11.232646942138672,11.363260269165039,11.102034568786621,11.167341232299805,9.667872428894043,8229706.0
2016-12-02,GLOBAL.BK,11.232646942138672,11.232646942138672,10.971423149108887,11.036728858947754,9.554797172546387,9037901.0
2016-12-06,GLOBAL.BK,11.102034568786621,11.102034568786621,10.840810775756836,10.971423149108887,9.498259544372559,11953402.0
2016-12-07,GLOBAL.BK,11.102034568786621,11.559178352355957,11.102034568786621,11.428565979003906,9.894021034240723,16945432.0
2016-12-08,GLOBAL.BK,11.428565979003906,11.755096435546875,11.428565979003906,11.689789772033691,10.120170593261719,15229819.0
2016-12-09,GLOBAL.BK,11.689789772033691,11.755096435546875,11.428565979003906,11.493871688842773,9.950557708740234,7211731.0
2016-12-13,GLOBAL.BK,11.559178352355957,11.624484062194824,11.297952651977539,11.493871688842773,9.950557708740234,5572833.0
2016-12-14,GLOBAL.BK,11.428565979003906,11.624484062194824,11.102034568786621,11.232646942138672,9.724409103393555,7233322.0
2016-12-15,GLOBAL.BK,11.102034568786621,11.297952651977539,10.90611743927002,10.90611743927002,9.441722869873047,17270670.0
2016-12-16,GLOBAL.BK,10.971423149108887,11.428565979003906,10.90611743927002,11.428565979003906,9.894021034240723,12671099.0
2016-12-19,GLOBAL.BK,11.428565979003906,11.624484062194824,11.363260269165039,11.559178352355957,10.007095336914062,3963029.0
2016-12-20,GLOBAL.BK,11.559178352355957,11.689789772033691,11.297952651977539,11.493871688842773,9.950557708740234,5538686.0
2016-12-21,GLOBAL.BK,11.493871688842773,11.493871688842773,11.167341232299805,11.297952651977539,9.780945777893066,4998461.0
2016-12-22,GLOBAL.BK,11.363260269165039,11.363260269165039,10.971423149108887,11.036728858947754,9.554797172546387,13595209.0
2016-12-23,GLOBAL.BK,11.036728858947754,11.297952651977539,11.036728858947754,11.232646942138672,9.724409103393555,11124536.0
2016-12-26,GLOBAL.BK,11.297952651977539,11.428565979003906,11.167341232299805,11.232646942138672,9.724409103393555,8547900.0
2016-12-27,GLOBAL.BK,11.232646942138672,11.689789772033691,11.232646942138672,11.559178352355957,10.007095336914062,11178589.0
2016-12-28,GLOBAL.BK,11.559178352355957,11.88570785522461,11.559178352355957,11.559178352355957,10.007095336914062,20923009.0
2016-12-29,GLOBAL.BK,11.624484062194824,11.755096435546875,11.624484062194824,11.689789772033691,10.120170593261719,8162178.0
2016-12-30,GLOBAL.BK,11.624484062194824,12.016321182250977,11.559178352355957,11.820402145385742,10.233245849609375,23007194.0
2017-01-04,GLOBAL.BK,11.88570785522461,11.88570785522461,11.689789772033691,11.689789772033691,10.120170593261719,18836680.0
2017-01-05,GLOBAL.BK,11.820402145385742,11.88570785522461,11.689789772033691,11.689789772033691,10.120170593261719,11167258.0
2017-01-06,GLOBAL.BK,11.755096435546875,11.755096435546875,11.559178352355957,11.689789772033691,10.120170593261719,9541988.0
2017-01-09,GLOBAL.BK,11.755096435546875,11.755096435546875,11.559178352355957,11.755096435546875,10.17670726776123,4144023.0
2017-01-10,GLOBAL.BK,11.755096435546875,12.146932601928711,11.624484062194824,11.755096435546875,10.17670726776123,18703614.0
2017-01-11,GLOBAL.BK,11.755096435546875,11.951013565063477,11.689789772033691,11.820402145385742,10.233245849609375,8382985.0
2017-01-12,GLOBAL.BK,11.88570785522461,12.016321182250977,11.820402145385742,11.88570785522461,10.289782524108887,15153563.0
2017-01-16,GLOBAL.BK,11.689789772033691,11.88570785522461,11.493871688842773,11.559178352355957,10.007095336914062,14309231.0
2017-01-17,GLOBAL.BK,11.559178352355957,11.820402145385742,11.559178352355957,11.755096435546875,10.17670726776123,14875488.0
2017-01-18,GLOBAL.BK,11.755096435546875,11.88570785522461,11.624484062194824,11.689789772033691,10.120170593261719,6884196.0
2017-01-19,GLOBAL.BK,11.624484062194824,11.755096435546875,11.297952651977539,11.624484062194824,10.063633918762207,15122172.0
2017-01-20,GLOBAL.BK,11.559178352355957,11.755096435546875,11.493871688842773,11.559178352355957,10.007095336914062,7363784.0
2017-01-23,GLOBAL.BK,11.689789772033691,11.820402145385742,11.559178352355957,11.820402145385742,10.233245849609375,7528394.0
2017-01-24,GLOBAL.BK,11.820402145385742,11.820402145385742,11.559178352355957,11.624484062194824,10.063633918762207,7395328.0
2017-01-25,GLOBAL.BK,11.689789772033691,11.88570785522461,11.689789772033691,11.88570785522461,10.289782524108887,13871293.0
2017-01-26,GLOBAL.BK,11.88570785522461,11.88570785522461,11.624484062194824,11.755096435546875,10.17670726776123,11341208.0
2017-01-27,GLOBAL.BK,11.624484062194824,11.820402145385742,11.624484062194824,11.689789772033691,10.120170593261719,4402652.0
2017-01-30,GLOBAL.BK,11.689789772033691,12.081626892089844,11.689789772033691,12.016321182250977,10.402856826782227,7120009.0
2017-01-31,GLOBAL.BK,11.951013565063477,12.277544975280762,11.88570785522461,12.081626892089844,10.459393501281738,15638969.0
2017-02-01,GLOBAL.BK,12.081626892089844,12.212239265441895,11.755096435546875,11.755096435546875,10.17670726776123,15017435.0
2017-02-02,GLOBAL.BK,11.88570785522461,11.88570785522461,11.559178352355957,11.624484062194824,10.063633918762207,7702956.0
2017-02-03,GLOBAL.BK,11.624484062194824,11.755096435546875,11.624484062194824,11.624484062194824,10.063633918762207,3231245.0
2017-02-06,GLOBAL.BK,11.689789772033691,11.820402145385742,11.689789772033691,11.755096435546875,10.17670726776123,3953995.0
2017-02-07,GLOBAL.BK,11.88570785522461,11.88570785522461,11.755096435546875,11.755096435546875,10.17670726776123,2950873.0
2017-02-08,GLOBAL.BK,11.755096435546875,11.820402145385742,11.624484062194824,11.755096435546875,10.17670726776123,2329185.0
2017-02-09,GLOBAL.BK,11.689789772033691,11.755096435546875,11.624484062194824,11.689789772033691,10.120170593261719,1826016.0
2017-02-10,GLOBAL.BK,11.689789772033691,11.755096435546875,11.559178352355957,11.689789772033691,10.120170593261719,4564964.0
2017-02-14,GLOBAL.BK,11.755096435546875,11.820402145385742,11.624484062194824,11.624484062194824,10.063633918762207,2766816.0
2017-02-15,GLOBAL.BK,11.689789772033691,11.689789772033691,11.167341232299805,11.363260269165039,9.837484359741211,19948521.0
2017-02-16,GLOBAL.BK,11.297952651977539,11.559178352355957,11.232646942138672,11.428565979003906,9.894021034240723,7254147.0
2017-02-17,GLOBAL.BK,11.363260269165039,11.559178352355957,11.297952651977539,11.493871688842773,9.950557708740234,2893910.0
2017-02-20,GLOBAL.BK,11.428565979003906,11.689789772033691,11.428565979003906,11.559178352355957,10.007095336914062,2850882.0
2017-02-21,GLOBAL.BK,11.820402145385742,11.951013565063477,11.820402145385742,11.951013565063477,10.346318244934082,17656239.0
2017-02-22,GLOBAL.BK,11.951013565063477,11.951013565063477,11.624484062194824,11.755096435546875,10.17670726776123,7777222.0
2017-02-23,GLOBAL.BK,11.820402145385742,11.820402145385742,11.624484062194824,11.820402145385742,10.233245849609375,3505798.0
2017-02-24,GLOBAL.BK,11.88570785522461,11.951013565063477,11.755096435546875,11.820402145385742,10.233245849609375,3375948.0
2017-02-27,GLOBAL.BK,11.820402145385742,11.820402145385742,11.624484062194824,11.755096435546875,10.17670726776123,2981498.0
2017-02-28,GLOBAL.BK,11.820402145385742,12.081626892089844,11.689789772033691,12.081626892089844,10.459393501281738,8712204.0
2017-03-01,GLOBAL.BK,12.081626892089844,12.081626892089844,11.755096435546875,11.755096435546875,10.17670726776123,7666819.0
2017-03-02,GLOBAL.BK,11.951013565063477,12.146932601928711,11.88570785522461,12.081626892089844,10.459393501281738,10752136.0
2017-03-03,GLOBAL.BK,11.820402145385742,12.146932601928711,11.820402145385742,12.081626892089844,10.459393501281738,7559478.0
2017-03-06,GLOBAL.BK,12.016321182250977,12.146932601928711,11.951013565063477,12.016321182250977,10.402856826782227,5224014.0
2017-03-07,GLOBAL.BK,12.016321182250977,12.016321182250977,11.755096435546875,11.88570785522461,10.289782524108887,5111161.0
2017-03-08,GLOBAL.BK,11.820402145385742,11.88570785522461,11.624484062194824,11.624484062194824,10.063633918762207,8368131.0
2017-03-09,GLOBAL.BK,11.624484062194824,11.689789772033691,11.493871688842773,11.493871688842773,9.950557708740234,5412971.0
2017-03-10,GLOBAL.BK,11.493871688842773,11.493871688842773,11.232646942138672,11.232646942138672,9.724409103393555,4664036.0
2017-03-13,GLOBAL.BK,11.036728858947754,11.102034568786621,10.579586029052734,10.775505065917969,9.328648567199707,23830395.0
2017-03-14,GLOBAL.BK,10.775505065917969,10.840810775756836,10.253055572509766,10.775505065917969,9.328648567199707,25434533.0
2017-03-15,GLOBAL.BK,10.775505065917969,11.428565979003906,10.775505065917969,10.971423149108887,9.498259544372559,10607279.0
2017-03-16,GLOBAL.BK,11.314279556274414,11.588565826416016,11.108566284179688,11.382850646972656,9.952521324157715,14480089.0
2017-03-17,GLOBAL.BK,11.314279556274414,11.519993782043457,11.17713737487793,11.17713737487793,9.77265739440918,5623627.0
2017-03-20,GLOBAL.BK,11.314279556274414,11.451422691345215,11.245709419250488,11.451422691345215,10.012475967407227,6739982.0
2017-03-21,GLOBAL.BK,11.451422691345215,11.519993782043457,11.314279556274414,11.451422691345215,10.012475967407227,6625503.0
2017-03-22,GLOBAL.BK,11.314279556274414,11.519993782043457,11.245709419250488,11.314279556274414,9.892568588256836,9780754.0
2017-03-23,GLOBAL.BK,11.314279556274414,11.519993782043457,11.314279556274414,11.451422691345215,10.012475967407227,4233981.0
2017-03-24,GLOBAL.BK,11.382850646972656,11.451422691345215,11.314279556274414,11.314279556274414,9.892568588256836,1280271.0
2017-03-27,GLOBAL.BK,11.314279556274414,11.519993782043457,11.245709419250488,11.382850646972656,9.952521324157715,3822585.0
2017-03-28,GLOBAL.BK,11.382850646972656,11.519993782043457,11.382850646972656,11.451422691345215,10.012475967407227,5639960.0
2017-03-29,GLOBAL.BK,11.451422691345215,11.657136917114258,11.451422691345215,11.519993782043457,10.072430610656738,5729065.0
2017-03-30,GLOBAL.BK,11.519993782043457,11.657136917114258,11.451422691345215,11.451422691345215,10.012475967407227,6254502.0
2017-03-31,GLOBAL.BK,11.382850646972656,11.451422691345215,11.314279556274414,11.382850646972656,9.952521324157715,3598439.0
2017-04-03,GLOBAL.BK,11.382850646972656,11.451422691345215,11.17713737487793,11.245709419250488,9.832612991333008,5979461.0
2017-04-04,GLOBAL.BK,11.245709419250488,11.657136917114258,11.245709419250488,11.657136917114258,10.192341804504395,8105420.0
2017-04-05,GLOBAL.BK,11.657136917114258,11.93142318725586,11.588565826416016,11.657136917114258,10.192341804504395,17461799.0
2017-04-07,GLOBAL.BK,11.657136917114258,11.7257080078125,11.519993782043457,11.588565826416016,10.1323881149292,4946668.0
2017-04-10,GLOBAL.BK,11.519993782043457,11.588565826416016,11.382850646972656,11.519993782043457,10.072430610656738,4726606.0
2017-04-11,GLOBAL.BK,11.657136917114258,11.7257080078125,11.451422691345215,11.519993782043457,10.072430610656738,7640066.0
2017-04-12,GLOBAL.BK,11.519993782043457,11.519993782043457,11.314279556274414,11.382850646972656,9.952521324157715,8078441.0
2017-04-17,GLOBAL.BK,11.382850646972656,11.451422691345215,11.17713737487793,11.451422691345215,10.012475967407227,6234669.0
2017-04-18,GLOBAL.BK,11.451422691345215,11.519993782043457,11.382850646972656,11.451422691345215,10.012475967407227,2577605.0
2017-04-19,GLOBAL.BK,11.382850646972656,11.382850646972656,11.17713737487793,11.245709419250488,9.832612991333008,5549398.0
2017-04-20,GLOBAL.BK,11.314279556274414,11.451422691345215,11.17713737487793,11.382850646972656,9.952521324157715,7475565.0
2017-04-21,GLOBAL.BK,11.382850646972656,11.451422691345215,11.17713737487793,11.245709419250488,9.832612991333008,3970168.0
2017-04-24,GLOBAL.BK,11.245709419250488,11.314279556274414,11.17713737487793,11.245709419250488,9.832612991333008,4268835.0
2017-04-25,GLOBAL.BK,11.245709419250488,11.314279556274414,10.971423149108887,10.971423149108887,9.592792510986328,8772170.0
2017-04-26,GLOBAL.BK,11.039994239807129,11.17713737487793,10.765708923339844,10.971423149108887,9.592792510986328,13275943.0
2017-04-27,GLOBAL.BK,10.971423149108887,11.17713737487793,10.902852058410645,11.17713737487793,9.77265739440918,4183960.0
2017-04-28,GLOBAL.BK,11.108566284179688,11.17713737487793,11.039994239807129,11.17713737487793,9.77265739440918,2822022.0
2017-05-02,GLOBAL.BK,11.108566284179688,11.17713737487793,11.108566284179688,11.17713737487793,9.77265739440918,3486876.0
2017-05-03,GLOBAL.BK,11.108566284179688,11.17713737487793,10.834280014038086,10.971423149108887,9.592792510986328,5518481.0
2017-05-04,GLOBAL.BK,10.971423149108887,11.108566284179688,10.971423149108887,11.039994239807129,9.652746200561523,5105189.0
2017-05-08,GLOBAL.BK,10.971423149108887,11.245709419250488,10.971423149108887,11.039994239807129,9.652746200561523,6251002.0
2017-05-09,GLOBAL.BK,11.039994239807129,11.039994239807129,10.628565788269043,10.697136878967285,9.352971076965332,11523317.0
2017-05-11,GLOBAL.BK,10.628565788269043,10.697136878967285,9.599994659423828,9.942852020263672,8.693467140197754,42034435.0
2017-05-12,GLOBAL.BK,9.942852020263672,9.942852020263672,9.531423568725586,9.599994659423828,8.393692970275879,27596637.0
2017-05-15,GLOBAL.BK,9.737137794494629,9.737137794494629,9.737137794494629,9.737137794494629,8.513604164123535,1680584.0
2017-05-16,GLOBAL.BK,9.737137794494629,10.011423110961914,9.599994659423828,9.87428092956543,8.633513450622559,18154070.0
2017-05-17,GLOBAL.BK,9.87428092956543,9.87428092956543,9.599994659423828,9.805708885192871,8.573556900024414,8227628.0
2017-05-18,GLOBAL.BK,9.66856575012207,9.66856575012207,9.462851524353027,9.531423568725586,8.333739280700684,15256798.0
2017-05-19,GLOBAL.BK,9.531423568725586,9.737137794494629,9.462851524353027,9.531423568725586,8.333739280700684,12242276.0
2017-05-22,GLOBAL.BK,9.531423568725586,9.737137794494629,9.462851524353027,9.599994659423828,8.393692970275879,16517965.0
2017-05-23,GLOBAL.BK,9.599994659423828,9.737137794494629,9.531423568725586,9.66856575012207,8.453646659851074,10935171.0
2017-05-24,GLOBAL.BK,9.66856575012207,9.942852020263672,9.599994659423828,9.66856575012207,8.453646659851074,15811986.0
2017-05-25,GLOBAL.BK,9.737137794494629,10.217138290405273,9.737137794494629,10.079995155334473,8.813379287719727,24240427.0
2017-05-26,GLOBAL.BK,10.079995155334473,10.148566246032715,9.805708885192871,9.942852020263672,8.693467140197754,18862383.0
2017-05-29,GLOBAL.BK,10.011423110961914,10.079995155334473,9.942852020263672,10.079995155334473,8.813379287719727,5801690.0
2017-05-30,GLOBAL.BK,10.011423110961914,10.079995155334473,9.942852020263672,10.011423110961914,8.753422737121582,11855817.0
2017-05-31,GLOBAL.BK,10.011423110961914,10.4228515625,10.011423110961914,10.354280471801758,9.053197860717773,29946013.0
2017-06-01,GLOBAL.BK,10.217138290405273,10.4228515625,10.217138290405273,10.354280471801758,9.053197860717773,19770779.0
2017-06-02,GLOBAL.BK,10.285709381103516,10.354280471801758,10.011423110961914,10.079995155334473,8.813379287719727,11486859.0
2017-06-05,GLOBAL.BK,10.217138290405273,10.285709381103516,10.148566246032715,10.285709381103516,8.993242263793945,9657816.0
2017-06-06,GLOBAL.BK,10.285709381103516,10.354280471801758,10.217138290405273,10.285709381103516,8.993242263793945,11365526.0
2017-06-07,GLOBAL.BK,10.285709381103516,10.4228515625,10.217138290405273,10.285709381103516,8.993242263793945,15215090.0
2017-06-08,GLOBAL.BK,10.285709381103516,10.285709381103516,10.079995155334473,10.217138290405273,8.93328857421875,9216087.0
2017-06-09,GLOBAL.BK,10.217138290405273,10.285709381103516,10.148566246032715,10.285709381103516,8.993242263793945,6993440.0
2017-06-12,GLOBAL.BK,10.217138290405273,10.285709381103516,10.011423110961914,10.217138290405273,8.93328857421875,11815567.0
2017-06-13,GLOBAL.BK,10.285709381103516,10.4228515625,10.217138290405273,10.354280471801758,9.053197860717773,11582088.0
2017-06-14,GLOBAL.BK,10.354280471801758,10.354280471801758,10.217138290405273,10.285709381103516,8.993242263793945,4415397.0
2017-06-15,GLOBAL.BK,10.285709381103516,10.354280471801758,10.148566246032715,10.285709381103516,8.993242263793945,5213544.0
2017-06-16,GLOBAL.BK,10.285709381103516,10.285709381103516,10.148566246032715,10.148566246032715,8.873332977294922,5247523.0
2017-06-19,GLOBAL.BK,10.148566246032715,10.217138290405273,10.148566246032715,10.148566246032715,8.873332977294922,4723835.0
2017-06-20,GLOBAL.BK,10.148566246032715,10.148566246032715,9.942852020263672,10.079995155334473,8.813379287719727,7072774.0
2017-06-21,GLOBAL.BK,10.079995155334473,10.148566246032715,10.011423110961914,10.079995155334473,8.813379287719727,4036522.0
2017-06-22,GLOBAL.BK,10.079995155334473,10.079995155334473,10.011423110961914,10.011423110961914,8.753422737121582,3909793.0
2017-06-23,GLOBAL.BK,10.011423110961914,10.079995155334473,9.87428092956543,9.87428092956543,8.633513450622559,5145585.0
2017-06-26,GLOBAL.BK,9.942852020263672,10.217138290405273,9.942852020263672,10.148566246032715,8.873332977294922,8392712.0
2017-06-27,GLOBAL.BK,10.148566246032715,10.148566246032715,9.942852020263672,10.079995155334473,8.813379287719727,4482627.0
2017-06-28,GLOBAL.BK,10.079995155334473,10.079995155334473,9.942852020263672,10.011423110961914,8.753422737121582,3841397.0
2017-06-29,GLOBAL.BK,10.011423110961914,10.079995155334473,9.942852020263672,9.942852020263672,8.693467140197754,4541543.0
2017-06-30,GLOBAL.BK,10.011423110961914,10.011423110961914,9.87428092956543,9.942852020263672,8.693467140197754,2487188.0
2017-07-03,GLOBAL.BK,9.942852020263672,10.079995155334473,9.942852020263672,10.011423110961914,8.753422737121582,3750105.0
2017-07-04,GLOBAL.BK,9.942852020263672,10.011423110961914,9.66856575012207,9.737137794494629,8.513604164123535,8834733.0
2017-07-05,GLOBAL.BK,9.805708885192871,9.805708885192871,9.531423568725586,9.599994659423828,8.393692970275879,13870943.0
2017-07-06,GLOBAL.BK,9.66856575012207,9.66856575012207,9.394281387329102,9.531423568725586,8.333739280700684,9760629.0
2017-07-07,GLOBAL.BK,9.462851524353027,9.737137794494629,9.462851524353027,9.599994659423828,8.393692970275879,4194022.0
2017-07-11,GLOBAL.BK,9.66856575012207,9.66856575012207,9.462851524353027,9.599994659423828,8.393692970275879,5572148.0
2017-07-12,GLOBAL.BK,9.599994659423828,9.599994659423828,9.32571029663086,9.462851524353027,8.273781776428223,7169899.0
2017-07-13,GLOBAL.BK,9.394281387329102,9.462851524353027,9.32571029663086,9.394281387329102,8.213829040527344,6611940.0
2017-07-14,GLOBAL.BK,9.394281387329102,9.462851524353027,9.32571029663086,9.462851524353027,8.273781776428223,6938024.0
2017-07-17,GLOBAL.BK,9.462851524353027,9.462851524353027,9.394281387329102,9.462851524353027,8.273781776428223,2588105.0
2017-07-18,GLOBAL.BK,9.394281387329102,9.66856575012207,9.394281387329102,9.531423568725586,8.333739280700684,6002065.0
2017-07-19,GLOBAL.BK,9.599994659423828,9.599994659423828,9.462851524353027,9.531423568725586,8.333739280700684,3008105.0
2017-07-20,GLOBAL.BK,9.462851524353027,9.531423568725586,9.394281387329102,9.462851524353027,8.273781776428223,10809754.0
2017-07-21,GLOBAL.BK,9.462851524353027,9.462851524353027,9.32571029663086,9.394281387329102,8.213829040527344,4059564.0
2017-07-24,GLOBAL.BK,9.394281387329102,9.462851524353027,9.188567161560059,9.2571382522583,8.093918800354004,6567607.0
2017-07-25,GLOBAL.BK,9.2571382522583,9.32571029663086,9.051424026489258,9.188567161560059,8.033964157104492,9490400.0
2017-07-26,GLOBAL.BK,9.188567161560059,9.2571382522583,9.1199951171875,9.188567161560059,8.033964157104492,3189813.0
2017-07-27,GLOBAL.BK,9.188567161560059,9.2571382522583,9.1199951171875,9.188567161560059,8.033964157104492,2755959.0
2017-07-31,GLOBAL.BK,9.188567161560059,9.462851524353027,9.188567161560059,9.394281387329102,8.213829040527344,11871567.0
2017-08-01,GLOBAL.BK,9.394281387329102,9.599994659423828,9.394281387329102,9.531423568725586,8.333739280700684,9167525.0
2017-08-02,GLOBAL.BK,9.531423568725586,9.531423568725586,9.2571382522583,9.32571029663086,8.1538724899292,12645797.0
2017-08-03,GLOBAL.BK,9.32571029663086,9.32571029663086,9.1199951171875,9.1199951171875,7.974009037017822,8453378.0
2017-08-04,GLOBAL.BK,9.1199951171875,9.188567161560059,9.051424026489258,9.051424026489258,7.914053916931152,6136523.0
2017-08-07,GLOBAL.BK,9.051424026489258,9.188567161560059,9.051424026489258,9.051424026489258,7.914053916931152,2536334.0
2017-08-08,GLOBAL.BK,9.051424026489258,9.1199951171875,9.051424026489258,9.051424026489258,7.914053916931152,1380750.0
2017-08-09,GLOBAL.BK,9.051424026489258,9.1199951171875,8.914280891418457,8.982852935791016,7.854098796844482,2224105.0
2017-08-10,GLOBAL.BK,8.982852935791016,9.1199951171875,8.982852935791016,8.982852935791016,7.854098796844482,2557042.0
2017-08-11,GLOBAL.BK,8.982852935791016,9.2571382522583,8.914280891418457,9.1199951171875,7.974009037017822,9452775.0
2017-08-15,GLOBAL.BK,9.188567161560059,9.188567161560059,9.051424026489258,9.1199951171875,7.974009037017822,2247001.0
2017-08-16,GLOBAL.BK,9.051424026489258,9.1199951171875,8.845709800720215,8.914280891418457,7.794143199920654,7853857.0
2017-08-17,GLOBAL.BK,8.914280891418457,8.982852935791016,8.845709800720215,8.982852935791016,7.854098796844482,3717585.0
2017-08-18,GLOBAL.BK,8.914280891418457,8.982852935791016,8.777137756347656,8.777137756347656,7.674234390258789,3837897.0
2017-08-21,GLOBAL.BK,8.845709800720215,8.914280891418457,8.777137756347656,8.845709800720215,7.734187602996826,1517688.0
2017-08-22,GLOBAL.BK,8.914280891418457,9.1199951171875,8.845709800720215,9.1199951171875,7.974009037017822,3761335.0
2017-08-23,GLOBAL.BK,9.1199951171875,9.1199951171875,9.051424026489258,9.051424026489258,7.914053916931152,1222229.0
2017-08-24,GLOBAL.BK,9.051424026489258,9.1199951171875,8.982852935791016,9.051424026489258,7.914053916931152,2681147.0
2017-08-25,GLOBAL.BK,9.051424026489258,9.1199951171875,8.982852935791016,9.051424026489258,7.914053916931152,1469417.0
2017-08-28,GLOBAL.BK,9.462851524353027,9.462851524353027,9.462851524353027,9.462851524353027,8.273781776428223,2037292.0
2017-08-29,GLOBAL.BK,9.462851524353027,10.011423110961914,9.394281387329102,9.942852020263672,8.693467140197754,29387325.0
2017-08-30,GLOBAL.BK,9.87428092956543,10.011423110961914,9.805708885192871,9.942852020263672,8.693467140197754,9713671.0
2017-08-31,GLOBAL.BK,10.011423110961914,10.285709381103516,10.011423110961914,10.285709381103516,8.993242263793945,10809025.0
2017-09-01,GLOBAL.BK,10.354280471801758,10.354280471801758,9.805708885192871,9.87428092956543,8.633513450622559,17759883.0
2017-09-04,GLOBAL.BK,9.87428092956543,10.011423110961914,9.805708885192871,10.011423110961914,8.753422737121582,5515565.0
2017-09-05,GLOBAL.BK,10.079995155334473,10.354280471801758,9.942852020263672,10.285709381103516,8.993242263793945,13938756.0
2017-09-06,GLOBAL.BK,10.285709381103516,10.285709381103516,10.079995155334473,10.285709381103516,8.993242263793945,5312273.0
2017-09-07,GLOBAL.BK,10.285709381103516,10.491422653198242,10.285709381103516,10.285709381103516,8.993242263793945,6559878.0
2017-09-08,GLOBAL.BK,10.4228515625,10.491422653198242,10.217138290405273,10.285709381103516,8.993242263793945,11881776.0
2017-09-11,GLOBAL.BK,10.285709381103516,10.285709381103516,10.148566246032715,10.217138290405273,8.93328857421875,4522147.0
2017-09-12,GLOBAL.BK,10.285709381103516,10.628565788269043,10.285709381103516,10.5599946975708,9.233062744140625,16187944.0
2017-09-13,GLOBAL.BK,10.628565788269043,10.765708923339844,10.4228515625,10.5599946975708,9.233062744140625,14655673.0
2017-09-14,GLOBAL.BK,10.5599946975708,10.628565788269043,10.491422653198242,10.628565788269043,9.293018341064453,8440253.0
2017-09-15,GLOBAL.BK,10.628565788269043,10.902852058410645,10.628565788269043,10.834280014038086,9.472882270812988,18170550.0
2017-09-18,GLOBAL.BK,10.902852058410645,11.039994239807129,10.765708923339844,10.971423149108887,9.592792510986328,13722339.0
2017-09-19,GLOBAL.BK,10.971423149108887,10.971423149108887,10.765708923339844,10.902852058410645,9.5328369140625,5608023.0
2017-09-20,GLOBAL.BK,10.902852058410645,10.902852058410645,10.5599946975708,10.902852058410645,9.5328369140625,10960546.0
2017-09-21,GLOBAL.BK,10.834280014038086,10.902852058410645,10.765708923339844,10.902852058410645,9.5328369140625,2090667.0
2017-09-22,GLOBAL.BK,10.902852058410645,10.902852058410645,10.628565788269043,10.765708923339844,9.412927627563477,5693627.0
2017-09-25,GLOBAL.BK,10.765708923339844,10.834280014038086,10.697136878967285,10.697136878967285,9.352971076965332,3863710.0
2017-09-26,GLOBAL.BK,10.765708923339844,10.902852058410645,10.628565788269043,10.697136878967285,9.352971076965332,5424710.0
2017-09-27,GLOBAL.BK,10.765708923339844,10.971423149108887,10.697136878967285,10.971423149108887,9.592792510986328,10735088.0
2017-09-28,GLOBAL.BK,10.971423149108887,11.108566284179688,10.765708923339844,10.971423149108887,9.592792510986328,16001569.0
2017-09-29,GLOBAL.BK,10.902852058410645,11.039994239807129,10.834280014038086,11.039994239807129,9.652746200561523,7263815.0
2017-10-02,GLOBAL.BK,11.039994239807129,11.245709419250488,10.971423149108887,11.17713737487793,9.77265739440918,11702109.0
2017-10-03,GLOBAL.BK,11.245709419250488,11.519993782043457,11.17713737487793,11.451422691345215,10.012475967407227,13876048.0
2017-10-04,GLOBAL.BK,11.451422691345215,11.519993782043457,11.382850646972656,11.451422691345215,10.012475967407227,5990981.0
2017-10-05,GLOBAL.BK,11.451422691345215,11.519993782043457,11.314279556274414,11.451422691345215,10.012475967407227,5121960.0
2017-10-06,GLOBAL.BK,11.519993782043457,11.519993782043457,11.245709419250488,11.382850646972656,9.952521324157715,5029210.0
2017-10-09,GLOBAL.BK,11.382850646972656,11.519993782043457,11.382850646972656,11.451422691345215,10.012475967407227,3552793.0
2017-10-10,GLOBAL.BK,11.519993782043457,11.519993782043457,11.314279556274414,11.451422691345215,10.012475967407227,5166148.0
2017-10-11,GLOBAL.BK,11.519993782043457,11.8628511428833,11.451422691345215,11.794280052185059,10.312252044677734,14329006.0
2017-10-12,GLOBAL.BK,11.794280052185059,11.8628511428833,11.588565826416016,11.794280052185059,10.312252044677734,4531481.0
2017-10-16,GLOBAL.BK,11.794280052185059,11.794280052185059,11.794280052185059,11.794280052185059,10.312252044677734,919042.0
2017-10-17,GLOBAL.BK,11.794280052185059,12.205707550048828,11.794280052185059,12.205707550048828,10.671979904174805,10616088.0
2017-10-18,GLOBAL.BK,12.068565368652344,12.137137413024902,11.93142318725586,11.999994277954102,10.492116928100586,4670022.0
2017-10-19,GLOBAL.BK,11.794280052185059,11.8628511428833,11.451422691345215,11.657136917114258,10.192341804504395,10887338.0
2017-10-20,GLOBAL.BK,11.657136917114258,11.999994277954102,11.519993782043457,11.93142318725586,10.43216323852539,8998649.0
2017-10-24,GLOBAL.BK,11.794280052185059,11.999994277954102,11.7257080078125,11.999994277954102,10.492116928100586,5270856.0
2017-10-25,GLOBAL.BK,11.999994277954102,12.548564910888672,11.999994277954102,12.47999382019043,10.9118013381958,18988675.0
2017-10-27,GLOBAL.BK,12.548564910888672,12.685708045959473,12.411421775817871,12.411421775817871,10.851845741271973,7331774.0
2017-10-30,GLOBAL.BK,12.47999382019043,12.47999382019043,12.068565368652344,12.411421775817871,10.851845741271973,8636399.0
2017-10-31,GLOBAL.BK,12.411421775817871,12.685708045959473,12.274279594421387,12.548564910888672,10.971755981445312,7670545.0
2017-11-01,GLOBAL.BK,12.548564910888672,12.548564910888672,12.137137413024902,12.205707550048828,10.671979904174805,12870672.0
2017-11-02,GLOBAL.BK,11.999994277954102,11.999994277954102,11.039994239807129,11.17713737487793,9.77265739440918,34629745.0
2017-11-03,GLOBAL.BK,11.245709419250488,11.382850646972656,11.039994239807129,11.17713737487793,9.77265739440918,15235069.0
2017-11-06,GLOBAL.BK,11.17713737487793,11.382850646972656,10.834280014038086,11.382850646972656,9.952521324157715,16565361.0
2017-11-07,GLOBAL.BK,11.519993782043457,11.657136917114258,11.314279556274414,11.451422691345215,10.012475967407227,8537087.0
2017-11-08,GLOBAL.BK,11.519993782043457,11.794280052185059,11.382850646972656,11.451422691345215,10.012475967407227,9488941.0
2017-11-09,GLOBAL.BK,11.382850646972656,11.588565826416016,11.245709419250488,11.382850646972656,9.952521324157715,4643043.0
2017-11-10,GLOBAL.BK,11.314279556274414,11.657136917114258,11.314279556274414,11.519993782043457,10.072430610656738,5852877.0
2017-11-13,GLOBAL.BK,11.382850646972656,11.451422691345215,11.245709419250488,11.314279556274414,9.892568588256836,5230606.0
2017-11-14,GLOBAL.BK,11.245709419250488,11.794280052185059,11.245709419250488,11.519993782043457,10.072430610656738,4329356.0
2017-11-15,GLOBAL.BK,11.588565826416016,11.588565826416016,11.108566284179688,11.17713737487793,9.77265739440918,10450421.0
2017-11-16,GLOBAL.BK,11.17713737487793,11.314279556274414,10.902852058410645,10.902852058410645,9.5328369140625,14700881.0
2017-11-17,GLOBAL.BK,10.971423149108887,11.245709419250488,10.971423149108887,11.039994239807129,9.652746200561523,13255964.0
2017-11-20,GLOBAL.BK,11.108566284179688,11.245709419250488,11.039994239807129,11.17713737487793,9.77265739440918,2978938.0
2017-11-21,GLOBAL.BK,11.314279556274414,11.314279556274414,11.314279556274414,11.314279556274414,9.892568588256836,4257314.0
2017-11-22,GLOBAL.BK,11.382850646972656,11.588565826416016,11.314279556274414,11.519993782043457,10.072430610656738,8078587.0
2017-11-23,GLOBAL.BK,11.588565826416016,11.794280052185059,11.519993782043457,11.7257080078125,10.252296447753906,7399732.0
2017-11-24,GLOBAL.BK,11.794280052185059,11.794280052185059,11.451422691345215,11.657136917114258,10.192341804504395,9234462.0
2017-11-27,GLOBAL.BK,11.657136917114258,11.657136917114258,11.382850646972656,11.519993782043457,10.072430610656738,3124626.0
2017-11-28,GLOBAL.BK,11.519993782043457,11.7257080078125,11.451422691345215,11.7257080078125,10.252296447753906,4866314.0
2017-11-29,GLOBAL.BK,11.7257080078125,11.794280052185059,11.382850646972656,11.451422691345215,10.012475967407227,6312982.0
2017-11-30,GLOBAL.BK,11.382850646972656,11.451422691345215,11.245709419250488,11.314279556274414,9.892568588256836,3384355.0
2017-12-01,GLOBAL.BK,11.588565826416016,11.794280052185059,11.519993782043457,11.588565826416016,10.1323881149292,6144836.0
2017-12-04,GLOBAL.BK,11.794280052185059,11.794280052185059,11.451422691345215,11.451422691345215,10.012475967407227,3674126.0
2017-12-06,GLOBAL.BK,11.451422691345215,11.451422691345215,11.314279556274414,11.382850646972656,9.952521324157715,3406814.0
2017-12-07,GLOBAL.BK,11.314279556274414,11.7257080078125,11.314279556274414,11.7257080078125,10.252296447753906,10309254.0
2017-12-08,GLOBAL.BK,11.794280052185059,11.794280052185059,11.588565826416016,11.588565826416016,10.1323881149292,2936647.0
2017-12-12,GLOBAL.BK,11.657136917114258,11.657136917114258,11.451422691345215,11.519993782043457,10.072430610656738,3226563.0
2017-12-13,GLOBAL.BK,11.519993782043457,11.657136917114258,11.382850646972656,11.519993782043457,10.072430610656738,2392105.0
2017-12-14,GLOBAL.BK,11.519993782043457,11.519993782043457,11.245709419250488,11.382850646972656,9.952521324157715,5347419.0
2017-12-15,GLOBAL.BK,11.382850646972656,11.451422691345215,11.108566284179688,11.108566284179688,9.712701797485352,10674567.0
2017-12-18,GLOBAL.BK,11.108566284179688,11.451422691345215,11.108566284179688,11.245709419250488,9.832612991333008,9126837.0
2017-12-19,GLOBAL.BK,11.245709419250488,11.314279556274414,10.971423149108887,10.971423149108887,9.592792510986328,14572840.0
2017-12-20,GLOBAL.BK,11.039994239807129,11.314279556274414,11.039994239807129,11.108566284179688,9.712701797485352,8024920.0
2017-12-21,GLOBAL.BK,11.108566284179688,11.382850646972656,11.108566284179688,11.245709419250488,9.832612991333008,6089127.0
2017-12-22,GLOBAL.BK,11.314279556274414,11.382850646972656,11.17713737487793,11.245709419250488,9.832612991333008,3613022.0
2017-12-25,GLOBAL.BK,11.245709419250488,11.519993782043457,11.17713737487793,11.382850646972656,9.952521324157715,6577961.0
2017-12-26,GLOBAL.BK,11.451422691345215,11.519993782043457,11.382850646972656,11.451422691345215,10.012475967407227,2394730.0
2017-12-27,GLOBAL.BK,11.382850646972656,11.588565826416016,11.382850646972656,11.519993782043457,10.072430610656738,4067293.0
2017-12-28,GLOBAL.BK,11.451422691345215,11.519993782043457,11.245709419250488,11.451422691345215,10.012475967407227,8674170.0
2017-12-29,GLOBAL.BK,11.519993782043457,11.7257080078125,11.451422691345215,11.657136917114258,10.192341804504395,10864879.0
2018-01-03,GLOBAL.BK,11.794280052185059,12.274279594421387,11.7257080078125,12.205707550048828,10.671979904174805,28025096.0
2018-01-04,GLOBAL.BK,12.342850685119629,12.411421775817871,12.068565368652344,12.342850685119629,10.791891098022461,15118402.0
2018-01-05,GLOBAL.BK,12.342850685119629,12.411421775817871,12.137137413024902,12.205707550048828,10.671979904174805,9513150.0
2018-01-08,GLOBAL.BK,12.274279594421387,12.47999382019043,11.999994277954102,11.999994277954102,10.492116928100586,13506506.0
2018-01-09,GLOBAL.BK,12.274279594421387,12.274279594421387,12.274279594421387,12.274279594421387,10.731937408447266,573416.0
2018-01-10,GLOBAL.BK,12.342850685119629,12.47999382019043,12.068565368652344,12.068565368652344,10.552071571350098,12993755.0
2018-01-11,GLOBAL.BK,11.999994277954102,12.411421775817871,11.999994277954102,12.342850685119629,10.791891098022461,11466880.0
2018-01-12,GLOBAL.BK,12.205707550048828,12.47999382019043,12.205707550048828,12.342850685119629,10.791891098022461,10990734.0
2018-01-15,GLOBAL.BK,12.411421775817871,12.959994316101074,12.342850685119629,12.822851181030273,11.211576461791992,34303078.0
2018-01-16,GLOBAL.BK,12.959994316101074,12.959994316101074,12.61713695526123,12.822851181030273,11.211576461791992,17414549.0
2018-01-17,GLOBAL.BK,12.754279136657715,12.754279136657715,12.47999382019043,12.61713695526123,11.03171157836914,10882525.0
2018-01-18,GLOBAL.BK,12.685708045959473,12.891422271728516,12.61713695526123,12.685708045959473,11.091666221618652,13548360.0
2018-01-19,GLOBAL.BK,12.685708045959473,12.754279136657715,12.47999382019043,12.685708045959473,11.091666221618652,9276900.0
2018-01-22,GLOBAL.BK,12.754279136657715,13.028565406799316,12.685708045959473,12.754279136657715,11.151620864868164,15247027.0
2018-01-23,GLOBAL.BK,12.891422271728516,12.891422271728516,12.548564910888672,12.61713695526123,11.03171157836914,8750004.0
2018-01-24,GLOBAL.BK,12.548564910888672,12.685708045959473,12.342850685119629,12.548564910888672,10.971755981445312,15057590.0
2018-01-25,GLOBAL.BK,12.548564910888672,12.685708045959473,12.342850685119629,12.342850685119629,10.791891098022461,8038191.0
2018-01-26,GLOBAL.BK,12.205707550048828,12.342850685119629,11.999994277954102,12.068565368652344,10.552071571350098,17412945.0
2018-01-29,GLOBAL.BK,12.068565368652344,12.137137413024902,11.519993782043457,11.657136917114258,10.192341804504395,24866782.0
2018-01-30,GLOBAL.BK,11.7257080078125,11.8628511428833,11.657136917114258,11.794280052185059,10.312252044677734,13166860.0
2018-01-31,GLOBAL.BK,11.7257080078125,11.794280052185059,11.657136917114258,11.657136917114258,10.192341804504395,6391586.0
2018-02-01,GLOBAL.BK,11.657136917114258,11.794280052185059,11.588565826416016,11.588565826416016,10.1323881149292,5107085.0
2018-02-02,GLOBAL.BK,11.588565826416016,11.7257080078125,11.519993782043457,11.588565826416016,10.1323881149292,4438147.0
2018-02-05,GLOBAL.BK,11.451422691345215,11.451422691345215,11.17713737487793,11.245709419250488,9.832612991333008,9471150.0
2018-02-06,GLOBAL.BK,10.765708923339844,11.314279556274414,10.5599946975708,11.314279556274414,9.892568588256836,23486177.0
2018-02-07,GLOBAL.BK,11.794280052185059,11.999994277954102,11.519993782043457,11.794280052185059,10.312252044677734,22961031.0
2018-02-08,GLOBAL.BK,11.7257080078125,11.794280052185059,11.451422691345215,11.451422691345215,10.012475967407227,4725585.0
2018-02-09,GLOBAL.BK,11.245709419250488,11.7257080078125,11.245709419250488,11.657136917114258,10.192341804504395,5186419.0
2018-02-12,GLOBAL.BK,11.657136917114258,11.8628511428833,11.657136917114258,11.8628511428833,10.372204780578613,5272606.0
2018-02-13,GLOBAL.BK,11.999994277954102,12.068565368652344,11.519993782043457,11.519993782043457,10.072430610656738,11569546.0
2018-02-14,GLOBAL.BK,11.7257080078125,11.7257080078125,11.451422691345215,11.588565826416016,10.1323881149292,5206981.0
2018-02-15,GLOBAL.BK,11.588565826416016,11.7257080078125,11.519993782043457,11.657136917114258,10.192341804504395,3535439.0
2018-02-16,GLOBAL.BK,11.657136917114258,11.7257080078125,11.588565826416016,11.657136917114258,10.192341804504395,1944688.0
2018-02-19,GLOBAL.BK,11.588565826416016,11.794280052185059,11.588565826416016,11.794280052185059,10.312252044677734,2534730.0
2018-02-20,GLOBAL.BK,11.794280052185059,11.794280052185059,11.588565826416016,11.588565826416016,10.1323881149292,1550792.0
2018-02-21,GLOBAL.BK,11.588565826416016,11.657136917114258,11.314279556274414,11.314279556274414,9.892568588256836,7753232.0
2018-02-22,GLOBAL.BK,11.17713737487793,11.382850646972656,11.17713737487793,11.314279556274414,9.892568588256836,4483939.0
2018-02-23,GLOBAL.BK,11.245709419250488,11.314279556274414,11.108566284179688,11.245709419250488,9.832612991333008,7282920.0
2018-02-26,GLOBAL.BK,11.245709419250488,11.519993782043457,11.245709419250488,11.451422691345215,10.012475967407227,7925461.0
2018-02-27,GLOBAL.BK,11.519993782043457,11.588565826416016,11.314279556274414,11.451422691345215,10.012475967407227,9221337.0
2018-02-28,GLOBAL.BK,11.451422691345215,11.451422691345215,11.17713737487793,11.245709419250488,9.832612991333008,10929338.0
2018-03-02,GLOBAL.BK,11.17713737487793,11.17713737487793,10.765708923339844,10.902852058410645,9.5328369140625,10145046.0
2018-03-05,GLOBAL.BK,10.765708923339844,11.245709419250488,10.765708923339844,11.17713737487793,9.77265739440918,9021545.0
2018-03-06,GLOBAL.BK,10.491422653198242,10.491422653198242,10.491422653198242,10.491422653198242,9.173107147216797,2151480.0
2018-03-07,GLOBAL.BK,10.354280471801758,10.491422653198242,10.148566246032715,10.217138290405273,8.93328857421875,15053944.0
2018-03-08,GLOBAL.BK,10.142854690551758,10.285712242126465,9.999998092651367,9.999998092651367,8.857765197753906,8678881.0
2018-03-09,GLOBAL.BK,10.21428394317627,10.21428394317627,9.999998092651367,10.142854690551758,8.98430347442627,5931520.0
2018-03-12,GLOBAL.BK,10.285712242126465,10.428568840026855,10.071427345275879,10.142854690551758,8.98430347442627,8373261.0
2018-03-13,GLOBAL.BK,10.21428394317627,10.999998092651367,10.142854690551758,10.999998092651367,9.743541717529297,12898061.0
2018-03-14,GLOBAL.BK,11.071427345275879,11.428568840026855,10.928568840026855,11.35714054107666,10.059889793395996,13029661.0
2018-03-15,GLOBAL.BK,11.35714054107666,11.428568840026855,11.071427345275879,11.071427345275879,9.806812286376953,5232360.0
2018-03-16,GLOBAL.BK,11.071427345275879,11.21428394317627,10.999998092651367,10.999998092651367,9.743541717529297,3437980.0
2018-03-19,GLOBAL.BK,10.928568840026855,10.999998092651367,10.571427345275879,10.71428394317627,9.490462303161621,8056581.0
2018-03-20,GLOBAL.BK,10.642854690551758,10.999998092651367,10.642854690551758,10.999998092651367,9.743541717529297,4453120.0
2018-03-21,GLOBAL.BK,11.285712242126465,11.285712242126465,10.785712242126465,11.142854690551758,9.870080947875977,9925161.0
2018-03-22,GLOBAL.BK,11.21428394317627,11.21428394317627,10.999998092651367,11.142854690551758,9.870080947875977,4144840.0
2018-03-23,GLOBAL.BK,10.999998092651367,11.142854690551758,10.928568840026855,10.928568840026855,9.680272102355957,2167620.0
2018-03-26,GLOBAL.BK,11.142854690551758,11.142854690551758,10.785712242126465,10.999998092651367,9.743541717529297,4336780.0
2018-03-27,GLOBAL.BK,11.142854690551758,11.142854690551758,10.785712242126465,10.928568840026855,9.680272102355957,3662820.0
2018-03-28,GLOBAL.BK,10.928568840026855,11.21428394317627,10.85714054107666,11.142854690551758,9.870080947875977,5373060.0
2018-03-29,GLOBAL.BK,11.142854690551758,11.35714054107666,10.85714054107666,11.142854690551758,9.870080947875977,8170961.0
2018-03-30,GLOBAL.BK,11.35714054107666,11.35714054107666,11.071427345275879,11.21428394317627,9.933350563049316,5995920.0
2018-04-02,GLOBAL.BK,11.285712242126465,11.285712242126465,10.999998092651367,11.21428394317627,9.933350563049316,3757740.0
2018-04-03,GLOBAL.BK,11.071427345275879,11.21428394317627,11.071427345275879,11.21428394317627,9.933350563049316,3368820.0
2018-04-04,GLOBAL.BK,11.21428394317627,11.285712242126465,10.999998092651367,10.999998092651367,9.743541717529297,3546060.0
2018-04-05,GLOBAL.BK,10.999998092651367,11.142854690551758,10.85714054107666,11.071427345275879,9.806812286376953,3021060.0
2018-04-09,GLOBAL.BK,11.071427345275879,11.071427345275879,10.85714054107666,11.071427345275879,9.806812286376953,3089800.0
2018-04-10,GLOBAL.BK,10.999998092651367,11.285712242126465,10.928568840026855,11.285712242126465,9.996621131896973,3867360.0
2018-04-11,GLOBAL.BK,11.21428394317627,11.285712242126465,10.999998092651367,11.071427345275879,9.806812286376953,1433040.0
2018-04-12,GLOBAL.BK,10.999998092651367,11.071427345275879,10.928568840026855,10.999998092651367,9.743541717529297,1859340.0
2018-04-17,GLOBAL.BK,10.928568840026855,10.999998092651367,10.785712242126465,10.785712242126465,9.553730964660645,3224480.0
2018-04-18,GLOBAL.BK,10.785712242126465,11.071427345275879,10.785712242126465,11.071427345275879,9.806812286376953,4697000.0
2018-04-19,GLOBAL.BK,11.142854690551758,11.142854690551758,10.71428394317627,10.785712242126465,9.553730964660645,8070581.0
2018-04-20,GLOBAL.BK,10.785712242126465,10.928568840026855,10.642854690551758,10.785712242126465,9.553730964660645,9006341.0
2018-04-23,GLOBAL.BK,10.785712242126465,11.21428394317627,10.785712242126465,11.21428394317627,9.933350563049316,7912661.0
2018-04-24,GLOBAL.BK,11.21428394317627,11.21428394317627,10.928568840026855,11.21428394317627,9.933350563049316,6430760.0
2018-04-25,GLOBAL.BK,11.071427345275879,11.21428394317627,10.928568840026855,10.999998092651367,9.743541717529297,4446400.0
2018-04-26,GLOBAL.BK,10.999998092651367,11.071427345275879,10.928568840026855,10.928568840026855,9.680272102355957,2007740.0
2018-04-27,GLOBAL.BK,10.928568840026855,11.285712242126465,10.928568840026855,11.285712242126465,9.996621131896973,6014820.0
2018-04-30,GLOBAL.BK,11.428568840026855,11.71428394317627,11.21428394317627,11.642854690551758,10.312969207763672,19959942.0
2018-05-02,GLOBAL.BK,11.642854690551758,12.071426391601562,11.642854690551758,11.999998092651367,10.629318237304688,17095822.0
2018-05-03,GLOBAL.BK,11.999998092651367,12.071426391601562,11.785712242126465,11.85714054107666,10.502777099609375,5345480.0
2018-05-04,GLOBAL.BK,11.785712242126465,11.928568840026855,11.642854690551758,11.785712242126465,10.439508438110352,6256740.0
2018-05-07,GLOBAL.BK,11.71428394317627,11.928568840026855,11.428568840026855,11.428568840026855,10.123159408569336,10252901.0
2018-05-08,GLOBAL.BK,11.499998092651367,11.642854690551758,11.35714054107666,11.499998092651367,10.186429023742676,4210640.0
2018-05-09,GLOBAL.BK,11.571426391601562,11.571426391601562,11.35714054107666,11.428568840026855,10.123159408569336,1852900.0
2018-05-10,GLOBAL.BK,11.428568840026855,11.571426391601562,11.21428394317627,11.285712242126465,9.996621131896973,2245600.0
2018-05-11,GLOBAL.BK,11.142854690551758,11.285712242126465,11.071427345275879,11.21428394317627,9.933350563049316,5821200.0
2018-05-14,GLOBAL.BK,11.428568840026855,11.928568840026855,11.35714054107666,11.85714054107666,10.502777099609375,12683021.0
2018-05-15,GLOBAL.BK,11.785712242126465,11.85714054107666,11.642854690551758,11.71428394317627,10.376238822937012,3828300.0
2018-05-16,GLOBAL.BK,11.499998092651367,11.642854690551758,11.428568840026855,11.499998092651367,10.186429023742676,2576700.0
2018-05-17,GLOBAL.BK,11.499998092651367,11.928568840026855,11.499998092651367,11.785712242126465,10.439508438110352,12022221.0
2018-05-18,GLOBAL.BK,11.71428394317627,11.785712242126465,11.642854690551758,11.71428394317627,10.376238822937012,3535700.0
2018-05-21,GLOBAL.BK,11.785712242126465,11.999998092651367,11.785712242126465,11.928568840026855,10.566047668457031,4214560.0
2018-05-22,GLOBAL.BK,11.999998092651367,11.999998092651367,11.785712242126465,11.928568840026855,10.566047668457031,2900240.0
2018-05-23,GLOBAL.BK,11.999998092651367,11.999998092651367,11.71428394317627,11.785712242126465,10.439508438110352,5281220.0
2018-05-24,GLOBAL.BK,11.642854690551758,11.642854690551758,11.35714054107666,11.499998092651367,10.186429023742676,5752460.0
2018-05-25,GLOBAL.BK,11.428568840026855,11.571426391601562,11.428568840026855,11.499998092651367,10.186429023742676,2890720.0
2018-05-28,GLOBAL.BK,11.499998092651367,11.85714054107666,11.499998092651367,11.85714054107666,10.502777099609375,7907201.0
2018-05-30,GLOBAL.BK,11.571426391601562,11.785712242126465,11.21428394317627,11.642854690551758,10.312969207763672,18400342.0
2018-05-31,GLOBAL.BK,11.499998092651367,11.85714054107666,11.499998092651367,11.85714054107666,10.502777099609375,7876961.0
2018-06-01,GLOBAL.BK,11.85714054107666,11.85714054107666,11.71428394317627,11.85714054107666,10.502777099609375,5783960.0
2018-06-04,GLOBAL.BK,11.85714054107666,11.85714054107666,11.499998092651367,11.571426391601562,10.2496976852417,6981940.0
2018-06-05,GLOBAL.BK,11.499998092651367,11.642854690551758,11.428568840026855,11.642854690551758,10.312969207763672,9090201.0
2018-06-06,GLOBAL.BK,11.642854690551758,11.71428394317627,11.571426391601562,11.642854690551758,10.312969207763672,1863120.0
2018-06-07,GLOBAL.BK,11.71428394317627,12.071426391601562,11.642854690551758,11.928568840026855,10.566047668457031,10362801.0
2018-06-08,GLOBAL.BK,11.928568840026855,12.071426391601562,11.928568840026855,11.928568840026855,10.566047668457031,4095980.0
2018-06-11,GLOBAL.BK,11.999998092651367,12.071426391601562,11.85714054107666,11.928568840026855,10.566047668457031,4861220.0
2018-06-12,GLOBAL.BK,11.928568840026855,12.285712242126465,11.928568840026855,12.21428394317627,10.81912899017334,21165482.0
2018-06-13,GLOBAL.BK,12.35714054107666,12.428568840026855,12.21428394317627,12.35714054107666,10.945667266845703,13120381.0
2018-06-14,GLOBAL.BK,12.285712242126465,12.642854690551758,12.142854690551758,12.571426391601562,11.135475158691406,18393062.0
2018-06-15,GLOBAL.BK,12.571426391601562,12.571426391601562,12.35714054107666,12.428568840026855,11.008936882019043,7821521.0
2018-06-18,GLOBAL.BK,12.499998092651367,12.499998092651367,12.071426391601562,12.21428394317627,10.81912899017334,4620560.0
2018-06-19,GLOBAL.BK,11.999998092651367,12.21428394317627,11.785712242126465,11.928568840026855,10.566047668457031,9510901.0
2018-06-20,GLOBAL.BK,12.071426391601562,12.21428394317627,11.785712242126465,12.142854690551758,10.755857467651367,4102420.0
2018-06-21,GLOBAL.BK,12.21428394317627,12.21428394317627,11.571426391601562,11.642854690551758,10.312969207763672,8364301.0
2018-06-22,GLOBAL.BK,11.785712242126465,12.142854690551758,11.642854690551758,11.928568840026855,10.566047668457031,13386101.0
2018-06-25,GLOBAL.BK,11.85714054107666,11.928568840026855,11.571426391601562,11.571426391601562,10.2496976852417,4275180.0
2018-06-26,GLOBAL.BK,11.642854690551758,11.785712242126465,11.428568840026855,11.642854690551758,10.312969207763672,4983160.0
2018-06-27,GLOBAL.BK,11.642854690551758,11.785712242126465,11.499998092651367,11.499998092651367,10.186429023742676,5153260.0
2018-06-28,GLOBAL.BK,11.499998092651367,11.999998092651367,11.428568840026855,11.71428394317627,10.376238822937012,13144041.0
2018-06-29,GLOBAL.BK,11.642854690551758,11.928568840026855,11.642854690551758,11.85714054107666,10.502777099609375,9771021.0
2018-07-02,GLOBAL.BK,11.85714054107666,12.21428394317627,11.785712242126465,12.142854690551758,10.755857467651367,6606600.0
2018-07-03,GLOBAL.BK,12.21428394317627,12.21428394317627,11.999998092651367,12.142854690551758,10.755857467651367,3382400.0
2018-07-04,GLOBAL.BK,12.142854690551758,12.35714054107666,12.071426391601562,12.21428394317627,10.81912899017334,4999260.0
2018-07-05,GLOBAL.BK,12.285712242126465,12.285712242126465,11.85714054107666,11.999998092651367,10.629318237304688,4252640.0
2018-07-06,GLOBAL.BK,12.071426391601562,12.21428394317627,11.785712242126465,12.142854690551758,10.755857467651367,3390380.0
2018-07-09,GLOBAL.BK,12.142854690551758,12.35714054107666,12.071426391601562,12.21428394317627,10.81912899017334,4220020.0
2018-07-10,GLOBAL.BK,12.21428394317627,12.285712242126465,12.071426391601562,12.21428394317627,10.81912899017334,9969961.0
2018-07-11,GLOBAL.BK,12.142854690551758,12.142854690551758,11.85714054107666,11.85714054107666,10.502777099609375,5887840.0
2018-07-12,GLOBAL.BK,11.85714054107666,12.142854690551758,11.85714054107666,12.142854690551758,10.755857467651367,3010420.0
2018-07-13,GLOBAL.BK,12.21428394317627,12.35714054107666,12.142854690551758,12.35714054107666,10.945667266845703,3353140.0
2018-07-16,GLOBAL.BK,12.35714054107666,12.571426391601562,12.21428394317627,12.428568840026855,11.008936882019043,10741781.0
2018-07-17,GLOBAL.BK,12.428568840026855,12.499998092651367,12.285712242126465,12.428568840026855,11.008936882019043,5479180.0
2018-07-18,GLOBAL.BK,12.499998092651367,12.642854690551758,12.499998092651367,12.642854690551758,11.198745727539062,7379401.0
2018-07-19,GLOBAL.BK,12.642854690551758,12.642854690551758,12.285712242126465,12.428568840026855,11.008936882019043,6830180.0
2018-07-20,GLOBAL.BK,12.285712242126465,12.428568840026855,12.285712242126465,12.428568840026855,11.008936882019043,4125240.0
2018-07-23,GLOBAL.BK,12.285712242126465,12.571426391601562,12.142854690551758,12.499998092651367,11.072206497192383,5063660.0
2018-07-24,GLOBAL.BK,12.35714054107666,12.642854690551758,12.21428394317627,12.35714054107666,10.945667266845703,8312781.0
2018-07-25,GLOBAL.BK,12.35714054107666,12.499998092651367,12.285712242126465,12.35714054107666,10.945667266845703,3699360.0
2018-07-26,GLOBAL.BK,12.499998092651367,12.499998092651367,12.35714054107666,12.428568840026855,11.008936882019043,1564920.0
2018-07-31,GLOBAL.BK,12.499998092651367,12.499998092651367,12.285712242126465,12.428568840026855,11.008936882019043,3174500.0
2018-08-01,GLOBAL.BK,12.428568840026855,12.642854690551758,12.285712242126465,12.571426391601562,11.135475158691406,8919821.0
2018-08-02,GLOBAL.BK,12.499998092651367,12.642854690551758,12.142854690551758,12.142854690551758,10.755857467651367,9624161.0
2018-08-03,GLOBAL.BK,12.142854690551758,12.428568840026855,12.142854690551758,12.428568840026855,11.008936882019043,4015340.0
2018-08-06,GLOBAL.BK,12.499998092651367,12.499998092651367,12.285712242126465,12.285712242126465,10.88239860534668,3025120.0
2018-08-07,GLOBAL.BK,12.428568840026855,12.571426391601562,12.35714054107666,12.571426391601562,11.135475158691406,3847480.0
2018-08-08,GLOBAL.BK,12.999998092651367,13.285712242126465,12.928568840026855,13.071426391601562,11.578364372253418,42542085.0
2018-08-09,GLOBAL.BK,13.214282989501953,13.214282989501953,12.928568840026855,13.142854690551758,11.641633033752441,15157662.0
2018-08-10,GLOBAL.BK,13.142854690551758,13.285712242126465,13.071426391601562,13.214282989501953,11.704901695251465,6352640.0
2018-08-14,GLOBAL.BK,13.142854690551758,13.499998092651367,13.071426391601562,13.428568840026855,11.894713401794434,16514822.0
2018-08-15,GLOBAL.BK,13.285712242126465,13.499998092651367,12.928568840026855,13.071426391601562,11.578364372253418,10397661.0
2018-08-16,GLOBAL.BK,12.928568840026855,13.214282989501953,12.928568840026855,13.214282989501953,11.704901695251465,6000540.0
2018-08-17,GLOBAL.BK,13.214282989501953,13.357139587402344,12.999998092651367,13.071426391601562,11.578364372253418,5883500.0
2018-08-20,GLOBAL.BK,13.142854690551758,13.142854690551758,13.071426391601562,13.142854690551758,11.641633033752441,3308760.0
2018-08-21,GLOBAL.BK,13.142854690551758,13.214282989501953,12.785712242126465,12.928568840026855,11.451824188232422,11584861.0
2018-08-22,GLOBAL.BK,12.928568840026855,13.071426391601562,12.785712242126465,12.785712242126465,11.325285911560059,4755660.0
2018-08-23,GLOBAL.BK,13.071426391601562,13.071426391601562,12.85714054107666,12.928568840026855,11.451824188232422,5997880.0
2018-08-24,GLOBAL.BK,12.928568840026855,13.214282989501953,12.928568840026855,13.142854690551758,11.641633033752441,5830440.0
2018-08-27,GLOBAL.BK,13.214282989501953,13.428568840026855,13.142854690551758,13.357139587402344,11.831442832946777,8026621.0
2018-08-28,GLOBAL.BK,13.428568840026855,13.857139587402344,13.428568840026855,13.785712242126465,12.21106243133545,29858364.0
2018-08-29,GLOBAL.BK,13.785712242126465,13.785712242126465,13.571426391601562,13.642854690551758,12.084521293640137,5376980.0
2018-08-30,GLOBAL.BK,13.714282989501953,13.928568840026855,13.499998092651367,13.499998092651367,11.957983016967773,17717422.0
2018-08-31,GLOBAL.BK,13.499998092651367,13.714282989501953,13.499998092651367,13.642854690551758,12.084521293640137,8694561.0
2018-09-03,GLOBAL.BK,13.571426391601562,13.714282989501953,13.428568840026855,13.499998092651367,11.957983016967773,5565420.0
2018-09-04,GLOBAL.BK,13.499998092651367,13.714282989501953,13.357139587402344,13.428568840026855,11.894713401794434,5121620.0
2018-09-05,GLOBAL.BK,13.357139587402344,13.571426391601562,13.357139587402344,13.428568840026855,11.894713401794434,5258260.0
2018-09-06,GLOBAL.BK,13.499998092651367,13.714282989501953,13.428568840026855,13.714282989501953,12.147790908813477,5090260.0
2018-09-07,GLOBAL.BK,13.571426391601562,13.714282989501953,13.499998092651367,13.571426391601562,12.021252632141113,4432120.0
2018-09-10,GLOBAL.BK,13.571426391601562,13.714282989501953,13.499998092651367,13.571426391601562,12.021252632141113,6329400.0
2018-09-11,GLOBAL.BK,13.642854690551758,13.928568840026855,13.571426391601562,13.571426391601562,12.021252632141113,9414581.0
2018-09-12,GLOBAL.BK,13.428568840026855,13.785712242126465,13.428568840026855,13.714282989501953,12.147790908813477,10641541.0
2018-09-13,GLOBAL.BK,13.714282989501953,14.142854690551758,13.714282989501953,13.999998092651367,12.400871276855469,14639522.0
2018-09-14,GLOBAL.BK,13.999998092651367,14.285712242126465,13.928568840026855,14.214282989501953,12.590680122375488,17141462.0
2018-09-17,GLOBAL.BK,14.071426391601562,14.214282989501953,13.785712242126465,13.857139587402344,12.274331092834473,11699941.0
2018-09-18,GLOBAL.BK,13.785712242126465,14.357139587402344,13.785712242126465,14.285712242126465,12.653949737548828,15731522.0
2018-09-19,GLOBAL.BK,14.428568840026855,14.99999713897705,14.428568840026855,14.714282989501953,13.0335693359375,33978144.0
2018-09-20,GLOBAL.BK,14.642854690551758,14.785712242126465,14.49999713897705,14.49999713897705,12.843758583068848,11450881.0
2018-09-21,GLOBAL.BK,14.642854690551758,14.928568840026855,14.49999713897705,14.714282989501953,13.0335693359375,8932141.0
2018-09-24,GLOBAL.BK,14.49999713897705,14.714282989501953,14.49999713897705,14.571426391601562,12.907028198242188,10179121.0
2018-09-25,GLOBAL.BK,14.571426391601562,14.714282989501953,14.49999713897705,14.571426391601562,12.907028198242188,4418260.0
2018-09-26,GLOBAL.BK,14.571426391601562,14.928568840026855,14.571426391601562,14.714282989501953,13.0335693359375,13156781.0
2018-09-27,GLOBAL.BK,14.714282989501953,14.928568840026855,14.571426391601562,14.785712242126465,13.09683895111084,14850642.0
2018-09-28,GLOBAL.BK,14.785712242126465,14.99999713897705,14.714282989501953,14.99999713897705,13.28664779663086,8641221.0
2018-10-01,GLOBAL.BK,14.99999713897705,15.071426391601562,14.357139587402344,14.642854690551758,12.970297813415527,14077141.0
2018-10-02,GLOBAL.BK,14.49999713897705,14.571426391601562,14.142854690551758,14.214282989501953,12.590680122375488,18862342.0
2018-10-03,GLOBAL.BK,14.285712242126465,14.428568840026855,13.928568840026855,14.071426391601562,12.464140892028809,12586001.0
2018-10-04,GLOBAL.BK,13.928568840026855,14.214282989501953,13.928568840026855,14.071426391601562,12.464140892028809,10485301.0
2018-10-05,GLOBAL.BK,14.071426391601562,14.142854690551758,13.714282989501953,13.785712242126465,12.21106243133545,7639661.0
2018-10-08,GLOBAL.BK,13.785712242126465,14.357139587402344,13.785712242126465,13.857139587402344,12.274331092834473,15404342.0
2018-10-09,GLOBAL.BK,13.857139587402344,14.142854690551758,13.714282989501953,13.999998092651367,12.400871276855469,7574841.0
2018-10-10,GLOBAL.BK,14.214282989501953,14.49999713897705,14.142854690551758,14.49999713897705,12.843758583068848,18500442.0
2018-10-11,GLOBAL.BK,14.142854690551758,14.214282989501953,13.928568840026855,13.999998092651367,12.400871276855469,16062342.0
2018-10-12,GLOBAL.BK,14.142854690551758,14.214282989501953,13.928568840026855,14.142854690551758,12.527410507202148,7097160.0
2018-10-16,GLOBAL.BK,14.142854690551758,14.428568840026855,14.142854690551758,14.357139587402344,12.717219352722168,10222941.0
2018-10-17,GLOBAL.BK,14.428568840026855,14.49999713897705,14.142854690551758,14.214282989501953,12.590680122375488,4067560.0
2018-10-18,GLOBAL.BK,14.071426391601562,14.357139587402344,14.071426391601562,14.142854690551758,12.527410507202148,4903640.0
2018-10-19,GLOBAL.BK,13.999998092651367,14.142854690551758,13.857139587402344,14.071426391601562,12.464140892028809,7301281.0
2018-10-22,GLOBAL.BK,14.071426391601562,14.071426391601562,13.642854690551758,13.928568840026855,12.337600708007812,15601742.0
2018-10-24,GLOBAL.BK,13.714282989501953,13.857139587402344,13.357139587402344,13.571426391601562,12.021252632141113,13503841.0
2018-10-25,GLOBAL.BK,13.214282989501953,13.785712242126465,12.85714054107666,13.571426391601562,12.021252632141113,29275964.0
2018-10-26,GLOBAL.BK,13.571426391601562,13.714282989501953,13.285712242126465,13.428568840026855,11.894713401794434,5800200.0
2018-10-29,GLOBAL.BK,13.428568840026855,13.642854690551758,13.285712242126465,13.428568840026855,11.894713401794434,6270460.0
2018-10-30,GLOBAL.BK,13.428568840026855,13.571426391601562,13.142854690551758,13.357139587402344,11.831442832946777,9875741.0
2018-10-31,GLOBAL.BK,13.571426391601562,13.571426391601562,13.214282989501953,13.357139587402344,11.831442832946777,11654301.0
2018-11-01,GLOBAL.BK,13.357139587402344,13.571426391601562,13.285712242126465,13.428568840026855,11.894713401794434,6531420.0
2018-11-02,GLOBAL.BK,13.571426391601562,14.571426391601562,13.571426391601562,14.285712242126465,12.653949737548828,32938784.0
2018-11-05,GLOBAL.BK,14.071426391601562,14.214282989501953,13.999998092651367,14.071426391601562,12.464140892028809,9129121.0
2018-11-06,GLOBAL.BK,14.142854690551758,14.357139587402344,14.071426391601562,14.071426391601562,12.464140892028809,9930201.0
2018-11-07,GLOBAL.BK,14.071426391601562,14.49999713897705,13.999998092651367,14.357139587402344,12.717219352722168,14816622.0
2018-11-08,GLOBAL.BK,14.49999713897705,14.571426391601562,14.214282989501953,14.285712242126465,12.653949737548828,5640180.0
2018-11-09,GLOBAL.BK,14.142854690551758,14.142854690551758,13.714282989501953,13.714282989501953,12.147790908813477,12936001.0
2018-11-12,GLOBAL.BK,13.785712242126465,14.285712242126465,13.785712242126465,13.857139587402344,12.274331092834473,9667421.0
2018-11-13,GLOBAL.BK,13.714282989501953,14.214282989501953,13.571426391601562,14.142854690551758,12.527410507202148,6888420.0
2018-11-14,GLOBAL.BK,14.285712242126465,14.285712242126465,14.142854690551758,14.142854690551758,12.527410507202148,4790940.0
2018-11-15,GLOBAL.BK,14.357139587402344,14.357139587402344,13.999998092651367,13.999998092651367,12.400871276855469,7266701.0
2018-11-16,GLOBAL.BK,13.999998092651367,14.428568840026855,13.999998092651367,14.285712242126465,12.653949737548828,10585961.0
2018-11-19,GLOBAL.BK,14.285712242126465,14.428568840026855,14.142854690551758,14.357139587402344,12.717219352722168,6300000.0
2018-11-20,GLOBAL.BK,14.214282989501953,14.285712242126465,13.928568840026855,14.071426391601562,12.464140892028809,3891300.0
2018-11-21,GLOBAL.BK,13.928568840026855,14.214282989501953,13.785712242126465,13.999998092651367,12.400871276855469,10424821.0
2018-11-22,GLOBAL.BK,13.999998092651367,14.142854690551758,13.999998092651367,13.999998092651367,12.400871276855469,1780100.0
2018-11-23,GLOBAL.BK,13.999998092651367,14.071426391601562,13.642854690551758,13.857139587402344,12.274331092834473,7466761.0
2018-11-26,GLOBAL.BK,13.857139587402344,14.214282989501953,13.857139587402344,14.071426391601562,12.464140892028809,4594380.0
2018-11-27,GLOBAL.BK,13.928568840026855,14.142854690551758,13.928568840026855,14.142854690551758,12.527410507202148,2060380.0
2018-11-28,GLOBAL.BK,13.999998092651367,14.214282989501953,13.999998092651367,14.142854690551758,12.527410507202148,3801840.0
2018-11-29,GLOBAL.BK,14.214282989501953,14.285712242126465,14.071426391601562,14.214282989501953,12.590680122375488,3820320.0
2018-11-30,GLOBAL.BK,14.214282989501953,14.285712242126465,14.142854690551758,14.214282989501953,12.590680122375488,2051560.0
2018-12-03,GLOBAL.BK,14.285712242126465,14.928568840026855,14.214282989501953,14.857139587402344,13.16010856628418,16369922.0
2018-12-04,GLOBAL.BK,14.99999713897705,14.99999713897705,14.785712242126465,14.857139587402344,13.16010856628418,7868981.0
2018-12-06,GLOBAL.BK,14.49999713897705,14.785712242126465,14.49999713897705,14.714282989501953,13.0335693359375,5571160.0
2018-12-07,GLOBAL.BK,14.714282989501953,15.285712242126465,14.642854690551758,15.071426391601562,13.349918365478516,38819485.0
2018-12-11,GLOBAL.BK,14.928568840026855,15.071426391601562,14.714282989501953,14.857139587402344,13.16010856628418,9157541.0
2018-12-12,GLOBAL.BK,14.928568840026855,15.142854690551758,14.857139587402344,14.928568840026855,13.22337818145752,9149001.0
2018-12-13,GLOBAL.BK,15.071426391601562,15.071426391601562,14.785712242126465,14.928568840026855,13.22337818145752,7661221.0
2018-12-14,GLOBAL.BK,14.99999713897705,15.071426391601562,14.714282989501953,14.785712242126465,13.09683895111084,3227560.0
2018-12-17,GLOBAL.BK,14.857139587402344,14.928568840026855,14.49999713897705,14.571426391601562,12.907028198242188,6613600.0
2018-12-18,GLOBAL.BK,14.357139587402344,14.857139587402344,14.357139587402344,14.571426391601562,12.907028198242188,7397181.0
2018-12-19,GLOBAL.BK,14.571426391601562,14.928568840026855,14.571426391601562,14.785712242126465,13.09683895111084,4578700.0
2018-12-20,GLOBAL.BK,14.642854690551758,14.785712242126465,14.642854690551758,14.785712242126465,13.09683895111084,2667840.0
2018-12-21,GLOBAL.BK,14.857139587402344,14.857139587402344,14.571426391601562,14.571426391601562,12.907028198242188,4916800.0
2018-12-24,GLOBAL.BK,14.49999713897705,14.714282989501953,14.285712242126465,14.428568840026855,12.78049087524414,10388421.0
2018-12-25,GLOBAL.BK,13.928568840026855,13.999998092651367,13.642854690551758,13.642854690551758,12.084521293640137,13366641.0
2018-12-26,GLOBAL.BK,13.571426391601562,13.714282989501953,13.142854690551758,13.499998092651367,11.957983016967773,16320642.0
2018-12-27,GLOBAL.BK,13.785712242126465,14.071426391601562,13.285712242126465,13.357139587402344,11.831442832946777,18751882.0
2018-12-28,GLOBAL.BK,13.428568840026855,13.928568840026855,13.357139587402344,13.928568840026855,12.337600708007812,14851762.0
2019-01-02,GLOBAL.BK,13.714282989501953,14.214282989501953,13.714282989501953,14.214282989501953,12.590680122375488,7108500.0
2019-01-03,GLOBAL.BK,14.214282989501953,14.214282989501953,13.071426391601562,13.285712242126465,11.768174171447754,27061443.0
2019-01-04,GLOBAL.BK,13.142854690551758,13.214282989501953,12.642854690551758,12.785712242126465,11.325285911560059,32144004.0
2019-01-07,GLOBAL.BK,12.928568840026855,12.928568840026855,12.071426391601562,12.571426391601562,11.135475158691406,45855326.0
2019-01-08,GLOBAL.BK,12.642854690551758,12.785712242126465,12.071426391601562,12.571426391601562,11.135475158691406,45803106.0
2019-01-09,GLOBAL.BK,12.642854690551758,13.071426391601562,12.642854690551758,12.714282989501953,11.262016296386719,28265023.0
2019-01-10,GLOBAL.BK,12.642854690551758,12.85714054107666,12.571426391601562,12.85714054107666,11.388555526733398,6737080.0
2019-01-11,GLOBAL.BK,12.928568840026855,13.142854690551758,12.785712242126465,12.999998092651367,11.515095710754395,16785162.0
2019-01-14,GLOBAL.BK,12.928568840026855,12.999998092651367,12.428568840026855,12.571426391601562,11.135475158691406,19529722.0
2019-01-15,GLOBAL.BK,12.571426391601562,12.714282989501953,12.285712242126465,12.499998092651367,11.072206497192383,24555723.0
2019-01-16,GLOBAL.BK,12.499998092651367,12.571426391601562,12.285712242126465,12.285712242126465,10.88239860534668,20218242.0
2019-01-17,GLOBAL.BK,12.285712242126465,12.499998092651367,11.85714054107666,12.21428394317627,10.81912899017334,30919844.0
2019-01-18,GLOBAL.BK,12.35714054107666,12.499998092651367,12.21428394317627,12.21428394317627,10.81912899017334,11879841.0
2019-01-21,GLOBAL.BK,12.21428394317627,12.642854690551758,12.21428394317627,12.571426391601562,11.135475158691406,13668201.0
2019-01-22,GLOBAL.BK,12.571426391601562,13.285712242126465,12.499998092651367,12.928568840026855,11.451824188232422,34778944.0
2019-01-23,GLOBAL.BK,12.85714054107666,13.428568840026855,12.785712242126465,13.214282989501953,11.704901695251465,29652844.0
2019-01-24,GLOBAL.BK,13.214282989501953,13.499998092651367,13.214282989501953,13.285712242126465,11.768174171447754,16450282.0
2019-01-25,GLOBAL.BK,13.499998092651367,13.571426391601562,12.928568840026855,13.071426391601562,11.578364372253418,14856382.0
2019-01-28,GLOBAL.BK,13.071426391601562,13.357139587402344,12.928568840026855,13.071426391601562,11.578364372253418,15102922.0
2019-01-29,GLOBAL.BK,12.999998092651367,13.285712242126465,12.999998092651367,13.071426391601562,11.578364372253418,5741960.0
2019-01-30,GLOBAL.BK,13.142854690551758,13.142854690551758,12.85714054107666,13.071426391601562,11.578364372253418,8086261.0
2019-01-31,GLOBAL.BK,13.142854690551758,13.571426391601562,13.142854690551758,13.357139587402344,11.831442832946777,17259062.0
2019-02-01,GLOBAL.BK,13.357139587402344,13.428568840026855,13.142854690551758,13.142854690551758,11.641633033752441,12595941.0
2019-02-04,GLOBAL.BK,13.214282989501953,13.642854690551758,13.214282989501953,13.642854690551758,12.084521293640137,15198962.0
2019-02-05,GLOBAL.BK,13.714282989501953,13.857139587402344,13.642854690551758,13.785712242126465,12.21106243133545,16107282.0
2019-02-06,GLOBAL.BK,13.785712242126465,14.142854690551758,13.642854690551758,13.999998092651367,12.400871276855469,19819102.0
2019-02-07,GLOBAL.BK,13.999998092651367,14.071426391601562,13.571426391601562,13.642854690551758,12.084521293640137,12602661.0
2019-02-08,GLOBAL.BK,13.642854690551758,13.857139587402344,13.571426391601562,13.642854690551758,12.084521293640137,8867181.0
2019-02-11,GLOBAL.BK,13.642854690551758,13.714282989501953,13.428568840026855,13.499998092651367,11.957983016967773,8973721.0
2019-02-12,GLOBAL.BK,13.571426391601562,13.785712242126465,13.499998092651367,13.499998092651367,11.957983016967773,4323620.0
2019-02-13,GLOBAL.BK,13.642854690551758,13.642854690551758,13.357139587402344,13.499998092651367,11.957983016967773,7136640.0
2019-02-14,GLOBAL.BK,13.499998092651367,13.571426391601562,13.428568840026855,13.499998092651367,11.957983016967773,5009200.0
2019-02-15,GLOBAL.BK,13.571426391601562,13.642854690551758,13.428568840026855,13.428568840026855,11.894713401794434,5182800.0
2019-02-18,GLOBAL.BK,13.428568840026855,13.642854690551758,13.285712242126465,13.285712242126465,11.768174171447754,2506280.0
2019-02-20,GLOBAL.BK,13.357139587402344,13.642854690551758,13.071426391601562,13.571426391601562,12.021252632141113,10219021.0
2019-02-21,GLOBAL.BK,13.714282989501953,13.857139587402344,13.571426391601562,13.571426391601562,12.021252632141113,9027481.0
2019-02-22,GLOBAL.BK,13.571426391601562,13.785712242126465,13.571426391601562,13.642854690551758,12.084521293640137,7656601.0
2019-02-25,GLOBAL.BK,13.785712242126465,13.928568840026855,13.571426391601562,13.571426391601562,12.021252632141113,8316141.0
2019-02-26,GLOBAL.BK,13.499998092651367,13.642854690551758,13.428568840026855,13.428568840026855,11.894713401794434,3949680.0
2019-02-27,GLOBAL.BK,13.428568840026855,13.642854690551758,13.357139587402344,13.428568840026855,11.894713401794434,3954860.0
2019-02-28,GLOBAL.BK,13.428568840026855,13.642854690551758,13.428568840026855,13.571426391601562,12.021252632141113,8831621.0
2019-03-01,GLOBAL.BK,13.499998092651367,13.642854690551758,13.357139587402344,13.357139587402344,11.831442832946777,6249600.0
2019-03-04,GLOBAL.BK,13.357139587402344,13.428568840026855,12.999998092651367,12.999998092651367,11.515095710754395,13415221.0
2019-03-05,GLOBAL.BK,12.85714054107666,12.928568840026855,12.642854690551758,12.785712242126465,11.325285911560059,11846521.0
2019-03-06,GLOBAL.BK,12.785712242126465,13.285712242126465,12.785712242126465,13.071426391601562,11.578364372253418,22029563.0
2019-03-07,GLOBAL.BK,13.04999828338623,13.27499771118164,12.974998474121094,13.199997901916504,11.825074195861816,18475602.0
2019-03-08,GLOBAL.BK,13.124998092651367,13.124998092651367,12.749998092651367,12.974998474121094,11.623510360717773,13662935.0
2019-03-11,GLOBAL.BK,13.04999828338623,13.199997901916504,12.89999771118164,13.04999828338623,11.690699577331543,15465868.0
2019-03-12,GLOBAL.BK,13.04999828338623,13.27499771118164,13.04999828338623,13.04999828338623,11.690699577331543,11401734.0
2019-03-13,GLOBAL.BK,13.04999828338623,13.199997901916504,12.974998474121094,13.124998092651367,11.757887840270996,3701867.0
2019-03-14,GLOBAL.BK,13.199997901916504,13.27499771118164,13.04999828338623,13.124998092651367,11.757887840270996,1513200.0
2019-03-15,GLOBAL.BK,13.124998092651367,13.199997901916504,12.749998092651367,12.749998092651367,11.421948432922363,12297201.0
2019-03-18,GLOBAL.BK,12.89999771118164,12.89999771118164,12.749998092651367,12.824997901916504,11.489133834838867,4013467.0
2019-03-19,GLOBAL.BK,12.824997901916504,13.27499771118164,12.749998092651367,13.124998092651367,11.757887840270996,6593067.0
2019-03-20,GLOBAL.BK,13.124998092651367,13.199997901916504,13.04999828338623,13.04999828338623,11.690699577331543,2104400.0
2019-03-21,GLOBAL.BK,13.199997901916504,13.574997901916504,13.124998092651367,13.349998474121094,11.959450721740723,9591068.0
2019-03-22,GLOBAL.BK,13.42499828338623,13.64999771118164,13.199997901916504,13.499998092651367,12.093826293945312,8024801.0
2019-03-25,GLOBAL.BK,13.349998474121094,13.42499828338623,12.749998092651367,12.89999771118164,11.556324005126953,15840535.0
2019-03-26,GLOBAL.BK,12.89999771118164,13.124998092651367,12.824997901916504,12.974998474121094,11.623510360717773,4872134.0
2019-03-27,GLOBAL.BK,12.974998474121094,13.199997901916504,12.974998474121094,13.124998092651367,11.757887840270996,5924134.0
2019-03-28,GLOBAL.BK,12.974998474121094,13.124998092651367,12.89999771118164,13.124998092651367,11.757887840270996,5352667.0
2019-03-29,GLOBAL.BK,13.199997901916504,13.349998474121094,12.974998474121094,12.974998474121094,11.623510360717773,7685467.0
2019-04-01,GLOBAL.BK,13.124998092651367,13.27499771118164,12.89999771118164,12.974998474121094,11.623510360717773,8699201.0
2019-04-02,GLOBAL.BK,13.04999828338623,13.124998092651367,12.974998474121094,13.04999828338623,11.690699577331543,6035067.0
2019-04-03,GLOBAL.BK,13.124998092651367,13.124998092651367,12.67499828338623,12.89999771118164,11.556324005126953,10220268.0
2019-04-04,GLOBAL.BK,12.89999771118164,12.89999771118164,12.749998092651367,12.89999771118164,11.556324005126953,2615867.0
2019-04-05,GLOBAL.BK,12.974998474121094,12.974998474121094,12.824997901916504,12.89999771118164,11.556324005126953,3591733.0
2019-04-09,GLOBAL.BK,12.89999771118164,12.89999771118164,12.749998092651367,12.824997901916504,11.489133834838867,6173467.0
2019-04-10,GLOBAL.BK,12.89999771118164,13.199997901916504,12.89999771118164,13.124998092651367,11.757887840270996,14210401.0
2019-04-11,GLOBAL.BK,13.124998092651367,13.124998092651367,12.974998474121094,13.04999828338623,11.690699577331543,1699200.0
2019-04-12,GLOBAL.BK,13.04999828338623,13.124998092651367,12.89999771118164,13.04999828338623,11.690699577331543,4184000.0
2019-04-17,GLOBAL.BK,13.124998092651367,13.349998474121094,13.124998092651367,13.199997901916504,11.825074195861816,7143200.0
2019-04-18,GLOBAL.BK,13.199997901916504,13.42499828338623,13.199997901916504,13.349998474121094,11.959450721740723,9792668.0
2019-04-19,GLOBAL.BK,13.349998474121094,13.42499828338623,13.124998092651367,13.199997901916504,11.825074195861816,13740268.0
2019-04-22,GLOBAL.BK,13.199997901916504,13.349998474121094,13.124998092651367,13.27499771118164,11.892263412475586,5079867.0
2019-04-23,GLOBAL.BK,13.27499771118164,13.42499828338623,13.199997901916504,13.27499771118164,11.892263412475586,6486000.0
2019-04-24,GLOBAL.BK,13.349998474121094,13.64999771118164,13.27499771118164,13.499998092651367,12.093826293945312,11491068.0
2019-04-25,GLOBAL.BK,13.499998092651367,13.64999771118164,13.42499828338623,13.574997901916504,12.161014556884766,7168267.0
2019-04-26,GLOBAL.BK,13.499998092651367,13.499998092651367,13.04999828338623,13.199997901916504,11.825074195861816,17610935.0
2019-04-29,GLOBAL.BK,13.124998092651367,13.27499771118164,12.89999771118164,13.124998092651367,11.757887840270996,9221734.0
2019-04-30,GLOBAL.BK,12.974998474121094,13.04999828338623,12.89999771118164,12.974998474121094,11.623510360717773,13375201.0
2019-05-02,GLOBAL.BK,12.974998474121094,13.04999828338623,12.89999771118164,13.04999828338623,11.690699577331543,6762000.0
2019-05-03,GLOBAL.BK,12.974998474121094,13.04999828338623,12.824997901916504,12.89999771118164,11.556324005126953,15760535.0
2019-05-07,GLOBAL.BK,12.824997901916504,12.974998474121094,12.749998092651367,12.89999771118164,11.556324005126953,10760401.0
2019-05-08,GLOBAL.BK,12.824997901916504,12.89999771118164,12.67499828338623,12.89999771118164,11.556324005126953,8218667.0
2019-05-09,GLOBAL.BK,12.824997901916504,12.974998474121094,12.749998092651367,12.749998092651367,11.421948432922363,7860267.0
2019-05-10,GLOBAL.BK,12.824997901916504,12.89999771118164,12.67499828338623,12.749998092651367,11.421948432922363,9570801.0
2019-05-13,GLOBAL.BK,12.67499828338623,12.89999771118164,12.52499771118164,12.749998092651367,11.421948432922363,9835734.0
2019-05-14,GLOBAL.BK,12.449997901916504,12.52499771118164,11.54999828338623,11.699997901916504,10.481316566467285,42879605.0
2019-05-15,GLOBAL.BK,11.849998474121094,11.92499828338623,11.54999828338623,11.624998092651367,10.414128303527832,17253335.0
2019-05-16,GLOBAL.BK,11.624998092651367,11.77499771118164,11.474998474121094,11.624998092651367,10.414128303527832,13060401.0
2019-05-17,GLOBAL.BK,11.77499771118164,11.92499828338623,11.699997901916504,11.77499771118164,10.548502922058105,11465468.0
2019-05-21,GLOBAL.BK,11.849998474121094,12.14999771118164,11.77499771118164,12.074997901916504,10.817255973815918,12268268.0
2019-05-22,GLOBAL.BK,12.074997901916504,12.14999771118164,11.92499828338623,12.074997901916504,10.817255973815918,5916934.0
2019-05-23,GLOBAL.BK,12.074997901916504,12.374998092651367,11.999998092651367,12.074997901916504,10.817255973815918,12394135.0
2019-05-24,GLOBAL.BK,11.92499828338623,12.074997901916504,11.92499828338623,12.074997901916504,10.817255973815918,7258001.0
2019-05-27,GLOBAL.BK,11.999998092651367,12.074997901916504,11.849998474121094,12.074997901916504,10.817255973815918,10764401.0
2019-05-28,GLOBAL.BK,12.074997901916504,12.14999771118164,11.999998092651367,12.074997901916504,10.817255973815918,22058936.0
2019-05-29,GLOBAL.BK,12.074997901916504,12.29999828338623,11.92499828338623,12.074997901916504,10.817255973815918,9829601.0
2019-05-30,GLOBAL.BK,11.999998092651367,11.999998092651367,11.699997901916504,11.92499828338623,10.682879447937012,7500401.0
2019-05-31,GLOBAL.BK,11.92499828338623,12.14999771118164,11.849998474121094,11.999998092651367,10.750069618225098,4971334.0
2019-06-04,GLOBAL.BK,11.999998092651367,12.14999771118164,11.92499828338623,11.999998092651367,10.750069618225098,9616934.0
2019-06-05,GLOBAL.BK,11.999998092651367,12.599998474121094,11.999998092651367,12.449997901916504,11.15319538116455,16424002.0
2019-06-06,GLOBAL.BK,12.449997901916504,12.89999771118164,12.374998092651367,12.749998092651367,11.421948432922363,15922935.0
2019-06-07,GLOBAL.BK,12.824997901916504,12.89999771118164,12.599998474121094,12.749998092651367,11.421948432922363,11100668.0
2019-06-10,GLOBAL.BK,12.749998092651367,12.974998474121094,12.67499828338623,12.824997901916504,11.489133834838867,6032134.0
2019-06-11,GLOBAL.BK,12.89999771118164,13.199997901916504,12.824997901916504,13.04999828338623,11.690699577331543,16689068.0
2019-06-12,GLOBAL.BK,13.04999828338623,13.349998474121094,13.04999828338623,13.27499771118164,11.892263412475586,7348801.0
2019-06-13,GLOBAL.BK,13.199997901916504,13.42499828338623,13.199997901916504,13.42499828338623,12.026640892028809,10799068.0
2019-06-14,GLOBAL.BK,13.349998474121094,13.349998474121094,13.199997901916504,13.349998474121094,11.959450721740723,7920934.0
2019-06-17,GLOBAL.BK,13.349998474121094,13.42499828338623,13.27499771118164,13.27499771118164,11.892263412475586,2820933.0
2019-06-18,GLOBAL.BK,13.27499771118164,13.42499828338623,13.124998092651367,13.199997901916504,11.825074195861816,11114668.0
2019-06-19,GLOBAL.BK,13.42499828338623,13.499998092651367,13.199997901916504,13.349998474121094,11.959450721740723,8217201.0
2019-06-20,GLOBAL.BK,13.349998474121094,13.64999771118164,13.349998474121094,13.42499828338623,12.026640892028809,15150402.0
2019-06-21,GLOBAL.BK,13.42499828338623,13.64999771118164,13.349998474121094,13.42499828338623,12.026640892028809,15217202.0
2019-06-24,GLOBAL.BK,13.499998092651367,13.574997901916504,13.349998474121094,13.349998474121094,11.959450721740723,11645601.0
2019-06-25,GLOBAL.BK,13.27499771118164,13.349998474121094,13.04999828338623,13.27499771118164,11.892263412475586,10486668.0
2019-06-26,GLOBAL.BK,13.27499771118164,13.349998474121094,13.199997901916504,13.27499771118164,11.892263412475586,4192400.0
2019-06-27,GLOBAL.BK,13.27499771118164,13.64999771118164,13.27499771118164,13.349998474121094,11.959450721740723,7889201.0
2019-06-28,GLOBAL.BK,13.349998474121094,13.499998092651367,13.199997901916504,13.27499771118164,11.892263412475586,4217733.0
2019-07-01,GLOBAL.BK,13.499998092651367,13.574997901916504,13.199997901916504,13.27499771118164,11.892263412475586,5522000.0
2019-07-02,GLOBAL.BK,13.27499771118164,13.724998474121094,13.199997901916504,13.574997901916504,12.161014556884766,14361868.0
2019-07-03,GLOBAL.BK,13.499998092651367,13.724998474121094,13.499998092651367,13.64999771118164,12.228203773498535,8220001.0
2019-07-04,GLOBAL.BK,13.574997901916504,13.64999771118164,13.42499828338623,13.499998092651367,12.093826293945312,7237201.0
2019-07-05,GLOBAL.BK,13.42499828338623,13.64999771118164,13.349998474121094,13.42499828338623,12.026640892028809,6489867.0
2019-07-08,GLOBAL.BK,13.499998092651367,13.499998092651367,13.124998092651367,13.27499771118164,11.892263412475586,10480134.0
2019-07-09,GLOBAL.BK,13.124998092651367,13.27499771118164,13.04999828338623,13.124998092651367,11.757887840270996,7697201.0
2019-07-10,GLOBAL.BK,13.124998092651367,13.42499828338623,13.124998092651367,13.349998474121094,11.959450721740723,10350268.0
2019-07-11,GLOBAL.BK,13.349998474121094,13.64999771118164,13.349998474121094,13.42499828338623,12.026640892028809,10522268.0
2019-07-12,GLOBAL.BK,13.42499828338623,13.42499828338623,13.124998092651367,13.199997901916504,11.825074195861816,10099734.0
2019-07-15,GLOBAL.BK,13.124998092651367,13.199997901916504,12.974998474121094,12.974998474121094,11.623510360717773,10194134.0
2019-07-17,GLOBAL.BK,12.974998474121094,12.974998474121094,12.749998092651367,12.824997901916504,11.489133834838867,11238801.0
2019-07-18,GLOBAL.BK,12.824997901916504,12.974998474121094,12.67499828338623,12.89999771118164,11.556324005126953,5450000.0
2019-07-19,GLOBAL.BK,13.04999828338623,13.199997901916504,12.89999771118164,12.974998474121094,11.623510360717773,7893601.0
2019-07-22,GLOBAL.BK,12.824997901916504,12.89999771118164,12.14999771118164,12.449997901916504,11.15319538116455,36599071.0
2019-07-23,GLOBAL.BK,12.374998092651367,12.374998092651367,12.14999771118164,12.374998092651367,11.08600902557373,17207602.0
2019-07-24,GLOBAL.BK,12.374998092651367,12.52499771118164,12.29999828338623,12.374998092651367,11.08600902557373,3959067.0
2019-07-25,GLOBAL.BK,12.374998092651367,12.749998092651367,12.374998092651367,12.599998474121094,11.287572860717773,20683469.0
2019-07-26,GLOBAL.BK,12.599998474121094,12.67499828338623,12.374998092651367,12.52499771118164,11.220383644104004,14481068.0
2019-07-30,GLOBAL.BK,12.374998092651367,12.449997901916504,12.14999771118164,12.29999828338623,11.018819808959961,31571471.0
2019-07-31,GLOBAL.BK,12.224998474121094,12.599998474121094,12.14999771118164,12.449997901916504,11.15319538116455,9576801.0
2019-08-01,GLOBAL.BK,12.374998092651367,12.449997901916504,12.29999828338623,12.374998092651367,11.08600902557373,4461333.0
2019-08-02,GLOBAL.BK,12.224998474121094,12.29999828338623,12.074997901916504,12.29999828338623,11.018819808959961,6996534.0
2019-08-05,GLOBAL.BK,12.14999771118164,12.29999828338623,11.999998092651367,11.999998092651367,10.750069618225098,5870667.0
2019-08-06,GLOBAL.BK,11.849998474121094,12.074997901916504,11.77499771118164,11.92499828338623,10.682879447937012,7989467.0
2019-08-07,GLOBAL.BK,11.92499828338623,12.074997901916504,11.77499771118164,11.92499828338623,10.682879447937012,8821067.0
2019-08-08,GLOBAL.BK,11.92499828338623,12.374998092651367,11.92499828338623,12.14999771118164,10.884443283081055,10264801.0
2019-08-09,GLOBAL.BK,12.14999771118164,12.374998092651367,11.999998092651367,12.14999771118164,10.884443283081055,10595734.0
2019-08-13,GLOBAL.BK,11.699997901916504,11.77499771118164,11.39999771118164,11.474998474121094,10.279753684997559,24972803.0
2019-08-14,GLOBAL.BK,11.624998092651367,11.77499771118164,11.17499828338623,11.474998474121094,10.279753684997559,19768536.0
2019-08-15,GLOBAL.BK,11.39999771118164,11.39999771118164,11.17499828338623,11.249998092651367,10.078187942504883,17005202.0
2019-08-16,GLOBAL.BK,11.249998092651367,11.474998474121094,11.249998092651367,11.474998474121094,10.279753684997559,11583468.0
2019-08-19,GLOBAL.BK,11.474998474121094,11.54999828338623,11.324997901916504,11.39999771118164,10.212564468383789,6881734.0
2019-08-20,GLOBAL.BK,11.39999771118164,11.699997901916504,11.17499828338623,11.324997901916504,10.145378112792969,15087868.0
2019-08-21,GLOBAL.BK,11.324997901916504,11.624998092651367,11.249998092651367,11.54999828338623,10.346940994262695,14202801.0
2019-08-22,GLOBAL.BK,11.39999771118164,11.54999828338623,11.324997901916504,11.474998474121094,10.279753684997559,11801201.0
2019-08-23,GLOBAL.BK,11.474998474121094,11.624998092651367,11.39999771118164,11.474998474121094,10.279753684997559,8421867.0
2019-08-26,GLOBAL.BK,11.249998092651367,11.39999771118164,11.249998092651367,11.39999771118164,10.212564468383789,6184400.0
2019-08-27,GLOBAL.BK,11.39999771118164,11.54999828338623,11.17499828338623,11.324997901916504,10.145378112792969,17759735.0
2019-08-28,GLOBAL.BK,11.324997901916504,11.39999771118164,11.249998092651367,11.249998092651367,10.078187942504883,7306801.0
2019-08-29,GLOBAL.BK,11.324997901916504,11.54999828338623,11.249998092651367,11.474998474121094,10.279753684997559,5818800.0
2019-08-30,GLOBAL.BK,11.474998474121094,11.624998092651367,11.39999771118164,11.474998474121094,10.279753684997559,11744401.0
2019-09-02,GLOBAL.BK,11.474998474121094,12.224998474121094,11.474998474121094,11.92499828338623,10.682879447937012,29235870.0
2019-09-03,GLOBAL.BK,11.999998092651367,12.224998474121094,11.77499771118164,11.849998474121094,10.615693092346191,16228668.0
2019-09-04,GLOBAL.BK,11.92499828338623,12.67499828338623,11.849998474121094,12.449997901916504,11.15319538116455,33020004.0
2019-09-05,GLOBAL.BK,12.52499771118164,12.599998474121094,12.374998092651367,12.52499771118164,11.220383644104004,7795067.0
2019-09-06,GLOBAL.BK,12.599998474121094,12.749998092651367,12.449997901916504,12.52499771118164,11.220383644104004,15506668.0
2019-09-09,GLOBAL.BK,12.52499771118164,12.599998474121094,12.449997901916504,12.449997901916504,11.15319538116455,7155600.0
2019-09-10,GLOBAL.BK,12.449997901916504,12.599998474121094,12.29999828338623,12.449997901916504,11.15319538116455,6094267.0
2019-09-11,GLOBAL.BK,12.449997901916504,12.824997901916504,12.449997901916504,12.52499771118164,11.220383644104004,16801335.0
2019-09-12,GLOBAL.BK,12.449997901916504,12.52499771118164,12.29999828338623,12.374998092651367,11.08600902557373,9565867.0
2019-09-13,GLOBAL.BK,12.374998092651367,12.52499771118164,12.224998474121094,12.29999828338623,11.018819808959961,8564401.0
2019-09-16,GLOBAL.BK,12.224998474121094,12.52499771118164,12.224998474121094,12.29999828338623,11.018819808959961,7224667.0
2019-09-17,GLOBAL.BK,12.29999828338623,12.824997901916504,12.29999828338623,12.67499828338623,11.354759216308594,20466669.0
2019-09-18,GLOBAL.BK,12.67499828338623,12.749998092651367,12.52499771118164,12.52499771118164,11.220383644104004,6449200.0
2019-09-19,GLOBAL.BK,12.52499771118164,12.67499828338623,12.374998092651367,12.449997901916504,11.15319538116455,6789734.0
2019-09-20,GLOBAL.BK,12.449997901916504,12.52499771118164,12.29999828338623,12.374998092651367,11.08600902557373,4735333.0
2019-09-23,GLOBAL.BK,12.374998092651367,12.449997901916504,12.14999771118164,12.29999828338623,11.018819808959961,4526400.0
2019-09-24,GLOBAL.BK,12.374998092651367,12.374998092651367,12.224998474121094,12.29999828338623,11.018819808959961,3853600.0
2019-09-25,GLOBAL.BK,12.29999828338623,12.29999828338623,11.77499771118164,12.074997901916504,10.817255973815918,13153201.0
2019-09-26,GLOBAL.BK,12.074997901916504,12.14999771118164,11.849998474121094,11.92499828338623,10.682879447937012,10709201.0
2019-09-27,GLOBAL.BK,11.92499828338623,11.999998092651367,11.699997901916504,11.999998092651367,10.750069618225098,20733469.0
2019-09-30,GLOBAL.BK,11.849998474121094,11.92499828338623,11.54999828338623,11.624998092651367,10.414128303527832,11649601.0
2019-10-01,GLOBAL.BK,11.54999828338623,11.699997901916504,11.474998474121094,11.54999828338623,10.346940994262695,4872400.0
2019-10-02,GLOBAL.BK,11.474998474121094,11.54999828338623,11.249998092651367,11.324997901916504,10.145378112792969,8351601.0
2019-10-03,GLOBAL.BK,11.17499828338623,11.474998474121094,11.17499828338623,11.39999771118164,10.212564468383789,6400267.0
2019-10-04,GLOBAL.BK,11.474998474121094,11.474998474121094,11.324997901916504,11.39999771118164,10.212564468383789,4751067.0
2019-10-07,GLOBAL.BK,11.474998474121094,11.624998092651367,11.39999771118164,11.624998092651367,10.414128303527832,9845734.0
2019-10-08,GLOBAL.BK,11.699997901916504,11.77499771118164,11.474998474121094,11.54999828338623,10.346940994262695,4211600.0
2019-10-09,GLOBAL.BK,11.474998474121094,11.54999828338623,11.324997901916504,11.474998474121094,10.279753684997559,5327334.0
2019-10-10,GLOBAL.BK,11.474998474121094,11.624998092651367,11.324997901916504,11.39999771118164,10.212564468383789,14987735.0
2019-10-11,GLOBAL.BK,11.39999771118164,11.474998474121094,11.249998092651367,11.474998474121094,10.279753684997559,6483334.0
2019-10-15,GLOBAL.BK,11.474998474121094,11.474998474121094,11.324997901916504,11.474998474121094,10.279753684997559,2274933.0
2019-10-16,GLOBAL.BK,11.39999771118164,11.699997901916504,11.324997901916504,11.39999771118164,10.212564468383789,8481867.0
2019-10-17,GLOBAL.BK,11.474998474121094,11.77499771118164,11.39999771118164,11.474998474121094,10.279753684997559,13047601.0
2019-10-18,GLOBAL.BK,11.474998474121094,11.699997901916504,11.474998474121094,11.54999828338623,10.346940994262695,6946134.0
2019-10-21,GLOBAL.BK,11.474998474121094,11.474998474121094,11.324997901916504,11.324997901916504,10.145378112792969,5434534.0
2019-10-22,GLOBAL.BK,11.39999771118164,11.474998474121094,11.324997901916504,11.39999771118164,10.212564468383789,3685600.0
2019-10-24,GLOBAL.BK,11.39999771118164,11.474998474121094,11.02499771118164,11.324997901916504,10.145378112792969,7278134.0
2019-10-25,GLOBAL.BK,11.17499828338623,11.324997901916504,11.099998474121094,11.099998474121094,9.943812370300293,8179467.0
2019-10-28,GLOBAL.BK,11.17499828338623,11.17499828338623,10.724998474121094,11.02499771118164,9.876625061035156,7239467.0
2019-10-29,GLOBAL.BK,11.17499828338623,11.39999771118164,11.099998474121094,11.249998092651367,10.078187942504883,7660134.0
2019-10-30,GLOBAL.BK,11.249998092651367,11.474998474121094,11.249998092651367,11.39999771118164,10.212564468383789,5053467.0
2019-10-31,GLOBAL.BK,11.324997901916504,11.474998474121094,11.02499771118164,11.39999771118164,10.212564468383789,6537734.0
2019-11-01,GLOBAL.BK,11.249998092651367,11.54999828338623,11.249998092651367,11.39999771118164,10.212564468383789,7152934.0
2019-11-04,GLOBAL.BK,11.39999771118164,11.624998092651367,11.39999771118164,11.54999828338623,10.346940994262695,3770800.0
2019-11-05,GLOBAL.BK,11.54999828338623,11.699997901916504,11.249998092651367,11.324997901916504,10.145378112792969,11296934.0
2019-11-06,GLOBAL.BK,11.324997901916504,11.474998474121094,11.17499828338623,11.17499828338623,10.011001586914062,7418001.0
2019-11-07,GLOBAL.BK,11.17499828338623,11.474998474121094,11.099998474121094,11.39999771118164,10.212564468383789,5694000.0
2019-11-08,GLOBAL.BK,11.39999771118164,11.474998474121094,11.249998092651367,11.474998474121094,10.279753684997559,4712000.0
2019-11-11,GLOBAL.BK,11.324997901916504,11.39999771118164,11.249998092651367,11.39999771118164,10.212564468383789,2303866.0
2019-11-12,GLOBAL.BK,11.324997901916504,11.39999771118164,11.249998092651367,11.249998092651367,10.078187942504883,2715200.0
2019-11-13,GLOBAL.BK,11.474998474121094,12.074997901916504,11.474998474121094,12.074997901916504,10.817255973815918,43902139.0
2019-11-14,GLOBAL.BK,12.074997901916504,12.67499828338623,12.074997901916504,12.449997901916504,11.15319538116455,27224270.0
2019-11-15,GLOBAL.BK,12.374998092651367,12.599998474121094,12.29999828338623,12.52499771118164,11.220383644104004,9964401.0
2019-11-18,GLOBAL.BK,12.52499771118164,12.749998092651367,12.52499771118164,12.67499828338623,11.354759216308594,13922001.0
2019-11-19,GLOBAL.BK,12.67499828338623,12.67499828338623,12.449997901916504,12.449997901916504,11.15319538116455,4286267.0
2019-11-20,GLOBAL.BK,12.449997901916504,12.599998474121094,12.374998092651367,12.52499771118164,11.220383644104004,7147334.0
2019-11-21,GLOBAL.BK,12.52499771118164,12.599998474121094,12.374998092651367,12.52499771118164,11.220383644104004,6783067.0
2019-11-22,GLOBAL.BK,12.52499771118164,12.89999771118164,12.52499771118164,12.824997901916504,11.489133834838867,19359469.0
2019-11-25,GLOBAL.BK,12.824997901916504,12.824997901916504,12.599998474121094,12.67499828338623,11.354759216308594,6294534.0
2019-11-26,GLOBAL.BK,12.599998474121094,12.749998092651367,12.599998474121094,12.67499828338623,11.354759216308594,4871067.0
2019-11-27,GLOBAL.BK,12.67499828338623,12.749998092651367,12.67499828338623,12.749998092651367,11.421948432922363,1935466.0
2019-11-28,GLOBAL.BK,12.749998092651367,12.824997901916504,12.599998474121094,12.67499828338623,11.354759216308594,3009067.0
2019-11-29,GLOBAL.BK,12.599998474121094,12.749998092651367,12.374998092651367,12.749998092651367,11.421948432922363,5393467.0
2019-12-02,GLOBAL.BK,12.749998092651367,12.749998092651367,12.449997901916504,12.52499771118164,11.220383644104004,4639867.0
2019-12-03,GLOBAL.BK,12.449997901916504,12.52499771118164,12.14999771118164,12.29999828338623,11.018819808959961,8422001.0
2019-12-04,GLOBAL.BK,12.074997901916504,12.449997901916504,12.074997901916504,12.374998092651367,11.08600902557373,7468267.0
2019-12-06,GLOBAL.BK,12.374998092651367,12.449997901916504,12.224998474121094,12.29999828338623,11.018819808959961,7332534.0
2019-12-09,GLOBAL.BK,12.449997901916504,12.52499771118164,12.224998474121094,12.449997901916504,11.15319538116455,7818134.0
2019-12-11,GLOBAL.BK,12.449997901916504,12.749998092651367,12.449997901916504,12.52499771118164,11.220383644104004,8890001.0
2019-12-12,GLOBAL.BK,12.67499828338623,12.67499828338623,12.52499771118164,12.599998474121094,11.287572860717773,4740933.0
2019-12-13,GLOBAL.BK,12.599998474121094,12.89999771118164,12.599998474121094,12.824997901916504,11.489133834838867,10560801.0
2019-12-16,GLOBAL.BK,12.824997901916504,12.89999771118164,12.599998474121094,12.749998092651367,11.421948432922363,7347601.0
2019-12-17,GLOBAL.BK,12.67499828338623,12.749998092651367,12.374998092651367,12.599998474121094,11.287572860717773,8033734.0
2019-12-18,GLOBAL.BK,12.599998474121094,12.67499828338623,12.14999771118164,12.449997901916504,11.15319538116455,5887334.0
2019-12-19,GLOBAL.BK,12.449997901916504,12.449997901916504,11.999998092651367,12.29999828338623,11.018819808959961,11042668.0
2019-12-20,GLOBAL.BK,12.29999828338623,12.374998092651367,11.999998092651367,12.14999771118164,10.884443283081055,6910800.0
2019-12-23,GLOBAL.BK,12.074997901916504,12.224998474121094,11.77499771118164,11.92499828338623,10.682879447937012,10580534.0
2019-12-24,GLOBAL.BK,11.849998474121094,12.074997901916504,11.849998474121094,11.92499828338623,10.682879447937012,3746933.0
2019-12-25,GLOBAL.BK,11.92499828338623,12.14999771118164,11.77499771118164,11.999998092651367,10.750069618225098,2292933.0
2019-12-26,GLOBAL.BK,11.999998092651367,12.14999771118164,11.92499828338623,11.92499828338623,10.682879447937012,2087200.0
2019-12-27,GLOBAL.BK,12.074997901916504,12.224998474121094,11.624998092651367,11.999998092651367,10.750069618225098,8870401.0
2019-12-30,GLOBAL.BK,11.999998092651367,12.29999828338623,11.77499771118164,12.14999771118164,10.884443283081055,4204000.0
2020-01-02,GLOBAL.BK,12.224998474121094,12.224998474121094,11.92499828338623,12.074997901916504,10.817255973815918,13826001.0
2020-01-03,GLOBAL.BK,11.92499828338623,12.074997901916504,11.77499771118164,11.77499771118164,10.548502922058105,11729601.0
2020-01-06,GLOBAL.BK,11.54999828338623,11.699997901916504,11.474998474121094,11.54999828338623,10.346940994262695,7753334.0
2020-01-07,GLOBAL.BK,11.474998474121094,11.54999828338623,10.874998092651367,11.099998474121094,9.943812370300293,27248003.0
2020-01-08,GLOBAL.BK,10.874998092651367,11.02499771118164,10.64999771118164,10.79999828338623,9.67506217956543,11158134.0
2020-01-09,GLOBAL.BK,11.02499771118164,11.249998092651367,10.949997901916504,11.099998474121094,9.943812370300293,12255868.0
2020-01-10,GLOBAL.BK,11.099998474121094,11.699997901916504,11.099998474121094,11.54999828338623,10.346940994262695,15376802.0
2020-01-13,GLOBAL.BK,11.54999828338623,11.624998092651367,11.39999771118164,11.474998474121094,10.279753684997559,2771467.0
2020-01-14,GLOBAL.BK,11.54999828338623,11.77499771118164,11.249998092651367,11.39999771118164,10.212564468383789,7149200.0
2020-01-15,GLOBAL.BK,11.39999771118164,11.77499771118164,11.39999771118164,11.624998092651367,10.414128303527832,4379867.0
2020-01-16,GLOBAL.BK,11.54999828338623,11.699997901916504,11.54999828338623,11.54999828338623,10.346940994262695,8015867.0
2020-01-17,GLOBAL.BK,11.624998092651367,11.999998092651367,11.624998092651367,11.699997901916504,10.481316566467285,12262668.0
2020-01-20,GLOBAL.BK,11.77499771118164,11.849998474121094,11.624998092651367,11.699997901916504,10.481316566467285,3602000.0
2020-01-21,GLOBAL.BK,11.699997901916504,11.77499771118164,11.39999771118164,11.699997901916504,10.481316566467285,5665867.0
2020-01-22,GLOBAL.BK,11.54999828338623,11.54999828338623,11.17499828338623,11.54999828338623,10.346940994262695,15752935.0
2020-01-23,GLOBAL.BK,11.324997901916504,11.474998474121094,11.324997901916504,11.474998474121094,10.279753684997559,1475866.0
2020-01-24,GLOBAL.BK,11.474998474121094,11.474998474121094,10.874998092651367,11.17499828338623,10.011001586914062,14619602.0
2020-01-27,GLOBAL.BK,10.874998092651367,11.02499771118164,10.724998474121094,10.874998092651367,9.74224853515625,9050667.0
2020-01-28,GLOBAL.BK,10.79999828338623,11.17499828338623,10.64999771118164,10.79999828338623,9.67506217956543,9174401.0
2020-01-29,GLOBAL.BK,10.874998092651367,10.949997901916504,10.64999771118164,10.724998474121094,9.60787296295166,6122400.0
2020-01-30,GLOBAL.BK,10.724998474121094,11.02499771118164,10.64999771118164,10.724998474121094,9.60787296295166,7725334.0
2020-01-31,GLOBAL.BK,10.724998474121094,10.79999828338623,10.499998092651367,10.64999771118164,9.540684700012207,5735200.0
2020-02-03,GLOBAL.BK,10.64999771118164,10.724998474121094,10.42499828338623,10.499998092651367,9.406309127807617,5888267.0
2020-02-04,GLOBAL.BK,10.574997901916504,10.64999771118164,10.42499828338623,10.574997901916504,9.47349739074707,4835734.0
2020-02-05,GLOBAL.BK,10.874998092651367,11.249998092651367,10.79999828338623,11.099998474121094,9.943812370300293,13101601.0
2020-02-06,GLOBAL.BK,11.099998474121094,11.249998092651367,10.949997901916504,11.02499771118164,9.876625061035156,7265601.0
2020-02-07,GLOBAL.BK,11.02499771118164,11.17499828338623,10.79999828338623,11.099998474121094,9.943812370300293,7710667.0
2020-02-11,GLOBAL.BK,11.17499828338623,11.17499828338623,10.79999828338623,10.874998092651367,9.74224853515625,5965334.0
2020-02-12,GLOBAL.BK,10.79999828338623,11.249998092651367,10.79999828338623,10.949997901916504,9.809436798095703,3930933.0
2020-02-13,GLOBAL.BK,10.949997901916504,11.17499828338623,10.79999828338623,10.79999828338623,9.67506217956543,8530001.0
2020-02-14,GLOBAL.BK,10.949997901916504,11.02499771118164,10.724998474121094,10.724998474121094,9.60787296295166,8361601.0
2020-02-17,GLOBAL.BK,10.79999828338623,10.949997901916504,10.64999771118164,10.64999771118164,9.540684700012207,5902134.0
2020-02-18,GLOBAL.BK,10.724998474121094,10.79999828338623,10.499998092651367,10.499998092651367,9.406309127807617,6796800.0
2020-02-19,GLOBAL.BK,10.574997901916504,10.574997901916504,10.27499771118164,10.499998092651367,9.406309127807617,6055467.0
2020-02-20,GLOBAL.BK,10.64999771118164,10.64999771118164,10.27499771118164,10.349998474121094,9.271933555603027,6651334.0
2020-02-21,GLOBAL.BK,10.27499771118164,10.27499771118164,9.67499828338623,9.974998474121094,8.935993194580078,13042535.0
2020-02-24,GLOBAL.BK,9.824997901916504,9.974998474121094,9.374998092651367,9.374998092651367,8.398490905761719,10041468.0
2020-02-25,GLOBAL.BK,9.374998092651367,9.599998474121094,9.29999828338623,9.374998092651367,8.398490905761719,7916534.0
2020-02-26,GLOBAL.BK,10.124998092651367,10.124998092651367,9.449997901916504,9.449997901916504,8.465677261352539,24141470.0
2020-02-27,GLOBAL.BK,9.52499771118164,10.27499771118164,9.52499771118164,10.199997901916504,9.137557029724121,14021468.0
2020-02-28,GLOBAL.BK,9.824997901916504,10.349998474121094,9.749998092651367,10.349998474121094,9.271933555603027,12594935.0
2020-03-02,GLOBAL.BK,10.574997901916504,10.79999828338623,10.124998092651367,10.574997901916504,9.47349739074707,16265468.0
2020-03-03,GLOBAL.BK,10.499998092651367,10.64999771118164,10.27499771118164,10.64999771118164,9.540684700012207,6417867.0
2020-03-04,GLOBAL.BK,10.499998092651367,10.574997901916504,10.42499828338623,10.499998092651367,9.406309127807617,5963600.0
2020-03-05,GLOBAL.BK,10.64999771118164,10.949997901916504,10.574997901916504,10.724998474121094,9.60787296295166,16080668.0
2020-03-06,GLOBAL.BK,10.574997901916504,10.79999828338623,10.349998474121094,10.724998474121094,9.60787296295166,8995601.0
2020-03-09,GLOBAL.BK,10.874998092651367,10.874998092651367,10.124998092651367,10.199997901916504,9.137557029724121,9006934.0
2020-03-10,GLOBAL.BK,10.199997901916504,10.724998474121094,10.199997901916504,10.724998474121094,9.60787296295166,14187868.0
2020-03-11,GLOBAL.BK,10.574997901916504,10.79999828338623,10.42499828338623,10.724998474121094,9.60787296295166,10324668.0
2020-03-12,GLOBAL.BK,10.214282989501953,10.37142562866211,8.642854690551758,8.878568649291992,8.075217247009277,20348876.0
2020-03-13,GLOBAL.BK,7.857141017913818,9.742855072021484,7.346426963806152,9.2714262008667,8.432527542114258,16042093.0
2020-03-16,GLOBAL.BK,8.564284324645996,8.957140922546387,8.092855453491211,8.642854690551758,7.860830783843994,7658001.0
2020-03-17,GLOBAL.BK,8.485712051391602,9.114283561706543,8.249998092651367,8.642854690551758,7.860830783843994,10641656.0
2020-03-18,GLOBAL.BK,8.79999828338623,9.035712242126465,8.014284133911133,8.642854690551758,7.860830783843994,9897747.0
2020-03-19,GLOBAL.BK,8.249998092651367,8.564284324645996,7.857141017913818,8.407140731811523,7.6464457511901855,12111911.0
2020-03-20,GLOBAL.BK,8.564284324645996,9.114283561706543,8.249998092651367,9.035712242126465,8.21814250946045,21205549.0
2020-03-23,GLOBAL.BK,7.857141017913818,7.935711860656738,7.699997901916504,7.699997901916504,7.003286361694336,8877528.0
2020-03-24,GLOBAL.BK,7.699997901916504,7.699997901916504,6.560712814331055,6.560712814331055,5.967085838317871,27256477.0
2020-03-25,GLOBAL.BK,6.560712814331055,7.189283847808838,6.246427059173584,6.717854976654053,6.110009670257568,46431899.0
2020-03-26,GLOBAL.BK,6.560712814331055,7.110712051391602,6.521427154541016,6.75714111328125,6.145740985870361,16410039.0
2020-03-27,GLOBAL.BK,6.9535698890686035,7.307140827178955,6.874998092651367,6.9142842292785645,6.288665771484375,21062494.0
2020-03-30,GLOBAL.BK,6.9142842292785645,6.9142842292785645,6.9142842292785645,6.9142842292785645,6.288665771484375,334854.0
2020-03-31,GLOBAL.BK,6.9142842292785645,7.228569984436035,6.9142842292785645,7.189283847808838,6.538782596588135,11573038.0
2020-04-01,GLOBAL.BK,7.071426868438721,7.228569984436035,6.992855072021484,6.992855072021484,6.360126972198486,4312382.0
2020-04-02,GLOBAL.BK,7.032141208648682,7.228569984436035,6.9535698890686035,7.110712051391602,6.467320442199707,4539182.0
2020-04-03,GLOBAL.BK,7.149998188018799,7.189283847808838,6.992855072021484,7.149998188018799,6.5030517578125,4420691.0
2020-04-07,GLOBAL.BK,7.582140922546387,8.171426773071289,7.503570079803467,8.171426773071289,7.432058811187744,17140330.0
2020-04-08,GLOBAL.BK,8.171426773071289,8.878568649291992,8.092855453491211,8.721426010131836,7.932292938232422,15321475.0
2020-04-09,GLOBAL.BK,9.428568840026855,9.585712432861328,8.721426010131836,8.957140922546387,8.14668083190918,14458948.0
2020-04-10,GLOBAL.BK,8.878568649291992,9.349998474121094,8.79999828338623,9.349998474121094,8.503992080688477,6634092.0
2020-04-13,GLOBAL.BK,9.585712432861328,9.821426391601562,9.114283561706543,9.742855072021484,8.861302375793457,10742838.0
2020-04-14,GLOBAL.BK,10.214282989501953,10.449997901916504,9.66428279876709,9.821426391601562,8.93276309967041,17139312.0
2020-04-15,GLOBAL.BK,10.135711669921875,10.135711669921875,9.035712242126465,9.428568840026855,8.575451850891113,14123966.0
2020-04-16,GLOBAL.BK,9.192854881286621,9.50714111328125,8.957140922546387,9.035712242126465,8.21814250946045,7801565.0
2020-04-17,GLOBAL.BK,9.66428279876709,9.821426391601562,9.2714262008667,9.742855072021484,8.861302375793457,8433856.0
2020-04-20,GLOBAL.BK,9.89999771118164,10.214282989501953,9.742855072021484,10.057140350341797,9.147150039672852,5626855.0
2020-04-21,GLOBAL.BK,9.821426391601562,10.37142562866211,9.742855072021484,10.135711669921875,9.218610763549805,5058200.0
2020-04-22,GLOBAL.BK,9.978569030761719,10.37142562866211,9.89999771118164,10.292855262756348,9.361536026000977,12059984.0
2020-04-23,GLOBAL.BK,10.214282989501953,10.528569221496582,10.214282989501953,10.528569221496582,9.575922012329102,5671019.0
2020-04-24,GLOBAL.BK,10.449997901916504,10.528569221496582,10.057140350341797,10.057140350341797,9.147150039672852,8332546.0
2020-04-27,GLOBAL.BK,10.528569221496582,10.685711860656738,10.292855262756348,10.528569221496582,9.575922012329102,8269419.0
2020-04-28,GLOBAL.BK,10.685711860656738,10.99999713897705,10.607139587402344,10.842855453491211,9.861771583557129,9575874.0
2020-04-29,GLOBAL.BK,10.921425819396973,10.99999713897705,10.37142562866211,10.607139587402344,9.647384643554688,8744274.0
2020-04-30,GLOBAL.BK,10.685711860656738,10.842855453491211,10.528569221496582,10.607139587402344,9.647384643554688,4338728.0
2020-05-05,GLOBAL.BK,10.37142562866211,10.842855453491211,10.292855262756348,10.764283180236816,9.790308952331543,5716964.0
2020-05-07,GLOBAL.BK,10.607139587402344,10.685711860656738,10.135711669921875,10.449997901916504,9.504461288452148,7824474.0
2020-05-08,GLOBAL.BK,10.528569221496582,10.685711860656738,10.292855262756348,10.292855262756348,9.361536026000977,3568091.0
2020-05-11,GLOBAL.BK,10.685711860656738,10.921425819396973,10.685711860656738,10.764283180236816,9.790308952331543,10036856.0
2020-05-12,GLOBAL.BK,10.607139587402344,10.921425819396973,10.607139587402344,10.685711860656738,9.718847274780273,8665619.0
2020-05-13,GLOBAL.BK,10.528569221496582,10.842855453491211,10.528569221496582,10.764283180236816,9.790308952331543,6825128.0
2020-05-14,GLOBAL.BK,10.685711860656738,10.842855453491211,10.37142562866211,10.607139587402344,9.647384643554688,11975984.0
2020-05-15,GLOBAL.BK,10.607139587402344,10.99999713897705,10.449997901916504,10.99999713897705,10.004694938659668,19877840.0
2020-05-18,GLOBAL.BK,11.392854690551758,11.628568649291992,11.235712051391602,11.392854690551758,10.362006187438965,14875002.0
2020-05-19,GLOBAL.BK,11.70713996887207,11.942853927612305,11.392854690551758,11.471426010131836,10.433467864990234,13870820.0
2020-05-20,GLOBAL.BK,11.235712051391602,11.471426010131836,11.157139778137207,11.392854690551758,10.362006187438965,10640511.0
2020-05-21,GLOBAL.BK,11.471426010131836,11.549997329711914,11.157139778137207,11.31428337097168,10.290544509887695,9343601.0
2020-05-22,GLOBAL.BK,11.078569412231445,11.549997329711914,11.078569412231445,11.471426010131836,10.433467864990234,12512565.0
2020-05-25,GLOBAL.BK,11.471426010131836,11.628568649291992,11.31428337097168,11.549997329711914,10.504929542541504,6680419.0
2020-05-26,GLOBAL.BK,11.785712242126465,11.942853927612305,11.628568649291992,11.628568649291992,10.576391220092773,20232549.0
2020-05-27,GLOBAL.BK,11.628568649291992,11.942853927612305,11.549997329711914,11.864282608032227,10.790778160095215,6941837.0
2020-05-28,GLOBAL.BK,11.942853927612305,11.942853927612305,11.549997329711914,11.864282608032227,10.790778160095215,12371038.0
2020-05-29,GLOBAL.BK,11.864282608032227,12.099996566772461,11.471426010131836,11.471426010131836,10.433467864990234,59463356.0
2020-06-01,GLOBAL.BK,11.628568649291992,12.099996566772461,11.549997329711914,12.099996566772461,11.00516414642334,18142730.0
2020-06-02,GLOBAL.BK,12.099996566772461,12.257140159606934,11.864282608032227,12.178568840026855,11.076627731323242,14129820.0
2020-06-04,GLOBAL.BK,12.571426391601562,13.435710906982422,12.492854118347168,13.278568267822266,12.077095985412598,47951154.0
2020-06-05,GLOBAL.BK,13.278568267822266,13.278568267822266,13.042854309082031,13.199996948242188,12.005634307861328,11966820.0
2020-06-08,GLOBAL.BK,13.278568267822266,13.278568267822266,12.728569030761719,13.042854309082031,11.862709045410156,10746656.0
2020-06-09,GLOBAL.BK,12.964282989501953,13.199996948242188,12.492854118347168,12.728569030761719,11.576862335205078,13843966.0
2020-06-10,GLOBAL.BK,12.807140350341797,13.199996948242188,12.649996757507324,13.199996948242188,12.005634307861328,16838312.0
2020-06-11,GLOBAL.BK,13.199996948242188,13.278568267822266,12.807140350341797,13.042854309082031,11.862709045410156,7404346.0
2020-06-12,GLOBAL.BK,12.492854118347168,13.042854309082031,12.492854118347168,12.807140350341797,11.648324012756348,14299220.0
2020-06-15,GLOBAL.BK,12.807140350341797,13.042854309082031,12.571426391601562,12.885710716247559,11.7197847366333,10989111.0
2020-06-16,GLOBAL.BK,13.199996948242188,13.278568267822266,13.042854309082031,13.199996948242188,12.005634307861328,14282420.0
2020-06-17,GLOBAL.BK,13.199996948242188,13.357139587402344,13.12142562866211,13.199996948242188,12.005634307861328,9333928.0
2020-06-18,GLOBAL.BK,13.12142562866211,13.357139587402344,13.042854309082031,13.042854309082031,11.862709045410156,7506292.0
2020-06-19,GLOBAL.BK,13.042854309082031,13.357139587402344,12.964282989501953,13.12142562866211,11.934171676635742,5815091.0
2020-06-22,GLOBAL.BK,13.12142562866211,13.12142562866211,12.728569030761719,12.885710716247559,11.7197847366333,4393200.0
2020-06-23,GLOBAL.BK,13.12142562866211,13.12142562866211,12.807140350341797,12.964282989501953,11.791248321533203,4323200.0
2020-06-24,GLOBAL.BK,13.12142562866211,13.199996948242188,12.571426391601562,12.807140350341797,11.648324012756348,6990837.0
2020-06-25,GLOBAL.BK,12.492854118347168,12.885710716247559,12.178568840026855,12.885710716247559,11.7197847366333,12502256.0
2020-06-26,GLOBAL.BK,12.964282989501953,13.199996948242188,12.807140350341797,13.042854309082031,11.862709045410156,11153038.0
2020-06-29,GLOBAL.BK,12.885710716247559,13.199996948242188,12.649996757507324,13.12142562866211,11.934171676635742,11886002.0
2020-06-30,GLOBAL.BK,13.12142562866211,13.199996948242188,13.042854309082031,13.042854309082031,11.862709045410156,8365765.0
2020-07-01,GLOBAL.BK,13.12142562866211,13.278568267822266,12.885710716247559,13.278568267822266,12.077095985412598,8625656.0
2020-07-02,GLOBAL.BK,13.278568267822266,13.74999713897705,13.278568267822266,13.514283180236816,12.291482925415039,28428150.0
2020-07-03,GLOBAL.BK,13.74999713897705,13.74999713897705,13.435710906982422,13.514283180236816,12.291482925415039,4920619.0
2020-07-07,GLOBAL.BK,13.74999713897705,13.74999713897705,13.278568267822266,13.278568267822266,12.077095985412598,6047619.0
2020-07-08,GLOBAL.BK,13.199996948242188,13.199996948242188,12.728569030761719,12.728569030761719,11.576862335205078,14940930.0
2020-07-09,GLOBAL.BK,12.728569030761719,13.042854309082031,12.649996757507324,12.964282989501953,11.791248321533203,9321583.0
2020-07-10,GLOBAL.BK,12.807140350341797,13.042854309082031,12.728569030761719,12.885710716247559,11.7197847366333,5234600.0
2020-07-13,GLOBAL.BK,12.964282989501953,13.042854309082031,12.728569030761719,12.885710716247559,11.7197847366333,8157928.0
2020-07-14,GLOBAL.BK,12.728569030761719,13.042854309082031,12.728569030761719,12.885710716247559,11.7197847366333,5259673.0
2020-07-15,GLOBAL.BK,13.042854309082031,13.357139587402344,12.885710716247559,13.357139587402344,12.148558616638184,10869983.0
2020-07-16,GLOBAL.BK,13.357139587402344,13.357139587402344,13.12142562866211,13.199996948242188,12.005634307861328,5569837.0
2020-07-17,GLOBAL.BK,13.278568267822266,13.357139587402344,13.12142562866211,13.199996948242188,12.005634307861328,4797419.0
2020-07-20,GLOBAL.BK,13.278568267822266,13.592853546142578,13.12142562866211,13.592853546142578,12.362943649291992,12313638.0
2020-07-21,GLOBAL.BK,13.671425819396973,13.828568458557129,13.514283180236816,13.828568458557129,12.57733154296875,19482149.0
2020-07-22,GLOBAL.BK,13.828568458557129,13.828568458557129,13.514283180236816,13.74999713897705,12.505868911743164,7897783.0
2020-07-23,GLOBAL.BK,13.907139778137207,14.142853736877441,13.74999713897705,13.907139778137207,12.64879322052002,20596549.0
2020-07-24,GLOBAL.BK,13.671425819396973,13.74999713897705,13.278568267822266,13.74999713897705,12.505868911743164,11970765.0
2020-07-29,GLOBAL.BK,13.671425819396973,13.671425819396973,13.199996948242188,13.592853546142578,12.362943649291992,11908020.0
2020-07-30,GLOBAL.BK,13.828568458557129,14.06428337097168,13.671425819396973,13.74999713897705,12.505868911743164,17872785.0
2020-07-31,GLOBAL.BK,14.299997329711914,15.321425437927246,14.299997329711914,14.928567886352539,13.577800750732422,84977342.0
2020-08-03,GLOBAL.BK,15.007140159606934,15.635710716247559,14.849996566772461,15.635710716247559,14.220959663391113,62422575.0
2020-08-04,GLOBAL.BK,15.714282035827637,16.028568267822266,15.321425437927246,16.028568267822266,14.578269958496094,33904824.0
2020-08-05,GLOBAL.BK,16.028568267822266,16.107139587402344,15.55713939666748,15.871424674987793,14.435345649719238,17302985.0
2020-08-06,GLOBAL.BK,15.949996948242188,16.028568267822266,15.399996757507324,15.55713939666748,14.149497985839844,12977620.0
2020-08-07,GLOBAL.BK,15.478568077087402,15.871424674987793,15.085710525512695,15.55713939666748,14.149497985839844,15042111.0
2020-08-10,GLOBAL.BK,15.635710716247559,15.714282035827637,15.399996757507324,15.478568077087402,14.078034400939941,5800073.0
2020-08-11,GLOBAL.BK,15.635710716247559,15.949996948242188,15.085710525512695,15.085710525512695,13.720724105834961,15049620.0
2020-08-13,GLOBAL.BK,15.321425437927246,15.321425437927246,14.45713996887207,14.614282608032227,13.291952133178711,22250458.0
2020-08-14,GLOBAL.BK,14.614282608032227,15.399996757507324,14.45713996887207,15.085710525512695,13.720724105834961,11643674.0
2020-08-17,GLOBAL.BK,15.085710525512695,15.399996757507324,14.849996566772461,15.242854118347168,13.863649368286133,8816565.0
2020-08-18,GLOBAL.BK,15.242854118347168,15.714282035827637,15.164281845092773,15.55713939666748,14.149497985839844,18368257.0
2020-08-19,GLOBAL.BK,15.792854309082031,16.028568267822266,15.164281845092773,15.55713939666748,14.149497985839844,25236913.0
2020-08-20,GLOBAL.BK,15.478568077087402,15.635710716247559,15.164281845092773,15.321425437927246,13.935111045837402,12279020.0
2020-08-21,GLOBAL.BK,15.399996757507324,15.792854309082031,15.242854118347168,15.714282035827637,14.292421340942383,12698256.0
2020-08-24,GLOBAL.BK,15.871424674987793,16.185710906982422,15.792854309082031,16.028568267822266,14.578269958496094,29281132.0
2020-08-25,GLOBAL.BK,16.028568267822266,16.499996185302734,15.949996948242188,15.949996948242188,14.50680923461914,17515785.0
2020-08-26,GLOBAL.BK,16.028568267822266,16.028568267822266,15.478568077087402,15.949996948242188,14.50680923461914,19666821.0
2020-08-27,GLOBAL.BK,15.792854309082031,16.107139587402344,15.635710716247559,15.949996948242188,14.50680923461914,11827584.0
2020-08-28,GLOBAL.BK,15.871424674987793,15.949996948242188,15.55713939666748,15.635710716247559,14.220959663391113,12773220.0
2020-08-31,GLOBAL.BK,15.635710716247559,16.107139587402344,15.478568077087402,16.107139587402344,14.64973258972168,19959930.0
2020-09-01,GLOBAL.BK,16.107139587402344,16.107139587402344,15.55713939666748,15.635710716247559,14.220959663391113,21193967.0
2020-09-02,GLOBAL.BK,15.55713939666748,16.107139587402344,15.478568077087402,16.028568267822266,14.578269958496094,12342529.0
2020-09-03,GLOBAL.BK,16.107139587402344,16.107139587402344,15.792854309082031,15.792854309082031,14.363884925842285,3925982.0
2020-09-08,GLOBAL.BK,15.635710716247559,15.871424674987793,15.55713939666748,15.55713939666748,14.149497985839844,5070928.0
2020-09-09,GLOBAL.BK,15.399996757507324,15.792854309082031,15.164281845092773,15.55713939666748,14.149497985839844,8080165.0
2020-09-10,GLOBAL.BK,15.714282035827637,15.792854309082031,15.55713939666748,15.714282035827637,14.292421340942383,3848600.0
2020-09-11,GLOBAL.BK,15.55713939666748,15.714282035827637,15.085710525512695,15.085710525512695,13.720724105834961,16582748.0
2020-09-14,GLOBAL.BK,15.164281845092773,15.321425437927246,14.142853736877441,14.771425247192383,13.43487548828125,23613677.0
2020-09-15,GLOBAL.BK,14.771425247192383,14.928567886352539,14.614282608032227,14.771425247192383,13.43487548828125,10619129.0
2020-09-16,GLOBAL.BK,14.692853927612305,15.321425437927246,14.692853927612305,15.242854118347168,13.863649368286133,8098110.0
2020-09-17,GLOBAL.BK,15.007140159606934,15.242854118347168,14.928567886352539,15.242854118347168,13.863649368286133,5959546.0
2020-09-18,GLOBAL.BK,15.242854118347168,15.399996757507324,15.085710525512695,15.399996757507324,14.006573677062988,4851764.0
2020-09-21,GLOBAL.BK,15.55713939666748,15.55713939666748,14.849996566772461,15.085710525512695,13.720724105834961,9568619.0
2020-09-22,GLOBAL.BK,14.928567886352539,15.55713939666748,14.849996566772461,15.478568077087402,14.078034400939941,13202766.0
2020-09-23,GLOBAL.BK,15.478568077087402,15.55713939666748,15.164281845092773,15.321425437927246,13.935111045837402,11598620.0
2020-09-24,GLOBAL.BK,15.321425437927246,15.478568077087402,15.085710525512695,15.321425437927246,13.935111045837402,10387492.0
2020-09-25,GLOBAL.BK,15.321425437927246,15.399996757507324,15.007140159606934,15.164281845092773,13.792186737060547,8813383.0
2020-09-28,GLOBAL.BK,15.321425437927246,15.949996948242188,15.242854118347168,15.714282035827637,14.292421340942383,13783384.0
2020-09-29,GLOBAL.BK,15.714282035827637,15.871424674987793,15.478568077087402,15.792854309082031,14.363884925842285,11278911.0
2020-09-30,GLOBAL.BK,15.871424674987793,15.871424674987793,15.321425437927246,15.871424674987793,14.435345649719238,15536948.0
2020-10-01,GLOBAL.BK,15.871424674987793,15.871424674987793,15.399996757507324,15.55713939666748,14.149497985839844,9917729.0
2020-10-02,GLOBAL.BK,15.399996757507324,15.635710716247559,15.085710525512695,15.242854118347168,13.863649368286133,17772748.0
2020-10-05,GLOBAL.BK,15.399996757507324,15.399996757507324,15.085710525512695,15.242854118347168,13.863649368286133,12921111.0
2020-10-06,GLOBAL.BK,15.321425437927246,15.321425437927246,14.928567886352539,15.007140159606934,13.649263381958008,7478546.0
2020-10-07,GLOBAL.BK,14.928567886352539,15.55713939666748,14.849996566772461,15.55713939666748,14.149497985839844,15351130.0
2020-10-08,GLOBAL.BK,15.399996757507324,15.55713939666748,15.242854118347168,15.399996757507324,14.006573677062988,10770711.0
2020-10-09,GLOBAL.BK,15.242854118347168,15.321425437927246,14.849996566772461,15.007140159606934,13.649263381958008,14754475.0
2020-10-12,GLOBAL.BK,14.928567886352539,15.242854118347168,14.849996566772461,14.849996566772461,13.506339073181152,8465928.0
2020-10-14,GLOBAL.BK,14.771425247192383,15.242854118347168,14.692853927612305,15.007140159606934,13.649263381958008,12715820.0
2020-10-15,GLOBAL.BK,14.771425247192383,14.849996566772461,14.535711288452148,14.771425247192383,13.43487548828125,17537548.0
2020-10-16,GLOBAL.BK,14.771425247192383,15.007140159606934,14.299997329711914,14.45713996887207,13.149028778076172,10798583.0
2020-10-19,GLOBAL.BK,14.142853736877441,14.22142505645752,13.671425819396973,13.828568458557129,12.57733154296875,14325820.0
2020-10-20,GLOBAL.BK,13.74999713897705,14.614282608032227,13.74999713897705,14.22142505645752,12.93464183807373,10877620.0
2020-10-21,GLOBAL.BK,14.22142505645752,14.45713996887207,14.142853736877441,14.299997329711914,13.006104469299316,9756092.0
2020-10-22,GLOBAL.BK,14.22142505645752,14.614282608032227,14.06428337097168,14.45713996887207,13.149028778076172,10726420.0
2020-10-26,GLOBAL.BK,14.692853927612305,14.771425247192383,14.45713996887207,14.614282608032227,13.291952133178711,12415965.0
2020-10-27,GLOBAL.BK,14.378567695617676,14.771425247192383,14.299997329711914,14.535711288452148,13.220490455627441,10323092.0
2020-10-28,GLOBAL.BK,14.692853927612305,14.928567886352539,14.535711288452148,14.771425247192383,13.43487548828125,10524183.0
2020-10-29,GLOBAL.BK,13.74999713897705,13.985711097717285,12.492854118347168,13.514283180236816,12.291482925415039,48978372.0
2020-10-30,GLOBAL.BK,13.042854309082031,13.199996948242188,12.335712432861328,12.492854118347168,11.36247444152832,55441410.0
2020-11-02,GLOBAL.BK,12.571426391601562,13.042854309082031,12.41428279876709,12.807140350341797,11.648324012756348,29931496.0
2020-11-03,GLOBAL.BK,12.964282989501953,12.964282989501953,12.728569030761719,12.807140350341797,11.648324012756348,12603947.0
2020-11-04,GLOBAL.BK,12.807140350341797,12.964282989501953,12.649996757507324,12.885710716247559,11.7197847366333,8448365.0
2020-11-05,GLOBAL.BK,13.042854309082031,13.357139587402344,12.807140350341797,13.278568267822266,12.077095985412598,15736893.0
2020-11-06,GLOBAL.BK,13.199996948242188,13.278568267822266,12.728569030761719,12.728569030761719,11.576862335205078,15134002.0
2020-11-09,GLOBAL.BK,12.807140350341797,13.199996948242188,12.728569030761719,12.885710716247559,11.7197847366333,11237292.0
2020-11-10,GLOBAL.BK,12.492854118347168,12.807140350341797,12.41428279876709,12.649996757507324,11.505399703979492,39928389.0
2020-11-11,GLOBAL.BK,12.885710716247559,13.12142562866211,12.728569030761719,12.885710716247559,11.7197847366333,15320457.0
2020-11-12,GLOBAL.BK,12.964282989501953,12.964282989501953,12.649996757507324,12.807140350341797,11.648324012756348,11034802.0
2020-11-13,GLOBAL.BK,12.728569030761719,13.12142562866211,12.728569030761719,12.964282989501953,11.791248321533203,15979730.0
2020-11-16,GLOBAL.BK,13.12142562866211,13.12142562866211,12.728569030761719,12.807140350341797,11.648324012756348,9449365.0
2020-11-17,GLOBAL.BK,12.807140350341797,13.042854309082031,12.649996757507324,12.807140350341797,11.648324012756348,14916875.0
2020-11-18,GLOBAL.BK,12.807140350341797,13.199996948242188,12.728569030761719,13.199996948242188,12.005634307861328,21093803.0
2020-11-19,GLOBAL.BK,13.042854309082031,13.199996948242188,12.885710716247559,13.042854309082031,11.862709045410156,11897711.0
2020-11-20,GLOBAL.BK,13.042854309082031,13.278568267822266,13.042854309082031,13.042854309082031,11.862709045410156,11568711.0
2020-11-23,GLOBAL.BK,13.199996948242188,14.22142505645752,13.12142562866211,13.907139778137207,12.64879322052002,29166459.0
2020-11-24,GLOBAL.BK,13.985711097717285,14.06428337097168,13.514283180236816,13.592853546142578,12.362943649291992,15469621.0
2020-11-25,GLOBAL.BK,13.828568458557129,13.828568458557129,13.12142562866211,13.357139587402344,12.148558616638184,21223113.0
2020-11-26,GLOBAL.BK,13.357139587402344,13.671425819396973,13.278568267822266,13.592853546142578,12.362943649291992,8093146.0
2020-11-27,GLOBAL.BK,13.671425819396973,13.828568458557129,13.435710906982422,13.671425819396973,12.434407234191895,8363346.0
2020-11-30,GLOBAL.BK,13.907139778137207,14.378567695617676,13.828568458557129,14.22142505645752,12.93464183807373,37636206.0
2020-12-01,GLOBAL.BK,14.299997329711914,14.378567695617676,13.907139778137207,14.06428337097168,12.791718482971191,21436167.0
2020-12-02,GLOBAL.BK,14.142853736877441,14.299997329711914,13.985711097717285,14.142853736877441,12.863179206848145,14886839.0
2020-12-03,GLOBAL.BK,14.22142505645752,14.299997329711914,14.06428337097168,14.06428337097168,12.791718482971191,9900038.0
2020-12-04,GLOBAL.BK,14.06428337097168,14.22142505645752,13.985711097717285,14.06428337097168,12.791718482971191,14692748.0
2020-12-08,GLOBAL.BK,14.06428337097168,14.22142505645752,13.671425819396973,13.74999713897705,12.505868911743164,18194530.0
2020-12-09,GLOBAL.BK,13.907139778137207,13.907139778137207,13.592853546142578,13.592853546142578,12.362943649291992,19233330.0
2020-12-14,GLOBAL.BK,13.435710906982422,13.74999713897705,13.357139587402344,13.435710906982422,12.220020294189453,12904184.0
2020-12-15,GLOBAL.BK,13.435710906982422,13.592853546142578,13.357139587402344,13.357139587402344,12.148558616638184,6614873.0
2020-12-16,GLOBAL.BK,13.435710906982422,13.592853546142578,13.357139587402344,13.435710906982422,12.220020294189453,5772328.0
2020-12-17,GLOBAL.BK,13.592853546142578,14.692853927612305,13.592853546142578,14.45713996887207,13.149028778076172,49839245.0
2020-12-18,GLOBAL.BK,14.45713996887207,14.614282608032227,14.299997329711914,14.45713996887207,13.149028778076172,18586148.0
2020-12-21,GLOBAL.BK,13.74999713897705,14.142853736877441,13.592853546142578,13.74999713897705,12.505868911743164,21400403.0
2020-12-22,GLOBAL.BK,13.828568458557129,14.142853736877441,13.514283180236816,13.828568458557129,12.57733154296875,13328129.0
2020-12-23,GLOBAL.BK,13.828568458557129,13.985711097717285,13.514283180236816,13.592853546142578,12.362943649291992,13745711.0
2020-12-24,GLOBAL.BK,13.671425819396973,13.907139778137207,13.357139587402344,13.671425819396973,12.434407234191895,11486111.0
2020-12-25,GLOBAL.BK,13.907139778137207,14.06428337097168,13.671425819396973,13.74999713897705,12.505868911743164,7123201.0
2020-12-28,GLOBAL.BK,13.985711097717285,13.985711097717285,13.514283180236816,13.592853546142578,12.362943649291992,7428401.0
2020-12-29,GLOBAL.BK,13.74999713897705,13.828568458557129,13.357139587402344,13.828568458557129,12.57733154296875,12454529.0
2020-12-30,GLOBAL.BK,13.828568458557129,13.907139778137207,13.357139587402344,13.357139587402344,12.148558616638184,11050711.0
2021-01-04,GLOBAL.BK,13.357139587402344,13.435710906982422,12.885710716247559,13.435710906982422,12.220020294189453,12244529.0
2021-01-05,GLOBAL.BK,13.435710906982422,13.74999713897705,13.199996948242188,13.592853546142578,12.362943649291992,15309384.0
2021-01-06,GLOBAL.BK,13.74999713897705,13.907139778137207,13.278568267822266,13.357139587402344,12.148558616638184,22229967.0
2021-01-07,GLOBAL.BK,13.435710906982422,14.142853736877441,13.435710906982422,13.907139778137207,12.64879322052002,35683715.0
2021-01-08,GLOBAL.BK,14.142853736877441,14.299997329711914,13.985711097717285,14.299997329711914,13.006104469299316,25133441.0
2021-01-11,GLOBAL.BK,14.299997329711914,14.45713996887207,14.06428337097168,14.299997329711914,13.006104469299316,15957457.0
2021-01-12,GLOBAL.BK,14.299997329711914,14.378567695617676,13.828568458557129,14.299997329711914,13.006104469299316,29407387.0
2021-01-13,GLOBAL.BK,14.378567695617676,14.692853927612305,14.299997329711914,14.299997329711914,13.006104469299316,22092640.0
2021-01-14,GLOBAL.BK,14.299997329711914,14.535711288452148,14.06428337097168,14.22142505645752,12.93464183807373,19524276.0
2021-01-15,GLOBAL.BK,14.142853736877441,14.22142505645752,13.828568458557129,14.06428337097168,12.791718482971191,17034312.0
2021-01-18,GLOBAL.BK,13.985711097717285,14.22142505645752,13.907139778137207,13.985711097717285,12.720254898071289,5563601.0
2021-01-19,GLOBAL.BK,14.06428337097168,15.085710525512695,14.06428337097168,14.614282608032227,13.291952133178711,48240572.0
2021-01-20,GLOBAL.BK,14.771425247192383,14.928567886352539,14.614282608032227,14.614282608032227,13.291952133178711,25907386.0
2021-01-21,GLOBAL.BK,14.771425247192383,15.164281845092773,14.692853927612305,15.007140159606934,13.649263381958008,33049551.0
2021-01-22,GLOBAL.BK,15.007140159606934,15.399996757507324,15.007140159606934,15.321425437927246,13.935111045837402,26392804.0
2021-01-25,GLOBAL.BK,15.635710716247559,16.65713882446289,15.399996757507324,16.65713882446289,15.149967193603516,61136993.0
2021-01-26,GLOBAL.BK,16.421424865722656,16.65713882446289,16.028568267822266,16.499996185302734,15.007043838500977,37604388.0
2021-01-27,GLOBAL.BK,16.814281463623047,16.814281463623047,15.871424674987793,15.949996948242188,14.50680923461914,24860059.0
2021-01-28,GLOBAL.BK,15.635710716247559,16.185710906982422,15.478568077087402,15.871424674987793,14.435345649719238,28235714.0
2021-01-29,GLOBAL.BK,16.028568267822266,16.421424865722656,15.949996948242188,16.342853546142578,14.864117622375488,23557549.0
2021-02-01,GLOBAL.BK,16.185710906982422,16.2642822265625,15.635710716247559,15.871424674987793,14.435345649719238,13886475.0
2021-02-02,GLOBAL.BK,15.949996948242188,16.185710906982422,15.792854309082031,16.107139587402344,14.64973258972168,10284656.0
2021-02-03,GLOBAL.BK,16.2642822265625,16.342853546142578,15.792854309082031,15.949996948242188,14.50680923461914,7052310.0
2021-02-04,GLOBAL.BK,16.028568267822266,16.2642822265625,15.792854309082031,16.185710906982422,14.72119426727295,9158801.0
2021-02-05,GLOBAL.BK,16.342853546142578,16.65713882446289,16.107139587402344,16.578567504882812,15.078505516052246,29675041.0
2021-02-08,GLOBAL.BK,16.65713882446289,16.892854690551758,16.342853546142578,16.421424865722656,14.93558120727539,20357021.0
2021-02-09,GLOBAL.BK,16.65713882446289,16.73571014404297,16.2642822265625,16.342853546142578,14.864117622375488,13118766.0
2021-02-10,GLOBAL.BK,16.421424865722656,16.421424865722656,15.949996948242188,16.028568267822266,14.578269958496094,17308330.0
2021-02-11,GLOBAL.BK,15.714282035827637,16.028568267822266,15.55713939666748,15.871424674987793,14.435345649719238,32925715.0
2021-02-15,GLOBAL.BK,15.714282035827637,15.792854309082031,15.55713939666748,15.714282035827637,14.292421340942383,16140984.0
2021-02-16,GLOBAL.BK,15.871424674987793,15.871424674987793,15.635710716247559,15.714282035827637,14.292421340942383,11581311.0
2021-02-17,GLOBAL.BK,15.714282035827637,15.792854309082031,15.55713939666748,15.714282035827637,14.292421340942383,10151783.0
2021-02-18,GLOBAL.BK,15.792854309082031,16.342853546142578,15.714282035827637,16.2642822265625,14.792656898498535,20664512.0
2021-02-19,GLOBAL.BK,16.2642822265625,16.342853546142578,15.792854309082031,15.871424674987793,14.435345649719238,12954202.0
2021-02-22,GLOBAL.BK,15.949996948242188,16.2642822265625,15.949996948242188,16.028568267822266,14.578269958496094,8188601.0
2021-02-23,GLOBAL.BK,16.185710906982422,16.2642822265625,15.949996948242188,16.107139587402344,14.64973258972168,10228910.0
2021-02-24,GLOBAL.BK,16.346431732177734,16.59286117553711,16.017860412597656,16.26428985595703,14.933594703674316,18295438.0
2021-02-25,GLOBAL.BK,16.346431732177734,17.167861938476562,16.26428985595703,17.00357437133789,15.61239242553711,19798673.0
2021-03-01,GLOBAL.BK,17.00357437133789,17.414289474487305,16.75714683532715,17.00357437133789,15.61239242553711,10971492.0
2021-03-02,GLOBAL.BK,16.921432495117188,17.250003814697266,16.75714683532715,17.250003814697266,15.83866024017334,10476623.0
2021-03-03,GLOBAL.BK,17.414289474487305,17.742860794067383,17.250003814697266,17.578575134277344,16.140348434448242,24943976.0
2021-03-04,GLOBAL.BK,17.496431350708008,17.578575134277344,16.83928871154785,16.921432495117188,15.536971092224121,21116864.0
2021-03-05,GLOBAL.BK,16.59286117553711,17.00357437133789,16.59286117553711,17.00357437133789,15.61239242553711,11312727.0
2021-03-08,GLOBAL.BK,17.167861938476562,17.167861938476562,16.675003051757812,16.75714683532715,15.386127471923828,10320432.0
2021-03-09,GLOBAL.BK,16.675003051757812,17.3321475982666,16.59286117553711,17.167861938476562,15.763239860534668,25370184.0
2021-03-10,GLOBAL.BK,17.085718154907227,17.414289474487305,16.921432495117188,17.085718154907227,15.687813758850098,16125561.0
2021-03-11,GLOBAL.BK,17.085718154907227,17.414289474487305,17.00357437133789,17.250003814697266,15.83866024017334,21987542.0
2021-03-12,GLOBAL.BK,17.414289474487305,17.82500457763672,17.3321475982666,17.66071891784668,16.215770721435547,19795021.0
2021-03-15,GLOBAL.BK,17.742860794067383,17.82500457763672,17.3321475982666,17.496431350708008,16.064926147460938,9120084.0
2021-03-16,GLOBAL.BK,17.578575134277344,17.66071891784668,17.250003814697266,17.414289474487305,15.989503860473633,8755963.0
2021-03-17,GLOBAL.BK,17.414289474487305,17.82500457763672,17.3321475982666,17.3321475982666,15.914083480834961,11903527.0
2021-03-18,GLOBAL.BK,17.496431350708008,17.578575134277344,17.085718154907227,17.167861938476562,15.763239860534668,7413667.0
2021-03-19,GLOBAL.BK,17.085718154907227,17.414289474487305,16.921432495117188,16.921432495117188,15.536971092224121,9028780.0
2021-03-22,GLOBAL.BK,17.00357437133789,17.907146453857422,17.00357437133789,17.66071891784668,16.215770721435547,18551334.0
2021-03-23,GLOBAL.BK,17.742860794067383,17.742860794067383,17.167861938476562,17.414289474487305,15.989503860473633,13332014.0
2021-03-24,GLOBAL.BK,17.3321475982666,17.414289474487305,17.085718154907227,17.3321475982666,15.914083480834961,3724120.0
2021-03-25,GLOBAL.BK,17.250003814697266,17.3321475982666,17.00357437133789,17.085718154907227,15.687813758850098,9885458.0
2021-03-26,GLOBAL.BK,17.167861938476562,17.414289474487305,17.085718154907227,17.3321475982666,15.914083480834961,6848189.0
2021-03-29,GLOBAL.BK,17.250003814697266,17.414289474487305,17.085718154907227,17.167861938476562,15.763239860534668,10036780.0
2021-03-30,GLOBAL.BK,17.167861938476562,17.496431350708008,17.167861938476562,17.3321475982666,15.914083480834961,6288554.0
2021-03-31,GLOBAL.BK,17.3321475982666,17.414289474487305,17.00357437133789,17.085718154907227,15.687813758850098,8298954.0
2021-04-01,GLOBAL.BK,17.167861938476562,17.578575134277344,17.085718154907227,17.496431350708008,16.064926147460938,9767371.0
2021-04-02,GLOBAL.BK,17.66071891784668,17.66071891784668,17.3321475982666,17.496431350708008,16.064926147460938,9403249.0
2021-04-05,GLOBAL.BK,17.578575134277344,17.578575134277344,17.167861938476562,17.250003814697266,15.83866024017334,3897964.0
2021-04-07,GLOBAL.BK,17.085718154907227,17.496431350708008,17.00357437133789,17.167861938476562,15.763239860534668,12053266.0
2021-04-08,GLOBAL.BK,17.167861938476562,17.3321475982666,16.83928871154785,17.250003814697266,15.83866024017334,13365127.0
2021-04-09,GLOBAL.BK,17.496431350708008,17.907146453857422,17.414289474487305,17.66071891784668,16.215770721435547,23053733.0
2021-04-12,GLOBAL.BK,17.742860794067383,17.742860794067383,17.3321475982666,17.414289474487305,15.989503860473633,6354415.0
2021-04-16,GLOBAL.BK,17.414289474487305,18.153575897216797,17.414289474487305,17.907146453857422,16.44203758239746,15314535.0
2021-04-19,GLOBAL.BK,18.153575897216797,19.221433639526367,18.07143211364746,18.810718536376953,17.271684646606445,30759940.0
2021-04-20,GLOBAL.BK,18.810718536376953,18.892860412597656,18.317861557006836,18.482147216796875,16.96999168395996,13344553.0
2021-04-21,GLOBAL.BK,18.2357177734375,18.810718536376953,18.2357177734375,18.646432876586914,17.12083625793457,9841632.0
2021-04-22,GLOBAL.BK,18.72857666015625,18.975004196166992,18.482147216796875,18.646432876586914,17.12083625793457,7521528.0
2021-04-23,GLOBAL.BK,18.564289093017578,18.892860412597656,18.40000343322754,18.646432876586914,17.12083625793457,9538136.0
2021-04-26,GLOBAL.BK,18.72857666015625,19.13928985595703,18.482147216796875,18.892860412597656,17.347105026245117,12927475.0
2021-04-27,GLOBAL.BK,19.13928985595703,19.960718154907227,18.646432876586914,18.810718536376953,17.271684646606445,41897728.0
2021-04-28,GLOBAL.BK,18.892860412597656,19.057146072387695,18.482147216796875,18.564289093017578,17.0454158782959,14762083.0
2021-04-29,GLOBAL.BK,18.810718536376953,19.221433639526367,18.646432876586914,19.057146072387695,17.497949600219727,22899855.0
2021-04-30,GLOBAL.BK,18.892860412597656,19.13928985595703,18.2357177734375,18.40000343322754,16.894569396972656,23283333.0
2021-05-05,GLOBAL.BK,19.63214683532715,19.796432495117188,18.72857666015625,19.13928985595703,17.5733699798584,52039569.0
2021-05-06,GLOBAL.BK,19.13928985595703,19.46786117553711,18.72857666015625,19.057146072387695,17.497949600219727,20482481.0
2021-05-07,GLOBAL.BK,19.221433639526367,19.46786117553711,18.892860412597656,19.057146072387695,17.497949600219727,12932953.0
2021-05-10,GLOBAL.BK,19.221433639526367,19.30357551574707,18.975004196166992,19.221433639526367,17.648792266845703,5371129.0
2021-05-11,GLOBAL.BK,18.975004196166992,19.221433639526367,18.40000343322754,18.40000343322754,16.894569396972656,28839749.0
2021-05-12,GLOBAL.BK,18.482147216796875,19.30357551574707,18.40000343322754,19.13928985595703,17.5733699798584,24794724.0
2021-05-13,GLOBAL.BK,18.810718536376953,19.30357551574707,17.742860794067383,18.810718536376953,17.271684646606445,19672673.0
2021-05-14,GLOBAL.BK,18.810718536376953,18.892860412597656,18.153575897216797,18.564289093017578,17.0454158782959,14110413.0
2021-05-17,GLOBAL.BK,18.2357177734375,18.564289093017578,17.578575134277344,17.989290237426758,16.5174617767334,26956080.0
2021-05-18,GLOBAL.BK,18.07143211364746,18.2357177734375,17.82500457763672,18.07143211364746,16.59288215637207,8138258.0
2021-05-19,GLOBAL.BK,17.82500457763672,18.72857666015625,17.82500457763672,18.564289093017578,17.0454158782959,16758482.0
2021-05-20,GLOBAL.BK,18.317861557006836,18.72857666015625,18.2357177734375,18.2357177734375,16.74372673034668,13955074.0
2021-05-21,GLOBAL.BK,18.2357177734375,18.40000343322754,17.907146453857422,17.989290237426758,16.5174617767334,13323127.0
2021-05-24,GLOBAL.BK,17.907146453857422,18.07143211364746,17.66071891784668,17.82500457763672,16.366615295410156,8042328.0
2021-05-25,GLOBAL.BK,17.82500457763672,17.989290237426758,17.496431350708008,17.496431350708008,16.064926147460938,18789943.0
2021-05-27,GLOBAL.BK,17.578575134277344,17.82500457763672,17.414289474487305,17.496431350708008,16.064926147460938,13915266.0
2021-05-28,GLOBAL.BK,17.496431350708008,17.66071891784668,17.085718154907227,17.250003814697266,15.83866024017334,21889420.0
2021-05-31,GLOBAL.BK,17.66071891784668,17.66071891784668,17.085718154907227,17.414289474487305,15.989503860473633,18125247.0
2021-06-01,GLOBAL.BK,17.414289474487305,17.989290237426758,17.3321475982666,17.82500457763672,16.366615295410156,36328164.0
2021-06-02,GLOBAL.BK,17.82500457763672,18.07143211364746,17.742860794067383,17.82500457763672,16.366615295410156,13186048.0
2021-06-04,GLOBAL.BK,17.82500457763672,17.989290237426758,17.578575134277344,17.907146453857422,16.44203758239746,15478761.0
2021-06-07,GLOBAL.BK,18.153575897216797,18.40000343322754,18.07143211364746,18.07143211364746,16.59288215637207,15367248.0
2021-06-08,GLOBAL.BK,18.153575897216797,18.40000343322754,17.989290237426758,18.2357177734375,16.74372673034668,10427806.0
2021-06-09,GLOBAL.BK,18.153575897216797,18.317861557006836,18.07143211364746,18.153575897216797,16.668304443359375,6460450.0
2021-06-10,GLOBAL.BK,18.2357177734375,18.2357177734375,17.742860794067383,17.907146453857422,16.44203758239746,8602084.0
2021-06-11,GLOBAL.BK,17.907146453857422,18.07143211364746,17.742860794067383,17.989290237426758,16.5174617767334,9877910.0
2021-06-14,GLOBAL.BK,17.989290237426758,18.07143211364746,17.578575134277344,17.66071891784668,16.215770721435547,9930867.0
2021-06-15,GLOBAL.BK,17.496431350708008,17.907146453857422,17.3321475982666,17.578575134277344,16.140348434448242,14350483.0
2021-06-16,GLOBAL.BK,17.742860794067383,17.989290237426758,17.66071891784668,17.907146453857422,16.44203758239746,9236345.0
2021-06-17,GLOBAL.BK,17.742860794067383,17.907146453857422,17.167861938476562,17.3321475982666,15.914083480834961,18912777.0
2021-06-18,GLOBAL.BK,17.414289474487305,17.578575134277344,17.3321475982666,17.496431350708008,16.064926147460938,8465615.0
2021-06-21,GLOBAL.BK,17.250003814697266,17.414289474487305,17.250003814697266,17.3321475982666,15.914083480834961,6123354.0
2021-06-22,GLOBAL.BK,17.3321475982666,17.578575134277344,17.250003814697266,17.414289474487305,15.989503860473633,4206816.0
2021-06-23,GLOBAL.BK,17.496431350708008,17.496431350708008,17.085718154907227,17.250003814697266,15.83866024017334,5425789.0
2021-06-24,GLOBAL.BK,17.167861938476562,17.167861938476562,16.675003051757812,17.00357437133789,15.61239242553711,13460814.0
2021-06-25,GLOBAL.BK,17.00357437133789,17.085718154907227,16.675003051757812,16.921432495117188,15.536971092224121,10824919.0
2021-06-28,GLOBAL.BK,16.675003051757812,17.00357437133789,16.59286117553711,17.00357437133789,15.61239242553711,5375633.0
2021-06-29,GLOBAL.BK,17.00357437133789,17.167861938476562,16.75714683532715,16.83928871154785,15.461548805236816,8182571.0
2021-06-30,GLOBAL.BK,17.085718154907227,17.085718154907227,16.75714683532715,16.921432495117188,15.536971092224121,10840745.0
2021-07-01,GLOBAL.BK,17.167861938476562,17.742860794067383,17.00357437133789,17.3321475982666,15.914083480834961,25333054.0
2021-07-02,GLOBAL.BK,17.250003814697266,17.907146453857422,17.250003814697266,17.578575134277344,16.140348434448242,20830777.0
2021-07-05,GLOBAL.BK,17.82500457763672,18.892860412597656,17.742860794067383,18.72857666015625,17.196258544921875,35095312.0
2021-07-06,GLOBAL.BK,18.892860412597656,19.550003051757812,18.892860412597656,19.385719299316406,17.799636840820312,34935226.0
2021-07-07,GLOBAL.BK,19.30357551574707,19.714290618896484,19.057146072387695,19.714290618896484,18.101327896118164,19423960.0
2021-07-08,GLOBAL.BK,19.550003051757812,19.796432495117188,19.221433639526367,19.714290618896484,18.101327896118164,25269019.0
2021-07-09,GLOBAL.BK,19.796432495117188,19.878576278686523,18.975004196166992,19.221433639526367,17.648792266845703,17106169.0
2021-07-12,GLOBAL.BK,19.221433639526367,19.63214683532715,19.057146072387695,19.385719299316406,17.799636840820312,10373266.0
2021-07-13,GLOBAL.BK,19.550003051757812,20.1250057220459,19.550003051757812,20.042861938476562,18.40301513671875,20104481.0
2021-07-14,GLOBAL.BK,20.289289474487305,20.289289474487305,19.796432495117188,19.960718154907227,18.327590942382812,10329319.0
2021-07-15,GLOBAL.BK,19.878576278686523,20.042861938476562,19.30357551574707,19.714290618896484,18.101327896118164,12148223.0
2021-07-16,GLOBAL.BK,19.714290618896484,19.960718154907227,19.550003051757812,19.878576278686523,18.25217056274414,5889615.0
2021-07-19,GLOBAL.BK,19.550003051757812,20.2071475982666,19.550003051757812,19.796432495117188,18.176748275756836,10512171.0
2021-07-20,GLOBAL.BK,19.63214683532715,20.042861938476562,19.221433639526367,19.550003051757812,17.950481414794922,11855683.0
2021-07-21,GLOBAL.BK,19.714290618896484,20.289289474487305,19.550003051757812,19.878576278686523,18.25217056274414,13541527.0
2021-07-22,GLOBAL.BK,20.042861938476562,20.042861938476562,19.714290618896484,19.714290618896484,18.101327896118164,5599998.0
2021-07-23,GLOBAL.BK,19.714290618896484,19.878576278686523,19.30357551574707,19.550003051757812,17.950481414794922,6617007.0
2021-07-27,GLOBAL.BK,19.550003051757812,19.714290618896484,19.30357551574707,19.550003051757812,17.950481414794922,5365407.0
2021-07-29,GLOBAL.BK,19.63214683532715,19.714290618896484,18.810718536376953,19.13928985595703,17.5733699798584,15177822.0
2021-07-30,GLOBAL.BK,19.13928985595703,19.13928985595703,18.40000343322754,18.72857666015625,17.196258544921875,16432100.0
2021-08-02,GLOBAL.BK,19.057146072387695,19.63214683532715,18.810718536376953,19.057146072387695,17.497949600219727,25082150.0
2021-08-03,GLOBAL.BK,19.13928985595703,19.30357551574707,18.646432876586914,18.810718536376953,17.271684646606445,14594692.0
2021-08-04,GLOBAL.BK,18.892860412597656,18.892860412597656,17.989290237426758,18.2357177734375,16.74372673034668,28115279.0
2021-08-05,GLOBAL.BK,18.153575897216797,18.317861557006836,17.3321475982666,17.578575134277344,16.140348434448242,31217070.0
2021-08-06,GLOBAL.BK,17.414289474487305,17.742860794067383,17.085718154907227,17.3321475982666,15.914083480834961,15811230.0
2021-08-09,GLOBAL.BK,17.3321475982666,17.82500457763672,17.167861938476562,17.496431350708008,16.064926147460938,11970118.0
2021-08-10,GLOBAL.BK,17.250003814697266,17.578575134277344,17.085718154907227,17.167861938476562,15.763239860534668,15220309.0
2021-08-11,GLOBAL.BK,17.167861938476562,17.3321475982666,16.83928871154785,17.085718154907227,15.687813758850098,19571873.0
2021-08-13,GLOBAL.BK,17.00357437133789,17.742860794067383,17.00357437133789,17.496431350708008,16.064926147460938,28849610.0
2021-08-16,GLOBAL.BK,17.578575134277344,17.578575134277344,17.167861938476562,17.496431350708008,16.064926147460938,12165510.0
2021-08-17,GLOBAL.BK,17.414289474487305,17.742860794067383,17.167861938476562,17.578575134277344,16.140348434448242,19074325.0
2021-08-18,GLOBAL.BK,17.578575134277344,17.742860794067383,17.250003814697266,17.414289474487305,15.989503860473633,15527213.0
2021-08-19,GLOBAL.BK,17.414289474487305,17.578575134277344,17.3321475982666,17.3321475982666,15.914083480834961,6680676.0
2021-08-20,GLOBAL.BK,17.3321475982666,17.578575134277344,17.3321475982666,17.3321475982666,15.914083480834961,9504049.0
2021-08-23,GLOBAL.BK,17.496431350708008,18.2357177734375,17.496431350708008,17.82500457763672,16.366615295410156,28713262.0
2021-08-24,GLOBAL.BK,17.989290237426758,18.153575897216797,17.414289474487305,17.578575134277344,16.140348434448242,26112428.0
2021-08-25,GLOBAL.BK,17.66071891784668,17.82500457763672,17.250003814697266,17.414289474487305,15.989503860473633,20961403.0
2021-08-26,GLOBAL.BK,17.3321475982666,17.66071891784668,17.250003814697266,17.414289474487305,15.989503860473633,14305439.0
2021-08-27,GLOBAL.BK,17.496431350708008,17.66071891784668,17.414289474487305,17.578575134277344,16.140348434448242,10838553.0
2021-08-30,GLOBAL.BK,17.742860794067383,18.153575897216797,17.66071891784668,17.989290237426758,16.5174617767334,31562322.0
2021-08-31,GLOBAL.BK,17.989290237426758,18.2357177734375,17.66071891784668,17.82500457763672,16.366615295410156,32753783.0
2021-09-01,GLOBAL.BK,17.742860794067383,17.907146453857422,17.496431350708008,17.66071891784668,16.215770721435547,17452882.0
2021-09-02,GLOBAL.BK,17.742860794067383,17.82500457763672,17.414289474487305,17.578575134277344,16.140348434448242,19990534.0
2021-09-03,GLOBAL.BK,17.66071891784668,17.742860794067383,17.3321475982666,17.578575134277344,16.140348434448242,11696327.0
2021-09-06,GLOBAL.BK,17.496431350708008,17.496431350708008,17.085718154907227,17.3321475982666,15.914083480834961,17994134.0
2021-09-07,GLOBAL.BK,17.414289474487305,17.496431350708008,16.83928871154785,16.921432495117188,15.536971092224121,24375454.0
2021-09-08,GLOBAL.BK,16.75714683532715,17.00357437133789,16.675003051757812,16.921432495117188,15.536971092224121,21952603.0
2021-09-09,GLOBAL.BK,17.085718154907227,17.250003814697266,16.921432495117188,17.085718154907227,15.687813758850098,21045159.0
2021-09-10,GLOBAL.BK,17.167861938476562,17.496431350708008,17.00357437133789,17.414289474487305,15.989503860473633,21514829.0
2021-09-13,GLOBAL.BK,17.3321475982666,17.742860794067383,17.167861938476562,17.578575134277344,16.140348434448242,17662395.0
2021-09-14,GLOBAL.BK,17.578575134277344,17.66071891784668,17.414289474487305,17.496431350708008,16.064926147460938,8985684.0
2021-09-15,GLOBAL.BK,17.496431350708008,17.578575134277344,17.414289474487305,17.496431350708008,16.064926147460938,10682484.0
2021-09-16,GLOBAL.BK,17.578575134277344,17.66071891784668,17.3321475982666,17.414289474487305,15.989503860473633,6918798.0
2021-09-17,GLOBAL.BK,17.414289474487305,17.66071891784668,17.3321475982666,17.578575134277344,16.140348434448242,14165926.0
2021-09-20,GLOBAL.BK,17.414289474487305,17.496431350708008,17.00357437133789,17.085718154907227,15.687813758850098,13803874.0
2021-09-21,GLOBAL.BK,17.00357437133789,17.167861938476562,16.75714683532715,17.167861938476562,15.763239860534668,10877753.0
2021-09-22,GLOBAL.BK,17.167861938476562,17.3321475982666,17.00357437133789,17.167861938476562,15.763239860534668,8458797.0
2021-09-23,GLOBAL.BK,17.085718154907227,17.167861938476562,17.00357437133789,17.167861938476562,15.763239860534668,7789719.0
2021-09-27,GLOBAL.BK,17.3321475982666,17.578575134277344,16.83928871154785,16.83928871154785,15.461548805236816,20589733.0
2021-09-28,GLOBAL.BK,16.921432495117188,17.3321475982666,16.75714683532715,16.921432495117188,15.536971092224121,18888186.0
2021-09-29,GLOBAL.BK,16.83928871154785,17.496431350708008,16.75714683532715,17.250003814697266,15.83866024017334,28251505.0
2021-09-30,GLOBAL.BK,17.3321475982666,17.414289474487305,17.00357437133789,17.167861938476562,15.763239860534668,10609927.0
2021-10-01,GLOBAL.BK,17.00357437133789,17.3321475982666,17.00357437133789,17.167861938476562,15.763239860534668,9170484.0
2021-10-04,GLOBAL.BK,17.167861938476562,17.3321475982666,17.00357437133789,17.085718154907227,15.687813758850098,10776953.0
2021-10-05,GLOBAL.BK,17.00357437133789,17.085718154907227,16.75714683532715,16.921432495117188,15.536971092224121,14358883.0
2021-10-06,GLOBAL.BK,16.921432495117188,17.250003814697266,16.921432495117188,17.00357437133789,15.61239242553711,8800519.0
2021-10-07,GLOBAL.BK,17.00357437133789,17.907146453857422,17.00357437133789,17.66071891784668,16.215770721435547,41965659.0
2021-10-08,GLOBAL.BK,17.82500457763672,18.153575897216797,17.742860794067383,17.82500457763672,16.366615295410156,26887662.0
2021-10-11,GLOBAL.BK,17.989290237426758,18.07143211364746,17.742860794067383,17.82500457763672,16.366615295410156,9736936.0
2021-10-12,GLOBAL.BK,17.989290237426758,17.989290237426758,17.578575134277344,17.66071891784668,16.215770721435547,12138483.0
2021-10-14,GLOBAL.BK,17.66071891784668,17.742860794067383,17.578575134277344,17.66071891784668,16.215770721435547,5174398.0
2021-10-15,GLOBAL.BK,17.66071891784668,17.742860794067383,17.414289474487305,17.578575134277344,16.140348434448242,8178310.0
2021-10-18,GLOBAL.BK,17.66071891784668,17.66071891784668,17.414289474487305,17.414289474487305,15.989503860473633,5369059.0
2021-10-19,GLOBAL.BK,17.578575134277344,18.07143211364746,17.496431350708008,17.82500457763672,16.366615295410156,25110271.0
2021-10-20,GLOBAL.BK,17.907146453857422,18.153575897216797,17.742860794067383,17.742860794067383,16.29119110107422,18199751.0
2021-10-21,GLOBAL.BK,17.742860794067383,17.82500457763672,17.3321475982666,17.496431350708008,16.064926147460938,19899716.0
2021-10-25,GLOBAL.BK,17.496431350708008,17.496431350708008,17.00357437133789,17.3321475982666,15.914083480834961,26580271.0
2021-10-26,GLOBAL.BK,17.3321475982666,17.3321475982666,17.00357437133789,17.167861938476562,15.763239860534668,11840588.0
2021-10-27,GLOBAL.BK,17.085718154907227,17.167861938476562,16.83928871154785,17.00357437133789,15.61239242553711,21712777.0
2021-10-28,GLOBAL.BK,16.921432495117188,16.921432495117188,16.675003051757812,16.75714683532715,15.386127471923828,22130585.0
2021-10-29,GLOBAL.BK,16.83928871154785,16.83928871154785,16.59286117553711,16.75714683532715,15.386127471923828,15041961.0
2021-11-01,GLOBAL.BK,16.83928871154785,17.250003814697266,16.83928871154785,16.921432495117188,15.536971092224121,19810360.0
2021-11-02,GLOBAL.BK,17.085718154907227,17.167861938476562,16.75714683532715,16.83928871154785,15.461548805236816,13434153.0
2021-11-03,GLOBAL.BK,16.83928871154785,16.921432495117188,16.75714683532715,16.83928871154785,15.461548805236816,15045978.0
2021-11-04,GLOBAL.BK,16.83928871154785,17.167861938476562,16.83928871154785,16.921432495117188,15.536971092224121,13372918.0
2021-11-05,GLOBAL.BK,16.83928871154785,17.167861938476562,16.83928871154785,17.00357437133789,15.61239242553711,7442398.0
2021-11-08,GLOBAL.BK,17.085718154907227,17.085718154907227,16.921432495117188,17.00357437133789,15.61239242553711,4076068.0
2021-11-09,GLOBAL.BK,16.921432495117188,17.250003814697266,16.921432495117188,17.167861938476562,15.763239860534668,9810588.0
2021-11-10,GLOBAL.BK,17.085718154907227,17.167861938476562,16.921432495117188,17.00357437133789,15.61239242553711,10607127.0
2021-11-11,GLOBAL.BK,17.00357437133789,17.085718154907227,16.83928871154785,17.00357437133789,15.61239242553711,9174258.0
2021-11-12,GLOBAL.BK,16.921432495117188,17.085718154907227,16.921432495117188,17.00357437133789,15.61239242553711,3103981.0
2021-11-15,GLOBAL.BK,17.00357437133789,17.085718154907227,16.921432495117188,16.921432495117188,15.536971092224121,3430242.0
2021-11-16,GLOBAL.BK,16.921432495117188,17.250003814697266,16.921432495117188,17.00357437133789,15.61239242553711,12445388.0
2021-11-17,GLOBAL.BK,16.921432495117188,17.085718154907227,16.75714683532715,16.921432495117188,15.536971092224121,17005247.0
2021-11-18,GLOBAL.BK,16.83928871154785,17.085718154907227,16.83928871154785,16.921432495117188,15.536971092224121,12665370.0
2021-11-19,GLOBAL.BK,16.83928871154785,16.921432495117188,16.675003051757812,16.75714683532715,15.386127471923828,14484518.0
2021-11-22,GLOBAL.BK,16.75714683532715,16.83928871154785,16.675003051757812,16.83928871154785,15.461548805236816,9925754.0
2021-11-23,GLOBAL.BK,16.83928871154785,17.00357437133789,16.59286117553711,16.675003051757812,15.310705184936523,20741786.0
2021-11-24,GLOBAL.BK,16.675003051757812,16.75714683532715,16.510717391967773,16.59286117553711,15.235282897949219,13925248.0
2021-11-25,GLOBAL.BK,16.59286117553711,16.59286117553711,16.26428985595703,16.26428985595703,14.933594703674316,18495091.0
2021-11-26,GLOBAL.BK,16.26428985595703,16.59286117553711,15.935717582702637,16.017860412597656,14.707326889038086,33270322.0
2021-11-29,GLOBAL.BK,16.017860412597656,16.182146072387695,15.689289093017578,15.771431922912598,14.481060981750488,9249858.0
2021-11-30,GLOBAL.BK,15.853574752807617,16.182146072387695,15.689289093017578,15.689289093017578,14.405638694763184,23413107.0
2021-12-01,GLOBAL.BK,15.771431922912598,16.017860412597656,15.689289093017578,15.853574752807617,14.556482315063477,15149457.0
2021-12-02,GLOBAL.BK,15.853574752807617,16.182146072387695,15.771431922912598,16.017860412597656,14.707326889038086,10471997.0
2021-12-03,GLOBAL.BK,16.017860412597656,16.100004196166992,15.935717582702637,16.017860412597656,14.707326889038086,3253599.0
2021-12-07,GLOBAL.BK,16.100004196166992,16.26428985595703,15.935717582702637,16.182146072387695,14.858172416687012,7877858.0
2021-12-08,GLOBAL.BK,16.346431732177734,16.510717391967773,16.182146072387695,16.26428985595703,14.933594703674316,10903197.0
2021-12-09,GLOBAL.BK,16.26428985595703,16.42857551574707,16.182146072387695,16.26428985595703,14.933594703674316,6113981.0
2021-12-13,GLOBAL.BK,16.26428985595703,17.00357437133789,16.26428985595703,16.75714683532715,15.386127471923828,23669124.0
2021-12-14,GLOBAL.BK,16.510717391967773,16.675003051757812,16.510717391967773,16.59286117553711,15.235282897949219,5719181.0
2021-12-15,GLOBAL.BK,16.59286117553711,16.675003051757812,16.42857551574707,16.510717391967773,15.159860610961914,3669825.0
2021-12-16,GLOBAL.BK,16.59286117553711,16.59286117553711,16.346431732177734,16.42857551574707,15.084439277648926,5756555.0
2021-12-17,GLOBAL.BK,16.510717391967773,16.75714683532715,16.42857551574707,16.510717391967773,15.159860610961914,8833389.0
2021-12-20,GLOBAL.BK,16.59286117553711,16.675003051757812,16.182146072387695,16.42857551574707,15.084439277648926,12947196.0
2021-12-21,GLOBAL.BK,16.59286117553711,17.00357437133789,16.510717391967773,16.75714683532715,15.386127471923828,33874635.0
2021-12-22,GLOBAL.BK,16.75714683532715,16.83928871154785,16.42857551574707,16.59286117553711,15.235282897949219,12702379.0
2021-12-23,GLOBAL.BK,16.510717391967773,16.59286117553711,16.42857551574707,16.42857551574707,15.084439277648926,7411476.0
2021-12-24,GLOBAL.BK,16.510717391967773,16.675003051757812,16.510717391967773,16.510717391967773,15.159860610961914,7903789.0
2021-12-27,GLOBAL.BK,16.59286117553711,16.75714683532715,16.510717391967773,16.59286117553711,15.235282897949219,7651424.0
2021-12-28,GLOBAL.BK,16.59286117553711,16.675003051757812,16.510717391967773,16.59286117553711,15.235282897949219,4287894.0
2021-12-29,GLOBAL.BK,16.510717391967773,16.83928871154785,16.510717391967773,16.59286117553711,15.235282897949219,7999963.0
2021-12-30,GLOBAL.BK,16.675003051757812,16.75714683532715,16.346431732177734,16.42857551574707,15.084439277648926,15980204.0
2022-01-04,GLOBAL.BK,16.42857551574707,16.59286117553711,16.42857551574707,16.510717391967773,15.159860610961914,12396570.0
2022-01-05,GLOBAL.BK,16.510717391967773,16.59286117553711,16.42857551574707,16.510717391967773,15.159860610961914,6055302.0
2022-01-06,GLOBAL.BK,16.510717391967773,16.59286117553711,16.100004196166992,16.346431732177734,15.009015083312988,20298899.0
2022-01-07,GLOBAL.BK,16.42857551574707,16.510717391967773,16.26428985595703,16.42857551574707,15.084439277648926,11537701.0
2022-01-10,GLOBAL.BK,16.75714683532715,17.496431350708008,16.675003051757812,16.83928871154785,15.461548805236816,48779031.0
2022-01-11,GLOBAL.BK,16.83928871154785,17.085718154907227,16.75714683532715,17.085718154907227,15.687813758850098,19131177.0
2022-01-12,GLOBAL.BK,17.250003814697266,17.414289474487305,17.00357437133789,17.00357437133789,15.61239242553711,18478777.0
2022-01-13,GLOBAL.BK,17.00357437133789,17.167861938476562,17.00357437133789,17.085718154907227,15.687813758850098,5174642.0
2022-01-14,GLOBAL.BK,17.00357437133789,17.085718154907227,16.921432495117188,16.921432495117188,15.536971092224121,5126068.0
2022-01-17,GLOBAL.BK,16.83928871154785,17.085718154907227,16.75714683532715,16.921432495117188,15.536971092224121,4245529.0
2022-01-18,GLOBAL.BK,16.921432495117188,17.00357437133789,16.510717391967773,16.75714683532715,15.386127471923828,10089858.0
2022-01-19,GLOBAL.BK,16.675003051757812,16.75714683532715,16.42857551574707,16.59286117553711,15.235282897949219,8593928.0
2022-01-20,GLOBAL.BK,16.59286117553711,16.59286117553711,16.346431732177734,16.42857551574707,15.084439277648926,4717146.0
2022-01-21,GLOBAL.BK,16.346431732177734,16.510717391967773,16.26428985595703,16.42857551574707,15.084439277648926,5748033.0
2022-01-24,GLOBAL.BK,16.42857551574707,16.510717391967773,16.26428985595703,16.346431732177734,15.009015083312988,4453338.0
2022-01-25,GLOBAL.BK,16.26428985595703,16.42857551574707,15.607146263122559,15.853574752807617,14.556482315063477,30511227.0
2022-01-26,GLOBAL.BK,16.017860412597656,16.017860412597656,15.44286060333252,15.525003433227539,14.25479507446289,31364983.0
2022-01-27,GLOBAL.BK,15.3607177734375,15.525003433227539,15.114289283752441,15.114289283752441,13.877683639526367,21065612.0
2022-01-28,GLOBAL.BK,15.196432113647461,15.525003433227539,15.196432113647461,15.3607177734375,14.103949546813965,16434169.0
2022-01-31,GLOBAL.BK,15.3607177734375,15.771431922912598,15.3607177734375,15.607146263122559,14.330216407775879,11783249.0
2022-02-01,GLOBAL.BK,15.771431922912598,15.853574752807617,15.689289093017578,15.689289093017578,14.405638694763184,11375058.0
2022-02-02,GLOBAL.BK,15.771431922912598,15.853574752807617,15.525003433227539,15.771431922912598,14.481060981750488,8196084.0
2022-02-03,GLOBAL.BK,15.607146263122559,15.771431922912598,15.525003433227539,15.607146263122559,14.330216407775879,8937841.0
2022-02-04,GLOBAL.BK,15.689289093017578,15.771431922912598,15.525003433227539,15.607146263122559,14.330216407775879,2660364.0
2022-02-07,GLOBAL.BK,15.607146263122559,15.853574752807617,15.525003433227539,15.689289093017578,14.405638694763184,6887146.0
2022-02-08,GLOBAL.BK,15.689289093017578,16.100004196166992,15.689289093017578,15.853574752807617,14.556482315063477,16791717.0
2022-02-09,GLOBAL.BK,15.935717582702637,16.510717391967773,15.935717582702637,16.346431732177734,15.009015083312988,27527523.0
2022-02-10,GLOBAL.BK,16.59286117553711,17.00357437133789,16.346431732177734,16.675003051757812,15.310705184936523,32942113.0
2022-02-11,GLOBAL.BK,16.42857551574707,16.59286117553711,16.100004196166992,16.346431732177734,15.009015083312988,22716394.0
2022-02-14,GLOBAL.BK,16.346431732177734,16.42857551574707,16.100004196166992,16.26428985595703,14.933594703674316,10398223.0
2022-02-15,GLOBAL.BK,16.42857551574707,17.3321475982666,16.42857551574707,17.167861938476562,15.763239860534668,40576615.0
2022-02-17,GLOBAL.BK,17.414289474487305,17.414289474487305,17.00357437133789,17.00357437133789,15.61239242553711,19173177.0
2022-02-18,GLOBAL.BK,16.83928871154785,17.250003814697266,16.75714683532715,17.085718154907227,15.687813758850098,11698884.0
2022-02-21,GLOBAL.BK,17.167861938476562,17.907146453857422,17.167861938476562,17.414289474487305,15.989503860473633,41224633.0
2022-02-22,GLOBAL.BK,17.250003814697266,17.496431350708008,17.00357437133789,17.3321475982666,15.914083480834961,22193768.0
2022-02-23,GLOBAL.BK,17.496431350708008,17.578575134277344,17.3321475982666,17.578575134277344,16.140348434448242,8619006.0
2022-02-24,GLOBAL.BK,17.578575134277344,17.66071891784668,17.085718154907227,17.3321475982666,15.914083480834961,20721212.0
2022-02-25,GLOBAL.BK,17.742856979370117,17.742856979370117,16.885713577270508,17.05714225769043,15.861470222473145,21959233.0
2022-02-28,GLOBAL.BK,16.97142791748047,17.314285278320312,16.714284896850586,16.885713577270508,15.702058792114258,12969016.0
2022-03-01,GLOBAL.BK,17.22857093811035,17.314285278320312,16.97142791748047,17.14285659790039,15.941177368164062,13920083.0
2022-03-02,GLOBAL.BK,17.05714225769043,17.22857093811035,16.97142791748047,17.05714225769043,15.861470222473145,8363133.0
2022-03-03,GLOBAL.BK,17.05714225769043,17.485713958740234,16.97142791748047,17.399999618530273,16.180294036865234,13047416.0
2022-03-04,GLOBAL.BK,17.485713958740234,17.91428565979004,17.314285278320312,17.571428298950195,16.339706420898438,17629033.0
2022-03-07,GLOBAL.BK,17.399999618530273,17.742856979370117,16.97142791748047,17.314285278320312,16.100589752197266,22660283.0
2022-03-08,GLOBAL.BK,17.22857093811035,17.742856979370117,17.14285659790039,17.742856979370117,16.499116897583008,33471783.0
2022-03-09,GLOBAL.BK,17.828571319580078,18.771427154541016,17.485713958740234,18.685714721679688,17.375885009765625,54145933.0
2022-03-10,GLOBAL.BK,18.685714721679688,18.685714721679688,18.342857360839844,18.428571701049805,17.136764526367188,17706850.0
2022-03-11,GLOBAL.BK,18.428571701049805,18.771427154541016,17.999998092651367,18.771427154541016,17.455585479736328,21610050.0
2022-03-14,GLOBAL.BK,18.857141494750977,18.857141494750977,18.25714111328125,18.25714111328125,16.977352142333984,14150150.0
2022-03-15,GLOBAL.BK,18.342857360839844,18.514284133911133,18.171428680419922,18.428571701049805,17.136764526367188,10738700.0
2022-03-16,GLOBAL.BK,18.685714721679688,19.11428451538086,18.599998474121094,18.94285774230957,17.615001678466797,20174000.0
2022-03-17,GLOBAL.BK,19.11428451538086,19.371427536010742,18.94285774230957,19.19999885559082,17.854116439819336,22712550.0
2022-03-18,GLOBAL.BK,19.28571319580078,19.542856216430664,19.11428451538086,19.11428451538086,17.774410247802734,15945766.0
2022-03-21,GLOBAL.BK,19.11428451538086,20.314285278320312,19.11428451538086,19.799999237060547,18.41206169128418,44445100.0
2022-03-22,GLOBAL.BK,20.05714225769043,20.05714225769043,19.542856216430664,19.628570556640625,18.25264549255371,21457333.0
2022-03-23,GLOBAL.BK,19.542856216430664,19.799999237060547,19.11428451538086,19.542856216430664,18.172941207885742,27451550.0
2022-03-24,GLOBAL.BK,19.28571319580078,19.542856216430664,19.0285701751709,19.11428451538086,17.774410247802734,17777550.0
2022-03-25,GLOBAL.BK,19.19999885559082,19.371427536010742,19.0285701751709,19.28571319580078,17.933822631835938,13471150.0
2022-03-28,GLOBAL.BK,19.371427536010742,19.628570556640625,19.11428451538086,19.457141876220703,18.09323501586914,17775566.0
2022-03-29,GLOBAL.BK,19.19999885559082,19.371427536010742,18.771427154541016,19.11428451538086,17.774410247802734,21842683.0
2022-03-30,GLOBAL.BK,19.19999885559082,19.457141876220703,19.11428451538086,19.28571319580078,17.933822631835938,26707216.0
2022-03-31,GLOBAL.BK,19.457141876220703,19.628570556640625,19.28571319580078,19.542856216430664,18.172941207885742,21707466.0
2022-04-01,GLOBAL.BK,19.371427536010742,19.799999237060547,19.28571319580078,19.542856216430664,18.172941207885742,20621883.0
2022-04-04,GLOBAL.BK,19.628570556640625,19.628570556640625,19.11428451538086,19.19999885559082,17.854116439819336,11571816.0
2022-04-05,GLOBAL.BK,19.19999885559082,19.371427536010742,19.11428451538086,19.11428451538086,17.774410247802734,8814050.0
2022-04-07,GLOBAL.BK,18.94285774230957,19.28571319580078,18.514284133911133,19.0285701751709,17.694704055786133,24289533.0
2022-04-08,GLOBAL.BK,19.11428451538086,19.28571319580078,18.685714721679688,19.28571319580078,17.933822631835938,24842416.0
2022-04-11,GLOBAL.BK,19.19999885559082,19.457141876220703,19.11428451538086,19.19999885559082,17.854116439819336,12105683.0
2022-04-12,GLOBAL.BK,19.19999885559082,19.628570556640625,19.11428451538086,19.28571319580078,17.933822631835938,10472583.0
2022-04-18,GLOBAL.BK,19.11428451538086,19.542856216430664,19.11428451538086,19.457141876220703,18.09323501586914,8797250.0
2022-04-19,GLOBAL.BK,19.542856216430664,19.885713577270508,19.457141876220703,19.628570556640625,18.25264549255371,16402050.0
2022-04-20,GLOBAL.BK,19.885713577270508,20.05714225769043,19.714284896850586,19.714284896850586,18.332353591918945,24952900.0
2022-04-21,GLOBAL.BK,19.799999237060547,19.885713577270508,19.628570556640625,19.885713577270508,18.491764068603516,10608733.0
2022-04-22,GLOBAL.BK,19.542856216430664,19.628570556640625,19.28571319580078,19.457141876220703,18.09323501586914,14888300.0
2022-04-25,GLOBAL.BK,19.28571319580078,19.457141876220703,19.0285701751709,19.19999885559082,17.854116439819336,15904233.0
2022-04-26,GLOBAL.BK,19.19999885559082,19.457141876220703,19.0285701751709,19.0285701751709,17.694704055786133,8531833.0
2022-04-27,GLOBAL.BK,19.0285701751709,19.19999885559082,18.685714721679688,19.0285701751709,17.694704055786133,17172400.0
2022-04-28,GLOBAL.BK,18.94285774230957,19.0285701751709,18.514284133911133,18.599998474121094,17.29617691040039,14576916.0
2022-04-29,GLOBAL.BK,18.514284133911133,18.771427154541016,18.428571701049805,18.685714721679688,17.375885009765625,9095100.0
2022-05-03,GLOBAL.BK,19.0285701751709,19.457141876220703,18.514284133911133,18.599998474121094,17.29617691040039,21071400.0
2022-05-05,GLOBAL.BK,18.685714721679688,19.0285701751709,18.514284133911133,18.771427154541016,17.455585479736328,13702266.0
2022-05-06,GLOBAL.BK,18.428571701049805,18.599998474121094,18.171428680419922,18.514284133911133,17.21647071838379,13265350.0
2022-05-09,GLOBAL.BK,18.171428680419922,18.599998474121094,18.171428680419922,18.514284133911133,17.21647071838379,12114316.0
2022-05-10,GLOBAL.BK,18.342857360839844,18.685714721679688,18.25714111328125,18.514284133911133,17.21647071838379,8826300.0
2022-05-11,GLOBAL.BK,18.428571701049805,18.599998474121094,18.25714111328125,18.342857360839844,17.05706024169922,6213200.0
2022-05-12,GLOBAL.BK,18.25714111328125,18.428571701049805,17.828571319580078,17.999998092651367,16.738235473632812,9436933.0
2022-05-13,GLOBAL.BK,17.828571319580078,18.171428680419922,17.828571319580078,18.171428680419922,16.897647857666016,5075116.0
2022-05-17,GLOBAL.BK,18.25714111328125,18.685714721679688,18.25714111328125,18.685714721679688,17.375885009765625,9146316.0
2022-05-18,GLOBAL.BK,18.514284133911133,18.685714721679688,18.25714111328125,18.514284133911133,17.21647071838379,6133166.0
2022-05-19,GLOBAL.BK,18.428571701049805,18.514284133911133,18.08571434020996,18.342857360839844,17.05706024169922,6506850.0
2022-05-20,GLOBAL.BK,18.428571701049805,18.599998474121094,18.342857360839844,18.428571701049805,17.136764526367188,7105000.0
2022-05-23,GLOBAL.BK,18.342857360839844,18.514284133911133,18.25714111328125,18.428571701049805,17.136764526367188,3915333.0
2022-05-24,GLOBAL.BK,18.342857360839844,18.428571701049805,17.828571319580078,17.91428565979004,16.65852928161621,11707150.0
2022-05-25,GLOBAL.BK,17.91428565979004,18.08571434020996,17.657142639160156,17.742856979370117,16.499116897583008,9730700.0
2022-05-26,GLOBAL.BK,17.828571319580078,17.828571319580078,17.571428298950195,17.657142639160156,16.41941261291504,7881416.0
2022-05-27,GLOBAL.BK,17.91428565979004,18.08571434020996,17.657142639160156,17.742856979370117,16.499116897583008,8473033.0
2022-05-30,GLOBAL.BK,17.828571319580078,17.999998092651367,17.657142639160156,17.999998092651367,16.738235473632812,11711700.0
2022-05-31,GLOBAL.BK,17.999998092651367,18.25714111328125,17.828571319580078,18.171428680419922,16.897647857666016,12742216.0
2022-06-01,GLOBAL.BK,18.25714111328125,18.25714111328125,17.828571319580078,17.91428565979004,16.65852928161621,11286566.0
2022-06-02,GLOBAL.BK,17.999998092651367,18.342857360839844,17.828571319580078,18.25714111328125,16.977352142333984,9738050.0
2022-06-06,GLOBAL.BK,18.342857360839844,18.857141494750977,18.342857360839844,18.771427154541016,17.455585479736328,12426750.0
2022-06-07,GLOBAL.BK,18.857141494750977,18.857141494750977,18.514284133911133,18.685714721679688,17.375885009765625,9654983.0
2022-06-08,GLOBAL.BK,18.771427154541016,18.94285774230957,18.599998474121094,18.685714721679688,17.375885009765625,7285600.0
2022-06-09,GLOBAL.BK,18.685714721679688,18.685714721679688,18.514284133911133,18.599998474121094,17.29617691040039,4762683.0
2022-06-10,GLOBAL.BK,18.514284133911133,18.599998474121094,18.25714111328125,18.342857360839844,17.05706024169922,3654116.0
2022-06-13,GLOBAL.BK,17.828571319580078,18.171428680419922,17.742856979370117,17.828571319580078,16.57882308959961,17302133.0
2022-06-14,GLOBAL.BK,17.742856979370117,18.171428680419922,17.742856979370117,17.999998092651367,16.738235473632812,7651233.0
2022-06-15,GLOBAL.BK,17.742856979370117,17.742856979370117,16.714284896850586,16.799999237060547,15.62235164642334,37863233.0
2022-06-16,GLOBAL.BK,16.97142791748047,16.97142791748047,16.28571319580078,16.457141876220703,15.303528785705566,21658000.0
2022-06-17,GLOBAL.BK,16.371427536010742,16.457141876220703,15.942856788635254,16.28571319580078,15.14411735534668,37953066.0
2022-06-20,GLOBAL.BK,16.28571319580078,16.371427536010742,15.942856788635254,16.19999885559082,15.064410209655762,11083916.0
2022-06-21,GLOBAL.BK,16.371427536010742,16.371427536010742,15.857142448425293,16.11428451538086,14.984705924987793,14094033.0
2022-06-22,GLOBAL.BK,16.11428451538086,16.19999885559082,15.771428108215332,15.857142448425293,14.745588302612305,14182000.0
2022-06-23,GLOBAL.BK,15.857142448425293,16.0285701751709,15.771428108215332,15.857142448425293,14.745588302612305,6670650.0
2022-06-24,GLOBAL.BK,15.942856788635254,16.0285701751709,15.685713768005371,15.857142448425293,14.745588302612305,10161316.0
2022-06-27,GLOBAL.BK,16.11428451538086,16.19999885559082,15.685713768005371,15.857142448425293,14.745588302612305,16597116.0
2022-06-28,GLOBAL.BK,15.771428108215332,16.0285701751709,15.685713768005371,15.942856788635254,14.825294494628906,18821250.0
2022-06-29,GLOBAL.BK,15.857142448425293,15.942856788635254,15.685713768005371,15.857142448425293,14.745588302612305,10143233.0
2022-06-30,GLOBAL.BK,15.771428108215332,15.857142448425293,15.342857360839844,15.771428108215332,14.66588306427002,32384800.0
2022-07-01,GLOBAL.BK,15.771428108215332,15.771428108215332,15.171427726745605,15.257142066955566,14.187647819519043,17385666.0
2022-07-04,GLOBAL.BK,15.342857360839844,15.342857360839844,15.171427726745605,15.171427726745605,14.107940673828125,13340600.0
2022-07-05,GLOBAL.BK,15.257142066955566,15.342857360839844,14.828571319580078,14.999999046325684,13.948529243469238,11130350.0
2022-07-06,GLOBAL.BK,14.999999046325684,15.257142066955566,14.828571319580078,14.999999046325684,13.948529243469238,14456866.0
2022-07-07,GLOBAL.BK,14.999999046325684,15.51428508758545,14.999999046325684,15.257142066955566,14.187647819519043,19622750.0
2022-07-08,GLOBAL.BK,15.342857360839844,15.428570747375488,14.914284706115723,15.085714340209961,14.02823543548584,14607600.0
2022-07-11,GLOBAL.BK,14.999999046325684,15.085714340209961,14.571428298950195,14.828571319580078,13.789117813110352,16034433.0
2022-07-12,GLOBAL.BK,14.742856979370117,14.742856979370117,14.485713958740234,14.485713958740234,13.470294952392578,13812866.0
2022-07-14,GLOBAL.BK,14.485713958740234,14.65714168548584,14.399998664855957,14.485713958740234,13.470294952392578,9908383.0
2022-07-15,GLOBAL.BK,14.571428298950195,14.999999046325684,14.485713958740234,14.742856979370117,13.70941162109375,12977650.0
2022-07-18,GLOBAL.BK,14.828571319580078,15.257142066955566,14.828571319580078,15.085714340209961,14.02823543548584,13335816.0
2022-07-19,GLOBAL.BK,14.999999046325684,14.999999046325684,14.65714168548584,14.828571319580078,13.789117813110352,9657900.0
2022-07-20,GLOBAL.BK,15.085714340209961,15.257142066955566,14.914284706115723,15.171427726745605,14.107940673828125,8437450.0
2022-07-21,GLOBAL.BK,15.085714340209961,15.51428508758545,14.999999046325684,15.342857360839844,14.267354011535645,10651200.0
2022-07-22,GLOBAL.BK,15.51428508758545,15.685713768005371,15.342857360839844,15.59999942779541,14.506470680236816,12467116.0
2022-07-25,GLOBAL.BK,15.685713768005371,16.0285701751709,15.59999942779541,15.857142448425293,14.745588302612305,9267183.0
2022-07-26,GLOBAL.BK,15.857142448425293,16.0285701751709,15.771428108215332,15.771428108215332,14.66588306427002,5221766.0
2022-07-27,GLOBAL.BK,15.857142448425293,16.28571319580078,15.685713768005371,16.11428451538086,14.984705924987793,10613983.0
2022-08-01,GLOBAL.BK,16.371427536010742,16.799999237060547,16.28571319580078,16.628570556640625,15.462939262390137,19923983.0
2022-08-02,GLOBAL.BK,16.542856216430664,16.542856216430664,16.0285701751709,16.11428451538086,14.984705924987793,18420850.0
2022-08-03,GLOBAL.BK,16.11428451538086,16.19999885559082,15.857142448425293,15.942856788635254,14.825294494628906,8421000.0
2022-08-04,GLOBAL.BK,16.11428451538086,16.19999885559082,15.942856788635254,15.942856788635254,14.825294494628906,5407150.0
2022-08-05,GLOBAL.BK,16.0285701751709,16.0285701751709,15.771428108215332,15.857142448425293,14.745588302612305,3518316.0
2022-08-08,GLOBAL.BK,15.857142448425293,15.857142448425293,15.59999942779541,15.771428108215332,14.66588306427002,6823250.0
2022-08-09,GLOBAL.BK,15.857142448425293,16.0285701751709,15.857142448425293,15.857142448425293,14.745588302612305,8562400.0
2022-08-10,GLOBAL.BK,15.942856788635254,16.0285701751709,15.685713768005371,16.0285701751709,14.904997825622559,7168116.0
2022-08-11,GLOBAL.BK,16.19999885559082,16.28571319580078,15.857142448425293,16.0285701751709,14.904997825622559,10650383.0
2022-08-15,GLOBAL.BK,16.28571319580078,16.28571319580078,15.942856788635254,16.0285701751709,14.904997825622559,7015866.0
2022-08-16,GLOBAL.BK,16.0285701751709,16.714284896850586,16.0285701751709,16.628570556640625,15.462939262390137,17918600.0
2022-08-17,GLOBAL.BK,16.457141876220703,16.97142791748047,16.457141876220703,16.885713577270508,15.702058792114258,12513900.0
2022-08-18,GLOBAL.BK,16.97142791748047,17.22857093811035,16.799999237060547,17.14285659790039,15.941177368164062,7190866.0
2022-08-19,GLOBAL.BK,16.885713577270508,16.97142791748047,16.628570556640625,16.714284896850586,15.542646408081055,12843483.0
2022-08-22,GLOBAL.BK,16.542856216430664,16.799999237060547,16.371427536010742,16.542856216430664,15.383235931396484,7077816.0
2022-08-23,GLOBAL.BK,16.628570556640625,16.97142791748047,16.457141876220703,16.799999237060547,15.62235164642334,12349400.0
2022-08-24,GLOBAL.BK,16.714284896850586,17.14285659790039,16.628570556640625,16.97142791748047,15.78176498413086,14553583.0
2022-08-25,GLOBAL.BK,17.05714225769043,17.14285659790039,16.628570556640625,16.714284896850586,15.542646408081055,11512433.0
2022-08-26,GLOBAL.BK,16.714284896850586,17.14285659790039,16.714284896850586,16.97142791748047,15.78176498413086,8986716.0
2022-08-29,GLOBAL.BK,16.714284896850586,16.799999237060547,16.542856216430664,16.628570556640625,15.462939262390137,6945166.0
2022-08-30,GLOBAL.BK,16.542856216430664,16.799999237060547,16.371427536010742,16.714284896850586,15.542646408081055,8520750.0
2022-08-31,GLOBAL.BK,16.799999237060547,16.799999237060547,16.371427536010742,16.799999237060547,15.62235164642334,8809033.0
2022-09-01,GLOBAL.BK,16.799999237060547,16.799999237060547,16.28571319580078,16.542856216430664,15.383235931396484,9667933.0
2022-09-02,GLOBAL.BK,16.457141876220703,16.714284896850586,16.371427536010742,16.628570556640625,15.462939262390137,5511100.0
2022-09-05,GLOBAL.BK,16.714284896850586,16.714284896850586,16.28571319580078,16.457141876220703,15.303528785705566,8738566.0
2022-09-06,GLOBAL.BK,16.457141876220703,16.628570556640625,16.371427536010742,16.628570556640625,15.462939262390137,4174333.0
2022-09-07,GLOBAL.BK,16.714284896850586,16.714284896850586,16.457141876220703,16.714284896850586,15.542646408081055,7999133.0
2022-09-08,GLOBAL.BK,16.799999237060547,16.97142791748047,16.714284896850586,16.885713577270508,15.702058792114258,9554300.0
2022-09-09,GLOBAL.BK,16.885713577270508,16.97142791748047,16.799999237060547,16.885713577270508,15.702058792114258,4173633.0
2022-09-12,GLOBAL.BK,17.05714225769043,18.25714111328125,16.97142791748047,17.742856979370117,16.499116897583008,40938216.0
2022-09-13,GLOBAL.BK,17.828571319580078,17.91428565979004,17.571428298950195,17.657142639160156,16.41941261291504,12334116.0
2022-09-14,GLOBAL.BK,17.399999618530273,17.828571319580078,17.399999618530273,17.742856979370117,16.499116897583008,8165966.0
2022-09-15,GLOBAL.BK,17.91428565979004,18.08571434020996,17.485713958740234,17.571428298950195,16.339706420898438,11554433.0
2022-09-16,GLOBAL.BK,17.657142639160156,17.657142639160156,17.314285278320312,17.485713958740234,16.260000228881836,12204616.0
2022-09-19,GLOBAL.BK,17.485713958740234,17.742856979370117,17.399999618530273,17.485713958740234,16.260000228881836,9483483.0
2022-09-20,GLOBAL.BK,17.485713958740234,17.571428298950195,17.399999618530273,17.571428298950195,16.339706420898438,3732050.0
2022-09-21,GLOBAL.BK,17.485713958740234,17.571428298950195,17.314285278320312,17.485713958740234,16.260000228881836,3855483.0
2022-09-22,GLOBAL.BK,17.399999618530273,17.657142639160156,17.399999618530273,17.571428298950195,16.339706420898438,8681283.0
2022-09-23,GLOBAL.BK,17.485713958740234,17.571428298950195,17.22857093811035,17.399999618530273,16.180294036865234,7483350.0
2022-09-26,GLOBAL.BK,17.22857093811035,17.314285278320312,16.799999237060547,17.14285659790039,15.941177368164062,12893183.0
2022-09-27,GLOBAL.BK,17.14285659790039,17.485713958740234,17.14285659790039,17.314285278320312,16.100589752197266,8671716.0
2022-09-28,GLOBAL.BK,17.22857093811035,17.399999618530273,16.97142791748047,17.22857093811035,16.020883560180664,15219633.0
2022-09-29,GLOBAL.BK,17.314285278320312,17.485713958740234,16.97142791748047,17.14285659790039,15.941177368164062,12357216.0
2022-09-30,GLOBAL.BK,17.399999618530273,17.399999618530273,16.97142791748047,17.22857093811035,16.020883560180664,7316983.0
2022-10-03,GLOBAL.BK,17.14285659790039,17.22857093811035,16.11428451538086,16.542856216430664,15.383235931396484,18023016.0
2022-10-04,GLOBAL.BK,16.714284896850586,16.885713577270508,16.371427536010742,16.457141876220703,15.303528785705566,12918733.0
2022-10-05,GLOBAL.BK,16.542856216430664,16.628570556640625,16.11428451538086,16.28571319580078,15.14411735534668,11647183.0
2022-10-06,GLOBAL.BK,16.457141876220703,16.714284896850586,16.19999885559082,16.542856216430664,15.383235931396484,14063933.0
2022-10-07,GLOBAL.BK,16.542856216430664,16.542856216430664,16.19999885559082,16.371427536010742,15.223823547363281,6652216.0
2022-10-10,GLOBAL.BK,16.19999885559082,16.28571319580078,15.685713768005371,16.0285701751709,14.904997825622559,21111533.0
2022-10-11,GLOBAL.BK,15.857142448425293,16.19999885559082,15.857142448425293,16.0285701751709,14.904997825622559,8990216.0
2022-10-12,GLOBAL.BK,16.11428451538086,16.542856216430664,16.0285701751709,16.371427536010742,15.223823547363281,10404216.0
2022-10-17,GLOBAL.BK,16.457141876220703,17.05714225769043,16.371427536010742,16.885713577270508,15.702058792114258,16256800.0
2022-10-18,GLOBAL.BK,16.885713577270508,17.485713958740234,16.885713577270508,17.14285659790039,15.941177368164062,17604300.0
2022-10-19,GLOBAL.BK,17.314285278320312,17.399999618530273,16.97142791748047,17.05714225769043,15.861470222473145,5072783.0
2022-10-20,GLOBAL.BK,16.97142791748047,17.22857093811035,16.97142791748047,17.05714225769043,15.861470222473145,7122383.0
2022-10-21,GLOBAL.BK,17.05714225769043,17.314285278320312,16.97142791748047,17.05714225769043,15.861470222473145,5950933.0
2022-10-25,GLOBAL.BK,17.14285659790039,17.399999618530273,17.05714225769043,17.22857093811035,16.020883560180664,8210650.0
2022-10-26,GLOBAL.BK,17.399999618530273,17.657142639160156,17.314285278320312,17.399999618530273,16.180294036865234,9588600.0
2022-10-27,GLOBAL.BK,17.571428298950195,17.828571319580078,17.485713958740234,17.571428298950195,16.339706420898438,15896416.0
2022-10-28,GLOBAL.BK,17.571428298950195,17.657142639160156,17.22857093811035,17.399999618530273,16.180294036865234,9151800.0
2022-10-31,GLOBAL.BK,17.657142639160156,17.657142639160156,17.22857093811035,17.22857093811035,16.020883560180664,4971750.0
2022-11-01,GLOBAL.BK,17.399999618530273,17.399999618530273,17.05714225769043,17.22857093811035,16.020883560180664,6020466.0
2022-11-02,GLOBAL.BK,17.22857093811035,17.485713958740234,17.05714225769043,17.399999618530273,16.180294036865234,5608633.0
2022-11-03,GLOBAL.BK,17.314285278320312,17.742856979370117,17.22857093811035,17.399999618530273,16.180294036865234,14425366.0
2022-11-04,GLOBAL.BK,17.399999618530273,17.571428298950195,17.399999618530273,17.571428298950195,16.339706420898438,7174300.0
2022-11-07,GLOBAL.BK,17.657142639160156,17.657142639160156,17.14285659790039,17.314285278320312,16.100589752197266,10428950.0
2022-11-08,GLOBAL.BK,17.314285278320312,17.485713958740234,17.314285278320312,17.399999618530273,16.180294036865234,2052983.0
2022-11-09,GLOBAL.BK,17.314285278320312,17.399999618530273,17.14285659790039,17.314285278320312,16.100589752197266,5236583.0
2022-11-10,GLOBAL.BK,17.314285278320312,17.399999618530273,16.97142791748047,17.14285659790039,15.941177368164062,5068233.0
2022-11-11,GLOBAL.BK,17.399999618530273,17.399999618530273,17.14285659790039,17.314285278320312,16.100589752197266,12646783.0
2022-11-14,GLOBAL.BK,17.14285659790039,17.399999618530273,16.97142791748047,17.05714225769043,15.861470222473145,10248116.0
2022-11-15,GLOBAL.BK,17.05714225769043,17.314285278320312,17.05714225769043,17.22857093811035,16.020883560180664,5086550.0
2022-11-16,GLOBAL.BK,17.22857093811035,17.314285278320312,16.97142791748047,17.14285659790039,15.941177368164062,5230166.0
2022-11-17,GLOBAL.BK,17.14285659790039,17.22857093811035,16.97142791748047,17.14285659790039,15.941177368164062,6227200.0
2022-11-18,GLOBAL.BK,17.05714225769043,17.14285659790039,16.628570556640625,17.05714225769043,15.861470222473145,13299066.0
2022-11-21,GLOBAL.BK,16.97142791748047,17.05714225769043,16.714284896850586,16.97142791748047,15.78176498413086,11181916.0
2022-11-22,GLOBAL.BK,16.885713577270508,17.05714225769043,16.714284896850586,16.885713577270508,15.702058792114258,6319950.0
2022-11-23,GLOBAL.BK,17.05714225769043,17.05714225769043,16.799999237060547,16.799999237060547,15.62235164642334,5705116.0
2022-11-24,GLOBAL.BK,16.799999237060547,16.799999237060547,16.628570556640625,16.628570556640625,15.462939262390137,4454100.0
2022-11-25,GLOBAL.BK,16.714284896850586,16.714284896850586,16.457141876220703,16.714284896850586,15.542646408081055,5365616.0
2022-11-28,GLOBAL.BK,16.714284896850586,16.799999237060547,16.542856216430664,16.714284896850586,15.542646408081055,7870683.0
2022-11-29,GLOBAL.BK,16.714284896850586,16.885713577270508,16.457141876220703,16.799999237060547,15.62235164642334,19328866.0
2022-11-30,GLOBAL.BK,16.97142791748047,17.22857093811035,16.97142791748047,17.14285659790039,15.941177368164062,14779333.0
2022-12-01,GLOBAL.BK,17.22857093811035,17.314285278320312,17.05714225769043,17.22857093811035,16.020883560180664,10289066.0
2022-12-02,GLOBAL.BK,17.314285278320312,17.314285278320312,16.885713577270508,17.05714225769043,15.861470222473145,11495750.0
2022-12-06,GLOBAL.BK,17.05714225769043,17.14285659790039,16.799999237060547,17.05714225769043,15.861470222473145,4411516.0
2022-12-07,GLOBAL.BK,16.97142791748047,17.22857093811035,16.799999237060547,16.885713577270508,15.702058792114258,8457750.0
2022-12-08,GLOBAL.BK,16.799999237060547,16.97142791748047,16.714284896850586,16.885713577270508,15.702058792114258,4574500.0
2022-12-09,GLOBAL.BK,16.799999237060547,16.97142791748047,16.714284896850586,16.799999237060547,15.62235164642334,6461700.0
2022-12-13,GLOBAL.BK,16.799999237060547,16.97142791748047,16.799999237060547,16.885713577270508,15.702058792114258,7197633.0
2022-12-14,GLOBAL.BK,16.97142791748047,17.22857093811035,16.97142791748047,17.14285659790039,15.941177368164062,11086366.0
2022-12-15,GLOBAL.BK,17.14285659790039,17.14285659790039,16.885713577270508,17.05714225769043,15.861470222473145,6014166.0
2022-12-16,GLOBAL.BK,17.05714225769043,17.485713958740234,17.05714225769043,17.314285278320312,16.100589752197266,21291316.0
2022-12-19,GLOBAL.BK,17.399999618530273,17.91428565979004,17.399999618530273,17.91428565979004,16.65852928161621,25422600.0
2022-12-20,GLOBAL.BK,17.999998092651367,18.685714721679688,17.999998092651367,18.171428680419922,16.897647857666016,31018050.0
2022-12-21,GLOBAL.BK,18.171428680419922,18.428571701049805,18.08571434020996,18.25714111328125,16.977352142333984,15872266.0
2022-12-22,GLOBAL.BK,18.25714111328125,18.514284133911133,18.171428680419922,18.25714111328125,16.977352142333984,10165050.0
2022-12-23,GLOBAL.BK,18.342857360839844,18.599998474121094,18.171428680419922,18.514284133911133,17.21647071838379,10108350.0
2022-12-26,GLOBAL.BK,18.599998474121094,18.599998474121094,18.25714111328125,18.342857360839844,17.05706024169922,7813283.0
2022-12-27,GLOBAL.BK,18.428571701049805,18.514284133911133,18.171428680419922,18.514284133911133,17.21647071838379,8370133.0
2022-12-28,GLOBAL.BK,18.599998474121094,18.685714721679688,18.342857360839844,18.685714721679688,17.375885009765625,10988133.0
2022-12-29,GLOBAL.BK,18.685714721679688,19.11428451538086,18.514284133911133,18.94285774230957,17.615001678466797,13216350.0
2022-12-30,GLOBAL.BK,18.94285774230957,19.28571319580078,18.857141494750977,19.19999885559082,17.854116439819336,15858033.0
2023-01-03,GLOBAL.BK,19.28571319580078,19.457141876220703,18.857141494750977,19.28571319580078,17.933822631835938,21127983.0
2023-01-04,GLOBAL.BK,19.28571319580078,19.371427536010742,18.94285774230957,19.11428451538086,17.774410247802734,14715866.0
2023-01-05,GLOBAL.BK,19.19999885559082,19.457141876220703,19.11428451538086,19.371427536010742,18.013530731201172,12430016.0
2023-01-06,GLOBAL.BK,19.371427536010742,19.97142791748047,19.371427536010742,19.542856216430664,18.172941207885742,32310250.0
2023-01-09,GLOBAL.BK,19.628570556640625,19.97142791748047,19.11428451538086,19.19999885559082,17.854116439819336,29861183.0
2023-01-10,GLOBAL.BK,18.94285774230957,19.19999885559082,17.999998092651367,18.08571434020996,16.817941665649414,52675816.0
2023-01-11,GLOBAL.BK,18.171428680419922,18.342857360839844,17.657142639160156,17.828571319580078,16.57882308959961,35333200.0
2023-01-12,GLOBAL.BK,17.91428565979004,17.91428565979004,17.571428298950195,17.657142639160156,16.41941261291504,21239400.0
2023-01-13,GLOBAL.BK,17.742856979370117,18.08571434020996,17.571428298950195,17.828571319580078,16.57882308959961,29125133.0
2023-01-16,GLOBAL.BK,17.91428565979004,17.999998092651367,17.399999618530273,17.571428298950195,16.339706420898438,29352750.0
2023-01-17,GLOBAL.BK,17.571428298950195,17.828571319580078,17.399999618530273,17.657142639160156,16.41941261291504,24512366.0
2023-01-18,GLOBAL.BK,17.657142639160156,17.657142639160156,17.314285278320312,17.314285278320312,16.100589752197266,18505550.0
2023-01-19,GLOBAL.BK,17.399999618530273,17.999998092651367,17.399999618530273,17.828571319580078,16.57882308959961,30344066.0
2023-01-20,GLOBAL.BK,17.828571319580078,17.91428565979004,17.571428298950195,17.657142639160156,16.41941261291504,15597516.0
2023-01-23,GLOBAL.BK,17.571428298950195,17.828571319580078,17.485713958740234,17.657142639160156,16.41941261291504,9662566.0
2023-01-24,GLOBAL.BK,17.742856979370117,17.742856979370117,17.485713958740234,17.571428298950195,16.339706420898438,8371183.0
2023-01-25,GLOBAL.BK,17.657142639160156,17.657142639160156,17.314285278320312,17.399999618530273,16.180294036865234,8363250.0
2023-01-26,GLOBAL.BK,17.399999618530273,17.571428298950195,17.14285659790039,17.314285278320312,16.100589752197266,17479000.0
2023-01-27,GLOBAL.BK,17.485713958740234,17.485713958740234,17.22857093811035,17.314285278320312,16.100589752197266,11937800.0
2023-01-30,GLOBAL.BK,17.314285278320312,17.828571319580078,17.314285278320312,17.742856979370117,16.499116897583008,23271033.0
2023-01-31,GLOBAL.BK,17.657142639160156,17.828571319580078,17.571428298950195,17.828571319580078,16.57882308959961,14317450.0
2023-02-01,GLOBAL.BK,17.91428565979004,18.08571434020996,17.828571319580078,17.999998092651367,16.738235473632812,8276333.0
2023-02-02,GLOBAL.BK,17.91428565979004,17.91428565979004,17.485713958740234,17.742856979370117,16.499116897583008,16079233.0
2023-02-03,GLOBAL.BK,17.828571319580078,18.171428680419922,17.742856979370117,18.08571434020996,16.817941665649414,13264300.0
2023-02-06,GLOBAL.BK,17.999998092651367,18.171428680419922,17.742856979370117,17.91428565979004,16.65852928161621,8088383.0
2023-02-07,GLOBAL.BK,17.91428565979004,17.999998092651367,17.742856979370117,17.91428565979004,16.65852928161621,12920250.0
2023-02-08,GLOBAL.BK,17.91428565979004,17.999998092651367,17.742856979370117,17.828571319580078,16.57882308959961,9152150.0
2023-02-09,GLOBAL.BK,17.999998092651367,17.999998092651367,17.657142639160156,17.742856979370117,16.499116897583008,6625500.0
2023-02-10,GLOBAL.BK,17.657142639160156,17.742856979370117,17.485713958740234,17.657142639160156,16.41941261291504,10906466.0
2023-02-13,GLOBAL.BK,17.22857093811035,17.314285278320312,16.457141876220703,16.714284896850586,15.542646408081055,42171733.0
2023-02-14,GLOBAL.BK,16.542856216430664,16.542856216430664,15.942856788635254,16.28571319580078,15.14411735534668,34413983.0
2023-02-15,GLOBAL.BK,16.19999885559082,16.28571319580078,16.0285701751709,16.19999885559082,15.064410209655762,19424300.0
2023-02-16,GLOBAL.BK,16.19999885559082,16.371427536010742,16.11428451538086,16.28571319580078,15.14411735534668,12116650.0
2023-02-17,GLOBAL.BK,16.19999885559082,16.371427536010742,15.942856788635254,16.28571319580078,15.14411735534668,20296150.0
2023-02-20,GLOBAL.BK,16.19999885559082,16.457141876220703,16.0285701751709,16.28571319580078,15.14411735534668,13581750.0
2023-02-21,GLOBAL.BK,16.28571319580078,16.885713577270508,16.28571319580078,16.714284896850586,15.542646408081055,30179333.0
2023-02-22,GLOBAL.BK,16.799999237060547,16.885713577270508,16.628570556640625,16.628570556640625,15.462939262390137,7013650.0
2023-02-23,GLOBAL.BK,16.628570556640625,16.97142791748047,16.628570556640625,16.97142791748047,15.78176498413086,19005466.0
2023-02-24,GLOBAL.BK,17.232141494750977,17.232141494750977,16.607141494750977,16.78571319580078,15.821004867553711,32148704.0
2023-02-27,GLOBAL.BK,16.696428298950195,16.696428298950195,16.51785659790039,16.696428298950195,15.73685073852539,8874992.0
2023-02-28,GLOBAL.BK,16.696428298950195,16.78571319580078,16.25,16.51785659790039,15.568541526794434,14705936.0
2023-03-01,GLOBAL.BK,16.428571701049805,16.51785659790039,16.071428298950195,16.25,15.316080093383789,13551440.0
2023-03-02,GLOBAL.BK,16.25,17.14285659790039,16.16071319580078,16.78571319580078,15.821004867553711,22802416.0
2023-03-03,GLOBAL.BK,16.607141494750977,16.964284896850586,16.607141494750977,16.78571319580078,15.821004867553711,10629808.0
2023-03-07,GLOBAL.BK,16.78571319580078,17.053571701049805,16.696428298950195,16.964284896850586,15.989314079284668,10800944.0
2023-03-08,GLOBAL.BK,16.964284896850586,17.053571701049805,16.696428298950195,16.964284896850586,15.989314079284668,10180912.0
2023-03-09,GLOBAL.BK,17.14285659790039,17.41071319580078,16.875,17.232141494750977,16.241775512695312,15898624.0
2023-03-10,GLOBAL.BK,17.232141494750977,17.678571701049805,17.14285659790039,17.678571701049805,16.662548065185547,18542944.0
2023-03-13,GLOBAL.BK,17.678571701049805,17.946428298950195,17.5,17.589284896850586,16.578393936157227,27021008.0
2023-03-14,GLOBAL.BK,17.76785659790039,17.76785659790039,16.964284896850586,17.232141494750977,16.241775512695312,29194816.0
2023-03-15,GLOBAL.BK,17.232141494750977,17.5,16.964284896850586,17.321428298950195,16.325931549072266,15501136.0
2023-03-16,GLOBAL.BK,17.321428298950195,17.5,17.053571701049805,17.321428298950195,16.325931549072266,9773232.0
2023-03-17,GLOBAL.BK,17.41071319580078,17.41071319580078,16.875,16.964284896850586,15.989314079284668,23205392.0
2023-03-20,GLOBAL.BK,16.875,16.875,16.51785659790039,16.696428298950195,15.73685073852539,16835616.0
2023-03-21,GLOBAL.BK,16.696428298950195,16.78571319580078,16.339284896850586,16.696428298950195,15.73685073852539,18809392.0
2023-03-22,GLOBAL.BK,16.696428298950195,16.696428298950195,16.25,16.51785659790039,15.568541526794434,23754640.0
2023-03-23,GLOBAL.BK,16.428571701049805,16.51785659790039,16.25,16.339284896850586,15.400233268737793,11625040.0
2023-03-24,GLOBAL.BK,16.339284896850586,16.607141494750977,16.339284896850586,16.428571701049805,15.48438835144043,16209872.0
2023-03-27,GLOBAL.BK,16.428571701049805,17.14285659790039,16.428571701049805,16.964284896850586,15.989314079284668,24542112.0
2023-03-28,GLOBAL.BK,17.14285659790039,17.321428298950195,16.875,17.14285659790039,16.157623291015625,16828448.0
2023-03-29,GLOBAL.BK,17.14285659790039,17.232141494750977,16.607141494750977,16.78571319580078,15.821004867553711,20077008.0
2023-03-30,GLOBAL.BK,16.696428298950195,16.696428298950195,16.51785659790039,16.51785659790039,15.568541526794434,8597568.0
2023-03-31,GLOBAL.BK,16.51785659790039,16.696428298950195,16.51785659790039,16.51785659790039,15.568541526794434,11063360.0
2023-04-03,GLOBAL.BK,16.51785659790039,16.875,16.51785659790039,16.696428298950195,15.73685073852539,13952960.0
2023-04-04,GLOBAL.BK,16.607141494750977,16.696428298950195,16.071428298950195,16.25,15.316080093383789,26582528.0
2023-04-05,GLOBAL.BK,16.25,16.428571701049805,16.16071319580078,16.16071319580078,15.231925010681152,12833184.0
2023-04-07,GLOBAL.BK,16.25,16.428571701049805,15.803570747375488,15.803570747375488,14.895308494567871,29073968.0
2023-04-10,GLOBAL.BK,15.803570747375488,16.25,15.803570747375488,16.071428298950195,15.147770881652832,8299760.0
2023-04-11,GLOBAL.BK,16.071428298950195,16.071428298950195,15.803570747375488,15.982142448425293,15.063616752624512,9779840.0
2023-04-12,GLOBAL.BK,15.982142448425293,16.16071319580078,15.625,15.803570747375488,14.895308494567871,14412496.0
2023-04-17,GLOBAL.BK,15.714284896850586,15.803570747375488,15.446428298950195,15.714284896850586,14.811153411865234,15807344.0
2023-04-18,GLOBAL.BK,15.625,15.982142448425293,15.446428298950195,15.803570747375488,14.895308494567871,15141168.0
2023-04-19,GLOBAL.BK,15.714284896850586,15.89285659790039,15.535714149475098,15.625,14.72700023651123,13175232.0
2023-04-20,GLOBAL.BK,15.535714149475098,15.535714149475098,15.089284896850586,15.26785659790039,14.390382766723633,17149664.0
2023-04-21,GLOBAL.BK,15.26785659790039,15.357142448425293,14.910714149475098,15.178570747375488,14.306227684020996,15983744.0
2023-04-24,GLOBAL.BK,15.178570747375488,15.26785659790039,15.089284896850586,15.178570747375488,14.306227684020996,3983840.0
2023-04-25,GLOBAL.BK,15.26785659790039,15.357142448425293,14.821428298950195,15.0,14.137919425964355,9967888.0
2023-04-26,GLOBAL.BK,15.0,15.357142448425293,14.821428298950195,15.178570747375488,14.306227684020996,6832336.0
2023-04-27,GLOBAL.BK,15.178570747375488,15.357142448425293,15.178570747375488,15.26785659790039,14.390382766723633,2855104.0
2023-04-28,GLOBAL.BK,15.26785659790039,15.357142448425293,14.910714149475098,15.26785659790039,14.390382766723633,6199760.0
2023-05-02,GLOBAL.BK,15.26785659790039,15.357142448425293,15.0,15.26785659790039,14.390382766723633,8090880.0
2023-05-03,GLOBAL.BK,15.089284896850586,15.714284896850586,15.0,15.446428298950195,14.558691024780273,12116944.0
2023-05-08,GLOBAL.BK,15.714284896850586,16.25,15.535714149475098,16.071428298950195,15.147770881652832,14882000.0
2023-05-09,GLOBAL.BK,15.982142448425293,16.16071319580078,15.803570747375488,15.982142448425293,15.063616752624512,7070224.0
2023-05-10,GLOBAL.BK,15.89285659790039,16.16071319580078,15.714284896850586,15.89285659790039,14.979461669921875,16907744.0
2023-05-11,GLOBAL.BK,15.89285659790039,16.696428298950195,15.89285659790039,16.607141494750977,15.65269660949707,23687664.0
2023-05-12,GLOBAL.BK,16.607141494750977,16.696428298950195,16.25,16.607141494750977,15.65269660949707,9077376.0
2023-05-15,GLOBAL.BK,16.875,16.875,16.428571701049805,16.607141494750977,15.65269660949707,17874304.0
2023-05-16,GLOBAL.BK,16.607141494750977,16.607141494750977,16.25,16.428571701049805,15.48438835144043,7938000.0
2023-05-17,GLOBAL.BK,16.428571701049805,16.428571701049805,15.89285659790039,16.16071319580078,15.231925010681152,10099376.0
2023-05-18,GLOBAL.BK,16.16071319580078,16.875,16.16071319580078,16.875,15.905159950256348,22735664.0
2023-05-19,GLOBAL.BK,16.78571319580078,16.964284896850586,16.607141494750977,16.875,15.905159950256348,18384912.0
2023-05-22,GLOBAL.BK,16.696428298950195,17.232141494750977,16.339284896850586,17.232141494750977,16.241775512695312,19913936.0
2023-05-23,GLOBAL.BK,17.14285659790039,17.14285659790039,16.78571319580078,17.14285659790039,16.157623291015625,6463744.0
2023-05-24,GLOBAL.BK,17.053571701049805,17.053571701049805,16.607141494750977,16.78571319580078,15.821004867553711,8164576.0
2023-05-25,GLOBAL.BK,16.875,16.964284896850586,16.696428298950195,16.78571319580078,15.821004867553711,3868368.0
2023-05-26,GLOBAL.BK,16.78571319580078,16.78571319580078,16.25,16.339284896850586,15.400233268737793,25059888.0
2023-05-29,GLOBAL.BK,16.339284896850586,16.78571319580078,16.339284896850586,16.607141494750977,15.65269660949707,12653424.0
2023-05-30,GLOBAL.BK,16.696428298950195,16.696428298950195,16.51785659790039,16.51785659790039,15.568541526794434,1841056.0
2023-05-31,GLOBAL.BK,16.51785659790039,16.696428298950195,16.339284896850586,16.696428298950195,15.73685073852539,5370176.0
2023-06-01,GLOBAL.BK,16.696428298950195,16.78571319580078,16.339284896850586,16.428571701049805,15.48438835144043,2813888.0
2023-06-02,GLOBAL.BK,16.51785659790039,16.51785659790039,15.982142448425293,16.071428298950195,15.147770881652832,7553952.0
2023-06-06,GLOBAL.BK,15.982142448425293,16.25,15.446428298950195,15.535714149475098,14.642845153808594,16079728.0
2023-06-07,GLOBAL.BK,15.357142448425293,15.357142448425293,14.910714149475098,15.0,14.137919425964355,20539344.0
2023-06-08,GLOBAL.BK,15.089284896850586,15.535714149475098,14.910714149475098,15.357142448425293,14.474535942077637,11836048.0
2023-06-09,GLOBAL.BK,15.446428298950195,15.714284896850586,15.357142448425293,15.535714149475098,14.642845153808594,7476000.0
2023-06-12,GLOBAL.BK,15.446428298950195,15.535714149475098,15.357142448425293,15.535714149475098,14.642845153808594,2382128.0
2023-06-13,GLOBAL.BK,15.535714149475098,15.89285659790039,15.446428298950195,15.714284896850586,14.811153411865234,11007920.0
2023-06-14,GLOBAL.BK,15.803570747375488,15.89285659790039,15.535714149475098,15.625,14.72700023651123,5066768.0
2023-06-15,GLOBAL.BK,15.535714149475098,15.714284896850586,15.446428298950195,15.535714149475098,14.642845153808594,2080400.0
2023-06-16,GLOBAL.BK,15.625,15.714284896850586,14.910714149475098,15.178570747375488,14.306227684020996,15170288.0
2023-06-19,GLOBAL.BK,15.089284896850586,15.26785659790039,15.089284896850586,15.089284896850586,14.222073554992676,2886352.0
2023-06-20,GLOBAL.BK,15.446428298950195,15.535714149475098,15.178570747375488,15.357142448425293,14.474535942077637,2960720.0
2023-06-21,GLOBAL.BK,15.178570747375488,15.357142448425293,15.0,15.178570747375488,14.306227684020996,7171024.0
2023-06-22,GLOBAL.BK,15.26785659790039,15.26785659790039,14.732142448425293,14.821428298950195,13.969611167907715,10983392.0
2023-06-23,GLOBAL.BK,14.732142448425293,14.910714149475098,14.64285659790039,14.732142448425293,13.885457038879395,4638928.0
2023-06-26,GLOBAL.BK,14.64285659790039,14.821428298950195,14.553570747375488,14.732142448425293,13.885457038879395,3632944.0
2023-06-27,GLOBAL.BK,14.732142448425293,14.732142448425293,14.553570747375488,14.553570747375488,13.717148780822754,2227008.0
2023-06-28,GLOBAL.BK,14.464284896850586,14.464284896850586,13.482142448425293,13.660714149475098,12.875604629516602,24572240.0
2023-06-29,GLOBAL.BK,13.75,14.285714149475098,13.75,14.01785659790039,13.2122220993042,16546320.0
2023-06-30,GLOBAL.BK,14.196428298950195,14.375,14.01785659790039,14.107142448425293,13.296377182006836,8914640.0
2023-07-03,GLOBAL.BK,14.285714149475098,14.375,13.928570747375488,14.107142448425293,13.296377182006836,3720864.0
2023-07-04,GLOBAL.BK,14.107142448425293,14.553570747375488,14.01785659790039,14.553570747375488,13.717148780822754,10640112.0
2023-07-05,GLOBAL.BK,14.375,14.464284896850586,14.01785659790039,14.285714149475098,13.464685440063477,4087440.0
2023-07-06,GLOBAL.BK,13.928570747375488,14.01785659790039,13.303570747375488,13.482142448425293,12.707296371459961,21924672.0
2023-07-07,GLOBAL.BK,13.125,13.839284896850586,13.125,13.39285659790039,12.62314224243164,10838800.0
2023-07-10,GLOBAL.BK,13.39285659790039,13.75,13.214284896850586,13.660714149475098,12.875604629516602,7804496.0
2023-07-11,GLOBAL.BK,13.75,13.839284896850586,13.482142448425293,13.571428298950195,12.791451454162598,5761056.0
2023-07-12,GLOBAL.BK,13.571428298950195,13.839284896850586,13.39285659790039,13.571428298950195,12.791451454162598,8057280.0
2023-07-13,GLOBAL.BK,13.75,13.928570747375488,13.660714149475098,13.75,12.959759712219238,4889248.0
2023-07-14,GLOBAL.BK,13.75,14.285714149475098,13.660714149475098,14.196428298950195,13.38053035736084,11842096.0
2023-07-17,GLOBAL.BK,14.01785659790039,14.464284896850586,14.01785659790039,14.375,13.548840522766113,8578080.0
2023-07-18,GLOBAL.BK,14.285714149475098,14.375,14.107142448425293,14.196428298950195,13.38053035736084,5020848.0
2023-07-19,GLOBAL.BK,14.196428298950195,14.375,14.01785659790039,14.375,13.548840522766113,5776064.0
2023-07-20,GLOBAL.BK,14.375,14.553570747375488,14.107142448425293,14.107142448425293,13.296377182006836,7885920.0
2023-07-21,GLOBAL.BK,14.196428298950195,14.285714149475098,13.928570747375488,14.196428298950195,13.38053035736084,4615072.0
2023-07-24,GLOBAL.BK,14.285714149475098,14.375,14.107142448425293,14.285714149475098,13.464685440063477,6590752.0
2023-07-25,GLOBAL.BK,14.375,14.553570747375488,14.01785659790039,14.464284896850586,13.632993698120117,8739472.0
2023-07-26,GLOBAL.BK,14.553570747375488,15.0,14.464284896850586,14.64285659790039,13.801302909851074,16836176.0
2023-07-27,GLOBAL.BK,14.553570747375488,14.821428298950195,14.196428298950195,14.732142448425293,13.885457038879395,23818928.0
2023-07-31,GLOBAL.BK,14.64285659790039,14.732142448425293,14.64285659790039,14.732142448425293,13.885457038879395,451024.0
2023-08-02,GLOBAL.BK,14.464284896850586,14.821428298950195,14.107142448425293,14.64285659790039,13.801302909851074,18542496.0
2023-08-03,GLOBAL.BK,14.553570747375488,14.910714149475098,14.375,14.64285659790039,13.801302909851074,18977728.0
2023-08-04,GLOBAL.BK,14.910714149475098,15.089284896850586,14.64285659790039,14.732142448425293,13.885457038879395,10791984.0
2023-08-07,GLOBAL.BK,14.732142448425293,14.910714149475098,14.553570747375488,14.821428298950195,13.969611167907715,9466128.0
2023-08-08,GLOBAL.BK,14.821428298950195,14.910714149475098,14.375,14.553570747375488,13.717148780822754,7168784.0
2023-08-09,GLOBAL.BK,14.464284896850586,14.732142448425293,14.375,14.732142448425293,13.885457038879395,9164736.0
2023-08-10,GLOBAL.BK,14.64285659790039,14.732142448425293,14.553570747375488,14.732142448425293,13.885457038879395,2014096.0
2023-08-11,GLOBAL.BK,14.732142448425293,14.821428298950195,14.553570747375488,14.732142448425293,13.885457038879395,6412784.0
2023-08-15,GLOBAL.BK,14.821428298950195,14.821428298950195,14.553570747375488,14.64285659790039,13.801302909851074,5474000.0
2023-08-16,GLOBAL.BK,14.64285659790039,14.732142448425293,14.375,14.732142448425293,13.885457038879395,4219488.0
2023-08-17,GLOBAL.BK,14.64285659790039,15.535714149475098,14.553570747375488,15.446428298950195,14.558691024780273,22380848.0
2023-08-18,GLOBAL.BK,15.446428298950195,15.89285659790039,15.178570747375488,15.714284896850586,14.811153411865234,25514272.0
2023-08-21,GLOBAL.BK,15.89285659790039,16.16071319580078,15.446428298950195,16.16071319580078,15.231925010681152,18091360.0
2023-08-22,GLOBAL.BK,16.25,16.339284896850586,15.982142448425293,16.071428298950195,15.147770881652832,18709824.0
2023-08-23,GLOBAL.BK,16.16071319580078,16.339284896850586,15.982142448425293,16.16071319580078,15.231925010681152,12610416.0
2023-08-24,GLOBAL.BK,16.16071319580078,16.25,15.982142448425293,16.16071319580078,15.231925010681152,6032656.0
2023-08-25,GLOBAL.BK,16.16071319580078,16.25,15.803570747375488,16.071428298950195,15.147770881652832,6579552.0
2023-08-28,GLOBAL.BK,16.071428298950195,16.071428298950195,15.803570747375488,15.89285659790039,14.979461669921875,4086096.0
2023-08-29,GLOBAL.BK,15.89285659790039,16.25,15.89285659790039,16.16071319580078,15.231925010681152,8234352.0
2023-08-30,GLOBAL.BK,16.339284896850586,16.875,16.25,16.78571319580078,15.821004867553711,22573824.0
2023-08-31,GLOBAL.BK,16.78571319580078,16.78571319580078,16.51785659790039,16.78571319580078,15.821004867553711,5957168.0
2023-09-01,GLOBAL.BK,16.696428298950195,16.78571319580078,16.16071319580078,16.339284896850586,15.400233268737793,9359840.0
2023-09-04,GLOBAL.BK,16.339284896850586,16.51785659790039,16.16071319580078,16.339284896850586,15.400233268737793,6560288.0
2023-09-05,GLOBAL.BK,16.339284896850586,16.78571319580078,16.339284896850586,16.51785659790039,15.568541526794434,8473360.0
2023-09-06,GLOBAL.BK,16.51785659790039,16.607141494750977,16.25,16.51785659790039,15.568541526794434,4665696.0
2023-09-07,GLOBAL.BK,16.51785659790039,16.696428298950195,16.339284896850586,16.607141494750977,15.65269660949707,4220160.0
2023-09-08,GLOBAL.BK,16.51785659790039,16.696428298950195,16.339284896850586,16.51785659790039,15.568541526794434,5419344.0
2023-09-11,GLOBAL.BK,16.51785659790039,16.607141494750977,16.16071319580078,16.607141494750977,15.65269660949707,10636192.0
2023-09-12,GLOBAL.BK,16.607141494750977,16.607141494750977,16.16071319580078,16.16071319580078,15.231925010681152,6070288.0
2023-09-13,GLOBAL.BK,16.16071319580078,16.16071319580078,15.803570747375488,15.982142448425293,15.063616752624512,11211200.0
2023-09-14,GLOBAL.BK,15.982142448425293,16.071428298950195,15.714284896850586,15.803570747375488,14.895308494567871,8929872.0
2023-09-15,GLOBAL.BK,15.89285659790039,16.071428298950195,15.89285659790039,15.89285659790039,14.979461669921875,6485024.0
2023-09-18,GLOBAL.BK,15.89285659790039,15.982142448425293,15.714284896850586,15.803570747375488,14.895308494567871,3927392.0
2023-09-19,GLOBAL.BK,15.803570747375488,15.803570747375488,15.446428298950195,15.535714149475098,14.642845153808594,6833120.0
2023-09-20,GLOBAL.BK,15.178570747375488,15.535714149475098,15.0,15.089284896850586,14.222073554992676,12077856.0
2023-09-21,GLOBAL.BK,14.910714149475098,16.071428298950195,14.910714149475098,15.803570747375488,14.895308494567871,18690224.0
2023-09-22,GLOBAL.BK,15.89285659790039,15.982142448425293,15.714284896850586,15.803570747375488,14.895308494567871,3114720.0
2023-09-25,GLOBAL.BK,15.625,15.803570747375488,15.535714149475098,15.714284896850586,14.811153411865234,4931920.0
2023-09-26,GLOBAL.BK,15.714284896850586,15.803570747375488,15.26785659790039,15.535714149475098,14.642845153808594,10890096.0
2023-09-27,GLOBAL.BK,15.26785659790039,15.357142448425293,15.0,15.357142448425293,14.474535942077637,5591712.0
2023-09-28,GLOBAL.BK,15.26785659790039,15.446428298950195,14.732142448425293,14.910714149475098,14.053766250610352,15327536.0
2023-09-29,GLOBAL.BK,14.910714149475098,15.357142448425293,14.821428298950195,15.0,14.137919425964355,16379216.0
2023-10-02,GLOBAL.BK,15.089284896850586,15.089284896850586,14.64285659790039,14.732142448425293,13.885457038879395,12331872.0
2023-10-03,GLOBAL.BK,14.553570747375488,14.910714149475098,14.464284896850586,14.821428298950195,13.969611167907715,10027472.0
2023-10-04,GLOBAL.BK,14.464284896850586,14.821428298950195,14.464284896850586,14.64285659790039,13.801302909851074,8221136.0
2023-10-05,GLOBAL.BK,14.732142448425293,14.821428298950195,14.375,14.553570747375488,13.717148780822754,5909344.0
2023-10-06,GLOBAL.BK,14.64285659790039,14.821428298950195,14.375,14.464284896850586,13.632993698120117,4059552.0
2023-10-09,GLOBAL.BK,14.464284896850586,14.64285659790039,14.196428298950195,14.553570747375488,13.717148780822754,9073008.0
2023-10-10,GLOBAL.BK,14.732142448425293,14.732142448425293,14.01785659790039,14.375,13.548840522766113,16666496.0
2023-10-11,GLOBAL.BK,14.375,14.553570747375488,14.285714149475098,14.464284896850586,13.632993698120117,8680224.0
2023-10-12,GLOBAL.BK,14.553570747375488,14.64285659790039,14.375,14.375,13.548840522766113,2993424.0
2023-10-16,GLOBAL.BK,14.01785659790039,14.107142448425293,13.303570747375488,13.39285659790039,12.62314224243164,19632928.0
2023-10-17,GLOBAL.BK,13.660714149475098,13.928570747375488,13.482142448425293,13.75,12.959759712219238,8154720.0
2023-10-18,GLOBAL.BK,13.75,13.839284896850586,13.39285659790039,13.571428298950195,12.791451454162598,6665456.0
2023-10-19,GLOBAL.BK,13.39285659790039,13.482142448425293,13.214284896850586,13.39285659790039,12.62314224243164,5406800.0
2023-10-20,GLOBAL.BK,13.39285659790039,13.39285659790039,13.035714149475098,13.214284896850586,12.454833030700684,6158208.0
2023-10-24,GLOBAL.BK,13.214284896850586,13.571428298950195,13.035714149475098,13.39285659790039,12.62314224243164,6467440.0
2023-10-25,GLOBAL.BK,13.571428298950195,14.107142448425293,13.571428298950195,13.839284896850586,13.043912887573242,13260576.0
2023-10-26,GLOBAL.BK,13.75,13.928570747375488,13.571428298950195,13.660714149475098,12.875604629516602,10828384.0
2023-10-27,GLOBAL.BK,13.839284896850586,13.839284896850586,13.303570747375488,13.660714149475098,12.875604629516602,6708016.0
2023-10-30,GLOBAL.BK,13.660714149475098,14.196428298950195,13.571428298950195,14.01785659790039,13.2122220993042,8881824.0
2023-10-31,GLOBAL.BK,13.660714149475098,14.285714149475098,13.571428298950195,14.107142448425293,13.296377182006836,12591040.0
2023-11-01,GLOBAL.BK,14.285714149475098,14.464284896850586,13.660714149475098,13.839284896850586,13.043912887573242,17376352.0
2023-11-02,GLOBAL.BK,14.285714149475098,14.464284896850586,13.839284896850586,14.285714149475098,13.464685440063477,20277488.0
2023-11-03,GLOBAL.BK,14.375,14.821428298950195,14.285714149475098,14.821428298950195,13.969611167907715,21066752.0
2023-11-06,GLOBAL.BK,14.821428298950195,14.821428298950195,14.285714149475098,14.553570747375488,13.717148780822754,15002288.0
2023-11-07,GLOBAL.BK,14.464284896850586,14.64285659790039,14.285714149475098,14.64285659790039,13.801302909851074,11235392.0
2023-11-08,GLOBAL.BK,14.64285659790039,15.089284896850586,14.64285659790039,15.089284896850586,14.222073554992676,23201920.0
2023-11-09,GLOBAL.BK,15.178570747375488,15.178570747375488,14.464284896850586,15.089284896850586,14.222073554992676,24965920.0
2023-11-10,GLOBAL.BK,14.821428298950195,15.625,14.64285659790039,15.535714149475098,14.642845153808594,31214176.0
2023-11-13,GLOBAL.BK,15.535714149475098,15.625,14.910714149475098,15.446428298950195,14.558691024780273,18637136.0
2023-11-14,GLOBAL.BK,15.535714149475098,15.535714149475098,14.910714149475098,15.089284896850586,14.222073554992676,11142544.0
2023-11-15,GLOBAL.BK,15.26785659790039,15.714284896850586,15.178570747375488,15.625,14.72700023651123,11670512.0
2023-11-16,GLOBAL.BK,15.535714149475098,15.625,15.26785659790039,15.26785659790039,14.390382766723633,5468176.0
2023-11-17,GLOBAL.BK,15.0,15.357142448425293,14.910714149475098,15.26785659790039,14.390382766723633,10972752.0
2023-11-20,GLOBAL.BK,15.26785659790039,15.446428298950195,15.178570747375488,15.446428298950195,14.558691024780273,2049936.0
2023-11-21,GLOBAL.BK,15.535714149475098,16.071428298950195,15.446428298950195,15.982142448425293,15.063616752624512,17075744.0
2023-11-22,GLOBAL.BK,15.89285659790039,16.071428298950195,15.535714149475098,15.982142448425293,15.063616752624512,11255328.0
2023-11-23,GLOBAL.BK,15.982142448425293,16.071428298950195,15.714284896850586,15.714284896850586,14.811153411865234,5528992.0
2023-11-24,GLOBAL.BK,15.714284896850586,15.89285659790039,15.446428298950195,15.535714149475098,14.642845153808594,4051936.0
2023-11-27,GLOBAL.BK,15.446428298950195,15.535714149475098,15.0,15.357142448425293,14.474535942077637,10904768.0
2023-11-28,GLOBAL.BK,15.535714149475098,15.803570747375488,15.357142448425293,15.803570747375488,14.895308494567871,10252928.0
2023-11-29,GLOBAL.BK,15.89285659790039,15.89285659790039,15.26785659790039,15.26785659790039,14.390382766723633,11500608.0
2023-11-30,GLOBAL.BK,15.357142448425293,15.357142448425293,14.64285659790039,15.0,14.137919425964355,22130640.0
2023-12-01,GLOBAL.BK,14.910714149475098,15.26785659790039,14.821428298950195,15.089284896850586,14.222073554992676,8855056.0
2023-12-04,GLOBAL.BK,15.089284896850586,15.178570747375488,14.464284896850586,14.553570747375488,13.717148780822754,13343904.0
2023-12-06,GLOBAL.BK,14.553570747375488,14.910714149475098,14.553570747375488,14.821428298950195,13.969611167907715,9342480.0
2023-12-07,GLOBAL.BK,14.64285659790039,14.732142448425293,14.553570747375488,14.64285659790039,13.801302909851074,3730048.0
2023-12-08,GLOBAL.BK,14.553570747375488,14.732142448425293,14.375,14.464284896850586,13.632993698120117,5796672.0
2023-12-12,GLOBAL.BK,14.375,14.375,14.196428298950195,14.375,13.548840522766113,3344208.0
2023-12-13,GLOBAL.BK,14.464284896850586,14.464284896850586,14.107142448425293,14.375,13.548840522766113,5717824.0
2023-12-14,GLOBAL.BK,14.64285659790039,14.732142448425293,14.375,14.464284896850586,13.632993698120117,11662000.0
2023-12-15,GLOBAL.BK,14.64285659790039,15.178570747375488,14.64285659790039,15.0,14.137919425964355,19091408.0
2023-12-18,GLOBAL.BK,14.910714149475098,15.26785659790039,14.732142448425293,15.178570747375488,14.306227684020996,16683744.0
2023-12-19,GLOBAL.BK,15.089284896850586,15.26785659790039,14.910714149475098,15.26785659790039,14.390382766723633,6776336.0
2023-12-20,GLOBAL.BK,15.357142448425293,15.446428298950195,15.089284896850586,15.089284896850586,14.222073554992676,4596928.0
2023-12-21,GLOBAL.BK,15.178570747375488,15.357142448425293,15.089284896850586,15.26785659790039,14.390382766723633,4322976.0
2023-12-22,GLOBAL.BK,15.446428298950195,15.803570747375488,15.26785659790039,15.714284896850586,14.811153411865234,11250736.0
2023-12-25,GLOBAL.BK,15.714284896850586,15.803570747375488,15.625,15.714284896850586,14.811153411865234,1299872.0
2023-12-26,GLOBAL.BK,15.714284896850586,15.714284896850586,15.357142448425293,15.535714149475098,14.642845153808594,5730816.0
2023-12-27,GLOBAL.BK,15.535714149475098,15.625,15.178570747375488,15.446428298950195,14.558691024780273,10704512.0
2023-12-28,GLOBAL.BK,15.446428298950195,15.535714149475098,15.26785659790039,15.357142448425293,14.474535942077637,5659024.0
2024-01-03,GLOBAL.BK,14.821428298950195,14.821428298950195,14.464284896850586,14.553570747375488,13.717148780822754,23077824.0
2024-01-04,GLOBAL.BK,14.375,14.821428298950195,14.285714149475098,14.821428298950195,13.969611167907715,16868768.0
2024-01-05,GLOBAL.BK,14.821428298950195,14.821428298950195,14.64285659790039,14.821428298950195,13.969611167907715,7511056.0
2024-01-08,GLOBAL.BK,14.732142448425293,14.821428298950195,14.553570747375488,14.64285659790039,13.801302909851074,2697632.0
2024-01-09,GLOBAL.BK,14.910714149475098,14.910714149475098,14.464284896850586,14.553570747375488,13.717148780822754,6799968.0
2024-01-10,GLOBAL.BK,14.464284896850586,14.732142448425293,14.464284896850586,14.553570747375488,13.717148780822754,4133584.0
2024-01-11,GLOBAL.BK,14.64285659790039,14.64285659790039,13.928570747375488,14.107142448425293,13.296377182006836,13717088.0
2024-01-12,GLOBAL.BK,14.01785659790039,14.464284896850586,13.928570747375488,14.285714149475098,13.464685440063477,8346800.0
2024-01-15,GLOBAL.BK,14.464284896850586,14.553570747375488,14.375,14.375,13.548840522766113,2060688.0
2024-01-16,GLOBAL.BK,14.375,14.375,14.107142448425293,14.285714149475098,13.464685440063477,2788240.0
2024-01-17,GLOBAL.BK,14.196428298950195,14.285714149475098,13.928570747375488,14.01785659790039,13.2122220993042,6027056.0
2024-01-18,GLOBAL.BK,14.01785659790039,14.107142448425293,13.839284896850586,13.839284896850586,13.043912887573242,5706288.0
2024-01-19,GLOBAL.BK,13.839284896850586,14.01785659790039,13.39285659790039,13.571428298950195,12.791451454162598,13279840.0
2024-01-22,GLOBAL.BK,13.482142448425293,13.660714149475098,13.39285659790039,13.482142448425293,12.707296371459961,6956768.0
2024-01-23,GLOBAL.BK,13.571428298950195,13.660714149475098,13.303570747375488,13.303570747375488,12.538987159729004,6696480.0
2024-01-24,GLOBAL.BK,13.214284896850586,13.839284896850586,13.214284896850586,13.839284896850586,13.043912887573242,12466048.0
2024-01-25,GLOBAL.BK,13.839284896850586,13.839284896850586,13.571428298950195,13.660714149475098,12.875604629516602,4037376.0
2024-01-26,GLOBAL.BK,13.571428298950195,13.660714149475098,13.303570747375488,13.39285659790039,12.62314224243164,7152656.0
2024-01-29,GLOBAL.BK,13.482142448425293,13.839284896850586,13.482142448425293,13.75,12.959759712219238,4915344.0
2024-01-30,GLOBAL.BK,13.839284896850586,13.839284896850586,13.571428298950195,13.75,12.959759712219238,4526032.0
2024-01-31,GLOBAL.BK,13.75,13.75,13.482142448425293,13.571428298950195,12.791451454162598,4864832.0
2024-02-01,GLOBAL.BK,13.571428298950195,13.75,13.482142448425293,13.571428298950195,12.791451454162598,4051936.0
2024-02-02,GLOBAL.BK,13.75,14.375,13.571428298950195,14.285714149475098,13.464685440063477,15287664.0
2024-02-05,GLOBAL.BK,14.285714149475098,14.375,14.107142448425293,14.107142448425293,13.296377182006836,4420304.0
2024-02-06,GLOBAL.BK,14.107142448425293,14.375,14.107142448425293,14.196428298950195,13.38053035736084,3983280.0
2024-02-07,GLOBAL.BK,14.285714149475098,14.375,14.107142448425293,14.196428298950195,13.38053035736084,2935296.0
2024-02-08,GLOBAL.BK,14.196428298950195,14.285714149475098,14.107142448425293,14.107142448425293,13.296377182006836,3050320.0
2024-02-09,GLOBAL.BK,14.107142448425293,14.285714149475098,14.01785659790039,14.107142448425293,13.296377182006836,2311568.0
2024-02-12,GLOBAL.BK,14.375,14.821428298950195,14.285714149475098,14.64285659790039,13.801302909851074,14836080.0
2024-02-13,GLOBAL.BK,14.732142448425293,14.732142448425293,14.464284896850586,14.553570747375488,13.717148780822754,6840176.0
2024-02-14,GLOBAL.BK,14.375,14.732142448425293,14.375,14.64285659790039,13.801302909851074,7182336.0
2024-02-15,GLOBAL.BK,14.64285659790039,15.089284896850586,14.375,14.821428298950195,13.969611167907715,18611824.0
2024-02-16,GLOBAL.BK,14.910714149475098,14.910714149475098,14.553570747375488,14.553570747375488,13.717148780822754,6796720.0
2024-02-19,GLOBAL.BK,14.553570747375488,14.64285659790039,14.375,14.464284896850586,13.632993698120117,3823344.0
2024-02-20,GLOBAL.BK,14.553570747375488,14.732142448425293,14.375,14.553570747375488,13.717148780822754,6261808.0
2024-02-21,GLOBAL.BK,14.64285659790039,15.178570747375488,14.553570747375488,15.178570747375488,14.306227684020996,15713040.0
2024-02-22,GLOBAL.BK,15.089284896850586,15.178570747375488,14.910714149475098,15.089284896850586,14.222073554992676,4658976.0
2024-02-23,GLOBAL.BK,15.135713577270508,15.228570938110352,14.76428508758545,14.857142448425293,14.155229568481445,8621738.0
2024-02-27,GLOBAL.BK,14.857142448425293,15.228570938110352,14.76428508758545,15.135713577270508,14.420639991760254,8147892.0
2024-02-28,GLOBAL.BK,15.228570938110352,15.507142066955566,15.04285717010498,15.414284706115723,14.686050415039062,23883892.0
2024-02-29,GLOBAL.BK,15.321428298950195,15.785714149475098,15.04285717010498,15.785714149475098,15.039931297302246,39642938.0
2024-03-01,GLOBAL.BK,15.692856788635254,15.692856788635254,15.321428298950195,15.507142066955566,14.774520874023438,10021953.0
2024-03-04,GLOBAL.BK,15.414284706115723,15.692856788635254,15.414284706115723,15.507142066955566,14.774520874023438,7852923.0
2024-03-05,GLOBAL.BK,15.507142066955566,15.692856788635254,15.228570938110352,15.692856788635254,14.951461791992188,9878507.0
2024-03-06,GLOBAL.BK,15.507142066955566,15.507142066955566,15.135713577270508,15.507142066955566,14.774520874023438,16556292.0
2024-03-07,GLOBAL.BK,15.507142066955566,15.507142066955566,15.321428298950195,15.321428298950195,14.597579956054688,1956446.0
2024-03-08,GLOBAL.BK,15.321428298950195,15.600000381469727,15.321428298950195,15.507142066955566,14.774520874023438,3933138.0
2024-03-11,GLOBAL.BK,15.414284706115723,15.507142066955566,15.321428298950195,15.414284706115723,14.686050415039062,2029569.0
2024-03-12,GLOBAL.BK,15.414284706115723,15.414284706115723,15.414284706115723,15.414284706115723,14.686050415039062,0.0
2024-03-13,GLOBAL.BK,15.321428298950195,15.600000381469727,15.321428298950195,15.507142066955566,14.774520874023438,5930292.0
2024-03-14,GLOBAL.BK,15.414284706115723,15.692856788635254,15.414284706115723,15.600000381469727,14.862992286682129,4671692.0
2024-03-15,GLOBAL.BK,15.600000381469727,15.600000381469727,15.600000381469727,15.600000381469727,14.862992286682129,0.0
2024-03-18,GLOBAL.BK,15.878570556640625,16.064285278320312,15.692856788635254,15.785714149475098,15.039931297302246,8400215.0
2024-03-19,GLOBAL.BK,15.785714149475098,15.971427917480469,15.692856788635254,15.692856788635254,14.951461791992188,2825523.0
2024-03-20,GLOBAL.BK,15.692856788635254,15.692856788635254,15.692856788635254,15.692856788635254,14.951461791992188,0.0
2024-03-21,GLOBAL.BK,16.064285278320312,16.064285278320312,15.785714149475098,15.785714149475098,15.039931297302246,5363076.0
2024-03-22,GLOBAL.BK,15.785714149475098,15.785714149475098,15.785714149475098,15.785714149475098,15.039931297302246,0.0
2024-03-25,GLOBAL.BK,15.507142066955566,15.692856788635254,15.135713577270508,15.414284706115723,14.686050415039062,13246584.0
2024-03-26,GLOBAL.BK,15.414284706115723,15.414284706115723,15.414284706115723,15.414284706115723,14.686050415039062,0.0
2024-03-27,GLOBAL.BK,15.321428298950195,15.692856788635254,15.228570938110352,15.692856788635254,14.951461791992188,11763446.0
2024-03-28,GLOBAL.BK,15.692856788635254,15.692856788635254,15.692856788635254,15.692856788635254,14.951461791992188,0.0
2024-03-29,GLOBAL.BK,15.507142066955566,15.600000381469727,15.321428298950195,15.321428298950195,14.597579956054688,2065323.0
2024-04-01,GLOBAL.BK,15.414284706115723,15.600000381469727,15.321428298950195,15.507142066955566,14.774520874023438,3264692.0
2024-04-02,GLOBAL.BK,15.414284706115723,15.600000381469727,15.414284706115723,15.507142066955566,14.774520874023438,2782661.0
2024-04-03,GLOBAL.BK,15.414284706115723,15.600000381469727,15.414284706115723,15.414284706115723,14.686050415039062,2140169.0
2024-04-04,GLOBAL.BK,15.414284706115723,15.507142066955566,15.228570938110352,15.321428298950195,14.597579956054688,3046184.0
2024-04-05,GLOBAL.BK,15.321428298950195,15.692856788635254,15.228570938110352,15.600000381469727,14.862992286682129,5155230.0
2024-04-09,GLOBAL.BK,15.507142066955566,15.785714149475098,15.507142066955566,15.692856788635254,14.951461791992188,5060353.0
2024-04-10,GLOBAL.BK,15.692856788635254,15.878570556640625,15.600000381469727,15.692856788635254,14.951461791992188,9418984.0
2024-04-11,GLOBAL.BK,15.692856788635254,15.692856788635254,15.321428298950195,15.507142066955566,14.774520874023438,5445999.0
2024-04-17,GLOBAL.BK,15.507142066955566,15.507142066955566,15.507142066955566,15.507142066955566,14.774520874023438,0.0
2024-04-18,GLOBAL.BK,15.507142066955566,15.507142066955566,15.507142066955566,15.507142066955566,14.774520874023438,0.0
2024-04-19,GLOBAL.BK,15.507142066955566,15.507142066955566,15.507142066955566,15.507142066955566,14.774520874023438,0.0
2024-04-22,GLOBAL.BK,14.949999809265137,15.04285717010498,14.76428508758545,14.857142448425293,14.155229568481445,2764138.0
2024-04-23,GLOBAL.BK,14.857142448425293,15.135713577270508,14.857142448425293,14.949999809265137,14.24370002746582,3020661.0
2024-04-24,GLOBAL.BK,14.949999809265137,14.949999809265137,14.949999809265137,14.949999809265137,14.24370002746582,0.0
2024-04-25,GLOBAL.BK,14.949999809265137,15.04285717010498,14.76428508758545,15.04285717010498,14.332170486450195,7322969.0
2024-04-26,GLOBAL.BK,15.04285717010498,15.04285717010498,14.485713958740234,14.578571319580078,13.889819145202637,13782353.0
2024-04-29,GLOBAL.BK,14.76428508758545,14.949999809265137,14.578571319580078,14.857142448425293,14.155229568481445,6793123.0
2024-04-30,GLOBAL.BK,14.857142448425293,15.135713577270508,14.76428508758545,15.04285717010498,14.332170486450195,7113830.0
2024-05-02,GLOBAL.BK,15.04285717010498,15.04285717010498,14.76428508758545,14.857142448425293,14.155229568481445,6279753.0
2024-05-03,GLOBAL.BK,14.857142448425293,14.949999809265137,14.76428508758545,14.857142448425293,14.155229568481445,5076615.0
2024-05-07,GLOBAL.BK,15.04285717010498,15.04285717010498,14.857142448425293,14.949999809265137,14.24370002746582,4500461.0
2024-05-08,GLOBAL.BK,14.949999809265137,15.04285717010498,14.671427726745605,14.949999809265137,14.24370002746582,9586553.0
2024-05-09,GLOBAL.BK,15.04285717010498,15.04285717010498,14.76428508758545,14.76428508758545,14.06675910949707,3201046.0
2024-05-10,GLOBAL.BK,14.857142448425293,14.949999809265137,14.671427726745605,14.857142448425293,14.155229568481445,3294953.0
2024-05-13,GLOBAL.BK,14.857142448425293,15.04285717010498,14.76428508758545,14.949999809265137,14.24370002746582,6666907.0
2024-05-14,GLOBAL.BK,15.228570938110352,15.785714149475098,15.228570938110352,15.507142066955566,14.774520874023438,18523723.0
2024-05-15,GLOBAL.BK,15.692856788635254,15.692856788635254,15.414284706115723,15.600000381469727,14.862992286682129,5750553.0
2024-05-16,GLOBAL.BK,15.507142066955566,15.600000381469727,15.321428298950195,15.507142066955566,14.774520874023438,8255799.0
2024-05-17,GLOBAL.BK,15.507142066955566,15.600000381469727,15.414284706115723,15.600000381469727,14.862992286682129,5460323.0
2024-05-20,GLOBAL.BK,15.600000381469727,15.785714149475098,15.507142066955566,15.600000381469727,14.862992286682129,3630199.0
2024-05-21,GLOBAL.BK,15.600000381469727,15.785714149475098,15.414284706115723,15.785714149475098,15.039931297302246,7401692.0
2024-05-23,GLOBAL.BK,15.692856788635254,15.692856788635254,15.228570938110352,15.600000381469727,14.862992286682129,13189938.0
2024-05-24,GLOBAL.BK,15.785714149475098,15.878570556640625,15.785714149475098,15.878570556640625,15.128401756286621,1724153.0
2024-05-27,GLOBAL.BK,15.971427917480469,15.971427917480469,15.692856788635254,15.785714149475098,15.039931297302246,6152784.0
2024-05-28,GLOBAL.BK,15.785714149475098,15.785714149475098,15.414284706115723,15.507142066955566,14.774520874023438,4832153.0
2024-05-29,GLOBAL.BK,15.507142066955566,15.692856788635254,15.414284706115723,15.600000381469727,14.862992286682129,4760538.0
2024-05-30,GLOBAL.BK,15.507142066955566,15.600000381469727,15.135713577270508,15.507142066955566,14.774520874023438,18419692.0
2024-05-31,GLOBAL.BK,15.507142066955566,15.600000381469727,15.228570938110352,15.414284706115723,14.686050415039062,5559507.0
2024-06-04,GLOBAL.BK,15.414284706115723,15.507142066955566,15.04285717010498,15.135713577270508,14.420639991760254,7003123.0
2024-06-05,GLOBAL.BK,15.135713577270508,15.507142066955566,15.135713577270508,15.414284706115723,14.686050415039062,8489169.0
2024-06-06,GLOBAL.BK,15.414284706115723,15.414284706115723,14.949999809265137,15.321428298950195,14.597579956054688,10777415.0
2024-06-07,GLOBAL.BK,15.321428298950195,15.321428298950195,15.04285717010498,15.04285717010498,14.332170486450195,8510599.0
2024-06-10,GLOBAL.BK,14.949999809265137,15.04285717010498,14.578571319580078,14.949999809265137,14.24370002746582,13775246.0
2024-06-11,GLOBAL.BK,14.76428508758545,14.857142448425293,14.671427726745605,14.76428508758545,14.06675910949707,6624799.0
2024-06-12,GLOBAL.BK,14.671427726745605,14.857142448425293,14.578571319580078,14.671427726745605,13.978289604187012,7544492.0
2024-06-13,GLOBAL.BK,14.76428508758545,14.949999809265137,14.485713958740234,14.578571319580078,13.889819145202637,5703492.0
2024-06-14,GLOBAL.BK,14.485713958740234,14.578571319580078,13.928570747375488,14.021428108215332,13.35899829864502,17541138.0
2024-06-17,GLOBAL.BK,14.021428108215332,14.300000190734863,13.928570747375488,13.928570747375488,13.270527839660645,4741153.0
2024-06-18,GLOBAL.BK,14.021428108215332,14.39285659790039,14.021428108215332,14.114285469055176,13.447467803955078,6933876.0
2024-06-19,GLOBAL.BK,14.300000190734863,14.300000190734863,13.835714340209961,14.207141876220703,13.535938262939453,5984138.0
2024-06-20,GLOBAL.BK,14.207141876220703,14.300000190734863,13.835714340209961,13.928570747375488,13.270527839660645,6454323.0
2024-06-21,GLOBAL.BK,13.835714340209961,14.300000190734863,13.835714340209961,14.300000190734863,13.624408721923828,4285184.0
2024-06-24,GLOBAL.BK,14.39285659790039,14.39285659790039,14.207141876220703,14.39285659790039,13.712879180908203,3369799.0
2024-06-25,GLOBAL.BK,14.300000190734863,14.39285659790039,14.207141876220703,14.207141876220703,13.535938262939453,3454230.0
2024-06-26,GLOBAL.BK,14.207141876220703,14.300000190734863,14.021428108215332,14.021428108215332,13.35899829864502,2648907.0
2024-06-27,GLOBAL.BK,14.021428108215332,14.114285469055176,13.928570747375488,14.021428108215332,13.35899829864502,2716861.0
2024-06-28,GLOBAL.BK,14.021428108215332,14.207141876220703,13.835714340209961,13.928570747375488,13.270527839660645,9585476.0
2024-07-01,GLOBAL.BK,14.021428108215332,14.114285469055176,13.649999618530273,13.742856979370117,13.093587875366211,8436507.0
2024-07-02,GLOBAL.BK,13.649999618530273,13.742856979370117,13.464284896850586,13.55714225769043,12.916646957397461,9262399.0
2024-07-03,GLOBAL.BK,13.55714225769043,13.649999618530273,13.278571128845215,13.371427536010742,12.739706039428711,5641030.0
2024-07-04,GLOBAL.BK,13.55714225769043,13.835714340209961,13.371427536010742,13.55714225769043,12.916646957397461,10295384.0
2024-07-05,GLOBAL.BK,13.464284896850586,13.835714340209961,13.371427536010742,13.649999618530273,13.00511646270752,6059630.0
2024-07-08,GLOBAL.BK,13.55714225769043,13.835714340209961,13.55714225769043,13.835714340209961,13.18205738067627,4957507.0
2024-07-09,GLOBAL.BK,13.928570747375488,14.207141876220703,13.928570747375488,14.207141876220703,13.535938262939453,8056569.0
2024-07-10,GLOBAL.BK,14.300000190734863,14.39285659790039,14.114285469055176,14.300000190734863,13.624408721923828,9127676.0
2024-07-11,GLOBAL.BK,14.300000190734863,14.300000190734863,14.114285469055176,14.207141876220703,13.535938262939453,7828261.0
2024-07-12,GLOBAL.BK,14.300000190734863,14.39285659790039,14.207141876220703,14.39285659790039,13.712879180908203,4529215.0
2024-07-15,GLOBAL.BK,14.300000190734863,14.485713958740234,14.207141876220703,14.300000190734863,13.624408721923828,4115999.0
2024-07-16,GLOBAL.BK,14.485713958740234,14.578571319580078,14.207141876220703,14.300000190734863,13.624408721923828,5064338.0
2024-07-17,GLOBAL.BK,14.39285659790039,14.39285659790039,14.021428108215332,14.300000190734863,13.624408721923828,7869292.0
2024-07-18,GLOBAL.BK,14.300000190734863,14.39285659790039,14.114285469055176,14.300000190734863,13.624408721923828,2806353.0
2024-07-19,GLOBAL.BK,14.207141876220703,14.300000190734863,14.021428108215332,14.021428108215332,13.35899829864502,4414523.0
2024-07-23,GLOBAL.BK,14.021428108215332,14.300000190734863,13.928570747375488,14.207141876220703,13.535938262939453,5584923.0
2024-07-24,GLOBAL.BK,14.300000190734863,14.39285659790039,14.114285469055176,14.39285659790039,13.712879180908203,5744953.0
2024-07-25,GLOBAL.BK,14.485713958740234,14.76428508758545,14.39285659790039,14.578571319580078,13.889819145202637,10948861.0
2024-07-26,GLOBAL.BK,14.671427726745605,14.857142448425293,14.578571319580078,14.76428508758545,14.06675910949707,7579923.0
2024-07-30,GLOBAL.BK,14.671427726745605,14.671427726745605,14.39285659790039,14.39285659790039,13.712879180908203,6183476.0
2024-07-31,GLOBAL.BK,14.300000190734863,14.39285659790039,14.114285469055176,14.300000190734863,13.624408721923828,8585123.0
2024-08-01,GLOBAL.BK,14.300000190734863,14.485713958740234,14.207141876220703,14.485713958740234,13.801348686218262,4232523.0
2024-08-02,GLOBAL.BK,14.300000190734863,14.39285659790039,14.114285469055176,14.207141876220703,13.535938262939453,5061861.0
2024-08-05,GLOBAL.BK,14.021428108215332,14.114285469055176,13.092857360839844,13.278571128845215,12.651236534118652,14672107.0
2024-08-06,GLOBAL.BK,13.55714225769043,13.55714225769043,13.0,13.0,12.385826110839844,6757692.0
2024-08-07,GLOBAL.BK,13.185713768005371,13.185713768005371,12.071428298950195,12.071428298950195,11.501124382019043,34121769.0
2024-08-08,GLOBAL.BK,12.071428298950195,12.257142066955566,11.978570938110352,12.071428298950195,11.501124382019043,9997723.0
2024-08-09,GLOBAL.BK,12.257142066955566,12.257142066955566,11.885713577270508,11.978570938110352,11.412653923034668,10069553.0
2024-08-13,GLOBAL.BK,11.978570938110352,12.442856788635254,11.885713577270508,12.164284706115723,11.589592933654785,8520615.0
2024-08-14,GLOBAL.BK,12.257142066955566,12.350000381469727,11.885713577270508,11.978570938110352,11.412653923034668,6341676.0
2024-08-15,GLOBAL.BK,11.885713577270508,12.164284706115723,11.51428508758545,11.607142448425293,11.058773040771484,14364861.0
2024-08-16,GLOBAL.BK,11.79285717010498,12.628570556640625,11.79285717010498,12.442856788635254,11.85500431060791,24474261.0
2024-08-19,GLOBAL.BK,12.535714149475098,13.278571128845215,12.535714149475098,13.278571128845215,12.651236534118652,13834692.0
2024-08-20,GLOBAL.BK,13.278571128845215,13.55714225769043,13.092857360839844,13.278571128845215,12.651236534118652,8662661.0
2024-08-21,GLOBAL.BK,13.185713768005371,13.371427536010742,13.0,13.371427536010742,12.739706039428711,5560369.0
2024-08-22,GLOBAL.BK,13.371427536010742,13.464284896850586,13.278571128845215,13.278571128845215,12.651236534118652,2474876.0
2024-08-23,GLOBAL.BK,13.371427536010742,13.928570747375488,13.371427536010742,13.835714340209961,13.18205738067627,11956538.0
2024-08-26,GLOBAL.BK,14.207141876220703,14.578571319580078,14.114285469055176,14.207141876220703,13.535938262939453,10847953.0
2024-08-27,GLOBAL.BK,14.207141876220703,14.300000190734863,13.928570747375488,14.114285469055176,13.447467803955078,5595907.0
2024-08-28,GLOBAL.BK,13.928570747375488,14.207141876220703,13.835714340209961,14.021428108215332,13.35899829864502,10852369.0
2024-08-29,GLOBAL.BK,13.835714340209961,14.114285469055176,13.649999618530273,13.742856979370117,13.093587875366211,9911569.0
2024-08-30,GLOBAL.BK,13.742856979370117,13.928570747375488,13.649999618530273,13.742856979370117,13.093587875366211,9596784.0
2024-09-02,GLOBAL.BK,13.649999618530273,13.649999618530273,13.464284896850586,13.464284896850586,12.828176498413086,3240999.0
2024-09-03,GLOBAL.BK,13.464284896850586,14.021428108215332,13.464284896850586,13.928570747375488,13.270527839660645,11235323.0
2024-09-04,GLOBAL.BK,13.649999618530273,13.928570747375488,13.55714225769043,13.835714340209961,13.18205738067627,9503415.0
2024-09-05,GLOBAL.BK,13.835714340209961,14.207141876220703,13.742856979370117,14.021428108215332,13.35899829864502,13332846.0
2024-09-06,GLOBAL.BK,14.300000190734863,14.485713958740234,14.207141876220703,14.207141876220703,13.535938262939453,16346292.0
2024-09-09,GLOBAL.BK,14.300000190734863,14.578571319580078,14.114285469055176,14.207141876220703,13.535938262939453,12597953.0
2024-09-10,GLOBAL.BK,14.300000190734863,14.578571319580078,14.207141876220703,14.578571319580078,13.889819145202637,12028369.0
2024-09-11,GLOBAL.BK,14.578571319580078,14.578571319580078,14.021428108215332,14.300000190734863,13.624408721923828,10401999.0
2024-09-12,GLOBAL.BK,14.39285659790039,14.578571319580078,14.207141876220703,14.39285659790039,13.712879180908203,7483646.0
2024-09-13,GLOBAL.BK,14.578571319580078,14.578571319580078,14.207141876220703,14.39285659790039,13.712879180908203,5901538.0
2024-09-16,GLOBAL.BK,14.485713958740234,14.857142448425293,14.39285659790039,14.76428508758545,14.06675910949707,12092553.0
2024-09-17,GLOBAL.BK,14.76428508758545,14.76428508758545,14.485713958740234,14.578571319580078,13.889819145202637,5321399.0
2024-09-18,GLOBAL.BK,14.578571319580078,14.671427726745605,14.300000190734863,14.300000190734863,13.624408721923828,10585615.0
2024-09-19,GLOBAL.BK,14.39285659790039,14.485713958740234,14.207141876220703,14.300000190734863,13.624408721923828,11530292.0
2024-09-20,GLOBAL.BK,14.300000190734863,14.578571319580078,14.300000190734863,14.39285659790039,13.712879180908203,9125415.0
2024-09-23,GLOBAL.BK,14.39285659790039,14.39285659790039,14.114285469055176,14.300000190734863,13.624408721923828,5266261.0
2024-09-24,GLOBAL.BK,14.300000190734863,14.39285659790039,13.928570747375488,14.021428108215332,13.35899829864502,10101753.0
2024-09-25,GLOBAL.BK,14.021428108215332,14.39285659790039,14.021428108215332,14.114285469055176,13.447467803955078,10582384.0
2024-09-26,GLOBAL.BK,14.114285469055176,14.578571319580078,14.114285469055176,14.300000190734863,13.624408721923828,10862923.0
2024-09-27,GLOBAL.BK,14.485713958740234,14.578571319580078,14.207141876220703,14.578571319580078,13.889819145202637,8629276.0
2024-09-30,GLOBAL.BK,14.578571319580078,14.76428508758545,14.39285659790039,14.76428508758545,14.06675910949707,12495753.0
2024-10-01,GLOBAL.BK,14.857142448425293,15.228570938110352,14.76428508758545,15.135713577270508,14.420639991760254,26328723.0
2024-10-02,GLOBAL.BK,14.949999809265137,15.135713577270508,14.857142448425293,15.135713577270508,14.420639991760254,14157984.0
2024-10-03,GLOBAL.BK,15.135713577270508,15.135713577270508,14.857142448425293,15.04285717010498,14.332170486450195,10552015.0
2024-10-04,GLOBAL.BK,14.949999809265137,15.04285717010498,14.578571319580078,14.949999809265137,14.24370002746582,9046799.0
2024-10-07,GLOBAL.BK,15.04285717010498,15.600000381469727,15.04285717010498,15.600000381469727,14.862992286682129,21924538.0
2024-10-08,GLOBAL.BK,15.600000381469727,15.692856788635254,15.600000381469727,15.692856788635254,14.951461791992188,12783723.0
2024-10-09,GLOBAL.BK,15.692856788635254,15.692856788635254,15.04285717010498,15.228570938110352,14.509110450744629,11363369.0
2024-10-10,GLOBAL.BK,15.321428298950195,15.414284706115723,15.135713577270508,15.321428298950195,14.597579956054688,4556030.0
2024-10-11,GLOBAL.BK,15.135713577270508,15.228570938110352,14.949999809265137,15.135713577270508,14.420639991760254,9591076.0
2024-10-15,GLOBAL.BK,15.228570938110352,15.228570938110352,14.857142448425293,14.949999809265137,14.24370002746582,4573584.0
2024-10-16,GLOBAL.BK,14.857142448425293,15.228570938110352,14.857142448425293,15.04285717010498,14.332170486450195,12494353.0
2024-10-17,GLOBAL.BK,15.04285717010498,15.600000381469727,15.04285717010498,15.600000381469727,14.862992286682129,9001461.0
2024-10-18,GLOBAL.BK,15.321428298950195,15.414284706115723,15.135713577270508,15.135713577270508,14.420639991760254,4884169.0
2024-10-21,GLOBAL.BK,15.135713577270508,15.321428298950195,15.135713577270508,15.135713577270508,14.420639991760254,2662692.0
2024-10-22,GLOBAL.BK,15.135713577270508,15.321428298950195,14.949999809265137,15.04285717010498,14.332170486450195,5262384.0
2024-10-24,GLOBAL.BK,15.04285717010498,15.04285717010498,14.857142448425293,14.949999809265137,14.24370002746582,5423815.0
2024-10-25,GLOBAL.BK,14.949999809265137,14.949999809265137,14.671427726745605,14.76428508758545,14.06675910949707,6561799.0
2024-10-28,GLOBAL.BK,14.671427726745605,14.76428508758545,14.485713958740234,14.485713958740234,13.801348686218262,6011384.0
2024-10-29,GLOBAL.BK,14.39285659790039,14.76428508758545,14.021428108215332,14.671427726745605,13.978289604187012,14798646.0
2024-10-30,GLOBAL.BK,14.485713958740234,14.671427726745605,14.39285659790039,14.578571319580078,13.889819145202637,5150492.0
2024-10-31,GLOBAL.BK,14.39285659790039,14.949999809265137,14.39285659790039,14.949999809265137,14.24370002746582,4649292.0
2024-11-01,GLOBAL.BK,14.857142448425293,15.04285717010498,14.76428508758545,14.857142448425293,14.155229568481445,3592830.0
2024-11-04,GLOBAL.BK,14.949999809265137,15.135713577270508,14.76428508758545,14.76428508758545,14.06675910949707,1429076.0
2024-11-05,GLOBAL.BK,14.857142448425293,15.414284706115723,14.76428508758545,15.135713577270508,14.420639991760254,10576030.0
2024-11-06,GLOBAL.BK,15.135713577270508,15.228570938110352,14.485713958740234,14.671427726745605,13.978289604187012,8227584.0
2024-11-07,GLOBAL.BK,14.76428508758545,15.04285717010498,14.671427726745605,14.949999809265137,14.24370002746582,3660784.0
2024-11-08,GLOBAL.BK,15.04285717010498,15.04285717010498,14.76428508758545,14.76428508758545,14.06675910949707,1199369.0
2024-11-11,GLOBAL.BK,14.671427726745605,14.949999809265137,14.578571319580078,14.949999809265137,14.24370002746582,2374723.0
2024-11-12,GLOBAL.BK,14.76428508758545,14.949999809265137,14.578571319580078,14.857142448425293,14.155229568481445,2782661.0
2024-11-13,GLOBAL.BK,14.76428508758545,14.857142448425293,14.671427726745605,14.857142448425293,14.155229568481445,2674430.0
2024-11-14,GLOBAL.BK,14.671427726745605,14.949999809265137,14.578571319580078,14.578571319580078,13.889819145202637,5379446.0
2024-11-15,GLOBAL.BK,14.578571319580078,14.76428508758545,14.207141876220703,14.39285659790039,13.712879180908203,7451553.0
2024-11-18,GLOBAL.BK,14.578571319580078,15.04285717010498,14.578571319580078,14.857142448425293,14.155229568481445,5976599.0
2024-11-19,GLOBAL.BK,14.857142448425293,14.949999809265137,14.578571319580078,14.671427726745605,13.978289604187012,7121692.0
2024-11-20,GLOBAL.BK,14.671427726745605,14.857142448425293,14.578571319580078,14.671427726745605,13.978289604187012,4712723.0
2024-11-21,GLOBAL.BK,14.857142448425293,14.949999809265137,14.39285659790039,14.485713958740234,13.801348686218262,7686107.0
2024-11-22,GLOBAL.BK,14.671427726745605,14.76428508758545,14.39285659790039,14.578571319580078,13.889819145202637,7402876.0
2024-11-25,GLOBAL.BK,14.76428508758545,14.857142448425293,14.578571319580078,14.671427726745605,13.978289604187012,7764076.0
2024-11-26,GLOBAL.BK,14.76428508758545,14.76428508758545,14.485713958740234,14.578571319580078,13.889819145202637,7057292.0
2024-11-27,GLOBAL.BK,14.578571319580078,14.671427726745605,14.39285659790039,14.485713958740234,13.801348686218262,4913569.0
2024-11-28,GLOBAL.BK,14.578571319580078,14.578571319580078,14.300000190734863,14.39285659790039,13.712879180908203,5127553.0
2024-11-29,GLOBAL.BK,14.485713958740234,14.949999809265137,14.485713958740234,14.857142448425293,14.155229568481445,9665923.0
2024-12-02,GLOBAL.BK,14.949999809265137,14.949999809265137,14.76428508758545,14.949999809265137,14.24370002746582,5005323.0
2024-12-03,GLOBAL.BK,14.857142448425293,14.949999809265137,14.76428508758545,14.949999809265137,14.24370002746582,5908107.0
2024-12-04,GLOBAL.BK,14.857142448425293,15.04285717010498,14.671427726745605,14.857142448425293,14.155229568481445,6520230.0
2024-12-06,GLOBAL.BK,14.671427726745605,14.857142448425293,14.300000190734863,14.578571319580078,13.889819145202637,15376415.0
2024-12-09,GLOBAL.BK,14.485713958740234,14.671427726745605,14.39285659790039,14.485713958740234,13.801348686218262,5137569.0
2024-12-11,GLOBAL.BK,14.485713958740234,14.671427726745605,14.485713958740234,14.671427726745605,13.978289604187012,5064553.0
2024-12-12,GLOBAL.BK,14.76428508758545,14.76428508758545,14.671427726745605,14.76428508758545,14.06675910949707,3185107.0
2024-12-13,GLOBAL.BK,14.76428508758545,14.76428508758545,14.485713958740234,14.578571319580078,13.889819145202637,3364523.0
2024-12-16,GLOBAL.BK,14.578571319580078,14.76428508758545,14.485713958740234,14.578571319580078,13.889819145202637,5002523.0
2024-12-17,GLOBAL.BK,14.485713958740234,14.671427726745605,14.300000190734863,14.485713958740234,13.801348686218262,6872061.0
2024-12-18,GLOBAL.BK,14.39285659790039,14.39285659790039,14.114285469055176,14.300000190734863,13.624408721923828,6806584.0
2024-12-19,GLOBAL.BK,13.928570747375488,14.114285469055176,13.649999618530273,14.021428108215332,13.35899829864502,7204076.0
2024-12-20,GLOBAL.BK,13.928570747375488,13.928570747375488,13.55714225769043,13.649999618530273,13.00511646270752,11095646.0
2024-12-23,GLOBAL.BK,13.55714225769043,13.649999618530273,13.278571128845215,13.371427536010742,12.739706039428711,14465015.0
2024-12-24,GLOBAL.BK,13.278571128845215,13.55714225769043,13.092857360839844,13.55714225769043,12.916646957397461,14333846.0
2024-12-25,GLOBAL.BK,13.55714225769043,13.55714225769043,13.185713768005371,13.371427536010742,12.739706039428711,9120784.0
2024-12-26,GLOBAL.BK,13.371427536010742,13.464284896850586,13.185713768005371,13.278571128845215,12.651236534118652,3410076.0
2024-12-27,GLOBAL.BK,13.278571128845215,13.371427536010742,12.90714168548584,13.092857360839844,12.474296569824219,12349723.0
2024-12-30,GLOBAL.BK,13.092857360839844,13.185713768005371,12.721427917480469,12.90714168548584,12.297354698181152,13372476.0
2025-01-02,GLOBAL.BK,12.90714168548584,12.90714168548584,12.442856788635254,12.535714149475098,11.943475723266602,16335092.0
2025-01-03,GLOBAL.BK,12.628570556640625,12.90714168548584,12.350000381469727,12.442856788635254,11.85500431060791,14810923.0
2025-01-06,GLOBAL.BK,12.535714149475098,12.814285278320312,12.350000381469727,12.535714149475098,11.943475723266602,9084492.0
2025-01-07,GLOBAL.BK,12.628570556640625,13.092857360839844,12.535714149475098,12.90714168548584,12.297354698181152,13620276.0
2025-01-08,GLOBAL.BK,12.814285278320312,12.814285278320312,12.535714149475098,12.814285278320312,12.208885192871094,7627092.0
2025-01-09,GLOBAL.BK,12.721427917480469,12.814285278320312,12.257142066955566,12.350000381469727,11.766535758972168,13956707.0
2025-01-10,GLOBAL.BK,12.350000381469727,12.442856788635254,12.071428298950195,12.071428298950195,11.501124382019043,8822261.0
2025-01-13,GLOBAL.BK,11.885713577270508,12.071428298950195,11.79285717010498,11.978570938110352,11.412653923034668,6547153.0
2025-01-14,GLOBAL.BK,11.978570938110352,12.071428298950195,11.607142448425293,11.607142448425293,11.058773040771484,12565538.0
2025-01-15,GLOBAL.BK,11.699999809265137,11.79285717010498,11.51428508758545,11.699999809265137,11.14724349975586,11094138.0
2025-01-16,GLOBAL.BK,11.79285717010498,11.885713577270508,11.607142448425293,11.699999809265137,11.14724349975586,9770923.0
2025-01-17,GLOBAL.BK,11.607142448425293,11.885713577270508,11.51428508758545,11.51428508758545,10.97030258178711,6000938.0
2025-01-20,GLOBAL.BK,11.607142448425293,12.164284706115723,11.51428508758545,11.79285717010498,11.235713958740234,10753076.0
2025-01-21,GLOBAL.BK,11.885713577270508,11.885713577270508,11.607142448425293,11.79285717010498,11.235713958740234,5783615.0
2025-01-22,GLOBAL.BK,11.885713577270508,11.885713577270508,11.51428508758545,11.51428508758545,10.97030258178711,6777184.0
2025-01-23,GLOBAL.BK,11.421427726745605,11.51428508758545,10.864285469055176,10.957141876220703,10.439480781555176,13395630.0
2025-01-24,GLOBAL.BK,10.957141876220703,11.14285659790039,10.864285469055176,10.957141876220703,10.439480781555176,7051799.0
2025-01-27,GLOBAL.BK,10.957141876220703,11.050000190734863,10.678570747375488,10.771428108215332,10.262541770935059,2892723.0
2025-01-28,GLOBAL.BK,10.957141876220703,11.235713958740234,10.585714340209961,10.957141876220703,10.439480781555176,10357092.0
2025-01-29,GLOBAL.BK,10.957141876220703,10.957141876220703,10.492856979370117,10.492856979370117,9.997130393981934,3322523.0
2025-01-30,GLOBAL.BK,10.585714340209961,10.864285469055176,10.30714225769043,10.492856979370117,9.997130393981934,26381815.0
2025-01-31,GLOBAL.BK,10.678570747375488,10.678570747375488,9.007142066955566,9.285714149475098,8.847018241882324,72410584.0
2025-02-03,GLOBAL.BK,9.053570747375488,9.100000381469727,8.449999809265137,8.68214225769043,8.271961212158203,29491430.0
2025-02-04,GLOBAL.BK,8.867856979370117,9.239285469055176,8.728570938110352,8.728570938110352,8.316197395324707,20690276.0
2025-02-05,GLOBAL.BK,8.821428298950195,9.007142066955566,8.635713577270508,8.728570938110352,8.316197395324707,13030876.0
2025-02-06,GLOBAL.BK,8.821428298950195,8.821428298950195,8.403571128845215,8.449999809265137,8.050786972045898,12034184.0
2025-02-07,GLOBAL.BK,8.54285717010498,8.68214225769043,8.125,8.496427536010742,8.09502124786377,19357692.0
2025-02-10,GLOBAL.BK,8.26428508758545,8.403571128845215,8.078571319580078,8.217857360839844,7.8296122550964355,10033046.0
2025-02-11,GLOBAL.BK,8.217857360839844,8.54285717010498,8.171427726745605,8.496427536010742,8.09502124786377,17204492.0
2025-02-13,GLOBAL.BK,8.357142448425293,8.357142448425293,7.289285182952881,7.382142066955566,7.033379077911377,54073492.0
2025-02-14,GLOBAL.BK,7.4285712242126465,7.521428108215332,7.242856979370117,7.521428108215332,7.1660847663879395,24229046.0
2025-02-17,GLOBAL.BK,7.800000190734863,7.892857074737549,7.4285712242126465,7.614284992218018,7.254554748535156,23977046.0
2025-02-18,GLOBAL.BK,7.614284992218018,7.800000190734863,7.567856788635254,7.614284992218018,7.254554748535156,13812723.0
2025-02-19,GLOBAL.BK,7.614284992218018,7.846427917480469,7.567856788635254,7.846427917480469,7.4757304191589355,8583615.0
2025-02-20,GLOBAL.BK,7.707141876220703,7.939284801483154,7.614284992218018,7.660714149475098,7.298789978027344,14521984.0
2025-02-21,GLOBAL.BK,7.707141876220703,7.800000190734863,7.614284992218018,7.800000190734863,7.4314961433410645,9198430.0
2025-02-24,GLOBAL.BK,7.800000190734863,7.939284801483154,7.707141876220703,7.846427917480469,7.4757304191589355,6009984.0
2025-02-25,GLOBAL.BK,7.800000190734863,7.800000190734863,7.335713863372803,7.4285712242126465,7.077614784240723,28749107.0
2025-02-26,GLOBAL.BK,7.521428108215332,7.707141876220703,7.242856979370117,7.614284992218018,7.254554748535156,29193338.0
2025-02-27,GLOBAL.BK,7.666070938110352,7.858928203582764,7.569642066955566,7.714284896850586,7.525448799133301,15260414.0
2025-02-28,GLOBAL.BK,7.473214149475098,7.907142162322998,7.232141971588135,7.617856979370117,7.431381702423096,20280711.0
2025-03-03,GLOBAL.BK,7.569642066955566,7.569642066955566,7.087500095367432,7.087500095367432,6.914007186889648,12451496.0
2025-03-04,GLOBAL.BK,6.9910712242126465,6.9910712242126465,6.6053571701049805,6.6053571701049805,6.443666458129883,32635037.0
2025-03-05,GLOBAL.BK,6.653571128845215,7.087500095367432,6.653571128845215,7.087500095367432,6.914007186889648,31883288.0
2025-03-06,GLOBAL.BK,7.039285182952881,7.039285182952881,6.508927822113037,6.5571417808532715,6.396631240844727,46904977.0
2025-03-07,GLOBAL.BK,6.5571417808532715,6.846427917480469,6.460713863372803,6.75,6.584768772125244,29643185.0
2025-03-10,GLOBAL.BK,6.6053571701049805,6.894641876220703,6.5571417808532715,6.5571417808532715,6.396631240844727,16875496.0
2025-03-11,GLOBAL.BK,6.508927822113037,6.9910712242126465,6.460713863372803,6.846427917480469,6.678835868835449,37983866.0
2025-03-12,GLOBAL.BK,6.894641876220703,6.894641876220703,6.5571417808532715,6.701785087585449,6.537734031677246,16992370.0
2025-03-13,GLOBAL.BK,6.75,6.798213958740234,6.5571417808532715,6.6053571701049805,6.443666458129883,15190103.0
2025-03-14,GLOBAL.BK,6.6053571701049805,6.846427917480469,6.5571417808532715,6.798213958740234,6.631802082061768,24163066.0
2025-03-17,GLOBAL.BK,6.846427917480469,7.039285182952881,6.653571128845215,7.039285182952881,6.86697244644165,18250607.0
2025-03-18,GLOBAL.BK,7.039285182952881,7.039285182952881,6.6053571701049805,6.653571128845215,6.4907002449035645,20516948.0
2025-03-19,GLOBAL.BK,6.653571128845215,7.1839280128479,6.653571128845215,6.9910712242126465,6.819938659667969,21419688.0
2025-03-20,GLOBAL.BK,6.9910712242126465,7.1839280128479,6.894641876220703,6.942856788635254,6.772904396057129,18104281.0
2025-03-21,GLOBAL.BK,6.9910712242126465,7.039285182952881,6.846427917480469,6.9910712242126465,6.819938659667969,15509407.0
2025-03-24,GLOBAL.BK,6.9910712242126465,6.9910712242126465,6.846427917480469,6.894641876220703,6.725869655609131,5008785.0
2025-03-25,GLOBAL.BK,6.846427917480469,6.846427917480469,6.5571417808532715,6.653571128845215,6.4907002449035645,13008592.0
2025-03-26,GLOBAL.BK,6.798213958740234,6.894641876220703,6.653571128845215,6.701785087585449,6.537734031677246,9792118.0
2025-03-27,GLOBAL.BK,6.701785087585449,6.798213958740234,6.5571417808532715,6.653571128845215,6.4907002449035645,8213437.0
2025-03-28,GLOBAL.BK,6.6053571701049805,6.701785087585449,6.412499904632568,6.701785087585449,6.537734031677246,6840814.0
2025-03-31,GLOBAL.BK,6.9910712242126465,7.039285182952881,6.412499904632568,6.460713863372803,6.302563667297363,33666888.0
2025-04-01,GLOBAL.BK,6.5571417808532715,6.653571128845215,6.316071033477783,6.316071033477783,6.16146183013916,20387940.0
2025-04-02,GLOBAL.BK,6.364284992218018,6.508927822113037,6.219642162322998,6.412499904632568,6.255529880523682,7875362.0
2025-04-03,GLOBAL.BK,6.316071033477783,6.508927822113037,6.267857074737549,6.460713863372803,6.302563667297363,4008666.0
2025-04-04,GLOBAL.BK,6.412499904632568,6.460713863372803,6.219642162322998,6.219642162322998,6.0673933029174805,10019437.0
2025-04-08,GLOBAL.BK,5.930356979370117,5.978570938110352,5.64107084274292,5.882142066955566,5.738154888153076,10810903.0
2025-04-09,GLOBAL.BK,5.833928108215332,5.882142066955566,5.448214054107666,5.5928568840026855,5.455950736999512,20859792.0
2025-04-10,GLOBAL.BK,6.026784896850586,6.074999809265137,5.64107084274292,5.785714149475098,5.644087314605713,25165259.0
2025-04-11,GLOBAL.BK,5.882142066955566,5.978570938110352,5.689284801483154,5.930356979370117,5.785189151763916,10874266.0
2025-04-16,GLOBAL.BK,5.978570938110352,6.316071033477783,5.930356979370117,6.219642162322998,6.0673933029174805,14043555.0
2025-04-17,GLOBAL.BK,6.219642162322998,6.508927822113037,6.171428203582764,6.508927822113037,6.349597454071045,10700977.0
2025-04-18,GLOBAL.BK,6.6053571701049805,6.942856788635254,6.316071033477783,6.894641876220703,6.725869655609131,19746222.0
2025-04-21,GLOBAL.BK,6.894641876220703,6.894641876220703,6.508927822113037,6.508927822113037,6.349597454071045,11723392.0
2025-04-22,GLOBAL.BK,6.508927822113037,6.798213958740234,6.316071033477783,6.798213958740234,6.631802082061768,10850933.0
2025-04-23,GLOBAL.BK,6.75,6.846427917480469,6.508927822113037,6.653571128845215,6.4907002449035645,11715925.0
2025-04-24,GLOBAL.BK,6.5571417808532715,6.75,6.5571417808532715,6.75,6.584768772125244,9741614.0
2025-04-25,GLOBAL.BK,6.798213958740234,6.942856788635254,6.75,6.798213958740234,6.631802082061768,12830740.0
2025-04-28,GLOBAL.BK,6.798213958740234,7.039285182952881,6.75,6.942856788635254,6.772904396057129,9021807.0
2025-04-29,GLOBAL.BK,6.846427917480469,6.846427917480469,6.412499904632568,6.5571417808532715,6.396631240844727,21190296.0
2025-04-30,GLOBAL.BK,6.5571417808532715,6.798213958740234,6.508927822113037,6.798213958740234,6.631802082061768,19075881.0
2025-05-02,GLOBAL.BK,6.701785087585449,6.798213958740234,6.508927822113037,6.5571417808532715,6.396631240844727,13547022.0
2025-05-06,GLOBAL.BK,6.5571417808532715,6.653571128845215,6.171428203582764,6.219642162322998,6.0673933029174805,17894385.0
2025-05-07,GLOBAL.BK,6.171428203582764,6.364284992218018,6.074999809265137,6.219642162322998,6.0673933029174805,22652933.0
2025-05-08,GLOBAL.BK,6.171428203582764,6.219642162322998,5.737500190734863,5.785714149475098,5.644087314605713,30294444.0
2025-05-09,GLOBAL.BK,5.833928108215332,5.930356979370117,5.544641971588135,5.689284801483154,5.550018310546875,22303659.0
2025-05-13,GLOBAL.BK,5.833928108215332,6.026784896850586,5.785714149475098,5.930356979370117,5.785189151763916,18131555.0
2025-05-14,GLOBAL.BK,5.930356979370117,6.074999809265137,5.689284801483154,5.882142066955566,5.738154888153076,8994740.0
2025-05-15,GLOBAL.BK,5.882142066955566,5.882142066955566,5.448214054107666,5.4964280128479,5.361882209777832,18579659.0
2025-05-16,GLOBAL.BK,5.4964280128479,5.785714149475098,5.4964280128479,5.5928568840026855,5.455950736999512,12867659.0
2025-05-19,GLOBAL.BK,5.5928568840026855,5.64107084274292,5.4964280128479,5.4964280128479,5.361882209777832,10219896.0
2025-05-20,GLOBAL.BK,5.544641971588135,5.5928568840026855,5.351785182952881,5.400000095367432,5.267815113067627,20968370.0
2025-05-21,GLOBAL.BK,5.400000095367432,5.4964280128479,5.158927917480469,5.3035712242126465,5.173746585845947,17321007.0
2025-05-22,GLOBAL.BK,5.207141876220703,5.255356788635254,5.110713958740234,5.158927917480469,5.032643795013428,8810874.0
2025-05-23,GLOBAL.BK,5.158927917480469,5.158927917480469,5.0625,5.110713958740234,4.985610008239746,11107081.0
2025-05-26,GLOBAL.BK,5.158927917480469,5.255356788635254,5.014285087585449,5.110713958740234,4.985610008239746,7348651.0
2025-05-27,GLOBAL.BK,5.110713958740234,5.207141876220703,5.014285087585449,5.158927917480469,5.032643795013428,8711733.0
2025-05-28,GLOBAL.BK,5.207141876220703,5.400000095367432,5.158927917480469,5.3035712242126465,5.173746585845947,17492014.0
2025-05-29,GLOBAL.BK,5.3035712242126465,5.4964280128479,5.3035712242126465,5.448214054107666,5.314848899841309,8622755.0
2025-05-30,GLOBAL.BK,5.3035712242126465,5.448214054107666,5.255356788635254,5.3035712242126465,5.173746585845947,13554696.0
2025-06-04,GLOBAL.BK,5.351785182952881,5.351785182952881,5.158927917480469,5.3035712242126465,5.173746585845947,10549051.0
2025-06-05,GLOBAL.BK,5.3035712242126465,5.3035712242126465,5.110713958740234,5.207141876220703,5.079677581787109,8510651.0
2025-06-06,GLOBAL.BK,5.158927917480469,5.158927917480469,4.821427822113037,4.966071128845215,4.844508171081543,17770355.0
2025-06-09,GLOBAL.BK,4.966071128845215,5.0625,4.821427822113037,4.821427822113037,4.703405380249023,10974444.0
2025-06-10,GLOBAL.BK,4.821427822113037,4.821427822113037,4.667141914367676,4.7828569412231445,4.665778636932373,49349066.0
2025-06-11,GLOBAL.BK,4.7828569412231445,4.802142143249512,4.705714225769043,4.763570785522461,4.6469645500183105,10176962.0
2025-06-12,GLOBAL.BK,4.7828569412231445,4.8696417808532715,4.667141914367676,4.667141914367676,4.552896022796631,18647585.0
2025-06-13,GLOBAL.BK,4.628571033477783,4.647857189178467,4.532142162322998,4.628571033477783,4.5152692794799805,15100607.0
2025-06-16,GLOBAL.BK,4.590000152587891,4.628571033477783,4.454999923706055,4.570713996887207,4.458828926086426,14523496.0
2025-06-17,GLOBAL.BK,4.570713996887207,4.802142143249512,4.532142162322998,4.686428070068359,4.571710109710693,14368355.0
2025-06-18,GLOBAL.BK,4.667141914367676,4.7828569412231445,4.570713996887207,4.6092848777771,4.496455192565918,13017822.0
2025-06-19,GLOBAL.BK,4.512856960296631,4.532142162322998,4.165713787078857,4.165713787078857,4.063742160797119,35815214.0
2025-06-20,GLOBAL.BK,4.165713787078857,4.339284896850586,4.165713787078857,4.165713787078857,4.063742160797119,14406725.0
2025-06-23,GLOBAL.BK,4.088571071624756,4.223570823669434,4.011427879333496,4.165713787078857,4.063742160797119,14451007.0
2025-06-24,GLOBAL.BK,4.28142786026001,4.512856960296631,4.28142786026001,4.493570804595947,4.38357400894165,29527451.0
2025-06-25,GLOBAL.BK,4.435713768005371,5.110713958740234,4.416428089141846,4.9178571701049805,4.797474384307861,41933940.0
2025-06-26,GLOBAL.BK,4.821427822113037,5.158927917480469,4.821427822113037,4.9178571701049805,4.797474384307861,20123288.0
2025-06-27,GLOBAL.BK,4.821427822113037,4.8696417808532715,4.686428070068359,4.802142143249512,4.684591770172119,16878918.0
2025-06-30,GLOBAL.BK,4.821427822113037,4.8696417808532715,4.474285125732422,4.821427822113037,4.703405380249023,57500903.0
2025-07-01,GLOBAL.BK,4.821427822113037,5.014285087585449,4.686428070068359,4.966071128845215,4.844508171081543,21696785.0
2025-07-02,GLOBAL.BK,4.8696417808532715,5.158927917480469,4.821427822113037,4.966071128845215,4.844508171081543,26202192.0
2025-07-03,GLOBAL.BK,4.9178571701049805,5.3035712242126465,4.9178571701049805,5.255356788635254,5.126712322235107,20469037.0
2025-07-04,GLOBAL.BK,5.207141876220703,5.400000095367432,5.014285087585449,5.0625,4.9385762214660645,18538281.0
2025-07-07,GLOBAL.BK,4.9178571701049805,5.0625,4.9178571701049805,5.0625,4.9385762214660645,8379881.0
2025-07-08,GLOBAL.BK,4.9178571701049805,5.110713958740234,4.9178571701049805,4.966071128845215,4.844508171081543,8095733.0
2025-07-09,GLOBAL.BK,5.014285087585449,5.0625,4.821427822113037,4.9178571701049805,4.797474384307861,5606429.0
2025-07-11,GLOBAL.BK,4.9178571701049805,5.158927917480469,4.9178571701049805,4.966071128845215,4.844508171081543,13997407.0
2025-07-14,GLOBAL.BK,5.014285087585449,5.4964280128479,5.014285087585449,5.351785182952881,5.220780372619629,29713703.0
2025-07-15,GLOBAL.BK,5.351785182952881,5.689284801483154,5.351785182952881,5.64107084274292,5.502984523773193,19866103.0
2025-07-16,GLOBAL.BK,5.544641971588135,5.64107084274292,5.400000095367432,5.544641971588135,5.408915996551514,13608414.0
2025-07-17,GLOBAL.BK,5.544641971588135,5.785714149475098,5.448214054107666,5.785714149475098,5.644087314605713,21763155.0
2025-07-18,GLOBAL.BK,5.833928108215332,6.267857074737549,5.833928108215332,6.123213768005371,5.973325252532959,48092696.0
2025-07-21,GLOBAL.BK,6.074999809265137,6.364284992218018,6.074999809265137,6.171428203582764,6.020359516143799,32546681.0
2025-07-22,GLOBAL.BK,6.171428203582764,6.316071033477783,5.785714149475098,5.833928108215332,5.6911211013793945,26147022.0
2025-07-23,GLOBAL.BK,5.882142066955566,6.316071033477783,5.882142066955566,6.123213768005371,5.973325252532959,24163170.0
2025-07-24,GLOBAL.BK,6.074999809265137,6.460713863372803,6.074999809265137,6.219642162322998,6.0673933029174805,31793999.0
2025-07-25,GLOBAL.BK,6.171428203582764,6.316071033477783,6.026784896850586,6.219642162322998,6.0673933029174805,14514474.0
2025-07-29,GLOBAL.BK,6.267857074737549,6.460713863372803,6.026784896850586,6.412499904632568,6.255529880523682,30319748.0
2025-07-30,GLOBAL.BK,6.508927822113037,6.701785087585449,6.412499904632568,6.653571128845215,6.4907002449035645,24601940.0
2025-07-31,GLOBAL.BK,6.653571128845215,6.701785087585449,6.412499904632568,6.508927822113037,6.349597454071045,17270607.0
2025-08-01,GLOBAL.BK,6.653571128845215,6.653571128845215,6.074999809265137,6.171428203582764,6.020359516143799,23053851.0
2025-08-04,GLOBAL.BK,6.267857074737549,6.364284992218018,6.026784896850586,6.316071033477783,6.16146183013916,14426014.0
2025-08-05,GLOBAL.BK,6.316071033477783,6.5571417808532715,6.123213768005371,6.508927822113037,6.349597454071045,22978355.0
2025-08-06,GLOBAL.BK,6.460713863372803,6.9910712242126465,6.364284992218018,6.894641876220703,6.725869655609131,36198607.0
2025-08-07,GLOBAL.BK,6.798213958740234,6.894641876220703,6.412499904632568,6.412499904632568,6.255529880523682,19458029.0
2025-08-08,GLOBAL.BK,6.412499904632568,6.508927822113037,6.219642162322998,6.364284992218018,6.208495140075684,13639111.0
2025-08-13,GLOBAL.BK,6.364284992218018,6.364284992218018,6.074999809265137,6.074999809265137,5.926291465759277,19920340.0
2025-08-14,GLOBAL.BK,6.123213768005371,6.123213768005371,5.882142066955566,5.978570938110352,5.832222938537598,16795022.0
2025-08-15,GLOBAL.BK,5.978570938110352,6.074999809265137,5.882142066955566,6.026784896850586,5.879256725311279,9160459.0
2025-08-18,GLOBAL.BK,6.026784896850586,6.074999809265137,5.882142066955566,6.026784896850586,5.879256725311279,13960903.0
2025-08-19,GLOBAL.BK,5.978570938110352,6.026784896850586,5.882142066955566,5.882142066955566,5.738154888153076,8818859.0
2025-08-20,GLOBAL.BK,5.882142066955566,6.123213768005371,5.833928108215332,6.074999809265137,5.926291465759277,8889688.0
2025-08-21,GLOBAL.BK,6.026784896850586,6.219642162322998,5.930356979370117,6.074999809265137,5.926291465759277,9592074.0
2025-08-22,GLOBAL.BK,6.074999809265137,6.171428203582764,6.026784896850586,6.026784896850586,5.879256725311279,4124503.0
2025-08-25,GLOBAL.BK,6.123213768005371,6.364284992218018,6.123213768005371,6.219642162322998,6.0673933029174805,20446844.0
2025-08-26,GLOBAL.BK,6.171428203582764,6.171428203582764,5.930356979370117,5.930356979370117,5.785189151763916,10779274.0
2025-08-27,GLOBAL.BK,5.930356979370117,6.123213768005371,5.930356979370117,5.978570938110352,5.832222938537598,5570444.0
2025-08-28,GLOBAL.BK,5.978570938110352,6.074999809265137,5.833928108215332,6.074999809265137,5.926291465759277,9234088.0
2025-08-29,GLOBAL.BK,6.074999809265137,6.894641876220703,5.930356979370117,6.846427917480469,6.678835868835449,45940637.0
2025-09-01,GLOBAL.BK,6.75,7.617856979370117,6.653571128845215,7.473214149475098,7.290279388427734,53292711.0
2025-09-02,GLOBAL.BK,7.521428108215332,7.617856979370117,7.32857084274292,7.376784801483154,7.1962103843688965,18521999.0
2025-09-03,GLOBAL.BK,7.2803568840026855,7.907142162322998,7.2803568840026855,7.569642066955566,7.384346961975098,37225170.0
2025-09-04,GLOBAL.BK,7.569642066955566,7.762499809265137,7.32857084274292,7.473214149475098,7.290279388427734,23285111.0
2025-09-05,GLOBAL.BK,7.569642066955566,7.858928203582764,7.473214149475098,7.617856979370117,7.431381702423096,23056755.0
2025-09-08,GLOBAL.BK,7.666070938110352,8.100000381469727,7.666070938110352,7.810713768005371,7.6195173263549805,29659985.0
2025-09-09,GLOBAL.BK,7.810713768005371,7.955357074737549,7.714284896850586,7.810713768005371,7.6195173263549805,12852725.0
2025-09-10,GLOBAL.BK,7.858928203582764,7.907142162322998,7.714284896850586,7.810713768005371,7.6195173263549805,6176177.0
2025-09-11,GLOBAL.BK,7.762499809265137,7.907142162322998,7.762499809265137,7.858928203582764,7.66655158996582,4955377.0
2025-09-12,GLOBAL.BK,7.858928203582764,7.955357074737549,7.666070938110352,7.858928203582764,7.66655158996582,8471659.0
2025-09-15,GLOBAL.BK,7.810713768005371,8.003570556640625,7.762499809265137,8.003570556640625,7.807653427124023,6645333.0
2025-09-16,GLOBAL.BK,7.955357074737549,8.4375,7.907142162322998,8.29285717010498,8.089858055114746,29298785.0
2025-09-17,GLOBAL.BK,8.38928508758545,8.38928508758545,8.196428298950195,8.29285717010498,8.089858055114746,10232444.0
2025-09-18,GLOBAL.BK,8.341071128845215,8.38928508758545,7.858928203582764,8.100000381469727,7.901722431182861,23838266.0
2025-09-19,GLOBAL.BK,8.100000381469727,8.148214340209961,7.762499809265137,7.762499809265137,7.572483539581299,14633525.0
2025-09-22,GLOBAL.BK,7.810713768005371,8.100000381469727,7.617856979370117,7.617856979370117,7.431381702423096,19102740.0
2025-09-23,GLOBAL.BK,7.617856979370117,7.858928203582764,7.617856979370117,7.762499809265137,7.572483539581299,7949096.0
2025-09-24,GLOBAL.BK,7.714284896850586,8.148214340209961,7.714284896850586,7.907142162322998,7.713585376739502,22960622.0
2025-09-25,GLOBAL.BK,7.907142162322998,8.003570556640625,7.810713768005371,7.907142162322998,7.713585376739502,10151555.0
2025-09-26,GLOBAL.BK,7.858928203582764,7.858928203582764,7.617856979370117,7.617856979370117,7.431381702423096,11851362.0
2025-09-29,GLOBAL.BK,7.666070938110352,7.762499809265137,7.569642066955566,7.617856979370117,7.431381702423096,9546133.0
2025-09-30,GLOBAL.BK,7.666070938110352,7.666070938110352,7.32857084274292,7.32857084274292,7.149176597595215,11763007.0
2025-10-01,GLOBAL.BK,7.376784801483154,7.425000190734863,7.232141971588135,7.232141971588135,7.055108070373535,8406844.0
2025-10-02,GLOBAL.BK,7.2803568840026855,7.473214149475098,7.1839280128479,7.425000190734863,7.243245601654053,15324503.0
2025-10-03,GLOBAL.BK,7.376784801483154,7.810713768005371,7.32857084274292,7.714284896850586,7.525448799133301,19877096.0
2025-10-06,GLOBAL.BK,7.617856979370117,7.714284896850586,7.473214149475098,7.569642066955566,7.384346961975098,15835555.0
2025-10-07,GLOBAL.BK,7.569642066955566,7.569642066955566,7.569642066955566,7.569642066955566,7.384346961975098,0.0
2025-10-08,GLOBAL.BK,7.617856979370117,7.762499809265137,7.32857084274292,7.376784801483154,7.1962103843688965,14970355.0
2025-10-09,GLOBAL.BK,7.425000190734863,7.473214149475098,7.232141971588135,7.2803568840026855,7.102142810821533,6534992.0
2025-10-10,GLOBAL.BK,7.32857084274292,7.473214149475098,7.1839280128479,7.232141971588135,7.055108070373535,11422029.0
2025-10-14,GLOBAL.BK,7.232141971588135,7.666070938110352,7.232141971588135,7.376784801483154,7.1962103843688965,16324103.0
2025-10-15,GLOBAL.BK,7.425000190734863,7.907142162322998,7.425000190734863,7.810713768005371,7.6195173263549805,23358637.0
2025-10-16,GLOBAL.BK,7.810713768005371,7.955357074737549,7.714284896850586,7.714284896850586,7.525448799133301,10203407.0
2025-10-17,GLOBAL.BK,7.714284896850586,7.762499809265137,7.425000190734863,7.425000190734863,7.243245601654053,11934118.0
2025-10-20,GLOBAL.BK,7.521428108215332,7.858928203582764,7.521428108215332,7.666070938110352,7.478415012359619,10156844.0
2025-10-21,GLOBAL.BK,7.714284896850586,7.858928203582764,7.569642066955566,7.810713768005371,7.6195173263549805,15910222.0
2025-10-22,GLOBAL.BK,7.858928203582764,7.907142162322998,7.666070938110352,7.907142162322998,7.713585376739502,10729807.0
2025-10-24,GLOBAL.BK,7.858928203582764,7.858928203582764,7.232141971588135,7.2803568840026855,7.102142810821533,22719511.0
2025-10-27,GLOBAL.BK,7.425000190734863,7.617856979370117,7.232141971588135,7.2803568840026855,7.102142810821533,21659451.0
2025-10-28,GLOBAL.BK,7.521428108215332,7.569642066955566,7.087500095367432,7.425000190734863,7.243245601654053,19269185.0
2025-10-29,GLOBAL.BK,7.2803568840026855,7.376784801483154,7.1839280128479,7.1839280128479,7.008074760437012,5392385.0
2025-10-30,GLOBAL.BK,7.1839280128479,7.2803568840026855,6.846427917480469,7.087500095367432,6.914007186889648,10525614.0
2025-10-31,GLOBAL.BK,7.087500095367432,7.087500095367432,6.6053571701049805,6.653571128845215,6.4907002449035645,22042118.0
2025-11-03,GLOBAL.BK,6.653571128845215,6.75,6.460713863372803,6.5571417808532715,6.396631240844727,14392829.0
2025-11-04,GLOBAL.BK,6.5571417808532715,6.6053571701049805,6.267857074737549,6.267857074737549,6.1144280433654785,18483111.0
2025-11-05,GLOBAL.BK,6.219642162322998,6.267857074737549,6.026784896850586,6.171428203582764,6.020359516143799,14087422.0
2025-11-06,GLOBAL.BK,6.171428203582764,6.171428203582764,5.882142066955566,6.074999809265137,5.926291465759277,15098429.0
2025-11-07,GLOBAL.BK,5.978570938110352,6.026784896850586,5.930356979370117,6.026784896850586,5.879256725311279,5456785.0
2025-11-10,GLOBAL.BK,6.026784896850586,6.219642162322998,5.978570938110352,6.074999809265137,5.926291465759277,9344118.0
2025-11-11,GLOBAL.BK,6.074999809265137,6.219642162322998,5.930356979370117,5.978570938110352,5.832222938537598,10473140.0
2025-11-12,GLOBAL.BK,5.978570938110352,5.978570938110352,5.689284801483154,5.737500190734863,5.597053527832031,24625274.0
2025-11-13,GLOBAL.BK,5.737500190734863,5.833928108215332,5.689284801483154,5.833928108215332,5.6911211013793945,8242266.0
2025-11-14,GLOBAL.BK,5.785714149475098,5.882142066955566,5.64107084274292,5.737500190734863,5.597053527832031,9700133.0
2025-11-17,GLOBAL.BK,5.785714149475098,5.833928108215332,5.64107084274292,5.785714149475098,5.644087314605713,14425496.0
2025-11-18,GLOBAL.BK,5.689284801483154,5.833928108215332,5.64107084274292,5.737500190734863,5.597053527832031,11621659.0
2025-11-19,GLOBAL.BK,5.689284801483154,5.737500190734863,5.544641971588135,5.64107084274292,5.502984523773193,10955362.0
2025-11-20,GLOBAL.BK,5.689284801483154,5.785714149475098,5.64107084274292,5.737500190734863,5.597053527832031,8098740.0
2025-11-21,GLOBAL.BK,5.737500190734863,5.785714149475098,5.64107084274292,5.785714149475098,5.644087314605713,12749229.0
2025-11-24,GLOBAL.BK,5.882142066955566,6.171428203582764,5.882142066955566,5.978570938110352,5.832222938537598,19271259.0
2025-11-25,GLOBAL.BK,6.026784896850586,6.364284992218018,5.978570938110352,6.316071033477783,6.16146183013916,23500607.0
2025-11-26,GLOBAL.BK,6.412499904632568,6.653571128845215,6.171428203582764,6.267857074737549,6.1144280433654785,16785274.0
2025-11-27,GLOBAL.BK,6.267857074737549,6.364284992218018,6.123213768005371,6.219642162322998,6.0673933029174805,10997777.0
2025-11-28,GLOBAL.BK,6.267857074737549,6.508927822113037,6.219642162322998,6.316071033477783,6.16146183013916,15537614.0
2025-12-01,GLOBAL.BK,6.364284992218018,6.508927822113037,6.364284992218018,6.460713863372803,6.302563667297363,13912681.0
2025-12-02,GLOBAL.BK,6.508927822113037,6.508927822113037,6.219642162322998,6.364284992218018,6.208495140075684,11614399.0
2025-12-03,GLOBAL.BK,6.364284992218018,6.508927822113037,6.267857074737549,6.460713863372803,6.302563667297363,8645881.0
2025-12-04,GLOBAL.BK,6.460713863372803,6.460713863372803,6.267857074737549,6.460713863372803,6.302563667297363,8536370.0
2025-12-08,GLOBAL.BK,6.508927822113037,6.508927822113037,6.267857074737549,6.316071033477783,6.16146183013916,6019377.0
2025-12-09,GLOBAL.BK,6.267857074737549,6.267857074737549,5.833928108215332,5.930356979370117,5.785189151763916,15307496.0
2025-12-11,GLOBAL.BK,5.978570938110352,5.978570938110352,5.689284801483154,5.737500190734863,5.597053527832031,8164488.0
2025-12-12,GLOBAL.BK,5.785714149475098,6.026784896850586,5.737500190734863,5.978570938110352,5.832222938537598,10978592.0
2025-12-15,GLOBAL.BK,5.930356979370117,6.123213768005371,5.882142066955566,6.074999809265137,5.926291465759277,6223881.0
2025-12-16,GLOBAL.BK,6.026784896850586,6.171428203582764,5.930356979370117,6.123213768005371,5.973325252532959,8679170.0
2025-12-17,GLOBAL.BK,6.123213768005371,6.364284992218018,6.074999809265137,6.123213768005371,5.973325252532959,13787614.0
2025-12-18,GLOBAL.BK,6.123213768005371,6.171428203582764,5.785714149475098,5.833928108215332,5.6911211013793945,13954370.0
2025-12-19,GLOBAL.BK,5.882142066955566,5.930356979370117,5.737500190734863,5.882142066955566,5.738154888153076,11586814.0
2025-12-22,GLOBAL.BK,5.930356979370117,6.074999809265137,5.833928108215332,6.074999809265137,5.926291465759277,5898148.0
2025-12-23,GLOBAL.BK,6.171428203582764,6.316071033477783,6.123213768005371,6.219642162322998,6.0673933029174805,9522177.0
2025-12-24,GLOBAL.BK,6.219642162322998,6.267857074737549,6.123213768005371,6.219642162322998,6.0673933029174805,2472296.0
2025-12-25,GLOBAL.BK,6.219642162322998,6.219642162322998,6.026784896850586,6.074999809265137,5.926291465759277,3991659.0
2025-12-26,GLOBAL.BK,6.123213768005371,6.123213768005371,5.882142066955566,6.026784896850586,5.879256725311279,3406874.0
2025-12-29,GLOBAL.BK,6.074999809265137,6.171428203582764,5.930356979370117,6.074999809265137,5.926291465759277,7643170.0
2025-12-30,GLOBAL.BK,5.978570938110352,6.171428203582764,5.978570938110352,6.123213768005371,5.973325252532959,6224814.0
2026-01-05,GLOBAL.BK,6.123213768005371,6.171428203582764,5.882142066955566,6.123213768005371,5.973325252532959,10724414.0
2026-01-06,GLOBAL.BK,6.123213768005371,6.364284992218018,6.074999809265137,6.316071033477783,6.16146183013916,11685748.0
2026-01-07,GLOBAL.BK,6.316071033477783,6.653571128845215,6.316071033477783,6.5571417808532715,6.396631240844727,15995362.0
2026-01-08,GLOBAL.BK,6.460713863372803,6.508927822113037,6.074999809265137,6.219642162322998,6.0673933029174805,15438370.0
2026-01-09,GLOBAL.BK,6.267857074737549,6.267857074737549,5.833928108215332,5.930356979370117,5.785189151763916,27788340.0
2026-01-12,GLOBAL.BK,5.930356979370117,5.930356979370117,5.737500190734863,5.930356979370117,5.785189151763916,13336607.0
2026-01-13,GLOBAL.BK,5.978570938110352,5.978570938110352,5.689284801483154,5.737500190734863,5.597053527832031,10000459.0
2026-01-14,GLOBAL.BK,5.64107084274292,5.737500190734863,5.5928568840026855,5.64107084274292,5.502984523773193,6345111.0
2026-01-15,GLOBAL.BK,5.689284801483154,6.074999809265137,5.64107084274292,6.026784896850586,5.879256725311279,12505733.0
2026-01-16,GLOBAL.BK,5.978570938110352,6.267857074737549,5.930356979370117,6.219642162322998,6.0673933029174805,8422814.0
2026-01-19,GLOBAL.BK,6.171428203582764,6.364284992218018,6.074999809265137,6.267857074737549,6.1144280433654785,4622074.0
2026-01-20,GLOBAL.BK,6.316071033477783,6.653571128845215,6.219642162322998,6.508927822113037,6.349597454071045,14288814.0
2026-01-21,GLOBAL.BK,6.653571128845215,6.846427917480469,6.5571417808532715,6.798213958740234,6.631802082061768,17849585.0
2026-01-22,GLOBAL.BK,6.846427917480469,6.846427917480469,6.508927822113037,6.5571417808532715,6.396631240844727,15855466.0
2026-01-23,GLOBAL.BK,6.5571417808532715,6.6053571701049805,6.364284992218018,6.412499904632568,6.255529880523682,5360962.0
2026-01-26,GLOBAL.BK,6.412499904632568,6.5571417808532715,6.316071033477783,6.5571417808532715,6.396631240844727,11792874.0
2026-01-27,GLOBAL.BK,6.5571417808532715,6.701785087585449,6.364284992218018,6.5571417808532715,6.396631240844727,11335644.0
2026-01-28,GLOBAL.BK,6.5571417808532715,6.701785087585449,6.508927822113037,6.6053571701049805,6.443666458129883,5730148.0
2026-01-29,GLOBAL.BK,6.5571417808532715,6.75,6.460713863372803,6.75,6.584768772125244,6765007.0
2026-01-30,GLOBAL.BK,6.701785087585449,6.701785087585449,6.5571417808532715,6.653571128845215,6.4907002449035645,2807985.0
2026-02-02,GLOBAL.BK,6.653571128845215,6.653571128845215,6.364284992218018,6.6053571701049805,6.443666458129883,12019466.0
2026-02-03,GLOBAL.BK,6.653571128845215,6.75,6.5571417808532715,6.701785087585449,6.537734031677246,10862859.0
2026-02-04,GLOBAL.BK,6.653571128845215,6.894641876220703,6.653571128845215,6.894641876220703,6.725869655609131,10890755.0
2026-02-05,GLOBAL.BK,6.894641876220703,7.039285182952881,6.894641876220703,6.9910712242126465,6.819938659667969,10189822.0
2026-02-06,GLOBAL.BK,6.9910712242126465,7.1839280128479,6.846427917480469,6.9910712242126465,6.819938659667969,12308281.0
2026-02-09,GLOBAL.BK,7.473214149475098,7.617856979370117,7.32857084274292,7.425000190734863,7.243245601654053,16505481.0
2026-02-10,GLOBAL.BK,7.617856979370117,7.762499809265137,7.376784801483154,7.569642066955566,7.384346961975098,22915614.0
2026-02-11,GLOBAL.BK,7.521428108215332,7.617856979370117,7.376784801483154,7.473214149475098,7.290279388427734,17086222.0
2026-02-12,GLOBAL.BK,7.425000190734863,7.569642066955566,7.32857084274292,7.521428108215332,7.337313175201416,18457392.0
2026-02-13,GLOBAL.BK,7.473214149475098,7.617856979370117,7.135714054107666,7.2803568840026855,7.102142810821533,24520222.0
2026-02-16,GLOBAL.BK,7.232141971588135,7.2803568840026855,7.039285182952881,7.2803568840026855,7.102142810821533,13864355.0
2026-02-17,GLOBAL.BK,7.232141971588135,7.473214149475098,7.135714054107666,7.473214149475098,7.290279388427734,9081748.0
2026-02-18,GLOBAL.BK,7.569642066955566,7.955357074737549,7.521428108215332,7.955357074737549,7.7606201171875,27273037.0
2026-02-19,GLOBAL.BK,8.003570556640625,8.29285717010498,7.955357074737549,8.003570556640625,7.807653427124023,34786681.0
2026-02-20,GLOBAL.BK,7.955357074737549,8.051785469055176,7.666070938110352,8.003570556640625,7.807653427124023,25925511.0
2026-02-23,GLOBAL.BK,8.003570556640625,8.003570556640625,7.2803568840026855,7.521428108215332,7.337313175201416,24490251.0
2026-02-24,GLOBAL.BK,7.300000190734863,7.400000095367432,7.099999904632568,7.349999904632568,7.349999904632568,18011800.0
2026-02-25,GLOBAL.BK,7.349999904632568,7.349999904632568,7.150000095367432,7.349999904632568,7.349999904632568,14764600.0
2026-02-26,GLOBAL.BK,7.349999904632568,7.800000190734863,7.25,7.800000190734863,7.800000190734863,23334500.0
2026-02-27,GLOBAL.BK,7.800000190734863,7.849999904632568,7.599999904632568,7.75,7.75,5712800.0
2026-03-02,GLOBAL.BK,7.300000190734863,7.5,7.199999809265137,7.25,7.25,10746500.0
2026-03-04,GLOBAL.BK,6.5,7.050000190734863,6.199999809265137,7.050000190734863,7.050000190734863,21210200.0
2026-03-05,GLOBAL.BK,7.099999904632568,7.150000095367432,6.650000095367432,6.849999904632568,6.849999904632568,13820900.0
2026-03-06,GLOBAL.BK,6.699999809265137,6.75,6.449999809265137,6.5,6.5,10045500.0
2026-03-09,GLOBAL.BK,6.150000095367432,6.449999809265137,6.099999904632568,6.449999809265137,6.449999809265137,4424300.0
2026-03-10,GLOBAL.BK,6.650000095367432,6.699999809265137,6.449999809265137,6.5,6.5,7537400.0
2026-03-11,GLOBAL.BK,6.599999904632568,6.800000190734863,6.599999904632568,6.650000095367432,6.650000095367432,6298800.0
2026-03-12,GLOBAL.BK,6.599999904632568,6.849999904632568,6.550000190734863,6.800000190734863,6.800000190734863,5568300.0
2026-03-13,GLOBAL.BK,6.800000190734863,6.800000190734863,6.5,6.599999904632568,6.599999904632568,6541200.0
2026-03-16,GLOBAL.BK,6.5,6.550000190734863,6.25,6.25,6.25,8065700.0
2026-03-17,GLOBAL.BK,6.349999904632568,6.599999904632568,6.300000190734863,6.449999809265137,6.449999809265137,7696800.0
2026-03-18,GLOBAL.BK,6.449999809265137,6.550000190734863,6.449999809265137,6.449999809265137,6.449999809265137,3042000.0
2026-03-19,GLOBAL.BK,6.300000190734863,6.400000095367432,5.900000095367432,5.900000095367432,5.900000095367432,17178300.0
2026-03-20,GLOBAL.BK,6.0,6.050000190734863,5.900000095367432,6.0,6.0,9804800.0
2026-03-23,GLOBAL.BK,5.849999904632568,5.849999904632568,5.400000095367432,5.550000190734863,5.550000190734863,26777700.0
2026-03-24,GLOBAL.BK,5.550000190734863,5.599999904632568,5.349999904632568,5.449999809265137,5.449999809265137,22356300.0
2026-03-25,GLOBAL.BK,5.550000190734863,5.900000095367432,5.550000190734863,5.849999904632568,5.849999904632568,16660400.0
2026-03-26,GLOBAL.BK,5.5,5.599999904632568,5.449999809265137,5.5,5.5,21476800.0
2026-03-27,GLOBAL.BK,5.550000190734863,5.550000190734863,5.300000190734863,5.400000095367432,5.400000095367432,25133300.0
2026-03-30,GLOBAL.BK,5.300000190734863,5.5,5.25,5.449999809265137,5.449999809265137,17041500.0
2026-03-31,GLOBAL.BK,5.550000190734863,5.699999809265137,5.5,5.599999904632568,5.599999904632568,15767000.0
2026-04-01,GLOBAL.BK,5.800000190734863,5.949999809265137,5.75,5.849999904632568,5.849999904632568,18931200.0
2026-04-02,GLOBAL.BK,5.75,6.150000095367432,5.699999809265137,6.099999904632568,6.099999904632568,17528500.0
2026-04-03,GLOBAL.BK,6.099999904632568,6.25,6.0,6.150000095367432,6.150000095367432,17708400.0
2026-04-07,GLOBAL.BK,6.150000095367432,6.25,6.0,6.199999809265137,6.199999809265137,8741200.0
2026-04-08,GLOBAL.BK,6.400000095367432,6.5,6.25,6.400000095367432,6.400000095367432,20501900.0
2026-04-09,GLOBAL.BK,6.300000190734863,6.300000190734863,6.0,6.25,6.25,16815300.0
2026-04-10,GLOBAL.BK,6.25,6.25,6.050000190734863,6.099999904632568,6.099999904632568,7860700.0
