Date,Ticker,Open,High,Low,Close,Adj Close,Volume
2016-04-11,SPALI.BK,18.200000762939453,18.5,18.100000381469727,18.200000762939453,10.737504959106445,2379500.0
2016-04-12,SPALI.BK,18.399999618530273,19.200000762939453,18.299999237060547,19.100000381469727,11.26848030090332,9093300.0
2016-04-18,SPALI.BK,19.200000762939453,19.700000762939453,19.100000381469727,19.700000762939453,11.622462272644043,9950900.0
2016-04-19,SPALI.BK,19.700000762939453,20.299999237060547,19.700000762939453,20.100000381469727,11.858452796936035,10229900.0
2016-04-20,SPALI.BK,20.200000762939453,20.200000762939453,19.5,19.600000381469727,11.563467979431152,6137100.0
2016-04-21,SPALI.BK,19.600000381469727,19.899999618530273,19.399999618530273,19.5,11.504467964172363,4304900.0
2016-04-22,SPALI.BK,19.5,19.700000762939453,19.399999618530273,19.600000381469727,11.563467979431152,2560500.0
2016-04-25,SPALI.BK,19.600000381469727,19.600000381469727,19.299999237060547,19.5,11.504467964172363,2093400.0
2016-04-26,SPALI.BK,19.5,19.799999237060547,19.399999618530273,19.600000381469727,11.563467979431152,2803200.0
2016-04-27,SPALI.BK,19.700000762939453,20.299999237060547,19.700000762939453,20.200000762939453,11.917448997497559,9013400.0
2016-04-28,SPALI.BK,20.200000762939453,20.299999237060547,19.700000762939453,19.799999237060547,11.6814603805542,3044600.0
2016-04-29,SPALI.BK,19.799999237060547,20.600000381469727,19.600000381469727,20.5,12.094443321228027,7809400.0
2016-05-03,SPALI.BK,20.5,21.0,20.200000762939453,20.200000762939453,11.917448997497559,8519800.0
2016-05-04,SPALI.BK,20.200000762939453,20.799999237060547,20.100000381469727,20.700000762939453,12.21243953704834,10082900.0
2016-05-09,SPALI.BK,20.700000762939453,20.700000762939453,20.100000381469727,20.5,12.094443321228027,8609500.0
2016-05-10,SPALI.BK,20.399999618530273,20.399999618530273,19.600000381469727,20.0,11.799453735351562,10202700.0
2016-05-11,SPALI.BK,20.100000381469727,20.5,20.100000381469727,20.399999618530273,12.035445213317871,5268700.0
2016-05-12,SPALI.BK,20.200000762939453,20.600000381469727,20.200000762939453,20.200000762939453,11.917448997497559,4445600.0
2016-05-13,SPALI.BK,20.299999237060547,20.600000381469727,20.299999237060547,20.5,12.094443321228027,4648000.0
2016-05-16,SPALI.BK,20.5,20.5,20.399999618530273,20.5,12.094443321228027,1226500.0
2016-05-17,SPALI.BK,20.5,20.600000381469727,20.399999618530273,20.5,12.094443321228027,1273300.0
2016-05-18,SPALI.BK,20.299999237060547,20.700000762939453,20.299999237060547,20.600000381469727,12.153437614440918,3488300.0
2016-05-19,SPALI.BK,20.399999618530273,20.600000381469727,20.299999237060547,20.299999237060547,11.976447105407715,1312700.0
2016-05-23,SPALI.BK,20.399999618530273,20.399999618530273,19.899999618530273,20.200000762939453,11.917448997497559,1323100.0
2016-05-24,SPALI.BK,20.100000381469727,20.399999618530273,20.100000381469727,20.399999618530273,12.035445213317871,1918300.0
2016-05-25,SPALI.BK,20.399999618530273,20.5,20.299999237060547,20.399999618530273,12.035445213317871,2067700.0
2016-05-26,SPALI.BK,20.299999237060547,20.399999618530273,20.100000381469727,20.100000381469727,11.858452796936035,1604700.0
2016-05-27,SPALI.BK,20.0,20.100000381469727,19.399999618530273,19.799999237060547,11.6814603805542,7463200.0
2016-05-30,SPALI.BK,20.0,20.5,20.0,20.299999237060547,11.976447105407715,4813700.0
2016-05-31,SPALI.BK,20.299999237060547,20.799999237060547,20.299999237060547,20.399999618530273,12.035445213317871,10611700.0
2016-06-01,SPALI.BK,20.399999618530273,20.700000762939453,20.299999237060547,20.5,12.094443321228027,2274100.0
2016-06-02,SPALI.BK,20.5,21.299999237060547,20.5,21.299999237060547,12.56641960144043,11057200.0
2016-06-03,SPALI.BK,21.399999618530273,21.700000762939453,21.299999237060547,21.700000762939453,12.802409172058105,10943900.0
2016-06-06,SPALI.BK,21.799999237060547,22.0,21.700000762939453,22.0,12.979399681091309,7755600.0
2016-06-07,SPALI.BK,22.0,22.100000381469727,21.700000762939453,21.799999237060547,12.861405372619629,6148900.0
2016-06-08,SPALI.BK,21.899999618530273,22.0,21.5,21.600000381469727,12.74341106414795,8534800.0
2016-06-09,SPALI.BK,21.700000762939453,22.0,21.700000762939453,22.0,12.979399681091309,4196400.0
2016-06-10,SPALI.BK,22.0,22.399999618530273,21.799999237060547,22.100000381469727,13.038400650024414,12130800.0
2016-06-13,SPALI.BK,21.700000762939453,22.100000381469727,21.700000762939453,22.0,12.979399681091309,4126300.0
2016-06-14,SPALI.BK,21.799999237060547,22.100000381469727,21.799999237060547,22.100000381469727,13.038400650024414,2137200.0
2016-06-15,SPALI.BK,22.100000381469727,22.299999237060547,21.799999237060547,22.299999237060547,13.156392097473145,5400000.0
2016-06-16,SPALI.BK,22.399999618530273,22.899999618530273,22.299999237060547,22.5,13.27439022064209,14257000.0
2016-06-17,SPALI.BK,22.600000381469727,22.700000762939453,22.0,22.5,13.27439022064209,4587100.0
2016-06-20,SPALI.BK,22.399999618530273,22.799999237060547,22.299999237060547,22.600000381469727,13.333388328552246,6772100.0
2016-06-21,SPALI.BK,22.700000762939453,23.200000762939453,22.5,23.100000381469727,13.628369331359863,11802200.0
2016-06-22,SPALI.BK,23.100000381469727,23.100000381469727,22.700000762939453,22.899999618530273,13.510376930236816,7394100.0
2016-06-23,SPALI.BK,22.799999237060547,22.899999618530273,22.399999618530273,22.799999237060547,13.451375961303711,7037700.0
2016-06-24,SPALI.BK,22.0,22.299999237060547,21.700000762939453,21.799999237060547,12.861405372619629,13045700.0
2016-06-27,SPALI.BK,21.799999237060547,22.899999618530273,21.799999237060547,22.700000762939453,13.392382621765137,12363200.0
2016-06-28,SPALI.BK,23.0,23.200000762939453,22.600000381469727,22.600000381469727,13.333388328552246,8650900.0
2016-06-29,SPALI.BK,22.899999618530273,23.700000762939453,22.799999237060547,23.5,13.864360809326172,23150100.0
2016-06-30,SPALI.BK,23.600000381469727,24.0,23.299999237060547,23.899999618530273,14.100348472595215,13429700.0
2016-07-04,SPALI.BK,23.899999618530273,23.899999618530273,23.5,23.5,13.864360809326172,1776000.0
2016-07-05,SPALI.BK,23.700000762939453,24.399999618530273,23.600000381469727,23.799999237060547,14.041353225708008,12627100.0
2016-07-06,SPALI.BK,23.799999237060547,24.200000762939453,23.600000381469727,23.700000762939453,13.982356071472168,4432200.0
2016-07-07,SPALI.BK,23.799999237060547,24.399999618530273,23.799999237060547,24.399999618530273,14.395337104797363,14092400.0
2016-07-08,SPALI.BK,24.399999618530273,24.399999618530273,23.899999618530273,24.0,14.159347534179688,10118000.0
2016-07-11,SPALI.BK,24.399999618530273,24.899999618530273,24.299999237060547,24.5,14.45433235168457,10965200.0
2016-07-12,SPALI.BK,25.0,25.5,24.799999237060547,25.5,15.044306755065918,17288200.0
2016-07-13,SPALI.BK,25.5,25.5,24.700000762939453,24.799999237060547,14.631324768066406,14760500.0
2016-07-14,SPALI.BK,24.899999618530273,25.25,24.299999237060547,24.5,14.45433235168457,13464900.0
2016-07-15,SPALI.BK,24.799999237060547,24.899999618530273,24.5,24.700000762939453,14.5723295211792,7739400.0
2016-07-20,SPALI.BK,24.700000762939453,25.25,24.399999618530273,25.0,14.749320983886719,17478300.0
2016-07-21,SPALI.BK,25.25,25.5,23.899999618530273,24.200000762939453,14.277345657348633,16340200.0
2016-07-22,SPALI.BK,24.299999237060547,24.700000762939453,24.0,24.700000762939453,14.5723295211792,10949700.0
2016-07-25,SPALI.BK,24.700000762939453,24.799999237060547,24.5,24.600000381469727,14.513331413269043,4674200.0
2016-07-26,SPALI.BK,24.700000762939453,24.899999618530273,24.5,24.700000762939453,14.5723295211792,9141600.0
2016-07-27,SPALI.BK,24.700000762939453,24.899999618530273,24.5,24.700000762939453,14.5723295211792,6358700.0
2016-07-28,SPALI.BK,24.799999237060547,24.799999237060547,24.200000762939453,24.600000381469727,14.513331413269043,4508000.0
2016-07-29,SPALI.BK,24.799999237060547,25.0,24.600000381469727,24.899999618530273,14.690322875976562,6304500.0
2016-08-01,SPALI.BK,25.0,26.0,25.0,25.5,15.044306755065918,11269100.0
2016-08-02,SPALI.BK,25.5,25.75,24.799999237060547,25.0,14.749320983886719,11439500.0
2016-08-03,SPALI.BK,25.0,25.5,24.799999237060547,25.0,14.749320983886719,9300000.0
2016-08-04,SPALI.BK,25.25,25.5,24.5,24.700000762939453,14.5723295211792,11601000.0
2016-08-05,SPALI.BK,24.700000762939453,24.899999618530273,24.700000762939453,24.799999237060547,14.631324768066406,3446600.0
2016-08-08,SPALI.BK,25.25,25.25,24.799999237060547,25.0,14.749320983886719,6133400.0
2016-08-09,SPALI.BK,24.799999237060547,25.0,24.399999618530273,24.899999618530273,14.690322875976562,8171200.0
2016-08-10,SPALI.BK,25.0,25.25,24.700000762939453,24.700000762939453,14.5723295211792,4753600.0
2016-08-11,SPALI.BK,24.600000381469727,24.899999618530273,24.600000381469727,24.799999237060547,14.631324768066406,1854800.0
2016-08-15,SPALI.BK,24.799999237060547,25.0,24.700000762939453,24.799999237060547,14.631324768066406,2824600.0
2016-08-16,SPALI.BK,24.799999237060547,24.799999237060547,24.399999618530273,24.600000381469727,14.513331413269043,6236300.0
2016-08-17,SPALI.BK,24.299999237060547,24.299999237060547,23.700000762939453,24.100000381469727,14.218344688415527,9538500.0
2016-08-18,SPALI.BK,24.100000381469727,24.399999618530273,24.100000381469727,24.299999237060547,14.33633804321289,6591000.0
2016-08-19,SPALI.BK,23.899999618530273,23.899999618530273,23.600000381469727,23.700000762939453,14.276103973388672,6354600.0
2016-08-22,SPALI.BK,23.5,24.200000762939453,23.5,23.899999618530273,14.396573066711426,2885400.0
2016-08-23,SPALI.BK,23.899999618530273,24.200000762939453,23.899999618530273,24.100000381469727,14.517046928405762,1990800.0
2016-08-24,SPALI.BK,24.100000381469727,24.299999237060547,24.0,24.299999237060547,14.637519836425781,2068100.0
2016-08-25,SPALI.BK,24.200000762939453,24.5,24.200000762939453,24.5,14.7579927444458,2807300.0
2016-08-26,SPALI.BK,24.399999618530273,24.5,23.799999237060547,24.0,14.456812858581543,5561700.0
2016-08-29,SPALI.BK,23.899999618530273,24.100000381469727,23.899999618530273,24.100000381469727,14.517046928405762,2544700.0
2016-08-30,SPALI.BK,24.0,24.200000762939453,23.899999618530273,23.899999618530273,14.396573066711426,2265700.0
2016-08-31,SPALI.BK,23.799999237060547,24.100000381469727,23.700000762939453,24.100000381469727,14.517046928405762,2952300.0
2016-09-01,SPALI.BK,24.0,24.5,24.0,24.399999618530273,14.697757720947266,10891400.0
2016-09-02,SPALI.BK,24.299999237060547,24.399999618530273,23.899999618530273,23.899999618530273,14.396573066711426,3940500.0
2016-09-05,SPALI.BK,23.799999237060547,23.899999618530273,22.899999618530273,23.700000762939453,14.276103973388672,8970300.0
2016-09-06,SPALI.BK,23.700000762939453,23.899999618530273,23.399999618530273,23.5,14.155631065368652,4935800.0
2016-09-07,SPALI.BK,23.5,24.100000381469727,23.5,23.600000381469727,14.215867042541504,3181700.0
2016-09-08,SPALI.BK,23.600000381469727,23.700000762939453,22.399999618530273,22.799999237060547,13.733970642089844,13197800.0
2016-09-09,SPALI.BK,22.600000381469727,22.600000381469727,22.0,22.299999237060547,13.43278694152832,9521400.0
2016-09-12,SPALI.BK,21.899999618530273,22.0,21.299999237060547,21.299999237060547,12.830422401428223,10815300.0
2016-09-13,SPALI.BK,21.700000762939453,22.200000762939453,21.600000381469727,22.200000762939453,13.372552871704102,9979600.0
2016-09-14,SPALI.BK,22.0,22.399999618530273,22.0,22.200000762939453,13.372552871704102,4913100.0
2016-09-15,SPALI.BK,22.299999237060547,22.899999618530273,22.200000762939453,22.799999237060547,13.733970642089844,5729700.0
2016-09-16,SPALI.BK,22.600000381469727,22.700000762939453,21.899999618530273,22.5,13.553260803222656,16868500.0
2016-09-19,SPALI.BK,22.5,22.700000762939453,22.399999618530273,22.5,13.553260803222656,3284300.0
2016-09-20,SPALI.BK,22.600000381469727,23.100000381469727,22.5,22.600000381469727,13.613499641418457,9122100.0
2016-09-21,SPALI.BK,22.600000381469727,23.200000762939453,22.5,22.600000381469727,13.613499641418457,6863700.0
2016-09-22,SPALI.BK,22.799999237060547,22.899999618530273,22.600000381469727,22.799999237060547,13.733970642089844,3551100.0
2016-09-23,SPALI.BK,22.899999618530273,22.899999618530273,22.399999618530273,22.600000381469727,13.613499641418457,6371300.0
2016-09-26,SPALI.BK,22.600000381469727,23.100000381469727,22.5,22.799999237060547,13.733970642089844,4503300.0
2016-09-27,SPALI.BK,22.899999618530273,23.799999237060547,22.899999618530273,23.5,14.155631065368652,4909000.0
2016-09-28,SPALI.BK,23.700000762939453,23.700000762939453,23.299999237060547,23.5,14.155631065368652,4815200.0
2016-09-29,SPALI.BK,23.5,23.5,23.299999237060547,23.399999618530273,14.095390319824219,2674200.0
2016-09-30,SPALI.BK,23.399999618530273,24.299999237060547,23.299999237060547,24.299999237060547,14.637519836425781,15316700.0
2016-10-03,SPALI.BK,24.399999618530273,24.5,24.0,24.399999618530273,14.697757720947266,6076500.0
2016-10-04,SPALI.BK,24.5,24.5,24.0,24.200000762939453,14.577284812927246,3452300.0
2016-10-05,SPALI.BK,24.200000762939453,24.5,24.100000381469727,24.299999237060547,14.637519836425781,2721200.0
2016-10-06,SPALI.BK,24.5,24.600000381469727,24.100000381469727,24.100000381469727,14.517046928405762,3554100.0
2016-10-07,SPALI.BK,24.0,24.299999237060547,24.0,24.200000762939453,14.577284812927246,3010900.0
2016-10-10,SPALI.BK,22.700000762939453,23.600000381469727,22.600000381469727,23.5,14.155631065368652,6569800.0
2016-10-11,SPALI.BK,23.399999618530273,23.700000762939453,22.5,23.0,13.854443550109863,5906500.0
2016-10-12,SPALI.BK,22.700000762939453,22.799999237060547,21.899999618530273,22.299999237060547,13.43278694152832,12822100.0
2016-10-13,SPALI.BK,22.100000381469727,22.200000762939453,21.100000381469727,22.0,13.252077102661133,12203700.0
2016-10-14,SPALI.BK,23.200000762939453,23.5,22.600000381469727,23.5,14.155631065368652,5643700.0
2016-10-17,SPALI.BK,23.100000381469727,23.600000381469727,23.100000381469727,23.399999618530273,14.095390319824219,2289000.0
2016-10-18,SPALI.BK,23.5,23.799999237060547,23.299999237060547,23.600000381469727,14.215867042541504,4192500.0
2016-10-19,SPALI.BK,23.700000762939453,23.799999237060547,23.5,23.600000381469727,14.215867042541504,1600100.0
2016-10-20,SPALI.BK,23.600000381469727,23.899999618530273,23.5,23.700000762939453,14.276103973388672,3546000.0
2016-10-21,SPALI.BK,23.600000381469727,24.100000381469727,23.600000381469727,23.799999237060547,14.33633804321289,5394000.0
2016-10-25,SPALI.BK,24.0,24.799999237060547,23.799999237060547,24.700000762939453,14.87846851348877,6579400.0
2016-10-26,SPALI.BK,24.600000381469727,24.799999237060547,24.299999237060547,24.399999618530273,14.697757720947266,2696400.0
2016-10-27,SPALI.BK,24.299999237060547,24.700000762939453,24.100000381469727,24.5,14.7579927444458,4800000.0
2016-10-28,SPALI.BK,24.600000381469727,24.700000762939453,24.100000381469727,24.299999237060547,14.637519836425781,1945200.0
2016-10-31,SPALI.BK,24.100000381469727,24.399999618530273,24.0,24.399999618530273,14.697757720947266,3089200.0
2016-11-01,SPALI.BK,24.5,25.0,24.399999618530273,24.799999237060547,14.938704490661621,5521400.0
2016-11-02,SPALI.BK,24.700000762939453,24.700000762939453,24.200000762939453,24.399999618530273,14.697757720947266,8397500.0
2016-11-03,SPALI.BK,24.200000762939453,24.600000381469727,24.200000762939453,24.399999618530273,14.697757720947266,6004900.0
2016-11-04,SPALI.BK,24.299999237060547,24.399999618530273,24.0,24.200000762939453,14.577284812927246,8028100.0
2016-11-07,SPALI.BK,24.200000762939453,24.399999618530273,23.899999618530273,24.200000762939453,14.577284812927246,7824100.0
2016-11-08,SPALI.BK,24.100000381469727,24.399999618530273,23.899999618530273,24.200000762939453,14.577284812927246,2806600.0
2016-11-09,SPALI.BK,23.899999618530273,24.200000762939453,23.799999237060547,24.100000381469727,14.517046928405762,3714800.0
2016-11-10,SPALI.BK,24.0,24.200000762939453,23.799999237060547,24.100000381469727,14.517046928405762,6004100.0
2016-11-11,SPALI.BK,24.100000381469727,24.100000381469727,23.5,23.899999618530273,14.396573066711426,5016700.0
2016-11-14,SPALI.BK,23.899999618530273,23.899999618530273,23.299999237060547,23.5,14.155631065368652,4097400.0
2016-11-15,SPALI.BK,23.200000762939453,23.600000381469727,22.799999237060547,23.200000762939453,13.974919319152832,6123600.0
2016-11-16,SPALI.BK,23.200000762939453,23.299999237060547,22.899999618530273,22.899999618530273,13.794207572937012,1709600.0
2016-11-17,SPALI.BK,22.799999237060547,22.899999618530273,22.700000762939453,22.700000762939453,13.673736572265625,1304300.0
2016-11-18,SPALI.BK,22.700000762939453,22.899999618530273,22.700000762939453,22.700000762939453,13.673736572265625,1626900.0
2016-11-21,SPALI.BK,22.600000381469727,22.799999237060547,22.100000381469727,22.200000762939453,13.372552871704102,3241200.0
2016-11-22,SPALI.BK,22.399999618530273,22.899999618530273,22.200000762939453,22.799999237060547,13.733970642089844,3836200.0
2016-11-23,SPALI.BK,23.0,23.399999618530273,22.799999237060547,23.200000762939453,13.974919319152832,4370100.0
2016-11-24,SPALI.BK,23.200000762939453,23.299999237060547,22.899999618530273,23.0,13.854443550109863,1114000.0
2016-11-25,SPALI.BK,23.0,23.200000762939453,22.799999237060547,23.200000762939453,13.974919319152832,981300.0
2016-11-28,SPALI.BK,23.100000381469727,23.100000381469727,22.799999237060547,23.0,13.854443550109863,2056300.0
2016-11-29,SPALI.BK,23.100000381469727,23.100000381469727,22.799999237060547,22.899999618530273,13.794207572937012,1558600.0
2016-11-30,SPALI.BK,22.899999618530273,23.0,22.700000762939453,22.799999237060547,13.733970642089844,3179900.0
2016-12-01,SPALI.BK,23.0,23.0,22.600000381469727,22.799999237060547,13.733970642089844,4098900.0
2016-12-02,SPALI.BK,23.100000381469727,23.100000381469727,22.700000762939453,22.799999237060547,13.733970642089844,4137200.0
2016-12-06,SPALI.BK,22.700000762939453,22.799999237060547,22.5,22.700000762939453,13.673736572265625,2302800.0
2016-12-07,SPALI.BK,22.700000762939453,23.299999237060547,22.700000762939453,23.100000381469727,13.914681434631348,2586700.0
2016-12-08,SPALI.BK,23.100000381469727,23.200000762939453,22.899999618530273,23.0,13.854443550109863,2130200.0
2016-12-09,SPALI.BK,23.0,23.299999237060547,22.899999618530273,22.899999618530273,13.794207572937012,2752900.0
2016-12-13,SPALI.BK,22.799999237060547,23.299999237060547,22.799999237060547,23.100000381469727,13.914681434631348,3038400.0
2016-12-14,SPALI.BK,23.100000381469727,23.399999618530273,23.100000381469727,23.299999237060547,14.035157203674316,3398400.0
2016-12-15,SPALI.BK,23.200000762939453,23.5,23.200000762939453,23.5,14.155631065368652,2624100.0
2016-12-16,SPALI.BK,23.5,23.799999237060547,23.5,23.700000762939453,14.276103973388672,1593700.0
2016-12-19,SPALI.BK,23.700000762939453,23.700000762939453,23.399999618530273,23.399999618530273,14.095390319824219,990800.0
2016-12-20,SPALI.BK,23.299999237060547,23.600000381469727,23.299999237060547,23.399999618530273,14.095390319824219,2004500.0
2016-12-21,SPALI.BK,23.399999618530273,23.5,23.100000381469727,23.399999618530273,14.095390319824219,2400800.0
2016-12-22,SPALI.BK,23.5,24.100000381469727,23.399999618530273,24.0,14.456812858581543,7151400.0
2016-12-23,SPALI.BK,23.899999618530273,24.0,23.600000381469727,23.700000762939453,14.276103973388672,7740600.0
2016-12-26,SPALI.BK,23.899999618530273,24.0,23.799999237060547,24.0,14.456812858581543,609000.0
2016-12-27,SPALI.BK,24.0,24.700000762939453,23.899999618530273,24.5,14.7579927444458,7343300.0
2016-12-28,SPALI.BK,24.5,24.899999618530273,24.5,24.700000762939453,14.87846851348877,4379200.0
2016-12-29,SPALI.BK,24.600000381469727,24.899999618530273,24.399999618530273,24.799999237060547,14.938704490661621,4203800.0
2016-12-30,SPALI.BK,24.899999618530273,25.25,24.700000762939453,25.0,15.059182167053223,9135100.0
2017-01-04,SPALI.BK,25.0,25.25,25.0,25.25,15.209773063659668,3179200.0
2017-01-05,SPALI.BK,25.25,25.25,25.0,25.25,15.209773063659668,3412800.0
2017-01-06,SPALI.BK,25.0,25.25,24.899999618530273,25.0,15.059182167053223,3581400.0
2017-01-09,SPALI.BK,25.0,25.25,24.600000381469727,24.700000762939453,14.87846851348877,3706000.0
2017-01-10,SPALI.BK,24.5,26.0,24.5,25.75,15.510955810546875,11484200.0
2017-01-11,SPALI.BK,25.75,26.5,25.5,26.0,15.661544799804688,8519600.0
2017-01-12,SPALI.BK,26.0,26.25,25.5,25.75,15.510955810546875,4728400.0
2017-01-16,SPALI.BK,25.5,25.5,24.799999237060547,24.899999618530273,14.998944282531738,4197500.0
2017-01-17,SPALI.BK,25.0,25.75,25.0,25.75,15.510955810546875,7309100.0
2017-01-18,SPALI.BK,25.5,26.0,25.0,25.0,15.059182167053223,10176500.0
2017-01-19,SPALI.BK,25.0,26.0,25.0,25.0,15.059182167053223,11278400.0
2017-01-20,SPALI.BK,25.25,25.5,25.0,25.5,15.36036205291748,4901800.0
2017-01-23,SPALI.BK,25.5,26.0,25.25,25.5,15.36036205291748,4245900.0
2017-01-24,SPALI.BK,25.5,26.0,25.25,25.75,15.510955810546875,4340600.0
2017-01-25,SPALI.BK,25.75,26.0,24.899999618530273,25.0,15.059182167053223,10728900.0
2017-01-26,SPALI.BK,25.25,25.5,25.0,25.0,15.059182167053223,4116400.0
2017-01-27,SPALI.BK,25.0,25.0,24.100000381469727,24.5,14.7579927444458,8807100.0
2017-01-30,SPALI.BK,24.299999237060547,24.399999618530273,24.200000762939453,24.200000762939453,14.577284812927246,7413900.0
2017-01-31,SPALI.BK,24.100000381469727,24.5,24.0,24.200000762939453,14.577284812927246,9664500.0
2017-02-01,SPALI.BK,24.200000762939453,24.899999618530273,24.100000381469727,24.899999618530273,14.998944282531738,12716000.0
2017-02-02,SPALI.BK,24.899999618530273,24.899999618530273,24.600000381469727,24.700000762939453,14.87846851348877,3910100.0
2017-02-03,SPALI.BK,24.600000381469727,24.799999237060547,24.399999618530273,24.700000762939453,14.87846851348877,3242300.0
2017-02-06,SPALI.BK,24.700000762939453,25.25,24.5,25.0,15.059182167053223,6466900.0
2017-02-07,SPALI.BK,25.0,25.0,24.799999237060547,25.0,15.059182167053223,1945900.0
2017-02-08,SPALI.BK,25.0,25.25,24.799999237060547,25.0,15.059182167053223,2861100.0
2017-02-09,SPALI.BK,25.0,25.0,24.600000381469727,24.700000762939453,14.87846851348877,3424700.0
2017-02-10,SPALI.BK,24.700000762939453,25.25,24.700000762939453,25.0,15.059182167053223,7824500.0
2017-02-14,SPALI.BK,25.0,25.25,24.5,24.700000762939453,14.87846851348877,5358700.0
2017-02-15,SPALI.BK,24.799999237060547,24.799999237060547,24.200000762939453,24.700000762939453,14.87846851348877,6463800.0
2017-02-16,SPALI.BK,24.700000762939453,24.799999237060547,24.5,24.799999237060547,14.938704490661621,2184200.0
2017-02-17,SPALI.BK,24.799999237060547,25.0,24.700000762939453,25.0,15.059182167053223,2456000.0
2017-02-20,SPALI.BK,24.899999618530273,24.899999618530273,24.700000762939453,24.799999237060547,14.938704490661621,5286800.0
2017-02-21,SPALI.BK,24.899999618530273,24.899999618530273,24.399999618530273,24.5,14.7579927444458,2368500.0
2017-02-22,SPALI.BK,24.299999237060547,24.399999618530273,24.200000762939453,24.399999618530273,14.697757720947266,8287700.0
2017-02-23,SPALI.BK,24.399999618530273,24.899999618530273,24.299999237060547,24.600000381469727,14.818232536315918,9777200.0
2017-02-24,SPALI.BK,24.5,24.700000762939453,24.299999237060547,24.700000762939453,14.87846851348877,6511600.0
2017-02-27,SPALI.BK,24.700000762939453,25.0,24.299999237060547,25.0,15.059182167053223,3990000.0
2017-02-28,SPALI.BK,25.0,25.25,24.899999618530273,24.899999618530273,14.998944282531738,4433400.0
2017-03-01,SPALI.BK,24.899999618530273,25.5,24.899999618530273,25.25,15.209773063659668,5081900.0
2017-03-02,SPALI.BK,25.5,25.5,25.25,25.25,15.209773063659668,3288300.0
2017-03-03,SPALI.BK,24.700000762939453,24.899999618530273,24.600000381469727,24.899999618530273,15.332925796508789,3092200.0
2017-03-06,SPALI.BK,24.899999618530273,25.0,24.799999237060547,25.0,15.394505500793457,1841800.0
2017-03-07,SPALI.BK,25.0,25.0,24.700000762939453,24.799999237060547,15.271350860595703,987600.0
2017-03-08,SPALI.BK,24.799999237060547,25.0,24.5,25.0,15.394505500793457,2123000.0
2017-03-09,SPALI.BK,25.0,25.0,24.600000381469727,24.600000381469727,15.148193359375,2841400.0
2017-03-10,SPALI.BK,24.700000762939453,24.899999618530273,24.700000762939453,24.799999237060547,15.271350860595703,764500.0
2017-03-13,SPALI.BK,24.600000381469727,24.899999618530273,24.600000381469727,24.600000381469727,15.148193359375,752600.0
2017-03-14,SPALI.BK,24.600000381469727,25.25,24.600000381469727,25.25,15.548449516296387,4438200.0
2017-03-15,SPALI.BK,25.5,25.75,25.0,25.5,15.702392578125,6037800.0
2017-03-16,SPALI.BK,25.25,27.25,25.0,26.25,16.164230346679688,22120900.0
2017-03-17,SPALI.BK,27.0,27.0,25.5,26.25,16.164230346679688,7673200.0
2017-03-20,SPALI.BK,26.25,26.25,25.5,26.0,16.010282516479492,3159400.0
2017-03-21,SPALI.BK,26.0,26.0,25.25,25.25,15.548449516296387,6097900.0
2017-03-22,SPALI.BK,25.0,25.75,25.0,25.25,15.548449516296387,3559200.0
2017-03-23,SPALI.BK,25.5,25.5,25.0,25.25,15.548449516296387,2804400.0
2017-03-24,SPALI.BK,25.0,25.5,25.0,25.0,15.394505500793457,4182400.0
2017-03-27,SPALI.BK,25.25,25.25,25.0,25.0,15.394505500793457,4195500.0
2017-03-28,SPALI.BK,25.0,25.25,24.799999237060547,25.0,15.394505500793457,5734400.0
2017-03-29,SPALI.BK,25.0,25.5,25.0,25.5,15.702392578125,6288700.0
2017-03-30,SPALI.BK,25.25,25.75,25.25,25.5,15.702392578125,2632000.0
2017-03-31,SPALI.BK,25.5,25.75,25.0,25.0,15.394505500793457,7227800.0
2017-04-03,SPALI.BK,25.25,25.75,25.0,25.75,15.856337547302246,3008900.0
2017-04-04,SPALI.BK,25.75,26.0,25.5,25.75,15.856337547302246,1295400.0
2017-04-05,SPALI.BK,26.0,26.25,25.5,26.0,16.010282516479492,4753800.0
2017-04-07,SPALI.BK,26.0,26.0,25.5,25.75,15.856337547302246,1806200.0
2017-04-10,SPALI.BK,26.0,26.25,25.5,26.25,16.164230346679688,2981400.0
2017-04-11,SPALI.BK,26.25,26.25,25.75,26.0,16.010282516479492,2397600.0
2017-04-12,SPALI.BK,25.75,26.0,24.600000381469727,24.899999618530273,15.332925796508789,12313400.0
2017-04-17,SPALI.BK,24.700000762939453,25.5,24.700000762939453,25.25,15.548449516296387,5703500.0
2017-04-18,SPALI.BK,25.25,25.25,25.0,25.0,15.394505500793457,2189300.0
2017-04-19,SPALI.BK,25.0,25.75,24.899999618530273,25.25,15.548449516296387,6838000.0
2017-04-20,SPALI.BK,25.0,25.25,24.5,24.700000762939453,15.209773063659668,7934900.0
2017-04-21,SPALI.BK,24.600000381469727,24.700000762939453,24.399999618530273,24.399999618530273,15.025035858154297,6383200.0
2017-04-24,SPALI.BK,24.5,25.0,24.5,24.700000762939453,15.209773063659668,4741300.0
2017-04-25,SPALI.BK,24.700000762939453,24.799999237060547,24.399999618530273,24.700000762939453,15.209773063659668,3404900.0
2017-04-26,SPALI.BK,24.600000381469727,24.899999618530273,24.5,24.799999237060547,15.271350860595703,3442300.0
2017-04-27,SPALI.BK,24.700000762939453,24.899999618530273,24.5,24.700000762939453,15.209773063659668,1954900.0
2017-04-28,SPALI.BK,24.700000762939453,24.899999618530273,24.600000381469727,24.600000381469727,15.148193359375,2990000.0
2017-05-02,SPALI.BK,24.700000762939453,24.899999618530273,24.5,24.899999618530273,15.332925796508789,2411400.0
2017-05-03,SPALI.BK,24.899999618530273,25.25,24.899999618530273,25.25,15.548449516296387,4089000.0
2017-05-04,SPALI.BK,25.0,25.25,24.899999618530273,25.0,15.394505500793457,2619100.0
2017-05-08,SPALI.BK,25.0,25.25,24.899999618530273,25.0,15.394505500793457,3573800.0
2017-05-09,SPALI.BK,25.0,25.25,24.600000381469727,24.700000762939453,15.209773063659668,1704800.0
2017-05-11,SPALI.BK,24.5,25.0,23.700000762939453,24.600000381469727,15.148193359375,14888500.0
2017-05-12,SPALI.BK,24.5,24.700000762939453,24.399999618530273,24.5,15.086613655090332,3810200.0
2017-05-15,SPALI.BK,24.700000762939453,24.700000762939453,24.700000762939453,24.700000762939453,15.209773063659668,70900.0
2017-05-16,SPALI.BK,24.700000762939453,25.0,24.399999618530273,24.700000762939453,15.209773063659668,2829000.0
2017-05-17,SPALI.BK,24.799999237060547,25.0,24.5,24.799999237060547,15.271350860595703,4036300.0
2017-05-18,SPALI.BK,24.700000762939453,25.0,24.600000381469727,24.799999237060547,15.271350860595703,2878400.0
2017-05-19,SPALI.BK,24.899999618530273,25.25,24.799999237060547,25.0,15.394505500793457,2042200.0
2017-05-22,SPALI.BK,25.0,25.75,25.0,25.75,15.856337547302246,5360600.0
2017-05-23,SPALI.BK,26.0,26.0,25.25,25.5,15.702392578125,1854800.0
2017-05-24,SPALI.BK,25.75,26.0,25.25,25.25,15.548449516296387,2007000.0
2017-05-25,SPALI.BK,25.5,26.0,25.25,25.75,15.856337547302246,1843100.0
2017-05-26,SPALI.BK,25.75,25.75,25.25,25.5,15.702392578125,1298800.0
2017-05-29,SPALI.BK,25.5,25.75,25.25,25.75,15.856337547302246,672300.0
2017-05-30,SPALI.BK,25.5,26.0,25.25,26.0,16.010282516479492,3407600.0
2017-05-31,SPALI.BK,25.75,26.0,25.5,26.0,16.010282516479492,1955900.0
2017-06-01,SPALI.BK,25.75,25.75,25.25,25.75,15.856337547302246,953900.0
2017-06-02,SPALI.BK,25.5,26.0,25.25,25.75,15.856337547302246,2510600.0
2017-06-05,SPALI.BK,26.0,26.0,25.5,25.75,15.856337547302246,2002500.0
2017-06-06,SPALI.BK,25.75,26.0,25.25,26.0,16.010282516479492,1504300.0
2017-06-07,SPALI.BK,25.75,26.0,25.5,25.75,15.856337547302246,2063000.0
2017-06-08,SPALI.BK,26.0,27.75,26.0,26.5,16.318178176879883,8872600.0
2017-06-09,SPALI.BK,27.0,27.25,26.25,26.75,16.472118377685547,5366700.0
2017-06-12,SPALI.BK,27.0,27.5,26.75,27.5,16.9339542388916,4658200.0
2017-06-13,SPALI.BK,27.25,27.5,26.75,27.0,16.626066207885742,5163900.0
2017-06-14,SPALI.BK,27.0,27.0,26.5,26.75,16.472118377685547,1878700.0
2017-06-15,SPALI.BK,27.0,27.0,26.75,27.0,16.626066207885742,240200.0
2017-06-16,SPALI.BK,26.75,27.25,26.5,26.5,16.318178176879883,2881400.0
2017-06-19,SPALI.BK,26.5,26.75,26.25,26.5,16.318178176879883,2958800.0
2017-06-20,SPALI.BK,26.5,27.0,26.0,26.25,16.164230346679688,6903600.0
2017-06-21,SPALI.BK,26.25,26.5,25.5,26.5,16.318178176879883,3325700.0
2017-06-22,SPALI.BK,26.5,26.75,26.25,26.5,16.318178176879883,541400.0
2017-06-23,SPALI.BK,26.25,27.25,26.25,27.25,16.780012130737305,1835500.0
2017-06-26,SPALI.BK,27.0,27.25,26.75,26.75,16.472118377685547,1143000.0
2017-06-27,SPALI.BK,27.0,27.25,26.5,27.0,16.626066207885742,1350700.0
2017-06-28,SPALI.BK,27.0,27.0,26.25,26.75,16.472118377685547,3901200.0
2017-06-29,SPALI.BK,26.75,27.0,26.5,26.5,16.318178176879883,2049700.0
2017-06-30,SPALI.BK,26.5,26.75,25.5,26.0,16.010282516479492,4054200.0
2017-07-03,SPALI.BK,26.25,27.0,26.0,27.0,16.626066207885742,4757700.0
2017-07-04,SPALI.BK,27.0,27.0,25.75,26.0,16.010282516479492,5486600.0
2017-07-05,SPALI.BK,26.0,26.5,25.5,26.25,16.164230346679688,4741600.0
2017-07-06,SPALI.BK,26.25,26.5,25.75,26.25,16.164230346679688,3204700.0
2017-07-07,SPALI.BK,26.0,26.5,26.0,26.25,16.164230346679688,1565300.0
2017-07-11,SPALI.BK,26.25,26.75,26.25,26.5,16.318178176879883,3268000.0
2017-07-12,SPALI.BK,24.0,25.25,23.700000762939453,24.399999618530273,15.025035858154297,56778000.0
2017-07-13,SPALI.BK,24.299999237060547,24.799999237060547,24.200000762939453,24.299999237060547,14.963457107543945,13057300.0
2017-07-14,SPALI.BK,24.399999618530273,24.700000762939453,24.399999618530273,24.600000381469727,15.148193359375,7020300.0
2017-07-17,SPALI.BK,24.5,24.700000762939453,24.399999618530273,24.600000381469727,15.148193359375,2702300.0
2017-07-18,SPALI.BK,24.600000381469727,24.600000381469727,24.200000762939453,24.299999237060547,14.963457107543945,3610500.0
2017-07-19,SPALI.BK,24.299999237060547,24.399999618530273,24.100000381469727,24.200000762939453,14.901878356933594,3516200.0
2017-07-20,SPALI.BK,24.100000381469727,24.200000762939453,23.799999237060547,24.0,14.778724670410156,9253600.0
2017-07-21,SPALI.BK,24.0,24.100000381469727,23.600000381469727,23.799999237060547,14.65556812286377,11458400.0
2017-07-24,SPALI.BK,23.799999237060547,24.200000762939453,23.700000762939453,23.899999618530273,14.717145919799805,3436200.0
2017-07-25,SPALI.BK,23.799999237060547,23.899999618530273,23.700000762939453,23.700000762939453,14.59399127960205,4413400.0
2017-07-26,SPALI.BK,23.799999237060547,24.100000381469727,23.700000762939453,24.0,14.778724670410156,3370400.0
2017-07-27,SPALI.BK,23.899999618530273,24.0,23.700000762939453,23.700000762939453,14.59399127960205,4327900.0
2017-07-31,SPALI.BK,23.700000762939453,23.899999618530273,23.700000762939453,23.799999237060547,14.65556812286377,1979600.0
2017-08-01,SPALI.BK,23.700000762939453,23.799999237060547,23.600000381469727,23.700000762939453,14.59399127960205,4422000.0
2017-08-02,SPALI.BK,23.799999237060547,24.0,23.600000381469727,23.600000381469727,14.5324125289917,4655600.0
2017-08-03,SPALI.BK,23.700000762939453,23.700000762939453,23.399999618530273,23.5,14.470833778381348,8680300.0
2017-08-04,SPALI.BK,23.5,23.600000381469727,23.200000762939453,23.399999618530273,14.409256935119629,2761300.0
2017-08-07,SPALI.BK,23.399999618530273,23.5,23.299999237060547,23.299999237060547,14.347677230834961,9244100.0
2017-08-08,SPALI.BK,23.299999237060547,23.399999618530273,23.100000381469727,23.299999237060547,14.347677230834961,7299900.0
2017-08-09,SPALI.BK,23.399999618530273,23.899999618530273,23.299999237060547,23.700000762939453,14.59399127960205,8350100.0
2017-08-10,SPALI.BK,23.700000762939453,23.799999237060547,23.5,23.700000762939453,14.59399127960205,5170800.0
2017-08-11,SPALI.BK,23.600000381469727,23.700000762939453,23.399999618530273,23.600000381469727,14.5324125289917,4483800.0
2017-08-15,SPALI.BK,23.700000762939453,24.0,23.600000381469727,24.0,14.778724670410156,8721100.0
2017-08-16,SPALI.BK,24.100000381469727,24.100000381469727,23.799999237060547,24.0,14.778724670410156,2274200.0
2017-08-17,SPALI.BK,24.0,24.0,23.700000762939453,23.700000762939453,14.59399127960205,3117100.0
2017-08-18,SPALI.BK,23.700000762939453,23.899999618530273,23.600000381469727,23.700000762939453,14.59399127960205,4294700.0
2017-08-21,SPALI.BK,23.700000762939453,23.899999618530273,23.600000381469727,23.700000762939453,14.59399127960205,1386100.0
2017-08-22,SPALI.BK,23.799999237060547,24.0,23.600000381469727,23.899999618530273,14.717145919799805,1480800.0
2017-08-23,SPALI.BK,23.899999618530273,24.0,23.700000762939453,23.700000762939453,14.59399127960205,3420700.0
2017-08-24,SPALI.BK,23.799999237060547,23.899999618530273,23.700000762939453,23.700000762939453,14.59399127960205,6588500.0
2017-08-25,SPALI.BK,23.700000762939453,23.799999237060547,23.600000381469727,23.700000762939453,14.59399127960205,7684400.0
2017-08-28,SPALI.BK,23.899999618530273,23.899999618530273,23.899999618530273,23.899999618530273,14.717145919799805,108800.0
2017-08-29,SPALI.BK,23.899999618530273,24.600000381469727,23.899999618530273,24.5,15.086613655090332,12535000.0
2017-08-30,SPALI.BK,24.600000381469727,24.700000762939453,24.299999237060547,24.5,15.086613655090332,5950600.0
2017-08-31,SPALI.BK,24.5,25.25,24.399999618530273,25.25,15.548449516296387,10105300.0
2017-09-01,SPALI.BK,25.25,25.25,24.600000381469727,24.799999237060547,15.271350860595703,10344900.0
2017-09-04,SPALI.BK,24.799999237060547,25.25,24.700000762939453,24.899999618530273,15.332925796508789,3346700.0
2017-09-05,SPALI.BK,25.0,26.25,24.799999237060547,26.0,16.010282516479492,18344500.0
2017-09-06,SPALI.BK,25.75,26.0,25.5,25.75,15.856337547302246,4691000.0
2017-09-07,SPALI.BK,25.75,26.0,25.0,25.0,15.394505500793457,14299000.0
2017-09-08,SPALI.BK,25.25,26.0,25.25,26.0,16.010282516479492,12783900.0
2017-09-11,SPALI.BK,26.0,26.0,25.5,26.0,16.010282516479492,15169900.0
2017-09-12,SPALI.BK,26.0,26.5,25.75,26.0,16.010282516479492,15532800.0
2017-09-13,SPALI.BK,26.0,26.25,25.75,26.0,16.010282516479492,10930700.0
2017-09-14,SPALI.BK,26.0,26.5,25.75,26.5,16.318178176879883,12764300.0
2017-09-15,SPALI.BK,26.5,27.25,26.0,26.5,16.318178176879883,20214500.0
2017-09-18,SPALI.BK,23.200000762939453,23.200000762939453,22.700000762939453,22.899999618530273,14.10136604309082,50316900.0
2017-09-19,SPALI.BK,23.100000381469727,23.299999237060547,22.899999618530273,23.299999237060547,14.347677230834961,31917300.0
2017-09-20,SPALI.BK,23.299999237060547,23.5,23.100000381469727,23.299999237060547,14.347677230834961,21320500.0
2017-09-21,SPALI.BK,23.200000762939453,23.299999237060547,23.0,23.0,14.162942886352539,9148700.0
2017-09-22,SPALI.BK,23.0,23.200000762939453,23.0,23.100000381469727,14.224522590637207,4937000.0
2017-09-25,SPALI.BK,23.200000762939453,23.399999618530273,23.0,23.100000381469727,14.224522590637207,8893700.0
2017-09-26,SPALI.BK,23.200000762939453,23.5,23.100000381469727,23.299999237060547,14.347677230834961,15824000.0
2017-09-27,SPALI.BK,23.299999237060547,23.399999618530273,23.100000381469727,23.200000762939453,14.286101341247559,9933700.0
2017-09-28,SPALI.BK,23.200000762939453,23.200000762939453,23.0,23.100000381469727,14.224522590637207,9883400.0
2017-09-29,SPALI.BK,23.100000381469727,23.200000762939453,23.0,23.200000762939453,14.286101341247559,7540600.0
2017-10-02,SPALI.BK,23.200000762939453,23.799999237060547,23.100000381469727,23.600000381469727,14.5324125289917,30286900.0
2017-10-03,SPALI.BK,23.799999237060547,24.600000381469727,23.700000762939453,24.399999618530273,15.025035858154297,28942400.0
2017-10-04,SPALI.BK,24.5,24.700000762939453,24.100000381469727,24.200000762939453,14.901878356933594,12927700.0
2017-10-05,SPALI.BK,24.299999237060547,24.600000381469727,24.200000762939453,24.600000381469727,15.148193359375,3496600.0
2017-10-06,SPALI.BK,24.799999237060547,24.899999618530273,24.5,24.700000762939453,15.209773063659668,9313100.0
2017-10-09,SPALI.BK,24.700000762939453,24.700000762939453,24.200000762939453,24.299999237060547,14.963457107543945,6296000.0
2017-10-10,SPALI.BK,24.299999237060547,24.5,24.200000762939453,24.399999618530273,15.025035858154297,5176600.0
2017-10-11,SPALI.BK,24.399999618530273,24.700000762939453,24.299999237060547,24.399999618530273,15.025035858154297,15695100.0
2017-10-12,SPALI.BK,24.5,24.5,24.299999237060547,24.299999237060547,14.963457107543945,6576400.0
2017-10-16,SPALI.BK,24.200000762939453,24.200000762939453,24.200000762939453,24.200000762939453,14.901878356933594,435500.0
2017-10-17,SPALI.BK,24.399999618530273,24.5,24.200000762939453,24.399999618530273,15.025035858154297,5264700.0
2017-10-18,SPALI.BK,24.399999618530273,24.399999618530273,23.799999237060547,23.899999618530273,14.717145919799805,13084000.0
2017-10-19,SPALI.BK,23.899999618530273,24.100000381469727,23.600000381469727,23.700000762939453,14.59399127960205,6770300.0
2017-10-20,SPALI.BK,23.700000762939453,24.200000762939453,23.700000762939453,24.100000381469727,14.840301513671875,9526200.0
2017-10-24,SPALI.BK,24.0,24.399999618530273,24.0,24.399999618530273,15.025035858154297,6162700.0
2017-10-25,SPALI.BK,24.399999618530273,24.600000381469727,24.200000762939453,24.5,15.086613655090332,4749700.0
2017-10-27,SPALI.BK,24.5,24.600000381469727,24.200000762939453,24.200000762939453,14.901878356933594,7764200.0
2017-10-30,SPALI.BK,24.200000762939453,24.299999237060547,23.799999237060547,23.899999618530273,14.717145919799805,7209500.0
2017-10-31,SPALI.BK,23.799999237060547,24.600000381469727,23.700000762939453,24.600000381469727,15.148193359375,22767600.0
2017-11-01,SPALI.BK,24.600000381469727,25.5,24.600000381469727,25.25,15.548449516296387,31658200.0
2017-11-02,SPALI.BK,25.5,25.5,25.0,25.25,15.548449516296387,8470700.0
2017-11-03,SPALI.BK,25.5,25.75,25.0,25.5,15.702392578125,7905700.0
2017-11-06,SPALI.BK,25.75,26.25,25.5,25.75,15.856337547302246,8730800.0
2017-11-07,SPALI.BK,26.0,26.0,25.0,25.0,15.394505500793457,6603700.0
2017-11-08,SPALI.BK,25.0,25.25,24.399999618530273,24.700000762939453,15.209773063659668,34586900.0
2017-11-09,SPALI.BK,24.700000762939453,24.700000762939453,24.200000762939453,24.200000762939453,14.901878356933594,8147500.0
2017-11-10,SPALI.BK,24.200000762939453,24.299999237060547,23.799999237060547,24.100000381469727,14.840301513671875,8201600.0
2017-11-13,SPALI.BK,24.100000381469727,24.200000762939453,23.899999618530273,24.200000762939453,14.901878356933594,5547900.0
2017-11-14,SPALI.BK,24.200000762939453,24.600000381469727,24.100000381469727,24.5,15.086613655090332,13444600.0
2017-11-15,SPALI.BK,24.600000381469727,24.600000381469727,24.299999237060547,24.399999618530273,15.025035858154297,7309100.0
2017-11-16,SPALI.BK,24.399999618530273,24.399999618530273,24.100000381469727,24.399999618530273,15.025035858154297,8147200.0
2017-11-17,SPALI.BK,24.399999618530273,25.0,24.299999237060547,25.0,15.394505500793457,9487300.0
2017-11-20,SPALI.BK,24.899999618530273,25.25,24.600000381469727,24.700000762939453,15.209773063659668,8345900.0
2017-11-21,SPALI.BK,24.399999618530273,24.399999618530273,24.399999618530273,24.399999618530273,15.025035858154297,10541200.0
2017-11-22,SPALI.BK,24.399999618530273,24.600000381469727,24.200000762939453,24.5,15.086613655090332,12201100.0
2017-11-23,SPALI.BK,24.399999618530273,24.399999618530273,24.100000381469727,24.299999237060547,14.963457107543945,5850200.0
2017-11-24,SPALI.BK,24.299999237060547,24.299999237060547,23.799999237060547,23.899999618530273,14.717145919799805,7624200.0
2017-11-27,SPALI.BK,23.899999618530273,24.0,23.299999237060547,23.600000381469727,14.5324125289917,12863200.0
2017-11-28,SPALI.BK,23.600000381469727,23.799999237060547,23.5,23.799999237060547,14.65556812286377,7550900.0
2017-11-29,SPALI.BK,23.899999618530273,24.0,23.5,23.600000381469727,14.5324125289917,4865100.0
2017-11-30,SPALI.BK,23.700000762939453,23.899999618530273,23.5,23.899999618530273,14.717145919799805,6834600.0
2017-12-01,SPALI.BK,23.899999618530273,23.899999618530273,23.5,23.700000762939453,14.59399127960205,7915900.0
2017-12-04,SPALI.BK,23.799999237060547,23.799999237060547,23.200000762939453,23.600000381469727,14.5324125289917,8055900.0
2017-12-06,SPALI.BK,23.600000381469727,23.899999618530273,23.5,23.799999237060547,14.65556812286377,8094300.0
2017-12-07,SPALI.BK,23.700000762939453,23.700000762939453,23.399999618530273,23.5,14.470833778381348,8040400.0
2017-12-08,SPALI.BK,23.5,23.600000381469727,23.200000762939453,23.399999618530273,14.409256935119629,7022500.0
2017-12-12,SPALI.BK,23.5,23.600000381469727,23.299999237060547,23.399999618530273,14.409256935119629,5253900.0
2017-12-13,SPALI.BK,23.399999618530273,23.5,23.200000762939453,23.299999237060547,14.347677230834961,2713100.0
2017-12-14,SPALI.BK,23.299999237060547,23.399999618530273,23.0,23.200000762939453,14.286101341247559,6397300.0
2017-12-15,SPALI.BK,23.200000762939453,23.299999237060547,23.0,23.100000381469727,14.224522590637207,3323100.0
2017-12-18,SPALI.BK,23.100000381469727,23.399999618530273,23.0,23.299999237060547,14.347677230834961,2004800.0
2017-12-19,SPALI.BK,23.299999237060547,23.600000381469727,23.200000762939453,23.299999237060547,14.347677230834961,5328800.0
2017-12-20,SPALI.BK,23.399999618530273,23.600000381469727,23.299999237060547,23.399999618530273,14.409256935119629,4911400.0
2017-12-21,SPALI.BK,23.399999618530273,23.799999237060547,23.399999618530273,23.600000381469727,14.5324125289917,7325200.0
2017-12-22,SPALI.BK,23.600000381469727,23.700000762939453,23.5,23.600000381469727,14.5324125289917,2868800.0
2017-12-25,SPALI.BK,23.600000381469727,23.700000762939453,23.399999618530273,23.5,14.470833778381348,2109300.0
2017-12-26,SPALI.BK,23.5,23.700000762939453,23.399999618530273,23.700000762939453,14.59399127960205,5142700.0
2017-12-27,SPALI.BK,23.700000762939453,24.100000381469727,23.600000381469727,23.899999618530273,14.717145919799805,9629400.0
2017-12-28,SPALI.BK,23.899999618530273,23.899999618530273,23.600000381469727,23.799999237060547,14.65556812286377,4125600.0
2017-12-29,SPALI.BK,23.799999237060547,23.899999618530273,23.600000381469727,23.700000762939453,14.59399127960205,6012100.0
2018-01-03,SPALI.BK,23.700000762939453,23.799999237060547,23.299999237060547,23.299999237060547,14.347677230834961,8808000.0
2018-01-04,SPALI.BK,23.5,23.5,22.899999618530273,23.100000381469727,14.224522590637207,16975600.0
2018-01-05,SPALI.BK,23.100000381469727,23.299999237060547,23.0,23.299999237060547,14.347677230834961,7658300.0
2018-01-08,SPALI.BK,23.299999237060547,23.399999618530273,23.100000381469727,23.200000762939453,14.286101341247559,8537800.0
2018-01-09,SPALI.BK,23.100000381469727,23.100000381469727,23.100000381469727,23.100000381469727,14.224522590637207,1036600.0
2018-01-10,SPALI.BK,23.200000762939453,23.5,23.100000381469727,23.299999237060547,14.347677230834961,8505300.0
2018-01-11,SPALI.BK,23.299999237060547,23.299999237060547,23.100000381469727,23.299999237060547,14.347677230834961,7839000.0
2018-01-12,SPALI.BK,23.399999618530273,23.799999237060547,23.299999237060547,23.700000762939453,14.59399127960205,14054600.0
2018-01-15,SPALI.BK,23.799999237060547,23.899999618530273,23.700000762939453,23.700000762939453,14.59399127960205,8718500.0
2018-01-16,SPALI.BK,23.799999237060547,24.100000381469727,23.700000762939453,24.0,14.778724670410156,17912800.0
2018-01-17,SPALI.BK,24.0,24.0,23.700000762939453,24.0,14.778724670410156,9299500.0
2018-01-18,SPALI.BK,24.0,24.5,23.899999618530273,24.399999618530273,15.025035858154297,18414200.0
2018-01-19,SPALI.BK,24.399999618530273,24.399999618530273,24.100000381469727,24.200000762939453,14.901878356933594,11213900.0
2018-01-22,SPALI.BK,24.100000381469727,24.299999237060547,24.100000381469727,24.200000762939453,14.901878356933594,5798100.0
2018-01-23,SPALI.BK,24.299999237060547,24.299999237060547,24.0,24.200000762939453,14.901878356933594,6175500.0
2018-01-24,SPALI.BK,24.200000762939453,24.899999618530273,24.100000381469727,24.700000762939453,15.209773063659668,17630200.0
2018-01-25,SPALI.BK,24.700000762939453,24.799999237060547,24.200000762939453,24.299999237060547,14.963457107543945,9043900.0
2018-01-26,SPALI.BK,24.299999237060547,24.399999618530273,24.0,24.299999237060547,14.963457107543945,3175000.0
2018-01-29,SPALI.BK,24.200000762939453,24.200000762939453,23.899999618530273,24.100000381469727,14.840301513671875,9526000.0
2018-01-30,SPALI.BK,24.0,24.0,23.600000381469727,23.799999237060547,14.65556812286377,10161200.0
2018-01-31,SPALI.BK,23.799999237060547,23.799999237060547,23.399999618530273,23.5,14.470833778381348,10447100.0
2018-02-01,SPALI.BK,23.5,23.700000762939453,23.399999618530273,23.600000381469727,14.5324125289917,3230100.0
2018-02-02,SPALI.BK,23.600000381469727,23.799999237060547,23.5,23.600000381469727,14.5324125289917,2264600.0
2018-02-05,SPALI.BK,23.200000762939453,23.5,23.200000762939453,23.5,14.470833778381348,4987900.0
2018-02-06,SPALI.BK,23.200000762939453,23.299999237060547,22.899999618530273,23.200000762939453,14.286101341247559,11909100.0
2018-02-07,SPALI.BK,23.399999618530273,23.5,23.200000762939453,23.399999618530273,14.409256935119629,8221400.0
2018-02-08,SPALI.BK,23.100000381469727,23.399999618530273,23.0,23.399999618530273,14.409256935119629,4622100.0
2018-02-09,SPALI.BK,23.100000381469727,23.299999237060547,23.0,23.200000762939453,14.286101341247559,3816400.0
2018-02-12,SPALI.BK,23.200000762939453,23.299999237060547,23.100000381469727,23.100000381469727,14.224522590637207,3193400.0
2018-02-13,SPALI.BK,23.100000381469727,23.299999237060547,22.899999618530273,23.100000381469727,14.224522590637207,11616400.0
2018-02-14,SPALI.BK,23.100000381469727,23.100000381469727,22.899999618530273,23.100000381469727,14.224522590637207,3571700.0
2018-02-15,SPALI.BK,23.100000381469727,23.100000381469727,22.5,22.799999237060547,14.039787292480469,11853000.0
2018-02-16,SPALI.BK,22.799999237060547,22.899999618530273,22.700000762939453,22.899999618530273,14.10136604309082,1960000.0
2018-02-19,SPALI.BK,22.799999237060547,22.899999618530273,22.700000762939453,22.700000762939453,13.9782133102417,1998100.0
2018-02-20,SPALI.BK,22.799999237060547,23.100000381469727,22.700000762939453,22.899999618530273,14.10136604309082,3581600.0
2018-02-21,SPALI.BK,23.200000762939453,23.299999237060547,22.899999618530273,22.899999618530273,14.10136604309082,10214700.0
2018-02-22,SPALI.BK,22.899999618530273,23.100000381469727,22.700000762939453,22.799999237060547,14.039787292480469,4811900.0
2018-02-23,SPALI.BK,22.799999237060547,23.200000762939453,22.799999237060547,23.0,14.162942886352539,5140700.0
2018-02-26,SPALI.BK,23.200000762939453,23.5,23.100000381469727,23.299999237060547,14.347677230834961,6760500.0
2018-02-27,SPALI.BK,23.399999618530273,23.5,23.100000381469727,23.200000762939453,14.286101341247559,3376400.0
2018-02-28,SPALI.BK,23.200000762939453,23.399999618530273,23.100000381469727,23.100000381469727,14.224522590637207,2034600.0
2018-03-02,SPALI.BK,23.100000381469727,23.100000381469727,22.799999237060547,22.799999237060547,14.039787292480469,3118000.0
2018-03-05,SPALI.BK,23.0,23.0,22.600000381469727,22.799999237060547,14.039787292480469,4574200.0
2018-03-06,SPALI.BK,22.700000762939453,22.700000762939453,22.700000762939453,22.700000762939453,13.9782133102417,131600.0
2018-03-07,SPALI.BK,22.600000381469727,22.700000762939453,22.200000762939453,22.200000762939453,13.67032241821289,5619000.0
2018-03-08,SPALI.BK,22.399999618530273,22.600000381469727,22.299999237060547,22.399999618530273,13.793473243713379,3952700.0
2018-03-09,SPALI.BK,22.700000762939453,22.700000762939453,22.200000762939453,22.200000762939453,13.67032241821289,5921500.0
2018-03-12,SPALI.BK,22.299999237060547,22.600000381469727,22.299999237060547,22.5,13.85505485534668,3776200.0
2018-03-13,SPALI.BK,22.600000381469727,22.799999237060547,22.5,22.5,13.85505485534668,2612700.0
2018-03-14,SPALI.BK,22.5,22.600000381469727,22.399999618530273,22.600000381469727,13.916631698608398,2420400.0
2018-03-15,SPALI.BK,22.5,22.600000381469727,22.200000762939453,22.5,13.85505485534668,3566300.0
2018-03-16,SPALI.BK,22.5,22.5,22.200000762939453,22.200000762939453,13.67032241821289,7189400.0
2018-03-19,SPALI.BK,22.299999237060547,22.299999237060547,22.0,22.0,13.547163963317871,1918900.0
2018-03-20,SPALI.BK,22.0,22.299999237060547,22.0,22.200000762939453,13.67032241821289,4912800.0
2018-03-21,SPALI.BK,22.299999237060547,22.5,22.100000381469727,22.299999237060547,13.731898307800293,3287300.0
2018-03-22,SPALI.BK,22.299999237060547,22.399999618530273,22.100000381469727,22.100000381469727,13.608741760253906,1185800.0
2018-03-23,SPALI.BK,22.0,22.200000762939453,21.899999618530273,22.100000381469727,13.608741760253906,2629000.0
2018-03-26,SPALI.BK,22.0,22.299999237060547,22.0,22.100000381469727,13.608741760253906,2263700.0
2018-03-27,SPALI.BK,22.100000381469727,22.299999237060547,22.0,22.200000762939453,13.67032241821289,4579500.0
2018-03-28,SPALI.BK,22.100000381469727,22.200000762939453,21.700000762939453,21.799999237060547,13.4240083694458,4638800.0
2018-03-29,SPALI.BK,21.899999618530273,22.100000381469727,21.700000762939453,21.899999618530273,13.48558521270752,3791200.0
2018-03-30,SPALI.BK,22.0,22.100000381469727,21.399999618530273,21.5,13.239274024963379,4824300.0
2018-04-02,SPALI.BK,22.0,22.600000381469727,21.799999237060547,22.5,13.85505485534668,8578600.0
2018-04-03,SPALI.BK,22.399999618530273,22.5,22.200000762939453,22.299999237060547,13.731898307800293,4193300.0
2018-04-04,SPALI.BK,22.399999618530273,22.5,21.700000762939453,21.799999237060547,13.4240083694458,7419200.0
2018-04-05,SPALI.BK,21.799999237060547,22.200000762939453,21.799999237060547,22.100000381469727,13.608741760253906,4425000.0
2018-04-09,SPALI.BK,22.100000381469727,22.299999237060547,22.0,22.200000762939453,13.67032241821289,9068900.0
2018-04-10,SPALI.BK,22.200000762939453,22.399999618530273,22.100000381469727,22.100000381469727,13.608741760253906,4488500.0
2018-04-11,SPALI.BK,22.200000762939453,22.600000381469727,22.200000762939453,22.600000381469727,13.916631698608398,4948100.0
2018-04-12,SPALI.BK,22.600000381469727,22.600000381469727,22.200000762939453,22.299999237060547,13.731898307800293,2984700.0
2018-04-17,SPALI.BK,22.399999618530273,22.5,22.299999237060547,22.399999618530273,13.793473243713379,3139900.0
2018-04-18,SPALI.BK,22.5,22.799999237060547,22.5,22.600000381469727,13.916631698608398,4460700.0
2018-04-19,SPALI.BK,22.799999237060547,22.799999237060547,22.5,22.600000381469727,13.916631698608398,4546600.0
2018-04-20,SPALI.BK,22.700000762939453,22.899999618530273,22.600000381469727,22.799999237060547,14.039787292480469,2844700.0
2018-04-23,SPALI.BK,22.700000762939453,22.899999618530273,22.600000381469727,22.700000762939453,13.9782133102417,1669000.0
2018-04-24,SPALI.BK,22.799999237060547,22.799999237060547,22.299999237060547,22.399999618530273,13.793473243713379,7526400.0
2018-04-25,SPALI.BK,22.399999618530273,22.5,22.299999237060547,22.399999618530273,13.793473243713379,2106900.0
2018-04-26,SPALI.BK,22.399999618530273,22.399999618530273,21.899999618530273,22.0,13.547163963317871,5778400.0
2018-04-27,SPALI.BK,22.0,22.700000762939453,22.0,22.5,13.85505485534668,5456800.0
2018-04-30,SPALI.BK,22.5,23.299999237060547,22.5,23.200000762939453,14.286101341247559,13781400.0
2018-05-02,SPALI.BK,23.0,23.100000381469727,22.799999237060547,22.899999618530273,14.10136604309082,4199700.0
2018-05-03,SPALI.BK,23.0,23.399999618530273,22.899999618530273,23.100000381469727,14.224522590637207,12621100.0
2018-05-04,SPALI.BK,23.100000381469727,23.5,23.100000381469727,23.5,14.470833778381348,6893900.0
2018-05-07,SPALI.BK,23.5,23.899999618530273,23.299999237060547,23.299999237060547,14.347677230834961,6432900.0
2018-05-08,SPALI.BK,23.299999237060547,23.899999618530273,23.299999237060547,23.700000762939453,14.59399127960205,8556700.0
2018-05-09,SPALI.BK,23.700000762939453,23.899999618530273,23.600000381469727,23.899999618530273,14.717145919799805,6331600.0
2018-05-10,SPALI.BK,23.799999237060547,23.899999618530273,23.600000381469727,23.799999237060547,14.65556812286377,3723000.0
2018-05-11,SPALI.BK,23.700000762939453,24.200000762939453,23.700000762939453,24.200000762939453,14.901878356933594,8331100.0
2018-05-14,SPALI.BK,24.200000762939453,24.5,24.0,24.5,15.086613655090332,6641000.0
2018-05-15,SPALI.BK,24.5,24.5,24.0,24.200000762939453,14.901878356933594,5365100.0
2018-05-16,SPALI.BK,23.799999237060547,24.399999618530273,23.700000762939453,24.0,14.778724670410156,5888600.0
2018-05-17,SPALI.BK,23.899999618530273,24.100000381469727,23.600000381469727,23.799999237060547,14.65556812286377,4540400.0
2018-05-18,SPALI.BK,23.899999618530273,24.200000762939453,23.799999237060547,24.200000762939453,14.901878356933594,3512100.0
2018-05-21,SPALI.BK,24.200000762939453,24.5,24.100000381469727,24.399999618530273,15.025035858154297,5725900.0
2018-05-22,SPALI.BK,24.5,24.5,24.200000762939453,24.299999237060547,14.963457107543945,4844000.0
2018-05-23,SPALI.BK,24.299999237060547,24.5,24.299999237060547,24.299999237060547,14.963457107543945,3076100.0
2018-05-24,SPALI.BK,24.299999237060547,24.5,24.200000762939453,24.5,15.086613655090332,3503700.0
2018-05-25,SPALI.BK,24.299999237060547,24.700000762939453,24.299999237060547,24.700000762939453,15.209773063659668,7439900.0
2018-05-28,SPALI.BK,24.700000762939453,25.0,24.600000381469727,24.899999618530273,15.332925796508789,6335600.0
2018-05-30,SPALI.BK,24.600000381469727,24.899999618530273,24.299999237060547,24.700000762939453,15.209773063659668,5193700.0
2018-05-31,SPALI.BK,24.700000762939453,25.25,24.600000381469727,25.25,15.548449516296387,8610000.0
2018-06-01,SPALI.BK,25.25,25.5,25.0,25.25,15.548449516296387,3861700.0
2018-06-04,SPALI.BK,25.25,25.5,25.0,25.25,15.548449516296387,2687200.0
2018-06-05,SPALI.BK,25.5,25.5,24.399999618530273,24.799999237060547,15.271350860595703,6631800.0
2018-06-06,SPALI.BK,25.0,25.0,24.700000762939453,24.899999618530273,15.332925796508789,3271500.0
2018-06-07,SPALI.BK,24.899999618530273,25.0,24.5,25.0,15.394505500793457,4314600.0
2018-06-08,SPALI.BK,24.899999618530273,25.0,24.600000381469727,24.600000381469727,15.148193359375,1913500.0
2018-06-11,SPALI.BK,24.600000381469727,24.799999237060547,24.5,24.700000762939453,15.209773063659668,4325000.0
2018-06-12,SPALI.BK,24.700000762939453,24.700000762939453,24.600000381469727,24.600000381469727,15.148193359375,1531000.0
2018-06-13,SPALI.BK,24.600000381469727,24.600000381469727,24.399999618530273,24.5,15.086613655090332,2016900.0
2018-06-14,SPALI.BK,24.5,24.799999237060547,24.200000762939453,24.700000762939453,15.209773063659668,7583600.0
2018-06-15,SPALI.BK,24.5,25.0,24.200000762939453,24.799999237060547,15.271350860595703,10757600.0
2018-06-18,SPALI.BK,24.700000762939453,24.899999618530273,24.600000381469727,24.600000381469727,15.148193359375,4558400.0
2018-06-19,SPALI.BK,24.5,24.600000381469727,23.799999237060547,24.100000381469727,14.840301513671875,7574200.0
2018-06-20,SPALI.BK,23.899999618530273,24.200000762939453,23.799999237060547,24.200000762939453,14.901878356933594,5030000.0
2018-06-21,SPALI.BK,24.200000762939453,24.200000762939453,23.5,23.899999618530273,14.717145919799805,10611000.0
2018-06-22,SPALI.BK,23.799999237060547,24.399999618530273,23.700000762939453,24.299999237060547,14.963457107543945,4931500.0
2018-06-25,SPALI.BK,24.299999237060547,24.5,24.200000762939453,24.399999618530273,15.025035858154297,3899300.0
2018-06-26,SPALI.BK,24.399999618530273,24.5,24.100000381469727,24.399999618530273,15.025035858154297,6617300.0
2018-06-27,SPALI.BK,24.399999618530273,24.399999618530273,24.100000381469727,24.200000762939453,14.901878356933594,2645500.0
2018-06-28,SPALI.BK,24.100000381469727,24.200000762939453,23.899999618530273,24.200000762939453,14.901878356933594,3662000.0
2018-06-29,SPALI.BK,24.100000381469727,24.100000381469727,22.899999618530273,23.5,14.470833778381348,5177700.0
2018-07-02,SPALI.BK,23.399999618530273,24.299999237060547,23.399999618530273,24.200000762939453,14.901878356933594,6020200.0
2018-07-03,SPALI.BK,24.299999237060547,25.0,24.200000762939453,24.899999618530273,15.332925796508789,6180100.0
2018-07-04,SPALI.BK,25.0,25.0,24.5,24.899999618530273,15.332925796508789,5198100.0
2018-07-05,SPALI.BK,24.899999618530273,25.0,24.5,24.799999237060547,15.271350860595703,5277300.0
2018-07-06,SPALI.BK,24.600000381469727,25.0,24.399999618530273,24.799999237060547,15.271350860595703,3568900.0
2018-07-09,SPALI.BK,25.0,25.0,24.700000762939453,24.899999618530273,15.332925796508789,3241400.0
2018-07-10,SPALI.BK,24.899999618530273,25.5,24.899999618530273,25.5,15.702392578125,6378100.0
2018-07-11,SPALI.BK,24.799999237060547,24.799999237060547,23.899999618530273,24.5,15.086613655090332,18128000.0
2018-07-12,SPALI.BK,24.5,25.25,24.299999237060547,24.899999618530273,15.332925796508789,6290100.0
2018-07-13,SPALI.BK,24.899999618530273,25.25,24.700000762939453,24.799999237060547,15.271350860595703,3747700.0
2018-07-16,SPALI.BK,24.799999237060547,24.799999237060547,24.100000381469727,24.200000762939453,14.901878356933594,5767000.0
2018-07-17,SPALI.BK,24.200000762939453,24.299999237060547,23.700000762939453,23.899999618530273,14.717145919799805,10018300.0
2018-07-18,SPALI.BK,23.700000762939453,23.799999237060547,23.299999237060547,23.399999618530273,14.409256935119629,13908100.0
2018-07-19,SPALI.BK,23.200000762939453,23.799999237060547,23.200000762939453,23.600000381469727,14.5324125289917,6790700.0
2018-07-20,SPALI.BK,23.700000762939453,23.700000762939453,23.399999618530273,23.5,14.470833778381348,4581900.0
2018-07-23,SPALI.BK,23.5,23.700000762939453,23.299999237060547,23.600000381469727,14.5324125289917,3535700.0
2018-07-24,SPALI.BK,23.600000381469727,23.700000762939453,22.899999618530273,23.100000381469727,14.224522590637207,9796100.0
2018-07-25,SPALI.BK,23.100000381469727,23.700000762939453,23.100000381469727,23.299999237060547,14.347677230834961,7324100.0
2018-07-26,SPALI.BK,23.5,23.799999237060547,23.399999618530273,23.700000762939453,14.59399127960205,4005000.0
2018-07-31,SPALI.BK,23.700000762939453,24.100000381469727,23.700000762939453,23.799999237060547,14.65556812286377,8113000.0
2018-08-01,SPALI.BK,23.799999237060547,24.100000381469727,23.799999237060547,23.799999237060547,14.65556812286377,2733800.0
2018-08-02,SPALI.BK,23.799999237060547,23.899999618530273,23.5,23.600000381469727,14.5324125289917,2179200.0
2018-08-03,SPALI.BK,23.600000381469727,23.899999618530273,23.600000381469727,23.899999618530273,14.717145919799805,1727900.0
2018-08-06,SPALI.BK,24.100000381469727,24.100000381469727,23.600000381469727,23.600000381469727,14.5324125289917,2319700.0
2018-08-07,SPALI.BK,23.700000762939453,23.899999618530273,23.600000381469727,23.799999237060547,14.65556812286377,1010200.0
2018-08-08,SPALI.BK,24.0,24.399999618530273,23.899999618530273,24.100000381469727,14.840301513671875,6081300.0
2018-08-09,SPALI.BK,24.399999618530273,24.700000762939453,24.200000762939453,24.5,15.086613655090332,11404500.0
2018-08-10,SPALI.BK,24.5,24.600000381469727,24.0,24.299999237060547,14.963457107543945,3003000.0
2018-08-14,SPALI.BK,24.200000762939453,24.5,24.0,24.299999237060547,14.963457107543945,4193200.0
2018-08-15,SPALI.BK,24.0,24.0,23.600000381469727,23.899999618530273,14.717145919799805,4314700.0
2018-08-16,SPALI.BK,23.899999618530273,24.5,23.600000381469727,24.399999618530273,15.025035858154297,6883000.0
2018-08-17,SPALI.BK,24.700000762939453,24.700000762939453,24.299999237060547,24.299999237060547,14.963457107543945,3581100.0
2018-08-20,SPALI.BK,24.399999618530273,24.399999618530273,24.100000381469727,24.299999237060547,14.963457107543945,1211700.0
2018-08-21,SPALI.BK,24.200000762939453,24.299999237060547,23.799999237060547,23.899999618530273,14.717145919799805,3334000.0
2018-08-22,SPALI.BK,23.899999618530273,24.200000762939453,23.700000762939453,23.799999237060547,14.65556812286377,4316900.0
2018-08-23,SPALI.BK,23.799999237060547,24.200000762939453,23.799999237060547,23.899999618530273,14.717145919799805,3855400.0
2018-08-24,SPALI.BK,24.0,24.100000381469727,23.899999618530273,24.100000381469727,14.840301513671875,2263200.0
2018-08-27,SPALI.BK,24.0,24.399999618530273,23.899999618530273,24.299999237060547,14.963457107543945,6587600.0
2018-08-28,SPALI.BK,24.0,24.100000381469727,23.899999618530273,24.0,15.0260648727417,4349400.0
2018-08-29,SPALI.BK,24.100000381469727,24.200000762939453,23.899999618530273,24.200000762939453,15.151285171508789,2369900.0
2018-08-30,SPALI.BK,24.200000762939453,24.5,24.100000381469727,24.399999618530273,15.276501655578613,5318900.0
2018-08-31,SPALI.BK,24.299999237060547,24.399999618530273,24.0,24.200000762939453,15.151285171508789,2892000.0
2018-09-03,SPALI.BK,24.299999237060547,24.5,24.100000381469727,24.100000381469727,15.088675498962402,2862700.0
2018-09-04,SPALI.BK,24.0,24.299999237060547,24.0,24.100000381469727,15.088675498962402,1381400.0
2018-09-05,SPALI.BK,24.100000381469727,24.200000762939453,24.0,24.0,15.0260648727417,3182000.0
2018-09-06,SPALI.BK,24.0,24.100000381469727,23.899999618530273,24.100000381469727,15.088675498962402,2217300.0
2018-09-07,SPALI.BK,24.100000381469727,24.200000762939453,24.0,24.100000381469727,15.088675498962402,985600.0
2018-09-10,SPALI.BK,24.0,24.200000762939453,23.899999618530273,23.899999618530273,14.963459014892578,1715600.0
2018-09-11,SPALI.BK,23.899999618530273,24.5,23.899999618530273,24.0,15.0260648727417,3668900.0
2018-09-12,SPALI.BK,24.0,24.200000762939453,24.0,24.0,15.0260648727417,755200.0
2018-09-13,SPALI.BK,24.100000381469727,24.5,24.100000381469727,24.299999237060547,15.21389102935791,6202600.0
2018-09-14,SPALI.BK,24.5,24.899999618530273,24.399999618530273,24.700000762939453,15.464323997497559,7266000.0
2018-09-17,SPALI.BK,24.899999618530273,25.0,24.600000381469727,25.0,15.652154922485352,5447400.0
2018-09-18,SPALI.BK,24.899999618530273,25.25,24.399999618530273,25.0,15.652154922485352,6208800.0
2018-09-19,SPALI.BK,25.0,25.5,24.799999237060547,25.25,15.808670043945312,11003400.0
2018-09-20,SPALI.BK,25.0,25.25,24.799999237060547,25.0,15.652154922485352,4737100.0
2018-09-21,SPALI.BK,25.0,26.0,25.0,25.0,15.652154922485352,18433300.0
2018-09-24,SPALI.BK,25.0,25.0,24.5,24.600000381469727,15.401719093322754,5981100.0
2018-09-25,SPALI.BK,24.5,24.600000381469727,24.0,24.299999237060547,15.21389102935791,10787300.0
2018-09-26,SPALI.BK,24.399999618530273,24.399999618530273,24.100000381469727,24.299999237060547,15.21389102935791,7604200.0
2018-09-27,SPALI.BK,24.299999237060547,24.5,24.200000762939453,24.5,15.339109420776367,5812600.0
2018-09-28,SPALI.BK,24.5,24.600000381469727,24.200000762939453,24.299999237060547,15.21389102935791,6087500.0
2018-10-01,SPALI.BK,24.299999237060547,24.399999618530273,24.0,24.0,15.0260648727417,2891300.0
2018-10-02,SPALI.BK,24.100000381469727,24.200000762939453,23.899999618530273,24.0,15.0260648727417,3262600.0
2018-10-03,SPALI.BK,23.899999618530273,24.100000381469727,23.799999237060547,23.799999237060547,14.900851249694824,6121100.0
2018-10-04,SPALI.BK,23.700000762939453,24.200000762939453,23.0,24.0,15.0260648727417,22496500.0
2018-10-05,SPALI.BK,24.0,24.100000381469727,23.5,23.799999237060547,14.900851249694824,6663800.0
2018-10-08,SPALI.BK,23.799999237060547,23.899999618530273,23.299999237060547,23.399999618530273,14.650412559509277,3128200.0
2018-10-09,SPALI.BK,23.5,23.700000762939453,23.299999237060547,23.299999237060547,14.58780574798584,2591200.0
2018-10-10,SPALI.BK,23.399999618530273,23.799999237060547,23.399999618530273,23.600000381469727,14.775632858276367,5267500.0
2018-10-11,SPALI.BK,23.200000762939453,23.399999618530273,22.899999618530273,23.200000762939453,14.525197982788086,6297800.0
2018-10-12,SPALI.BK,23.299999237060547,23.5,23.200000762939453,23.200000762939453,14.525197982788086,4506000.0
2018-10-16,SPALI.BK,23.200000762939453,23.299999237060547,22.700000762939453,22.799999237060547,14.274764060974121,4902500.0
2018-10-17,SPALI.BK,22.899999618530273,23.0,22.700000762939453,22.700000762939453,14.212153434753418,2273200.0
2018-10-18,SPALI.BK,22.700000762939453,22.899999618530273,22.600000381469727,22.600000381469727,14.149547576904297,1566800.0
2018-10-19,SPALI.BK,22.5,22.600000381469727,21.899999618530273,22.5,14.08693790435791,8667700.0
2018-10-22,SPALI.BK,22.399999618530273,22.399999618530273,22.100000381469727,22.200000762939453,13.899114608764648,2170100.0
2018-10-24,SPALI.BK,22.100000381469727,22.299999237060547,21.700000762939453,21.799999237060547,13.648676872253418,3663400.0
2018-10-25,SPALI.BK,21.600000381469727,22.200000762939453,21.399999618530273,22.0,13.773895263671875,3222800.0
2018-10-26,SPALI.BK,22.100000381469727,22.200000762939453,22.0,22.100000381469727,13.836502075195312,2096700.0
2018-10-29,SPALI.BK,22.100000381469727,22.399999618530273,21.799999237060547,22.200000762939453,13.899114608764648,2973700.0
2018-10-30,SPALI.BK,22.100000381469727,22.299999237060547,21.899999618530273,22.0,13.773895263671875,2677400.0
2018-10-31,SPALI.BK,22.200000762939453,22.200000762939453,21.799999237060547,21.899999618530273,13.711285591125488,4235400.0
2018-11-01,SPALI.BK,22.0,22.5,22.0,22.5,14.08693790435791,7158000.0
2018-11-02,SPALI.BK,22.5,22.700000762939453,22.200000762939453,22.399999618530273,14.02432918548584,5590500.0
2018-11-05,SPALI.BK,22.200000762939453,22.5,22.100000381469727,22.399999618530273,14.02432918548584,3218800.0
2018-11-06,SPALI.BK,22.399999618530273,22.399999618530273,21.799999237060547,22.0,13.773895263671875,6344000.0
2018-11-07,SPALI.BK,22.0,22.100000381469727,21.700000762939453,21.899999618530273,13.711285591125488,3345300.0
2018-11-08,SPALI.BK,22.100000381469727,22.200000762939453,21.899999618530273,22.0,13.773895263671875,2603400.0
2018-11-09,SPALI.BK,21.899999618530273,22.100000381469727,21.799999237060547,21.799999237060547,13.648676872253418,1785700.0
2018-11-12,SPALI.BK,21.799999237060547,21.799999237060547,21.600000381469727,21.600000381469727,13.523458480834961,1842700.0
2018-11-13,SPALI.BK,21.5,21.799999237060547,21.299999237060547,21.399999618530273,13.398241996765137,3592900.0
2018-11-14,SPALI.BK,21.399999618530273,21.5,20.700000762939453,20.799999237060547,13.022589683532715,6838100.0
2018-11-15,SPALI.BK,20.700000762939453,20.799999237060547,19.700000762939453,20.0,12.521720886230469,14006200.0
2018-11-16,SPALI.BK,19.899999618530273,20.0,19.700000762939453,19.799999237060547,12.396504402160645,3513100.0
2018-11-19,SPALI.BK,19.799999237060547,20.100000381469727,19.799999237060547,19.899999618530273,12.459115028381348,5295900.0
2018-11-20,SPALI.BK,19.799999237060547,19.799999237060547,19.299999237060547,19.299999237060547,12.083460807800293,4364000.0
2018-11-21,SPALI.BK,19.299999237060547,20.100000381469727,18.899999618530273,20.0,12.521720886230469,4899900.0
2018-11-22,SPALI.BK,20.0,20.0,19.399999618530273,19.700000762939453,12.333897590637207,3412700.0
2018-11-23,SPALI.BK,19.799999237060547,20.100000381469727,19.600000381469727,20.0,12.521720886230469,2656100.0
2018-11-26,SPALI.BK,20.0,20.100000381469727,19.700000762939453,19.899999618530273,12.459115028381348,2097700.0
2018-11-27,SPALI.BK,19.899999618530273,20.200000762939453,19.899999618530273,20.0,12.521720886230469,1681500.0
2018-11-28,SPALI.BK,20.0,20.399999618530273,20.0,20.299999237060547,12.709548950195312,4733300.0
2018-11-29,SPALI.BK,20.5,20.600000381469727,20.299999237060547,20.299999237060547,12.709548950195312,3808400.0
2018-11-30,SPALI.BK,20.299999237060547,20.5,20.100000381469727,20.299999237060547,12.709548950195312,1683000.0
2018-12-03,SPALI.BK,20.399999618530273,20.600000381469727,20.0,20.200000762939453,12.646937370300293,3878200.0
2018-12-04,SPALI.BK,20.200000762939453,20.299999237060547,20.100000381469727,20.100000381469727,12.584331512451172,1041000.0
2018-12-06,SPALI.BK,20.100000381469727,20.100000381469727,19.899999618530273,20.100000381469727,12.584331512451172,1175800.0
2018-12-07,SPALI.BK,20.0,20.299999237060547,19.899999618530273,20.0,12.521720886230469,1763500.0
2018-12-11,SPALI.BK,20.100000381469727,20.100000381469727,19.5,19.5,12.208677291870117,2887200.0
2018-12-12,SPALI.BK,19.5,19.899999618530273,18.5,18.600000381469727,11.64520263671875,11785800.0
2018-12-13,SPALI.BK,18.600000381469727,18.899999618530273,17.899999618530273,18.0,11.269548416137695,11074500.0
2018-12-14,SPALI.BK,18.100000381469727,19.200000762939453,18.100000381469727,18.600000381469727,11.64520263671875,15723200.0
2018-12-17,SPALI.BK,18.600000381469727,19.200000762939453,18.600000381469727,19.0,11.895636558532715,5668900.0
2018-12-18,SPALI.BK,19.0,19.100000381469727,18.799999237060547,19.100000381469727,11.958245277404785,1933500.0
2018-12-19,SPALI.BK,19.0,19.100000381469727,18.700000762939453,18.899999618530273,11.833024978637695,3243300.0
2018-12-20,SPALI.BK,18.700000762939453,19.0,18.700000762939453,18.899999618530273,11.833024978637695,1588300.0
2018-12-21,SPALI.BK,18.700000762939453,19.0,18.5,18.5,11.58259391784668,2435600.0
2018-12-24,SPALI.BK,18.600000381469727,18.700000762939453,18.200000762939453,18.299999237060547,11.457375526428223,6559200.0
2018-12-25,SPALI.BK,18.0,18.200000762939453,17.399999618530273,17.600000381469727,11.019115447998047,3591500.0
2018-12-26,SPALI.BK,17.700000762939453,18.0,17.299999237060547,17.600000381469727,11.019115447998047,3851700.0
2018-12-27,SPALI.BK,18.0,18.399999618530273,17.700000762939453,18.100000381469727,11.332159042358398,6771900.0
2018-12-28,SPALI.BK,18.100000381469727,18.899999618530273,18.100000381469727,18.200000762939453,11.394765853881836,6338200.0
2019-01-02,SPALI.BK,18.200000762939453,18.700000762939453,18.200000762939453,18.600000381469727,11.64520263671875,2398000.0
2019-01-03,SPALI.BK,18.899999618530273,19.100000381469727,18.600000381469727,18.700000762939453,11.707810401916504,6638200.0
2019-01-04,SPALI.BK,18.600000381469727,18.899999618530273,18.399999618530273,18.799999237060547,11.77042007446289,3045500.0
2019-01-07,SPALI.BK,18.799999237060547,18.899999618530273,18.5,18.799999237060547,11.77042007446289,2601900.0
2019-01-08,SPALI.BK,18.799999237060547,18.899999618530273,18.600000381469727,18.799999237060547,11.77042007446289,1805700.0
2019-01-09,SPALI.BK,18.799999237060547,19.100000381469727,18.700000762939453,18.799999237060547,11.77042007446289,4375500.0
2019-01-10,SPALI.BK,19.0,19.100000381469727,18.799999237060547,18.899999618530273,11.833024978637695,2919500.0
2019-01-11,SPALI.BK,19.0,19.299999237060547,18.899999618530273,19.100000381469727,11.958245277404785,1457300.0
2019-01-14,SPALI.BK,19.299999237060547,19.399999618530273,18.299999237060547,18.5,11.58259391784668,3435700.0
2019-01-15,SPALI.BK,18.5,18.899999618530273,18.5,18.5,11.58259391784668,3791000.0
2019-01-16,SPALI.BK,18.600000381469727,19.0,18.5,18.899999618530273,11.833024978637695,3841700.0
2019-01-17,SPALI.BK,18.799999237060547,19.100000381469727,18.799999237060547,18.899999618530273,11.833024978637695,3362200.0
2019-01-18,SPALI.BK,18.799999237060547,19.0,18.299999237060547,18.5,11.58259391784668,4465100.0
2019-01-21,SPALI.BK,18.600000381469727,18.600000381469727,18.100000381469727,18.200000762939453,11.394765853881836,1785300.0
2019-01-22,SPALI.BK,18.200000762939453,18.799999237060547,18.200000762939453,18.600000381469727,11.64520263671875,4094200.0
2019-01-23,SPALI.BK,19.0,20.0,18.899999618530273,19.600000381469727,12.271288871765137,8920600.0
2019-01-24,SPALI.BK,19.600000381469727,19.899999618530273,19.200000762939453,19.5,12.208677291870117,6910100.0
2019-01-25,SPALI.BK,19.600000381469727,19.799999237060547,19.399999618530273,19.700000762939453,12.333897590637207,2083300.0
2019-01-28,SPALI.BK,19.899999618530273,19.899999618530273,19.299999237060547,19.5,12.208677291870117,4298600.0
2019-01-29,SPALI.BK,19.5,19.5,19.0,19.200000762939453,12.020854949951172,4198400.0
2019-01-30,SPALI.BK,19.200000762939453,19.399999618530273,19.100000381469727,19.299999237060547,12.083460807800293,4806800.0
2019-01-31,SPALI.BK,19.200000762939453,19.5,19.200000762939453,19.299999237060547,12.083460807800293,3691100.0
2019-02-01,SPALI.BK,19.299999237060547,19.700000762939453,19.299999237060547,19.600000381469727,12.271288871765137,3332100.0
2019-02-04,SPALI.BK,19.799999237060547,20.200000762939453,19.700000762939453,20.0,12.521720886230469,3510400.0
2019-02-05,SPALI.BK,19.899999618530273,19.899999618530273,19.600000381469727,19.700000762939453,12.333897590637207,3214500.0
2019-02-06,SPALI.BK,19.899999618530273,19.899999618530273,19.700000762939453,19.899999618530273,12.459115028381348,1588300.0
2019-02-07,SPALI.BK,19.899999618530273,20.200000762939453,19.700000762939453,19.700000762939453,12.333897590637207,2661400.0
2019-02-08,SPALI.BK,19.5,19.799999237060547,19.5,19.799999237060547,12.396504402160645,2996900.0
2019-02-11,SPALI.BK,19.5,19.600000381469727,19.299999237060547,19.399999618530273,12.146072387695312,1902100.0
2019-02-12,SPALI.BK,19.399999618530273,19.600000381469727,19.299999237060547,19.399999618530273,12.146072387695312,2315400.0
2019-02-13,SPALI.BK,19.5,19.700000762939453,19.399999618530273,19.600000381469727,12.271288871765137,2461000.0
2019-02-14,SPALI.BK,19.5,19.5,19.399999618530273,19.5,12.208677291870117,672100.0
2019-02-15,SPALI.BK,19.5,19.5,19.200000762939453,19.299999237060547,12.083460807800293,3552700.0
2019-02-18,SPALI.BK,19.299999237060547,19.600000381469727,19.200000762939453,19.600000381469727,12.271288871765137,3274000.0
2019-02-20,SPALI.BK,19.700000762939453,19.799999237060547,19.399999618530273,19.600000381469727,12.271288871765137,2972300.0
2019-02-21,SPALI.BK,19.5,19.799999237060547,19.5,19.700000762939453,12.333897590637207,2248600.0
2019-02-22,SPALI.BK,19.700000762939453,19.899999618530273,19.600000381469727,19.899999618530273,12.459115028381348,3008600.0
2019-02-25,SPALI.BK,19.799999237060547,20.0,19.600000381469727,19.799999237060547,12.396504402160645,4143000.0
2019-02-26,SPALI.BK,19.700000762939453,19.799999237060547,19.399999618530273,19.5,12.208677291870117,3798800.0
2019-02-27,SPALI.BK,19.600000381469727,20.100000381469727,19.5,20.100000381469727,12.584331512451172,6678500.0
2019-02-28,SPALI.BK,20.200000762939453,20.200000762939453,19.399999618530273,19.600000381469727,12.271288871765137,5748600.0
2019-03-01,SPALI.BK,19.600000381469727,20.0,19.5,19.700000762939453,12.333897590637207,4647300.0
2019-03-04,SPALI.BK,19.700000762939453,20.100000381469727,19.5,19.5,12.208677291870117,3502100.0
2019-03-05,SPALI.BK,19.5,19.899999618530273,19.5,19.600000381469727,12.271288871765137,3115900.0
2019-03-06,SPALI.BK,19.700000762939453,19.700000762939453,19.299999237060547,19.5,12.208677291870117,5849100.0
2019-03-07,SPALI.BK,19.5,19.600000381469727,19.399999618530273,19.5,12.208677291870117,2016000.0
2019-03-08,SPALI.BK,19.5,19.5,18.899999618530273,19.299999237060547,12.083460807800293,6894700.0
2019-03-11,SPALI.BK,19.299999237060547,19.600000381469727,19.299999237060547,19.299999237060547,12.083460807800293,2995500.0
2019-03-12,SPALI.BK,18.700000762939453,18.899999618530273,18.5,18.700000762939453,12.083462715148926,5410400.0
2019-03-13,SPALI.BK,18.700000762939453,18.799999237060547,18.299999237060547,18.600000381469727,12.018845558166504,3328300.0
2019-03-14,SPALI.BK,18.600000381469727,18.899999618530273,18.600000381469727,18.700000762939453,12.083462715148926,3653400.0
2019-03-15,SPALI.BK,18.700000762939453,18.700000762939453,18.399999618530273,18.399999618530273,11.88961124420166,3574300.0
2019-03-18,SPALI.BK,18.399999618530273,18.700000762939453,18.200000762939453,18.299999237060547,11.824994087219238,2919300.0
2019-03-19,SPALI.BK,18.299999237060547,18.600000381469727,18.299999237060547,18.5,11.954227447509766,3306500.0
2019-03-20,SPALI.BK,18.5,18.700000762939453,18.399999618530273,18.399999618530273,11.88961124420166,2891800.0
2019-03-21,SPALI.BK,18.399999618530273,18.600000381469727,18.200000762939453,18.299999237060547,11.824994087219238,7206300.0
2019-03-22,SPALI.BK,18.299999237060547,18.600000381469727,18.200000762939453,18.399999618530273,11.88961124420166,1898100.0
2019-03-25,SPALI.BK,18.299999237060547,18.5,18.100000381469727,18.299999237060547,11.824994087219238,1875200.0
2019-03-26,SPALI.BK,18.299999237060547,18.399999618530273,18.100000381469727,18.299999237060547,11.824994087219238,3368900.0
2019-03-27,SPALI.BK,18.299999237060547,18.399999618530273,18.200000762939453,18.200000762939453,11.760375022888184,2346900.0
2019-03-28,SPALI.BK,18.299999237060547,18.799999237060547,18.200000762939453,18.600000381469727,12.018845558166504,3129700.0
2019-03-29,SPALI.BK,18.799999237060547,19.399999618530273,18.799999237060547,18.899999618530273,12.212696075439453,9694100.0
2019-04-01,SPALI.BK,19.200000762939453,19.600000381469727,19.100000381469727,19.5,12.6003999710083,10394800.0
2019-04-02,SPALI.BK,19.5,19.700000762939453,19.399999618530273,19.600000381469727,12.665020942687988,4047100.0
2019-04-03,SPALI.BK,19.600000381469727,19.600000381469727,19.100000381469727,19.200000762939453,12.406551361083984,4978100.0
2019-04-04,SPALI.BK,19.200000762939453,19.5,18.799999237060547,19.0,12.277316093444824,4765900.0
2019-04-05,SPALI.BK,19.0,19.5,19.0,19.200000762939453,12.406551361083984,2787900.0
2019-04-09,SPALI.BK,19.299999237060547,20.200000762939453,19.200000762939453,19.799999237060547,12.794254302978516,9209300.0
2019-04-10,SPALI.BK,19.799999237060547,20.0,19.700000762939453,20.0,12.923487663269043,5179000.0
2019-04-11,SPALI.BK,20.0,20.100000381469727,19.799999237060547,20.100000381469727,12.988107681274414,2530100.0
2019-04-12,SPALI.BK,20.0,20.700000762939453,19.899999618530273,20.700000762939453,13.375812530517578,6897700.0
2019-04-17,SPALI.BK,21.0,21.5,21.0,21.399999618530273,13.828131675720215,5362200.0
2019-04-18,SPALI.BK,21.5,21.600000381469727,20.899999618530273,21.299999237060547,13.76351547241211,13513300.0
2019-04-19,SPALI.BK,21.200000762939453,21.399999618530273,21.0,21.299999237060547,13.76351547241211,13137400.0
2019-04-22,SPALI.BK,21.5,22.0,21.5,21.799999237060547,14.086603164672852,5206800.0
2019-04-23,SPALI.BK,21.799999237060547,22.399999618530273,21.600000381469727,21.799999237060547,14.086603164672852,11455200.0
2019-04-24,SPALI.BK,21.799999237060547,22.0,21.399999618530273,21.399999618530273,13.828131675720215,11625900.0
2019-04-25,SPALI.BK,21.399999618530273,22.0,21.399999618530273,21.700000762939453,14.021986961364746,8984900.0
2019-04-26,SPALI.BK,21.700000762939453,21.899999618530273,21.299999237060547,21.5,13.892752647399902,10464200.0
2019-04-29,SPALI.BK,21.600000381469727,22.0,21.600000381469727,22.0,14.215838432312012,8593300.0
2019-04-30,SPALI.BK,22.0,22.299999237060547,21.899999618530273,22.100000381469727,14.280454635620117,9730500.0
2019-05-02,SPALI.BK,22.100000381469727,22.799999237060547,21.899999618530273,22.399999618530273,14.474308013916016,12569800.0
2019-05-03,SPALI.BK,22.5,22.600000381469727,22.200000762939453,22.600000381469727,14.603544235229492,6436300.0
2019-05-07,SPALI.BK,22.399999618530273,22.399999618530273,22.200000762939453,22.299999237060547,14.409690856933594,4924200.0
2019-05-08,SPALI.BK,22.299999237060547,22.299999237060547,21.600000381469727,21.700000762939453,14.021986961364746,8632600.0
2019-05-09,SPALI.BK,21.600000381469727,22.100000381469727,21.600000381469727,21.799999237060547,14.086603164672852,4268300.0
2019-05-10,SPALI.BK,21.799999237060547,22.0,21.399999618530273,21.600000381469727,13.957366943359375,3958900.0
2019-05-13,SPALI.BK,21.5,21.700000762939453,21.0,21.200000762939453,13.698898315429688,4832800.0
2019-05-14,SPALI.BK,21.100000381469727,21.5,20.899999618530273,21.5,13.892752647399902,8322900.0
2019-05-15,SPALI.BK,21.5,22.0,21.399999618530273,21.899999618530273,14.151219367980957,8807800.0
2019-05-16,SPALI.BK,21.899999618530273,21.899999618530273,21.5,21.600000381469727,13.957366943359375,3006700.0
2019-05-17,SPALI.BK,21.899999618530273,22.100000381469727,21.700000762939453,21.700000762939453,14.021986961364746,5152600.0
2019-05-21,SPALI.BK,21.700000762939453,22.100000381469727,21.700000762939453,21.899999618530273,14.151219367980957,5557600.0
2019-05-22,SPALI.BK,22.0,22.399999618530273,21.899999618530273,22.299999237060547,14.409690856933594,5867800.0
2019-05-23,SPALI.BK,22.200000762939453,22.299999237060547,21.899999618530273,22.0,14.215838432312012,2482600.0
2019-05-24,SPALI.BK,22.0,22.100000381469727,21.600000381469727,21.799999237060547,14.086603164672852,4170400.0
2019-05-27,SPALI.BK,21.799999237060547,21.899999618530273,21.5,21.600000381469727,13.957366943359375,7269800.0
2019-05-28,SPALI.BK,21.600000381469727,22.799999237060547,21.600000381469727,22.799999237060547,14.732778549194336,29740300.0
2019-05-29,SPALI.BK,22.799999237060547,22.799999237060547,22.299999237060547,22.5,14.538926124572754,13286200.0
2019-05-30,SPALI.BK,22.600000381469727,22.799999237060547,22.200000762939453,22.5,14.538926124572754,11868200.0
2019-05-31,SPALI.BK,22.700000762939453,22.799999237060547,22.200000762939453,22.299999237060547,14.409690856933594,6059100.0
2019-06-04,SPALI.BK,22.5,22.899999618530273,22.399999618530273,22.399999618530273,14.474308013916016,9080700.0
2019-06-05,SPALI.BK,22.5,23.0,22.399999618530273,23.0,14.862013816833496,7473300.0
2019-06-06,SPALI.BK,23.100000381469727,23.200000762939453,22.600000381469727,22.899999618530273,14.797395706176758,5115300.0
2019-06-07,SPALI.BK,22.899999618530273,23.0,22.700000762939453,22.799999237060547,14.732778549194336,1760100.0
2019-06-10,SPALI.BK,22.799999237060547,23.100000381469727,22.700000762939453,22.799999237060547,14.732778549194336,5309900.0
2019-06-11,SPALI.BK,22.899999618530273,23.0,22.799999237060547,22.799999237060547,14.732778549194336,3930100.0
2019-06-12,SPALI.BK,22.799999237060547,23.0,22.799999237060547,22.799999237060547,14.732778549194336,1780200.0
2019-06-13,SPALI.BK,22.899999618530273,23.0,22.600000381469727,22.700000762939453,14.668158531188965,8899400.0
2019-06-14,SPALI.BK,22.799999237060547,23.0,22.799999237060547,23.0,14.862013816833496,2098200.0
2019-06-17,SPALI.BK,22.700000762939453,22.899999618530273,22.600000381469727,22.700000762939453,14.668158531188965,6953700.0
2019-06-18,SPALI.BK,22.799999237060547,22.799999237060547,22.100000381469727,22.5,14.538926124572754,9577900.0
2019-06-19,SPALI.BK,22.5,22.700000762939453,22.399999618530273,22.5,14.538926124572754,5405600.0
2019-06-20,SPALI.BK,22.600000381469727,23.100000381469727,22.5,22.899999618530273,14.797395706176758,8837200.0
2019-06-21,SPALI.BK,23.0,23.0,22.700000762939453,22.899999618530273,14.797395706176758,4430100.0
2019-06-24,SPALI.BK,22.899999618530273,23.100000381469727,22.700000762939453,22.899999618530273,14.797395706176758,7439900.0
2019-06-25,SPALI.BK,23.0,23.5,22.700000762939453,22.799999237060547,14.732778549194336,8522300.0
2019-06-26,SPALI.BK,22.700000762939453,23.200000762939453,22.700000762939453,23.0,14.862013816833496,5687700.0
2019-06-27,SPALI.BK,23.0,23.399999618530273,22.899999618530273,23.100000381469727,14.926630020141602,4942900.0
2019-06-28,SPALI.BK,23.200000762939453,23.600000381469727,23.100000381469727,23.5,15.185099601745605,5857800.0
2019-07-01,SPALI.BK,23.5,23.799999237060547,23.200000762939453,23.299999237060547,15.055865287780762,3747400.0
2019-07-02,SPALI.BK,23.299999237060547,23.399999618530273,23.0,23.299999237060547,15.055865287780762,5005100.0
2019-07-03,SPALI.BK,23.299999237060547,24.100000381469727,23.299999237060547,23.799999237060547,15.37895393371582,10944000.0
2019-07-04,SPALI.BK,23.700000762939453,24.100000381469727,23.600000381469727,23.799999237060547,15.37895393371582,8143100.0
2019-07-05,SPALI.BK,23.799999237060547,24.100000381469727,23.700000762939453,23.899999618530273,15.443571090698242,4837000.0
2019-07-08,SPALI.BK,23.799999237060547,24.100000381469727,23.700000762939453,24.0,15.508186340332031,7201500.0
2019-07-09,SPALI.BK,24.0,24.5,24.0,24.200000762939453,15.637423515319824,11324100.0
2019-07-10,SPALI.BK,24.200000762939453,24.700000762939453,24.0,24.399999618530273,15.766657829284668,8954800.0
2019-07-11,SPALI.BK,24.399999618530273,24.399999618530273,23.399999618530273,23.399999618530273,15.12048053741455,13781400.0
2019-07-12,SPALI.BK,23.5,23.700000762939453,22.799999237060547,23.100000381469727,14.926630020141602,9681100.0
2019-07-15,SPALI.BK,23.299999237060547,23.700000762939453,23.200000762939453,23.200000762939453,14.99124813079834,6091200.0
2019-07-17,SPALI.BK,23.200000762939453,23.600000381469727,22.899999618530273,23.399999618530273,15.12048053741455,9025000.0
2019-07-18,SPALI.BK,23.5,23.700000762939453,23.399999618530273,23.5,15.185099601745605,3756700.0
2019-07-19,SPALI.BK,23.5,24.0,23.5,23.799999237060547,15.37895393371582,6298700.0
2019-07-22,SPALI.BK,24.100000381469727,24.299999237060547,23.0,23.399999618530273,15.12048053741455,11867800.0
2019-07-23,SPALI.BK,23.5,24.0,23.299999237060547,23.700000762939453,15.314336776733398,6683100.0
2019-07-24,SPALI.BK,23.700000762939453,23.899999618530273,23.299999237060547,23.600000381469727,15.249717712402344,3765100.0
2019-07-25,SPALI.BK,23.600000381469727,23.600000381469727,23.0,23.200000762939453,14.99124813079834,8966900.0
2019-07-26,SPALI.BK,23.200000762939453,23.399999618530273,22.0,22.5,14.538926124572754,16292300.0
2019-07-30,SPALI.BK,22.299999237060547,22.299999237060547,21.600000381469727,21.700000762939453,14.021986961364746,12909700.0
2019-07-31,SPALI.BK,21.600000381469727,22.100000381469727,21.600000381469727,22.0,14.215838432312012,9640300.0
2019-08-01,SPALI.BK,22.100000381469727,22.100000381469727,21.399999618530273,21.5,13.892752647399902,7930700.0
2019-08-02,SPALI.BK,21.399999618530273,21.700000762939453,21.200000762939453,21.299999237060547,13.76351547241211,9300700.0
2019-08-05,SPALI.BK,21.200000762939453,21.5,20.899999618530273,21.200000762939453,13.698898315429688,6614700.0
2019-08-06,SPALI.BK,21.100000381469727,21.399999618530273,20.899999618530273,21.200000762939453,13.698898315429688,3263000.0
2019-08-07,SPALI.BK,21.200000762939453,21.799999237060547,20.799999237060547,21.399999618530273,13.828131675720215,13995100.0
2019-08-08,SPALI.BK,21.399999618530273,21.5,20.799999237060547,21.0,13.569663047790527,8725900.0
2019-08-09,SPALI.BK,21.100000381469727,21.200000762939453,20.799999237060547,20.899999618530273,13.505045890808105,7401900.0
2019-08-13,SPALI.BK,20.700000762939453,20.799999237060547,20.100000381469727,20.200000762939453,13.052721977233887,8954000.0
2019-08-14,SPALI.BK,20.5,20.799999237060547,20.399999618530273,20.799999237060547,13.44042682647705,13387400.0
2019-08-15,SPALI.BK,20.600000381469727,20.799999237060547,20.299999237060547,20.299999237060547,13.117341995239258,8834600.0
2019-08-16,SPALI.BK,20.899999618530273,21.100000381469727,20.5,20.600000381469727,13.31119441986084,23239400.0
2019-08-19,SPALI.BK,20.600000381469727,20.899999618530273,20.600000381469727,20.600000381469727,13.31119441986084,9495400.0
2019-08-20,SPALI.BK,20.700000762939453,20.799999237060547,20.299999237060547,20.399999618530273,13.181960105895996,6890400.0
2019-08-21,SPALI.BK,20.399999618530273,20.600000381469727,20.399999618530273,20.5,13.246577262878418,4896200.0
2019-08-22,SPALI.BK,20.399999618530273,20.5,20.200000762939453,20.200000762939453,13.052721977233887,4916000.0
2019-08-23,SPALI.BK,20.299999237060547,20.5,20.200000762939453,20.200000762939453,13.052721977233887,6369000.0
2019-08-26,SPALI.BK,19.399999618530273,19.700000762939453,19.200000762939453,19.5,12.6003999710083,20490600.0
2019-08-27,SPALI.BK,18.899999618530273,19.399999618530273,18.899999618530273,18.899999618530273,12.468459129333496,12261400.0
2019-08-28,SPALI.BK,18.899999618530273,19.399999618530273,18.899999618530273,19.100000381469727,12.60040283203125,6396600.0
2019-08-29,SPALI.BK,19.0,19.299999237060547,19.0,19.200000762939453,12.666374206542969,5219200.0
2019-08-30,SPALI.BK,19.299999237060547,19.799999237060547,19.299999237060547,19.700000762939453,12.996228218078613,9710900.0
2019-09-02,SPALI.BK,19.600000381469727,19.700000762939453,19.299999237060547,19.5,12.864282608032227,6142700.0
2019-09-03,SPALI.BK,19.399999618530273,19.700000762939453,19.299999237060547,19.399999618530273,12.798315048217773,3254400.0
2019-09-04,SPALI.BK,19.5,19.5,19.200000762939453,19.399999618530273,12.798315048217773,3836000.0
2019-09-05,SPALI.BK,19.600000381469727,19.799999237060547,19.399999618530273,19.5,12.864282608032227,3787200.0
2019-09-06,SPALI.BK,19.5,19.700000762939453,19.399999618530273,19.399999618530273,12.798315048217773,4763000.0
2019-09-09,SPALI.BK,19.399999618530273,19.5,18.600000381469727,18.899999618530273,12.468459129333496,12176400.0
2019-09-10,SPALI.BK,18.799999237060547,19.0,18.600000381469727,18.700000762939453,12.336519241333008,7788800.0
2019-09-11,SPALI.BK,18.799999237060547,18.899999618530273,18.399999618530273,18.5,12.204577445983887,9697000.0
2019-09-12,SPALI.BK,18.600000381469727,18.799999237060547,18.299999237060547,18.299999237060547,12.072637557983398,8015400.0
2019-09-13,SPALI.BK,18.299999237060547,18.700000762939453,18.299999237060547,18.600000381469727,12.270548820495605,6051400.0
2019-09-16,SPALI.BK,18.799999237060547,18.899999618530273,18.600000381469727,18.600000381469727,12.270548820495605,5967000.0
2019-09-17,SPALI.BK,18.799999237060547,18.899999618530273,18.200000762939453,18.299999237060547,12.072637557983398,11498000.0
2019-09-18,SPALI.BK,18.299999237060547,18.399999618530273,18.0,18.100000381469727,11.940695762634277,7298300.0
2019-09-19,SPALI.BK,18.200000762939453,18.200000762939453,17.799999237060547,17.899999618530273,11.808753967285156,4933300.0
2019-09-20,SPALI.BK,17.899999618530273,18.299999237060547,17.799999237060547,17.899999618530273,11.808753967285156,5466200.0
2019-09-23,SPALI.BK,17.899999618530273,17.899999618530273,17.600000381469727,17.700000762939453,11.676813125610352,5375700.0
2019-09-24,SPALI.BK,17.700000762939453,18.200000762939453,17.700000762939453,17.899999618530273,11.808753967285156,7821600.0
2019-09-25,SPALI.BK,17.899999618530273,18.700000762939453,17.899999618530273,18.600000381469727,12.270548820495605,10935900.0
2019-09-26,SPALI.BK,18.700000762939453,18.700000762939453,18.399999618530273,18.5,12.204577445983887,4537800.0
2019-09-27,SPALI.BK,18.5,18.700000762939453,18.399999618530273,18.5,12.204577445983887,3120200.0
2019-09-30,SPALI.BK,18.5,18.5,17.799999237060547,18.0,11.874722480773926,8378400.0
2019-10-01,SPALI.BK,18.0,18.100000381469727,17.899999618530273,18.0,11.874722480773926,1853300.0
2019-10-02,SPALI.BK,17.899999618530273,18.100000381469727,17.899999618530273,18.0,11.874722480773926,2084500.0
2019-10-03,SPALI.BK,18.0,18.100000381469727,17.799999237060547,17.899999618530273,11.808753967285156,3630200.0
2019-10-04,SPALI.BK,18.0,18.100000381469727,17.799999237060547,17.799999237060547,11.742781639099121,3642800.0
2019-10-07,SPALI.BK,17.899999618530273,18.100000381469727,17.899999618530273,18.0,11.874722480773926,2113100.0
2019-10-08,SPALI.BK,18.100000381469727,18.399999618530273,18.0,18.299999237060547,12.072637557983398,3752300.0
2019-10-09,SPALI.BK,18.200000762939453,18.299999237060547,18.0,18.200000762939453,12.006665229797363,2120100.0
2019-10-10,SPALI.BK,18.200000762939453,18.200000762939453,17.899999618530273,18.0,11.874722480773926,4630600.0
2019-10-11,SPALI.BK,18.0,18.200000762939453,18.0,18.100000381469727,11.940695762634277,1026000.0
2019-10-15,SPALI.BK,18.0,18.100000381469727,17.399999618530273,17.399999618530273,11.478899955749512,9806500.0
2019-10-16,SPALI.BK,17.600000381469727,18.0,17.600000381469727,17.799999237060547,11.742781639099121,4929200.0
2019-10-17,SPALI.BK,17.899999618530273,18.0,17.600000381469727,17.600000381469727,11.610841751098633,4643500.0
2019-10-18,SPALI.BK,17.600000381469727,17.700000762939453,16.899999618530273,17.100000381469727,11.280988693237305,11281000.0
2019-10-21,SPALI.BK,17.200000762939453,17.700000762939453,17.100000381469727,17.299999237060547,11.412927627563477,4716600.0
2019-10-22,SPALI.BK,17.5,17.899999618530273,17.5,17.600000381469727,11.610841751098633,5451200.0
2019-10-24,SPALI.BK,17.799999237060547,18.100000381469727,17.600000381469727,17.700000762939453,11.676813125610352,6820600.0
2019-10-25,SPALI.BK,17.600000381469727,17.700000762939453,16.899999618530273,17.0,11.215017318725586,6898500.0
2019-10-28,SPALI.BK,17.100000381469727,17.100000381469727,16.799999237060547,16.899999618530273,11.1490478515625,2978400.0
2019-10-29,SPALI.BK,17.0,17.299999237060547,16.200000762939453,16.299999237060547,10.753222465515137,11232600.0
2019-10-30,SPALI.BK,16.299999237060547,16.399999618530273,15.800000190734863,16.100000381469727,10.621281623840332,12950600.0
2019-10-31,SPALI.BK,16.299999237060547,16.399999618530273,16.0,16.200000762939453,10.687252044677734,6237100.0
2019-11-01,SPALI.BK,16.299999237060547,16.299999237060547,15.800000190734863,15.899999618530273,10.489340782165527,5481800.0
2019-11-04,SPALI.BK,16.200000762939453,16.399999618530273,16.0,16.299999237060547,10.753222465515137,8039700.0
2019-11-05,SPALI.BK,16.399999618530273,17.100000381469727,16.299999237060547,16.899999618530273,11.1490478515625,12300200.0
2019-11-06,SPALI.BK,16.899999618530273,17.299999237060547,16.799999237060547,17.200000762939453,11.346960067749023,5786400.0
2019-11-07,SPALI.BK,17.200000762939453,17.799999237060547,17.200000762939453,17.600000381469727,11.610841751098633,7486700.0
2019-11-08,SPALI.BK,17.600000381469727,17.799999237060547,17.399999618530273,17.600000381469727,11.610841751098633,7921400.0
2019-11-11,SPALI.BK,17.600000381469727,17.600000381469727,17.299999237060547,17.399999618530273,11.478899955749512,2917100.0
2019-11-12,SPALI.BK,17.299999237060547,17.5,17.299999237060547,17.5,11.54487133026123,2383200.0
2019-11-13,SPALI.BK,17.600000381469727,17.600000381469727,17.100000381469727,17.100000381469727,11.280988693237305,5251500.0
2019-11-14,SPALI.BK,17.399999618530273,17.600000381469727,17.200000762939453,17.399999618530273,11.478899955749512,3985200.0
2019-11-15,SPALI.BK,17.600000381469727,17.700000762939453,17.399999618530273,17.5,11.54487133026123,4988600.0
2019-11-18,SPALI.BK,17.5,17.600000381469727,17.299999237060547,17.5,11.54487133026123,2353000.0
2019-11-19,SPALI.BK,17.399999618530273,17.399999618530273,17.200000762939453,17.299999237060547,11.412927627563477,1997500.0
2019-11-20,SPALI.BK,17.299999237060547,17.399999618530273,16.799999237060547,16.799999237060547,11.083075523376465,5823400.0
2019-11-21,SPALI.BK,16.799999237060547,16.899999618530273,16.299999237060547,16.5,10.885164260864258,7232900.0
2019-11-22,SPALI.BK,16.5,16.799999237060547,16.399999618530273,16.700000762939453,11.017105102539062,3199500.0
2019-11-25,SPALI.BK,16.899999618530273,17.299999237060547,16.899999618530273,17.100000381469727,11.280988693237305,3969500.0
2019-11-26,SPALI.BK,17.399999618530273,17.799999237060547,17.299999237060547,17.799999237060547,11.742781639099121,21047500.0
2019-11-27,SPALI.BK,17.799999237060547,17.899999618530273,17.200000762939453,17.600000381469727,11.610841751098633,12309600.0
2019-11-28,SPALI.BK,17.600000381469727,17.700000762939453,17.200000762939453,17.399999618530273,11.478899955749512,4533000.0
2019-11-29,SPALI.BK,17.399999618530273,17.5,17.200000762939453,17.399999618530273,11.478899955749512,3023300.0
2019-12-02,SPALI.BK,17.399999618530273,17.399999618530273,17.0,17.200000762939453,11.346960067749023,4462600.0
2019-12-03,SPALI.BK,17.200000762939453,17.399999618530273,17.100000381469727,17.200000762939453,11.346960067749023,1803300.0
2019-12-04,SPALI.BK,17.200000762939453,17.399999618530273,17.100000381469727,17.100000381469727,11.280988693237305,3109200.0
2019-12-06,SPALI.BK,17.100000381469727,17.299999237060547,16.899999618530273,17.100000381469727,11.280988693237305,7143000.0
2019-12-09,SPALI.BK,17.100000381469727,17.100000381469727,16.799999237060547,16.799999237060547,11.083075523376465,3482900.0
2019-12-11,SPALI.BK,16.899999618530273,17.200000762939453,16.799999237060547,17.0,11.215017318725586,5815200.0
2019-12-12,SPALI.BK,17.100000381469727,17.600000381469727,17.100000381469727,17.5,11.54487133026123,8355800.0
2019-12-13,SPALI.BK,17.600000381469727,17.600000381469727,17.100000381469727,17.399999618530273,11.478899955749512,10245700.0
2019-12-16,SPALI.BK,17.399999618530273,17.5,17.299999237060547,17.299999237060547,11.412927627563477,8223300.0
2019-12-17,SPALI.BK,17.299999237060547,17.399999618530273,17.100000381469727,17.299999237060547,11.412927627563477,11325400.0
2019-12-18,SPALI.BK,17.299999237060547,17.5,17.100000381469727,17.299999237060547,11.412927627563477,17425200.0
2019-12-19,SPALI.BK,17.399999618530273,17.600000381469727,17.200000762939453,17.399999618530273,11.478899955749512,7393400.0
2019-12-20,SPALI.BK,17.399999618530273,17.5,17.299999237060547,17.5,11.54487133026123,8766700.0
2019-12-23,SPALI.BK,17.5,17.700000762939453,17.200000762939453,17.299999237060547,11.412927627563477,6419500.0
2019-12-24,SPALI.BK,17.299999237060547,17.600000381469727,17.299999237060547,17.399999618530273,11.478899955749512,985600.0
2019-12-25,SPALI.BK,17.399999618530273,17.5,17.299999237060547,17.299999237060547,11.412927627563477,4328300.0
2019-12-26,SPALI.BK,17.399999618530273,18.299999237060547,17.399999618530273,17.700000762939453,11.676813125610352,18720800.0
2019-12-27,SPALI.BK,17.700000762939453,18.200000762939453,17.600000381469727,18.0,11.874722480773926,11554800.0
2019-12-30,SPALI.BK,18.0,18.200000762939453,17.799999237060547,17.899999618530273,11.808753967285156,6277000.0
2020-01-02,SPALI.BK,17.899999618530273,19.200000762939453,17.899999618530273,18.799999237060547,12.402491569519043,32559600.0
2020-01-03,SPALI.BK,18.700000762939453,19.5,18.700000762939453,18.799999237060547,12.402491569519043,11711800.0
2020-01-06,SPALI.BK,18.299999237060547,18.700000762939453,18.100000381469727,18.200000762939453,12.006665229797363,9008600.0
2020-01-07,SPALI.BK,18.600000381469727,19.100000381469727,18.5,18.799999237060547,12.402491569519043,12487100.0
2020-01-08,SPALI.BK,18.5,18.700000762939453,18.299999237060547,18.600000381469727,12.270548820495605,8690700.0
2020-01-09,SPALI.BK,19.0,19.100000381469727,18.600000381469727,18.700000762939453,12.336519241333008,5198800.0
2020-01-10,SPALI.BK,18.700000762939453,18.799999237060547,18.299999237060547,18.5,12.204577445983887,8845100.0
2020-01-13,SPALI.BK,18.5,19.0,18.5,19.0,12.534432411193848,9401300.0
2020-01-14,SPALI.BK,19.0,19.100000381469727,18.0,18.200000762939453,12.006665229797363,13478700.0
2020-01-15,SPALI.BK,18.200000762939453,18.200000762939453,17.799999237060547,18.0,11.874722480773926,8012500.0
2020-01-16,SPALI.BK,18.100000381469727,18.200000762939453,17.899999618530273,18.100000381469727,11.940695762634277,5316700.0
2020-01-17,SPALI.BK,18.200000762939453,18.399999618530273,17.899999618530273,18.0,11.874722480773926,6432400.0
2020-01-20,SPALI.BK,18.5,18.600000381469727,17.899999618530273,18.0,11.874722480773926,9998800.0
2020-01-21,SPALI.BK,17.899999618530273,17.899999618530273,16.799999237060547,17.0,11.215017318725586,17771700.0
2020-01-22,SPALI.BK,17.100000381469727,17.200000762939453,16.600000381469727,16.799999237060547,11.083075523376465,14458200.0
2020-01-23,SPALI.BK,16.700000762939453,16.899999618530273,16.5,16.700000762939453,11.017105102539062,14544500.0
2020-01-24,SPALI.BK,16.700000762939453,16.700000762939453,16.5,16.600000381469727,10.95113468170166,3363900.0
2020-01-27,SPALI.BK,16.200000762939453,16.299999237060547,15.699999809265137,15.899999618530273,10.489340782165527,8096900.0
2020-01-28,SPALI.BK,16.0,16.299999237060547,16.0,16.100000381469727,10.621281623840332,4198300.0
2020-01-29,SPALI.BK,16.200000762939453,16.399999618530273,15.899999618530273,16.100000381469727,10.621281623840332,4117200.0
2020-01-30,SPALI.BK,16.5,16.799999237060547,16.200000762939453,16.399999618530273,10.819192886352539,10632300.0
2020-01-31,SPALI.BK,16.700000762939453,16.700000762939453,16.100000381469727,16.200000762939453,10.687252044677734,7680200.0
2020-02-03,SPALI.BK,16.200000762939453,16.399999618530273,16.100000381469727,16.299999237060547,10.753222465515137,4747600.0
2020-02-04,SPALI.BK,16.299999237060547,16.799999237060547,16.299999237060547,16.799999237060547,11.083075523376465,7428800.0
2020-02-05,SPALI.BK,16.799999237060547,17.100000381469727,16.5,17.0,11.215017318725586,6569200.0
2020-02-06,SPALI.BK,17.0,17.200000762939453,16.5,16.799999237060547,11.083075523376465,5689300.0
2020-02-07,SPALI.BK,16.799999237060547,17.0,16.799999237060547,16.799999237060547,11.083075523376465,2551800.0
2020-02-11,SPALI.BK,16.899999618530273,16.899999618530273,16.600000381469727,16.600000381469727,10.95113468170166,2573000.0
2020-02-12,SPALI.BK,16.700000762939453,17.0,16.700000762939453,16.799999237060547,11.083075523376465,2134900.0
2020-02-13,SPALI.BK,16.799999237060547,17.100000381469727,16.799999237060547,17.0,11.215017318725586,3965800.0
2020-02-14,SPALI.BK,17.0,17.399999618530273,16.899999618530273,17.100000381469727,11.280988693237305,10785100.0
2020-02-17,SPALI.BK,17.200000762939453,17.299999237060547,16.899999618530273,16.899999618530273,11.1490478515625,5987200.0
2020-02-18,SPALI.BK,17.0,17.0,16.799999237060547,16.899999618530273,11.1490478515625,3173500.0
2020-02-19,SPALI.BK,17.0,17.200000762939453,17.0,17.100000381469727,11.280988693237305,7620700.0
2020-02-20,SPALI.BK,17.100000381469727,17.200000762939453,17.0,17.0,11.215017318725586,2337500.0
2020-02-21,SPALI.BK,17.0,17.200000762939453,16.899999618530273,17.100000381469727,11.280988693237305,2808000.0
2020-02-24,SPALI.BK,16.799999237060547,17.0,16.0,16.399999618530273,10.819192886352539,8647500.0
2020-02-25,SPALI.BK,16.299999237060547,16.600000381469727,16.200000762939453,16.399999618530273,10.819192886352539,5777100.0
2020-02-26,SPALI.BK,16.399999618530273,16.600000381469727,16.100000381469727,16.200000762939453,10.687252044677734,10437500.0
2020-02-27,SPALI.BK,16.200000762939453,16.700000762939453,16.200000762939453,16.700000762939453,11.017105102539062,2762500.0
2020-02-28,SPALI.BK,16.5,16.5,16.100000381469727,16.200000762939453,10.687252044677734,10425200.0
2020-03-02,SPALI.BK,16.299999237060547,16.399999618530273,16.100000381469727,16.200000762939453,10.687252044677734,6789100.0
2020-03-03,SPALI.BK,16.299999237060547,16.5,16.200000762939453,16.299999237060547,10.753222465515137,6705200.0
2020-03-04,SPALI.BK,16.299999237060547,16.799999237060547,16.200000762939453,16.600000381469727,10.95113468170166,7784700.0
2020-03-05,SPALI.BK,16.700000762939453,17.399999618530273,16.600000381469727,16.899999618530273,11.1490478515625,13347200.0
2020-03-06,SPALI.BK,16.799999237060547,16.899999618530273,16.5,16.600000381469727,10.95113468170166,7231300.0
2020-03-09,SPALI.BK,16.399999618530273,16.399999618530273,16.200000762939453,16.200000762939453,10.687252044677734,7486600.0
2020-03-10,SPALI.BK,16.299999237060547,16.799999237060547,16.299999237060547,16.600000381469727,10.95113468170166,5527600.0
2020-03-11,SPALI.BK,16.600000381469727,16.899999618530273,16.5,16.600000381469727,10.95113468170166,5362100.0
2020-03-12,SPALI.BK,16.299999237060547,16.299999237060547,15.0,15.0,9.89560604095459,23050700.0
2020-03-13,SPALI.BK,14.0,14.5,13.100000381469727,14.300000190734863,9.433809280395508,21481200.0
2020-03-16,SPALI.BK,13.800000190734863,14.0,13.300000190734863,13.399999618530273,8.840072631835938,6070000.0
2020-03-17,SPALI.BK,13.399999618530273,13.5,13.100000381469727,13.399999618530273,8.840072631835938,5640000.0
2020-03-18,SPALI.BK,13.399999618530273,13.800000190734863,13.300000190734863,13.699999809265137,9.037985801696777,6704800.0
2020-03-19,SPALI.BK,13.5,13.800000190734863,13.199999809265137,13.399999618530273,8.840072631835938,6487300.0
2020-03-20,SPALI.BK,14.399999618530273,14.699999809265137,13.699999809265137,14.300000190734863,9.433809280395508,7256300.0
2020-03-23,SPALI.BK,13.600000381469727,13.800000190734863,13.199999809265137,13.5,8.906044006347656,8579200.0
2020-03-24,SPALI.BK,13.899999618530273,14.0,13.399999618530273,13.699999809265137,9.037985801696777,7094500.0
2020-03-25,SPALI.BK,13.899999618530273,14.100000381469727,13.800000190734863,13.800000190734863,9.103955268859863,12727400.0
2020-03-26,SPALI.BK,14.0,14.300000190734863,13.899999618530273,14.199999809265137,9.367838859558105,2418000.0
2020-03-27,SPALI.BK,14.300000190734863,14.5,14.199999809265137,14.199999809265137,9.367838859558105,13920200.0
2020-03-30,SPALI.BK,14.399999618530273,14.399999618530273,14.399999618530273,14.399999618530273,9.499778747558594,286000.0
2020-03-31,SPALI.BK,14.399999618530273,14.899999618530273,14.399999618530273,14.899999618530273,9.829633712768555,6216600.0
2020-04-01,SPALI.BK,15.0,15.399999618530273,15.0,15.100000381469727,9.961575508117676,8451000.0
2020-04-02,SPALI.BK,15.300000190734863,15.5,15.100000381469727,15.199999809265137,10.027544021606445,2274500.0
2020-04-03,SPALI.BK,15.300000190734863,15.399999618530273,15.199999809265137,15.300000190734863,10.09351634979248,5210900.0
2020-04-07,SPALI.BK,15.5,15.899999618530273,15.399999618530273,15.699999809265137,10.357398986816406,8798600.0
2020-04-08,SPALI.BK,15.699999809265137,16.399999618530273,15.699999809265137,16.0,10.55531120300293,6975100.0
2020-04-09,SPALI.BK,16.100000381469727,16.5,16.100000381469727,16.200000762939453,10.687252044677734,7276800.0
2020-04-10,SPALI.BK,16.200000762939453,16.399999618530273,16.200000762939453,16.200000762939453,10.687252044677734,3387600.0
2020-04-13,SPALI.BK,16.299999237060547,16.399999618530273,16.0,16.100000381469727,10.621281623840332,4641500.0
2020-04-14,SPALI.BK,16.200000762939453,16.700000762939453,16.200000762939453,16.5,10.885164260864258,4673900.0
2020-04-15,SPALI.BK,16.5,16.700000762939453,16.399999618530273,16.399999618530273,10.819192886352539,5197700.0
2020-04-16,SPALI.BK,16.299999237060547,16.399999618530273,16.100000381469727,16.200000762939453,10.687252044677734,4820900.0
2020-04-17,SPALI.BK,16.399999618530273,16.600000381469727,16.299999237060547,16.600000381469727,10.95113468170166,1837600.0
2020-04-20,SPALI.BK,16.600000381469727,16.899999618530273,16.600000381469727,16.600000381469727,10.95113468170166,1791700.0
2020-04-21,SPALI.BK,16.5,16.600000381469727,16.200000762939453,16.299999237060547,10.753222465515137,4549000.0
2020-04-22,SPALI.BK,16.299999237060547,16.399999618530273,15.899999618530273,16.0,10.55531120300293,8063700.0
2020-04-23,SPALI.BK,15.399999618530273,15.600000381469727,15.300000190734863,15.300000190734863,10.486770629882812,5828400.0
2020-04-24,SPALI.BK,15.300000190734863,15.5,15.0,15.0,10.281147003173828,5466700.0
2020-04-27,SPALI.BK,15.100000381469727,15.5,15.0,15.300000190734863,10.486770629882812,2507300.0
2020-04-28,SPALI.BK,15.300000190734863,15.5,15.100000381469727,15.5,10.62385082244873,1859900.0
2020-04-29,SPALI.BK,15.5,15.600000381469727,15.100000381469727,15.300000190734863,10.486770629882812,2770500.0
2020-04-30,SPALI.BK,15.300000190734863,15.399999618530273,14.600000381469727,14.899999618530273,10.212605476379395,8398800.0
2020-05-05,SPALI.BK,14.800000190734863,14.800000190734863,13.699999809265137,13.899999618530273,9.527195930480957,15527600.0
2020-05-07,SPALI.BK,13.899999618530273,13.899999618530273,13.5,13.699999809265137,9.390113830566406,6558400.0
2020-05-08,SPALI.BK,13.899999618530273,14.300000190734863,13.800000190734863,14.199999809265137,9.732820510864258,5000800.0
2020-05-11,SPALI.BK,14.199999809265137,14.399999618530273,13.899999618530273,13.899999618530273,9.527195930480957,4985500.0
2020-05-12,SPALI.BK,14.0,14.300000190734863,13.699999809265137,13.800000190734863,9.458654403686523,7932200.0
2020-05-13,SPALI.BK,13.600000381469727,14.0,13.600000381469727,13.899999618530273,9.527195930480957,2588000.0
2020-05-14,SPALI.BK,13.899999618530273,13.899999618530273,13.699999809265137,13.699999809265137,9.390113830566406,2222900.0
2020-05-15,SPALI.BK,13.800000190734863,13.800000190734863,13.399999618530273,13.5,9.253030776977539,4080500.0
2020-05-18,SPALI.BK,13.5,13.899999618530273,13.5,13.600000381469727,9.321574211120605,1984300.0
2020-05-19,SPALI.BK,13.800000190734863,14.300000190734863,13.800000190734863,14.199999809265137,9.732820510864258,6650800.0
2020-05-20,SPALI.BK,14.300000190734863,14.5,14.0,14.199999809265137,9.732820510864258,9662800.0
2020-05-21,SPALI.BK,14.300000190734863,14.5,14.0,14.100000381469727,9.664278984069824,3590900.0
2020-05-22,SPALI.BK,14.199999809265137,14.199999809265137,13.699999809265137,14.0,9.59573745727539,4786500.0
2020-05-25,SPALI.BK,13.899999618530273,15.0,13.899999618530273,14.899999618530273,10.212605476379395,9903800.0
2020-05-26,SPALI.BK,15.300000190734863,15.699999809265137,15.100000381469727,15.5,10.62385082244873,10710300.0
2020-05-27,SPALI.BK,15.399999618530273,15.399999618530273,15.0,15.100000381469727,10.349690437316895,6324500.0
2020-05-28,SPALI.BK,15.300000190734863,15.600000381469727,14.800000190734863,15.0,10.281147003173828,9311500.0
2020-05-29,SPALI.BK,14.899999618530273,15.100000381469727,14.600000381469727,14.800000190734863,10.144065856933594,10386500.0
2020-06-01,SPALI.BK,14.899999618530273,15.199999809265137,14.800000190734863,15.0,10.281147003173828,7330000.0
2020-06-02,SPALI.BK,15.100000381469727,15.5,14.899999618530273,15.300000190734863,10.486770629882812,14185100.0
2020-06-04,SPALI.BK,15.600000381469727,16.200000762939453,15.600000381469727,16.100000381469727,11.035099029541016,12337300.0
2020-06-05,SPALI.BK,16.200000762939453,16.5,15.800000190734863,16.299999237060547,11.17218017578125,8787300.0
2020-06-08,SPALI.BK,16.399999618530273,16.700000762939453,16.0,16.100000381469727,11.035099029541016,8455900.0
2020-06-09,SPALI.BK,16.200000762939453,16.399999618530273,15.600000381469727,15.600000381469727,10.692392349243164,7270400.0
2020-06-10,SPALI.BK,15.800000190734863,16.299999237060547,15.699999809265137,16.200000762939453,11.103639602661133,6752100.0
2020-06-11,SPALI.BK,16.0,16.299999237060547,15.699999809265137,15.899999618530273,10.898015975952148,4323700.0
2020-06-12,SPALI.BK,15.600000381469727,15.899999618530273,15.399999618530273,15.800000190734863,10.829474449157715,6055100.0
2020-06-15,SPALI.BK,15.699999809265137,15.800000190734863,15.399999618530273,15.399999618530273,10.55531120300293,5404000.0
2020-06-16,SPALI.BK,15.600000381469727,15.800000190734863,15.5,15.699999809265137,10.760933876037598,2010700.0
2020-06-17,SPALI.BK,15.699999809265137,16.0,15.600000381469727,16.0,10.966557502746582,3586800.0
2020-06-18,SPALI.BK,15.899999618530273,16.200000762939453,15.800000190734863,15.899999618530273,10.898015975952148,5331300.0
2020-06-19,SPALI.BK,16.0,16.700000762939453,16.0,16.299999237060547,11.17218017578125,7664100.0
2020-06-22,SPALI.BK,16.200000762939453,16.299999237060547,15.800000190734863,16.0,10.966557502746582,3209400.0
2020-06-23,SPALI.BK,16.0,16.200000762939453,16.0,16.200000762939453,11.103639602661133,1865700.0
2020-06-24,SPALI.BK,16.299999237060547,17.0,16.299999237060547,16.700000762939453,11.446343421936035,9400000.0
2020-06-25,SPALI.BK,16.399999618530273,16.5,16.100000381469727,16.200000762939453,11.103639602661133,2612600.0
2020-06-26,SPALI.BK,16.299999237060547,16.5,16.200000762939453,16.299999237060547,11.17218017578125,1950100.0
2020-06-29,SPALI.BK,16.200000762939453,16.5,15.899999618530273,16.5,11.3092622756958,4670000.0
2020-06-30,SPALI.BK,16.600000381469727,16.899999618530273,16.5,16.799999237060547,11.514883995056152,6509200.0
2020-07-01,SPALI.BK,17.0,17.0,16.600000381469727,16.799999237060547,11.514883995056152,3425900.0
2020-07-02,SPALI.BK,17.0,17.600000381469727,16.700000762939453,17.299999237060547,11.857589721679688,9163300.0
2020-07-03,SPALI.BK,17.299999237060547,17.399999618530273,17.100000381469727,17.299999237060547,11.857589721679688,1974700.0
2020-07-07,SPALI.BK,17.399999618530273,17.5,17.0,17.0,11.65196704864502,1475600.0
2020-07-08,SPALI.BK,17.0,17.100000381469727,16.700000762939453,16.799999237060547,11.514883995056152,2693800.0
2020-07-09,SPALI.BK,16.899999618530273,17.0,16.700000762939453,16.700000762939453,11.446343421936035,3011700.0
2020-07-10,SPALI.BK,16.700000762939453,16.700000762939453,16.200000762939453,16.299999237060547,11.17218017578125,5618200.0
2020-07-13,SPALI.BK,16.5,16.600000381469727,16.100000381469727,16.399999618530273,11.240721702575684,2812300.0
2020-07-14,SPALI.BK,16.200000762939453,16.700000762939453,16.0,16.600000381469727,11.377802848815918,4758100.0
2020-07-15,SPALI.BK,16.600000381469727,17.100000381469727,16.600000381469727,17.100000381469727,11.720508575439453,3454600.0
2020-07-16,SPALI.BK,17.100000381469727,17.100000381469727,16.700000762939453,16.799999237060547,11.514883995056152,3222200.0
2020-07-17,SPALI.BK,16.700000762939453,17.399999618530273,16.700000762939453,17.200000762939453,11.789050102233887,2441500.0
2020-07-20,SPALI.BK,17.0,17.200000762939453,16.799999237060547,16.899999618530273,11.58342456817627,3642500.0
2020-07-21,SPALI.BK,17.100000381469727,17.200000762939453,16.899999618530273,17.200000762939453,11.789050102233887,1472900.0
2020-07-22,SPALI.BK,17.200000762939453,17.200000762939453,16.899999618530273,17.0,11.65196704864502,1151800.0
2020-07-23,SPALI.BK,16.899999618530273,17.100000381469727,16.799999237060547,16.899999618530273,11.58342456817627,1174000.0
2020-07-24,SPALI.BK,16.700000762939453,17.0,16.600000381469727,16.600000381469727,11.377802848815918,1582700.0
2020-07-29,SPALI.BK,16.600000381469727,16.899999618530273,16.299999237060547,16.299999237060547,11.17218017578125,4082300.0
2020-07-30,SPALI.BK,16.299999237060547,16.5,15.800000190734863,16.299999237060547,11.17218017578125,4500700.0
2020-07-31,SPALI.BK,16.399999618530273,16.399999618530273,15.899999618530273,16.399999618530273,11.240721702575684,3406100.0
2020-08-03,SPALI.BK,16.299999237060547,16.5,16.100000381469727,16.5,11.3092622756958,1395600.0
2020-08-04,SPALI.BK,16.700000762939453,17.0,16.5,17.0,11.65196704864502,3246900.0
2020-08-05,SPALI.BK,17.100000381469727,17.200000762939453,16.700000762939453,16.799999237060547,11.514883995056152,1692100.0
2020-08-06,SPALI.BK,16.899999618530273,17.0,16.5,16.600000381469727,11.377802848815918,1713500.0
2020-08-07,SPALI.BK,16.600000381469727,17.0,16.5,16.799999237060547,11.514883995056152,1873500.0
2020-08-10,SPALI.BK,16.899999618530273,17.5,16.899999618530273,17.200000762939453,11.789050102233887,5231500.0
2020-08-11,SPALI.BK,17.299999237060547,18.0,17.299999237060547,17.5,11.994669914245605,5750800.0
2020-08-13,SPALI.BK,17.899999618530273,18.200000762939453,16.799999237060547,16.899999618530273,11.58342456817627,6180000.0
2020-08-14,SPALI.BK,17.0,17.600000381469727,16.899999618530273,17.200000762939453,11.789050102233887,5509200.0
2020-08-17,SPALI.BK,17.399999618530273,17.5,17.100000381469727,17.200000762939453,11.789050102233887,1837100.0
2020-08-18,SPALI.BK,17.100000381469727,17.700000762939453,17.100000381469727,17.700000762939453,12.131753921508789,3401200.0
2020-08-19,SPALI.BK,17.700000762939453,17.799999237060547,17.399999618530273,17.600000381469727,12.063213348388672,3106100.0
2020-08-20,SPALI.BK,17.299999237060547,17.899999618530273,17.299999237060547,17.600000381469727,12.063213348388672,5049400.0
2020-08-21,SPALI.BK,17.700000762939453,18.200000762939453,17.700000762939453,18.0,12.337376594543457,4458500.0
2020-08-24,SPALI.BK,18.0,18.100000381469727,17.600000381469727,17.600000381469727,12.063213348388672,5676500.0
2020-08-25,SPALI.BK,17.100000381469727,17.200000762939453,16.799999237060547,16.799999237060547,11.85157585144043,2033100.0
2020-08-26,SPALI.BK,16.700000762939453,16.899999618530273,16.600000381469727,16.600000381469727,11.71048641204834,2950800.0
2020-08-27,SPALI.BK,16.700000762939453,16.799999237060547,16.5,16.700000762939453,11.781031608581543,1624800.0
2020-08-28,SPALI.BK,16.600000381469727,17.100000381469727,16.5,17.100000381469727,12.063213348388672,2925900.0
2020-08-31,SPALI.BK,17.0,17.299999237060547,16.600000381469727,16.799999237060547,11.85157585144043,5387100.0
2020-09-01,SPALI.BK,16.700000762939453,16.899999618530273,16.700000762939453,16.799999237060547,11.85157585144043,1888800.0
2020-09-02,SPALI.BK,16.799999237060547,17.100000381469727,16.799999237060547,17.0,11.992668151855469,1978800.0
2020-09-03,SPALI.BK,17.399999618530273,17.399999618530273,16.899999618530273,16.899999618530273,11.922121047973633,3823000.0
2020-09-08,SPALI.BK,16.899999618530273,17.0,16.700000762939453,17.0,11.992668151855469,2817700.0
2020-09-09,SPALI.BK,16.899999618530273,17.100000381469727,16.700000762939453,16.799999237060547,11.85157585144043,1344500.0
2020-09-10,SPALI.BK,16.700000762939453,17.0,16.700000762939453,16.799999237060547,11.85157585144043,1393400.0
2020-09-11,SPALI.BK,16.799999237060547,17.0,16.399999618530273,16.5,11.639942169189453,3402500.0
2020-09-14,SPALI.BK,16.5,16.899999618530273,16.200000762939453,16.299999237060547,11.49885082244873,1855700.0
2020-09-15,SPALI.BK,16.299999237060547,16.399999618530273,16.0,16.0,11.287217140197754,1441100.0
2020-09-16,SPALI.BK,16.0,16.200000762939453,15.800000190734863,16.0,11.287217140197754,2282100.0
2020-09-17,SPALI.BK,16.0,16.299999237060547,15.899999618530273,16.100000381469727,11.35776138305664,3814800.0
2020-09-18,SPALI.BK,16.0,16.600000381469727,15.800000190734863,16.600000381469727,11.71048641204834,5134600.0
2020-09-21,SPALI.BK,16.600000381469727,16.700000762939453,16.100000381469727,16.200000762939453,11.428306579589844,4141300.0
2020-09-22,SPALI.BK,16.100000381469727,16.200000762939453,15.800000190734863,15.899999618530273,11.216669082641602,3335700.0
2020-09-23,SPALI.BK,15.899999618530273,15.899999618530273,15.0,15.199999809265137,10.722855567932129,5975900.0
2020-09-24,SPALI.BK,15.199999809265137,15.600000381469727,15.199999809265137,15.5,10.934490203857422,2836200.0
2020-09-25,SPALI.BK,15.399999618530273,16.0,15.399999618530273,15.899999618530273,11.216669082641602,4311700.0
2020-09-28,SPALI.BK,16.200000762939453,16.200000762939453,15.899999618530273,16.0,11.287217140197754,2318000.0
2020-09-29,SPALI.BK,16.0,16.200000762939453,15.699999809265137,15.800000190734863,11.146124839782715,849000.0
2020-09-30,SPALI.BK,15.800000190734863,15.899999618530273,15.300000190734863,15.5,10.934490203857422,1350200.0
2020-10-01,SPALI.BK,15.600000381469727,15.899999618530273,15.600000381469727,15.600000381469727,11.005036354064941,1083000.0
2020-10-02,SPALI.BK,15.699999809265137,15.800000190734863,15.399999618530273,15.399999618530273,10.863944053649902,1829300.0
2020-10-05,SPALI.BK,15.5,15.699999809265137,15.300000190734863,15.300000190734863,10.793400764465332,1776000.0
2020-10-06,SPALI.BK,15.899999618530273,16.799999237060547,15.899999618530273,16.299999237060547,11.49885082244873,8502800.0
2020-10-07,SPALI.BK,16.299999237060547,16.5,15.899999618530273,16.100000381469727,11.35776138305664,6888100.0
2020-10-08,SPALI.BK,16.399999618530273,17.200000762939453,16.299999237060547,16.899999618530273,11.922121047973633,6857900.0
2020-10-09,SPALI.BK,16.899999618530273,17.0,16.100000381469727,16.299999237060547,11.49885082244873,9187600.0
2020-10-12,SPALI.BK,16.5,16.600000381469727,16.0,16.200000762939453,11.428306579589844,3294700.0
2020-10-14,SPALI.BK,16.200000762939453,16.5,16.200000762939453,16.299999237060547,11.49885082244873,1412600.0
2020-10-15,SPALI.BK,16.299999237060547,16.399999618530273,15.899999618530273,16.0,11.287217140197754,2316300.0
2020-10-16,SPALI.BK,16.299999237060547,16.299999237060547,15.899999618530273,15.899999618530273,11.216669082641602,1388400.0
2020-10-19,SPALI.BK,15.899999618530273,16.200000762939453,15.899999618530273,16.0,11.287217140197754,1693100.0
2020-10-20,SPALI.BK,16.0,16.399999618530273,16.0,16.399999618530273,11.569397926330566,2504200.0
2020-10-21,SPALI.BK,16.399999618530273,16.600000381469727,15.800000190734863,16.0,11.287217140197754,5031900.0
2020-10-22,SPALI.BK,16.100000381469727,16.399999618530273,15.899999618530273,16.399999618530273,11.569397926330566,5830900.0
2020-10-26,SPALI.BK,16.399999618530273,16.399999618530273,15.899999618530273,16.0,11.287217140197754,1679400.0
2020-10-27,SPALI.BK,16.100000381469727,16.200000762939453,15.899999618530273,16.200000762939453,11.428306579589844,585100.0
2020-10-28,SPALI.BK,16.200000762939453,16.299999237060547,16.0,16.100000381469727,11.35776138305664,946600.0
2020-10-29,SPALI.BK,15.899999618530273,16.100000381469727,15.899999618530273,16.0,11.287217140197754,1072800.0
2020-10-30,SPALI.BK,15.899999618530273,16.0,15.699999809265137,15.699999809265137,11.075581550598145,2232300.0
2020-11-02,SPALI.BK,15.699999809265137,16.0,15.5,15.899999618530273,11.216669082641602,2574200.0
2020-11-03,SPALI.BK,15.899999618530273,16.0,15.699999809265137,16.0,11.287217140197754,1669100.0
2020-11-04,SPALI.BK,16.0,16.0,15.800000190734863,16.0,11.287217140197754,5301700.0
2020-11-05,SPALI.BK,16.0,16.399999618530273,15.899999618530273,16.200000762939453,11.428306579589844,6837000.0
2020-11-06,SPALI.BK,16.200000762939453,16.200000762939453,15.899999618530273,16.0,11.287217140197754,1760800.0
2020-11-09,SPALI.BK,16.0,16.600000381469727,16.0,16.5,11.639942169189453,4989800.0
2020-11-10,SPALI.BK,16.600000381469727,17.0,16.399999618530273,16.799999237060547,11.85157585144043,5372100.0
2020-11-11,SPALI.BK,17.299999237060547,17.399999618530273,16.899999618530273,17.299999237060547,12.204301834106445,6070000.0
2020-11-12,SPALI.BK,17.100000381469727,17.299999237060547,17.0,17.100000381469727,12.063213348388672,3110600.0
2020-11-13,SPALI.BK,17.200000762939453,17.399999618530273,17.100000381469727,17.100000381469727,12.063213348388672,2574100.0
2020-11-16,SPALI.BK,17.399999618530273,17.799999237060547,17.299999237060547,17.700000762939453,12.48648452758789,3386300.0
2020-11-17,SPALI.BK,17.700000762939453,17.799999237060547,17.399999618530273,17.5,12.345392227172852,2919500.0
2020-11-18,SPALI.BK,17.600000381469727,17.799999237060547,17.5,17.799999237060547,12.557026863098145,1751700.0
2020-11-19,SPALI.BK,17.700000762939453,18.200000762939453,17.5,17.799999237060547,12.557026863098145,5233500.0
2020-11-20,SPALI.BK,17.600000381469727,18.0,17.600000381469727,17.799999237060547,12.557026863098145,2734900.0
2020-11-23,SPALI.BK,17.700000762939453,18.399999618530273,17.700000762939453,18.0,12.698118209838867,7340900.0
2020-11-24,SPALI.BK,18.0,18.0,17.5,17.700000762939453,12.48648452758789,4331500.0
2020-11-25,SPALI.BK,17.799999237060547,18.200000762939453,17.700000762939453,17.799999237060547,12.557026863098145,3398000.0
2020-11-26,SPALI.BK,17.899999618530273,18.200000762939453,17.799999237060547,18.100000381469727,12.768662452697754,2377800.0
2020-11-27,SPALI.BK,18.200000762939453,18.899999618530273,18.100000381469727,18.700000762939453,13.191934585571289,4480100.0
2020-11-30,SPALI.BK,18.299999237060547,18.700000762939453,17.899999618530273,17.899999618530273,12.627573013305664,4778900.0
2020-12-01,SPALI.BK,18.0,18.299999237060547,17.799999237060547,18.200000762939453,12.839207649230957,2809600.0
2020-12-02,SPALI.BK,18.299999237060547,18.5,17.899999618530273,18.200000762939453,12.839207649230957,2518900.0
2020-12-03,SPALI.BK,18.200000762939453,18.600000381469727,18.0,18.5,13.050843238830566,3809100.0
2020-12-04,SPALI.BK,18.600000381469727,18.899999618530273,18.600000381469727,18.799999237060547,13.262479782104492,3593100.0
2020-12-08,SPALI.BK,18.600000381469727,19.299999237060547,18.600000381469727,19.0,13.403571128845215,7981000.0
2020-12-09,SPALI.BK,19.100000381469727,19.399999618530273,18.899999618530273,19.399999618530273,13.685751914978027,5111900.0
2020-12-14,SPALI.BK,19.399999618530273,19.600000381469727,19.0,19.100000381469727,13.474114418029785,7835700.0
2020-12-15,SPALI.BK,19.100000381469727,19.899999618530273,19.100000381469727,19.799999237060547,13.967931747436523,6903300.0
2020-12-16,SPALI.BK,20.0,22.100000381469727,19.899999618530273,20.899999618530273,14.743927001953125,17713800.0
2020-12-17,SPALI.BK,20.799999237060547,21.399999618530273,20.799999237060547,21.399999618530273,15.096651077270508,9026800.0
2020-12-18,SPALI.BK,21.399999618530273,21.5,20.5,21.0,14.814471244812012,8904400.0
2020-12-21,SPALI.BK,19.899999618530273,20.200000762939453,19.399999618530273,19.399999618530273,13.685751914978027,8117500.0
2020-12-22,SPALI.BK,19.399999618530273,19.899999618530273,18.799999237060547,19.5,13.756296157836914,11706400.0
2020-12-23,SPALI.BK,19.600000381469727,20.299999237060547,19.5,19.5,13.756296157836914,5146300.0
2020-12-24,SPALI.BK,19.600000381469727,20.100000381469727,19.299999237060547,20.100000381469727,14.179567337036133,5056900.0
2020-12-25,SPALI.BK,20.100000381469727,20.299999237060547,19.899999618530273,20.200000762939453,14.25011157989502,5532700.0
2020-12-28,SPALI.BK,20.200000762939453,20.200000762939453,19.200000762939453,19.600000381469727,13.826841354370117,6490100.0
2020-12-29,SPALI.BK,19.700000762939453,20.799999237060547,19.600000381469727,20.5,14.461746215820312,8361800.0
2020-12-30,SPALI.BK,20.700000762939453,21.200000762939453,20.200000762939453,20.5,14.461746215820312,8640400.0
2021-01-04,SPALI.BK,19.799999237060547,20.899999618530273,19.700000762939453,20.899999618530273,14.743927001953125,5655200.0
2021-01-05,SPALI.BK,20.899999618530273,20.899999618530273,20.399999618530273,20.5,14.461746215820312,3214100.0
2021-01-06,SPALI.BK,20.5,20.700000762939453,20.0,20.200000762939453,14.25011157989502,3777000.0
2021-01-07,SPALI.BK,20.5,22.299999237060547,20.399999618530273,21.899999618530273,15.449377059936523,20896500.0
2021-01-08,SPALI.BK,22.0,22.0,21.299999237060547,21.5,15.167197227478027,5783300.0
2021-01-11,SPALI.BK,21.5,21.600000381469727,21.200000762939453,21.399999618530273,15.096651077270508,4035100.0
2021-01-12,SPALI.BK,21.399999618530273,21.5,20.299999237060547,20.5,14.461746215820312,13633600.0
2021-01-13,SPALI.BK,20.700000762939453,20.899999618530273,20.299999237060547,20.399999618530273,14.391199111938477,9521100.0
2021-01-14,SPALI.BK,20.5,20.600000381469727,20.100000381469727,20.399999618530273,14.391199111938477,11942400.0
2021-01-15,SPALI.BK,20.5,20.600000381469727,20.0,20.200000762939453,14.25011157989502,8421600.0
2021-01-18,SPALI.BK,20.200000762939453,20.299999237060547,19.799999237060547,20.100000381469727,14.179567337036133,5954200.0
2021-01-19,SPALI.BK,20.100000381469727,20.399999618530273,19.899999618530273,20.100000381469727,14.179567337036133,6671500.0
2021-01-20,SPALI.BK,20.0,20.100000381469727,19.299999237060547,19.700000762939453,13.897384643554688,19075200.0
2021-01-21,SPALI.BK,19.799999237060547,19.899999618530273,19.5,19.700000762939453,13.897384643554688,17971200.0
2021-01-22,SPALI.BK,19.700000762939453,20.100000381469727,19.5,19.899999618530273,14.038474082946777,6995800.0
2021-01-25,SPALI.BK,19.899999618530273,20.0,19.600000381469727,19.799999237060547,13.967931747436523,8935100.0
2021-01-26,SPALI.BK,19.899999618530273,20.299999237060547,19.600000381469727,19.899999618530273,14.038474082946777,13597000.0
2021-01-27,SPALI.BK,20.299999237060547,20.700000762939453,20.0,20.200000762939453,14.25011157989502,18755300.0
2021-01-28,SPALI.BK,19.899999618530273,20.200000762939453,19.799999237060547,20.0,14.10901927947998,7286500.0
2021-01-29,SPALI.BK,20.399999618530273,20.399999618530273,19.899999618530273,20.0,14.10901927947998,11681600.0
2021-02-01,SPALI.BK,20.100000381469727,20.600000381469727,20.0,20.200000762939453,14.25011157989502,23532500.0
2021-02-02,SPALI.BK,20.399999618530273,20.799999237060547,20.200000762939453,20.399999618530273,14.391199111938477,16618800.0
2021-02-03,SPALI.BK,20.5,20.700000762939453,20.0,20.200000762939453,14.25011157989502,12835000.0
2021-02-04,SPALI.BK,20.200000762939453,20.600000381469727,20.0,20.399999618530273,14.391199111938477,15859200.0
2021-02-05,SPALI.BK,20.600000381469727,20.799999237060547,20.5,20.799999237060547,14.673379898071289,7836200.0
2021-02-08,SPALI.BK,20.899999618530273,21.0,20.5,20.799999237060547,14.673379898071289,5001600.0
2021-02-09,SPALI.BK,20.700000762939453,21.100000381469727,20.700000762939453,21.0,14.814471244812012,6777000.0
2021-02-10,SPALI.BK,21.100000381469727,21.100000381469727,20.600000381469727,20.600000381469727,14.532288551330566,3281400.0
2021-02-11,SPALI.BK,20.700000762939453,20.899999618530273,20.5,20.600000381469727,14.532288551330566,2598700.0
2021-02-15,SPALI.BK,20.600000381469727,20.600000381469727,20.299999237060547,20.299999237060547,14.320655822753906,3612600.0
2021-02-16,SPALI.BK,20.399999618530273,20.5,20.0,20.399999618530273,14.391199111938477,6933000.0
2021-02-17,SPALI.BK,20.299999237060547,20.299999237060547,20.0,20.100000381469727,14.179567337036133,6599100.0
2021-02-18,SPALI.BK,20.100000381469727,20.299999237060547,19.899999618530273,20.200000762939453,14.25011157989502,8600200.0
2021-02-19,SPALI.BK,20.100000381469727,20.200000762939453,20.0,20.100000381469727,14.179567337036133,2324900.0
2021-02-22,SPALI.BK,20.0,20.100000381469727,19.600000381469727,19.799999237060547,13.967931747436523,5488100.0
2021-02-23,SPALI.BK,19.600000381469727,20.0,19.600000381469727,19.799999237060547,13.967931747436523,4165600.0
2021-02-24,SPALI.BK,19.899999618530273,20.100000381469727,19.799999237060547,20.0,14.10901927947998,5276400.0
2021-02-25,SPALI.BK,20.200000762939453,20.299999237060547,19.899999618530273,20.100000381469727,14.179567337036133,6324000.0
2021-03-01,SPALI.BK,20.299999237060547,20.299999237060547,19.899999618530273,20.100000381469727,14.179567337036133,7989200.0
2021-03-02,SPALI.BK,19.899999618530273,20.299999237060547,19.899999618530273,20.0,14.10901927947998,7745500.0
2021-03-03,SPALI.BK,20.0,20.200000762939453,19.899999618530273,20.200000762939453,14.25011157989502,5275300.0
2021-03-04,SPALI.BK,20.100000381469727,20.200000762939453,19.899999618530273,20.0,14.10901927947998,8157900.0
2021-03-05,SPALI.BK,20.0,20.399999618530273,19.899999618530273,20.100000381469727,14.179567337036133,14595300.0
2021-03-08,SPALI.BK,20.299999237060547,21.0,20.100000381469727,20.700000762939453,14.602838516235352,30103000.0
2021-03-09,SPALI.BK,21.0,21.5,20.700000762939453,21.100000381469727,14.885017395019531,27052100.0
2021-03-10,SPALI.BK,21.299999237060547,21.700000762939453,21.200000762939453,21.399999618530273,15.096651077270508,11033400.0
2021-03-11,SPALI.BK,21.399999618530273,22.100000381469727,21.0,22.0,15.519919395446777,18063600.0
2021-03-12,SPALI.BK,22.0,22.0,21.5,21.799999237060547,15.378830909729004,7931000.0
2021-03-15,SPALI.BK,21.899999618530273,21.899999618530273,21.399999618530273,21.5,15.167197227478027,4996500.0
2021-03-16,SPALI.BK,21.5,21.700000762939453,21.399999618530273,21.700000762939453,15.308286666870117,4517400.0
2021-03-17,SPALI.BK,21.700000762939453,21.700000762939453,21.299999237060547,21.5,15.167197227478027,3155300.0
2021-03-18,SPALI.BK,21.600000381469727,21.600000381469727,21.299999237060547,21.399999618530273,15.096651077270508,5299600.0
2021-03-19,SPALI.BK,21.399999618530273,21.399999618530273,21.200000762939453,21.200000762939453,14.955559730529785,3293600.0
2021-03-22,SPALI.BK,21.299999237060547,21.5,21.200000762939453,21.200000762939453,14.955559730529785,2630800.0
2021-03-23,SPALI.BK,21.399999618530273,21.600000381469727,21.200000762939453,21.5,15.167197227478027,5684800.0
2021-03-24,SPALI.BK,21.5,21.5,21.200000762939453,21.399999618530273,15.096651077270508,3880800.0
2021-03-25,SPALI.BK,21.399999618530273,22.0,21.200000762939453,21.700000762939453,15.308286666870117,14227000.0
2021-03-26,SPALI.BK,21.700000762939453,22.700000762939453,21.5,22.0,15.519919395446777,20477200.0
2021-03-29,SPALI.BK,22.200000762939453,22.299999237060547,21.399999618530273,21.600000381469727,15.23774528503418,8810900.0
2021-03-30,SPALI.BK,21.600000381469727,21.600000381469727,20.799999237060547,21.100000381469727,14.885017395019531,23571400.0
2021-03-31,SPALI.BK,21.200000762939453,21.399999618530273,21.100000381469727,21.399999618530273,15.096651077270508,6455000.0
2021-04-01,SPALI.BK,21.399999618530273,21.5,21.100000381469727,21.399999618530273,15.096651077270508,4856800.0
2021-04-02,SPALI.BK,21.399999618530273,21.5,21.299999237060547,21.399999618530273,15.096651077270508,2011000.0
2021-04-05,SPALI.BK,21.399999618530273,21.5,21.0,21.299999237060547,15.026105880737305,3173500.0
2021-04-07,SPALI.BK,21.0,21.200000762939453,20.899999618530273,21.0,14.814471244812012,4380500.0
2021-04-08,SPALI.BK,21.100000381469727,21.799999237060547,21.100000381469727,21.700000762939453,15.308286666870117,11686100.0
2021-04-09,SPALI.BK,21.600000381469727,21.899999618530273,21.600000381469727,21.899999618530273,15.449377059936523,5168300.0
2021-04-12,SPALI.BK,22.0,22.0,21.5,21.5,15.167197227478027,10067200.0
2021-04-16,SPALI.BK,21.5,21.600000381469727,21.200000762939453,21.600000381469727,15.23774528503418,6768400.0
2021-04-19,SPALI.BK,21.600000381469727,22.200000762939453,21.600000381469727,22.0,15.519919395446777,8227300.0
2021-04-20,SPALI.BK,22.0,22.200000762939453,21.799999237060547,22.0,15.519919395446777,2044900.0
2021-04-21,SPALI.BK,22.0,22.100000381469727,21.600000381469727,21.700000762939453,15.308286666870117,3629500.0
2021-04-22,SPALI.BK,21.799999237060547,22.0,21.299999237060547,21.399999618530273,15.096651077270508,7211200.0
2021-04-23,SPALI.BK,21.200000762939453,21.600000381469727,21.100000381469727,21.200000762939453,14.955559730529785,4783800.0
2021-04-26,SPALI.BK,21.200000762939453,21.5,21.0,21.299999237060547,15.026105880737305,5404600.0
2021-04-27,SPALI.BK,21.399999618530273,21.600000381469727,21.100000381469727,21.299999237060547,15.026105880737305,4449000.0
2021-04-28,SPALI.BK,21.299999237060547,21.399999618530273,21.100000381469727,21.200000762939453,14.955559730529785,4945100.0
2021-04-29,SPALI.BK,20.899999618530273,20.899999618530273,20.600000381469727,20.799999237060547,15.027810096740723,7912800.0
2021-04-30,SPALI.BK,20.799999237060547,20.899999618530273,20.299999237060547,20.5,14.811063766479492,8076300.0
2021-05-05,SPALI.BK,20.299999237060547,20.5,20.0,20.100000381469727,14.522068977355957,7241100.0
2021-05-06,SPALI.BK,20.100000381469727,20.399999618530273,20.0,20.200000762939453,14.594315528869629,5656400.0
2021-05-07,SPALI.BK,20.200000762939453,20.600000381469727,20.100000381469727,20.200000762939453,14.594315528869629,6160300.0
2021-05-10,SPALI.BK,20.200000762939453,20.299999237060547,20.0,20.100000381469727,14.522068977355957,3081900.0
2021-05-11,SPALI.BK,20.100000381469727,20.399999618530273,20.0,20.200000762939453,14.594315528869629,4811100.0
2021-05-12,SPALI.BK,19.799999237060547,20.299999237060547,19.0,20.200000762939453,14.594315528869629,21286100.0
2021-05-13,SPALI.BK,19.899999618530273,20.200000762939453,19.5,20.100000381469727,14.522068977355957,10075900.0
2021-05-14,SPALI.BK,19.899999618530273,20.100000381469727,19.700000762939453,20.0,14.449817657470703,5148100.0
2021-05-17,SPALI.BK,19.899999618530273,20.299999237060547,19.799999237060547,20.0,14.449817657470703,2435700.0
2021-05-18,SPALI.BK,20.200000762939453,20.299999237060547,20.100000381469727,20.200000762939453,14.594315528869629,2318800.0
2021-05-19,SPALI.BK,20.200000762939453,20.299999237060547,19.899999618530273,20.100000381469727,14.522068977355957,2131500.0
2021-05-20,SPALI.BK,20.100000381469727,20.399999618530273,19.899999618530273,20.200000762939453,14.594315528869629,8148300.0
2021-05-21,SPALI.BK,20.200000762939453,20.600000381469727,20.100000381469727,20.299999237060547,14.66656494140625,5884300.0
2021-05-24,SPALI.BK,20.299999237060547,20.700000762939453,20.200000762939453,20.299999237060547,14.66656494140625,5694600.0
2021-05-25,SPALI.BK,20.399999618530273,20.600000381469727,20.200000762939453,20.399999618530273,14.738812446594238,6181300.0
2021-05-27,SPALI.BK,20.399999618530273,21.299999237060547,20.399999618530273,21.100000381469727,15.244560241699219,13442500.0
2021-05-28,SPALI.BK,21.100000381469727,21.399999618530273,20.899999618530273,21.100000381469727,15.244560241699219,8932400.0
2021-05-31,SPALI.BK,21.200000762939453,21.399999618530273,21.0,21.299999237060547,15.389056205749512,5969100.0
2021-06-01,SPALI.BK,21.399999618530273,21.399999618530273,20.899999618530273,21.299999237060547,15.389056205749512,4594700.0
2021-06-02,SPALI.BK,21.5,21.5,21.200000762939453,21.299999237060547,15.389056205749512,3703500.0
2021-06-04,SPALI.BK,21.299999237060547,21.700000762939453,21.100000381469727,21.5,15.533553123474121,10266900.0
2021-06-07,SPALI.BK,21.700000762939453,22.0,21.600000381469727,21.600000381469727,15.605805397033691,5224900.0
2021-06-08,SPALI.BK,21.799999237060547,21.799999237060547,21.0,21.100000381469727,15.244560241699219,11710000.0
2021-06-09,SPALI.BK,21.0,21.5,21.0,21.399999618530273,15.461305618286133,2493000.0
2021-06-10,SPALI.BK,21.299999237060547,21.5,21.100000381469727,21.100000381469727,15.244560241699219,5991400.0
2021-06-11,SPALI.BK,21.200000762939453,21.200000762939453,20.799999237060547,21.0,15.172307968139648,6974100.0
2021-06-14,SPALI.BK,21.0,21.100000381469727,20.700000762939453,20.799999237060547,15.027810096740723,3719900.0
2021-06-15,SPALI.BK,20.899999618530273,20.899999618530273,20.600000381469727,20.600000381469727,14.883310317993164,3416500.0
2021-06-16,SPALI.BK,20.700000762939453,20.899999618530273,20.600000381469727,20.600000381469727,14.883310317993164,10698900.0
2021-06-17,SPALI.BK,20.600000381469727,21.100000381469727,20.600000381469727,20.700000762939453,14.95556354522705,4372500.0
2021-06-18,SPALI.BK,20.700000762939453,20.899999618530273,20.399999618530273,20.899999618530273,15.10006046295166,10800700.0
2021-06-21,SPALI.BK,20.799999237060547,21.200000762939453,20.600000381469727,21.0,15.172307968139648,8617500.0
2021-06-22,SPALI.BK,21.100000381469727,21.200000762939453,20.899999618530273,20.899999618530273,15.10006046295166,2616200.0
2021-06-23,SPALI.BK,20.899999618530273,21.200000762939453,20.799999237060547,21.0,15.172307968139648,5676400.0
2021-06-24,SPALI.BK,21.100000381469727,21.200000762939453,20.899999618530273,21.200000762939453,15.31680679321289,5488000.0
2021-06-25,SPALI.BK,21.299999237060547,21.5,21.0,21.0,15.172307968139648,3573400.0
2021-06-28,SPALI.BK,20.799999237060547,20.899999618530273,20.700000762939453,20.799999237060547,15.027810096740723,4721100.0
2021-06-29,SPALI.BK,20.700000762939453,20.799999237060547,20.700000762939453,20.700000762939453,14.95556354522705,2168900.0
2021-06-30,SPALI.BK,20.700000762939453,20.799999237060547,20.5,20.600000381469727,14.883310317993164,5339200.0
2021-07-01,SPALI.BK,20.600000381469727,21.200000762939453,20.5,21.0,15.172307968139648,6338300.0
2021-07-02,SPALI.BK,21.100000381469727,21.100000381469727,20.600000381469727,20.799999237060547,15.027810096740723,3944700.0
2021-07-05,SPALI.BK,20.700000762939453,20.799999237060547,20.600000381469727,20.799999237060547,15.027810096740723,1635600.0
2021-07-06,SPALI.BK,20.700000762939453,20.899999618530273,20.5,20.700000762939453,14.95556354522705,3214000.0
2021-07-07,SPALI.BK,20.700000762939453,20.700000762939453,20.299999237060547,20.299999237060547,14.66656494140625,3962400.0
2021-07-08,SPALI.BK,20.299999237060547,20.5,20.0,20.200000762939453,14.594315528869629,6440200.0
2021-07-09,SPALI.BK,20.200000762939453,20.600000381469727,20.100000381469727,20.399999618530273,14.738812446594238,2669800.0
2021-07-12,SPALI.BK,20.5,20.700000762939453,20.299999237060547,20.399999618530273,14.738812446594238,1622600.0
2021-07-13,SPALI.BK,20.399999618530273,20.700000762939453,20.299999237060547,20.600000381469727,14.883310317993164,3939300.0
2021-07-14,SPALI.BK,20.700000762939453,21.100000381469727,20.600000381469727,21.0,15.172307968139648,4055000.0
2021-07-15,SPALI.BK,21.100000381469727,21.600000381469727,21.0,21.200000762939453,15.31680679321289,10231300.0
2021-07-16,SPALI.BK,21.299999237060547,21.600000381469727,21.0,21.200000762939453,15.31680679321289,8195900.0
2021-07-19,SPALI.BK,20.899999618530273,21.0,20.799999237060547,20.799999237060547,15.027810096740723,2505800.0
2021-07-20,SPALI.BK,20.899999618530273,20.899999618530273,20.600000381469727,20.600000381469727,14.883310317993164,4497000.0
2021-07-21,SPALI.BK,20.700000762939453,21.0,20.700000762939453,20.899999618530273,15.10006046295166,2950100.0
2021-07-22,SPALI.BK,21.0,21.5,20.899999618530273,21.299999237060547,15.389056205749512,17739100.0
2021-07-23,SPALI.BK,21.399999618530273,21.700000762939453,21.200000762939453,21.399999618530273,15.461305618286133,9771300.0
2021-07-27,SPALI.BK,21.5,21.5,20.799999237060547,21.0,15.172307968139648,8673900.0
2021-07-29,SPALI.BK,21.100000381469727,21.5,21.0,21.299999237060547,15.389056205749512,4051900.0
2021-07-30,SPALI.BK,21.100000381469727,21.299999237060547,20.700000762939453,21.100000381469727,15.244560241699219,9598200.0
2021-08-02,SPALI.BK,21.0,21.200000762939453,20.799999237060547,21.100000381469727,15.244560241699219,4829500.0
2021-08-03,SPALI.BK,21.0,21.200000762939453,20.799999237060547,21.0,15.172307968139648,6462600.0
2021-08-04,SPALI.BK,21.0,21.399999618530273,21.0,21.399999618530273,15.461305618286133,3985000.0
2021-08-05,SPALI.BK,21.399999618530273,21.399999618530273,20.899999618530273,21.0,15.172307968139648,5849000.0
2021-08-06,SPALI.BK,20.899999618530273,21.0,20.5,20.700000762939453,14.95556354522705,6383600.0
2021-08-09,SPALI.BK,20.600000381469727,20.899999618530273,20.5,20.600000381469727,14.883310317993164,6444200.0
2021-08-10,SPALI.BK,20.5,20.700000762939453,20.399999618530273,20.700000762939453,14.95556354522705,5490700.0
2021-08-11,SPALI.BK,20.899999618530273,21.200000762939453,20.799999237060547,20.799999237060547,15.027810096740723,6095700.0
2021-08-13,SPALI.BK,20.899999618530273,21.200000762939453,20.799999237060547,20.899999618530273,15.10006046295166,5867400.0
2021-08-16,SPALI.BK,20.799999237060547,21.0,20.600000381469727,20.700000762939453,14.95556354522705,3308900.0
2021-08-17,SPALI.BK,20.899999618530273,20.899999618530273,20.5,20.600000381469727,14.883310317993164,11746500.0
2021-08-18,SPALI.BK,20.600000381469727,21.0,20.600000381469727,21.0,15.172307968139648,2959600.0
2021-08-19,SPALI.BK,20.899999618530273,21.0,20.799999237060547,20.899999618530273,15.10006046295166,1621400.0
2021-08-20,SPALI.BK,20.899999618530273,21.200000762939453,20.799999237060547,20.899999618530273,15.10006046295166,6347200.0
2021-08-23,SPALI.BK,21.0,21.100000381469727,20.700000762939453,20.799999237060547,15.027810096740723,6367600.0
2021-08-24,SPALI.BK,20.5,20.700000762939453,20.399999618530273,20.600000381469727,15.249894142150879,2768600.0
2021-08-25,SPALI.BK,20.700000762939453,21.100000381469727,20.700000762939453,21.0,15.546008110046387,5210000.0
2021-08-26,SPALI.BK,21.100000381469727,21.200000762939453,20.899999618530273,21.0,15.546008110046387,2560400.0
2021-08-27,SPALI.BK,21.0,21.200000762939453,20.899999618530273,21.0,15.546008110046387,4209100.0
2021-08-30,SPALI.BK,21.0,21.100000381469727,20.899999618530273,21.0,15.546008110046387,4484700.0
2021-08-31,SPALI.BK,21.0,21.100000381469727,20.600000381469727,20.700000762939453,15.323925971984863,9329200.0
2021-09-01,SPALI.BK,20.600000381469727,20.799999237060547,20.399999618530273,20.700000762939453,15.323925971984863,11108600.0
2021-09-02,SPALI.BK,20.700000762939453,21.0,20.700000762939453,20.899999618530273,15.47198486328125,3429000.0
2021-09-03,SPALI.BK,20.799999237060547,21.0,20.5,20.899999618530273,15.47198486328125,9478900.0
2021-09-06,SPALI.BK,20.899999618530273,20.899999618530273,20.600000381469727,20.700000762939453,15.323925971984863,4655600.0
2021-09-07,SPALI.BK,20.700000762939453,20.799999237060547,20.399999618530273,20.399999618530273,15.101836204528809,8481400.0
2021-09-08,SPALI.BK,20.5,20.799999237060547,20.299999237060547,20.399999618530273,15.101836204528809,9732300.0
2021-09-09,SPALI.BK,20.5,20.799999237060547,20.299999237060547,20.399999618530273,15.101836204528809,13208100.0
2021-09-10,SPALI.BK,20.399999618530273,20.899999618530273,20.399999618530273,20.700000762939453,15.323925971984863,4153700.0
2021-09-13,SPALI.BK,20.899999618530273,20.899999618530273,20.600000381469727,20.700000762939453,15.323925971984863,5304900.0
2021-09-14,SPALI.BK,20.799999237060547,20.799999237060547,20.399999618530273,20.5,15.17586898803711,5710300.0
2021-09-15,SPALI.BK,20.5,20.799999237060547,20.399999618530273,20.700000762939453,15.323925971984863,8148600.0
2021-09-16,SPALI.BK,20.600000381469727,20.899999618530273,20.600000381469727,20.899999618530273,15.47198486328125,4246600.0
2021-09-17,SPALI.BK,20.899999618530273,21.200000762939453,20.799999237060547,21.0,15.546008110046387,9084800.0
2021-09-20,SPALI.BK,20.899999618530273,20.899999618530273,20.5,20.600000381469727,15.249894142150879,5283000.0
2021-09-21,SPALI.BK,20.700000762939453,20.700000762939453,20.5,20.600000381469727,15.249894142150879,4013100.0
2021-09-22,SPALI.BK,20.600000381469727,20.799999237060547,20.5,20.700000762939453,15.323925971984863,2541300.0
2021-09-23,SPALI.BK,20.700000762939453,20.799999237060547,20.299999237060547,20.399999618530273,15.101836204528809,12554100.0
2021-09-27,SPALI.BK,20.399999618530273,20.600000381469727,20.399999618530273,20.5,15.17586898803711,5380900.0
2021-09-28,SPALI.BK,20.5,20.5,20.0,20.100000381469727,14.879755020141602,6754700.0
2021-09-29,SPALI.BK,20.100000381469727,20.299999237060547,20.0,20.100000381469727,14.879755020141602,8950300.0
2021-09-30,SPALI.BK,20.200000762939453,20.299999237060547,19.899999618530273,20.0,14.8057222366333,7498500.0
2021-10-01,SPALI.BK,20.0,20.100000381469727,19.700000762939453,19.799999237060547,14.65766716003418,6738900.0
2021-10-04,SPALI.BK,20.0,20.399999618530273,20.0,20.399999618530273,15.101836204528809,6069800.0
2021-10-05,SPALI.BK,20.299999237060547,20.399999618530273,20.100000381469727,20.100000381469727,14.879755020141602,3153900.0
2021-10-06,SPALI.BK,20.100000381469727,20.200000762939453,19.899999618530273,19.899999618530273,14.731696128845215,6157300.0
2021-10-07,SPALI.BK,19.899999618530273,20.200000762939453,19.899999618530273,20.0,14.8057222366333,6955500.0
2021-10-08,SPALI.BK,20.100000381469727,20.700000762939453,20.100000381469727,20.5,15.17586898803711,8853100.0
2021-10-11,SPALI.BK,20.5,20.5,20.299999237060547,20.399999618530273,15.101836204528809,2483600.0
2021-10-12,SPALI.BK,20.5,20.5,20.0,20.200000762939453,14.953782081604004,7676700.0
2021-10-14,SPALI.BK,20.200000762939453,20.299999237060547,20.100000381469727,20.100000381469727,14.879755020141602,1698800.0
2021-10-15,SPALI.BK,20.200000762939453,20.299999237060547,20.100000381469727,20.200000762939453,14.953782081604004,1803100.0
2021-10-18,SPALI.BK,20.200000762939453,20.399999618530273,20.100000381469727,20.100000381469727,14.879755020141602,2642100.0
2021-10-19,SPALI.BK,20.200000762939453,20.299999237060547,20.100000381469727,20.100000381469727,14.879755020141602,1764600.0
2021-10-20,SPALI.BK,20.200000762939453,20.399999618530273,20.100000381469727,20.399999618530273,15.101836204528809,2619800.0
2021-10-21,SPALI.BK,20.600000381469727,22.600000381469727,20.600000381469727,21.600000381469727,15.990181922912598,71825200.0
2021-10-25,SPALI.BK,22.0,23.200000762939453,21.700000762939453,22.799999237060547,16.878522872924805,74544200.0
2021-10-26,SPALI.BK,22.700000762939453,22.799999237060547,22.100000381469727,22.299999237060547,16.50838279724121,17199400.0
2021-10-27,SPALI.BK,22.5,23.299999237060547,22.399999618530273,23.0,17.026580810546875,34464900.0
2021-10-28,SPALI.BK,22.799999237060547,23.399999618530273,22.700000762939453,22.799999237060547,16.878522872924805,15926700.0
2021-10-29,SPALI.BK,23.100000381469727,23.5,22.799999237060547,23.399999618530273,17.322696685791016,13723900.0
2021-11-01,SPALI.BK,23.299999237060547,23.5,22.899999618530273,23.399999618530273,17.322696685791016,20099100.0
2021-11-02,SPALI.BK,23.299999237060547,23.299999237060547,22.700000762939453,22.899999618530273,16.95255470275879,10793400.0
2021-11-03,SPALI.BK,23.0,23.299999237060547,22.799999237060547,22.899999618530273,16.95255470275879,6848300.0
2021-11-04,SPALI.BK,22.799999237060547,23.399999618530273,22.799999237060547,23.0,17.026580810546875,7007200.0
2021-11-05,SPALI.BK,23.0,23.200000762939453,22.700000762939453,22.799999237060547,16.878522872924805,11528400.0
2021-11-08,SPALI.BK,23.200000762939453,23.200000762939453,22.700000762939453,22.700000762939453,16.80449676513672,7628000.0
2021-11-09,SPALI.BK,22.600000381469727,22.899999618530273,22.600000381469727,22.700000762939453,16.80449676513672,5516100.0
2021-11-10,SPALI.BK,22.700000762939453,23.600000381469727,22.700000762939453,23.299999237060547,17.248666763305664,20428300.0
2021-11-11,SPALI.BK,23.200000762939453,23.5,23.100000381469727,23.299999237060547,17.248666763305664,7336400.0
2021-11-12,SPALI.BK,23.200000762939453,23.600000381469727,23.100000381469727,23.200000762939453,17.174640655517578,11482100.0
2021-11-15,SPALI.BK,23.299999237060547,23.5,22.899999618530273,23.0,17.026580810546875,8791900.0
2021-11-16,SPALI.BK,23.0,23.200000762939453,22.899999618530273,22.899999618530273,16.95255470275879,9805900.0
2021-11-17,SPALI.BK,23.0,23.200000762939453,22.799999237060547,23.0,17.026580810546875,5726600.0
2021-11-18,SPALI.BK,23.0,23.100000381469727,22.700000762939453,23.0,17.026580810546875,6861300.0
2021-11-19,SPALI.BK,23.0,23.0,22.5,22.700000762939453,16.80449676513672,5451500.0
2021-11-22,SPALI.BK,22.700000762939453,22.899999618530273,22.5,22.5,16.656436920166016,9851700.0
2021-11-23,SPALI.BK,22.600000381469727,22.600000381469727,21.899999618530273,22.100000381469727,16.36032485961914,8997100.0
2021-11-24,SPALI.BK,22.600000381469727,22.799999237060547,22.299999237060547,22.600000381469727,16.73046875,5938200.0
2021-11-25,SPALI.BK,22.600000381469727,22.700000762939453,22.299999237060547,22.5,16.656436920166016,5397200.0
2021-11-26,SPALI.BK,22.399999618530273,22.399999618530273,21.700000762939453,21.899999618530273,16.212268829345703,5430100.0
2021-11-29,SPALI.BK,21.899999618530273,22.100000381469727,21.299999237060547,21.600000381469727,15.990181922912598,4948500.0
2021-11-30,SPALI.BK,21.600000381469727,21.799999237060547,20.700000762939453,20.899999618530273,15.47198486328125,9014300.0
2021-12-01,SPALI.BK,20.899999618530273,21.600000381469727,20.799999237060547,21.399999618530273,15.842123031616211,10768400.0
2021-12-02,SPALI.BK,21.5,21.700000762939453,21.299999237060547,21.399999618530273,15.842123031616211,4508700.0
2021-12-03,SPALI.BK,21.600000381469727,21.600000381469727,21.100000381469727,21.200000762939453,15.694068908691406,3237100.0
2021-12-07,SPALI.BK,21.299999237060547,21.799999237060547,21.299999237060547,21.600000381469727,15.990181922912598,4853100.0
2021-12-08,SPALI.BK,21.600000381469727,22.100000381469727,21.5,22.100000381469727,16.36032485961914,9990100.0
2021-12-09,SPALI.BK,22.0,22.399999618530273,21.899999618530273,22.200000762939453,16.434354782104492,8100300.0
2021-12-13,SPALI.BK,22.200000762939453,22.5,22.100000381469727,22.200000762939453,16.434354782104492,5739500.0
2021-12-14,SPALI.BK,22.200000762939453,22.299999237060547,21.899999618530273,22.200000762939453,16.434354782104492,4016000.0
2021-12-15,SPALI.BK,22.200000762939453,22.5,22.100000381469727,22.299999237060547,16.50838279724121,4302000.0
2021-12-16,SPALI.BK,22.299999237060547,22.399999618530273,21.899999618530273,22.0,16.286296844482422,5732400.0
2021-12-17,SPALI.BK,22.0,22.100000381469727,21.600000381469727,21.700000762939453,16.064210891723633,5632900.0
2021-12-20,SPALI.BK,21.700000762939453,21.799999237060547,21.5,21.600000381469727,15.990181922912598,2125200.0
2021-12-21,SPALI.BK,21.600000381469727,21.899999618530273,21.600000381469727,21.700000762939453,16.064210891723633,2050200.0
2021-12-22,SPALI.BK,21.700000762939453,21.700000762939453,21.5,21.700000762939453,16.064210891723633,2181300.0
2021-12-23,SPALI.BK,21.700000762939453,22.5,21.600000381469727,22.299999237060547,16.50838279724121,12076100.0
2021-12-24,SPALI.BK,22.299999237060547,22.299999237060547,21.899999618530273,22.200000762939453,16.434354782104492,4301500.0
2021-12-27,SPALI.BK,22.299999237060547,22.899999618530273,22.100000381469727,22.700000762939453,16.80449676513672,9144200.0
2021-12-28,SPALI.BK,22.899999618530273,22.899999618530273,22.299999237060547,22.5,16.656436920166016,6262000.0
2021-12-29,SPALI.BK,22.5,22.700000762939453,22.299999237060547,22.600000381469727,16.73046875,8301900.0
2021-12-30,SPALI.BK,22.700000762939453,22.799999237060547,22.5,22.700000762939453,16.80449676513672,10918700.0
2022-01-04,SPALI.BK,22.700000762939453,22.899999618530273,22.600000381469727,22.700000762939453,16.80449676513672,9147900.0
2022-01-05,SPALI.BK,22.700000762939453,22.700000762939453,22.399999618530273,22.5,16.656436920166016,8834400.0
2022-01-06,SPALI.BK,22.5,22.600000381469727,21.899999618530273,22.100000381469727,16.36032485961914,7301100.0
2022-01-07,SPALI.BK,22.100000381469727,22.200000762939453,21.899999618530273,22.100000381469727,16.36032485961914,4994600.0
2022-01-10,SPALI.BK,22.0,22.600000381469727,22.0,22.600000381469727,16.73046875,7524200.0
2022-01-11,SPALI.BK,22.399999618530273,22.5,21.799999237060547,21.899999618530273,16.212268829345703,9802400.0
2022-01-12,SPALI.BK,22.100000381469727,22.399999618530273,22.100000381469727,22.200000762939453,16.434354782104492,5649200.0
2022-01-13,SPALI.BK,22.200000762939453,22.299999237060547,22.0,22.200000762939453,16.434354782104492,1689100.0
2022-01-14,SPALI.BK,22.100000381469727,22.5,22.0,22.299999237060547,16.50838279724121,3899800.0
2022-01-17,SPALI.BK,22.399999618530273,22.5,22.100000381469727,22.200000762939453,16.434354782104492,2742200.0
2022-01-18,SPALI.BK,22.200000762939453,22.299999237060547,22.0,22.0,16.286296844482422,2362900.0
2022-01-19,SPALI.BK,22.100000381469727,22.200000762939453,21.899999618530273,21.899999618530273,16.212268829345703,3499500.0
2022-01-20,SPALI.BK,21.899999618530273,22.200000762939453,21.899999618530273,22.0,16.286296844482422,3169800.0
2022-01-21,SPALI.BK,22.100000381469727,22.200000762939453,21.899999618530273,21.899999618530273,16.212268829345703,3298700.0
2022-01-24,SPALI.BK,22.200000762939453,22.799999237060547,22.100000381469727,22.100000381469727,16.36032485961914,12544900.0
2022-01-25,SPALI.BK,22.200000762939453,22.600000381469727,22.100000381469727,22.399999618530273,16.582412719726562,6938100.0
2022-01-26,SPALI.BK,22.399999618530273,23.0,22.100000381469727,22.5,16.656436920166016,9597000.0
2022-01-27,SPALI.BK,22.600000381469727,22.899999618530273,22.399999618530273,22.700000762939453,16.80449676513672,19660700.0
2022-01-28,SPALI.BK,22.799999237060547,23.5,22.600000381469727,22.799999237060547,16.878522872924805,39050600.0
2022-01-31,SPALI.BK,22.899999618530273,23.200000762939453,22.600000381469727,22.700000762939453,16.80449676513672,7061400.0
2022-02-01,SPALI.BK,22.799999237060547,23.0,22.799999237060547,22.799999237060547,16.878522872924805,4427000.0
2022-02-02,SPALI.BK,22.799999237060547,22.899999618530273,22.5,22.700000762939453,16.80449676513672,4190500.0
2022-02-03,SPALI.BK,22.600000381469727,23.0,22.399999618530273,22.5,16.656436920166016,11114100.0
2022-02-04,SPALI.BK,22.5,22.799999237060547,22.200000762939453,22.600000381469727,16.73046875,10836200.0
2022-02-07,SPALI.BK,22.600000381469727,22.799999237060547,22.5,22.600000381469727,16.73046875,7140500.0
2022-02-08,SPALI.BK,22.600000381469727,23.399999618530273,22.600000381469727,23.200000762939453,17.174640655517578,12411700.0
2022-02-09,SPALI.BK,23.200000762939453,23.399999618530273,23.0,23.200000762939453,17.174640655517578,8083300.0
2022-02-10,SPALI.BK,23.5,23.600000381469727,23.200000762939453,23.399999618530273,17.322696685791016,9800100.0
2022-02-11,SPALI.BK,23.399999618530273,23.399999618530273,22.899999618530273,23.0,17.026580810546875,4313000.0
2022-02-14,SPALI.BK,22.899999618530273,23.299999237060547,22.899999618530273,23.200000762939453,17.174640655517578,6126700.0
2022-02-15,SPALI.BK,23.299999237060547,23.5,23.100000381469727,23.399999618530273,17.322696685791016,4750000.0
2022-02-17,SPALI.BK,23.399999618530273,23.5,22.899999618530273,23.0,17.026580810546875,10506300.0
2022-02-18,SPALI.BK,22.899999618530273,23.200000762939453,22.600000381469727,22.700000762939453,16.80449676513672,7484300.0
2022-02-21,SPALI.BK,22.5,22.899999618530273,22.299999237060547,22.399999618530273,16.582412719726562,8524000.0
2022-02-22,SPALI.BK,22.200000762939453,22.600000381469727,22.200000762939453,22.399999618530273,16.582412719726562,4902600.0
2022-02-23,SPALI.BK,22.799999237060547,22.899999618530273,21.700000762939453,22.0,16.286296844482422,23035700.0
2022-02-24,SPALI.BK,21.799999237060547,22.0,21.299999237060547,21.5,15.916152954101562,21298600.0
2022-02-25,SPALI.BK,21.700000762939453,22.200000762939453,21.700000762939453,22.0,16.286296844482422,17506900.0
2022-02-28,SPALI.BK,21.799999237060547,22.100000381469727,21.700000762939453,22.0,16.286296844482422,6028600.0
2022-03-01,SPALI.BK,22.0,22.200000762939453,21.899999618530273,22.0,16.286296844482422,10430200.0
2022-03-02,SPALI.BK,22.200000762939453,22.399999618530273,22.100000381469727,22.299999237060547,16.50838279724121,8247200.0
2022-03-03,SPALI.BK,22.299999237060547,22.299999237060547,22.100000381469727,22.299999237060547,16.50838279724121,4636800.0
2022-03-04,SPALI.BK,22.100000381469727,22.299999237060547,21.899999618530273,22.200000762939453,16.434354782104492,3122300.0
2022-03-07,SPALI.BK,21.899999618530273,22.100000381469727,21.5,21.700000762939453,16.064210891723633,12953600.0
2022-03-08,SPALI.BK,21.799999237060547,21.799999237060547,21.100000381469727,21.5,15.916152954101562,8137100.0
2022-03-09,SPALI.BK,21.600000381469727,21.799999237060547,21.299999237060547,21.799999237060547,16.13823890686035,2833700.0
2022-03-10,SPALI.BK,21.899999618530273,22.0,21.5,21.799999237060547,16.13823890686035,6833800.0
2022-03-11,SPALI.BK,21.799999237060547,22.0,21.700000762939453,22.0,16.286296844482422,2772100.0
2022-03-14,SPALI.BK,22.0,22.0,21.600000381469727,21.899999618530273,16.212268829345703,4346700.0
2022-03-15,SPALI.BK,21.899999618530273,21.899999618530273,21.5,21.799999237060547,16.13823890686035,6207200.0
2022-03-16,SPALI.BK,21.899999618530273,22.100000381469727,21.700000762939453,22.0,16.286296844482422,4424400.0
2022-03-17,SPALI.BK,22.100000381469727,22.299999237060547,22.0,22.200000762939453,16.434354782104492,6572800.0
2022-03-18,SPALI.BK,22.200000762939453,22.399999618530273,21.899999618530273,21.899999618530273,16.212268829345703,11284400.0
2022-03-21,SPALI.BK,22.0,22.100000381469727,21.899999618530273,21.899999618530273,16.212268829345703,3826700.0
2022-03-22,SPALI.BK,22.0,22.100000381469727,21.799999237060547,21.899999618530273,16.212268829345703,2181500.0
2022-03-23,SPALI.BK,22.0,22.399999618530273,22.0,22.299999237060547,16.50838279724121,9496300.0
2022-03-24,SPALI.BK,22.200000762939453,22.299999237060547,22.0,22.100000381469727,16.36032485961914,3225900.0
2022-03-25,SPALI.BK,22.0,22.100000381469727,21.899999618530273,22.0,16.286296844482422,3749200.0
2022-03-28,SPALI.BK,22.0,22.100000381469727,21.899999618530273,22.0,16.286296844482422,1258100.0
2022-03-29,SPALI.BK,22.0,22.200000762939453,21.799999237060547,21.899999618530273,16.212268829345703,8210700.0
2022-03-30,SPALI.BK,21.899999618530273,22.0,21.799999237060547,21.899999618530273,16.212268829345703,5379200.0
2022-03-31,SPALI.BK,21.799999237060547,21.899999618530273,21.700000762939453,21.700000762939453,16.064210891723633,4711500.0
2022-04-01,SPALI.BK,21.700000762939453,21.799999237060547,21.600000381469727,21.700000762939453,16.064210891723633,7623500.0
2022-04-04,SPALI.BK,21.700000762939453,22.0,21.700000762939453,21.899999618530273,16.212268829345703,4259500.0
2022-04-05,SPALI.BK,21.899999618530273,22.0,21.899999618530273,21.899999618530273,16.212268829345703,2788800.0
2022-04-07,SPALI.BK,21.799999237060547,21.799999237060547,21.5,21.600000381469727,15.990181922912598,7860900.0
2022-04-08,SPALI.BK,21.700000762939453,22.200000762939453,21.600000381469727,21.899999618530273,16.212268829345703,9166300.0
2022-04-11,SPALI.BK,22.0,22.799999237060547,21.899999618530273,22.399999618530273,16.582412719726562,16983800.0
2022-04-12,SPALI.BK,22.299999237060547,22.600000381469727,22.200000762939453,22.5,16.656436920166016,3456000.0
2022-04-18,SPALI.BK,22.600000381469727,22.600000381469727,22.0,22.200000762939453,16.434354782104492,4261900.0
2022-04-19,SPALI.BK,22.399999618530273,22.5,22.299999237060547,22.299999237060547,16.50838279724121,4581900.0
2022-04-20,SPALI.BK,22.399999618530273,22.700000762939453,22.200000762939453,22.600000381469727,16.73046875,7359900.0
2022-04-21,SPALI.BK,22.5,22.600000381469727,22.100000381469727,22.5,16.656436920166016,7208900.0
2022-04-22,SPALI.BK,22.5,22.700000762939453,22.299999237060547,22.600000381469727,16.73046875,4710200.0
2022-04-25,SPALI.BK,22.5,22.799999237060547,22.299999237060547,22.600000381469727,16.73046875,7426500.0
2022-04-26,SPALI.BK,22.600000381469727,22.799999237060547,22.5,22.799999237060547,16.878522872924805,5793100.0
2022-04-27,SPALI.BK,22.0,22.100000381469727,21.700000762939453,22.100000381469727,16.916797637939453,9663800.0
2022-04-28,SPALI.BK,21.899999618530273,22.0,21.700000762939453,21.799999237060547,16.687158584594727,7109900.0
2022-04-29,SPALI.BK,21.799999237060547,22.0,21.799999237060547,21.899999618530273,16.763704299926758,2614600.0
2022-05-03,SPALI.BK,22.0,22.399999618530273,22.0,22.0,16.840251922607422,8163300.0
2022-05-05,SPALI.BK,22.0,22.200000762939453,21.799999237060547,21.899999618530273,16.763704299926758,3778300.0
2022-05-06,SPALI.BK,21.799999237060547,21.899999618530273,21.399999618530273,21.600000381469727,16.534067153930664,7438200.0
2022-05-09,SPALI.BK,21.5,21.600000381469727,20.799999237060547,20.799999237060547,15.92169189453125,7320600.0
2022-05-10,SPALI.BK,20.799999237060547,21.299999237060547,20.700000762939453,21.299999237060547,16.304426193237305,5488500.0
2022-05-11,SPALI.BK,21.100000381469727,21.200000762939453,20.600000381469727,20.799999237060547,15.92169189453125,5647600.0
2022-05-12,SPALI.BK,20.899999618530273,21.0,20.399999618530273,20.600000381469727,15.768597602844238,5637200.0
2022-05-13,SPALI.BK,20.5,20.600000381469727,20.299999237060547,20.5,15.692052841186523,3381100.0
2022-05-17,SPALI.BK,20.5,20.799999237060547,20.100000381469727,20.299999237060547,15.538959503173828,7055100.0
2022-05-18,SPALI.BK,20.399999618530273,20.600000381469727,20.299999237060547,20.5,15.692052841186523,4711700.0
2022-05-19,SPALI.BK,20.299999237060547,20.5,20.200000762939453,20.200000762939453,15.46241283416748,3412400.0
2022-05-20,SPALI.BK,20.399999618530273,20.600000381469727,20.299999237060547,20.5,15.692052841186523,4481200.0
2022-05-23,SPALI.BK,20.5,20.799999237060547,20.299999237060547,20.600000381469727,15.768597602844238,7409700.0
2022-05-24,SPALI.BK,20.700000762939453,20.799999237060547,20.5,20.600000381469727,15.768597602844238,5314100.0
2022-05-25,SPALI.BK,20.600000381469727,20.700000762939453,20.5,20.5,15.692052841186523,4988600.0
2022-05-26,SPALI.BK,20.399999618530273,20.600000381469727,20.399999618530273,20.5,15.692052841186523,5558200.0
2022-05-27,SPALI.BK,20.600000381469727,20.600000381469727,20.299999237060547,20.399999618530273,15.615506172180176,4896100.0
2022-05-30,SPALI.BK,20.5,20.799999237060547,20.399999618530273,20.600000381469727,15.768597602844238,7502600.0
2022-05-31,SPALI.BK,20.700000762939453,20.700000762939453,20.399999618530273,20.399999618530273,15.615506172180176,9277600.0
2022-06-01,SPALI.BK,20.600000381469727,20.799999237060547,20.399999618530273,20.700000762939453,15.845147132873535,8140100.0
2022-06-02,SPALI.BK,20.600000381469727,20.700000762939453,20.399999618530273,20.600000381469727,15.768597602844238,8431100.0
2022-06-06,SPALI.BK,20.5,20.799999237060547,20.5,20.700000762939453,15.845147132873535,5412300.0
2022-06-07,SPALI.BK,20.600000381469727,20.600000381469727,20.200000762939453,20.399999618530273,15.615506172180176,6549300.0
2022-06-08,SPALI.BK,20.5,20.5,20.299999237060547,20.399999618530273,15.615506172180176,5195400.0
2022-06-09,SPALI.BK,20.399999618530273,20.700000762939453,20.200000762939453,20.299999237060547,15.538959503173828,10174200.0
2022-06-10,SPALI.BK,20.299999237060547,20.299999237060547,19.799999237060547,19.899999618530273,15.232771873474121,16673800.0
2022-06-13,SPALI.BK,19.799999237060547,19.899999618530273,19.399999618530273,19.399999618530273,14.850042343139648,13403500.0
2022-06-14,SPALI.BK,19.600000381469727,20.0,19.5,19.600000381469727,15.003134727478027,12511600.0
2022-06-15,SPALI.BK,19.799999237060547,19.899999618530273,19.600000381469727,19.700000762939453,15.079682350158691,8898300.0
2022-06-16,SPALI.BK,19.799999237060547,19.799999237060547,19.399999618530273,19.399999618530273,14.850042343139648,8303800.0
2022-06-17,SPALI.BK,19.399999618530273,19.399999618530273,19.0,19.100000381469727,14.620401382446289,11832600.0
2022-06-20,SPALI.BK,19.100000381469727,19.299999237060547,18.899999618530273,19.200000762939453,14.696948051452637,3462500.0
2022-06-21,SPALI.BK,19.200000762939453,19.5,19.200000762939453,19.299999237060547,14.773493766784668,3404200.0
2022-06-22,SPALI.BK,19.299999237060547,19.399999618530273,19.100000381469727,19.200000762939453,14.696948051452637,11438000.0
2022-06-23,SPALI.BK,19.299999237060547,19.600000381469727,19.100000381469727,19.200000762939453,14.696948051452637,7910800.0
2022-06-24,SPALI.BK,19.299999237060547,19.299999237060547,18.600000381469727,18.899999618530273,14.467306137084961,15480600.0
2022-06-27,SPALI.BK,18.899999618530273,19.200000762939453,18.799999237060547,19.0,14.543853759765625,12777200.0
2022-06-28,SPALI.BK,19.0,19.200000762939453,18.899999618530273,19.100000381469727,14.620401382446289,5599900.0
2022-06-29,SPALI.BK,19.0,19.200000762939453,18.899999618530273,18.899999618530273,14.467306137084961,9837100.0
2022-06-30,SPALI.BK,18.899999618530273,19.0,18.5,18.600000381469727,14.237667083740234,14359200.0
2022-07-01,SPALI.BK,18.600000381469727,19.0,18.600000381469727,18.899999618530273,14.467306137084961,3838900.0
2022-07-04,SPALI.BK,18.899999618530273,18.899999618530273,18.399999618530273,18.5,14.161120414733887,9067700.0
2022-07-05,SPALI.BK,18.5,18.600000381469727,18.399999618530273,18.399999618530273,14.084574699401855,3574300.0
2022-07-06,SPALI.BK,18.5,19.100000381469727,18.5,18.700000762939453,14.314214706420898,10054000.0
2022-07-07,SPALI.BK,18.700000762939453,19.0,18.700000762939453,19.0,14.543853759765625,3774300.0
2022-07-08,SPALI.BK,19.0,19.0,18.600000381469727,18.799999237060547,14.390761375427246,5374000.0
2022-07-11,SPALI.BK,18.899999618530273,19.200000762939453,18.799999237060547,19.0,14.543853759765625,4511300.0
2022-07-12,SPALI.BK,19.0,19.200000762939453,18.899999618530273,18.899999618530273,14.467306137084961,8243400.0
2022-07-14,SPALI.BK,19.100000381469727,19.100000381469727,18.299999237060547,18.5,14.161120414733887,9464200.0
2022-07-15,SPALI.BK,18.5,18.600000381469727,18.100000381469727,18.299999237060547,14.008028984069824,10577000.0
2022-07-18,SPALI.BK,18.299999237060547,18.600000381469727,18.299999237060547,18.399999618530273,14.084574699401855,3474400.0
2022-07-19,SPALI.BK,18.5,18.5,18.200000762939453,18.399999618530273,14.084574699401855,3096900.0
2022-07-20,SPALI.BK,18.399999618530273,18.700000762939453,18.200000762939453,18.700000762939453,14.314214706420898,4676500.0
2022-07-21,SPALI.BK,18.600000381469727,18.600000381469727,18.299999237060547,18.600000381469727,14.237667083740234,4990000.0
2022-07-22,SPALI.BK,18.700000762939453,18.799999237060547,18.5,18.700000762939453,14.314214706420898,4202000.0
2022-07-25,SPALI.BK,18.799999237060547,19.399999618530273,18.700000762939453,19.299999237060547,14.773493766784668,10303900.0
2022-07-26,SPALI.BK,19.299999237060547,19.5,19.100000381469727,19.299999237060547,14.773493766784668,10428600.0
2022-07-27,SPALI.BK,19.299999237060547,19.600000381469727,19.200000762939453,19.399999618530273,14.850042343139648,6875400.0
2022-08-01,SPALI.BK,19.399999618530273,19.600000381469727,19.299999237060547,19.600000381469727,15.003134727478027,5604300.0
2022-08-02,SPALI.BK,19.399999618530273,19.700000762939453,19.299999237060547,19.5,14.926587104797363,6090500.0
2022-08-03,SPALI.BK,19.5,19.600000381469727,19.200000762939453,19.399999618530273,14.850042343139648,4330300.0
2022-08-04,SPALI.BK,19.5,19.799999237060547,19.399999618530273,19.700000762939453,15.079682350158691,15482900.0
2022-08-05,SPALI.BK,19.899999618530273,20.0,19.600000381469727,20.0,15.309317588806152,6370900.0
2022-08-08,SPALI.BK,20.0,20.0,19.600000381469727,19.799999237060547,15.15622615814209,2434400.0
2022-08-09,SPALI.BK,19.899999618530273,20.0,19.799999237060547,19.899999618530273,15.232771873474121,2160700.0
2022-08-10,SPALI.BK,20.200000762939453,20.399999618530273,20.100000381469727,20.200000762939453,15.46241283416748,15513700.0
2022-08-11,SPALI.BK,20.200000762939453,20.600000381469727,20.200000762939453,20.399999618530273,15.615506172180176,11393400.0
2022-08-15,SPALI.BK,20.399999618530273,20.600000381469727,20.399999618530273,20.5,15.692052841186523,5606000.0
2022-08-16,SPALI.BK,20.5,20.600000381469727,20.399999618530273,20.5,15.692052841186523,4057800.0
2022-08-17,SPALI.BK,20.5,20.600000381469727,20.399999618530273,20.399999618530273,15.615506172180176,6717300.0
2022-08-18,SPALI.BK,20.399999618530273,20.5,20.100000381469727,20.299999237060547,15.538959503173828,9017100.0
2022-08-19,SPALI.BK,20.299999237060547,20.399999618530273,20.200000762939453,20.299999237060547,15.538959503173828,3455300.0
2022-08-22,SPALI.BK,20.299999237060547,20.600000381469727,20.200000762939453,20.299999237060547,15.538959503173828,9991900.0
2022-08-23,SPALI.BK,19.700000762939453,19.700000762939453,19.399999618530273,19.600000381469727,15.538961410522461,9416500.0
2022-08-24,SPALI.BK,19.5,19.700000762939453,19.399999618530273,19.700000762939453,15.618241310119629,4033900.0
2022-08-25,SPALI.BK,19.700000762939453,19.700000762939453,19.5,19.700000762939453,15.618241310119629,2604300.0
2022-08-26,SPALI.BK,19.600000381469727,19.799999237060547,19.5,19.600000381469727,15.538961410522461,4593000.0
2022-08-29,SPALI.BK,19.5,19.700000762939453,19.399999618530273,19.5,15.459680557250977,4873900.0
2022-08-30,SPALI.BK,19.5,19.799999237060547,19.5,19.600000381469727,15.538961410522461,7303300.0
2022-08-31,SPALI.BK,19.600000381469727,19.700000762939453,19.5,19.5,15.459680557250977,2239200.0
2022-09-01,SPALI.BK,19.600000381469727,19.700000762939453,19.399999618530273,19.399999618530273,15.380400657653809,3409700.0
2022-09-02,SPALI.BK,19.600000381469727,19.600000381469727,19.299999237060547,19.5,15.459680557250977,2094800.0
2022-09-05,SPALI.BK,19.399999618530273,19.5,19.299999237060547,19.399999618530273,15.380400657653809,1018600.0
2022-09-06,SPALI.BK,19.399999618530273,19.399999618530273,19.200000762939453,19.299999237060547,15.301116943359375,11538000.0
2022-09-07,SPALI.BK,19.299999237060547,19.399999618530273,19.200000762939453,19.200000762939453,15.221837997436523,2553400.0
2022-09-08,SPALI.BK,19.299999237060547,19.5,19.200000762939453,19.200000762939453,15.221837997436523,12765600.0
2022-09-09,SPALI.BK,19.299999237060547,19.399999618530273,19.200000762939453,19.299999237060547,15.301116943359375,7666500.0
2022-09-12,SPALI.BK,19.299999237060547,19.5,19.299999237060547,19.5,15.459680557250977,11499400.0
2022-09-13,SPALI.BK,19.5,19.5,19.100000381469727,19.200000762939453,15.221837997436523,15682400.0
2022-09-14,SPALI.BK,19.200000762939453,19.200000762939453,19.0,19.0,15.063278198242188,6754900.0
2022-09-15,SPALI.BK,19.100000381469727,19.200000762939453,18.899999618530273,19.0,15.063278198242188,7156200.0
2022-09-16,SPALI.BK,19.0,19.100000381469727,18.799999237060547,18.899999618530273,14.983997344970703,12401000.0
2022-09-19,SPALI.BK,19.0,19.100000381469727,18.899999618530273,18.899999618530273,14.983997344970703,3548200.0
2022-09-20,SPALI.BK,19.100000381469727,19.399999618530273,19.100000381469727,19.399999618530273,15.380400657653809,9460800.0
2022-09-21,SPALI.BK,19.299999237060547,19.399999618530273,19.200000762939453,19.200000762939453,15.221837997436523,4768000.0
2022-09-22,SPALI.BK,19.100000381469727,19.399999618530273,19.100000381469727,19.299999237060547,15.301116943359375,5362200.0
2022-09-23,SPALI.BK,19.299999237060547,19.399999618530273,19.200000762939453,19.299999237060547,15.301116943359375,4231600.0
2022-09-26,SPALI.BK,19.299999237060547,19.399999618530273,18.899999618530273,19.0,15.063278198242188,5670200.0
2022-09-27,SPALI.BK,19.0,19.200000762939453,18.899999618530273,19.0,15.063278198242188,3421200.0
2022-09-28,SPALI.BK,19.0,19.100000381469727,18.799999237060547,18.799999237060547,14.904717445373535,8320600.0
2022-09-29,SPALI.BK,19.0,19.0,18.700000762939453,18.799999237060547,14.904717445373535,5973500.0
2022-09-30,SPALI.BK,18.899999618530273,19.100000381469727,18.799999237060547,18.899999618530273,14.983997344970703,7745300.0
2022-10-03,SPALI.BK,18.899999618530273,19.0,18.5,18.5,14.666874885559082,10988800.0
2022-10-04,SPALI.BK,18.700000762939453,18.899999618530273,18.5,18.799999237060547,14.904717445373535,5957100.0
2022-10-05,SPALI.BK,18.799999237060547,18.899999618530273,18.700000762939453,18.799999237060547,14.904717445373535,1081500.0
2022-10-06,SPALI.BK,19.0,19.200000762939453,18.899999618530273,19.0,15.063278198242188,4947400.0
2022-10-07,SPALI.BK,19.100000381469727,19.100000381469727,18.799999237060547,18.799999237060547,14.904717445373535,3916600.0
2022-10-10,SPALI.BK,18.799999237060547,19.0,18.700000762939453,18.899999618530273,14.983997344970703,3769700.0
2022-10-11,SPALI.BK,18.899999618530273,19.0,18.5,18.700000762939453,14.82543659210205,5481300.0
2022-10-12,SPALI.BK,18.799999237060547,18.899999618530273,18.600000381469727,18.899999618530273,14.983997344970703,4076300.0
2022-10-17,SPALI.BK,19.0,19.100000381469727,18.799999237060547,18.899999618530273,14.983997344970703,4780000.0
2022-10-18,SPALI.BK,19.200000762939453,19.5,19.200000762939453,19.5,15.459680557250977,14578600.0
2022-10-19,SPALI.BK,19.5,19.5,19.200000762939453,19.399999618530273,15.380400657653809,6770500.0
2022-10-20,SPALI.BK,19.399999618530273,19.899999618530273,19.299999237060547,19.899999618530273,15.776799201965332,13308100.0
2022-10-21,SPALI.BK,19.899999618530273,19.899999618530273,19.600000381469727,19.899999618530273,15.776799201965332,5985500.0
2022-10-25,SPALI.BK,20.100000381469727,20.399999618530273,20.100000381469727,20.299999237060547,16.093921661376953,11738600.0
2022-10-26,SPALI.BK,20.5,21.399999618530273,20.5,21.0,16.64888572692871,31418000.0
2022-10-27,SPALI.BK,21.100000381469727,21.299999237060547,20.799999237060547,21.299999237060547,16.88672637939453,18842500.0
2022-10-28,SPALI.BK,21.299999237060547,21.299999237060547,20.799999237060547,21.0,16.64888572692871,10674500.0
2022-10-31,SPALI.BK,20.899999618530273,21.200000762939453,20.700000762939453,21.0,16.64888572692871,18420600.0
2022-11-01,SPALI.BK,20.899999618530273,21.200000762939453,20.899999618530273,20.899999618530273,16.56960678100586,19870500.0
2022-11-02,SPALI.BK,21.0,21.799999237060547,21.0,21.299999237060547,16.88672637939453,27374500.0
2022-11-03,SPALI.BK,21.299999237060547,22.100000381469727,21.299999237060547,21.899999618530273,17.362409591674805,24680700.0
2022-11-04,SPALI.BK,22.0,22.0,21.600000381469727,21.799999237060547,17.28312873840332,9560200.0
2022-11-07,SPALI.BK,21.799999237060547,21.899999618530273,21.399999618530273,21.600000381469727,17.124568939208984,10533200.0
2022-11-08,SPALI.BK,21.5,21.899999618530273,21.5,21.700000762939453,17.203847885131836,11793800.0
2022-11-09,SPALI.BK,21.899999618530273,22.0,21.399999618530273,22.0,17.44169044494629,20677000.0
2022-11-10,SPALI.BK,22.0,22.899999618530273,21.799999237060547,22.899999618530273,18.15521240234375,31677800.0
2022-11-11,SPALI.BK,23.0,23.0,22.600000381469727,22.700000762939453,17.996652603149414,16990000.0
2022-11-14,SPALI.BK,22.799999237060547,23.299999237060547,22.700000762939453,23.100000381469727,18.31377410888672,16212900.0
2022-11-15,SPALI.BK,23.100000381469727,23.100000381469727,22.600000381469727,23.100000381469727,18.31377410888672,12085200.0
2022-11-16,SPALI.BK,23.100000381469727,23.100000381469727,22.700000762939453,23.100000381469727,18.31377410888672,15156300.0
2022-11-17,SPALI.BK,23.0,23.200000762939453,22.700000762939453,23.0,18.234493255615234,16649800.0
2022-11-18,SPALI.BK,22.899999618530273,22.899999618530273,22.399999618530273,22.600000381469727,17.917373657226562,12608500.0
2022-11-21,SPALI.BK,22.700000762939453,22.899999618530273,22.600000381469727,22.700000762939453,17.996652603149414,8786100.0
2022-11-22,SPALI.BK,22.799999237060547,23.100000381469727,22.700000762939453,22.899999618530273,18.15521240234375,10482000.0
2022-11-23,SPALI.BK,22.799999237060547,23.0,22.799999237060547,22.899999618530273,18.15521240234375,5195700.0
2022-11-24,SPALI.BK,22.899999618530273,23.0,22.600000381469727,22.700000762939453,17.996652603149414,5622800.0
2022-11-25,SPALI.BK,22.700000762939453,22.799999237060547,22.600000381469727,22.700000762939453,17.996652603149414,5848100.0
2022-11-28,SPALI.BK,22.600000381469727,22.799999237060547,22.399999618530273,22.799999237060547,18.075931549072266,7796000.0
2022-11-29,SPALI.BK,22.799999237060547,23.100000381469727,22.399999618530273,23.0,18.234493255615234,14483400.0
2022-11-30,SPALI.BK,22.700000762939453,23.200000762939453,22.600000381469727,23.0,18.234493255615234,11132300.0
2022-12-01,SPALI.BK,23.100000381469727,23.799999237060547,23.100000381469727,23.700000762939453,18.789459228515625,20210600.0
2022-12-02,SPALI.BK,23.600000381469727,24.100000381469727,23.600000381469727,24.0,19.027297973632812,14106200.0
2022-12-06,SPALI.BK,24.0,24.5,23.799999237060547,24.5,19.4237003326416,15762900.0
2022-12-07,SPALI.BK,24.5,24.799999237060547,24.299999237060547,24.5,19.4237003326416,13876000.0
2022-12-08,SPALI.BK,24.600000381469727,24.799999237060547,24.5,24.600000381469727,19.502981185913086,9678800.0
2022-12-09,SPALI.BK,24.5,24.5,24.200000762939453,24.399999618530273,19.344419479370117,10291100.0
2022-12-13,SPALI.BK,24.5,25.25,24.399999618530273,25.25,20.01830291748047,20788000.0
2022-12-14,SPALI.BK,25.0,25.25,24.799999237060547,25.0,19.82010269165039,9434300.0
2022-12-15,SPALI.BK,24.899999618530273,25.0,24.600000381469727,24.700000762939453,19.58226203918457,5187200.0
2022-12-16,SPALI.BK,24.600000381469727,25.0,24.600000381469727,24.700000762939453,19.58226203918457,8974800.0
2022-12-19,SPALI.BK,24.799999237060547,25.0,24.700000762939453,24.899999618530273,19.74082374572754,6586100.0
2022-12-20,SPALI.BK,24.899999618530273,25.0,24.600000381469727,24.899999618530273,19.74082374572754,10229100.0
2022-12-21,SPALI.BK,24.899999618530273,24.899999618530273,24.600000381469727,24.700000762939453,19.58226203918457,3842100.0
2022-12-22,SPALI.BK,24.700000762939453,24.899999618530273,24.700000762939453,24.799999237060547,19.661540985107422,1951200.0
2022-12-23,SPALI.BK,24.799999237060547,25.0,24.700000762939453,24.700000762939453,19.58226203918457,6064600.0
2022-12-26,SPALI.BK,24.700000762939453,25.0,24.700000762939453,24.700000762939453,19.58226203918457,5806500.0
2022-12-27,SPALI.BK,24.799999237060547,25.0,24.700000762939453,25.0,19.82010269165039,9128000.0
2022-12-28,SPALI.BK,25.0,25.0,24.600000381469727,24.799999237060547,19.661540985107422,7590100.0
2022-12-29,SPALI.BK,24.700000762939453,24.899999618530273,24.700000762939453,24.799999237060547,19.661540985107422,3045000.0
2022-12-30,SPALI.BK,24.799999237060547,24.799999237060547,24.299999237060547,24.299999237060547,19.26513671875,8016400.0
2023-01-03,SPALI.BK,24.399999618530273,24.799999237060547,24.399999618530273,24.399999618530273,19.344419479370117,5306700.0
2023-01-04,SPALI.BK,24.399999618530273,24.5,24.0,24.399999618530273,19.344419479370117,9143100.0
2023-01-05,SPALI.BK,24.399999618530273,24.399999618530273,23.5,23.600000381469727,18.710176467895508,12775500.0
2023-01-06,SPALI.BK,23.700000762939453,24.100000381469727,23.600000381469727,23.799999237060547,18.868736267089844,11153100.0
2023-01-09,SPALI.BK,24.0,24.200000762939453,23.799999237060547,23.899999618530273,18.948017120361328,6508700.0
2023-01-10,SPALI.BK,23.899999618530273,23.899999618530273,23.600000381469727,23.899999618530273,18.948017120361328,6230300.0
2023-01-11,SPALI.BK,23.899999618530273,24.0,23.700000762939453,23.799999237060547,18.868736267089844,5003300.0
2023-01-12,SPALI.BK,23.899999618530273,24.0,23.600000381469727,23.799999237060547,18.868736267089844,8104700.0
2023-01-13,SPALI.BK,23.799999237060547,23.899999618530273,23.600000381469727,23.700000762939453,18.789459228515625,2479400.0
2023-01-16,SPALI.BK,23.600000381469727,23.899999618530273,23.5,23.600000381469727,18.710176467895508,5568300.0
2023-01-17,SPALI.BK,23.600000381469727,23.600000381469727,23.399999618530273,23.600000381469727,18.710176467895508,3602500.0
2023-01-18,SPALI.BK,23.5,23.600000381469727,23.100000381469727,23.200000762939453,18.393054962158203,4486000.0
2023-01-19,SPALI.BK,23.100000381469727,23.799999237060547,23.100000381469727,23.700000762939453,18.789459228515625,8309600.0
2023-01-20,SPALI.BK,23.600000381469727,23.799999237060547,23.200000762939453,23.200000762939453,18.393054962158203,7319700.0
2023-01-23,SPALI.BK,23.200000762939453,23.600000381469727,23.100000381469727,23.399999618530273,18.55161476135254,9377900.0
2023-01-24,SPALI.BK,23.600000381469727,23.799999237060547,23.5,23.600000381469727,18.710176467895508,6035700.0
2023-01-25,SPALI.BK,23.600000381469727,23.799999237060547,23.5,23.700000762939453,18.789459228515625,9304300.0
2023-01-26,SPALI.BK,23.700000762939453,24.0,23.600000381469727,23.700000762939453,18.789459228515625,13216100.0
2023-01-27,SPALI.BK,23.700000762939453,24.100000381469727,23.600000381469727,24.0,19.027297973632812,12057800.0
2023-01-30,SPALI.BK,24.0,24.200000762939453,23.799999237060547,23.899999618530273,18.948017120361328,6803600.0
2023-01-31,SPALI.BK,23.799999237060547,24.299999237060547,23.700000762939453,24.200000762939453,19.18585968017578,8070700.0
2023-02-01,SPALI.BK,24.299999237060547,24.399999618530273,24.0,24.100000381469727,19.106576919555664,8166900.0
2023-02-02,SPALI.BK,24.200000762939453,24.600000381469727,24.100000381469727,24.200000762939453,19.18585968017578,9193300.0
2023-02-03,SPALI.BK,24.299999237060547,24.5,24.100000381469727,24.299999237060547,19.26513671875,5391500.0
2023-02-06,SPALI.BK,24.399999618530273,24.5,24.200000762939453,24.200000762939453,19.18585968017578,4712300.0
2023-02-07,SPALI.BK,24.399999618530273,24.700000762939453,24.100000381469727,24.5,19.4237003326416,17116800.0
2023-02-08,SPALI.BK,24.600000381469727,24.799999237060547,24.399999618530273,24.5,19.4237003326416,10111100.0
2023-02-09,SPALI.BK,24.700000762939453,24.700000762939453,24.100000381469727,24.200000762939453,19.18585968017578,11081400.0
2023-02-10,SPALI.BK,24.100000381469727,24.700000762939453,23.899999618530273,24.5,19.4237003326416,9596600.0
2023-02-13,SPALI.BK,24.399999618530273,24.700000762939453,24.299999237060547,24.399999618530273,19.344419479370117,5018100.0
2023-02-14,SPALI.BK,24.399999618530273,24.5,24.200000762939453,24.200000762939453,19.18585968017578,6980800.0
2023-02-15,SPALI.BK,24.200000762939453,24.5,24.100000381469727,24.200000762939453,19.18585968017578,5407900.0
2023-02-16,SPALI.BK,24.200000762939453,24.299999237060547,23.899999618530273,23.899999618530273,18.948017120361328,8709000.0
2023-02-17,SPALI.BK,24.0,24.200000762939453,23.899999618530273,24.200000762939453,19.18585968017578,6714900.0
2023-02-20,SPALI.BK,24.200000762939453,24.299999237060547,23.899999618530273,24.0,19.027297973632812,4333900.0
2023-02-21,SPALI.BK,24.0,24.200000762939453,23.799999237060547,24.100000381469727,19.106576919555664,6881600.0
2023-02-22,SPALI.BK,24.200000762939453,24.299999237060547,23.200000762939453,23.399999618530273,18.55161476135254,16233300.0
2023-02-23,SPALI.BK,23.399999618530273,23.399999618530273,22.600000381469727,22.700000762939453,17.996652603149414,13186800.0
2023-02-24,SPALI.BK,22.899999618530273,23.0,22.700000762939453,22.799999237060547,18.075931549072266,10865600.0
2023-02-27,SPALI.BK,22.799999237060547,23.0,22.700000762939453,23.0,18.234493255615234,8173200.0
2023-02-28,SPALI.BK,22.899999618530273,23.0,22.700000762939453,22.799999237060547,18.075931549072266,9159300.0
2023-03-01,SPALI.BK,22.799999237060547,22.899999618530273,22.5,22.700000762939453,17.996652603149414,7605500.0
2023-03-02,SPALI.BK,22.600000381469727,22.799999237060547,22.5,22.700000762939453,17.996652603149414,5413600.0
2023-03-03,SPALI.BK,22.799999237060547,22.799999237060547,22.5,22.5,17.838092803955078,2106500.0
2023-03-07,SPALI.BK,22.5,22.600000381469727,22.299999237060547,22.399999618530273,17.758811950683594,5155000.0
2023-03-08,SPALI.BK,22.5,22.899999618530273,22.5,22.799999237060547,18.075931549072266,9045600.0
2023-03-09,SPALI.BK,22.799999237060547,23.0,22.600000381469727,22.799999237060547,18.075931549072266,10520400.0
2023-03-10,SPALI.BK,22.700000762939453,22.899999618530273,22.5,22.600000381469727,17.917373657226562,7007600.0
2023-03-13,SPALI.BK,22.5,22.700000762939453,22.100000381469727,22.200000762939453,17.600252151489258,5136000.0
2023-03-14,SPALI.BK,22.200000762939453,22.299999237060547,21.0,21.100000381469727,16.728168487548828,13462800.0
2023-03-15,SPALI.BK,21.5,22.100000381469727,21.5,21.799999237060547,17.28312873840332,10001800.0
2023-03-16,SPALI.BK,21.600000381469727,22.100000381469727,21.600000381469727,22.0,17.44169044494629,7263800.0
2023-03-17,SPALI.BK,22.0,22.399999618530273,21.899999618530273,22.200000762939453,17.600252151489258,4952800.0
2023-03-20,SPALI.BK,22.200000762939453,22.299999237060547,22.0,22.100000381469727,17.52096939086914,5978900.0
2023-03-21,SPALI.BK,22.100000381469727,22.200000762939453,21.700000762939453,22.0,17.44169044494629,9526000.0
2023-03-22,SPALI.BK,22.100000381469727,22.299999237060547,22.0,22.100000381469727,17.52096939086914,3508800.0
2023-03-23,SPALI.BK,22.200000762939453,22.5,22.100000381469727,22.299999237060547,17.67953109741211,4361200.0
2023-03-24,SPALI.BK,22.399999618530273,22.399999618530273,22.0,22.200000762939453,17.600252151489258,5768500.0
2023-03-27,SPALI.BK,22.399999618530273,22.600000381469727,22.200000762939453,22.399999618530273,17.758811950683594,5292800.0
2023-03-28,SPALI.BK,22.5,22.700000762939453,22.5,22.600000381469727,17.917373657226562,2756300.0
2023-03-29,SPALI.BK,22.600000381469727,22.600000381469727,22.100000381469727,22.399999618530273,17.758811950683594,2432000.0
2023-03-30,SPALI.BK,22.299999237060547,22.5,22.200000762939453,22.399999618530273,17.758811950683594,3358800.0
2023-03-31,SPALI.BK,22.5,22.5,22.200000762939453,22.200000762939453,17.600252151489258,2597600.0
2023-04-03,SPALI.BK,22.200000762939453,22.700000762939453,22.200000762939453,22.600000381469727,17.917373657226562,6184100.0
2023-04-04,SPALI.BK,22.700000762939453,22.799999237060547,22.299999237060547,22.600000381469727,17.917373657226562,3614500.0
2023-04-05,SPALI.BK,22.700000762939453,22.700000762939453,22.200000762939453,22.200000762939453,17.600252151489258,2313100.0
2023-04-07,SPALI.BK,22.399999618530273,22.399999618530273,22.200000762939453,22.200000762939453,17.600252151489258,1530000.0
2023-04-10,SPALI.BK,22.200000762939453,22.5,22.200000762939453,22.299999237060547,17.67953109741211,1592800.0
2023-04-11,SPALI.BK,22.299999237060547,22.5,22.299999237060547,22.399999618530273,17.758811950683594,3072100.0
2023-04-12,SPALI.BK,22.5,22.799999237060547,22.5,22.600000381469727,17.917373657226562,5728400.0
2023-04-17,SPALI.BK,22.600000381469727,23.0,22.600000381469727,22.799999237060547,18.075931549072266,5992400.0
2023-04-18,SPALI.BK,22.899999618530273,23.0,22.799999237060547,22.899999618530273,18.15521240234375,5351000.0
2023-04-19,SPALI.BK,22.799999237060547,22.899999618530273,22.600000381469727,22.700000762939453,17.996652603149414,4329900.0
2023-04-20,SPALI.BK,22.700000762939453,22.799999237060547,22.600000381469727,22.799999237060547,18.075931549072266,3882800.0
2023-04-21,SPALI.BK,22.799999237060547,22.899999618530273,22.399999618530273,22.700000762939453,17.996652603149414,6130400.0
2023-04-24,SPALI.BK,22.799999237060547,22.799999237060547,21.5,21.600000381469727,17.124568939208984,13388900.0
2023-04-25,SPALI.BK,21.600000381469727,21.700000762939453,21.200000762939453,21.200000762939453,16.807449340820312,5150100.0
2023-04-26,SPALI.BK,21.200000762939453,21.200000762939453,20.799999237060547,21.0,16.64888572692871,6062800.0
2023-04-27,SPALI.BK,21.0,21.5,21.0,21.399999618530273,16.966005325317383,3973700.0
2023-04-28,SPALI.BK,21.399999618530273,21.600000381469727,21.200000762939453,21.200000762939453,16.807449340820312,4673100.0
2023-05-02,SPALI.BK,21.299999237060547,21.399999618530273,21.200000762939453,21.299999237060547,16.88672637939453,4418900.0
2023-05-03,SPALI.BK,21.299999237060547,21.399999618530273,21.0,21.299999237060547,16.88672637939453,8032000.0
2023-05-08,SPALI.BK,20.600000381469727,21.0,20.600000381469727,20.899999618530273,17.17433738708496,6203100.0
2023-05-09,SPALI.BK,21.0,21.0,20.600000381469727,20.899999618530273,17.17433738708496,6358500.0
2023-05-10,SPALI.BK,21.100000381469727,21.5,20.899999618530273,21.399999618530273,17.585205078125,5238700.0
2023-05-11,SPALI.BK,21.600000381469727,21.600000381469727,21.0,21.299999237060547,17.50303077697754,4672800.0
2023-05-12,SPALI.BK,21.299999237060547,21.299999237060547,20.799999237060547,21.0,17.256507873535156,4649500.0
2023-05-15,SPALI.BK,21.0,21.0,20.700000762939453,21.100000381469727,17.33868408203125,4468200.0
2023-05-16,SPALI.BK,21.100000381469727,21.100000381469727,20.700000762939453,20.700000762939453,17.00998878479004,2719800.0
2023-05-17,SPALI.BK,20.799999237060547,20.799999237060547,19.899999618530273,20.0,16.434768676757812,9208400.0
2023-05-18,SPALI.BK,20.299999237060547,20.5,20.100000381469727,20.299999237060547,16.681291580200195,7947500.0
2023-05-19,SPALI.BK,20.399999618530273,20.5,20.200000762939453,20.399999618530273,16.763465881347656,4364500.0
2023-05-22,SPALI.BK,20.299999237060547,20.299999237060547,19.799999237060547,20.299999237060547,16.681291580200195,6876800.0
2023-05-23,SPALI.BK,20.299999237060547,20.5,20.100000381469727,20.399999618530273,16.763465881347656,4118100.0
2023-05-24,SPALI.BK,20.299999237060547,21.0,20.299999237060547,20.799999237060547,17.092161178588867,8870900.0
2023-05-25,SPALI.BK,20.899999618530273,20.899999618530273,20.5,20.700000762939453,17.00998878479004,5089700.0
2023-05-26,SPALI.BK,20.799999237060547,20.799999237060547,20.600000381469727,20.700000762939453,17.00998878479004,2020100.0
2023-05-29,SPALI.BK,20.799999237060547,20.899999618530273,20.700000762939453,20.899999618530273,17.17433738708496,1623400.0
2023-05-30,SPALI.BK,20.899999618530273,21.0,20.600000381469727,20.700000762939453,17.00998878479004,5566600.0
2023-05-31,SPALI.BK,20.600000381469727,20.700000762939453,20.100000381469727,20.200000762939453,16.599119186401367,9812200.0
2023-06-01,SPALI.BK,20.0,20.399999618530273,19.799999237060547,20.200000762939453,16.599119186401367,5587200.0
2023-06-02,SPALI.BK,20.200000762939453,20.299999237060547,20.100000381469727,20.200000762939453,16.599119186401367,2129600.0
2023-06-06,SPALI.BK,20.299999237060547,20.399999618530273,20.200000762939453,20.299999237060547,16.681291580200195,2026000.0
2023-06-07,SPALI.BK,20.399999618530273,20.799999237060547,20.299999237060547,20.700000762939453,17.00998878479004,4770200.0
2023-06-08,SPALI.BK,20.600000381469727,21.5,20.600000381469727,21.399999618530273,17.585205078125,9021500.0
2023-06-09,SPALI.BK,21.200000762939453,21.399999618530273,21.100000381469727,21.299999237060547,17.50303077697754,4699800.0
2023-06-12,SPALI.BK,21.200000762939453,21.299999237060547,21.100000381469727,21.200000762939453,17.42085838317871,1680000.0
2023-06-13,SPALI.BK,21.200000762939453,21.399999618530273,21.100000381469727,21.299999237060547,17.50303077697754,2541500.0
2023-06-14,SPALI.BK,21.299999237060547,21.399999618530273,21.100000381469727,21.200000762939453,17.42085838317871,2145900.0
2023-06-15,SPALI.BK,21.200000762939453,21.299999237060547,20.799999237060547,20.899999618530273,17.17433738708496,3223400.0
2023-06-16,SPALI.BK,20.899999618530273,21.0,20.799999237060547,20.899999618530273,17.17433738708496,1702200.0
2023-06-19,SPALI.BK,20.799999237060547,20.899999618530273,20.700000762939453,20.799999237060547,17.092161178588867,543000.0
2023-06-20,SPALI.BK,20.799999237060547,21.299999237060547,20.700000762939453,21.200000762939453,17.42085838317871,6426400.0
2023-06-21,SPALI.BK,21.100000381469727,21.200000762939453,20.700000762939453,20.600000381469727,16.927814483642578,2749200.0
2023-06-22,SPALI.BK,20.600000381469727,20.700000762939453,20.399999618530273,20.5,16.845640182495117,3251500.0
2023-06-23,SPALI.BK,20.399999618530273,20.5,20.200000762939453,20.399999618530273,16.763465881347656,3019200.0
2023-06-26,SPALI.BK,20.100000381469727,20.200000762939453,19.899999618530273,20.0,16.434768676757812,4973100.0
2023-06-27,SPALI.BK,20.0,20.0,19.600000381469727,19.799999237060547,16.27042579650879,9319800.0
2023-06-28,SPALI.BK,19.799999237060547,20.200000762939453,19.700000762939453,19.799999237060547,16.27042579650879,4108600.0
2023-06-29,SPALI.BK,19.799999237060547,20.200000762939453,19.799999237060547,20.0,16.434768676757812,2558400.0
2023-06-30,SPALI.BK,20.100000381469727,20.299999237060547,20.0,20.200000762939453,16.599119186401367,4391000.0
2023-07-03,SPALI.BK,20.299999237060547,20.299999237060547,20.0,20.100000381469727,16.516944885253906,2703600.0
2023-07-04,SPALI.BK,20.299999237060547,20.600000381469727,20.299999237060547,20.399999618530273,16.763465881347656,1719600.0
2023-07-05,SPALI.BK,20.5,20.5,20.200000762939453,20.299999237060547,16.681291580200195,2771700.0
2023-07-06,SPALI.BK,20.399999618530273,20.399999618530273,20.100000381469727,20.200000762939453,16.599119186401367,2764000.0
2023-07-07,SPALI.BK,20.200000762939453,20.399999618530273,20.100000381469727,20.200000762939453,16.599119186401367,1077400.0
2023-07-10,SPALI.BK,20.200000762939453,20.399999618530273,20.100000381469727,20.299999237060547,16.681291580200195,3189500.0
2023-07-11,SPALI.BK,20.299999237060547,20.399999618530273,20.100000381469727,20.200000762939453,16.599119186401367,2025500.0
2023-07-12,SPALI.BK,20.200000762939453,20.399999618530273,20.100000381469727,20.299999237060547,16.681291580200195,2479400.0
2023-07-13,SPALI.BK,20.299999237060547,20.399999618530273,20.200000762939453,20.299999237060547,16.681291580200195,1935500.0
2023-07-14,SPALI.BK,20.399999618530273,20.799999237060547,20.299999237060547,20.700000762939453,17.00998878479004,2252400.0
2023-07-17,SPALI.BK,20.899999618530273,21.399999618530273,20.700000762939453,21.200000762939453,17.42085838317871,10200200.0
2023-07-18,SPALI.BK,21.200000762939453,21.399999618530273,21.0,21.100000381469727,17.33868408203125,3155700.0
2023-07-19,SPALI.BK,21.200000762939453,21.5,21.100000381469727,21.299999237060547,17.50303077697754,6234000.0
2023-07-20,SPALI.BK,21.600000381469727,21.799999237060547,21.399999618530273,21.399999618530273,17.585205078125,9662000.0
2023-07-21,SPALI.BK,21.399999618530273,21.5,21.0,21.0,17.256507873535156,7475400.0
2023-07-24,SPALI.BK,21.0,21.200000762939453,20.799999237060547,20.899999618530273,17.17433738708496,2802400.0
2023-07-25,SPALI.BK,21.0,21.100000381469727,20.700000762939453,20.799999237060547,17.092161178588867,3860500.0
2023-07-26,SPALI.BK,20.799999237060547,21.0,20.700000762939453,20.899999618530273,17.17433738708496,1349400.0
2023-07-27,SPALI.BK,20.899999618530273,21.0,20.700000762939453,21.0,17.256507873535156,4222000.0
2023-07-31,SPALI.BK,21.0,21.200000762939453,21.0,21.200000762939453,17.42085838317871,2089800.0
2023-08-02,SPALI.BK,21.100000381469727,21.200000762939453,20.899999618530273,21.0,17.256507873535156,3622800.0
2023-08-03,SPALI.BK,21.0,21.100000381469727,20.799999237060547,20.899999618530273,17.17433738708496,4372100.0
2023-08-04,SPALI.BK,21.0,21.0,20.600000381469727,20.700000762939453,17.00998878479004,3792100.0
2023-08-07,SPALI.BK,20.600000381469727,20.700000762939453,20.399999618530273,20.5,16.845640182495117,3614400.0
2023-08-08,SPALI.BK,20.600000381469727,20.700000762939453,20.399999618530273,20.399999618530273,16.763465881347656,1917800.0
2023-08-09,SPALI.BK,20.700000762939453,21.100000381469727,20.5,20.899999618530273,17.17433738708496,10115100.0
2023-08-10,SPALI.BK,20.899999618530273,21.299999237060547,20.899999618530273,21.200000762939453,17.42085838317871,7970400.0
2023-08-11,SPALI.BK,21.299999237060547,21.299999237060547,21.0,21.100000381469727,17.33868408203125,3895400.0
2023-08-15,SPALI.BK,21.100000381469727,21.299999237060547,20.899999618530273,21.100000381469727,17.33868408203125,4728000.0
2023-08-16,SPALI.BK,21.0,21.200000762939453,20.799999237060547,21.100000381469727,17.33868408203125,6524000.0
2023-08-17,SPALI.BK,21.0,21.100000381469727,20.799999237060547,20.899999618530273,17.17433738708496,9876800.0
2023-08-18,SPALI.BK,20.899999618530273,21.100000381469727,20.799999237060547,21.0,17.256507873535156,7556100.0
2023-08-21,SPALI.BK,21.0,21.200000762939453,20.899999618530273,21.100000381469727,17.33868408203125,5260600.0
2023-08-22,SPALI.BK,20.5,20.700000762939453,20.299999237060547,20.600000381469727,17.508668899536133,8455100.0
2023-08-23,SPALI.BK,20.600000381469727,20.600000381469727,20.299999237060547,20.5,17.423677444458008,5187000.0
2023-08-24,SPALI.BK,20.399999618530273,21.0,20.399999618530273,20.799999237060547,17.67865562438965,9054000.0
2023-08-25,SPALI.BK,20.799999237060547,21.299999237060547,20.799999237060547,21.200000762939453,18.018632888793945,5570800.0
2023-08-28,SPALI.BK,21.299999237060547,21.299999237060547,21.100000381469727,21.200000762939453,18.018632888793945,1287200.0
2023-08-29,SPALI.BK,21.200000762939453,21.299999237060547,21.100000381469727,21.100000381469727,17.933639526367188,4852700.0
2023-08-30,SPALI.BK,21.100000381469727,21.600000381469727,21.100000381469727,21.5,18.273611068725586,6750800.0
2023-08-31,SPALI.BK,21.5,21.799999237060547,21.399999618530273,21.700000762939453,18.443599700927734,10317400.0
2023-09-01,SPALI.BK,21.799999237060547,21.799999237060547,21.600000381469727,21.700000762939453,18.443599700927734,6753800.0
2023-09-04,SPALI.BK,21.700000762939453,21.700000762939453,21.299999237060547,21.5,18.273611068725586,5497000.0
2023-09-05,SPALI.BK,21.5,21.600000381469727,21.399999618530273,21.399999618530273,18.188617706298828,1265400.0
2023-09-06,SPALI.BK,21.399999618530273,21.5,21.299999237060547,21.399999618530273,18.188617706298828,1826800.0
2023-09-07,SPALI.BK,21.299999237060547,21.700000762939453,21.299999237060547,21.600000381469727,18.358606338500977,5674800.0
2023-09-08,SPALI.BK,21.600000381469727,21.700000762939453,21.5,21.600000381469727,18.358606338500977,1811000.0
2023-09-11,SPALI.BK,21.700000762939453,21.799999237060547,21.299999237060547,21.399999618530273,18.188617706298828,3691600.0
2023-09-12,SPALI.BK,21.200000762939453,21.200000762939453,21.0,21.0,17.848644256591797,6855000.0
2023-09-13,SPALI.BK,21.100000381469727,21.399999618530273,21.0,21.299999237060547,18.10362434387207,3559600.0
2023-09-14,SPALI.BK,21.399999618530273,21.399999618530273,21.200000762939453,21.200000762939453,18.018632888793945,1238500.0
2023-09-15,SPALI.BK,21.200000762939453,21.299999237060547,21.0,21.100000381469727,17.933639526367188,1370600.0
2023-09-18,SPALI.BK,21.100000381469727,21.200000762939453,20.799999237060547,20.799999237060547,17.67865562438965,2481000.0
2023-09-19,SPALI.BK,20.899999618530273,21.100000381469727,20.799999237060547,20.899999618530273,17.76365089416504,2291800.0
2023-09-20,SPALI.BK,20.799999237060547,20.899999618530273,20.700000762939453,20.899999618530273,17.76365089416504,3821900.0
2023-09-21,SPALI.BK,20.700000762939453,20.899999618530273,20.700000762939453,20.799999237060547,17.67865562438965,3481700.0
2023-09-22,SPALI.BK,20.799999237060547,20.899999618530273,20.600000381469727,20.899999618530273,17.76365089416504,2809400.0
2023-09-25,SPALI.BK,20.899999618530273,20.899999618530273,20.5,20.5,17.423677444458008,2289800.0
2023-09-26,SPALI.BK,20.5,20.600000381469727,20.100000381469727,20.100000381469727,17.083703994750977,7797300.0
2023-09-27,SPALI.BK,20.299999237060547,20.299999237060547,20.0,20.100000381469727,17.083703994750977,3211200.0
2023-09-28,SPALI.BK,20.100000381469727,20.399999618530273,20.0,20.200000762939453,17.168697357177734,3658900.0
2023-09-29,SPALI.BK,20.299999237060547,20.399999618530273,20.100000381469727,20.100000381469727,17.083703994750977,2317100.0
2023-10-02,SPALI.BK,20.200000762939453,20.299999237060547,19.899999618530273,20.0,16.998708724975586,5288500.0
2023-10-03,SPALI.BK,20.0,20.100000381469727,19.899999618530273,19.899999618530273,16.913713455200195,3881700.0
2023-10-04,SPALI.BK,19.899999618530273,20.200000762939453,19.899999618530273,20.100000381469727,17.083703994750977,2361500.0
2023-10-05,SPALI.BK,20.100000381469727,20.100000381469727,19.5,19.600000381469727,16.658735275268555,11696400.0
2023-10-06,SPALI.BK,19.700000762939453,19.799999237060547,19.299999237060547,19.399999618530273,16.48874855041504,10942800.0
2023-10-09,SPALI.BK,19.399999618530273,19.5,19.299999237060547,19.399999618530273,16.48874855041504,3241200.0
2023-10-10,SPALI.BK,19.700000762939453,19.899999618530273,19.5,19.899999618530273,16.913713455200195,5269100.0
2023-10-11,SPALI.BK,19.899999618530273,20.100000381469727,19.700000762939453,19.899999618530273,16.913713455200195,5048800.0
2023-10-12,SPALI.BK,19.899999618530273,20.0,19.799999237060547,19.899999618530273,16.913713455200195,1270800.0
2023-10-16,SPALI.BK,19.700000762939453,19.799999237060547,19.100000381469727,19.5,16.573741912841797,9780300.0
2023-10-17,SPALI.BK,19.5,19.5,19.399999618530273,19.399999618530273,16.48874855041504,1488000.0
2023-10-18,SPALI.BK,19.399999618530273,19.399999618530273,19.100000381469727,19.200000762939453,16.31875991821289,3570700.0
2023-10-19,SPALI.BK,19.299999237060547,19.5,19.200000762939453,19.299999237060547,16.40375328063965,2933600.0
2023-10-20,SPALI.BK,19.299999237060547,19.299999237060547,18.899999618530273,19.0,16.148775100708008,6469500.0
2023-10-24,SPALI.BK,19.0,19.0,18.5,18.5,15.72380542755127,9754200.0
2023-10-25,SPALI.BK,18.600000381469727,18.799999237060547,18.5,18.5,15.72380542755127,6911500.0
2023-10-26,SPALI.BK,18.5,18.600000381469727,18.100000381469727,18.200000762939453,15.46882438659668,8834200.0
2023-10-27,SPALI.BK,18.200000762939453,18.5,18.0,18.399999618530273,15.638812065124512,6995400.0
2023-10-30,SPALI.BK,18.299999237060547,18.600000381469727,18.299999237060547,18.399999618530273,15.638812065124512,6777900.0
2023-10-31,SPALI.BK,18.399999618530273,18.5,18.100000381469727,18.399999618530273,15.638812065124512,5841500.0
2023-11-01,SPALI.BK,18.299999237060547,18.5,18.100000381469727,18.399999618530273,15.638812065124512,7317600.0
2023-11-02,SPALI.BK,18.399999618530273,18.700000762939453,18.200000762939453,18.5,15.72380542755127,11795200.0
2023-11-03,SPALI.BK,18.5,18.899999618530273,18.5,18.799999237060547,15.97878646850586,7292100.0
2023-11-06,SPALI.BK,18.899999618530273,19.0,18.799999237060547,18.899999618530273,16.063777923583984,3811600.0
2023-11-07,SPALI.BK,18.899999618530273,18.899999618530273,18.5,18.5,15.72380542755127,5153900.0
2023-11-08,SPALI.BK,18.5,18.600000381469727,18.299999237060547,18.299999237060547,15.55381965637207,6210100.0
2023-11-09,SPALI.BK,18.299999237060547,18.399999618530273,18.100000381469727,18.299999237060547,15.55381965637207,6788700.0
2023-11-10,SPALI.BK,18.200000762939453,18.299999237060547,17.799999237060547,18.0,15.29883861541748,8239800.0
2023-11-13,SPALI.BK,18.0,18.200000762939453,17.899999618530273,18.0,15.29883861541748,4269400.0
2023-11-14,SPALI.BK,18.100000381469727,18.200000762939453,17.600000381469727,17.899999618530273,15.213844299316406,7746400.0
2023-11-15,SPALI.BK,18.100000381469727,18.399999618530273,18.100000381469727,18.200000762939453,15.46882438659668,6115900.0
2023-11-16,SPALI.BK,18.200000762939453,18.299999237060547,17.799999237060547,17.899999618530273,15.213844299316406,6153000.0
2023-11-17,SPALI.BK,17.899999618530273,18.0,17.700000762939453,17.799999237060547,15.128849029541016,5339900.0
2023-11-20,SPALI.BK,17.799999237060547,18.299999237060547,17.799999237060547,18.200000762939453,15.46882438659668,9929000.0
2023-11-21,SPALI.BK,18.200000762939453,18.299999237060547,18.100000381469727,18.100000381469727,15.383831024169922,9124900.0
2023-11-22,SPALI.BK,18.100000381469727,18.200000762939453,17.899999618530273,17.899999618530273,15.213844299316406,4060700.0
2023-11-23,SPALI.BK,17.899999618530273,18.100000381469727,17.799999237060547,18.0,15.29883861541748,4982700.0
2023-11-24,SPALI.BK,17.899999618530273,18.100000381469727,17.799999237060547,17.899999618530273,15.213844299316406,3761800.0
2023-11-27,SPALI.BK,17.899999618530273,18.0,17.799999237060547,17.899999618530273,15.213844299316406,2091700.0
2023-11-28,SPALI.BK,18.0,18.0,17.799999237060547,17.899999618530273,15.213844299316406,3410900.0
2023-11-29,SPALI.BK,17.899999618530273,18.0,17.799999237060547,17.799999237060547,15.128849029541016,3684400.0
2023-11-30,SPALI.BK,17.799999237060547,17.899999618530273,17.5,17.600000381469727,14.958863258361816,11073300.0
2023-12-01,SPALI.BK,17.600000381469727,17.799999237060547,17.600000381469727,17.799999237060547,15.128849029541016,2556400.0
2023-12-04,SPALI.BK,17.799999237060547,17.899999618530273,17.700000762939453,17.799999237060547,15.128849029541016,3246700.0
2023-12-06,SPALI.BK,17.799999237060547,17.799999237060547,17.5,17.700000762939453,15.043859481811523,5374600.0
2023-12-07,SPALI.BK,17.799999237060547,18.200000762939453,17.799999237060547,18.100000381469727,15.383831024169922,8239600.0
2023-12-08,SPALI.BK,18.100000381469727,18.100000381469727,17.899999618530273,18.100000381469727,15.383831024169922,5594700.0
2023-12-12,SPALI.BK,18.0,18.100000381469727,17.5,17.5,14.873870849609375,10679400.0
2023-12-13,SPALI.BK,17.5,17.600000381469727,17.100000381469727,17.100000381469727,14.533896446228027,7862500.0
2023-12-14,SPALI.BK,17.200000762939453,17.399999618530273,17.100000381469727,17.200000762939453,14.618891716003418,7996800.0
2023-12-15,SPALI.BK,17.200000762939453,18.0,17.200000762939453,17.899999618530273,15.213844299316406,10131400.0
2023-12-18,SPALI.BK,17.799999237060547,18.200000762939453,17.799999237060547,18.0,15.29883861541748,7495900.0
2023-12-19,SPALI.BK,18.0,18.100000381469727,17.799999237060547,17.899999618530273,15.213844299316406,4068100.0
2023-12-20,SPALI.BK,17.899999618530273,18.299999237060547,17.899999618530273,18.200000762939453,15.46882438659668,6743000.0
2023-12-21,SPALI.BK,18.100000381469727,18.200000762939453,18.0,18.100000381469727,15.383831024169922,3066900.0
2023-12-22,SPALI.BK,18.100000381469727,18.100000381469727,18.0,18.100000381469727,15.383831024169922,4217800.0
2023-12-25,SPALI.BK,18.100000381469727,18.5,18.0,18.399999618530273,15.638812065124512,5991400.0
2023-12-26,SPALI.BK,18.399999618530273,18.5,18.299999237060547,18.5,15.72380542755127,5141900.0
2023-12-27,SPALI.BK,18.5,18.600000381469727,18.399999618530273,18.600000381469727,15.80880069732666,4325400.0
2023-12-28,SPALI.BK,18.5,18.600000381469727,18.299999237060547,18.600000381469727,15.80880069732666,5554200.0
2024-01-03,SPALI.BK,18.799999237060547,19.399999618530273,18.700000762939453,19.100000381469727,16.233766555786133,12222200.0
2024-01-04,SPALI.BK,19.100000381469727,19.299999237060547,19.0,19.200000762939453,16.31875991821289,6276900.0
2024-01-05,SPALI.BK,19.100000381469727,19.200000762939453,18.799999237060547,18.899999618530273,16.063777923583984,11918200.0
2024-01-08,SPALI.BK,18.899999618530273,19.0,18.700000762939453,18.899999618530273,16.063777923583984,4529300.0
2024-01-09,SPALI.BK,18.899999618530273,19.0,18.700000762939453,18.899999618530273,16.063777923583984,7560200.0
2024-01-10,SPALI.BK,18.899999618530273,19.100000381469727,18.899999618530273,19.100000381469727,16.233766555786133,7590700.0
2024-01-11,SPALI.BK,19.100000381469727,19.399999618530273,19.0,19.399999618530273,16.48874855041504,4767300.0
2024-01-12,SPALI.BK,19.399999618530273,19.399999618530273,19.100000381469727,19.299999237060547,16.40375328063965,5985500.0
2024-01-15,SPALI.BK,19.399999618530273,19.700000762939453,19.200000762939453,19.600000381469727,16.658735275268555,8127400.0
2024-01-16,SPALI.BK,19.600000381469727,19.600000381469727,19.299999237060547,19.399999618530273,16.48874855041504,3588800.0
2024-01-17,SPALI.BK,19.399999618530273,19.5,19.100000381469727,19.299999237060547,16.40375328063965,8468100.0
2024-01-18,SPALI.BK,19.299999237060547,19.399999618530273,19.100000381469727,19.299999237060547,16.40375328063965,7957700.0
2024-01-19,SPALI.BK,19.399999618530273,19.5,19.200000762939453,19.299999237060547,16.40375328063965,6305200.0
2024-01-22,SPALI.BK,19.299999237060547,19.299999237060547,18.899999618530273,19.0,16.148775100708008,11773400.0
2024-01-23,SPALI.BK,19.200000762939453,19.200000762939453,18.700000762939453,18.799999237060547,15.97878646850586,7120100.0
2024-01-24,SPALI.BK,18.799999237060547,19.600000381469727,18.799999237060547,19.5,16.573741912841797,11367200.0
2024-01-25,SPALI.BK,19.399999618530273,19.700000762939453,19.399999618530273,19.700000762939453,16.743728637695312,8185800.0
2024-01-26,SPALI.BK,19.600000381469727,19.700000762939453,19.5,19.700000762939453,16.743728637695312,4826600.0
2024-01-29,SPALI.BK,19.700000762939453,20.0,19.600000381469727,20.0,16.998708724975586,5975200.0
2024-01-30,SPALI.BK,20.0,20.0,19.700000762939453,19.799999237060547,16.82872200012207,7832300.0
2024-01-31,SPALI.BK,19.799999237060547,19.799999237060547,19.5,19.700000762939453,16.743728637695312,8240200.0
2024-02-01,SPALI.BK,19.700000762939453,19.700000762939453,19.200000762939453,19.399999618530273,16.48874855041504,3897600.0
2024-02-02,SPALI.BK,19.5,19.899999618530273,19.5,19.700000762939453,16.743728637695312,4152700.0
2024-02-05,SPALI.BK,19.799999237060547,19.799999237060547,19.5,19.600000381469727,16.658735275268555,3072800.0
2024-02-06,SPALI.BK,19.600000381469727,19.700000762939453,19.200000762939453,19.600000381469727,16.658735275268555,8403900.0
2024-02-07,SPALI.BK,19.600000381469727,19.700000762939453,19.399999618530273,19.600000381469727,16.658735275268555,4173500.0
2024-02-08,SPALI.BK,19.600000381469727,19.799999237060547,19.5,19.700000762939453,16.743728637695312,3149400.0
2024-02-09,SPALI.BK,19.700000762939453,19.700000762939453,19.399999618530273,19.600000381469727,16.658735275268555,3356800.0
2024-02-12,SPALI.BK,19.700000762939453,19.700000762939453,19.399999618530273,19.5,16.573741912841797,3262000.0
2024-02-13,SPALI.BK,19.600000381469727,19.799999237060547,19.5,19.700000762939453,16.743728637695312,4330600.0
2024-02-14,SPALI.BK,19.5,19.600000381469727,19.299999237060547,19.399999618530273,16.48874855041504,4154300.0
2024-02-15,SPALI.BK,19.399999618530273,19.5,19.200000762939453,19.5,16.573741912841797,3474900.0
2024-02-16,SPALI.BK,19.5,19.600000381469727,19.399999618530273,19.5,16.573741912841797,3342900.0
2024-02-19,SPALI.BK,19.600000381469727,19.700000762939453,19.5,19.700000762939453,16.743728637695312,2492500.0
2024-02-20,SPALI.BK,19.700000762939453,19.899999618530273,19.600000381469727,19.799999237060547,16.82872200012207,3992400.0
2024-02-21,SPALI.BK,19.899999618530273,20.799999237060547,19.899999618530273,20.799999237060547,17.67865562438965,20380900.0
2024-02-22,SPALI.BK,20.700000762939453,21.399999618530273,20.700000762939453,21.299999237060547,18.10362434387207,12262000.0
2024-02-23,SPALI.BK,21.200000762939453,21.299999237060547,21.100000381469727,21.100000381469727,17.933639526367188,3871800.0
2024-02-27,SPALI.BK,21.200000762939453,21.200000762939453,20.799999237060547,21.0,17.848644256591797,5345800.0
2024-02-28,SPALI.BK,20.799999237060547,20.799999237060547,20.5,20.700000762939453,17.593666076660156,8516100.0
2024-02-29,SPALI.BK,20.700000762939453,21.0,20.399999618530273,21.0,17.848644256591797,6369700.0
2024-03-01,SPALI.BK,20.899999618530273,20.899999618530273,20.399999618530273,20.700000762939453,17.593666076660156,4529100.0
2024-03-04,SPALI.BK,20.799999237060547,20.799999237060547,20.299999237060547,20.5,17.423677444458008,4156000.0
2024-03-05,SPALI.BK,20.5,20.799999237060547,20.399999618530273,20.799999237060547,17.67865562438965,5489600.0
2024-03-06,SPALI.BK,20.700000762939453,20.799999237060547,20.399999618530273,20.799999237060547,17.67865562438965,5235400.0
2024-03-07,SPALI.BK,20.700000762939453,20.799999237060547,20.5,20.600000381469727,17.508668899536133,2049600.0
2024-03-08,SPALI.BK,20.600000381469727,20.799999237060547,20.600000381469727,20.799999237060547,17.67865562438965,2365200.0
2024-03-11,SPALI.BK,20.600000381469727,20.899999618530273,20.600000381469727,20.799999237060547,17.67865562438965,1828300.0
2024-03-12,SPALI.BK,20.799999237060547,20.799999237060547,20.799999237060547,20.799999237060547,17.67865562438965,0.0
2024-03-13,SPALI.BK,20.799999237060547,21.100000381469727,20.799999237060547,21.0,17.848644256591797,7674800.0
2024-03-14,SPALI.BK,20.899999618530273,21.100000381469727,20.899999618530273,21.0,17.848644256591797,1964000.0
2024-03-15,SPALI.BK,21.0,21.0,21.0,21.0,17.848644256591797,0.0
2024-03-18,SPALI.BK,20.799999237060547,20.899999618530273,20.600000381469727,20.600000381469727,17.508668899536133,2951100.0
2024-03-19,SPALI.BK,20.700000762939453,20.899999618530273,20.700000762939453,20.899999618530273,17.76365089416504,2072400.0
2024-03-20,SPALI.BK,20.899999618530273,20.899999618530273,20.899999618530273,20.899999618530273,17.76365089416504,0.0
2024-03-21,SPALI.BK,20.600000381469727,20.700000762939453,20.299999237060547,20.399999618530273,17.338682174682617,4005800.0
2024-03-22,SPALI.BK,20.399999618530273,20.399999618530273,20.399999618530273,20.399999618530273,17.338682174682617,0.0
2024-03-25,SPALI.BK,20.5,20.700000762939453,20.5,20.5,17.423677444458008,2266100.0
2024-03-26,SPALI.BK,20.5,20.5,20.5,20.5,17.423677444458008,0.0
2024-03-27,SPALI.BK,21.0,21.299999237060547,20.899999618530273,21.100000381469727,17.933639526367188,3560400.0
2024-03-28,SPALI.BK,21.100000381469727,21.100000381469727,21.100000381469727,21.100000381469727,17.933639526367188,0.0
2024-03-29,SPALI.BK,21.100000381469727,21.100000381469727,20.399999618530273,20.899999618530273,17.76365089416504,17012500.0
2024-04-01,SPALI.BK,20.799999237060547,21.200000762939453,20.799999237060547,21.100000381469727,17.933639526367188,5450400.0
2024-04-02,SPALI.BK,20.899999618530273,21.100000381469727,20.799999237060547,21.0,17.848644256591797,7187600.0
2024-04-03,SPALI.BK,20.899999618530273,21.0,20.799999237060547,20.899999618530273,17.76365089416504,4052000.0
2024-04-04,SPALI.BK,20.899999618530273,20.899999618530273,20.899999618530273,20.899999618530273,17.76365089416504,0.0
2024-04-05,SPALI.BK,20.799999237060547,21.100000381469727,20.799999237060547,21.100000381469727,17.933639526367188,2867600.0
2024-04-09,SPALI.BK,21.100000381469727,21.100000381469727,21.100000381469727,21.100000381469727,17.933639526367188,0.0
2024-04-10,SPALI.BK,21.399999618530273,21.600000381469727,21.299999237060547,21.299999237060547,18.10362434387207,8232500.0
2024-04-11,SPALI.BK,21.399999618530273,21.5,21.200000762939453,21.200000762939453,18.018632888793945,3571100.0
2024-04-17,SPALI.BK,21.200000762939453,21.200000762939453,21.200000762939453,21.200000762939453,18.018632888793945,0.0
2024-04-18,SPALI.BK,21.200000762939453,21.200000762939453,21.200000762939453,21.200000762939453,18.018632888793945,0.0
2024-04-19,SPALI.BK,21.200000762939453,21.200000762939453,21.200000762939453,21.200000762939453,18.018632888793945,0.0
2024-04-22,SPALI.BK,20.399999618530273,20.700000762939453,20.399999618530273,20.5,17.423677444458008,4548400.0
2024-04-23,SPALI.BK,20.299999237060547,20.299999237060547,19.5,19.899999618530273,16.913713455200195,24914300.0
2024-04-24,SPALI.BK,19.899999618530273,19.899999618530273,19.899999618530273,19.899999618530273,16.913713455200195,0.0
2024-04-25,SPALI.BK,19.5,19.799999237060547,19.399999618530273,19.5,16.573741912841797,9904000.0
2024-04-26,SPALI.BK,19.5,19.5,19.100000381469727,19.200000762939453,16.31875991821289,10608700.0
2024-04-29,SPALI.BK,19.299999237060547,19.799999237060547,19.299999237060547,19.799999237060547,16.82872200012207,15937200.0
2024-04-30,SPALI.BK,19.799999237060547,19.799999237060547,19.799999237060547,19.799999237060547,16.82872200012207,0.0
2024-05-02,SPALI.BK,19.799999237060547,19.899999618530273,19.700000762939453,19.899999618530273,16.913713455200195,3508000.0
2024-05-03,SPALI.BK,19.899999618530273,20.100000381469727,19.799999237060547,20.100000381469727,17.083703994750977,7588600.0
2024-05-07,SPALI.BK,20.100000381469727,20.100000381469727,20.100000381469727,20.100000381469727,17.74586296081543,0.0
2024-05-08,SPALI.BK,19.600000381469727,19.600000381469727,19.399999618530273,19.5,17.216135025024414,9831300.0
2024-05-09,SPALI.BK,19.5,19.5,19.200000762939453,19.200000762939453,16.951271057128906,5243300.0
2024-05-10,SPALI.BK,19.299999237060547,19.5,19.200000762939453,19.399999618530273,17.12784767150879,1936700.0
2024-05-13,SPALI.BK,19.399999618530273,19.600000381469727,19.299999237060547,19.399999618530273,17.12784767150879,3945100.0
2024-05-14,SPALI.BK,19.5,19.600000381469727,19.299999237060547,19.5,17.216135025024414,5120000.0
2024-05-15,SPALI.BK,19.299999237060547,19.299999237060547,18.799999237060547,19.0,16.774696350097656,12594900.0
2024-05-16,SPALI.BK,19.0,19.0,19.0,19.0,16.774696350097656,0.0
2024-05-17,SPALI.BK,19.200000762939453,19.200000762939453,18.899999618530273,19.200000762939453,16.951271057128906,8717700.0
2024-05-20,SPALI.BK,19.200000762939453,19.200000762939453,19.200000762939453,19.200000762939453,16.951271057128906,0.0
2024-05-21,SPALI.BK,19.200000762939453,19.200000762939453,19.200000762939453,19.200000762939453,16.951271057128906,0.0
2024-05-23,SPALI.BK,19.100000381469727,19.100000381469727,18.899999618530273,18.899999618530273,16.686405181884766,4939800.0
2024-05-24,SPALI.BK,18.899999618530273,18.899999618530273,18.899999618530273,18.899999618530273,16.686405181884766,0.0
2024-05-27,SPALI.BK,18.899999618530273,18.899999618530273,18.899999618530273,18.899999618530273,16.686405181884766,0.0
2024-05-28,SPALI.BK,18.799999237060547,18.799999237060547,18.600000381469727,18.700000762939453,16.50983238220215,1965300.0
2024-05-29,SPALI.BK,18.700000762939453,18.700000762939453,18.5,18.5,16.333255767822266,4353700.0
2024-05-30,SPALI.BK,18.5,18.5,18.5,18.5,16.333255767822266,0.0
2024-05-31,SPALI.BK,18.5,18.5,18.5,18.5,16.333255767822266,0.0
2024-06-04,SPALI.BK,18.5,18.600000381469727,18.399999618530273,18.399999618530273,16.24496841430664,4480200.0
2024-06-05,SPALI.BK,18.5,18.700000762939453,18.399999618530273,18.5,16.333255767822266,4609100.0
2024-06-06,SPALI.BK,18.5,18.600000381469727,18.299999237060547,18.299999237060547,16.156681060791016,5033800.0
2024-06-07,SPALI.BK,18.299999237060547,18.299999237060547,18.299999237060547,18.299999237060547,16.156681060791016,0.0
2024-06-10,SPALI.BK,18.399999618530273,18.399999618530273,18.0,18.0,15.891817092895508,9958500.0
2024-06-11,SPALI.BK,18.0,18.100000381469727,17.5,17.600000381469727,15.538664817810059,27259700.0
2024-06-12,SPALI.BK,17.600000381469727,18.0,17.600000381469727,17.899999618530273,15.803528785705566,7723800.0
2024-06-13,SPALI.BK,17.899999618530273,18.100000381469727,17.899999618530273,18.0,15.891817092895508,4391200.0
2024-06-14,SPALI.BK,18.0,18.100000381469727,17.799999237060547,17.799999237060547,15.715238571166992,6084000.0
2024-06-17,SPALI.BK,17.799999237060547,17.799999237060547,17.799999237060547,17.799999237060547,15.715238571166992,0.0
2024-06-18,SPALI.BK,17.799999237060547,17.799999237060547,17.799999237060547,17.799999237060547,15.715238571166992,0.0
2024-06-19,SPALI.BK,17.799999237060547,17.799999237060547,17.799999237060547,17.799999237060547,15.715238571166992,0.0
2024-06-20,SPALI.BK,18.0,18.200000762939453,18.0,18.0,15.891817092895508,1922900.0
2024-06-21,SPALI.BK,18.100000381469727,18.399999618530273,17.899999618530273,18.399999618530273,16.24496841430664,8138200.0
2024-06-24,SPALI.BK,18.399999618530273,18.399999618530273,18.399999618530273,18.399999618530273,16.24496841430664,0.0
2024-06-25,SPALI.BK,18.399999618530273,18.399999618530273,18.399999618530273,18.399999618530273,16.24496841430664,0.0
2024-06-26,SPALI.BK,18.399999618530273,18.399999618530273,18.399999618530273,18.399999618530273,16.24496841430664,0.0
2024-06-27,SPALI.BK,18.399999618530273,18.399999618530273,18.0,18.100000381469727,15.980104446411133,4042600.0
2024-06-28,SPALI.BK,18.100000381469727,18.200000762939453,17.899999618530273,18.0,15.891817092895508,2735300.0
2024-07-01,SPALI.BK,18.0,18.0,18.0,18.0,15.891817092895508,0.0
2024-07-02,SPALI.BK,18.0,18.0,18.0,18.0,15.891817092895508,0.0
2024-07-03,SPALI.BK,17.899999618530273,18.200000762939453,17.799999237060547,18.100000381469727,15.980104446411133,3436200.0
2024-07-04,SPALI.BK,18.200000762939453,18.399999618530273,17.899999618530273,18.0,15.891817092895508,6735600.0
2024-07-05,SPALI.BK,17.899999618530273,18.0,17.399999618530273,17.600000381469727,15.538664817810059,16163200.0
2024-07-08,SPALI.BK,17.600000381469727,17.700000762939453,17.399999618530273,17.5,15.450377464294434,5353900.0
2024-07-09,SPALI.BK,17.5,17.5,17.5,17.5,15.450377464294434,0.0
2024-07-10,SPALI.BK,17.299999237060547,17.5,17.299999237060547,17.399999618530273,15.362088203430176,1119300.0
2024-07-11,SPALI.BK,17.399999618530273,17.399999618530273,17.399999618530273,17.399999618530273,15.362088203430176,0.0
2024-07-12,SPALI.BK,17.399999618530273,17.399999618530273,17.399999618530273,17.399999618530273,15.362088203430176,0.0
2024-07-15,SPALI.BK,17.399999618530273,17.399999618530273,17.399999618530273,17.399999618530273,15.362088203430176,0.0
2024-07-16,SPALI.BK,17.600000381469727,17.600000381469727,17.299999237060547,17.399999618530273,15.362088203430176,4277600.0
2024-07-17,SPALI.BK,17.399999618530273,17.399999618530273,17.399999618530273,17.399999618530273,15.362088203430176,0.0
2024-07-18,SPALI.BK,17.5,17.600000381469727,17.299999237060547,17.600000381469727,15.538664817810059,4941300.0
2024-07-19,SPALI.BK,17.5,17.600000381469727,17.399999618530273,17.5,15.450377464294434,2025300.0
2024-07-23,SPALI.BK,17.5,17.5,17.0,17.299999237060547,15.27380084991455,6536400.0
2024-07-24,SPALI.BK,17.299999237060547,17.399999618530273,17.100000381469727,17.299999237060547,15.27380084991455,2519700.0
2024-07-25,SPALI.BK,17.100000381469727,17.200000762939453,17.100000381469727,17.200000762939453,15.185515403747559,1404700.0
2024-07-26,SPALI.BK,17.200000762939453,17.299999237060547,17.0,17.299999237060547,15.27380084991455,4917200.0
2024-07-30,SPALI.BK,17.299999237060547,17.299999237060547,17.299999237060547,17.299999237060547,15.27380084991455,0.0
2024-07-31,SPALI.BK,16.700000762939453,17.100000381469727,16.700000762939453,16.899999618530273,14.920649528503418,6040400.0
2024-08-01,SPALI.BK,16.899999618530273,16.899999618530273,16.700000762939453,16.899999618530273,14.920649528503418,4372500.0
2024-08-02,SPALI.BK,16.899999618530273,16.899999618530273,16.899999618530273,16.899999618530273,14.920649528503418,0.0
2024-08-05,SPALI.BK,16.399999618530273,16.5,15.300000190734863,15.5,13.684619903564453,13043800.0
2024-08-06,SPALI.BK,15.600000381469727,15.699999809265137,15.300000190734863,15.399999618530273,13.596330642700195,5200200.0
2024-08-07,SPALI.BK,15.399999618530273,15.5,14.800000190734863,15.300000190734863,13.508045196533203,6644100.0
2024-08-08,SPALI.BK,15.300000190734863,15.300000190734863,15.300000190734863,15.300000190734863,13.508045196533203,0.0
2024-08-09,SPALI.BK,15.600000381469727,15.699999809265137,14.800000190734863,14.899999618530273,13.154891967773438,9655600.0
2024-08-13,SPALI.BK,15.0,15.300000190734863,14.899999618530273,15.100000381469727,13.331469535827637,5334900.0
2024-08-14,SPALI.BK,15.399999618530273,16.299999237060547,15.399999618530273,15.699999809265137,13.86119556427002,13224600.0
2024-08-15,SPALI.BK,15.699999809265137,15.699999809265137,15.699999809265137,15.699999809265137,13.86119556427002,0.0
2024-08-16,SPALI.BK,16.0,16.5,16.0,16.399999618530273,14.47921085357666,6585100.0
2024-08-19,SPALI.BK,16.399999618530273,16.399999618530273,16.399999618530273,16.399999618530273,14.47921085357666,0.0
2024-08-20,SPALI.BK,16.899999618530273,17.0,16.600000381469727,16.899999618530273,14.920649528503418,3563300.0
2024-08-21,SPALI.BK,16.899999618530273,17.200000762939453,16.899999618530273,17.100000381469727,15.0972261428833,3826300.0
2024-08-22,SPALI.BK,17.100000381469727,17.100000381469727,17.100000381469727,17.100000381469727,15.0972261428833,0.0
2024-08-23,SPALI.BK,17.399999618530273,17.700000762939453,17.299999237060547,17.600000381469727,15.538664817810059,4399900.0
2024-08-26,SPALI.BK,17.700000762939453,17.799999237060547,17.5,17.799999237060547,15.715238571166992,6988900.0
2024-08-27,SPALI.BK,16.799999237060547,17.5,16.799999237060547,17.5,15.989343643188477,9922100.0
2024-08-28,SPALI.BK,17.299999237060547,17.299999237060547,16.899999618530273,16.899999618530273,15.441137313842773,5025100.0
2024-08-29,SPALI.BK,17.0,17.100000381469727,16.700000762939453,17.100000381469727,15.623873710632324,2577300.0
2024-08-30,SPALI.BK,17.200000762939453,17.600000381469727,17.0,17.600000381469727,16.080711364746094,5691200.0
2024-09-02,SPALI.BK,17.600000381469727,17.600000381469727,17.600000381469727,17.600000381469727,16.080711364746094,0.0
2024-09-03,SPALI.BK,17.600000381469727,17.600000381469727,17.600000381469727,17.600000381469727,16.080711364746094,0.0
2024-09-04,SPALI.BK,17.600000381469727,17.600000381469727,17.600000381469727,17.600000381469727,16.080711364746094,0.0
2024-09-05,SPALI.BK,17.299999237060547,17.799999237060547,17.299999237060547,17.799999237060547,16.263444900512695,5249100.0
2024-09-06,SPALI.BK,17.899999618530273,18.299999237060547,17.899999618530273,18.200000762939453,16.628917694091797,4781700.0
2024-09-09,SPALI.BK,18.200000762939453,18.200000762939453,18.200000762939453,18.200000762939453,16.628917694091797,0.0
2024-09-10,SPALI.BK,18.5,18.5,18.0,18.399999618530273,16.81165313720703,4033700.0
2024-09-11,SPALI.BK,18.299999237060547,18.399999618530273,17.799999237060547,18.399999618530273,16.81165313720703,9547500.0
2024-09-12,SPALI.BK,18.399999618530273,18.600000381469727,18.200000762939453,18.600000381469727,16.994388580322266,6188400.0
2024-09-13,SPALI.BK,18.5,18.700000762939453,18.399999618530273,18.5,16.90302085876465,2610900.0
2024-09-16,SPALI.BK,18.5,18.5,18.5,18.5,16.90302085876465,0.0
2024-09-17,SPALI.BK,18.5,18.5,18.5,18.5,16.90302085876465,0.0
2024-09-18,SPALI.BK,18.5,18.5,18.5,18.5,16.90302085876465,0.0
2024-09-19,SPALI.BK,18.5,18.5,18.5,18.5,16.90302085876465,0.0
2024-09-20,SPALI.BK,18.5,18.5,18.5,18.5,16.90302085876465,0.0
2024-09-23,SPALI.BK,19.799999237060547,19.799999237060547,19.200000762939453,19.600000381469727,17.908065795898438,4488100.0
2024-09-24,SPALI.BK,19.5,19.700000762939453,19.299999237060547,19.700000762939453,17.999433517456055,5110200.0
2024-09-25,SPALI.BK,20.100000381469727,21.100000381469727,20.0,20.799999237060547,19.00447654724121,29840200.0
2024-09-26,SPALI.BK,20.799999237060547,20.799999237060547,20.299999237060547,20.5,18.730375289916992,5785600.0
2024-09-27,SPALI.BK,20.5,20.5,20.5,20.5,18.730375289916992,0.0
2024-09-30,SPALI.BK,20.600000381469727,20.700000762939453,20.299999237060547,20.600000381469727,18.821741104125977,2860200.0
2024-10-01,SPALI.BK,20.399999618530273,20.899999618530273,20.299999237060547,20.899999618530273,19.09584617614746,6749400.0
2024-10-02,SPALI.BK,20.799999237060547,20.799999237060547,20.399999618530273,20.5,18.730375289916992,6176300.0
2024-10-03,SPALI.BK,20.399999618530273,20.600000381469727,20.299999237060547,20.299999237060547,18.547637939453125,4674900.0
2024-10-04,SPALI.BK,20.299999237060547,20.299999237060547,20.299999237060547,20.299999237060547,18.547637939453125,0.0
2024-10-07,SPALI.BK,20.100000381469727,20.5,20.0,20.100000381469727,18.364904403686523,5724700.0
2024-10-08,SPALI.BK,20.100000381469727,20.399999618530273,20.0,20.399999618530273,18.639005661010742,9197200.0
2024-10-09,SPALI.BK,20.200000762939453,20.399999618530273,20.0,20.100000381469727,18.364904403686523,4184800.0
2024-10-10,SPALI.BK,20.200000762939453,20.200000762939453,20.0,20.0,18.273534774780273,2573000.0
2024-10-11,SPALI.BK,20.0,20.200000762939453,19.799999237060547,20.100000381469727,18.364904403686523,2472400.0
2024-10-15,SPALI.BK,20.0,20.0,19.5,19.600000381469727,17.908065795898438,3487900.0
2024-10-16,SPALI.BK,19.600000381469727,19.600000381469727,19.600000381469727,19.600000381469727,17.908065795898438,0.0
2024-10-17,SPALI.BK,20.5,20.799999237060547,20.5,20.700000762939453,18.913110733032227,5008600.0
2024-10-18,SPALI.BK,20.700000762939453,20.799999237060547,20.399999618530273,20.5,18.730375289916992,4189900.0
2024-10-21,SPALI.BK,20.600000381469727,20.700000762939453,20.5,20.700000762939453,18.913110733032227,2730000.0
2024-10-22,SPALI.BK,20.700000762939453,20.700000762939453,20.700000762939453,20.700000762939453,18.913110733032227,0.0
2024-10-24,SPALI.BK,20.200000762939453,20.299999237060547,19.899999618530273,19.899999618530273,18.182167053222656,4621500.0
2024-10-25,SPALI.BK,19.899999618530273,19.899999618530273,19.899999618530273,19.899999618530273,18.182167053222656,0.0
2024-10-28,SPALI.BK,20.0,20.200000762939453,19.700000762939453,19.799999237060547,18.090801239013672,3927300.0
2024-10-29,SPALI.BK,19.700000762939453,20.100000381469727,19.700000762939453,19.899999618530273,18.182167053222656,2709600.0
2024-10-30,SPALI.BK,19.799999237060547,19.799999237060547,19.200000762939453,19.600000381469727,17.908065795898438,4100400.0
2024-10-31,SPALI.BK,19.399999618530273,19.600000381469727,19.299999237060547,19.600000381469727,17.908065795898438,4053600.0
2024-11-01,SPALI.BK,19.700000762939453,20.399999618530273,19.5,20.399999618530273,18.639005661010742,5910300.0
2024-11-04,SPALI.BK,20.299999237060547,20.299999237060547,19.5,19.5,17.81669807434082,3512000.0
2024-11-05,SPALI.BK,19.399999618530273,19.899999618530273,19.299999237060547,19.700000762939453,17.999433517456055,6222200.0
2024-11-06,SPALI.BK,19.700000762939453,19.700000762939453,19.100000381469727,19.299999237060547,17.633960723876953,6350200.0
2024-11-07,SPALI.BK,19.100000381469727,19.5,19.100000381469727,19.299999237060547,17.633960723876953,2168300.0
2024-11-08,SPALI.BK,19.299999237060547,19.5,19.100000381469727,19.200000762939453,17.54259490966797,1813000.0
2024-11-11,SPALI.BK,19.200000762939453,19.200000762939453,18.799999237060547,18.899999618530273,17.268489837646484,2765400.0
2024-11-12,SPALI.BK,18.799999237060547,19.0,18.600000381469727,18.700000762939453,17.085756301879883,5263000.0
2024-11-13,SPALI.BK,19.399999618530273,19.600000381469727,19.0,19.0,17.359859466552734,7469600.0
2024-11-14,SPALI.BK,19.100000381469727,19.299999237060547,18.600000381469727,18.899999618530273,17.268489837646484,6258500.0
2024-11-15,SPALI.BK,19.0,19.399999618530273,18.899999618530273,19.299999237060547,17.633960723876953,7680900.0
2024-11-18,SPALI.BK,19.299999237060547,19.5,19.100000381469727,19.399999618530273,17.725330352783203,2676200.0
2024-11-19,SPALI.BK,19.399999618530273,19.600000381469727,19.299999237060547,19.5,17.81669807434082,4165200.0
2024-11-20,SPALI.BK,19.5,19.799999237060547,19.299999237060547,19.799999237060547,18.090801239013672,6543200.0
2024-11-21,SPALI.BK,19.799999237060547,20.200000762939453,19.700000762939453,19.899999618530273,18.182167053222656,8892300.0
2024-11-22,SPALI.BK,19.899999618530273,20.100000381469727,19.700000762939453,19.700000762939453,17.999433517456055,3612300.0
2024-11-25,SPALI.BK,19.700000762939453,20.0,19.399999618530273,19.600000381469727,17.908065795898438,7225700.0
2024-11-26,SPALI.BK,19.5,19.5,18.799999237060547,18.799999237060547,17.1771240234375,8665500.0
2024-11-27,SPALI.BK,19.0,19.299999237060547,18.899999618530273,19.200000762939453,17.54259490966797,7892100.0
2024-11-28,SPALI.BK,19.200000762939453,19.299999237060547,18.899999618530273,19.0,17.359859466552734,3290600.0
2024-11-29,SPALI.BK,19.100000381469727,19.100000381469727,18.899999618530273,19.0,17.359859466552734,3953400.0
2024-12-02,SPALI.BK,19.100000381469727,19.100000381469727,18.899999618530273,19.0,17.359859466552734,2250200.0
2024-12-03,SPALI.BK,19.100000381469727,19.299999237060547,19.0,19.299999237060547,17.633960723876953,4179400.0
2024-12-04,SPALI.BK,19.299999237060547,19.600000381469727,19.200000762939453,19.5,17.81669807434082,5439500.0
2024-12-06,SPALI.BK,19.600000381469727,19.600000381469727,19.299999237060547,19.5,17.81669807434082,1435700.0
2024-12-09,SPALI.BK,19.5,19.5,19.299999237060547,19.299999237060547,17.633960723876953,3691700.0
2024-12-11,SPALI.BK,19.299999237060547,19.399999618530273,18.899999618530273,18.899999618530273,17.268489837646484,4840900.0
2024-12-12,SPALI.BK,18.899999618530273,19.200000762939453,18.899999618530273,19.0,17.359859466552734,4814000.0
2024-12-13,SPALI.BK,18.899999618530273,19.100000381469727,18.600000381469727,18.700000762939453,17.085756301879883,5865400.0
2024-12-16,SPALI.BK,18.700000762939453,18.799999237060547,18.600000381469727,18.799999237060547,17.1771240234375,3303300.0
2024-12-17,SPALI.BK,18.700000762939453,18.899999618530273,18.299999237060547,18.399999618530273,16.81165313720703,7608700.0
2024-12-18,SPALI.BK,18.5,18.700000762939453,18.100000381469727,18.100000381469727,16.53754997253418,7646900.0
2024-12-19,SPALI.BK,18.200000762939453,18.399999618530273,17.700000762939453,17.799999237060547,16.263444900512695,7951200.0
2024-12-20,SPALI.BK,17.899999618530273,18.0,17.5,17.5,15.989343643188477,7774800.0
2024-12-23,SPALI.BK,17.600000381469727,17.799999237060547,17.399999618530273,17.799999237060547,16.263444900512695,8110900.0
2024-12-24,SPALI.BK,18.0,18.200000762939453,17.799999237060547,18.200000762939453,16.628917694091797,4525900.0
2024-12-25,SPALI.BK,18.100000381469727,18.600000381469727,18.100000381469727,18.5,16.90302085876465,4940900.0
2024-12-26,SPALI.BK,18.5,18.600000381469727,18.0,18.100000381469727,16.53754997253418,4955100.0
2024-12-27,SPALI.BK,18.200000762939453,18.399999618530273,17.899999618530273,18.299999237060547,16.720285415649414,3518100.0
2024-12-30,SPALI.BK,18.299999237060547,18.399999618530273,18.0,18.200000762939453,16.628917694091797,2165600.0
2025-01-02,SPALI.BK,18.299999237060547,18.700000762939453,18.200000762939453,18.5,16.90302085876465,6224300.0
2025-01-03,SPALI.BK,18.5,18.600000381469727,18.299999237060547,18.5,16.90302085876465,1768300.0
2025-01-06,SPALI.BK,18.399999618530273,18.600000381469727,18.299999237060547,18.299999237060547,16.720285415649414,4011600.0
2025-01-07,SPALI.BK,18.299999237060547,18.299999237060547,17.700000762939453,17.799999237060547,16.263444900512695,10629000.0
2025-01-08,SPALI.BK,17.899999618530273,17.899999618530273,17.200000762939453,17.399999618530273,15.897974967956543,9598000.0
2025-01-09,SPALI.BK,17.399999618530273,17.5,16.899999618530273,17.0,15.532505989074707,8413200.0
2025-01-10,SPALI.BK,17.0,17.299999237060547,17.0,17.100000381469727,15.623873710632324,6213700.0
2025-01-13,SPALI.BK,17.100000381469727,17.100000381469727,16.700000762939453,16.700000762939453,15.258402824401855,8442800.0
2025-01-14,SPALI.BK,16.799999237060547,17.200000762939453,16.600000381469727,16.600000381469727,15.167035102844238,5537100.0
2025-01-15,SPALI.BK,16.600000381469727,16.899999618530273,16.5,16.899999618530273,15.441137313842773,6172400.0
2025-01-16,SPALI.BK,17.0,17.0,16.600000381469727,16.899999618530273,15.441137313842773,4897100.0
2025-01-17,SPALI.BK,16.799999237060547,16.799999237060547,16.399999618530273,16.5,15.075667381286621,8259800.0
2025-01-20,SPALI.BK,16.600000381469727,16.799999237060547,16.600000381469727,16.600000381469727,15.167035102844238,2488800.0
2025-01-21,SPALI.BK,16.399999618530273,17.100000381469727,16.399999618530273,16.899999618530273,15.441137313842773,5493700.0
2025-01-22,SPALI.BK,16.799999237060547,16.899999618530273,16.600000381469727,16.799999237060547,15.34976863861084,3531200.0
2025-01-23,SPALI.BK,16.799999237060547,17.100000381469727,16.700000762939453,16.799999237060547,15.34976863861084,6074700.0
2025-01-24,SPALI.BK,16.899999618530273,17.0,16.600000381469727,16.799999237060547,15.34976863861084,7440000.0
2025-01-27,SPALI.BK,16.799999237060547,17.100000381469727,16.700000762939453,16.700000762939453,15.258402824401855,5873100.0
2025-01-28,SPALI.BK,16.700000762939453,17.100000381469727,16.700000762939453,16.799999237060547,15.34976863861084,8604700.0
2025-01-29,SPALI.BK,16.899999618530273,17.299999237060547,16.899999618530273,17.100000381469727,15.623873710632324,5270200.0
2025-01-30,SPALI.BK,17.100000381469727,17.200000762939453,16.899999618530273,17.200000762939453,15.715242385864258,4866300.0
2025-01-31,SPALI.BK,17.100000381469727,17.100000381469727,16.700000762939453,16.799999237060547,15.34976863861084,6326300.0
2025-02-03,SPALI.BK,16.5,16.700000762939453,16.399999618530273,16.700000762939453,15.258402824401855,5593500.0
2025-02-04,SPALI.BK,16.700000762939453,16.799999237060547,16.5,16.600000381469727,15.167035102844238,5774000.0
2025-02-05,SPALI.BK,16.5,16.5,15.600000381469727,15.800000190734863,14.4360933303833,12481800.0
2025-02-06,SPALI.BK,15.899999618530273,15.899999618530273,15.300000190734863,15.300000190734863,13.979255676269531,7432900.0
2025-02-07,SPALI.BK,14.800000190734863,15.600000381469727,14.800000190734863,15.5,14.16199016571045,9122500.0
2025-02-10,SPALI.BK,15.300000190734863,15.5,15.0,15.199999809265137,13.887887001037598,10225500.0
2025-02-11,SPALI.BK,15.199999809265137,15.899999618530273,15.199999809265137,15.699999809265137,14.344725608825684,7970300.0
2025-02-13,SPALI.BK,15.600000381469727,15.699999809265137,15.300000190734863,15.300000190734863,13.979255676269531,5284500.0
2025-02-14,SPALI.BK,15.300000190734863,15.5,15.100000381469727,15.199999809265137,13.887887001037598,4963500.0
2025-02-17,SPALI.BK,15.399999618530273,15.699999809265137,15.199999809265137,15.600000381469727,14.253357887268066,6688900.0
2025-02-18,SPALI.BK,15.600000381469727,16.0,15.600000381469727,15.800000190734863,14.4360933303833,3532900.0
2025-02-19,SPALI.BK,16.299999237060547,16.600000381469727,16.200000762939453,16.299999237060547,14.89293098449707,8027700.0
2025-02-20,SPALI.BK,16.200000762939453,16.299999237060547,15.699999809265137,15.899999618530273,14.527461051940918,6941500.0
2025-02-21,SPALI.BK,15.899999618530273,16.399999618530273,15.800000190734863,16.299999237060547,14.89293098449707,9526000.0
2025-02-24,SPALI.BK,16.299999237060547,16.399999618530273,15.800000190734863,16.0,14.618828773498535,4773800.0
2025-02-25,SPALI.BK,16.0,16.100000381469727,15.699999809265137,15.899999618530273,14.527461051940918,3972900.0
2025-02-26,SPALI.BK,16.299999237060547,17.200000762939453,16.299999237060547,17.0,15.532505989074707,16039100.0
2025-02-27,SPALI.BK,17.100000381469727,17.299999237060547,16.700000762939453,16.899999618530273,15.441137313842773,9823200.0
2025-02-28,SPALI.BK,16.899999618530273,17.399999618530273,16.700000762939453,17.200000762939453,15.715242385864258,8274100.0
2025-03-03,SPALI.BK,17.200000762939453,17.399999618530273,16.799999237060547,16.899999618530273,15.441137313842773,6877400.0
2025-03-04,SPALI.BK,17.0,17.200000762939453,16.899999618530273,17.0,15.532505989074707,5094700.0
2025-03-05,SPALI.BK,17.0,17.299999237060547,16.899999618530273,16.899999618530273,15.441137313842773,7905400.0
2025-03-06,SPALI.BK,16.899999618530273,17.0,16.600000381469727,16.700000762939453,15.258402824401855,4134000.0
2025-03-07,SPALI.BK,16.799999237060547,17.100000381469727,16.700000762939453,17.0,15.532505989074707,3438600.0
2025-03-10,SPALI.BK,17.0,17.100000381469727,16.700000762939453,16.700000762939453,15.258402824401855,5391900.0
2025-03-11,SPALI.BK,16.799999237060547,17.200000762939453,16.600000381469727,17.0,15.532505989074707,6571800.0
2025-03-12,SPALI.BK,17.0,17.0,16.600000381469727,16.700000762939453,15.258402824401855,6290700.0
2025-03-13,SPALI.BK,16.799999237060547,16.899999618530273,16.299999237060547,16.399999618530273,14.984299659729004,6221500.0
2025-03-14,SPALI.BK,16.5,16.700000762939453,16.399999618530273,16.600000381469727,15.167035102844238,4339300.0
2025-03-17,SPALI.BK,16.700000762939453,17.100000381469727,16.600000381469727,16.899999618530273,15.441137313842773,4776900.0
2025-03-18,SPALI.BK,17.100000381469727,17.200000762939453,16.799999237060547,16.899999618530273,15.441137313842773,5375200.0
2025-03-19,SPALI.BK,16.899999618530273,17.299999237060547,16.899999618530273,17.200000762939453,15.715242385864258,8135100.0
2025-03-20,SPALI.BK,17.299999237060547,18.0,17.0,17.399999618530273,15.897974967956543,19457700.0
2025-03-21,SPALI.BK,17.399999618530273,17.399999618530273,16.799999237060547,16.899999618530273,15.441137313842773,10474000.0
2025-03-24,SPALI.BK,17.0,17.100000381469727,16.899999618530273,17.0,15.532505989074707,3379100.0
2025-03-25,SPALI.BK,17.100000381469727,17.100000381469727,16.899999618530273,17.0,15.532505989074707,2939700.0
2025-03-26,SPALI.BK,17.0,17.299999237060547,17.0,17.200000762939453,15.715242385864258,3434600.0
2025-03-27,SPALI.BK,17.200000762939453,17.299999237060547,17.100000381469727,17.200000762939453,15.715242385864258,2476600.0
2025-03-28,SPALI.BK,17.200000762939453,17.200000762939453,17.0,17.0,15.532505989074707,1055200.0
2025-03-31,SPALI.BK,16.200000762939453,16.299999237060547,15.699999809265137,16.0,14.618828773498535,33771500.0
2025-04-01,SPALI.BK,16.100000381469727,16.399999618530273,15.899999618530273,16.0,14.618828773498535,9746000.0
2025-04-02,SPALI.BK,16.100000381469727,16.299999237060547,15.800000190734863,16.299999237060547,14.89293098449707,5624600.0
2025-04-03,SPALI.BK,16.200000762939453,16.299999237060547,16.0,16.200000762939453,14.801565170288086,3081200.0
2025-04-04,SPALI.BK,16.299999237060547,16.299999237060547,15.899999618530273,15.899999618530273,14.527461051940918,6274600.0
2025-04-08,SPALI.BK,15.699999809265137,15.899999618530273,15.5,15.600000381469727,14.253357887268066,8530800.0
2025-04-09,SPALI.BK,15.800000190734863,15.899999618530273,15.5,15.899999618530273,14.527461051940918,8207800.0
2025-04-10,SPALI.BK,16.200000762939453,16.5,16.0,16.5,15.075667381286621,10404800.0
2025-04-11,SPALI.BK,16.5,16.600000381469727,16.299999237060547,16.5,15.075667381286621,2685000.0
2025-04-16,SPALI.BK,16.600000381469727,17.100000381469727,16.600000381469727,16.799999237060547,15.34976863861084,4500500.0
2025-04-17,SPALI.BK,16.799999237060547,17.0,16.799999237060547,17.0,15.532505989074707,1729600.0
2025-04-18,SPALI.BK,16.899999618530273,17.100000381469727,16.799999237060547,17.100000381469727,15.623873710632324,2799100.0
2025-04-21,SPALI.BK,17.100000381469727,17.200000762939453,16.700000762939453,17.0,15.532505989074707,5088500.0
2025-04-22,SPALI.BK,16.899999618530273,17.0,16.600000381469727,16.899999618530273,15.441137313842773,5764500.0
2025-04-23,SPALI.BK,16.899999618530273,17.0,16.700000762939453,17.0,15.532505989074707,5133800.0
2025-04-24,SPALI.BK,17.0,17.100000381469727,16.700000762939453,16.700000762939453,15.258402824401855,4824600.0
2025-04-25,SPALI.BK,16.799999237060547,16.899999618530273,16.299999237060547,16.399999618530273,14.984299659729004,8759700.0
2025-04-28,SPALI.BK,16.399999618530273,16.399999618530273,16.200000762939453,16.399999618530273,14.984299659729004,3926500.0
2025-04-29,SPALI.BK,16.399999618530273,16.399999618530273,15.600000381469727,15.699999809265137,14.344725608825684,13404800.0
2025-04-30,SPALI.BK,15.699999809265137,15.899999618530273,15.5,15.800000190734863,14.4360933303833,11632700.0
2025-05-02,SPALI.BK,15.899999618530273,16.0,15.800000190734863,16.0,14.618828773498535,5379500.0
2025-05-06,SPALI.BK,16.100000381469727,16.100000381469727,15.600000381469727,15.800000190734863,14.4360933303833,13180200.0
2025-05-07,SPALI.BK,15.0,15.199999809265137,15.0,15.100000381469727,14.580937385559082,5941400.0
2025-05-08,SPALI.BK,15.0,15.100000381469727,14.100000381469727,14.199999809265137,13.711874961853027,15331700.0
2025-05-09,SPALI.BK,14.300000190734863,14.399999618530273,14.0,14.199999809265137,13.711874961853027,6511700.0
2025-05-13,SPALI.BK,14.5,14.800000190734863,14.300000190734863,14.600000381469727,14.098125457763672,8336100.0
2025-05-14,SPALI.BK,14.600000381469727,14.600000381469727,14.300000190734863,14.5,14.001562118530273,5315500.0
2025-05-15,SPALI.BK,14.5,14.5,14.199999809265137,14.199999809265137,13.711874961853027,4059700.0
2025-05-16,SPALI.BK,14.199999809265137,14.199999809265137,13.899999618530273,13.899999618530273,13.422186851501465,7990300.0
2025-05-19,SPALI.BK,13.899999618530273,14.300000190734863,13.800000190734863,14.199999809265137,13.711874961853027,9069000.0
2025-05-20,SPALI.BK,14.300000190734863,14.699999809265137,14.199999809265137,14.5,14.001562118530273,8856000.0
2025-05-21,SPALI.BK,14.600000381469727,14.699999809265137,14.399999618530273,14.600000381469727,14.098125457763672,4319000.0
2025-05-22,SPALI.BK,14.600000381469727,14.699999809265137,14.399999618530273,14.399999618530273,13.904999732971191,5372000.0
2025-05-23,SPALI.BK,14.5,14.5,14.399999618530273,14.5,14.001562118530273,1502300.0
2025-05-26,SPALI.BK,14.5,14.5,14.300000190734863,14.399999618530273,13.904999732971191,2050200.0
2025-05-27,SPALI.BK,14.5,14.5,14.399999618530273,14.399999618530273,13.904999732971191,4718400.0
2025-05-28,SPALI.BK,14.5,14.5,14.300000190734863,14.399999618530273,13.904999732971191,3969900.0
2025-05-29,SPALI.BK,14.5,14.5,14.300000190734863,14.300000190734863,13.80843734741211,3631200.0
2025-05-30,SPALI.BK,14.399999618530273,14.5,14.199999809265137,14.5,14.001562118530273,6882600.0
2025-06-04,SPALI.BK,14.5,14.5,14.199999809265137,14.199999809265137,13.711874961853027,4768500.0
2025-06-05,SPALI.BK,14.300000190734863,14.399999618530273,14.100000381469727,14.199999809265137,13.711874961853027,6922800.0
2025-06-06,SPALI.BK,14.300000190734863,14.300000190734863,14.199999809265137,14.300000190734863,13.80843734741211,2769900.0
2025-06-09,SPALI.BK,14.300000190734863,14.300000190734863,14.199999809265137,14.300000190734863,13.80843734741211,899500.0
2025-06-10,SPALI.BK,14.300000190734863,14.399999618530273,14.300000190734863,14.300000190734863,13.80843734741211,1231800.0
2025-06-11,SPALI.BK,14.300000190734863,14.399999618530273,14.199999809265137,14.399999618530273,13.904999732971191,4861900.0
2025-06-12,SPALI.BK,14.300000190734863,14.399999618530273,14.0,14.100000381469727,13.615312576293945,4878300.0
2025-06-13,SPALI.BK,14.100000381469727,14.199999809265137,13.800000190734863,13.899999618530273,13.422186851501465,9910200.0
2025-06-16,SPALI.BK,14.0,14.0,13.800000190734863,13.800000190734863,13.3256254196167,3716200.0
2025-06-17,SPALI.BK,13.899999618530273,14.300000190734863,13.899999618530273,13.899999618530273,13.422186851501465,6216200.0
2025-06-18,SPALI.BK,14.0,14.100000381469727,13.199999809265137,13.600000381469727,13.132500648498535,16415800.0
2025-06-19,SPALI.BK,13.699999809265137,13.800000190734863,13.5,13.5,13.035937309265137,11824500.0
2025-06-20,SPALI.BK,13.5,13.699999809265137,13.5,13.600000381469727,13.132500648498535,9208200.0
2025-06-23,SPALI.BK,13.600000381469727,13.600000381469727,13.399999618530273,13.5,13.035937309265137,6517300.0
2025-06-24,SPALI.BK,13.600000381469727,14.100000381469727,13.600000381469727,14.100000381469727,13.615312576293945,16951100.0
2025-06-25,SPALI.BK,14.100000381469727,14.699999809265137,14.100000381469727,14.600000381469727,14.098125457763672,15663600.0
2025-06-26,SPALI.BK,14.5,14.600000381469727,14.300000190734863,14.5,14.001562118530273,7490500.0
2025-06-27,SPALI.BK,14.5,14.5,14.199999809265137,14.399999618530273,13.904999732971191,7106700.0
2025-06-30,SPALI.BK,14.399999618530273,14.600000381469727,14.0,14.5,14.001562118530273,10398600.0
2025-07-01,SPALI.BK,14.5,14.899999618530273,14.399999618530273,14.899999618530273,14.387811660766602,5112500.0
2025-07-02,SPALI.BK,15.0,15.100000381469727,14.699999809265137,15.100000381469727,14.580937385559082,13098800.0
2025-07-03,SPALI.BK,15.100000381469727,15.199999809265137,14.899999618530273,15.100000381469727,14.580937385559082,7135300.0
2025-07-04,SPALI.BK,15.0,15.399999618530273,14.899999618530273,15.300000190734863,14.774062156677246,6676100.0
2025-07-07,SPALI.BK,15.100000381469727,15.100000381469727,14.699999809265137,14.899999618530273,14.387811660766602,6332900.0
2025-07-08,SPALI.BK,14.899999618530273,15.0,14.600000381469727,14.699999809265137,14.194686889648438,6174300.0
2025-07-09,SPALI.BK,14.699999809265137,14.899999618530273,14.5,14.600000381469727,14.098125457763672,5324500.0
2025-07-11,SPALI.BK,14.600000381469727,15.0,14.600000381469727,14.899999618530273,14.387811660766602,3369400.0
2025-07-14,SPALI.BK,15.0,15.199999809265137,14.899999618530273,15.0,14.484375,7265100.0
2025-07-15,SPALI.BK,15.100000381469727,15.699999809265137,15.100000381469727,15.600000381469727,15.063750267028809,8750000.0
2025-07-16,SPALI.BK,15.5,15.600000381469727,15.199999809265137,15.300000190734863,14.774062156677246,4792100.0
2025-07-17,SPALI.BK,15.399999618530273,15.600000381469727,15.199999809265137,15.600000381469727,15.063750267028809,7706200.0
2025-07-18,SPALI.BK,15.600000381469727,15.699999809265137,15.399999618530273,15.5,14.96718692779541,2222000.0
2025-07-21,SPALI.BK,15.5,15.600000381469727,15.300000190734863,15.399999618530273,14.870624542236328,5450300.0
2025-07-22,SPALI.BK,15.399999618530273,15.699999809265137,15.399999618530273,15.399999618530273,14.870624542236328,2977600.0
2025-07-23,SPALI.BK,15.5,15.800000190734863,15.5,15.600000381469727,15.063750267028809,2508500.0
2025-07-24,SPALI.BK,15.600000381469727,15.800000190734863,15.300000190734863,15.399999618530273,14.870624542236328,3098000.0
2025-07-25,SPALI.BK,15.399999618530273,15.399999618530273,14.899999618530273,15.0,14.484375,7779700.0
2025-07-29,SPALI.BK,15.100000381469727,15.100000381469727,14.800000190734863,15.0,14.484375,7086000.0
2025-07-30,SPALI.BK,15.100000381469727,15.699999809265137,15.100000381469727,15.600000381469727,15.063750267028809,9168800.0
2025-07-31,SPALI.BK,15.699999809265137,15.699999809265137,15.300000190734863,15.600000381469727,15.063750267028809,10892500.0
2025-08-01,SPALI.BK,15.600000381469727,16.0,15.5,15.600000381469727,15.063750267028809,10157400.0
2025-08-04,SPALI.BK,15.600000381469727,15.800000190734863,15.300000190734863,15.600000381469727,15.063750267028809,6734600.0
2025-08-05,SPALI.BK,15.600000381469727,15.699999809265137,15.399999618530273,15.5,14.96718692779541,4962400.0
2025-08-06,SPALI.BK,15.5,15.899999618530273,15.5,15.699999809265137,15.160311698913574,3861100.0
2025-08-07,SPALI.BK,15.800000190734863,16.100000381469727,15.699999809265137,15.899999618530273,15.353436470031738,6061800.0
2025-08-08,SPALI.BK,15.800000190734863,15.800000190734863,15.300000190734863,15.5,14.96718692779541,9810100.0
2025-08-13,SPALI.BK,15.5,15.800000190734863,15.199999809265137,15.800000190734863,15.256875038146973,8199600.0
2025-08-14,SPALI.BK,15.800000190734863,16.100000381469727,15.600000381469727,16.0,15.449999809265137,7743300.0
2025-08-15,SPALI.BK,16.100000381469727,16.299999237060547,15.800000190734863,16.100000381469727,15.546563148498535,6786000.0
2025-08-18,SPALI.BK,16.100000381469727,16.200000762939453,15.600000381469727,15.600000381469727,15.063750267028809,7161900.0
2025-08-19,SPALI.BK,15.600000381469727,15.800000190734863,15.600000381469727,15.600000381469727,15.063750267028809,3546000.0
2025-08-20,SPALI.BK,15.699999809265137,16.0,15.600000381469727,15.800000190734863,15.256875038146973,3407800.0
2025-08-21,SPALI.BK,15.899999618530273,16.0,15.600000381469727,15.800000190734863,15.256875038146973,4484600.0
2025-08-22,SPALI.BK,15.800000190734863,15.899999618530273,15.699999809265137,15.699999809265137,15.160311698913574,1551600.0
2025-08-25,SPALI.BK,15.800000190734863,16.299999237060547,15.800000190734863,16.299999237060547,15.739686965942383,9504100.0
2025-08-26,SPALI.BK,16.100000381469727,16.200000762939453,15.899999618530273,16.0,15.449999809265137,9656900.0
2025-08-27,SPALI.BK,15.5,15.600000381469727,15.300000190734863,15.399999618530273,15.399999618530273,3121500.0
2025-08-28,SPALI.BK,15.399999618530273,15.399999618530273,15.199999809265137,15.199999809265137,15.199999809265137,2004900.0
2025-08-29,SPALI.BK,15.199999809265137,15.399999618530273,15.199999809265137,15.300000190734863,15.300000190734863,2205000.0
2025-09-01,SPALI.BK,15.399999618530273,16.200000762939453,15.300000190734863,15.899999618530273,15.899999618530273,9005800.0
2025-09-02,SPALI.BK,15.899999618530273,16.0,15.699999809265137,15.899999618530273,15.899999618530273,2307000.0
2025-09-03,SPALI.BK,15.800000190734863,16.0,15.5,16.0,16.0,5913700.0
2025-09-04,SPALI.BK,16.0,17.399999618530273,16.0,16.899999618530273,16.899999618530273,21225300.0
2025-09-05,SPALI.BK,16.799999237060547,17.100000381469727,16.700000762939453,17.0,17.0,5430900.0
2025-09-08,SPALI.BK,17.0,17.100000381469727,16.600000381469727,16.799999237060547,16.799999237060547,5735500.0
2025-09-09,SPALI.BK,16.799999237060547,17.899999618530273,16.799999237060547,17.399999618530273,17.399999618530273,10421200.0
2025-09-10,SPALI.BK,17.399999618530273,17.5,17.0,17.200000762939453,17.200000762939453,7954800.0
2025-09-11,SPALI.BK,17.200000762939453,17.600000381469727,17.100000381469727,17.299999237060547,17.299999237060547,4613500.0
2025-09-12,SPALI.BK,17.299999237060547,17.600000381469727,17.200000762939453,17.399999618530273,17.399999618530273,5213000.0
2025-09-15,SPALI.BK,17.399999618530273,17.5,17.299999237060547,17.399999618530273,17.399999618530273,1868600.0
2025-09-16,SPALI.BK,17.5,18.200000762939453,17.5,18.100000381469727,18.100000381469727,11696300.0
2025-09-17,SPALI.BK,18.100000381469727,18.200000762939453,17.700000762939453,18.200000762939453,18.200000762939453,8475300.0
2025-09-18,SPALI.BK,18.200000762939453,18.299999237060547,17.799999237060547,18.0,18.0,4707200.0
2025-09-19,SPALI.BK,17.899999618530273,18.100000381469727,17.600000381469727,18.100000381469727,18.100000381469727,5174800.0
2025-09-22,SPALI.BK,18.100000381469727,18.299999237060547,17.799999237060547,17.799999237060547,17.799999237060547,7465000.0
2025-09-23,SPALI.BK,17.899999618530273,17.899999618530273,17.399999618530273,17.399999618530273,17.399999618530273,9171000.0
2025-09-24,SPALI.BK,17.399999618530273,17.799999237060547,17.399999618530273,17.799999237060547,17.799999237060547,7903400.0
2025-09-25,SPALI.BK,17.799999237060547,18.200000762939453,17.600000381469727,18.100000381469727,18.100000381469727,5902800.0
2025-09-26,SPALI.BK,18.0,18.100000381469727,17.899999618530273,18.100000381469727,18.100000381469727,3246400.0
2025-09-29,SPALI.BK,18.0,18.200000762939453,17.700000762939453,17.799999237060547,17.799999237060547,6122200.0
2025-09-30,SPALI.BK,18.100000381469727,18.5,17.899999618530273,18.200000762939453,18.200000762939453,10593800.0
2025-10-01,SPALI.BK,18.200000762939453,18.200000762939453,17.700000762939453,17.700000762939453,17.700000762939453,3537600.0
2025-10-02,SPALI.BK,17.899999618530273,18.299999237060547,17.799999237060547,18.200000762939453,18.200000762939453,4888200.0
2025-10-03,SPALI.BK,18.100000381469727,18.100000381469727,17.700000762939453,17.799999237060547,17.799999237060547,3415300.0
2025-10-06,SPALI.BK,17.799999237060547,17.899999618530273,17.700000762939453,17.799999237060547,17.799999237060547,1359900.0
2025-10-07,SPALI.BK,17.799999237060547,17.799999237060547,17.799999237060547,17.799999237060547,17.799999237060547,0.0
2025-10-08,SPALI.BK,18.0,18.100000381469727,17.899999618530273,18.0,18.0,1977400.0
2025-10-09,SPALI.BK,17.899999618530273,18.200000762939453,17.899999618530273,18.0,18.0,2234900.0
2025-10-10,SPALI.BK,17.899999618530273,17.899999618530273,17.700000762939453,17.700000762939453,17.700000762939453,1881600.0
2025-10-14,SPALI.BK,17.700000762939453,17.899999618530273,17.299999237060547,17.399999618530273,17.399999618530273,4278100.0
2025-10-15,SPALI.BK,17.5,18.100000381469727,16.899999618530273,18.100000381469727,18.100000381469727,22884200.0
2025-10-16,SPALI.BK,17.700000762939453,17.799999237060547,17.299999237060547,17.399999618530273,17.399999618530273,6821400.0
2025-10-17,SPALI.BK,17.200000762939453,17.299999237060547,16.600000381469727,16.700000762939453,16.700000762939453,8446800.0
2025-10-20,SPALI.BK,16.700000762939453,17.200000762939453,16.700000762939453,17.0,17.0,6491700.0
2025-10-21,SPALI.BK,16.899999618530273,17.200000762939453,16.799999237060547,17.0,17.0,3888000.0
2025-10-22,SPALI.BK,17.0,17.5,17.0,17.299999237060547,17.299999237060547,6169600.0
2025-10-24,SPALI.BK,17.299999237060547,17.600000381469727,17.299999237060547,17.5,17.5,4015500.0
2025-10-27,SPALI.BK,17.600000381469727,17.799999237060547,17.0,17.100000381469727,17.100000381469727,6846400.0
2025-10-28,SPALI.BK,17.0,17.100000381469727,16.799999237060547,16.799999237060547,16.799999237060547,4855000.0
2025-10-29,SPALI.BK,16.899999618530273,17.600000381469727,16.700000762939453,17.299999237060547,17.299999237060547,6670600.0
2025-10-30,SPALI.BK,17.200000762939453,17.299999237060547,17.0,17.100000381469727,17.100000381469727,2926600.0
2025-10-31,SPALI.BK,17.0,17.100000381469727,16.700000762939453,17.100000381469727,17.100000381469727,3177600.0
2025-11-03,SPALI.BK,17.0,17.100000381469727,16.700000762939453,16.899999618530273,16.899999618530273,2063500.0
2025-11-04,SPALI.BK,16.799999237060547,16.799999237060547,16.100000381469727,16.200000762939453,16.200000762939453,4405600.0
2025-11-05,SPALI.BK,16.200000762939453,16.200000762939453,15.600000381469727,15.899999618530273,15.899999618530273,6033000.0
2025-11-06,SPALI.BK,15.899999618530273,16.399999618530273,15.699999809265137,16.100000381469727,16.100000381469727,5051500.0
2025-11-07,SPALI.BK,16.100000381469727,16.200000762939453,15.800000190734863,16.0,16.0,4222200.0
2025-11-10,SPALI.BK,15.800000190734863,16.399999618530273,15.800000190734863,16.399999618530273,16.399999618530273,2404700.0
2025-11-11,SPALI.BK,16.200000762939453,16.299999237060547,15.800000190734863,15.899999618530273,15.899999618530273,8080900.0
2025-11-12,SPALI.BK,16.0,16.200000762939453,15.800000190734863,15.899999618530273,15.899999618530273,2792000.0
2025-11-13,SPALI.BK,16.0,16.100000381469727,15.800000190734863,15.800000190734863,15.800000190734863,2756300.0
2025-11-14,SPALI.BK,15.899999618530273,16.0,15.800000190734863,15.800000190734863,15.800000190734863,2238200.0
2025-11-17,SPALI.BK,15.800000190734863,16.700000762939453,15.800000190734863,16.600000381469727,16.600000381469727,5331400.0
2025-11-18,SPALI.BK,16.5,16.700000762939453,16.399999618530273,16.5,16.5,6196100.0
2025-11-19,SPALI.BK,16.5,16.799999237060547,16.299999237060547,16.5,16.5,5085600.0
2025-11-20,SPALI.BK,16.600000381469727,16.700000762939453,16.299999237060547,16.600000381469727,16.600000381469727,3310400.0
2025-11-21,SPALI.BK,16.600000381469727,17.0,16.5,16.5,16.5,7338300.0
2025-11-24,SPALI.BK,16.5,17.0,16.5,16.799999237060547,16.799999237060547,6637800.0
2025-11-25,SPALI.BK,16.899999618530273,17.299999237060547,16.700000762939453,17.200000762939453,17.200000762939453,7156700.0
2025-11-26,SPALI.BK,17.0,17.200000762939453,16.799999237060547,17.200000762939453,17.200000762939453,3264000.0
2025-11-27,SPALI.BK,17.0,17.100000381469727,16.700000762939453,16.899999618530273,16.899999618530273,1879700.0
2025-11-28,SPALI.BK,16.899999618530273,17.0,16.399999618530273,16.899999618530273,16.899999618530273,4464700.0
2025-12-01,SPALI.BK,16.899999618530273,17.0,16.5,16.600000381469727,16.600000381469727,4302600.0
2025-12-02,SPALI.BK,16.700000762939453,16.799999237060547,16.5,16.600000381469727,16.600000381469727,5390700.0
2025-12-03,SPALI.BK,16.600000381469727,17.399999618530273,16.399999618530273,17.299999237060547,17.299999237060547,8440200.0
2025-12-04,SPALI.BK,17.299999237060547,17.399999618530273,17.0,17.399999618530273,17.399999618530273,2108700.0
2025-12-08,SPALI.BK,17.399999618530273,17.5,17.0,17.200000762939453,17.200000762939453,2921500.0
2025-12-09,SPALI.BK,17.100000381469727,17.200000762939453,16.799999237060547,17.100000381469727,17.100000381469727,1448300.0
2025-12-11,SPALI.BK,17.299999237060547,17.299999237060547,17.0,17.100000381469727,17.100000381469727,1045700.0
2025-12-12,SPALI.BK,17.0,17.200000762939453,17.0,17.0,17.0,2101500.0
2025-12-15,SPALI.BK,17.0,17.299999237060547,17.0,17.200000762939453,17.200000762939453,3800300.0
2025-12-16,SPALI.BK,17.100000381469727,17.399999618530273,16.899999618530273,17.299999237060547,17.299999237060547,2708100.0
2025-12-17,SPALI.BK,17.299999237060547,17.700000762939453,17.299999237060547,17.600000381469727,17.600000381469727,5237000.0
2025-12-18,SPALI.BK,17.600000381469727,17.700000762939453,17.200000762939453,17.399999618530273,17.399999618530273,3632900.0
2025-12-19,SPALI.BK,17.399999618530273,17.5,17.299999237060547,17.5,17.5,1396300.0
2025-12-22,SPALI.BK,17.5,17.5,17.100000381469727,17.200000762939453,17.200000762939453,3414000.0
2025-12-23,SPALI.BK,17.299999237060547,17.5,17.299999237060547,17.299999237060547,17.299999237060547,2559300.0
2025-12-24,SPALI.BK,17.299999237060547,17.399999618530273,17.100000381469727,17.299999237060547,17.299999237060547,3756700.0
2025-12-25,SPALI.BK,17.100000381469727,17.299999237060547,17.100000381469727,17.299999237060547,17.299999237060547,1452800.0
2025-12-26,SPALI.BK,17.299999237060547,17.299999237060547,17.0,17.200000762939453,17.200000762939453,1278400.0
2025-12-29,SPALI.BK,17.100000381469727,17.200000762939453,17.0,17.100000381469727,17.100000381469727,2547400.0
2025-12-30,SPALI.BK,17.0,17.200000762939453,16.899999618530273,17.0,17.0,2389500.0
2026-01-05,SPALI.BK,17.200000762939453,17.5,17.100000381469727,17.299999237060547,17.299999237060547,5516500.0
2026-01-06,SPALI.BK,17.299999237060547,17.700000762939453,17.299999237060547,17.5,17.5,4084000.0
2026-01-07,SPALI.BK,17.600000381469727,17.799999237060547,17.299999237060547,17.700000762939453,17.700000762939453,3243800.0
2026-01-08,SPALI.BK,17.700000762939453,17.700000762939453,17.5,17.700000762939453,17.700000762939453,2896900.0
2026-01-09,SPALI.BK,17.700000762939453,17.700000762939453,17.399999618530273,17.700000762939453,17.700000762939453,2061700.0
2026-01-12,SPALI.BK,17.700000762939453,17.700000762939453,17.200000762939453,17.200000762939453,17.200000762939453,2496600.0
2026-01-13,SPALI.BK,17.200000762939453,17.299999237060547,16.5,16.600000381469727,16.600000381469727,12057100.0
2026-01-14,SPALI.BK,16.700000762939453,16.899999618530273,16.700000762939453,16.700000762939453,16.700000762939453,1870800.0
2026-01-15,SPALI.BK,16.600000381469727,16.799999237060547,16.5,16.600000381469727,16.600000381469727,4182900.0
2026-01-16,SPALI.BK,16.5,17.100000381469727,16.399999618530273,16.899999618530273,16.899999618530273,6676000.0
2026-01-19,SPALI.BK,16.899999618530273,17.100000381469727,16.899999618530273,16.899999618530273,16.899999618530273,3856900.0
2026-01-20,SPALI.BK,16.899999618530273,17.5,16.899999618530273,17.200000762939453,17.200000762939453,4569100.0
2026-01-21,SPALI.BK,17.200000762939453,17.5,17.200000762939453,17.5,17.5,1494200.0
2026-01-22,SPALI.BK,17.5,18.0,17.5,17.799999237060547,17.799999237060547,10187100.0
2026-01-23,SPALI.BK,17.799999237060547,17.799999237060547,17.5,17.700000762939453,17.700000762939453,3337600.0
2026-01-26,SPALI.BK,17.600000381469727,17.700000762939453,17.299999237060547,17.600000381469727,17.600000381469727,2424700.0
2026-01-27,SPALI.BK,17.5,18.0,17.5,17.899999618530273,17.899999618530273,6557000.0
2026-01-28,SPALI.BK,17.899999618530273,18.5,17.700000762939453,18.5,18.5,9770000.0
2026-01-29,SPALI.BK,18.399999618530273,18.5,18.0,18.200000762939453,18.200000762939453,5885600.0
2026-01-30,SPALI.BK,18.200000762939453,18.299999237060547,17.899999618530273,18.200000762939453,18.200000762939453,4441100.0
2026-02-02,SPALI.BK,18.0,18.100000381469727,17.700000762939453,18.100000381469727,18.100000381469727,4414200.0
2026-02-03,SPALI.BK,18.100000381469727,18.399999618530273,18.0,18.200000762939453,18.200000762939453,5366800.0
2026-02-04,SPALI.BK,18.299999237060547,18.299999237060547,18.100000381469727,18.200000762939453,18.200000762939453,1714300.0
2026-02-05,SPALI.BK,18.100000381469727,18.299999237060547,17.899999618530273,18.0,18.0,1576100.0
2026-02-06,SPALI.BK,18.0,18.100000381469727,18.0,18.100000381469727,18.100000381469727,697100.0
2026-02-09,SPALI.BK,18.299999237060547,18.700000762939453,18.200000762939453,18.5,18.5,6960300.0
2026-02-10,SPALI.BK,18.5,18.600000381469727,18.299999237060547,18.600000381469727,18.600000381469727,3231200.0
2026-02-11,SPALI.BK,18.600000381469727,18.700000762939453,18.5,18.600000381469727,18.600000381469727,1857900.0
2026-02-12,SPALI.BK,18.700000762939453,18.799999237060547,18.200000762939453,18.799999237060547,18.799999237060547,5881600.0
2026-02-13,SPALI.BK,18.799999237060547,18.799999237060547,18.399999618530273,18.399999618530273,18.399999618530273,6686500.0
2026-02-16,SPALI.BK,18.5,18.799999237060547,18.299999237060547,18.299999237060547,18.299999237060547,2275400.0
2026-02-17,SPALI.BK,18.399999618530273,18.600000381469727,18.200000762939453,18.5,18.5,3732100.0
2026-02-18,SPALI.BK,18.5,19.0,18.5,18.799999237060547,18.799999237060547,6445400.0
2026-02-19,SPALI.BK,18.700000762939453,19.0,18.700000762939453,18.799999237060547,18.799999237060547,4699600.0
2026-02-20,SPALI.BK,18.799999237060547,18.799999237060547,18.200000762939453,18.5,18.5,6296100.0
2026-02-23,SPALI.BK,18.5,18.799999237060547,18.100000381469727,18.399999618530273,18.399999618530273,5829100.0
2026-02-24,SPALI.BK,18.299999237060547,18.399999618530273,18.200000762939453,18.399999618530273,18.399999618530273,1589800.0
2026-02-25,SPALI.BK,18.600000381469727,18.899999618530273,18.299999237060547,18.5,18.5,9196500.0
2026-02-26,SPALI.BK,18.5,18.700000762939453,18.100000381469727,18.200000762939453,18.200000762939453,8266200.0
2026-02-27,SPALI.BK,18.200000762939453,18.200000762939453,17.700000762939453,17.799999237060547,17.799999237060547,15198000.0
2026-03-02,SPALI.BK,17.5,17.700000762939453,17.200000762939453,17.299999237060547,17.299999237060547,6898300.0
2026-03-04,SPALI.BK,16.899999618530273,17.100000381469727,16.299999237060547,17.100000381469727,17.100000381469727,10903300.0
2026-03-05,SPALI.BK,17.100000381469727,17.799999237060547,16.700000762939453,17.799999237060547,17.799999237060547,8345500.0
2026-03-06,SPALI.BK,17.600000381469727,17.700000762939453,17.100000381469727,17.299999237060547,17.299999237060547,3662600.0
2026-03-09,SPALI.BK,16.600000381469727,17.100000381469727,16.399999618530273,16.899999618530273,16.899999618530273,5088400.0
2026-03-10,SPALI.BK,16.899999618530273,17.299999237060547,16.799999237060547,17.0,17.0,3418300.0
2026-03-11,SPALI.BK,17.0,17.600000381469727,17.0,17.399999618530273,17.399999618530273,5349400.0
2026-03-12,SPALI.BK,17.299999237060547,17.5,17.299999237060547,17.5,17.5,1080700.0
2026-03-13,SPALI.BK,17.5,17.5,17.100000381469727,17.399999618530273,17.399999618530273,2471300.0
2026-03-16,SPALI.BK,17.5,17.600000381469727,17.200000762939453,17.200000762939453,17.200000762939453,2003400.0
2026-03-17,SPALI.BK,17.299999237060547,17.399999618530273,16.899999618530273,17.0,17.0,4822300.0
2026-03-18,SPALI.BK,17.100000381469727,17.299999237060547,17.0,17.0,17.0,3210300.0
2026-03-19,SPALI.BK,17.0,17.0,16.700000762939453,16.799999237060547,16.799999237060547,2392300.0
2026-03-20,SPALI.BK,16.899999618530273,17.0,16.700000762939453,16.799999237060547,16.799999237060547,3546600.0
2026-03-23,SPALI.BK,16.700000762939453,16.700000762939453,16.399999618530273,16.399999618530273,16.399999618530273,3388800.0
2026-03-24,SPALI.BK,16.600000381469727,16.600000381469727,16.100000381469727,16.200000762939453,16.200000762939453,4882600.0
2026-03-25,SPALI.BK,16.299999237060547,16.700000762939453,16.200000762939453,16.5,16.5,5590900.0
2026-03-26,SPALI.BK,16.200000762939453,16.399999618530273,16.200000762939453,16.399999618530273,16.399999618530273,4288700.0
2026-03-27,SPALI.BK,16.299999237060547,16.5,16.200000762939453,16.299999237060547,16.299999237060547,2672600.0
2026-03-30,SPALI.BK,16.100000381469727,16.200000762939453,15.800000190734863,15.899999618530273,15.899999618530273,8995900.0
2026-03-31,SPALI.BK,16.100000381469727,16.299999237060547,15.899999618530273,16.299999237060547,16.299999237060547,5129100.0
2026-04-01,SPALI.BK,16.299999237060547,16.700000762939453,16.299999237060547,16.399999618530273,16.399999618530273,6866200.0
2026-04-02,SPALI.BK,16.5,16.600000381469727,16.299999237060547,16.5,16.5,4966000.0
2026-04-03,SPALI.BK,16.5,16.600000381469727,16.299999237060547,16.399999618530273,16.399999618530273,3072500.0
2026-04-07,SPALI.BK,16.5,16.600000381469727,16.299999237060547,16.5,16.5,4726500.0
2026-04-08,SPALI.BK,16.600000381469727,16.799999237060547,16.5,16.5,16.5,4465600.0
2026-04-09,SPALI.BK,16.600000381469727,16.600000381469727,16.399999618530273,16.600000381469727,16.600000381469727,3115300.0
2026-04-10,SPALI.BK,16.399999618530273,16.600000381469727,16.399999618530273,16.399999618530273,16.399999618530273,5764800.0
