Date,Ticker,Open,High,Low,Close,Adj Close,Volume
2016-04-11,MINT.BK,35.706512451171875,36.6915168762207,35.706512451171875,36.199012756347656,33.04030990600586,5548791.0
2016-04-12,MINT.BK,36.93777084350586,38.90778350830078,36.6915168762207,37.6765251159668,34.388893127441406,14237459.0
2016-04-18,MINT.BK,38.169029235839844,38.90778350830078,37.6765251159668,38.415279388427734,35.06318664550781,10359924.0
2016-04-19,MINT.BK,38.66153335571289,39.40028762817383,38.415279388427734,38.90778350830078,35.51271438598633,8622373.0
2016-04-20,MINT.BK,39.15403747558594,39.892791748046875,38.415279388427734,38.415279388427734,35.06318664550781,9333028.0
2016-04-21,MINT.BK,38.90778350830078,39.40028762817383,37.6765251159668,37.92277526855469,34.6136589050293,6614367.0
2016-04-22,MINT.BK,38.169029235839844,38.66153335571289,37.43027114868164,37.43027114868164,34.164127349853516,5483513.0
2016-04-25,MINT.BK,37.43027114868164,38.66153335571289,37.43027114868164,38.415279388427734,35.06318664550781,6496703.0
2016-04-26,MINT.BK,37.92277526855469,38.415279388427734,37.43027114868164,37.92277526855469,34.6136589050293,5742699.0
2016-04-27,MINT.BK,37.92277526855469,38.169029235839844,36.6915168762207,36.93777084350586,33.71460723876953,9020441.0
2016-04-28,MINT.BK,37.18402099609375,37.18402099609375,36.199012756347656,36.44526672363281,33.265079498291016,7105227.0
2016-04-29,MINT.BK,36.199012756347656,36.6915168762207,34.96775436401367,36.6915168762207,33.489837646484375,12520111.0
2016-05-03,MINT.BK,37.18402099609375,37.18402099609375,35.46025848388672,35.46025848388672,32.36601638793945,10175052.0
2016-05-04,MINT.BK,35.21400833129883,36.44526672363281,35.21400833129883,36.199012756347656,33.04030990600586,9373027.0
2016-05-09,MINT.BK,36.199012756347656,37.43027114868164,35.706512451171875,37.18402099609375,33.93936538696289,11240222.0
2016-05-10,MINT.BK,36.93777084350586,37.43027114868164,36.44526672363281,37.43027114868164,34.164127349853516,5868281.0
2016-05-11,MINT.BK,37.18402099609375,38.169029235839844,37.18402099609375,37.92277526855469,34.6136589050293,9821654.0
2016-05-12,MINT.BK,37.6765251159668,38.415279388427734,37.18402099609375,37.43027114868164,34.164127349853516,15939375.0
2016-05-13,MINT.BK,37.92277526855469,38.66153335571289,37.6765251159668,38.415279388427734,35.06318664550781,17785758.0
2016-05-16,MINT.BK,38.415279388427734,38.66153335571289,37.6765251159668,38.169029235839844,34.83842468261719,11869050.0
2016-05-17,MINT.BK,38.169029235839844,38.169029235839844,37.18402099609375,37.43027114868164,34.164127349853516,11311084.0
2016-05-18,MINT.BK,37.43027114868164,38.415279388427734,37.18402099609375,37.92277526855469,34.6136589050293,8835366.0
2016-05-19,MINT.BK,38.169029235839844,38.66153335571289,37.43027114868164,37.6765251159668,34.388893127441406,5845540.0
2016-05-23,MINT.BK,37.92277526855469,38.415279388427734,37.6765251159668,38.169029235839844,34.83842468261719,7337712.0
2016-05-24,MINT.BK,38.415279388427734,38.415279388427734,37.92277526855469,38.415279388427734,35.06318664550781,7210302.0
2016-05-25,MINT.BK,38.66153335571289,38.66153335571289,37.92277526855469,38.415279388427734,35.06318664550781,6924923.0
2016-05-26,MINT.BK,38.415279388427734,38.66153335571289,38.169029235839844,38.415279388427734,35.06318664550781,8768159.0
2016-05-27,MINT.BK,38.415279388427734,39.15403747558594,38.169029235839844,39.15403747558594,35.73747634887695,8760951.0
2016-05-30,MINT.BK,39.40028762817383,39.892791748046875,38.90778350830078,39.40028762817383,35.962242126464844,9715969.0
2016-05-31,MINT.BK,39.40028762817383,39.892791748046875,38.415279388427734,38.66153335571289,35.2879524230957,42937553.0
2016-06-01,MINT.BK,38.90778350830078,39.40028762817383,38.169029235839844,38.169029235839844,34.83842468261719,11225095.0
2016-06-02,MINT.BK,38.66153335571289,39.15403747558594,38.415279388427734,38.415279388427734,35.06318664550781,7158932.0
2016-06-03,MINT.BK,38.66153335571289,39.40028762817383,38.66153335571289,38.90778350830078,35.51271438598633,8705418.0
2016-06-06,MINT.BK,39.40028762817383,40.38529586791992,39.15403747558594,39.892791748046875,36.41176986694336,7113856.0
2016-06-07,MINT.BK,40.38529586791992,41.12405014038086,39.892791748046875,40.87779998779297,37.310829162597656,13467109.0
2016-06-08,MINT.BK,40.38529586791992,40.63154602050781,39.40028762817383,39.892791748046875,36.41176986694336,9312825.0
2016-06-09,MINT.BK,39.892791748046875,40.139041900634766,39.15403747558594,39.40028762817383,35.962242126464844,7331418.0
2016-06-10,MINT.BK,39.15403747558594,39.40028762817383,38.415279388427734,38.66153335571289,35.2879524230957,8940340.0
2016-06-13,MINT.BK,38.169029235839844,39.40028762817383,37.92277526855469,38.169029235839844,34.83842468261719,10100636.0
2016-06-14,MINT.BK,38.169029235839844,38.66153335571289,37.92277526855469,38.169029235839844,34.83842468261719,8360141.0
2016-06-15,MINT.BK,38.169029235839844,38.415279388427734,37.43027114868164,38.169029235839844,34.83842468261719,9875968.0
2016-06-16,MINT.BK,37.6765251159668,37.92277526855469,36.93777084350586,37.18402099609375,33.93936538696289,10360533.0
2016-06-17,MINT.BK,37.6765251159668,38.66153335571289,36.93777084350586,37.18402099609375,33.93936538696289,25780420.0
2016-06-20,MINT.BK,37.43027114868164,38.66153335571289,37.18402099609375,38.66153335571289,35.2879524230957,11375652.0
2016-06-21,MINT.BK,38.415279388427734,39.40028762817383,38.169029235839844,39.40028762817383,35.962242126464844,8003596.0
2016-06-22,MINT.BK,39.646541595458984,39.646541595458984,38.415279388427734,38.90778350830078,35.51271438598633,4456312.0
2016-06-23,MINT.BK,38.90778350830078,39.40028762817383,38.169029235839844,39.40028762817383,35.962242126464844,9904394.0
2016-06-24,MINT.BK,38.169029235839844,38.90778350830078,36.93777084350586,37.92277526855469,34.6136589050293,19252346.0
2016-06-27,MINT.BK,37.6765251159668,38.90778350830078,37.43027114868164,38.169029235839844,34.83842468261719,8047961.0
2016-06-28,MINT.BK,38.415279388427734,38.90778350830078,38.169029235839844,38.66153335571289,35.2879524230957,7128780.0
2016-06-29,MINT.BK,38.90778350830078,39.15403747558594,38.415279388427734,38.415279388427734,35.06318664550781,5403006.0
2016-06-30,MINT.BK,38.66153335571289,39.892791748046875,38.415279388427734,39.646541595458984,36.187015533447266,9697086.0
2016-07-04,MINT.BK,40.139041900634766,40.38529586791992,39.15403747558594,39.646541595458984,36.187015533447266,3754997.0
2016-07-05,MINT.BK,39.40028762817383,39.646541595458984,38.66153335571289,38.66153335571289,35.2879524230957,3425964.0
2016-07-06,MINT.BK,38.66153335571289,39.15403747558594,38.415279388427734,38.90778350830078,35.51271438598633,3298859.0
2016-07-07,MINT.BK,38.90778350830078,39.646541595458984,38.66153335571289,38.66153335571289,35.2879524230957,4797122.0
2016-07-08,MINT.BK,38.66153335571289,40.38529586791992,38.66153335571289,39.892791748046875,36.41176986694336,8973132.0
2016-07-11,MINT.BK,40.38529586791992,40.87779998779297,39.646541595458984,39.646541595458984,36.187015533447266,9076786.0
2016-07-12,MINT.BK,40.38529586791992,41.12405014038086,39.892791748046875,40.87779998779297,37.310829162597656,10350279.0
2016-07-13,MINT.BK,41.616554260253906,42.355308532714844,40.87779998779297,40.87779998779297,37.310829162597656,10799210.0
2016-07-14,MINT.BK,41.12405014038086,42.6015625,40.87779998779297,42.355308532714844,38.65940856933594,15355217.0
2016-07-15,MINT.BK,41.8628044128418,42.10905838012695,40.38529586791992,41.12405014038086,37.535587310791016,14126698.0
2016-07-20,MINT.BK,41.616554260253906,41.8628044128418,40.63154602050781,41.616554260253906,37.9851188659668,9377494.0
2016-07-21,MINT.BK,41.37030029296875,41.8628044128418,41.12405014038086,41.37030029296875,37.760353088378906,3601394.0
2016-07-22,MINT.BK,41.37030029296875,41.616554260253906,40.63154602050781,41.37030029296875,37.760353088378906,7457407.0
2016-07-25,MINT.BK,40.87779998779297,41.37030029296875,40.63154602050781,40.87779998779297,37.310829162597656,5493766.0
2016-07-26,MINT.BK,40.87779998779297,41.12405014038086,40.139041900634766,40.38529586791992,36.86129379272461,6615484.0
2016-07-27,MINT.BK,40.38529586791992,40.87779998779297,40.139041900634766,40.87779998779297,37.310829162597656,7570299.0
2016-07-28,MINT.BK,40.87779998779297,40.87779998779297,39.892791748046875,40.38529586791992,36.86129379272461,11811081.0
2016-07-29,MINT.BK,40.38529586791992,40.87779998779297,39.892791748046875,40.139041900634766,36.636531829833984,6813046.0
2016-08-01,MINT.BK,40.63154602050781,40.87779998779297,39.40028762817383,39.892791748046875,36.41176986694336,11136162.0
2016-08-02,MINT.BK,39.40028762817383,40.38529586791992,39.15403747558594,40.139041900634766,36.636531829833984,5792749.0
2016-08-03,MINT.BK,39.646541595458984,40.63154602050781,39.646541595458984,40.38529586791992,36.86129379272461,6438734.0
2016-08-04,MINT.BK,40.38529586791992,40.63154602050781,39.646541595458984,40.139041900634766,36.636531829833984,5619552.0
2016-08-05,MINT.BK,40.38529586791992,40.63154602050781,39.892791748046875,40.38529586791992,36.86129379272461,6697615.0
2016-08-08,MINT.BK,40.87779998779297,40.87779998779297,40.38529586791992,40.38529586791992,36.86129379272461,7331824.0
2016-08-09,MINT.BK,40.38529586791992,40.38529586791992,39.892791748046875,39.892791748046875,36.41176986694336,6199548.0
2016-08-10,MINT.BK,40.139041900634766,41.37030029296875,39.892791748046875,41.12405014038086,37.535587310791016,8693438.0
2016-08-11,MINT.BK,41.12405014038086,41.37030029296875,40.139041900634766,40.87779998779297,37.310829162597656,9051913.0
2016-08-15,MINT.BK,39.15403747558594,40.139041900634766,38.415279388427734,39.15403747558594,35.73747634887695,30592365.0
2016-08-16,MINT.BK,38.90778350830078,39.646541595458984,38.169029235839844,38.66153335571289,35.2879524230957,18266871.0
2016-08-17,MINT.BK,38.169029235839844,39.15403747558594,37.92277526855469,38.90778350830078,35.51271438598633,6913655.0
2016-08-18,MINT.BK,38.90778350830078,39.15403747558594,38.415279388427734,38.90778350830078,35.51271438598633,10138707.0
2016-08-19,MINT.BK,38.66153335571289,39.40028762817383,38.66153335571289,39.40028762817383,35.962242126464844,8070499.0
2016-08-22,MINT.BK,38.90778350830078,39.15403747558594,38.66153335571289,38.90778350830078,35.51271438598633,5021892.0
2016-08-23,MINT.BK,38.90778350830078,39.40028762817383,38.66153335571289,39.40028762817383,35.962242126464844,4404333.0
2016-08-24,MINT.BK,39.40028762817383,39.646541595458984,39.15403747558594,39.15403747558594,35.73747634887695,8215675.0
2016-08-25,MINT.BK,39.40028762817383,40.87779998779297,39.15403747558594,40.139041900634766,36.636531829833984,21984813.0
2016-08-26,MINT.BK,40.139041900634766,41.12405014038086,39.892791748046875,40.87779998779297,37.310829162597656,16682009.0
2016-08-29,MINT.BK,40.87779998779297,40.87779998779297,40.139041900634766,40.87779998779297,37.310829162597656,6120868.0
2016-08-30,MINT.BK,40.87779998779297,40.87779998779297,40.139041900634766,40.63154602050781,37.086063385009766,6994771.0
2016-08-31,MINT.BK,40.38529586791992,40.63154602050781,40.139041900634766,40.63154602050781,37.086063385009766,7350098.0
2016-09-01,MINT.BK,40.63154602050781,40.63154602050781,39.892791748046875,40.139041900634766,36.636531829833984,10562257.0
2016-09-02,MINT.BK,40.38529586791992,40.38529586791992,38.90778350830078,39.15403747558594,35.73747634887695,13209954.0
2016-09-05,MINT.BK,39.15403747558594,39.40028762817383,37.6765251159668,38.415279388427734,35.06318664550781,13563860.0
2016-09-06,MINT.BK,38.415279388427734,38.90778350830078,37.92277526855469,38.169029235839844,34.83842468261719,14738978.0
2016-09-07,MINT.BK,38.169029235839844,39.15403747558594,38.169029235839844,38.169029235839844,34.83842468261719,10547943.0
2016-09-08,MINT.BK,37.92277526855469,38.169029235839844,37.18402099609375,37.43027114868164,34.164127349853516,14779384.0
2016-09-09,MINT.BK,37.18402099609375,37.6765251159668,36.93777084350586,37.43027114868164,34.164127349853516,11487834.0
2016-09-12,MINT.BK,36.6915168762207,37.18402099609375,35.952762603759766,36.199012756347656,33.04030990600586,10956468.0
2016-09-13,MINT.BK,36.6915168762207,37.43027114868164,36.199012756347656,36.93777084350586,33.71460723876953,15191665.0
2016-09-14,MINT.BK,36.93777084350586,37.92277526855469,36.6915168762207,37.18402099609375,33.93936538696289,10379416.0
2016-09-15,MINT.BK,37.43027114868164,37.92277526855469,37.18402099609375,37.92277526855469,34.6136589050293,5747470.0
2016-09-16,MINT.BK,37.92277526855469,37.92277526855469,37.18402099609375,37.92277526855469,34.6136589050293,39471284.0
2016-09-19,MINT.BK,37.92277526855469,38.415279388427734,37.6765251159668,38.415279388427734,35.06318664550781,4745955.0
2016-09-20,MINT.BK,38.415279388427734,38.415279388427734,37.6765251159668,38.415279388427734,35.06318664550781,8156285.0
2016-09-21,MINT.BK,38.415279388427734,38.90778350830078,38.169029235839844,38.90778350830078,35.51271438598633,7184312.0
2016-09-22,MINT.BK,39.40028762817383,39.40028762817383,38.415279388427734,38.90778350830078,35.51271438598633,7733242.0
2016-09-23,MINT.BK,38.90778350830078,39.15403747558594,38.169029235839844,38.90778350830078,35.51271438598633,5849906.0
2016-09-26,MINT.BK,38.66153335571289,38.90778350830078,38.169029235839844,38.415279388427734,35.06318664550781,7460351.0
2016-09-27,MINT.BK,38.66153335571289,38.66153335571289,37.92277526855469,38.169029235839844,34.83842468261719,4556514.0
2016-09-28,MINT.BK,38.169029235839844,38.415279388427734,37.6765251159668,37.92277526855469,34.6136589050293,3365153.0
2016-09-29,MINT.BK,38.415279388427734,38.66153335571289,37.92277526855469,37.92277526855469,34.6136589050293,7876592.0
2016-09-30,MINT.BK,37.6765251159668,38.66153335571289,37.6765251159668,38.415279388427734,35.06318664550781,8035169.0
2016-10-03,MINT.BK,38.90778350830078,39.15403747558594,38.415279388427734,38.66153335571289,35.2879524230957,4517631.0
2016-10-04,MINT.BK,38.415279388427734,39.15403747558594,38.415279388427734,38.90778350830078,35.51271438598633,6786346.0
2016-10-05,MINT.BK,39.15403747558594,39.892791748046875,38.90778350830078,39.40028762817383,35.962242126464844,11712604.0
2016-10-06,MINT.BK,39.646541595458984,40.139041900634766,39.646541595458984,39.892791748046875,36.41176986694336,7262383.0
2016-10-07,MINT.BK,40.139041900634766,40.38529586791992,39.892791748046875,40.139041900634766,36.636531829833984,7570909.0
2016-10-10,MINT.BK,38.90778350830078,39.40028762817383,38.169029235839844,38.66153335571289,35.2879524230957,14038780.0
2016-10-11,MINT.BK,38.66153335571289,38.90778350830078,37.43027114868164,37.6765251159668,34.388893127441406,10906823.0
2016-10-12,MINT.BK,37.6765251159668,37.6765251159668,33.73649597167969,35.952762603759766,32.81554412841797,37204803.0
2016-10-13,MINT.BK,35.46025848388672,37.18402099609375,34.475250244140625,36.6915168762207,33.489837646484375,21938215.0
2016-10-14,MINT.BK,38.415279388427734,39.40028762817383,37.92277526855469,38.415279388427734,35.06318664550781,21215580.0
2016-10-17,MINT.BK,38.66153335571289,38.66153335571289,37.6765251159668,38.169029235839844,34.83842468261719,8095778.0
2016-10-18,MINT.BK,38.169029235839844,38.66153335571289,37.6765251159668,38.169029235839844,34.83842468261719,4715396.0
2016-10-19,MINT.BK,37.92277526855469,37.92277526855469,37.18402099609375,37.43027114868164,34.164127349853516,12554019.0
2016-10-20,MINT.BK,37.6765251159668,37.92277526855469,37.18402099609375,37.43027114868164,34.164127349853516,7723902.0
2016-10-21,MINT.BK,37.6765251159668,38.415279388427734,37.6765251159668,37.92277526855469,34.6136589050293,6651220.0
2016-10-25,MINT.BK,37.92277526855469,38.169029235839844,37.43027114868164,37.92277526855469,34.6136589050293,6077011.0
2016-10-26,MINT.BK,38.169029235839844,38.169029235839844,37.6765251159668,37.92277526855469,34.6136589050293,2096634.0
2016-10-27,MINT.BK,37.92277526855469,38.169029235839844,37.6765251159668,37.92277526855469,34.6136589050293,2101608.0
2016-10-28,MINT.BK,37.92277526855469,37.92277526855469,37.6765251159668,37.6765251159668,34.388893127441406,2679168.0
2016-10-31,MINT.BK,37.6765251159668,37.92277526855469,37.6765251159668,37.92277526855469,34.6136589050293,2861298.0
2016-11-01,MINT.BK,37.6765251159668,37.92277526855469,36.93777084350586,37.18402099609375,33.93936538696289,15101513.0
2016-11-02,MINT.BK,37.18402099609375,37.18402099609375,36.44526672363281,36.44526672363281,33.265079498291016,7125328.0
2016-11-03,MINT.BK,36.44526672363281,36.6915168762207,35.952762603759766,36.199012756347656,33.04030990600586,8106133.0
2016-11-04,MINT.BK,35.952762603759766,36.199012756347656,35.706512451171875,35.952762603759766,32.81554412841797,4544941.0
2016-11-07,MINT.BK,35.952762603759766,36.199012756347656,35.46025848388672,35.706512451171875,32.590782165527344,12786911.0
2016-11-08,MINT.BK,35.706512451171875,37.18402099609375,35.706512451171875,36.6915168762207,33.489837646484375,17915300.0
2016-11-09,MINT.BK,36.199012756347656,37.18402099609375,35.952762603759766,37.18402099609375,33.93936538696289,10170280.0
2016-11-10,MINT.BK,37.18402099609375,37.43027114868164,36.44526672363281,36.6915168762207,33.489837646484375,9415565.0
2016-11-11,MINT.BK,36.6915168762207,36.93777084350586,35.952762603759766,35.952762603759766,32.81554412841797,6890812.0
2016-11-14,MINT.BK,35.952762603759766,35.952762603759766,34.229000091552734,34.475250244140625,31.466960906982422,15254812.0
2016-11-15,MINT.BK,34.475250244140625,34.96775436401367,34.229000091552734,34.475250244140625,31.466960906982422,14974408.0
2016-11-16,MINT.BK,34.72150421142578,35.21400833129883,33.98274612426758,34.475250244140625,31.466960906982422,10150890.0
2016-11-17,MINT.BK,34.475250244140625,34.96775436401367,33.73649597167969,33.98274612426758,31.017433166503906,13804873.0
2016-11-18,MINT.BK,33.73649597167969,33.98274612426758,33.24399185180664,33.4902458190918,30.567907333374023,12199809.0
2016-11-21,MINT.BK,33.73649597167969,34.72150421142578,33.4902458190918,34.229000091552734,31.24220085144043,10375457.0
2016-11-22,MINT.BK,34.475250244140625,34.72150421142578,34.229000091552734,34.475250244140625,31.466960906982422,7134973.0
2016-11-23,MINT.BK,34.475250244140625,34.475250244140625,33.73649597167969,34.229000091552734,31.24220085144043,14142536.0
2016-11-24,MINT.BK,34.229000091552734,34.229000091552734,33.98274612426758,33.98274612426758,31.017433166503906,2089933.0
2016-11-25,MINT.BK,34.229000091552734,35.952762603759766,33.98274612426758,35.706512451171875,32.590782165527344,29324557.0
2016-11-28,MINT.BK,35.706512451171875,35.952762603759766,34.96775436401367,35.706512451171875,32.590782165527344,11430677.0
2016-11-29,MINT.BK,35.46025848388672,35.706512451171875,34.96775436401367,35.21400833129883,32.141258239746094,14034922.0
2016-11-30,MINT.BK,35.21400833129883,36.93777084350586,35.21400833129883,36.93777084350586,33.71460723876953,21976793.0
2016-12-01,MINT.BK,37.43027114868164,37.43027114868164,36.199012756347656,36.199012756347656,33.04030990600586,20645229.0
2016-12-02,MINT.BK,36.199012756347656,36.44526672363281,35.706512451171875,36.199012756347656,33.04030990600586,7052334.0
2016-12-06,MINT.BK,36.44526672363281,36.6915168762207,35.706512451171875,36.199012756347656,33.04030990600586,8682677.0
2016-12-07,MINT.BK,35.952762603759766,36.199012756347656,35.46025848388672,35.706512451171875,32.590782165527344,10205306.0
2016-12-08,MINT.BK,35.952762603759766,36.44526672363281,35.706512451171875,36.199012756347656,33.04030990600586,6682387.0
2016-12-09,MINT.BK,36.199012756347656,36.44526672363281,35.952762603759766,36.199012756347656,33.04030990600586,4390729.0
2016-12-13,MINT.BK,35.952762603759766,36.199012756347656,35.706512451171875,36.199012756347656,33.04030990600586,7181571.0
2016-12-14,MINT.BK,36.44526672363281,36.44526672363281,35.706512451171875,35.952762603759766,32.81554412841797,5446356.0
2016-12-15,MINT.BK,35.952762603759766,35.952762603759766,35.21400833129883,35.46025848388672,32.36601638793945,4997222.0
2016-12-16,MINT.BK,35.46025848388672,35.46025848388672,34.229000091552734,34.475250244140625,31.466960906982422,23612111.0
2016-12-19,MINT.BK,34.475250244140625,34.96775436401367,34.229000091552734,34.475250244140625,31.466960906982422,13941014.0
2016-12-20,MINT.BK,34.475250244140625,34.72150421142578,33.98274612426758,34.475250244140625,31.466960906982422,9029883.0
2016-12-21,MINT.BK,34.475250244140625,34.475250244140625,33.4902458190918,33.98274612426758,31.017433166503906,12164784.0
2016-12-22,MINT.BK,33.98274612426758,34.229000091552734,33.4902458190918,33.73649597167969,30.79267120361328,10293528.0
2016-12-23,MINT.BK,33.73649597167969,33.98274612426758,33.24399185180664,33.73649597167969,30.79267120361328,9894140.0
2016-12-26,MINT.BK,34.229000091552734,34.72150421142578,33.98274612426758,34.229000091552734,31.24220085144043,7410199.0
2016-12-27,MINT.BK,34.475250244140625,34.475250244140625,34.229000091552734,34.229000091552734,31.24220085144043,6711626.0
2016-12-28,MINT.BK,34.475250244140625,34.96775436401367,34.229000091552734,34.72150421142578,31.691726684570312,7105734.0
2016-12-29,MINT.BK,34.72150421142578,35.21400833129883,34.475250244140625,34.96775436401367,31.916488647460938,6502896.0
2016-12-30,MINT.BK,34.96775436401367,35.46025848388672,34.72150421142578,35.21400833129883,32.141258239746094,8009687.0
2017-01-04,MINT.BK,35.46025848388672,35.952762603759766,35.21400833129883,35.952762603759766,32.81554412841797,9506834.0
2017-01-05,MINT.BK,35.952762603759766,35.952762603759766,34.72150421142578,35.706512451171875,32.590782165527344,18680574.0
2017-01-06,MINT.BK,35.706512451171875,35.952762603759766,35.21400833129883,35.46025848388672,32.36601638793945,7768166.0
2017-01-09,MINT.BK,35.46025848388672,35.706512451171875,35.21400833129883,35.46025848388672,32.36601638793945,10486014.0
2017-01-10,MINT.BK,35.46025848388672,35.706512451171875,34.96775436401367,35.46025848388672,32.36601638793945,11711284.0
2017-01-11,MINT.BK,35.21400833129883,35.46025848388672,34.72150421142578,34.96775436401367,31.916488647460938,10101245.0
2017-01-12,MINT.BK,35.21400833129883,35.46025848388672,34.96775436401367,35.21400833129883,32.141258239746094,6167873.0
2017-01-16,MINT.BK,35.46025848388672,35.46025848388672,34.475250244140625,34.475250244140625,31.466960906982422,9284602.0
2017-01-17,MINT.BK,34.72150421142578,34.72150421142578,34.229000091552734,34.475250244140625,31.466960906982422,14013095.0
2017-01-18,MINT.BK,34.475250244140625,34.72150421142578,33.98274612426758,34.229000091552734,31.24220085144043,7838622.0
2017-01-19,MINT.BK,33.98274612426758,34.229000091552734,33.4902458190918,33.73649597167969,30.79267120361328,15224964.0
2017-01-20,MINT.BK,33.4902458190918,33.73649597167969,33.24399185180664,33.4902458190918,30.567907333374023,21066343.0
2017-01-23,MINT.BK,33.4902458190918,33.98274612426758,33.24399185180664,33.4902458190918,30.567907333374023,19681581.0
2017-01-24,MINT.BK,33.4902458190918,34.475250244140625,33.4902458190918,33.98274612426758,31.017433166503906,21722176.0
2017-01-25,MINT.BK,34.475250244140625,34.96775436401367,34.229000091552734,34.475250244140625,31.466960906982422,20330511.0
2017-01-26,MINT.BK,34.72150421142578,34.96775436401367,33.98274612426758,34.72150421142578,31.691726684570312,18207481.0
2017-01-27,MINT.BK,34.96775436401367,35.21400833129883,33.98274612426758,34.72150421142578,31.691726684570312,15718869.0
2017-01-30,MINT.BK,34.72150421142578,34.96775436401367,34.229000091552734,34.229000091552734,31.24220085144043,6841371.0
2017-01-31,MINT.BK,34.475250244140625,34.72150421142578,34.229000091552734,34.229000091552734,31.24220085144043,6817310.0
2017-02-01,MINT.BK,34.475250244140625,34.475250244140625,33.4902458190918,33.98274612426758,31.017433166503906,17200787.0
2017-02-02,MINT.BK,33.98274612426758,34.475250244140625,33.73649597167969,34.229000091552734,31.24220085144043,6573657.0
2017-02-03,MINT.BK,34.229000091552734,34.475250244140625,33.73649597167969,33.73649597167969,30.79267120361328,10326421.0
2017-02-06,MINT.BK,33.98274612426758,34.475250244140625,33.98274612426758,33.98274612426758,31.017433166503906,8444506.0
2017-02-07,MINT.BK,34.229000091552734,34.72150421142578,33.98274612426758,34.229000091552734,31.24220085144043,6111325.0
2017-02-08,MINT.BK,34.96775436401367,35.952762603759766,34.96775436401367,35.46025848388672,32.36601638793945,36162273.0
2017-02-09,MINT.BK,35.706512451171875,35.952762603759766,35.21400833129883,35.46025848388672,32.36601638793945,10312005.0
2017-02-10,MINT.BK,35.46025848388672,35.706512451171875,34.229000091552734,34.72150421142578,31.691726684570312,27697665.0
2017-02-14,MINT.BK,34.72150421142578,34.96775436401367,34.475250244140625,34.72150421142578,31.691726684570312,10311498.0
2017-02-15,MINT.BK,34.96775436401367,35.21400833129883,34.229000091552734,34.72150421142578,31.691726684570312,9077395.0
2017-02-16,MINT.BK,34.72150421142578,34.72150421142578,33.98274612426758,34.229000091552734,31.24220085144043,11329561.0
2017-02-17,MINT.BK,34.475250244140625,34.475250244140625,33.98274612426758,34.229000091552734,31.24220085144043,7467661.0
2017-02-20,MINT.BK,34.475250244140625,34.475250244140625,34.229000091552734,34.229000091552734,31.24220085144043,4704432.0
2017-02-21,MINT.BK,33.4902458190918,33.98274612426758,33.24399185180664,33.24399185180664,30.343137741088867,32910926.0
2017-02-22,MINT.BK,33.4902458190918,33.73649597167969,32.99774169921875,33.4902458190918,30.567907333374023,16821907.0
2017-02-23,MINT.BK,33.24399185180664,33.4902458190918,32.751487731933594,32.99774169921875,30.118377685546875,13729442.0
2017-02-24,MINT.BK,32.99774169921875,33.98274612426758,32.751487731933594,33.4902458190918,30.567907333374023,9575564.0
2017-02-27,MINT.BK,33.4902458190918,34.229000091552734,33.24399185180664,33.73649597167969,30.79267120361328,8057402.0
2017-02-28,MINT.BK,33.98274612426758,34.72150421142578,33.73649597167969,33.73649597167969,30.79267120361328,15971355.0
2017-03-01,MINT.BK,33.98274612426758,34.475250244140625,33.98274612426758,33.98274612426758,31.017433166503906,9175567.0
2017-03-02,MINT.BK,34.229000091552734,34.475250244140625,33.73649597167969,33.98274612426758,31.017433166503906,9115770.0
2017-03-03,MINT.BK,33.98274612426758,34.475250244140625,33.98274612426758,34.229000091552734,31.24220085144043,3964844.0
2017-03-06,MINT.BK,34.72150421142578,34.72150421142578,34.229000091552734,34.229000091552734,31.24220085144043,4864939.0
2017-03-07,MINT.BK,34.475250244140625,34.475250244140625,33.73649597167969,33.98274612426758,31.017433166503906,6130208.0
2017-03-08,MINT.BK,33.98274612426758,34.475250244140625,33.73649597167969,33.98274612426758,31.017433166503906,6301070.0
2017-03-09,MINT.BK,33.98274612426758,33.98274612426758,33.4902458190918,33.73649597167969,30.79267120361328,5287067.0
2017-03-10,MINT.BK,33.73649597167969,33.98274612426758,33.4902458190918,33.73649597167969,30.79267120361328,4093777.0
2017-03-13,MINT.BK,33.4902458190918,33.98274612426758,33.4902458190918,33.73649597167969,30.79267120361328,6965228.0
2017-03-14,MINT.BK,33.4902458190918,33.73649597167969,33.24399185180664,33.73649597167969,30.79267120361328,8068570.0
2017-03-15,MINT.BK,33.73649597167969,33.98274612426758,33.24399185180664,33.73649597167969,30.79267120361328,5331128.0
2017-03-16,MINT.BK,33.98274612426758,34.72150421142578,33.73649597167969,34.229000091552734,31.24220085144043,13090767.0
2017-03-17,MINT.BK,34.475250244140625,34.96775436401367,34.229000091552734,34.229000091552734,31.24220085144043,12894728.0
2017-03-20,MINT.BK,34.475250244140625,34.96775436401367,34.229000091552734,34.72150421142578,31.691726684570312,12147525.0
2017-03-21,MINT.BK,34.72150421142578,34.96775436401367,34.475250244140625,34.475250244140625,31.466960906982422,7707659.0
2017-03-22,MINT.BK,34.475250244140625,35.21400833129883,34.229000091552734,34.96775436401367,31.916488647460938,13621829.0
2017-03-23,MINT.BK,35.21400833129883,35.706512451171875,34.96775436401367,35.46025848388672,32.36601638793945,15711255.0
2017-03-24,MINT.BK,35.21400833129883,35.46025848388672,34.96775436401367,35.46025848388672,32.36601638793945,5347169.0
2017-03-27,MINT.BK,35.46025848388672,35.706512451171875,35.21400833129883,35.706512451171875,32.590782165527344,4742706.0
2017-03-28,MINT.BK,35.706512451171875,35.952762603759766,35.46025848388672,35.952762603759766,32.81554412841797,8565318.0
2017-03-29,MINT.BK,35.952762603759766,36.199012756347656,35.46025848388672,35.952762603759766,32.81554412841797,3945960.0
2017-03-30,MINT.BK,35.952762603759766,36.44526672363281,35.706512451171875,36.199012756347656,33.04030990600586,8858209.0
2017-03-31,MINT.BK,36.199012756347656,36.44526672363281,35.952762603759766,36.199012756347656,33.04030990600586,5003415.0
2017-04-03,MINT.BK,36.44526672363281,36.6915168762207,35.952762603759766,36.199012756347656,33.04030990600586,5437523.0
2017-04-04,MINT.BK,36.199012756347656,36.6915168762207,36.199012756347656,36.44526672363281,33.265079498291016,5214581.0
2017-04-05,MINT.BK,36.6915168762207,37.18402099609375,36.44526672363281,36.93777084350586,33.71460723876953,9319424.0
2017-04-07,MINT.BK,36.93777084350586,37.43027114868164,36.6915168762207,36.93777084350586,33.71460723876953,12542750.0
2017-04-10,MINT.BK,36.44526672363281,36.93777084350586,36.199012756347656,36.6915168762207,33.80535125732422,6579850.0
2017-04-11,MINT.BK,36.6915168762207,36.93777084350586,36.44526672363281,36.44526672363281,33.57847213745117,6664215.0
2017-04-12,MINT.BK,36.6915168762207,36.6915168762207,35.46025848388672,36.44526672363281,33.57847213745117,6940761.0
2017-04-17,MINT.BK,36.44526672363281,36.44526672363281,35.952762603759766,35.952762603759766,33.12472152709961,3467690.0
2017-04-18,MINT.BK,36.199012756347656,36.6915168762207,35.952762603759766,36.44526672363281,33.57847213745117,8960848.0
2017-04-19,MINT.BK,36.6915168762207,36.93777084350586,36.44526672363281,36.93777084350586,34.0322380065918,7630096.0
2017-04-20,MINT.BK,36.93777084350586,36.93777084350586,35.706512451171875,36.6915168762207,33.80535125732422,10937077.0
2017-04-21,MINT.BK,36.44526672363281,36.6915168762207,35.706512451171875,36.199012756347656,33.351593017578125,4267176.0
2017-04-24,MINT.BK,35.952762603759766,36.6915168762207,35.952762603759766,36.199012756347656,33.351593017578125,5593258.0
2017-04-25,MINT.BK,36.44526672363281,36.93777084350586,36.199012756347656,36.44526672363281,33.57847213745117,9660741.0
2017-04-26,MINT.BK,36.44526672363281,37.18402099609375,36.44526672363281,36.93777084350586,34.0322380065918,13060716.0
2017-04-27,MINT.BK,37.18402099609375,37.18402099609375,36.6915168762207,36.93777084350586,34.0322380065918,2532367.0
2017-04-28,MINT.BK,36.93777084350586,37.18402099609375,36.6915168762207,36.6915168762207,33.80535125732422,4132660.0
2017-05-02,MINT.BK,36.93777084350586,37.18402099609375,36.6915168762207,36.93777084350586,34.0322380065918,5026156.0
2017-05-03,MINT.BK,36.6915168762207,36.93777084350586,36.199012756347656,36.6915168762207,33.80535125732422,5805033.0
2017-05-04,MINT.BK,36.44526672363281,36.93777084350586,36.199012756347656,36.6915168762207,33.80535125732422,5247981.0
2017-05-08,MINT.BK,36.6915168762207,36.93777084350586,36.199012756347656,36.44526672363281,33.57847213745117,10146829.0
2017-05-09,MINT.BK,36.6915168762207,36.6915168762207,36.199012756347656,36.6915168762207,33.80535125732422,4339359.0
2017-05-11,MINT.BK,36.6915168762207,36.93777084350586,36.44526672363281,36.6915168762207,33.80535125732422,10633932.0
2017-05-12,MINT.BK,36.44526672363281,36.6915168762207,34.96775436401367,35.706512451171875,32.897823333740234,24122260.0
2017-05-15,MINT.BK,35.46025848388672,35.46025848388672,35.46025848388672,35.46025848388672,32.67094802856445,481214.0
2017-05-16,MINT.BK,35.46025848388672,35.952762603759766,35.21400833129883,35.706512451171875,32.897823333740234,6576195.0
2017-05-17,MINT.BK,35.706512451171875,35.706512451171875,34.229000091552734,34.475250244140625,31.76342010498047,17213985.0
2017-05-18,MINT.BK,34.475250244140625,34.72150421142578,33.98274612426758,34.229000091552734,31.53653907775879,9614955.0
2017-05-19,MINT.BK,34.229000091552734,36.44526672363281,34.229000091552734,35.952762603759766,33.12472152709961,22943385.0
2017-05-22,MINT.BK,36.199012756347656,37.18402099609375,35.706512451171875,36.199012756347656,33.351593017578125,17378756.0
2017-05-23,MINT.BK,36.199012756347656,36.93777084350586,35.952762603759766,36.93777084350586,34.0322380065918,11650270.0
2017-05-24,MINT.BK,36.93777084350586,36.93777084350586,36.44526672363281,36.93777084350586,34.0322380065918,5617725.0
2017-05-25,MINT.BK,36.93777084350586,36.93777084350586,36.44526672363281,36.6915168762207,33.80535125732422,2911958.0
2017-05-26,MINT.BK,36.6915168762207,36.93777084350586,36.44526672363281,36.93777084350586,34.0322380065918,4343318.0
2017-05-29,MINT.BK,36.93777084350586,37.18402099609375,36.6915168762207,37.18402099609375,34.259124755859375,4804330.0
2017-05-30,MINT.BK,37.18402099609375,37.18402099609375,36.93777084350586,37.18402099609375,34.259124755859375,2099680.0
2017-05-31,MINT.BK,37.18402099609375,37.18402099609375,36.44526672363281,36.93777084350586,34.0322380065918,7885830.0
2017-06-01,MINT.BK,37.18402099609375,37.43027114868164,36.199012756347656,36.44526672363281,33.57847213745117,5681075.0
2017-06-02,MINT.BK,36.44526672363281,36.93777084350586,35.952762603759766,36.199012756347656,33.351593017578125,8714149.0
2017-06-05,MINT.BK,36.44526672363281,36.6915168762207,35.952762603759766,35.952762603759766,33.12472152709961,5486457.0
2017-06-06,MINT.BK,36.199012756347656,37.18402099609375,36.199012756347656,36.93777084350586,34.0322380065918,8213848.0
2017-06-07,MINT.BK,37.18402099609375,37.18402099609375,36.44526672363281,36.44526672363281,33.57847213745117,4163522.0
2017-06-08,MINT.BK,36.44526672363281,36.93777084350586,36.44526672363281,36.6915168762207,33.80535125732422,2883735.0
2017-06-09,MINT.BK,36.6915168762207,36.93777084350586,36.199012756347656,36.44526672363281,33.57847213745117,6731422.0
2017-06-12,MINT.BK,36.44526672363281,36.93777084350586,36.44526672363281,36.44526672363281,33.57847213745117,5678537.0
2017-06-13,MINT.BK,36.6915168762207,37.18402099609375,36.6915168762207,37.18402099609375,34.259124755859375,10398705.0
2017-06-14,MINT.BK,36.93777084350586,37.18402099609375,36.6915168762207,37.18402099609375,34.259124755859375,3959260.0
2017-06-15,MINT.BK,37.18402099609375,38.66153335571289,37.18402099609375,38.66153335571289,35.62040710449219,26896554.0
2017-06-16,MINT.BK,38.415279388427734,39.15403747558594,38.169029235839844,38.90778350830078,35.8472900390625,14558878.0
2017-06-19,MINT.BK,39.40028762817383,39.892791748046875,38.66153335571289,39.15403747558594,36.07417297363281,16687593.0
2017-06-20,MINT.BK,39.15403747558594,39.646541595458984,38.415279388427734,38.66153335571289,35.62040710449219,13138178.0
2017-06-21,MINT.BK,38.66153335571289,38.90778350830078,38.415279388427734,38.90778350830078,35.8472900390625,4656514.0
2017-06-22,MINT.BK,38.90778350830078,40.38529586791992,38.90778350830078,40.139041900634766,36.9817008972168,22029483.0
2017-06-23,MINT.BK,39.892791748046875,40.87779998779297,39.892791748046875,40.139041900634766,36.9817008972168,16442214.0
2017-06-26,MINT.BK,40.38529586791992,40.63154602050781,39.646541595458984,40.139041900634766,36.9817008972168,6352034.0
2017-06-27,MINT.BK,40.38529586791992,41.37030029296875,40.139041900634766,41.37030029296875,38.1161003112793,25169663.0
2017-06-28,MINT.BK,40.87779998779297,41.12405014038086,40.63154602050781,40.87779998779297,37.66233825683594,13895228.0
2017-06-29,MINT.BK,40.87779998779297,41.12405014038086,39.40028762817383,39.646541595458984,36.52793502807617,15136234.0
2017-06-30,MINT.BK,39.646541595458984,40.139041900634766,39.40028762817383,39.646541595458984,36.52793502807617,11455855.0
2017-07-03,MINT.BK,39.892791748046875,40.38529586791992,39.892791748046875,40.38529586791992,37.208580017089844,11438698.0
2017-07-04,MINT.BK,40.63154602050781,40.87779998779297,39.646541595458984,39.892791748046875,36.75481414794922,13524774.0
2017-07-05,MINT.BK,40.139041900634766,40.139041900634766,39.646541595458984,39.646541595458984,36.52793502807617,10838296.0
2017-07-06,MINT.BK,39.892791748046875,39.892791748046875,38.415279388427734,39.15403747558594,36.07417297363281,16595817.0
2017-07-07,MINT.BK,39.40028762817383,40.139041900634766,39.40028762817383,39.646541595458984,36.52793502807617,11664483.0
2017-07-11,MINT.BK,39.40028762817383,40.38529586791992,39.40028762817383,40.38529586791992,37.208580017089844,8897193.0
2017-07-12,MINT.BK,40.63154602050781,40.87779998779297,39.892791748046875,40.139041900634766,36.9817008972168,6928375.0
2017-07-13,MINT.BK,40.38529586791992,40.87779998779297,40.139041900634766,40.38529586791992,37.208580017089844,12471583.0
2017-07-14,MINT.BK,40.38529586791992,40.87779998779297,39.646541595458984,40.63154602050781,37.435462951660156,7515884.0
2017-07-17,MINT.BK,40.87779998779297,41.12405014038086,40.139041900634766,40.139041900634766,36.9817008972168,7081877.0
2017-07-18,MINT.BK,40.38529586791992,41.12405014038086,40.139041900634766,40.63154602050781,37.435462951660156,14131571.0
2017-07-19,MINT.BK,40.63154602050781,40.63154602050781,39.892791748046875,40.38529586791992,37.208580017089844,6426958.0
2017-07-20,MINT.BK,40.38529586791992,40.63154602050781,40.139041900634766,40.38529586791992,37.208580017089844,5107678.0
2017-07-21,MINT.BK,40.63154602050781,40.87779998779297,40.139041900634766,40.38529586791992,37.208580017089844,8136184.0
2017-07-24,MINT.BK,40.63154602050781,40.87779998779297,40.38529586791992,40.87779998779297,37.66233825683594,6836295.0
2017-07-25,MINT.BK,41.12405014038086,41.12405014038086,40.139041900634766,40.63154602050781,37.435462951660156,7660553.0
2017-07-26,MINT.BK,40.38529586791992,40.87779998779297,40.38529586791992,40.63154602050781,37.435462951660156,3898245.0
2017-07-27,MINT.BK,40.38529586791992,40.87779998779297,40.38529586791992,40.87779998779297,37.66233825683594,5881479.0
2017-07-31,MINT.BK,40.87779998779297,41.616554260253906,40.63154602050781,41.616554260253906,38.342987060546875,19357015.0
2017-08-01,MINT.BK,41.8628044128418,41.8628044128418,40.63154602050781,40.63154602050781,37.435462951660156,10060637.0
2017-08-02,MINT.BK,40.63154602050781,41.37030029296875,40.63154602050781,40.63154602050781,37.435462951660156,9162674.0
2017-08-03,MINT.BK,40.63154602050781,40.87779998779297,40.139041900634766,40.38529586791992,37.208580017089844,6112239.0
2017-08-04,MINT.BK,40.38529586791992,40.63154602050781,40.139041900634766,40.139041900634766,36.9817008972168,5998940.0
2017-08-07,MINT.BK,40.139041900634766,40.87779998779297,40.139041900634766,40.38529586791992,37.208580017089844,11244080.0
2017-08-08,MINT.BK,40.139041900634766,40.63154602050781,39.892791748046875,39.892791748046875,36.75481414794922,7909180.0
2017-08-09,MINT.BK,39.892791748046875,40.63154602050781,38.90778350830078,38.90778350830078,35.8472900390625,21307864.0
2017-08-10,MINT.BK,38.90778350830078,39.892791748046875,38.90778350830078,39.40028762817383,36.301055908203125,8315472.0
2017-08-11,MINT.BK,39.15403747558594,39.40028762817383,38.169029235839844,38.415279388427734,35.39352798461914,21455985.0
2017-08-15,MINT.BK,38.415279388427734,38.90778350830078,38.169029235839844,38.66153335571289,35.62040710449219,10837484.0
2017-08-16,MINT.BK,38.415279388427734,39.40028762817383,38.169029235839844,39.15403747558594,36.07417297363281,21291722.0
2017-08-17,MINT.BK,39.15403747558594,39.15403747558594,38.169029235839844,38.66153335571289,35.62040710449219,27055436.0
2017-08-18,MINT.BK,38.415279388427734,38.66153335571289,37.92277526855469,37.92277526855469,34.939762115478516,15915924.0
2017-08-21,MINT.BK,37.92277526855469,38.415279388427734,37.6765251159668,38.169029235839844,35.166648864746094,8211818.0
2017-08-22,MINT.BK,38.415279388427734,38.415279388427734,37.92277526855469,38.169029235839844,35.166648864746094,11016569.0
2017-08-23,MINT.BK,38.415279388427734,38.66153335571289,38.169029235839844,38.66153335571289,35.62040710449219,12641633.0
2017-08-24,MINT.BK,38.66153335571289,38.66153335571289,37.6765251159668,38.169029235839844,35.166648864746094,23559726.0
2017-08-25,MINT.BK,38.415279388427734,38.66153335571289,38.169029235839844,38.169029235839844,35.166648864746094,6336603.0
2017-08-28,MINT.BK,38.66153335571289,38.66153335571289,38.66153335571289,38.66153335571289,35.62040710449219,1587907.0
2017-08-29,MINT.BK,38.66153335571289,39.40028762817383,38.169029235839844,39.15403747558594,36.07417297363281,28283041.0
2017-08-30,MINT.BK,39.15403747558594,39.646541595458984,38.90778350830078,39.15403747558594,36.07417297363281,17733474.0
2017-08-31,MINT.BK,39.40028762817383,39.646541595458984,38.90778350830078,39.15403747558594,36.07417297363281,15431054.0
2017-09-01,MINT.BK,39.40028762817383,39.40028762817383,38.90778350830078,39.15403747558594,36.07417297363281,12370061.0
2017-09-04,MINT.BK,39.15403747558594,39.40028762817383,38.90778350830078,38.90778350830078,35.8472900390625,8494760.0
2017-09-05,MINT.BK,38.90778350830078,39.15403747558594,38.66153335571289,38.66153335571289,35.62040710449219,8434659.0
2017-09-06,MINT.BK,38.66153335571289,38.90778350830078,38.415279388427734,38.66153335571289,35.62040710449219,9449575.0
2017-09-07,MINT.BK,38.66153335571289,38.90778350830078,38.415279388427734,38.66153335571289,35.62040710449219,6979847.0
2017-09-08,MINT.BK,38.90778350830078,39.40028762817383,38.66153335571289,38.90778350830078,35.8472900390625,18221694.0
2017-09-11,MINT.BK,38.90778350830078,39.15403747558594,38.169029235839844,38.415279388427734,35.39352798461914,15320192.0
2017-09-12,MINT.BK,38.415279388427734,38.66153335571289,37.92277526855469,38.415279388427734,35.39352798461914,11540220.0
2017-09-13,MINT.BK,38.415279388427734,38.66153335571289,37.92277526855469,37.92277526855469,34.939762115478516,12700414.0
2017-09-14,MINT.BK,38.169029235839844,38.415279388427734,37.92277526855469,38.169029235839844,35.166648864746094,20579544.0
2017-09-15,MINT.BK,38.169029235839844,38.415279388427734,37.92277526855469,38.415279388427734,35.39352798461914,15525571.0
2017-09-18,MINT.BK,38.66153335571289,38.90778350830078,38.169029235839844,38.66153335571289,35.62040710449219,26251280.0
2017-09-19,MINT.BK,38.90778350830078,39.646541595458984,38.415279388427734,39.15403747558594,36.07417297363281,68377367.0
2017-09-20,MINT.BK,39.40028762817383,39.646541595458984,39.15403747558594,39.40028762817383,36.301055908203125,37876474.0
2017-09-21,MINT.BK,39.40028762817383,39.40028762817383,39.15403747558594,39.40028762817383,36.301055908203125,13358277.0
2017-09-22,MINT.BK,39.15403747558594,39.15403747558594,38.415279388427734,38.66153335571289,35.62040710449219,23206124.0
2017-09-25,MINT.BK,38.415279388427734,38.90778350830078,38.415279388427734,38.66153335571289,35.62040710449219,19694576.0
2017-09-26,MINT.BK,38.66153335571289,38.90778350830078,38.66153335571289,38.90778350830078,35.8472900390625,20201172.0
2017-09-27,MINT.BK,39.15403747558594,40.38529586791992,38.90778350830078,40.139041900634766,36.9817008972168,53328239.0
2017-09-28,MINT.BK,40.139041900634766,40.139041900634766,39.40028762817383,39.892791748046875,36.75481414794922,25306616.0
2017-09-29,MINT.BK,39.892791748046875,40.139041900634766,39.40028762817383,40.139041900634766,36.9817008972168,15927091.0
2017-10-02,MINT.BK,40.139041900634766,41.12405014038086,40.139041900634766,40.87779998779297,37.66233825683594,26977670.0
2017-10-03,MINT.BK,40.87779998779297,40.87779998779297,40.38529586791992,40.87779998779297,37.66233825683594,10154037.0
2017-10-04,MINT.BK,40.87779998779297,40.87779998779297,39.892791748046875,40.38529586791992,37.208580017089844,12409858.0
2017-10-05,MINT.BK,40.38529586791992,41.12405014038086,40.38529586791992,40.87779998779297,37.66233825683594,9457392.0
2017-10-06,MINT.BK,40.87779998779297,41.12405014038086,40.63154602050781,40.87779998779297,37.66233825683594,15057148.0
2017-10-09,MINT.BK,41.12405014038086,41.12405014038086,39.646541595458984,39.892791748046875,36.75481414794922,15540596.0
2017-10-10,MINT.BK,40.139041900634766,40.63154602050781,39.892791748046875,40.139041900634766,36.9817008972168,15797346.0
2017-10-11,MINT.BK,40.38529586791992,41.12405014038086,40.139041900634766,40.87779998779297,37.66233825683594,20193354.0
2017-10-12,MINT.BK,41.12405014038086,41.37030029296875,40.63154602050781,40.87779998779297,37.66233825683594,17718753.0
2017-10-16,MINT.BK,40.87779998779297,40.87779998779297,40.87779998779297,40.87779998779297,37.66233825683594,1181514.0
2017-10-17,MINT.BK,40.87779998779297,41.12405014038086,40.63154602050781,40.87779998779297,37.66233825683594,10107743.0
2017-10-18,MINT.BK,40.87779998779297,40.87779998779297,40.38529586791992,40.38529586791992,37.208580017089844,10915859.0
2017-10-19,MINT.BK,40.63154602050781,40.87779998779297,39.40028762817383,39.646541595458984,36.52793502807617,12874829.0
2017-10-20,MINT.BK,39.646541595458984,40.38529586791992,39.15403747558594,40.139041900634766,36.9817008972168,7583396.0
2017-10-24,MINT.BK,40.38529586791992,40.87779998779297,40.139041900634766,40.63154602050781,37.435462951660156,8112732.0
2017-10-25,MINT.BK,40.87779998779297,40.87779998779297,40.63154602050781,40.87779998779297,37.66233825683594,3343934.0
2017-10-27,MINT.BK,41.12405014038086,42.355308532714844,40.87779998779297,42.10905838012695,38.796749114990234,27376652.0
2017-10-30,MINT.BK,42.355308532714844,43.09406661987305,41.8628044128418,42.6015625,39.250518798828125,24624083.0
2017-10-31,MINT.BK,42.84781265258789,43.09406661987305,42.355308532714844,42.6015625,39.250518798828125,12076561.0
2017-11-01,MINT.BK,42.84781265258789,42.84781265258789,42.10905838012695,42.6015625,39.250518798828125,12106713.0
2017-11-02,MINT.BK,42.6015625,43.09406661987305,42.10905838012695,42.355308532714844,39.02362823486328,10058302.0
2017-11-03,MINT.BK,42.6015625,43.58656692504883,42.6015625,43.09406661987305,39.70427322387695,32121693.0
2017-11-06,MINT.BK,43.58656692504883,44.57157516479492,43.09406661987305,44.57157516479492,41.06557083129883,19788383.0
2017-11-07,MINT.BK,44.32532501220703,44.57157516479492,43.832820892333984,44.079071044921875,40.61180114746094,19842291.0
2017-11-08,MINT.BK,43.832820892333984,44.079071044921875,43.09406661987305,43.34031677246094,39.931156158447266,21302788.0
2017-11-09,MINT.BK,43.34031677246094,43.58656692504883,42.10905838012695,42.84781265258789,39.47739791870117,22758209.0
2017-11-10,MINT.BK,42.6015625,42.6015625,41.616554260253906,41.8628044128418,38.56986999511719,23740536.0
2017-11-13,MINT.BK,41.616554260253906,42.355308532714844,41.616554260253906,42.10905838012695,38.796749114990234,8230193.0
2017-11-14,MINT.BK,42.10905838012695,43.34031677246094,41.8628044128418,43.09406661987305,39.70427322387695,15471460.0
2017-11-15,MINT.BK,42.84781265258789,43.09406661987305,42.355308532714844,42.355308532714844,39.02362823486328,13229750.0
2017-11-16,MINT.BK,42.355308532714844,42.84781265258789,41.8628044128418,42.6015625,39.250518798828125,17141905.0
2017-11-17,MINT.BK,42.84781265258789,44.32532501220703,42.84781265258789,43.58656692504883,40.15803909301758,28375020.0
2017-11-20,MINT.BK,43.832820892333984,44.32532501220703,43.34031677246094,43.58656692504883,40.15803909301758,13763351.0
2017-11-21,MINT.BK,44.32532501220703,44.32532501220703,44.32532501220703,44.32532501220703,40.83868408203125,22850695.0
2017-11-22,MINT.BK,44.32532501220703,44.57157516479492,43.09406661987305,43.34031677246094,39.931156158447266,11954024.0
2017-11-23,MINT.BK,43.09406661987305,43.34031677246094,42.84781265258789,43.09406661987305,39.70427322387695,8760240.0
2017-11-24,MINT.BK,43.09406661987305,43.58656692504883,42.355308532714844,42.6015625,39.250518798828125,11778492.0
2017-11-27,MINT.BK,42.355308532714844,42.84781265258789,42.10905838012695,42.84781265258789,39.47739791870117,9633533.0
2017-11-28,MINT.BK,42.84781265258789,44.32532501220703,42.6015625,43.832820892333984,40.384925842285156,17603221.0
2017-11-29,MINT.BK,43.832820892333984,44.079071044921875,42.84781265258789,43.09406661987305,39.70427322387695,14254210.0
2017-11-30,MINT.BK,42.84781265258789,43.58656692504883,42.84781265258789,42.84781265258789,39.47739791870117,10289772.0
2017-12-01,MINT.BK,43.34031677246094,43.58656692504883,42.84781265258789,42.84781265258789,39.47739791870117,7897099.0
2017-12-04,MINT.BK,43.09406661987305,43.09406661987305,41.12405014038086,41.616554260253906,38.342987060546875,25192404.0
2017-12-06,MINT.BK,41.616554260253906,41.616554260253906,40.87779998779297,41.12405014038086,37.88922119140625,18691842.0
2017-12-07,MINT.BK,41.37030029296875,41.8628044128418,40.87779998779297,41.8628044128418,38.56986999511719,13929035.0
2017-12-08,MINT.BK,42.10905838012695,42.355308532714844,41.616554260253906,41.616554260253906,38.342987060546875,8733337.0
2017-12-12,MINT.BK,41.8628044128418,42.10905838012695,40.139041900634766,41.12405014038086,37.88922119140625,23933530.0
2017-12-13,MINT.BK,41.37030029296875,41.8628044128418,40.38529586791992,40.87779998779297,37.66233825683594,18356413.0
2017-12-14,MINT.BK,41.12405014038086,41.8628044128418,40.63154602050781,41.616554260253906,38.342987060546875,15386790.0
2017-12-15,MINT.BK,42.10905838012695,42.10905838012695,41.37030029296875,41.616554260253906,38.342987060546875,16224957.0
2017-12-18,MINT.BK,42.10905838012695,42.10905838012695,41.616554260253906,42.10905838012695,38.796749114990234,7482584.0
2017-12-19,MINT.BK,42.10905838012695,42.6015625,41.8628044128418,42.6015625,39.250518798828125,12733917.0
2017-12-20,MINT.BK,42.6015625,43.34031677246094,42.355308532714844,43.34031677246094,39.931156158447266,11962552.0
2017-12-21,MINT.BK,43.34031677246094,43.58656692504883,42.6015625,42.6015625,39.250518798828125,13994923.0
2017-12-22,MINT.BK,42.6015625,42.84781265258789,42.355308532714844,42.355308532714844,39.02362823486328,8160955.0
2017-12-25,MINT.BK,42.6015625,43.09406661987305,42.355308532714844,42.84781265258789,39.47739791870117,3822611.0
2017-12-26,MINT.BK,42.84781265258789,43.34031677246094,42.6015625,42.84781265258789,39.47739791870117,6946446.0
2017-12-27,MINT.BK,43.09406661987305,43.832820892333984,42.84781265258789,43.832820892333984,40.384925842285156,19584323.0
2017-12-28,MINT.BK,43.832820892333984,43.832820892333984,42.355308532714844,43.09406661987305,39.70427322387695,15757448.0
2017-12-29,MINT.BK,43.34031677246094,43.58656692504883,42.355308532714844,43.09406661987305,39.70427322387695,11221237.0
2018-01-03,MINT.BK,43.58656692504883,43.832820892333984,42.6015625,43.09406661987305,39.70427322387695,20711016.0
2018-01-04,MINT.BK,43.09406661987305,43.34031677246094,41.12405014038086,41.616554260253906,38.342987060546875,32068293.0
2018-01-05,MINT.BK,41.616554260253906,41.8628044128418,40.63154602050781,40.63154602050781,37.435462951660156,43255318.0
2018-01-08,MINT.BK,40.87779998779297,41.8628044128418,40.87779998779297,41.37030029296875,38.1161003112793,25054334.0
2018-01-09,MINT.BK,41.8628044128418,41.8628044128418,41.8628044128418,41.8628044128418,38.56986999511719,1487501.0
2018-01-10,MINT.BK,42.10905838012695,42.355308532714844,41.616554260253906,42.10905838012695,38.796749114990234,18979252.0
2018-01-11,MINT.BK,42.10905838012695,42.355308532714844,41.616554260253906,42.355308532714844,39.02362823486328,10531191.0
2018-01-12,MINT.BK,42.355308532714844,42.6015625,41.8628044128418,42.10905838012695,38.796749114990234,12682445.0
2018-01-15,MINT.BK,42.355308532714844,43.58656692504883,42.10905838012695,43.58656692504883,40.15803909301758,28072485.0
2018-01-16,MINT.BK,43.832820892333984,44.079071044921875,42.84781265258789,43.34031677246094,39.931156158447266,20111528.0
2018-01-17,MINT.BK,43.09406661987305,44.079071044921875,42.84781265258789,43.832820892333984,40.384925842285156,15694606.0
2018-01-18,MINT.BK,43.832820892333984,44.32532501220703,43.58656692504883,43.832820892333984,40.384925842285156,15178670.0
2018-01-19,MINT.BK,43.58656692504883,43.832820892333984,42.10905838012695,43.09406661987305,39.70427322387695,15237655.0
2018-01-22,MINT.BK,43.09406661987305,43.832820892333984,42.84781265258789,43.34031677246094,39.931156158447266,5679552.0
2018-01-23,MINT.BK,43.58656692504883,43.832820892333984,42.6015625,43.34031677246094,39.931156158447266,10062058.0
2018-01-24,MINT.BK,43.34031677246094,43.58656692504883,43.09406661987305,43.34031677246094,39.931156158447266,2879978.0
2018-01-25,MINT.BK,43.34031677246094,43.58656692504883,42.6015625,42.6015625,39.250518798828125,7632329.0
2018-01-26,MINT.BK,42.355308532714844,42.84781265258789,42.10905838012695,42.84781265258789,39.47739791870117,8696383.0
2018-01-29,MINT.BK,42.84781265258789,43.34031677246094,42.6015625,43.09406661987305,39.70427322387695,4372252.0
2018-01-30,MINT.BK,43.09406661987305,43.34031677246094,42.355308532714844,43.09406661987305,39.70427322387695,8501359.0
2018-01-31,MINT.BK,42.84781265258789,43.34031677246094,42.6015625,43.34031677246094,39.931156158447266,7396088.0
2018-02-01,MINT.BK,43.34031677246094,43.832820892333984,43.09406661987305,43.58656692504883,40.15803909301758,14190556.0
2018-02-02,MINT.BK,43.58656692504883,43.832820892333984,42.6015625,43.34031677246094,39.931156158447266,9147953.0
2018-02-05,MINT.BK,42.355308532714844,43.09406661987305,42.355308532714844,42.84781265258789,39.47739791870117,8691814.0
2018-02-06,MINT.BK,41.37030029296875,42.10905838012695,40.63154602050781,41.8628044128418,38.56986999511719,21021978.0
2018-02-07,MINT.BK,41.8628044128418,42.355308532714844,41.616554260253906,41.8628044128418,38.56986999511719,8551206.0
2018-02-08,MINT.BK,41.616554260253906,42.355308532714844,41.37030029296875,42.355308532714844,39.02362823486328,7009085.0
2018-02-09,MINT.BK,41.37030029296875,42.10905838012695,41.37030029296875,41.8628044128418,38.56986999511719,6684824.0
2018-02-12,MINT.BK,41.8628044128418,42.10905838012695,41.616554260253906,41.8628044128418,38.56986999511719,4905750.0
2018-02-13,MINT.BK,42.10905838012695,42.6015625,42.10905838012695,42.355308532714844,39.02362823486328,6597921.0
2018-02-14,MINT.BK,42.6015625,43.34031677246094,42.355308532714844,43.09406661987305,39.70427322387695,12290366.0
2018-02-15,MINT.BK,43.09406661987305,43.09406661987305,42.10905838012695,42.84781265258789,39.47739791870117,9464803.0
2018-02-16,MINT.BK,42.6015625,42.84781265258789,41.616554260253906,42.10905838012695,38.796749114990234,8783692.0
2018-02-19,MINT.BK,42.10905838012695,42.355308532714844,41.37030029296875,41.616554260253906,38.342987060546875,12649349.0
2018-02-20,MINT.BK,41.12405014038086,41.37030029296875,40.139041900634766,40.139041900634766,36.9817008972168,31511444.0
2018-02-21,MINT.BK,40.139041900634766,40.63154602050781,39.15403747558594,39.40028762817383,36.301055908203125,20380663.0
2018-02-22,MINT.BK,39.15403747558594,39.892791748046875,38.66153335571289,38.90778350830078,35.8472900390625,20150106.0
2018-02-23,MINT.BK,39.40028762817383,40.38529586791992,39.15403747558594,40.139041900634766,36.9817008972168,19467573.0
2018-02-26,MINT.BK,40.38529586791992,40.63154602050781,39.892791748046875,40.38529586791992,37.208580017089844,10356269.0
2018-02-27,MINT.BK,40.63154602050781,40.87779998779297,39.892791748046875,40.139041900634766,36.9817008972168,15369329.0
2018-02-28,MINT.BK,39.892791748046875,40.38529586791992,39.40028762817383,39.892791748046875,36.75481414794922,20633250.0
2018-03-02,MINT.BK,39.646541595458984,39.892791748046875,38.66153335571289,39.15403747558594,36.07417297363281,17971442.0
2018-03-05,MINT.BK,38.66153335571289,38.90778350830078,38.415279388427734,38.90778350830078,35.8472900390625,15061615.0
2018-03-06,MINT.BK,38.90778350830078,39.646541595458984,37.92277526855469,38.415279388427734,35.39352798461914,17911138.0
2018-03-07,MINT.BK,38.415279388427734,38.66153335571289,37.6765251159668,38.415279388427734,35.39352798461914,11546311.0
2018-03-08,MINT.BK,38.169029235839844,38.66153335571289,37.6765251159668,38.415279388427734,35.39352798461914,10062261.0
2018-03-09,MINT.BK,38.66153335571289,38.90778350830078,37.92277526855469,38.415279388427734,35.39352798461914,9074146.0
2018-03-12,MINT.BK,38.66153335571289,38.90778350830078,37.92277526855469,38.169029235839844,35.166648864746094,10015459.0
2018-03-13,MINT.BK,37.6765251159668,37.6765251159668,36.199012756347656,36.93777084350586,34.0322380065918,35321061.0
2018-03-14,MINT.BK,36.93777084350586,38.66153335571289,36.6915168762207,38.66153335571289,35.62040710449219,24687230.0
2018-03-15,MINT.BK,38.66153335571289,38.90778350830078,38.169029235839844,38.415279388427734,35.39352798461914,10815859.0
2018-03-16,MINT.BK,38.415279388427734,38.415279388427734,36.93777084350586,37.43027114868164,34.486000061035156,37395665.0
2018-03-19,MINT.BK,37.18402099609375,37.92277526855469,36.93777084350586,37.43027114868164,34.486000061035156,7868977.0
2018-03-20,MINT.BK,37.43027114868164,38.415279388427734,37.18402099609375,38.169029235839844,35.166648864746094,10805809.0
2018-03-21,MINT.BK,37.92277526855469,38.169029235839844,36.93777084350586,37.43027114868164,34.486000061035156,13398379.0
2018-03-22,MINT.BK,37.6765251159668,37.6765251159668,36.93777084350586,37.18402099609375,34.259124755859375,6886751.0
2018-03-23,MINT.BK,36.93777084350586,37.18402099609375,36.44526672363281,36.6915168762207,33.80535125732422,8301157.0
2018-03-26,MINT.BK,36.6915168762207,36.93777084350586,36.44526672363281,36.6915168762207,33.80535125732422,9500336.0
2018-03-27,MINT.BK,36.93777084350586,38.415279388427734,36.6915168762207,37.92277526855469,34.939762115478516,17347487.0
2018-03-28,MINT.BK,37.92277526855469,38.169029235839844,37.18402099609375,37.18402099609375,34.259124755859375,6758123.0
2018-03-29,MINT.BK,37.18402099609375,38.169029235839844,36.93777084350586,37.43027114868164,34.486000061035156,14288118.0
2018-03-30,MINT.BK,37.6765251159668,37.92277526855469,36.6915168762207,37.6765251159668,34.7128791809082,8636688.0
2018-04-02,MINT.BK,37.92277526855469,38.169029235839844,37.43027114868164,37.92277526855469,34.939762115478516,5874474.0
2018-04-03,MINT.BK,37.92277526855469,37.92277526855469,37.43027114868164,37.6765251159668,34.7128791809082,4471540.0
2018-04-04,MINT.BK,37.6765251159668,37.6765251159668,36.93777084350586,36.93777084350586,34.0322380065918,9871805.0
2018-04-05,MINT.BK,37.18402099609375,38.66153335571289,36.93777084350586,38.415279388427734,35.39352798461914,18108090.0
2018-04-09,MINT.BK,38.415279388427734,39.646541595458984,38.415279388427734,39.40028762817383,36.301055908203125,22740544.0
2018-04-10,MINT.BK,38.90778350830078,39.646541595458984,38.66153335571289,39.15403747558594,36.43855667114258,12653917.0
2018-04-11,MINT.BK,39.15403747558594,39.646541595458984,38.90778350830078,39.40028762817383,36.66773223876953,7268677.0
2018-04-12,MINT.BK,39.40028762817383,39.40028762817383,38.415279388427734,38.90778350830078,36.20938491821289,8790595.0
2018-04-17,MINT.BK,39.40028762817383,39.40028762817383,38.66153335571289,38.90778350830078,36.20938491821289,7511214.0
2018-04-18,MINT.BK,38.90778350830078,39.646541595458984,38.66153335571289,39.15403747558594,36.43855667114258,8905518.0
2018-04-19,MINT.BK,39.40028762817383,39.40028762817383,38.66153335571289,38.90778350830078,36.20938491821289,10842560.0
2018-04-20,MINT.BK,39.15403747558594,39.646541595458984,38.66153335571289,38.90778350830078,36.20938491821289,11307734.0
2018-04-23,MINT.BK,39.15403747558594,39.646541595458984,38.90778350830078,39.40028762817383,36.66773223876953,5255596.0
2018-04-24,MINT.BK,39.646541595458984,40.38529586791992,39.40028762817383,39.646541595458984,36.89690399169922,11148344.0
2018-04-25,MINT.BK,39.40028762817383,39.646541595458984,39.15403747558594,39.40028762817383,36.66773223876953,6297415.0
2018-04-26,MINT.BK,39.40028762817383,39.646541595458984,38.90778350830078,39.40028762817383,36.66773223876953,6043509.0
2018-04-27,MINT.BK,39.40028762817383,39.646541595458984,38.90778350830078,39.40028762817383,36.66773223876953,3593070.0
2018-04-30,MINT.BK,39.40028762817383,39.646541595458984,38.90778350830078,39.646541595458984,36.89690399169922,6648174.0
2018-05-02,MINT.BK,39.646541595458984,39.646541595458984,38.90778350830078,39.40028762817383,36.66773223876953,5375798.0
2018-05-03,MINT.BK,39.40028762817383,40.139041900634766,39.40028762817383,39.40028762817383,36.66773223876953,5553868.0
2018-05-04,MINT.BK,39.40028762817383,39.646541595458984,39.15403747558594,39.40028762817383,36.66773223876953,8722474.0
2018-05-07,MINT.BK,39.40028762817383,39.646541595458984,38.90778350830078,39.15403747558594,36.43855667114258,7247053.0
2018-05-08,MINT.BK,39.40028762817383,39.40028762817383,37.6765251159668,38.169029235839844,35.52186584472656,13528632.0
2018-05-09,MINT.BK,38.415279388427734,38.90778350830078,37.92277526855469,38.169029235839844,35.52186584472656,7552635.0
2018-05-10,MINT.BK,38.169029235839844,39.15403747558594,37.92277526855469,38.66153335571289,35.98020935058594,9787847.0
2018-05-11,MINT.BK,38.415279388427734,38.66153335571289,37.92277526855469,38.66153335571289,35.98020935058594,5866454.0
2018-05-14,MINT.BK,38.415279388427734,38.66153335571289,36.44526672363281,37.18402099609375,34.60517501831055,25863465.0
2018-05-15,MINT.BK,36.93777084350586,37.18402099609375,36.44526672363281,36.93777084350586,34.375999450683594,15074712.0
2018-05-16,MINT.BK,36.93777084350586,37.6765251159668,36.6915168762207,37.43027114868164,34.83434295654297,8544302.0
2018-05-17,MINT.BK,37.18402099609375,37.43027114868164,36.44526672363281,36.93777084350586,34.375999450683594,13781422.0
2018-05-18,MINT.BK,36.6915168762207,37.18402099609375,36.44526672363281,36.93777084350586,34.375999450683594,5245139.0
2018-05-21,MINT.BK,36.93777084350586,37.6765251159668,36.93777084350586,37.43027114868164,34.83434295654297,6539647.0
2018-05-22,MINT.BK,37.18402099609375,37.43027114868164,36.93777084350586,37.18402099609375,34.60517501831055,4722808.0
2018-05-23,MINT.BK,36.6915168762207,36.93777084350586,35.46025848388672,35.46025848388672,33.00095748901367,33526049.0
2018-05-24,MINT.BK,35.46025848388672,35.46025848388672,33.98274612426758,34.229000091552734,31.85508918762207,36174354.0
2018-05-25,MINT.BK,34.72150421142578,35.706512451171875,33.98274612426758,34.475250244140625,32.08426284790039,28233803.0
2018-05-28,MINT.BK,34.475250244140625,34.96775436401367,33.98274612426758,34.475250244140625,32.08426284790039,14564969.0
2018-05-30,MINT.BK,33.98274612426758,34.229000091552734,32.99774169921875,33.4902458190918,31.167570114135742,27464063.0
2018-05-31,MINT.BK,33.4902458190918,33.73649597167969,31.52022933959961,32.012733459472656,29.792530059814453,71098566.0
2018-06-01,MINT.BK,32.5052375793457,32.99774169921875,30.781475067138672,31.273977279663086,29.105010986328125,38265709.0
2018-06-04,MINT.BK,32.012733459472656,32.99774169921875,32.012733459472656,32.751487731933594,30.480045318603516,27304571.0
2018-06-05,MINT.BK,33.24399185180664,33.73649597167969,32.5052375793457,33.24399185180664,30.93839454650879,27031274.0
2018-06-06,MINT.BK,32.99774169921875,35.706512451171875,32.012733459472656,35.21400833129883,32.77178955078125,52532204.0
2018-06-07,MINT.BK,35.46025848388672,35.706512451171875,34.72150421142578,35.21400833129883,32.77178955078125,24974233.0
2018-06-08,MINT.BK,35.21400833129883,35.21400833129883,34.475250244140625,34.72150421142578,32.31343460083008,12482142.0
2018-06-11,MINT.BK,34.475250244140625,35.21400833129883,34.475250244140625,34.72150421142578,32.31343460083008,6687971.0
2018-06-12,MINT.BK,34.72150421142578,35.46025848388672,34.72150421142578,34.72150421142578,32.31343460083008,13029244.0
2018-06-13,MINT.BK,34.96775436401367,35.21400833129883,34.229000091552734,34.475250244140625,32.08426284790039,13464571.0
2018-06-14,MINT.BK,34.475250244140625,34.475250244140625,33.4902458190918,33.73649597167969,31.396743774414062,23748252.0
2018-06-15,MINT.BK,33.73649597167969,33.98274612426758,33.24399185180664,33.73649597167969,31.396743774414062,14188424.0
2018-06-18,MINT.BK,33.4902458190918,33.73649597167969,32.751487731933594,33.4902458190918,31.167570114135742,10254645.0
2018-06-19,MINT.BK,32.99774169921875,33.24399185180664,32.25898361206055,32.751487731933594,30.480045318603516,21102891.0
2018-06-20,MINT.BK,32.99774169921875,33.73649597167969,31.766481399536133,33.4902458190918,31.167570114135742,22120650.0
2018-06-21,MINT.BK,33.24399185180664,33.24399185180664,31.766481399536133,32.012733459472656,29.792530059814453,25956358.0
2018-06-22,MINT.BK,32.5052375793457,33.4902458190918,32.012733459472656,32.25898361206055,30.021699905395508,18549001.0
2018-06-25,MINT.BK,32.5052375793457,33.24399185180664,32.012733459472656,32.25898361206055,30.021699905395508,12401838.0
2018-06-26,MINT.BK,31.766481399536133,33.24399185180664,31.52022933959961,32.751487731933594,30.480045318603516,16384347.0
2018-06-27,MINT.BK,32.751487731933594,32.99774169921875,32.012733459472656,32.25898361206055,30.021699905395508,10123580.0
2018-06-28,MINT.BK,32.25898361206055,32.5052375793457,31.766481399536133,31.766481399536133,29.563356399536133,15160295.0
2018-06-29,MINT.BK,31.766481399536133,32.25898361206055,31.273977279663086,32.012733459472656,29.792530059814453,15503338.0
2018-07-02,MINT.BK,32.25898361206055,32.25898361206055,31.027725219726562,32.012733459472656,29.792530059814453,13280410.0
2018-07-03,MINT.BK,32.012733459472656,34.229000091552734,31.52022933959961,33.73649597167969,31.396743774414062,25011187.0
2018-07-04,MINT.BK,33.4902458190918,33.73649597167969,32.751487731933594,32.99774169921875,30.709226608276367,18458849.0
2018-07-05,MINT.BK,33.24399185180664,33.24399185180664,31.273977279663086,32.012733459472656,29.792530059814453,20748883.0
2018-07-06,MINT.BK,32.012733459472656,33.73649597167969,31.52022933959961,33.4902458190918,31.167570114135742,16343839.0
2018-07-09,MINT.BK,33.4902458190918,33.4902458190918,32.25898361206055,32.99774169921875,30.709226608276367,13689138.0
2018-07-10,MINT.BK,33.24399185180664,33.24399185180664,32.012733459472656,32.99774169921875,30.709226608276367,11076873.0
2018-07-11,MINT.BK,32.5052375793457,33.24399185180664,32.5052375793457,33.24399185180664,30.93839454650879,5422904.0
2018-07-12,MINT.BK,32.99774169921875,33.98274612426758,32.751487731933594,33.73649597167969,31.396743774414062,12701836.0
2018-07-13,MINT.BK,33.73649597167969,34.475250244140625,33.73649597167969,34.229000091552734,31.85508918762207,10860326.0
2018-07-16,MINT.BK,34.475250244140625,34.475250244140625,32.99774169921875,33.24399185180664,30.93839454650879,11385195.0
2018-07-17,MINT.BK,32.99774169921875,33.98274612426758,32.5052375793457,33.24399185180664,30.93839454650879,8503288.0
2018-07-18,MINT.BK,33.4902458190918,33.73649597167969,32.751487731933594,32.99774169921875,30.709226608276367,8629480.0
2018-07-19,MINT.BK,32.99774169921875,33.98274612426758,32.99774169921875,33.4902458190918,31.167570114135742,9469575.0
2018-07-20,MINT.BK,33.73649597167969,34.475250244140625,33.4902458190918,33.98274612426758,31.625913619995117,14649232.0
2018-07-23,MINT.BK,33.73649597167969,34.72150421142578,33.73649597167969,34.229000091552734,31.85508918762207,10381548.0
2018-07-24,MINT.BK,34.475250244140625,34.72150421142578,34.229000091552734,34.475250244140625,32.08426284790039,7159643.0
2018-07-25,MINT.BK,34.72150421142578,36.199012756347656,34.475250244140625,35.706512451171875,33.230125427246094,32554584.0
2018-07-26,MINT.BK,35.46025848388672,36.44526672363281,35.46025848388672,35.952762603759766,33.459312438964844,14948215.0
2018-07-31,MINT.BK,35.952762603759766,37.6765251159668,35.706512451171875,37.43027114868164,34.83434295654297,29026082.0
2018-08-01,MINT.BK,37.43027114868164,38.169029235839844,36.93777084350586,37.92277526855469,35.29269027709961,23328154.0
2018-08-02,MINT.BK,37.43027114868164,37.6765251159668,36.6915168762207,37.43027114868164,34.83434295654297,16817440.0
2018-08-03,MINT.BK,37.43027114868164,37.6765251159668,36.93777084350586,37.18402099609375,34.60517501831055,13194725.0
2018-08-06,MINT.BK,37.43027114868164,37.92277526855469,37.18402099609375,37.43027114868164,34.83434295654297,12247423.0
2018-08-07,MINT.BK,37.6765251159668,38.66153335571289,37.18402099609375,38.169029235839844,35.52186584472656,18637528.0
2018-08-08,MINT.BK,38.169029235839844,38.66153335571289,37.6765251159668,38.169029235839844,35.52186584472656,20461068.0
2018-08-09,MINT.BK,38.169029235839844,38.415279388427734,37.92277526855469,37.92277526855469,35.29269027709961,7130709.0
2018-08-10,MINT.BK,37.92277526855469,38.169029235839844,37.18402099609375,37.43027114868164,34.83434295654297,17009317.0
2018-08-14,MINT.BK,36.6915168762207,37.92277526855469,36.44526672363281,37.6765251159668,35.063514709472656,11393419.0
2018-08-15,MINT.BK,37.18402099609375,37.43027114868164,36.44526672363281,37.18402099609375,34.60517501831055,14462026.0
2018-08-16,MINT.BK,36.93777084350586,36.93777084350586,35.706512451171875,36.199012756347656,33.6884765625,23351910.0
2018-08-17,MINT.BK,36.199012756347656,37.6765251159668,36.199012756347656,37.18402099609375,34.60517501831055,15974807.0
2018-08-20,MINT.BK,37.18402099609375,37.92277526855469,36.44526672363281,36.93777084350586,34.375999450683594,13795635.0
2018-08-21,MINT.BK,36.93777084350586,37.18402099609375,36.199012756347656,36.6915168762207,34.146820068359375,14708623.0
2018-08-22,MINT.BK,36.6915168762207,37.43027114868164,36.44526672363281,36.6915168762207,34.146820068359375,11679609.0
2018-08-23,MINT.BK,36.93777084350586,37.43027114868164,36.6915168762207,36.93777084350586,34.375999450683594,9924698.0
2018-08-24,MINT.BK,36.93777084350586,36.93777084350586,36.199012756347656,36.6915168762207,34.146820068359375,8970492.0
2018-08-27,MINT.BK,36.6915168762207,37.18402099609375,36.44526672363281,37.18402099609375,34.60517501831055,5293463.0
2018-08-28,MINT.BK,37.6765251159668,38.169029235839844,37.18402099609375,37.92277526855469,35.29269027709961,24383171.0
2018-08-29,MINT.BK,37.92277526855469,38.415279388427734,37.18402099609375,38.415279388427734,35.75103759765625,15147300.0
2018-08-30,MINT.BK,38.169029235839844,38.90778350830078,37.92277526855469,38.66153335571289,35.98020935058594,13037874.0
2018-08-31,MINT.BK,38.415279388427734,38.90778350830078,38.169029235839844,38.90778350830078,36.20938491821289,7772328.0
2018-09-03,MINT.BK,38.90778350830078,38.90778350830078,38.169029235839844,38.66153335571289,35.98020935058594,7390402.0
2018-09-04,MINT.BK,38.415279388427734,38.66153335571289,37.92277526855469,38.169029235839844,35.52186584472656,9598203.0
2018-09-05,MINT.BK,38.169029235839844,38.415279388427734,37.6765251159668,37.6765251159668,35.063514709472656,8000449.0
2018-09-06,MINT.BK,37.6765251159668,38.66153335571289,37.6765251159668,38.169029235839844,35.52186584472656,11389967.0
2018-09-07,MINT.BK,38.169029235839844,38.415279388427734,37.43027114868164,37.92277526855469,35.29269027709961,8047859.0
2018-09-10,MINT.BK,37.6765251159668,38.169029235839844,37.6765251159668,37.6765251159668,35.063514709472656,4864228.0
2018-09-11,MINT.BK,37.6765251159668,38.169029235839844,37.43027114868164,37.43027114868164,34.83434295654297,4799964.0
2018-09-12,MINT.BK,37.18402099609375,38.169029235839844,36.6915168762207,37.43027114868164,34.83434295654297,9609168.0
2018-09-13,MINT.BK,37.43027114868164,38.66153335571289,37.43027114868164,37.92277526855469,35.29269027709961,11172202.0
2018-09-14,MINT.BK,38.169029235839844,38.90778350830078,38.169029235839844,38.90778350830078,36.20938491821289,11358901.0
2018-09-17,MINT.BK,38.66153335571289,39.40028762817383,38.66153335571289,38.90778350830078,36.20938491821289,10112717.0
2018-09-18,MINT.BK,38.90778350830078,39.40028762817383,38.415279388427734,39.40028762817383,36.66773223876953,14333499.0
2018-09-19,MINT.BK,39.40028762817383,40.38529586791992,39.40028762817383,39.646541595458984,36.89690399169922,25878287.0
2018-09-20,MINT.BK,39.892791748046875,40.139041900634766,39.40028762817383,39.40028762817383,36.66773223876953,10583780.0
2018-09-21,MINT.BK,39.40028762817383,40.139041900634766,39.15403747558594,39.15403747558594,36.43855667114258,12997874.0
2018-09-24,MINT.BK,39.15403747558594,39.892791748046875,38.90778350830078,39.40028762817383,36.66773223876953,11556260.0
2018-09-25,MINT.BK,39.40028762817383,40.139041900634766,39.15403747558594,39.892791748046875,37.126075744628906,8300852.0
2018-09-26,MINT.BK,39.892791748046875,40.38529586791992,39.892791748046875,40.139041900634766,37.35525131225586,6395181.0
2018-09-27,MINT.BK,40.139041900634766,40.139041900634766,39.15403747558594,39.892791748046875,37.126075744628906,21458827.0
2018-09-28,MINT.BK,40.139041900634766,40.38529586791992,39.646541595458984,40.38529586791992,37.58442306518555,15839071.0
2018-10-01,MINT.BK,40.63154602050781,41.616554260253906,40.38529586791992,41.12405014038086,38.271942138671875,22301156.0
2018-10-02,MINT.BK,41.12405014038086,41.616554260253906,39.40028762817383,40.139041900634766,37.35525131225586,25929251.0
2018-10-03,MINT.BK,40.139041900634766,40.38529586791992,39.646541595458984,39.892791748046875,37.126075744628906,6315689.0
2018-10-04,MINT.BK,39.646541595458984,39.892791748046875,38.66153335571289,38.90778350830078,36.20938491821289,19149504.0
2018-10-05,MINT.BK,39.15403747558594,39.646541595458984,38.66153335571289,38.90778350830078,36.20938491821289,10747129.0
2018-10-08,MINT.BK,38.90778350830078,38.90778350830078,37.6765251159668,37.6765251159668,35.063514709472656,19820667.0
2018-10-09,MINT.BK,37.92277526855469,38.66153335571289,37.43027114868164,38.169029235839844,35.52186584472656,11630371.0
2018-10-10,MINT.BK,38.415279388427734,38.90778350830078,37.92277526855469,38.66153335571289,35.98020935058594,10411497.0
2018-10-11,MINT.BK,37.6765251159668,37.92277526855469,36.6915168762207,37.43027114868164,34.83434295654297,21071520.0
2018-10-12,MINT.BK,37.92277526855469,38.415279388427734,37.43027114868164,38.169029235839844,35.52186584472656,11003168.0
2018-10-16,MINT.BK,37.6765251159668,38.415279388427734,37.6765251159668,37.6765251159668,35.063514709472656,8509379.0
2018-10-17,MINT.BK,38.169029235839844,38.415279388427734,37.92277526855469,37.92277526855469,35.29269027709961,5658232.0
2018-10-18,MINT.BK,37.6765251159668,37.92277526855469,37.18402099609375,37.18402099609375,34.60517501831055,8272223.0
2018-10-19,MINT.BK,37.18402099609375,38.169029235839844,36.6915168762207,37.92277526855469,35.29269027709961,11338191.0
2018-10-22,MINT.BK,38.169029235839844,38.169029235839844,36.93777084350586,37.43027114868164,34.83434295654297,4531438.0
2018-10-24,MINT.BK,36.93777084350586,37.43027114868164,35.952762603759766,36.199012756347656,33.6884765625,14327204.0
2018-10-25,MINT.BK,35.46025848388672,36.6915168762207,34.72150421142578,36.199012756347656,33.6884765625,19872443.0
2018-10-26,MINT.BK,35.706512451171875,36.93777084350586,35.706512451171875,35.952762603759766,33.459312438964844,9304906.0
2018-10-29,MINT.BK,34.475250244140625,36.199012756347656,33.73649597167969,34.475250244140625,32.08426284790039,31636113.0
2018-10-30,MINT.BK,34.475250244140625,35.21400833129883,33.98274612426758,34.72150421142578,32.31343460083008,18045553.0
2018-10-31,MINT.BK,35.21400833129883,35.952762603759766,34.96775436401367,35.952762603759766,33.459312438964844,17760986.0
2018-11-01,MINT.BK,35.952762603759766,36.199012756347656,35.46025848388672,35.706512451171875,33.230125427246094,16900587.0
2018-11-02,MINT.BK,36.199012756347656,37.43027114868164,35.706512451171875,36.44526672363281,33.91764831542969,15477754.0
2018-11-05,MINT.BK,36.44526672363281,36.93777084350586,36.199012756347656,36.93777084350586,34.375999450683594,6461881.0
2018-11-06,MINT.BK,37.18402099609375,37.43027114868164,35.952762603759766,36.199012756347656,33.6884765625,10922458.0
2018-11-07,MINT.BK,36.199012756347656,37.18402099609375,35.706512451171875,36.6915168762207,34.146820068359375,13500814.0
2018-11-08,MINT.BK,37.43027114868164,37.43027114868164,36.199012756347656,36.44526672363281,33.91764831542969,9004299.0
2018-11-09,MINT.BK,36.199012756347656,36.6915168762207,36.199012756347656,36.199012756347656,33.6884765625,3481598.0
2018-11-12,MINT.BK,36.199012756347656,36.93777084350586,35.952762603759766,36.199012756347656,33.6884765625,2637442.0
2018-11-13,MINT.BK,35.952762603759766,36.44526672363281,34.96775436401367,35.21400833129883,32.77178955078125,22885010.0
2018-11-14,MINT.BK,35.21400833129883,36.6915168762207,35.21400833129883,35.21400833129883,32.77178955078125,17971239.0
2018-11-15,MINT.BK,35.46025848388672,36.199012756347656,35.46025848388672,35.46025848388672,33.00095748901367,9704192.0
2018-11-16,MINT.BK,35.46025848388672,35.706512451171875,34.96775436401367,35.21400833129883,32.77178955078125,9105720.0
2018-11-19,MINT.BK,35.21400833129883,35.21400833129883,33.98274612426758,34.475250244140625,32.08426284790039,13426805.0
2018-11-20,MINT.BK,34.229000091552734,34.475250244140625,33.4902458190918,33.98274612426758,31.625913619995117,9753228.0
2018-11-21,MINT.BK,33.4902458190918,33.98274612426758,32.99774169921875,33.73649597167969,31.396743774414062,14482533.0
2018-11-22,MINT.BK,33.73649597167969,34.96775436401367,33.4902458190918,33.73649597167969,31.396743774414062,15097656.0
2018-11-23,MINT.BK,33.73649597167969,34.72150421142578,33.4902458190918,34.475250244140625,32.08426284790039,7470706.0
2018-11-26,MINT.BK,34.475250244140625,34.96775436401367,33.98274612426758,34.72150421142578,32.31343460083008,5722496.0
2018-11-27,MINT.BK,34.72150421142578,35.46025848388672,34.475250244140625,35.21400833129883,32.77178955078125,8340345.0
2018-11-28,MINT.BK,35.21400833129883,36.199012756347656,34.96775436401367,35.21400833129883,32.77178955078125,14116038.0
2018-11-29,MINT.BK,35.21400833129883,35.952762603759766,35.21400833129883,35.21400833129883,32.77178955078125,5993357.0
2018-11-30,MINT.BK,35.46025848388672,35.706512451171875,34.72150421142578,35.706512451171875,33.230125427246094,12934524.0
2018-12-03,MINT.BK,35.952762603759766,35.952762603759766,35.21400833129883,35.706512451171875,33.230125427246094,11409764.0
2018-12-04,MINT.BK,35.952762603759766,36.199012756347656,35.21400833129883,35.46025848388672,33.00095748901367,12601329.0
2018-12-06,MINT.BK,34.96775436401367,35.21400833129883,34.72150421142578,35.21400833129883,32.77178955078125,7739131.0
2018-12-07,MINT.BK,35.21400833129883,35.46025848388672,34.72150421142578,35.21400833129883,32.77178955078125,4805142.0
2018-12-11,MINT.BK,35.21400833129883,35.21400833129883,34.475250244140625,34.475250244140625,32.08426284790039,7224211.0
2018-12-12,MINT.BK,34.72150421142578,35.21400833129883,34.475250244140625,34.72150421142578,32.31343460083008,6629697.0
2018-12-13,MINT.BK,34.72150421142578,35.21400833129883,34.475250244140625,34.72150421142578,32.31343460083008,5401889.0
2018-12-14,MINT.BK,34.72150421142578,34.96775436401367,33.73649597167969,34.475250244140625,32.08426284790039,7529691.0
2018-12-17,MINT.BK,34.475250244140625,34.475250244140625,33.73649597167969,34.229000091552734,31.85508918762207,5248794.0
2018-12-18,MINT.BK,33.73649597167969,34.475250244140625,33.73649597167969,34.229000091552734,31.85508918762207,6993248.0
2018-12-19,MINT.BK,33.73649597167969,34.96775436401367,33.4902458190918,34.72150421142578,32.31343460083008,11253724.0
2018-12-20,MINT.BK,34.475250244140625,34.72150421142578,33.98274612426758,34.72150421142578,32.31343460083008,5911631.0
2018-12-21,MINT.BK,34.475250244140625,34.72150421142578,33.73649597167969,33.73649597167969,31.396743774414062,11461032.0
2018-12-24,MINT.BK,33.4902458190918,34.72150421142578,33.24399185180664,34.229000091552734,31.85508918762207,8208061.0
2018-12-25,MINT.BK,33.73649597167969,33.98274612426758,33.24399185180664,33.73649597167969,31.396743774414062,4859659.0
2018-12-26,MINT.BK,33.98274612426758,33.98274612426758,33.24399185180664,33.4902458190918,31.167570114135742,5687978.0
2018-12-27,MINT.BK,34.475250244140625,34.475250244140625,32.99774169921875,33.24399185180664,30.93839454650879,8993538.0
2018-12-28,MINT.BK,32.99774169921875,33.73649597167969,32.751487731933594,33.4902458190918,31.167570114135742,7761466.0
2019-01-02,MINT.BK,34.229000091552734,34.475250244140625,33.24399185180664,33.24399185180664,30.93839454650879,8467552.0
2019-01-03,MINT.BK,33.24399185180664,33.98274612426758,32.99774169921875,33.24399185180664,30.93839454650879,9196683.0
2019-01-04,MINT.BK,33.24399185180664,33.73649597167969,32.25898361206055,33.4902458190918,31.167570114135742,12514527.0
2019-01-07,MINT.BK,33.98274612426758,34.475250244140625,33.73649597167969,34.229000091552734,31.85508918762207,8514760.0
2019-01-08,MINT.BK,34.475250244140625,34.475250244140625,33.98274612426758,34.229000091552734,31.85508918762207,5290215.0
2019-01-09,MINT.BK,34.475250244140625,34.72150421142578,33.98274612426758,34.229000091552734,31.85508918762207,6304420.0
2019-01-10,MINT.BK,34.229000091552734,35.46025848388672,34.229000091552734,34.96775436401367,32.54261016845703,14730856.0
2019-01-11,MINT.BK,35.21400833129883,35.21400833129883,34.475250244140625,35.21400833129883,32.77178955078125,8872117.0
2019-01-14,MINT.BK,35.21400833129883,35.21400833129883,34.475250244140625,34.72150421142578,32.31343460083008,4182101.0
2019-01-15,MINT.BK,34.72150421142578,34.96775436401367,34.229000091552734,34.72150421142578,32.31343460083008,5774272.0
2019-01-16,MINT.BK,34.72150421142578,35.21400833129883,34.229000091552734,34.72150421142578,32.31343460083008,11235653.0
2019-01-17,MINT.BK,34.96775436401367,35.46025848388672,34.72150421142578,34.96775436401367,32.54261016845703,10589262.0
2019-01-18,MINT.BK,35.46025848388672,36.199012756347656,35.21400833129883,35.952762603759766,33.459312438964844,14156952.0
2019-01-21,MINT.BK,36.199012756347656,36.199012756347656,35.46025848388672,35.706512451171875,33.230125427246094,6339953.0
2019-01-22,MINT.BK,35.952762603759766,36.93777084350586,35.952762603759766,36.6915168762207,34.146820068359375,15863335.0
2019-01-23,MINT.BK,36.6915168762207,37.92277526855469,36.44526672363281,36.6915168762207,34.146820068359375,17343020.0
2019-01-24,MINT.BK,37.92277526855469,38.169029235839844,37.18402099609375,37.18402099609375,34.60517501831055,17616825.0
2019-01-25,MINT.BK,37.43027114868164,37.92277526855469,37.18402099609375,37.43027114868164,34.83434295654297,7840957.0
2019-01-28,MINT.BK,37.43027114868164,38.415279388427734,37.18402099609375,38.169029235839844,35.52186584472656,12855438.0
2019-01-29,MINT.BK,38.169029235839844,38.415279388427734,37.6765251159668,38.169029235839844,35.52186584472656,8556790.0
2019-01-30,MINT.BK,38.415279388427734,38.415279388427734,37.43027114868164,38.169029235839844,35.52186584472656,7074262.0
2019-01-31,MINT.BK,38.415279388427734,38.66153335571289,37.43027114868164,38.169029235839844,35.52186584472656,15345573.0
2019-02-01,MINT.BK,38.169029235839844,38.415279388427734,37.92277526855469,37.92277526855469,35.29269027709961,6358633.0
2019-02-04,MINT.BK,38.169029235839844,38.169029235839844,37.6765251159668,37.92277526855469,35.29269027709961,5021181.0
2019-02-05,MINT.BK,37.92277526855469,38.169029235839844,37.43027114868164,38.169029235839844,35.52186584472656,5601786.0
2019-02-06,MINT.BK,38.169029235839844,38.169029235839844,37.6765251159668,38.169029235839844,35.52186584472656,4407480.0
2019-02-07,MINT.BK,37.92277526855469,38.169029235839844,37.43027114868164,37.92277526855469,35.29269027709961,4727681.0
2019-02-08,MINT.BK,37.92277526855469,37.92277526855469,36.93777084350586,37.43027114868164,34.83434295654297,6608073.0
2019-02-11,MINT.BK,36.93777084350586,37.43027114868164,36.6915168762207,37.18402099609375,34.60517501831055,8202985.0
2019-02-12,MINT.BK,37.18402099609375,37.92277526855469,37.18402099609375,37.6765251159668,35.063514709472656,4135604.0
2019-02-13,MINT.BK,37.6765251159668,38.169029235839844,37.43027114868164,38.169029235839844,35.52186584472656,9127445.0
2019-02-14,MINT.BK,38.169029235839844,38.415279388427734,37.6765251159668,37.92277526855469,35.29269027709961,5653055.0
2019-02-15,MINT.BK,37.92277526855469,38.169029235839844,37.18402099609375,37.43027114868164,34.83434295654297,6144726.0
2019-02-18,MINT.BK,37.43027114868164,37.6765251159668,37.18402099609375,37.18402099609375,34.60517501831055,3302310.0
2019-02-20,MINT.BK,37.43027114868164,37.92277526855469,37.18402099609375,37.43027114868164,34.83434295654297,5924931.0
2019-02-21,MINT.BK,37.18402099609375,37.43027114868164,36.44526672363281,36.6915168762207,34.146820068359375,13853096.0
2019-02-22,MINT.BK,36.44526672363281,37.43027114868164,36.199012756347656,37.18402099609375,34.60517501831055,9064705.0
2019-02-25,MINT.BK,36.93777084350586,37.6765251159668,36.93777084350586,36.93777084350586,34.375999450683594,15573693.0
2019-02-26,MINT.BK,36.93777084350586,37.43027114868164,36.6915168762207,36.6915168762207,34.146820068359375,10329670.0
2019-02-27,MINT.BK,36.93777084350586,38.415279388427734,36.93777084350586,37.92277526855469,35.29269027709961,20339242.0
2019-02-28,MINT.BK,37.92277526855469,38.169029235839844,37.6765251159668,38.169029235839844,35.52186584472656,11751690.0
2019-03-01,MINT.BK,38.415279388427734,38.415279388427734,37.6765251159668,38.415279388427734,35.75103759765625,12897773.0
2019-03-04,MINT.BK,38.415279388427734,38.415279388427734,37.6765251159668,38.169029235839844,35.52186584472656,5157830.0
2019-03-05,MINT.BK,38.169029235839844,38.169029235839844,37.43027114868164,37.6765251159668,35.063514709472656,5704628.0
2019-03-06,MINT.BK,37.43027114868164,37.92277526855469,37.18402099609375,37.43027114868164,34.83434295654297,7039339.0
2019-03-07,MINT.BK,37.43027114868164,37.92277526855469,36.93777084350586,37.92277526855469,35.29269027709961,6104320.0
2019-03-08,MINT.BK,37.6765251159668,37.92277526855469,37.43027114868164,37.92277526855469,35.29269027709961,4475703.0
2019-03-11,MINT.BK,37.92277526855469,37.92277526855469,37.43027114868164,37.6765251159668,35.063514709472656,5691836.0
2019-03-12,MINT.BK,37.6765251159668,37.92277526855469,37.43027114868164,37.92277526855469,35.29269027709961,6342796.0
2019-03-13,MINT.BK,37.92277526855469,38.415279388427734,37.43027114868164,38.415279388427734,35.75103759765625,10950884.0
2019-03-14,MINT.BK,38.66153335571289,38.90778350830078,38.169029235839844,38.66153335571289,35.98020935058594,14938469.0
2019-03-15,MINT.BK,38.66153335571289,38.66153335571289,37.6765251159668,37.6765251159668,35.063514709472656,12802647.0
2019-03-18,MINT.BK,37.6765251159668,37.92277526855469,37.18402099609375,37.43027114868164,34.83434295654297,12424579.0
2019-03-19,MINT.BK,37.43027114868164,38.169029235839844,37.43027114868164,37.92277526855469,35.29269027709961,6657311.0
2019-03-20,MINT.BK,37.92277526855469,38.415279388427734,37.6765251159668,37.92277526855469,35.29269027709961,11205095.0
2019-03-21,MINT.BK,37.92277526855469,38.415279388427734,37.6765251159668,38.169029235839844,35.52186584472656,5635999.0
2019-03-22,MINT.BK,38.169029235839844,38.415279388427734,37.92277526855469,38.415279388427734,35.75103759765625,7491011.0
2019-03-25,MINT.BK,37.92277526855469,38.415279388427734,37.18402099609375,37.92277526855469,35.29269027709961,10707129.0
2019-03-26,MINT.BK,37.6765251159668,37.92277526855469,37.43027114868164,37.92277526855469,35.29269027709961,7999129.0
2019-03-27,MINT.BK,37.6765251159668,37.92277526855469,37.43027114868164,37.6765251159668,35.063514709472656,6121173.0
2019-03-28,MINT.BK,37.43027114868164,37.92277526855469,37.43027114868164,37.6765251159668,35.063514709472656,4948085.0
2019-03-29,MINT.BK,37.92277526855469,38.415279388427734,37.43027114868164,38.415279388427734,35.75103759765625,10859311.0
2019-04-01,MINT.BK,38.66153335571289,38.90778350830078,38.415279388427734,38.66153335571289,35.98020935058594,7806846.0
2019-04-02,MINT.BK,38.66153335571289,39.40028762817383,38.415279388427734,38.90778350830078,36.20938491821289,14059084.0
2019-04-03,MINT.BK,38.90778350830078,38.90778350830078,37.43027114868164,37.92277526855469,35.29269027709961,21623801.0
2019-04-04,MINT.BK,37.92277526855469,38.169029235839844,37.18402099609375,37.18402099609375,34.60517501831055,17228807.0
2019-04-05,MINT.BK,37.43027114868164,37.43027114868164,36.44526672363281,37.43027114868164,34.83434295654297,23313331.0
2019-04-09,MINT.BK,37.18402099609375,37.43027114868164,36.93777084350586,37.43027114868164,34.83434295654297,9421352.0
2019-04-10,MINT.BK,37.43027114868164,37.43027114868164,36.6915168762207,36.6915168762207,34.146820068359375,15768514.0
2019-04-11,MINT.BK,36.6915168762207,37.18402099609375,36.44526672363281,36.93777084350586,34.375999450683594,9129882.0
2019-04-12,MINT.BK,36.93777084350586,36.93777084350586,36.199012756347656,36.6915168762207,34.146820068359375,17755707.0
2019-04-17,MINT.BK,36.93777084350586,37.18402099609375,36.44526672363281,36.93777084350586,34.375999450683594,14011877.0
2019-04-18,MINT.BK,36.93777084350586,37.6765251159668,36.93777084350586,37.43027114868164,34.83434295654297,10655048.0
2019-04-19,MINT.BK,37.43027114868164,37.6765251159668,36.93777084350586,37.18402099609375,34.60517501831055,5774881.0
2019-04-22,MINT.BK,37.18402099609375,37.43027114868164,36.93777084350586,36.93777084350586,34.375999450683594,3204138.0
2019-04-23,MINT.BK,36.93777084350586,37.18402099609375,36.6915168762207,37.18402099609375,34.60517501831055,6419546.0
2019-04-24,MINT.BK,37.43027114868164,37.6765251159668,36.93777084350586,37.43027114868164,34.83434295654297,11613823.0
2019-04-25,MINT.BK,37.6765251159668,37.6765251159668,36.93777084350586,37.18402099609375,34.60517501831055,7448168.0
2019-04-26,MINT.BK,36.6915168762207,36.93777084350586,36.44526672363281,36.6915168762207,34.51251983642578,7020354.0
2019-04-29,MINT.BK,36.93777084350586,36.93777084350586,36.199012756347656,36.6915168762207,34.51251983642578,12710769.0
2019-04-30,MINT.BK,36.6915168762207,36.93777084350586,36.44526672363281,36.93777084350586,34.74414825439453,12415746.0
2019-05-02,MINT.BK,37.18402099609375,37.43027114868164,36.6915168762207,36.93777084350586,34.74414825439453,11862349.0
2019-05-03,MINT.BK,37.18402099609375,37.43027114868164,36.93777084350586,37.18402099609375,34.97578048706055,7405935.0
2019-05-07,MINT.BK,36.93777084350586,37.18402099609375,36.6915168762207,36.93777084350586,34.74414825439453,9549067.0
2019-05-08,MINT.BK,36.6915168762207,36.93777084350586,36.199012756347656,36.199012756347656,34.04926300048828,18506869.0
2019-05-09,MINT.BK,35.952762603759766,36.44526672363281,35.706512451171875,35.706512451171875,33.58600616455078,10799311.0
2019-05-10,MINT.BK,35.706512451171875,36.199012756347656,35.21400833129883,35.952762603759766,33.81764221191406,16708405.0
2019-05-13,MINT.BK,35.706512451171875,36.199012756347656,35.706512451171875,35.952762603759766,33.81764221191406,6703605.0
2019-05-14,MINT.BK,35.706512451171875,35.952762603759766,34.475250244140625,35.706512451171875,33.58600616455078,20361069.0
2019-05-15,MINT.BK,35.952762603759766,36.6915168762207,35.706512451171875,36.44526672363281,34.28089141845703,14779079.0
2019-05-16,MINT.BK,36.6915168762207,36.6915168762207,35.952762603759766,36.199012756347656,34.04926300048828,12999194.0
2019-05-17,MINT.BK,36.199012756347656,36.6915168762207,35.952762603759766,36.199012756347656,34.04926300048828,12126814.0
2019-05-21,MINT.BK,35.952762603759766,36.44526672363281,35.952762603759766,36.44526672363281,34.28089141845703,9594447.0
2019-05-22,MINT.BK,36.44526672363281,37.18402099609375,36.44526672363281,36.93777084350586,34.74414825439453,10867534.0
2019-05-23,MINT.BK,36.93777084350586,37.43027114868164,36.6915168762207,36.6915168762207,34.51251983642578,8036286.0
2019-05-24,MINT.BK,36.6915168762207,37.6765251159668,36.44526672363281,37.18402099609375,34.97578048706055,12123566.0
2019-05-27,MINT.BK,37.43027114868164,37.43027114868164,36.93777084350586,37.43027114868164,35.207401275634766,8494354.0
2019-05-28,MINT.BK,37.18402099609375,38.169029235839844,37.18402099609375,37.92277526855469,35.670658111572266,57791049.0
2019-05-29,MINT.BK,37.6765251159668,38.169029235839844,36.93777084350586,37.18402099609375,34.97578048706055,11775142.0
2019-05-30,MINT.BK,37.18402099609375,37.92277526855469,36.93777084350586,37.6765251159668,35.43902587890625,8028773.0
2019-05-31,MINT.BK,37.6765251159668,38.169029235839844,37.18402099609375,38.169029235839844,35.902286529541016,14316138.0
2019-06-04,MINT.BK,38.415279388427734,38.415279388427734,37.43027114868164,37.92277526855469,35.670658111572266,19056916.0
2019-06-05,MINT.BK,37.92277526855469,38.169029235839844,37.6765251159668,38.169029235839844,35.902286529541016,14941007.0
2019-06-06,MINT.BK,38.169029235839844,38.415279388427734,37.92277526855469,38.415279388427734,36.133914947509766,6202391.0
2019-06-07,MINT.BK,38.415279388427734,38.415279388427734,37.92277526855469,37.92277526855469,35.670658111572266,4436211.0
2019-06-10,MINT.BK,38.169029235839844,38.90778350830078,38.169029235839844,38.90778350830078,36.597171783447266,16582010.0
2019-06-11,MINT.BK,38.66153335571289,39.15403747558594,38.415279388427734,39.15403747558594,36.82879638671875,12964981.0
2019-06-12,MINT.BK,38.90778350830078,39.15403747558594,38.66153335571289,39.15403747558594,36.82879638671875,6440257.0
2019-06-13,MINT.BK,38.90778350830078,39.15403747558594,38.66153335571289,38.90778350830078,36.597171783447266,7904003.0
2019-06-14,MINT.BK,38.90778350830078,39.15403747558594,38.66153335571289,38.90778350830078,36.597171783447266,4650930.0
2019-06-17,MINT.BK,38.66153335571289,39.15403747558594,38.169029235839844,38.169029235839844,35.902286529541016,6919340.0
2019-06-18,MINT.BK,38.169029235839844,38.66153335571289,37.92277526855469,38.66153335571289,36.36553955078125,7712227.0
2019-06-19,MINT.BK,38.90778350830078,39.15403747558594,38.66153335571289,39.15403747558594,36.82879638671875,8533947.0
2019-06-20,MINT.BK,39.15403747558594,39.40028762817383,38.66153335571289,38.90778350830078,36.597171783447266,6805737.0
2019-06-21,MINT.BK,38.90778350830078,39.15403747558594,38.415279388427734,38.90778350830078,36.597171783447266,11897273.0
2019-06-24,MINT.BK,39.15403747558594,39.15403747558594,38.415279388427734,38.90778350830078,36.597171783447266,5508792.0
2019-06-25,MINT.BK,38.90778350830078,38.90778350830078,38.169029235839844,38.66153335571289,36.36553955078125,11814431.0
2019-06-26,MINT.BK,38.415279388427734,38.66153335571289,38.169029235839844,38.169029235839844,35.902286529541016,4530626.0
2019-06-27,MINT.BK,38.66153335571289,40.38529586791992,38.415279388427734,40.38529586791992,37.986934661865234,38380937.0
2019-06-28,MINT.BK,40.38529586791992,40.87779998779297,40.139041900634766,40.38529586791992,37.986934661865234,23431199.0
2019-07-01,MINT.BK,41.12405014038086,42.10905838012695,40.63154602050781,41.616554260253906,39.14507293701172,21765323.0
2019-07-02,MINT.BK,41.37030029296875,41.37030029296875,40.38529586791992,41.12405014038086,38.68181610107422,15309126.0
2019-07-03,MINT.BK,41.616554260253906,41.8628044128418,40.87779998779297,41.37030029296875,38.91343688964844,13087924.0
2019-07-04,MINT.BK,40.87779998779297,40.87779998779297,40.139041900634766,40.63154602050781,38.218563079833984,19969397.0
2019-07-05,MINT.BK,40.38529586791992,40.87779998779297,39.646541595458984,40.63154602050781,38.218563079833984,10125814.0
2019-07-08,MINT.BK,40.63154602050781,40.87779998779297,40.139041900634766,40.63154602050781,38.218563079833984,9506630.0
2019-07-09,MINT.BK,40.38529586791992,40.87779998779297,40.139041900634766,40.38529586791992,37.986934661865234,9296886.0
2019-07-10,MINT.BK,40.63154602050781,40.87779998779297,40.139041900634766,40.87779998779297,38.45018768310547,12297676.0
2019-07-11,MINT.BK,40.87779998779297,41.12405014038086,40.38529586791992,40.63154602050781,38.218563079833984,6862893.0
2019-07-12,MINT.BK,40.63154602050781,40.87779998779297,40.139041900634766,40.38529586791992,37.986934661865234,11234740.0
2019-07-15,MINT.BK,40.38529586791992,40.87779998779297,39.892791748046875,40.139041900634766,37.755306243896484,7522279.0
2019-07-17,MINT.BK,40.139041900634766,40.63154602050781,39.892791748046875,40.139041900634766,37.755306243896484,10277691.0
2019-07-18,MINT.BK,39.892791748046875,40.38529586791992,39.892791748046875,40.139041900634766,37.755306243896484,7334159.0
2019-07-19,MINT.BK,40.38529586791992,41.8628044128418,40.139041900634766,41.8628044128418,39.37670135498047,26996046.0
2019-07-22,MINT.BK,41.12405014038086,41.37030029296875,39.892791748046875,40.139041900634766,37.755306243896484,32555497.0
2019-07-23,MINT.BK,40.139041900634766,40.38529586791992,38.66153335571289,40.139041900634766,37.755306243896484,38264288.0
2019-07-24,MINT.BK,40.139041900634766,40.38529586791992,39.15403747558594,39.40028762817383,37.0604248046875,13932893.0
2019-07-25,MINT.BK,39.40028762817383,39.646541595458984,38.90778350830078,39.15403747558594,36.82879638671875,9104603.0
2019-07-26,MINT.BK,39.892791748046875,40.38529586791992,39.15403747558594,39.646541595458984,37.292049407958984,26134529.0
2019-07-30,MINT.BK,39.646541595458984,40.139041900634766,38.90778350830078,39.40028762817383,37.0604248046875,11844278.0
2019-07-31,MINT.BK,39.15403747558594,39.646541595458984,38.66153335571289,39.646541595458984,37.292049407958984,16642314.0
2019-08-01,MINT.BK,39.40028762817383,39.646541595458984,38.66153335571289,38.90778350830078,36.597171783447266,12200316.0
2019-08-02,MINT.BK,38.169029235839844,38.90778350830078,37.43027114868164,38.415279388427734,36.133914947509766,28306493.0
2019-08-05,MINT.BK,37.6765251159668,38.415279388427734,37.43027114868164,37.6765251159668,35.43902587890625,10143885.0
2019-08-06,MINT.BK,37.43027114868164,37.43027114868164,36.6915168762207,37.43027114868164,35.207401275634766,17457740.0
2019-08-07,MINT.BK,37.18402099609375,37.92277526855469,36.44526672363281,36.93777084350586,34.74414825439453,29479479.0
2019-08-08,MINT.BK,37.18402099609375,38.169029235839844,36.93777084350586,37.43027114868164,35.207401275634766,13712488.0
2019-08-09,MINT.BK,37.6765251159668,38.415279388427734,37.18402099609375,37.18402099609375,34.97578048706055,10303884.0
2019-08-13,MINT.BK,36.93777084350586,37.18402099609375,35.952762603759766,35.952762603759766,33.81764221191406,20484317.0
2019-08-14,MINT.BK,36.44526672363281,37.43027114868164,36.199012756347656,36.6915168762207,34.51251983642578,21664511.0
2019-08-15,MINT.BK,36.6915168762207,37.18402099609375,35.952762603759766,36.6915168762207,34.51251983642578,15101919.0
2019-08-16,MINT.BK,37.18402099609375,38.169029235839844,36.93777084350586,37.92277526855469,35.670658111572266,16825663.0
2019-08-19,MINT.BK,38.169029235839844,38.66153335571289,37.6765251159668,37.92277526855469,35.670658111572266,14404970.0
2019-08-20,MINT.BK,37.92277526855469,38.169029235839844,37.43027114868164,37.6765251159668,35.43902587890625,12707318.0
2019-08-21,MINT.BK,37.6765251159668,38.66153335571289,37.6765251159668,38.169029235839844,35.902286529541016,13097975.0
2019-08-22,MINT.BK,37.6765251159668,38.169029235839844,37.43027114868164,37.6765251159668,35.43902587890625,8153341.0
2019-08-23,MINT.BK,37.43027114868164,38.169029235839844,37.43027114868164,37.6765251159668,35.43902587890625,10252716.0
2019-08-26,MINT.BK,37.18402099609375,37.43027114868164,36.44526672363281,36.93777084350586,34.74414825439453,13622946.0
2019-08-27,MINT.BK,36.93777084350586,37.92277526855469,36.6915168762207,37.18402099609375,34.97578048706055,14854104.0
2019-08-28,MINT.BK,37.18402099609375,37.6765251159668,37.18402099609375,37.18402099609375,34.97578048706055,6447973.0
2019-08-29,MINT.BK,37.6765251159668,37.92277526855469,36.93777084350586,37.43027114868164,35.207401275634766,10921036.0
2019-08-30,MINT.BK,37.18402099609375,37.6765251159668,36.93777084350586,37.43027114868164,35.207401275634766,9437494.0
2019-09-02,MINT.BK,37.43027114868164,38.66153335571289,37.18402099609375,38.169029235839844,35.902286529541016,13975329.0
2019-09-03,MINT.BK,38.169029235839844,38.415279388427734,37.6765251159668,37.6765251159668,35.43902587890625,6623504.0
2019-09-04,MINT.BK,37.92277526855469,38.66153335571289,37.6765251159668,38.66153335571289,36.36553955078125,12766201.0
2019-09-05,MINT.BK,38.90778350830078,39.15403747558594,38.66153335571289,39.15403747558594,36.82879638671875,10292513.0
2019-09-06,MINT.BK,39.15403747558594,39.15403747558594,37.92277526855469,38.169029235839844,35.902286529541016,10330381.0
2019-09-09,MINT.BK,38.169029235839844,38.415279388427734,37.92277526855469,37.92277526855469,35.670658111572266,4524738.0
2019-09-10,MINT.BK,37.92277526855469,38.66153335571289,37.43027114868164,37.6765251159668,35.43902587890625,13236045.0
2019-09-11,MINT.BK,37.92277526855469,38.66153335571289,37.6765251159668,38.415279388427734,36.133914947509766,10414543.0
2019-09-12,MINT.BK,38.415279388427734,38.90778350830078,37.6765251159668,37.92277526855469,35.670658111572266,11667325.0
2019-09-13,MINT.BK,37.6765251159668,37.92277526855469,37.18402099609375,37.6765251159668,35.43902587890625,7491620.0
2019-09-16,MINT.BK,37.6765251159668,37.92277526855469,36.93777084350586,37.18402099609375,34.97578048706055,7708370.0
2019-09-17,MINT.BK,36.93777084350586,37.6765251159668,36.6915168762207,37.43027114868164,35.207401275634766,13486703.0
2019-09-18,MINT.BK,37.6765251159668,37.6765251159668,37.18402099609375,37.43027114868164,35.207401275634766,5867368.0
2019-09-19,MINT.BK,37.6765251159668,37.6765251159668,35.21400833129883,35.706512451171875,33.58600616455078,29750543.0
2019-09-20,MINT.BK,35.21400833129883,36.6915168762207,34.72150421142578,36.44526672363281,34.28089141845703,34684111.0
2019-09-23,MINT.BK,36.44526672363281,36.6915168762207,35.706512451171875,36.199012756347656,34.04926300048828,8837092.0
2019-09-24,MINT.BK,35.952762603759766,36.6915168762207,35.952762603759766,36.6915168762207,34.51251983642578,7132536.0
2019-09-25,MINT.BK,36.6915168762207,36.6915168762207,35.706512451171875,36.6915168762207,34.51251983642578,11003066.0
2019-09-26,MINT.BK,36.6915168762207,37.43027114868164,36.199012756347656,36.93777084350586,34.74414825439453,7667050.0
2019-09-27,MINT.BK,36.6915168762207,37.43027114868164,36.44526672363281,36.93777084350586,34.74414825439453,6922284.0
2019-09-30,MINT.BK,36.93777084350586,37.43027114868164,36.6915168762207,36.93777084350586,34.74414825439453,9546427.0
2019-10-01,MINT.BK,36.93777084350586,36.93777084350586,36.199012756347656,36.199012756347656,34.04926300048828,5352651.0
2019-10-02,MINT.BK,35.952762603759766,36.44526672363281,35.952762603759766,35.952762603759766,33.81764221191406,5337016.0
2019-10-03,MINT.BK,35.706512451171875,35.952762603759766,35.706512451171875,35.706512451171875,33.58600616455078,4135401.0
2019-10-04,MINT.BK,35.706512451171875,35.952762603759766,34.96775436401367,35.46025848388672,33.3543815612793,5717623.0
2019-10-07,MINT.BK,35.706512451171875,35.952762603759766,35.46025848388672,35.952762603759766,33.81764221191406,5045952.0
2019-10-08,MINT.BK,36.199012756347656,36.93777084350586,35.952762603759766,36.199012756347656,34.04926300048828,5425239.0
2019-10-09,MINT.BK,36.199012756347656,36.44526672363281,35.706512451171875,36.199012756347656,34.04926300048828,4659965.0
2019-10-10,MINT.BK,36.44526672363281,36.44526672363281,34.72150421142578,34.96775436401367,32.8911247253418,12738688.0
2019-10-11,MINT.BK,34.96775436401367,35.706512451171875,34.96775436401367,35.46025848388672,33.3543815612793,8849173.0
2019-10-15,MINT.BK,35.706512451171875,35.706512451171875,35.21400833129883,35.46025848388672,33.3543815612793,3513984.0
2019-10-16,MINT.BK,35.46025848388672,36.199012756347656,35.46025848388672,35.706512451171875,33.58600616455078,5141891.0
2019-10-17,MINT.BK,35.952762603759766,36.44526672363281,35.952762603759766,36.44526672363281,34.28089141845703,8079128.0
2019-10-18,MINT.BK,36.199012756347656,36.6915168762207,34.72150421142578,35.46025848388672,33.3543815612793,11657782.0
2019-10-21,MINT.BK,35.21400833129883,35.706512451171875,35.21400833129883,35.46025848388672,33.3543815612793,4119462.0
2019-10-22,MINT.BK,35.46025848388672,36.199012756347656,35.21400833129883,35.952762603759766,33.81764221191406,5274580.0
2019-10-24,MINT.BK,36.44526672363281,36.44526672363281,35.952762603759766,36.199012756347656,34.04926300048828,4841690.0
2019-10-25,MINT.BK,36.44526672363281,36.44526672363281,34.72150421142578,35.21400833129883,33.12275695800781,9563381.0
2019-10-28,MINT.BK,35.21400833129883,35.21400833129883,33.98274612426758,35.21400833129883,33.12275695800781,7214261.0
2019-10-29,MINT.BK,35.46025848388672,35.706512451171875,34.72150421142578,34.96775436401367,32.8911247253418,4760269.0
2019-10-30,MINT.BK,35.21400833129883,35.952762603759766,35.21400833129883,35.706512451171875,33.58600616455078,4719660.0
2019-10-31,MINT.BK,35.706512451171875,36.44526672363281,35.21400833129883,35.46025848388672,33.3543815612793,8555368.0
2019-11-01,MINT.BK,35.952762603759766,36.44526672363281,35.46025848388672,35.952762603759766,33.81764221191406,6470307.0
2019-11-04,MINT.BK,36.44526672363281,36.44526672363281,35.706512451171875,35.952762603759766,33.81764221191406,6243101.0
2019-11-05,MINT.BK,36.44526672363281,36.6915168762207,35.952762603759766,36.6915168762207,34.51251983642578,11566717.0
2019-11-06,MINT.BK,36.93777084350586,36.93777084350586,35.706512451171875,36.199012756347656,34.04926300048828,11048041.0
2019-11-07,MINT.BK,35.952762603759766,36.93777084350586,35.706512451171875,36.44526672363281,34.28089141845703,9507747.0
2019-11-08,MINT.BK,36.199012756347656,36.93777084350586,36.199012756347656,36.6915168762207,34.51251983642578,4335805.0
2019-11-11,MINT.BK,36.44526672363281,36.6915168762207,36.199012756347656,36.44526672363281,34.28089141845703,3030637.0
2019-11-12,MINT.BK,36.6915168762207,36.93777084350586,36.44526672363281,36.6915168762207,34.51251983642578,6728986.0
2019-11-13,MINT.BK,36.199012756347656,36.199012756347656,34.96775436401367,35.21400833129883,33.12275695800781,18607072.0
2019-11-14,MINT.BK,34.96775436401367,35.21400833129883,34.475250244140625,35.21400833129883,33.12275695800781,10872610.0
2019-11-15,MINT.BK,35.21400833129883,35.706512451171875,34.96775436401367,35.46025848388672,33.3543815612793,5894271.0
2019-11-18,MINT.BK,35.706512451171875,36.199012756347656,35.46025848388672,35.952762603759766,33.81764221191406,8533034.0
2019-11-19,MINT.BK,35.952762603759766,36.199012756347656,35.706512451171875,36.199012756347656,34.04926300048828,3245864.0
2019-11-20,MINT.BK,35.952762603759766,36.199012756347656,35.706512451171875,35.952762603759766,33.81764221191406,3349721.0
2019-11-21,MINT.BK,35.46025848388672,36.199012756347656,35.46025848388672,36.199012756347656,34.04926300048828,5282194.0
2019-11-22,MINT.BK,35.952762603759766,36.199012756347656,35.952762603759766,36.199012756347656,34.04926300048828,1023342.0
2019-11-25,MINT.BK,36.44526672363281,37.18402099609375,36.199012756347656,37.18402099609375,34.97578048706055,11082964.0
2019-11-26,MINT.BK,37.6765251159668,37.92277526855469,37.18402099609375,37.43027114868164,35.207401275634766,18254688.0
2019-11-27,MINT.BK,37.43027114868164,37.92277526855469,37.18402099609375,37.6765251159668,35.43902587890625,9710487.0
2019-11-28,MINT.BK,37.43027114868164,37.92277526855469,37.18402099609375,37.43027114868164,35.207401275634766,6641372.0
2019-11-29,MINT.BK,37.18402099609375,37.92277526855469,36.93777084350586,37.92277526855469,35.670658111572266,8991710.0
2019-12-02,MINT.BK,38.169029235839844,38.169029235839844,36.93777084350586,37.18402099609375,34.97578048706055,7024821.0
2019-12-03,MINT.BK,37.43027114868164,37.43027114868164,36.93777084350586,37.43027114868164,35.207401275634766,4301085.0
2019-12-04,MINT.BK,36.93777084350586,37.18402099609375,36.44526672363281,36.93777084350586,34.74414825439453,3779464.0
2019-12-06,MINT.BK,36.93777084350586,37.18402099609375,36.6915168762207,36.93777084350586,34.74414825439453,2321911.0
2019-12-09,MINT.BK,36.6915168762207,36.93777084350586,36.199012756347656,36.93777084350586,34.74414825439453,3489822.0
2019-12-11,MINT.BK,36.93777084350586,37.6765251159668,36.6915168762207,36.93777084350586,34.74414825439453,7846643.0
2019-12-12,MINT.BK,36.6915168762207,37.6765251159668,36.44526672363281,37.18402099609375,34.97578048706055,8924401.0
2019-12-13,MINT.BK,37.18402099609375,37.6765251159668,36.199012756347656,36.44526672363281,34.28089141845703,8442273.0
2019-12-16,MINT.BK,36.6915168762207,36.6915168762207,35.706512451171875,35.706512451171875,33.58600616455078,6148381.0
2019-12-17,MINT.BK,35.706512451171875,35.952762603759766,34.475250244140625,34.96775436401367,32.8911247253418,10470786.0
2019-12-18,MINT.BK,34.72150421142578,35.706512451171875,34.72150421142578,35.706512451171875,33.58600616455078,9262571.0
2019-12-19,MINT.BK,34.96775436401367,35.706512451171875,34.72150421142578,35.21400833129883,33.12275695800781,11294536.0
2019-12-20,MINT.BK,35.46025848388672,35.952762603759766,35.46025848388672,35.46025848388672,33.3543815612793,9035872.0
2019-12-23,MINT.BK,35.46025848388672,36.199012756347656,35.46025848388672,35.46025848388672,33.3543815612793,5913256.0
2019-12-24,MINT.BK,35.46025848388672,35.46025848388672,34.96775436401367,35.21400833129883,33.12275695800781,4876715.0
2019-12-25,MINT.BK,34.96775436401367,35.46025848388672,34.96775436401367,35.21400833129883,33.12275695800781,8380852.0
2019-12-26,MINT.BK,34.96775436401367,35.706512451171875,34.96775436401367,35.21400833129883,33.12275695800781,4658849.0
2019-12-27,MINT.BK,35.706512451171875,35.952762603759766,35.21400833129883,35.21400833129883,33.12275695800781,9077192.0
2019-12-30,MINT.BK,35.46025848388672,35.952762603759766,35.21400833129883,35.46025848388672,33.3543815612793,5772038.0
2020-01-02,MINT.BK,35.706512451171875,36.199012756347656,34.96775436401367,35.21400833129883,33.12275695800781,13307719.0
2020-01-03,MINT.BK,34.96775436401367,35.46025848388672,34.72150421142578,34.96775436401367,32.8911247253418,13696752.0
2020-01-06,MINT.BK,34.72150421142578,34.72150421142578,32.99774169921875,33.24399185180664,31.269729614257812,27689543.0
2020-01-07,MINT.BK,33.73649597167969,34.475250244140625,33.4902458190918,34.229000091552734,32.19624328613281,11725904.0
2020-01-08,MINT.BK,33.98274612426758,33.98274612426758,32.5052375793457,32.99774169921875,31.03810691833496,12411685.0
2020-01-09,MINT.BK,33.4902458190918,33.98274612426758,32.99774169921875,33.24399185180664,31.269729614257812,15137351.0
2020-01-10,MINT.BK,33.4902458190918,33.73649597167969,32.99774169921875,33.24399185180664,31.269729614257812,7623091.0
2020-01-13,MINT.BK,33.4902458190918,34.229000091552734,33.24399185180664,33.4902458190918,31.501359939575195,6900558.0
2020-01-14,MINT.BK,33.73649597167969,34.229000091552734,33.4902458190918,33.98274612426758,31.96461296081543,8038113.0
2020-01-15,MINT.BK,33.73649597167969,33.73649597167969,33.24399185180664,33.73649597167969,31.732986450195312,7511823.0
2020-01-16,MINT.BK,33.73649597167969,34.229000091552734,33.4902458190918,33.98274612426758,31.96461296081543,5614882.0
2020-01-17,MINT.BK,33.98274612426758,34.72150421142578,33.98274612426758,34.475250244140625,32.4278678894043,7280860.0
2020-01-20,MINT.BK,34.72150421142578,34.96775436401367,33.73649597167969,34.229000091552734,32.19624328613281,7092943.0
2020-01-21,MINT.BK,33.4902458190918,33.4902458190918,31.766481399536133,32.5052375793457,30.574851989746094,31050737.0
2020-01-22,MINT.BK,32.012733459472656,32.5052375793457,30.53522300720215,32.5052375793457,30.574851989746094,37143484.0
2020-01-23,MINT.BK,32.25898361206055,32.99774169921875,32.012733459472656,32.25898361206055,30.343217849731445,8011921.0
2020-01-24,MINT.BK,32.5052375793457,33.24399185180664,32.012733459472656,32.99774169921875,31.03810691833496,13325486.0
2020-01-27,MINT.BK,30.53522300720215,31.273977279663086,30.0427188873291,30.781475067138672,28.95345687866211,26814626.0
2020-01-28,MINT.BK,30.53522300720215,31.766481399536133,30.53522300720215,31.027725219726562,29.185083389282227,25113217.0
2020-01-29,MINT.BK,31.273977279663086,31.766481399536133,30.781475067138672,31.273977279663086,29.416711807250977,14220302.0
2020-01-30,MINT.BK,31.027725219726562,31.027725219726562,29.796466827392578,30.53522300720215,28.721826553344727,20059650.0
2020-01-31,MINT.BK,30.781475067138672,31.52022933959961,30.288970947265625,30.288970947265625,28.49020004272461,14537964.0
2020-02-03,MINT.BK,30.781475067138672,31.027725219726562,30.0427188873291,30.0427188873291,28.25857162475586,11505398.0
2020-02-04,MINT.BK,30.781475067138672,32.25898361206055,30.53522300720215,32.012733459472656,30.111595153808594,23509878.0
2020-02-05,MINT.BK,32.012733459472656,32.751487731933594,31.52022933959961,32.751487731933594,30.806472778320312,23502264.0
2020-02-06,MINT.BK,33.24399185180664,33.4902458190918,32.751487731933594,32.99774169921875,31.03810691833496,22028569.0
2020-02-07,MINT.BK,32.751487731933594,33.24399185180664,32.5052375793457,33.24399185180664,31.269729614257812,9639117.0
2020-02-11,MINT.BK,33.24399185180664,33.24399185180664,31.766481399536133,32.25898361206055,30.343217849731445,15432069.0
2020-02-12,MINT.BK,32.5052375793457,33.24399185180664,32.25898361206055,32.751487731933594,30.806472778320312,8069179.0
2020-02-13,MINT.BK,32.5052375793457,32.751487731933594,31.52022933959961,32.012733459472656,30.111595153808594,12209047.0
2020-02-14,MINT.BK,32.25898361206055,32.751487731933594,32.012733459472656,32.5052375793457,30.574851989746094,8546739.0
2020-02-17,MINT.BK,32.5052375793457,32.5052375793457,32.012733459472656,32.5052375793457,30.574851989746094,2587087.0
2020-02-18,MINT.BK,32.012733459472656,32.25898361206055,31.52022933959961,31.766481399536133,29.87996482849121,6915583.0
2020-02-19,MINT.BK,31.766481399536133,32.25898361206055,31.52022933959961,32.25898361206055,30.343217849731445,6997512.0
2020-02-20,MINT.BK,32.25898361206055,32.5052375793457,31.027725219726562,31.027725219726562,29.185083389282227,7833749.0
2020-02-21,MINT.BK,31.027725219726562,31.766481399536133,31.027725219726562,31.52022933959961,29.648338317871094,7415681.0
2020-02-24,MINT.BK,31.027725219726562,31.027725219726562,27.826452255249023,28.31895637512207,26.637178421020508,35962579.0
2020-02-25,MINT.BK,28.072704315185547,29.550216674804688,27.5802001953125,28.565208435058594,26.868806838989258,20857613.0
2020-02-26,MINT.BK,27.826452255249023,28.565208435058594,26.59519386291504,26.841445922851562,25.247413635253906,27317059.0
2020-02-27,MINT.BK,27.5802001953125,28.072704315185547,26.841445922851562,27.333948135375977,25.71066665649414,17357334.0
2020-02-28,MINT.BK,26.348941802978516,27.5802001953125,26.102689743041992,27.087697982788086,25.479042053222656,18964937.0
2020-03-02,MINT.BK,28.072704315185547,28.811460494995117,26.59519386291504,28.072704315185547,26.40555191040039,27064675.0
2020-03-03,MINT.BK,28.565208435058594,29.05771255493164,28.31895637512207,28.565208435058594,26.868806838989258,25202658.0
2020-03-04,MINT.BK,28.31895637512207,29.550216674804688,28.31895637512207,28.565208435058594,26.868806838989258,21668572.0
2020-03-05,MINT.BK,28.565208435058594,29.05771255493164,28.072704315185547,28.811460494995117,27.100433349609375,24427841.0
2020-03-06,MINT.BK,28.31895637512207,28.565208435058594,27.826452255249023,28.31895637512207,26.637178421020508,20073152.0
2020-03-09,MINT.BK,25.8564395904541,27.826452255249023,25.8564395904541,26.348941802978516,24.784160614013672,31362308.0
2020-03-10,MINT.BK,26.841445922851562,27.826452255249023,26.102689743041992,26.348941802978516,24.784160614013672,35908671.0
2020-03-11,MINT.BK,26.348941802978516,27.087697982788086,26.102689743041992,26.348941802978516,24.784160614013672,14745272.0
2020-03-12,MINT.BK,24.871431350708008,24.871431350708008,21.571657180786133,22.162662506103516,20.846487045288086,51558810.0
2020-03-13,MINT.BK,19.503141403198242,23.44317054748535,17.53312873840332,22.06416130065918,20.75383758544922,58219472.0
2020-03-16,MINT.BK,20.19264793395996,22.162662506103516,18.71513557434082,19.010639190673828,17.88165283203125,35435578.0
2020-03-17,MINT.BK,18.616636276245117,19.10913848876953,17.434627532958984,17.434627532958984,16.39923667907715,41159800.0
2020-03-18,MINT.BK,17.33612632751465,18.321134567260742,15.56311321258545,15.760114669799805,14.824169158935547,65949162.0
2020-03-19,MINT.BK,14.578105926513672,15.366111755371094,14.085602760314941,15.169110298156738,14.268263816833496,58911751.0
2020-03-20,MINT.BK,15.85861587524414,17.237625122070312,15.070610046386719,16.351118087768555,15.380074501037598,93842257.0
2020-03-23,MINT.BK,14.184103012084961,14.972108840942383,13.987101554870605,13.987101554870605,13.156450271606445,42841717.0
2020-03-24,MINT.BK,14.676607131958008,14.676607131958008,13.29759693145752,13.494598388671875,12.693195343017578,47744016.0
2020-03-25,MINT.BK,13.79010009765625,14.479604721069336,13.69159984588623,13.888601303100586,13.063799858093262,68997667.0
2020-03-26,MINT.BK,13.888601303100586,15.95711612701416,13.888601303100586,15.56311321258545,14.638866424560547,100682715.0
2020-03-27,MINT.BK,16.351118087768555,16.942123413085938,15.661614418029785,15.95711612701416,15.00947093963623,69087514.0
2020-03-30,MINT.BK,15.85861587524414,15.85861587524414,15.85861587524414,15.85861587524414,14.91681957244873,2929623.0
2020-03-31,MINT.BK,16.548120498657227,17.13912582397461,16.154117584228516,16.548120498657227,15.565376281738281,77438824.0
2020-04-01,MINT.BK,16.44961929321289,16.8436222076416,16.05561637878418,16.25261878967285,15.287425994873047,41572893.0
2020-04-02,MINT.BK,16.25261878967285,16.548120498657227,15.85861587524414,16.25261878967285,15.287425994873047,32893769.0
2020-04-03,MINT.BK,16.44961929321289,16.7451229095459,15.95711612701416,15.95711612701416,15.00947093963623,23832617.0
2020-04-07,MINT.BK,17.040624618530273,18.321134567260742,16.646621704101562,18.321134567260742,17.23309898376465,79805507.0
2020-04-08,MINT.BK,18.321134567260742,19.010639190673828,17.828630447387695,18.51813507080078,17.41839599609375,75537213.0
2020-04-09,MINT.BK,18.51813507080078,19.207639694213867,17.92713165283203,18.321134567260742,17.23309898376465,86075309.0
2020-04-10,MINT.BK,18.321134567260742,18.71513557434082,18.025630950927734,18.71513557434082,17.603700637817383,36023289.0
2020-04-13,MINT.BK,19.010639190673828,20.19264793395996,18.912137985229492,19.798643112182617,18.622861862182617,76145534.0
2020-04-14,MINT.BK,20.19264793395996,22.65516471862793,20.19264793395996,22.06416130065918,20.75383758544922,103838529.0
2020-04-15,MINT.BK,22.162662506103516,22.26116180419922,20.19264793395996,20.291147232055664,19.086118698120117,89633760.0
2020-04-16,MINT.BK,19.700143814086914,20.3896484375,19.207639694213867,19.700143814086914,18.53021240234375,74024940.0
2020-04-17,MINT.BK,20.685150146484375,20.78365135192871,19.897144317626953,20.291147232055664,19.086118698120117,62266346.0
2020-04-20,MINT.BK,20.291147232055664,21.079153060913086,19.99564552307129,20.488149642944336,19.271419525146484,78120443.0
2020-04-21,MINT.BK,20.094146728515625,20.685150146484375,20.094146728515625,20.488149642944336,19.271419525146484,30486477.0
2020-04-22,MINT.BK,20.291147232055664,20.3896484375,19.798643112182617,20.291147232055664,19.086118698120117,37365919.0
2020-04-23,MINT.BK,20.3896484375,20.586650848388672,20.094146728515625,20.3896484375,19.178768157958984,24914741.0
2020-04-24,MINT.BK,20.488149642944336,21.571657180786133,20.488149642944336,20.685150146484375,19.45671844482422,97319288.0
2020-04-27,MINT.BK,21.079153060913086,21.079153060913086,20.3896484375,20.488149642944336,19.271419525146484,31240482.0
2020-04-28,MINT.BK,20.3896484375,20.78365135192871,20.094146728515625,20.3896484375,19.178768157958984,30067597.0
2020-04-29,MINT.BK,20.586650848388672,20.882152557373047,20.3896484375,20.488149642944336,19.271419525146484,27622132.0
2020-04-30,MINT.BK,20.78365135192871,20.980653762817383,20.586650848388672,20.78365135192871,19.549375534057617,42277051.0
2020-05-05,MINT.BK,20.19264793395996,20.291147232055664,19.700143814086914,19.700143814086914,18.53021240234375,41901723.0
2020-05-07,MINT.BK,19.306140899658203,19.503141403198242,18.419633865356445,18.616636276245117,17.511049270629883,60367781.0
2020-05-08,MINT.BK,18.71513557434082,19.010639190673828,18.51813507080078,18.71513557434082,17.603700637817383,23510792.0
2020-05-11,MINT.BK,18.912137985229492,19.404640197753906,18.912137985229492,19.010639190673828,17.88165283203125,27860303.0
2020-05-12,MINT.BK,19.10913848876953,19.404640197753906,18.912137985229492,19.10913848876953,17.97430419921875,29296740.0
2020-05-13,MINT.BK,19.010639190673828,19.207639694213867,18.912137985229492,19.010639190673828,17.88165283203125,18160577.0
2020-05-14,MINT.BK,18.71513557434082,18.71513557434082,18.12413215637207,18.222633361816406,17.140445709228516,45362815.0
2020-05-15,MINT.BK,18.321134567260742,18.321134567260742,17.73012924194336,17.828630447387695,16.76984214782715,36094761.0
2020-05-18,MINT.BK,17.13912582397461,17.53312873840332,16.351118087768555,16.548120498657227,15.565376281738281,100651954.0
2020-05-19,MINT.BK,16.548120498657227,18.419633865356445,15.267610549926758,17.73012924194336,16.67719078063965,308197643.0
2020-05-20,MINT.BK,17.53312873840332,17.631628036499023,16.8436222076416,17.040624618530273,16.02863311767578,107238606.0
2020-05-21,MINT.BK,16.548120498657227,17.73012924194336,16.44961929321289,16.548120498657227,15.565376281738281,148384295.0
2020-05-22,MINT.BK,16.44961929321289,16.942123413085938,16.351118087768555,16.646621704101562,15.65803050994873,65379115.0
2020-05-25,MINT.BK,16.8436222076416,17.33612632751465,16.646621704101562,17.13912582397461,16.12128448486328,54288942.0
2020-05-26,MINT.BK,18.71513557434082,19.601642608642578,18.222633361816406,18.912137985229492,17.789003372192383,224635209.0
2020-05-27,MINT.BK,18.912137985229492,19.601642608642578,18.51813507080078,19.404640197753906,18.252256393432617,125751161.0
2020-05-28,MINT.BK,19.601642608642578,19.798643112182617,18.912137985229492,18.912137985229492,17.789003372192383,110468735.0
2020-05-29,MINT.BK,18.51813507080078,18.912137985229492,18.025630950927734,18.321134567260742,17.23309898376465,113108106.0
2020-06-01,MINT.BK,18.71513557434082,18.912137985229492,18.419633865356445,18.616636276245117,17.511049270629883,40100011.0
2020-06-02,MINT.BK,18.813636779785156,19.207639694213867,18.71513557434082,19.10913848876953,17.97430419921875,68558584.0
2020-06-04,MINT.BK,19.798643112182617,21.079153060913086,19.503141403198242,20.685150146484375,19.45671844482422,183848502.0
2020-06-05,MINT.BK,20.882152557373047,21.867158889770508,20.291147232055664,21.768659591674805,20.47588348388672,135537688.0
2020-06-08,MINT.BK,21.867158889770508,23.541671752929688,21.571657180786133,22.753665924072266,21.402395248413086,232281752.0
2020-06-09,MINT.BK,23.04916763305664,25.8564395904541,22.950666427612305,23.541671752929688,22.143604278564453,336379062.0
2020-06-10,MINT.BK,24.034175872802734,24.625179290771484,22.556665420532227,22.556665420532227,21.21709442138672,299338013.0
2020-06-11,MINT.BK,22.162662506103516,22.65516471862793,21.276155471801758,21.67015838623047,20.38323211669922,152810455.0
2020-06-12,MINT.BK,21.079153060913086,22.556665420532227,20.586650848388672,22.45816421508789,21.12444305419922,147691508.0
2020-06-15,MINT.BK,22.06416130065918,22.753665924072266,21.177654266357422,21.276155471801758,20.01262855529785,132763800.0
2020-06-16,MINT.BK,22.26116180419922,22.45816421508789,21.374656677246094,21.571657180786133,20.29058265686035,64049277.0
2020-06-17,MINT.BK,21.67015838623047,23.541671752929688,21.571657180786133,22.753665924072266,21.402395248413086,181463342.0
2020-06-18,MINT.BK,22.556665420532227,22.8521671295166,22.26116180419922,22.45816421508789,21.12444305419922,83600809.0
2020-06-19,MINT.BK,22.556665420532227,22.65516471862793,21.571657180786133,21.768659591674805,20.47588348388672,77537097.0
2020-06-22,MINT.BK,21.67015838623047,21.67015838623047,20.19264793395996,20.3896484375,19.178768157958984,77905419.0
2020-06-23,MINT.BK,20.586650848388672,20.78365135192871,19.99564552307129,20.291147232055664,19.086118698120117,64402168.0
2020-06-24,MINT.BK,20.980653762817383,21.67015838623047,20.488149642944336,20.586650848388672,19.364072799682617,111981820.0
2020-06-25,MINT.BK,20.488149642944336,20.882152557373047,19.700143814086914,19.99564552307129,18.808164596557617,85626581.0
2020-06-26,MINT.BK,20.700000762939453,20.700000762939453,20.0,20.100000381469727,18.906320571899414,44017600.0
2020-06-29,MINT.BK,20.0,20.100000381469727,19.5,19.700000762939453,18.530078887939453,37867800.0
2020-06-30,MINT.BK,20.100000381469727,20.600000381469727,19.899999618530273,20.299999237060547,19.09444236755371,55194500.0
2020-07-01,MINT.BK,20.5,20.5,19.899999618530273,20.100000381469727,18.906320571899414,35933200.0
2020-07-02,MINT.BK,20.200000762939453,21.399999618530273,20.100000381469727,21.299999237060547,20.035058975219727,105188600.0
2020-07-03,MINT.BK,21.200000762939453,21.399999618530273,20.700000762939453,20.799999237060547,19.56475067138672,74711500.0
2020-07-07,MINT.BK,21.100000381469727,21.299999237060547,20.600000381469727,20.600000381469727,19.376628875732422,57916900.0
2020-07-08,MINT.BK,20.600000381469727,20.899999618530273,20.399999618530273,20.5,19.282567977905273,28007900.0
2020-07-09,MINT.BK,20.600000381469727,20.700000762939453,19.799999237060547,19.899999618530273,18.718198776245117,70747200.0
2020-07-10,MINT.BK,19.700000762939453,19.899999618530273,19.399999618530273,19.399999618530273,18.247894287109375,40370900.0
2020-07-13,MINT.BK,19.700000762939453,20.200000762939453,19.399999618530273,19.5,18.341955184936523,64293200.0
2020-07-14,MINT.BK,19.299999237060547,19.399999618530273,19.0,19.100000381469727,17.965709686279297,50777500.0
2020-07-15,MINT.BK,19.200000762939453,19.600000381469727,18.5,19.200000762939453,18.059770584106445,77612600.0
2020-07-16,MINT.BK,19.200000762939453,19.299999237060547,18.5,18.600000381469727,17.495403289794922,41826900.0
2020-07-17,MINT.BK,18.700000762939453,19.100000381469727,18.5,19.0,17.871646881103516,41963000.0
2020-07-20,MINT.BK,18.899999618530273,19.200000762939453,18.399999618530273,18.700000762939453,17.589462280273438,35840900.0
2020-07-21,MINT.BK,18.899999618530273,20.5,18.899999618530273,20.299999237060547,19.09444236755371,147000700.0
2020-07-22,MINT.BK,20.5,20.600000381469727,19.600000381469727,19.899999618530273,18.718198776245117,94910900.0
2020-07-23,MINT.BK,20.0,20.399999618530273,19.899999618530273,20.299999237060547,19.09444236755371,48389000.0
2020-07-24,MINT.BK,20.100000381469727,20.100000381469727,19.600000381469727,19.600000381469727,18.43601417541504,43094300.0
2020-07-29,MINT.BK,19.700000762939453,19.700000762939453,18.799999237060547,18.899999618530273,17.777587890625,43098700.0
2020-07-30,MINT.BK,18.600000381469727,19.100000381469727,17.700000762939453,17.799999237060547,16.74291229248047,58687000.0
2020-07-31,MINT.BK,17.899999618530273,18.399999618530273,17.700000762939453,18.200000762939453,17.119157791137695,32276800.0
2020-08-03,MINT.BK,18.299999237060547,18.399999618530273,17.899999618530273,17.899999618530273,16.836971282958984,19386800.0
2020-08-04,MINT.BK,18.0,19.0,17.899999618530273,18.600000381469727,17.495403289794922,79630300.0
2020-08-05,MINT.BK,18.700000762939453,18.700000762939453,18.299999237060547,18.399999618530273,17.307279586791992,33859100.0
2020-08-06,MINT.BK,18.399999618530273,18.799999237060547,18.399999618530273,18.399999618530273,17.307279586791992,33404600.0
2020-08-07,MINT.BK,18.399999618530273,18.700000762939453,18.200000762939453,18.299999237060547,17.213218688964844,18673500.0
2020-08-10,MINT.BK,18.399999618530273,18.600000381469727,18.200000762939453,18.299999237060547,17.213218688964844,14147100.0
2020-08-11,MINT.BK,18.5,20.600000381469727,18.5,20.200000762939453,19.000383377075195,173411600.0
2020-08-13,MINT.BK,21.100000381469727,21.399999618530273,20.200000762939453,20.799999237060547,19.56475067138672,120295800.0
2020-08-14,MINT.BK,20.600000381469727,20.799999237060547,19.799999237060547,20.100000381469727,18.906320571899414,49707700.0
2020-08-17,MINT.BK,20.200000762939453,20.899999618530273,19.899999618530273,20.700000762939453,19.47068977355957,75339900.0
2020-08-18,MINT.BK,20.5,20.700000762939453,20.100000381469727,20.600000381469727,19.376628875732422,52516500.0
2020-08-19,MINT.BK,20.700000762939453,20.899999618530273,19.299999237060547,19.600000381469727,18.43601417541504,100250500.0
2020-08-20,MINT.BK,19.399999618530273,20.100000381469727,19.299999237060547,20.0,18.8122615814209,42767000.0
2020-08-21,MINT.BK,20.200000762939453,20.5,20.100000381469727,20.399999618530273,19.188507080078125,40805300.0
2020-08-24,MINT.BK,20.600000381469727,22.299999237060547,20.5,21.899999618530273,20.59942626953125,173004500.0
2020-08-25,MINT.BK,22.0,22.600000381469727,21.5,22.0,20.6934871673584,115488200.0
2020-08-26,MINT.BK,21.700000762939453,22.200000762939453,21.600000381469727,22.100000381469727,20.787548065185547,41656100.0
2020-08-27,MINT.BK,22.0,22.600000381469727,21.899999618530273,22.200000762939453,20.881608963012695,53402400.0
2020-08-28,MINT.BK,22.799999237060547,23.5,22.700000762939453,23.0,21.634098052978516,140782800.0
2020-08-31,MINT.BK,22.899999618530273,23.0,21.799999237060547,22.399999618530273,21.069730758666992,99877700.0
2020-09-01,MINT.BK,22.399999618530273,22.5,21.5,21.799999237060547,20.50536346435547,62989700.0
2020-09-02,MINT.BK,21.799999237060547,22.600000381469727,21.799999237060547,22.5,21.16379165649414,66009900.0
2020-09-03,MINT.BK,22.600000381469727,23.299999237060547,22.399999618530273,22.600000381469727,21.257854461669922,86943200.0
2020-09-08,MINT.BK,22.299999237060547,22.799999237060547,22.200000762939453,22.5,21.16379165649414,37661300.0
2020-09-09,MINT.BK,21.899999618530273,22.5,21.899999618530273,22.399999618530273,21.069730758666992,52670100.0
2020-09-10,MINT.BK,22.600000381469727,22.600000381469727,22.100000381469727,22.399999618530273,21.069730758666992,38726900.0
2020-09-11,MINT.BK,22.399999618530273,22.5,21.600000381469727,21.600000381469727,20.317241668701172,58361900.0
2020-09-14,MINT.BK,21.899999618530273,22.399999618530273,21.700000762939453,21.799999237060547,20.50536346435547,50515000.0
2020-09-15,MINT.BK,22.0,23.100000381469727,21.600000381469727,23.0,21.634098052978516,95499500.0
2020-09-16,MINT.BK,22.899999618530273,23.600000381469727,22.600000381469727,23.299999237060547,21.916282653808594,86796700.0
2020-09-17,MINT.BK,23.200000762939453,23.200000762939453,22.600000381469727,22.700000762939453,21.35191535949707,38217300.0
2020-09-18,MINT.BK,22.799999237060547,22.899999618530273,22.200000762939453,22.700000762939453,21.35191535949707,28648000.0
2020-09-21,MINT.BK,22.799999237060547,23.200000762939453,22.5,22.600000381469727,21.257854461669922,46350800.0
2020-09-22,MINT.BK,22.200000762939453,22.600000381469727,21.0,21.200000762939453,19.940994262695312,103430700.0
2020-09-23,MINT.BK,21.5,21.600000381469727,20.899999618530273,21.200000762939453,19.940994262695312,59690000.0
2020-09-24,MINT.BK,21.100000381469727,21.299999237060547,20.600000381469727,20.700000762939453,19.47068977355957,52362200.0
2020-09-25,MINT.BK,20.899999618530273,21.0,20.0,20.100000381469727,18.906320571899414,70038000.0
2020-09-28,MINT.BK,20.299999237060547,20.899999618530273,20.100000381469727,20.799999237060547,19.56475067138672,42509100.0
2020-09-29,MINT.BK,21.0,21.0,20.200000762939453,20.200000762939453,19.000383377075195,43510900.0
2020-09-30,MINT.BK,20.299999237060547,20.5,19.799999237060547,20.0,18.8122615814209,33253200.0
2020-10-01,MINT.BK,20.200000762939453,20.299999237060547,19.700000762939453,19.799999237060547,18.624135971069336,41243500.0
2020-10-02,MINT.BK,19.600000381469727,19.799999237060547,19.200000762939453,19.299999237060547,18.153827667236328,67380600.0
2020-10-05,MINT.BK,19.5,20.0,19.399999618530273,19.700000762939453,18.530078887939453,34660800.0
2020-10-06,MINT.BK,19.799999237060547,19.899999618530273,19.5,19.5,18.341955184936523,33651400.0
2020-10-07,MINT.BK,19.399999618530273,20.899999618530273,19.299999237060547,20.799999237060547,19.56475067138672,73306600.0
2020-10-08,MINT.BK,20.899999618530273,21.100000381469727,20.5,20.5,19.282567977905273,65884600.0
2020-10-09,MINT.BK,20.600000381469727,20.600000381469727,19.799999237060547,19.899999618530273,18.718198776245117,40763600.0
2020-10-12,MINT.BK,19.899999618530273,20.200000762939453,19.5,20.100000381469727,18.906320571899414,43704900.0
2020-10-14,MINT.BK,19.700000762939453,19.899999618530273,19.399999618530273,19.5,18.341955184936523,50794200.0
2020-10-15,MINT.BK,19.299999237060547,19.399999618530273,18.600000381469727,18.700000762939453,17.589462280273438,61825700.0
2020-10-16,MINT.BK,18.799999237060547,19.0,18.100000381469727,18.299999237060547,17.213218688964844,49700100.0
2020-10-19,MINT.BK,18.0,18.100000381469727,17.600000381469727,17.799999237060547,16.74291229248047,46430700.0
2020-10-20,MINT.BK,17.799999237060547,18.600000381469727,17.799999237060547,18.399999618530273,17.307279586791992,53287000.0
2020-10-21,MINT.BK,18.5,18.700000762939453,18.0,18.100000381469727,17.025094985961914,42394200.0
2020-10-22,MINT.BK,18.0,18.200000762939453,17.600000381469727,17.799999237060547,16.74291229248047,54577200.0
2020-10-26,MINT.BK,17.899999618530273,18.0,17.600000381469727,17.799999237060547,16.74291229248047,30653000.0
2020-10-27,MINT.BK,17.600000381469727,17.700000762939453,16.899999618530273,17.200000762939453,16.178544998168945,76742400.0
2020-10-28,MINT.BK,17.100000381469727,17.799999237060547,17.100000381469727,17.399999618530273,16.36666488647461,58916000.0
2020-10-29,MINT.BK,17.100000381469727,17.200000762939453,16.799999237060547,17.0,15.9904203414917,37488200.0
2020-10-30,MINT.BK,17.100000381469727,17.299999237060547,16.600000381469727,16.700000762939453,15.70823860168457,47966700.0
2020-11-02,MINT.BK,16.600000381469727,17.200000762939453,16.399999618530273,17.200000762939453,16.178544998168945,51042600.0
2020-11-03,MINT.BK,17.5,17.700000762939453,17.399999618530273,17.600000381469727,16.55478858947754,31925600.0
2020-11-04,MINT.BK,17.5,17.700000762939453,17.200000762939453,17.299999237060547,16.27260398864746,30452700.0
2020-11-05,MINT.BK,17.5,18.100000381469727,17.399999618530273,17.899999618530273,16.836971282958984,68481700.0
2020-11-06,MINT.BK,18.100000381469727,18.200000762939453,17.799999237060547,17.899999618530273,16.836971282958984,33862600.0
2020-11-09,MINT.BK,18.200000762939453,19.0,18.0,18.299999237060547,17.213218688964844,63878200.0
2020-11-10,MINT.BK,22.799999237060547,23.600000381469727,21.600000381469727,23.100000381469727,21.728160858154297,411238400.0
2020-11-11,MINT.BK,23.0,23.200000762939453,22.299999237060547,22.799999237060547,21.44597816467285,143832800.0
2020-11-12,MINT.BK,22.700000762939453,23.600000381469727,22.200000762939453,23.399999618530273,22.010345458984375,156691600.0
2020-11-13,MINT.BK,22.899999618530273,23.5,22.799999237060547,23.200000762939453,21.822223663330078,73387400.0
2020-11-16,MINT.BK,23.5,24.700000762939453,23.299999237060547,24.200000762939453,22.76283836364746,139675400.0
2020-11-17,MINT.BK,24.799999237060547,25.25,23.600000381469727,23.700000762939453,22.292530059814453,160140500.0
2020-11-18,MINT.BK,23.799999237060547,24.299999237060547,23.600000381469727,24.200000762939453,22.76283836364746,91771500.0
2020-11-19,MINT.BK,24.100000381469727,24.700000762939453,24.0,24.399999618530273,22.950956344604492,78038800.0
2020-11-20,MINT.BK,24.299999237060547,24.600000381469727,24.100000381469727,24.299999237060547,22.856895446777344,54993500.0
2020-11-23,MINT.BK,24.200000762939453,25.25,24.100000381469727,24.299999237060547,22.856895446777344,122312800.0
2020-11-24,MINT.BK,24.5,24.799999237060547,24.200000762939453,24.200000762939453,22.76283836364746,78383900.0
2020-11-25,MINT.BK,24.600000381469727,25.25,24.299999237060547,24.600000381469727,23.13907814025879,111004900.0
2020-11-26,MINT.BK,24.799999237060547,25.75,24.700000762939453,25.5,23.985631942749023,83101500.0
2020-11-27,MINT.BK,25.25,26.0,25.0,25.5,23.985631942749023,49136100.0
2020-11-30,MINT.BK,25.25,25.75,24.700000762939453,24.799999237060547,23.32720375061035,77080300.0
2020-12-01,MINT.BK,25.25,25.75,25.0,25.5,23.985631942749023,36075600.0
2020-12-02,MINT.BK,25.25,26.5,24.899999618530273,26.0,24.4559383392334,71070100.0
2020-12-03,MINT.BK,26.0,26.5,25.75,26.25,24.691089630126953,24229100.0
2020-12-04,MINT.BK,26.5,26.5,25.75,26.25,24.691089630126953,29483200.0
2020-12-08,MINT.BK,26.25,28.0,26.0,28.0,26.33716583251953,51130900.0
2020-12-09,MINT.BK,28.25,29.5,27.75,28.0,26.33716583251953,44864400.0
2020-12-14,MINT.BK,28.5,28.75,26.75,27.5,25.866857528686523,38564700.0
2020-12-15,MINT.BK,27.5,27.5,26.5,27.0,25.39655113220215,34512600.0
2020-12-16,MINT.BK,27.0,27.75,26.75,27.75,26.102012634277344,40309400.0
2020-12-17,MINT.BK,27.5,28.0,27.25,27.5,25.866857528686523,26244600.0
2020-12-18,MINT.BK,27.5,27.75,26.75,26.75,25.16139793395996,51834700.0
2020-12-21,MINT.BK,25.0,26.0,24.899999618530273,25.0,23.51532554626465,83032000.0
2020-12-22,MINT.BK,25.25,25.75,24.899999618530273,25.25,23.750476837158203,39826000.0
2020-12-23,MINT.BK,25.25,25.5,24.700000762939453,24.799999237060547,23.32720375061035,37879200.0
2020-12-24,MINT.BK,25.0,25.75,24.299999237060547,25.5,23.985631942749023,37268100.0
2020-12-25,MINT.BK,25.5,26.0,25.0,26.0,24.4559383392334,22006400.0
2020-12-28,MINT.BK,26.25,26.25,25.0,25.0,23.51532554626465,17468600.0
2020-12-29,MINT.BK,25.25,25.75,25.0,25.75,24.22078514099121,22222200.0
2020-12-30,MINT.BK,25.75,26.0,25.25,25.75,24.22078514099121,20956400.0
2021-01-04,MINT.BK,25.0,27.25,24.799999237060547,27.25,25.6317081451416,34436200.0
2021-01-05,MINT.BK,27.25,27.25,26.0,27.0,25.39655113220215,31171900.0
2021-01-06,MINT.BK,27.0,27.0,25.75,25.75,24.22078514099121,33666900.0
2021-01-07,MINT.BK,26.0,26.5,25.5,25.75,24.22078514099121,32524000.0
2021-01-08,MINT.BK,26.0,26.25,25.0,25.5,23.985631942749023,28432600.0
2021-01-11,MINT.BK,25.75,26.5,25.5,26.5,24.926244735717773,20113400.0
2021-01-12,MINT.BK,26.5,26.5,25.5,26.25,24.691089630126953,12782900.0
2021-01-13,MINT.BK,26.25,26.5,25.75,26.0,24.4559383392334,14965800.0
2021-01-14,MINT.BK,26.25,26.25,25.5,25.5,23.985631942749023,19461800.0
2021-01-15,MINT.BK,25.75,26.0,25.0,25.25,23.750476837158203,12654000.0
2021-01-18,MINT.BK,25.25,25.5,25.0,25.5,23.985631942749023,11593800.0
2021-01-19,MINT.BK,25.75,25.75,25.0,25.5,23.985631942749023,14374000.0
2021-01-20,MINT.BK,25.5,26.5,25.0,26.5,24.926244735717773,27561400.0
2021-01-21,MINT.BK,27.0,27.5,26.5,27.25,25.6317081451416,46840000.0
2021-01-22,MINT.BK,27.25,27.25,26.0,26.25,24.691089630126953,26925300.0
2021-01-25,MINT.BK,26.0,26.25,25.25,25.75,24.22078514099121,21544900.0
2021-01-26,MINT.BK,25.5,26.5,25.25,26.25,24.691089630126953,20486900.0
2021-01-27,MINT.BK,26.25,26.5,25.5,25.5,23.985631942749023,17428300.0
2021-01-28,MINT.BK,25.0,25.75,24.899999618530273,25.0,23.51532554626465,26030100.0
2021-01-29,MINT.BK,25.25,25.5,24.399999618530273,24.799999237060547,23.32720375061035,39216100.0
2021-02-01,MINT.BK,24.899999618530273,25.5,24.399999618530273,25.0,23.51532554626465,27222500.0
2021-02-02,MINT.BK,25.5,25.75,25.25,25.5,23.985631942749023,10555100.0
2021-02-03,MINT.BK,25.75,28.0,25.5,26.25,24.691089630126953,63574300.0
2021-02-04,MINT.BK,26.25,27.0,26.0,26.5,24.926244735717773,31427000.0
2021-02-05,MINT.BK,26.75,28.0,26.75,28.0,26.33716583251953,47420200.0
2021-02-08,MINT.BK,28.5,30.0,28.25,30.0,28.2183895111084,54592300.0
2021-02-09,MINT.BK,30.0,30.0,28.25,29.25,27.51293182373047,37716300.0
2021-02-10,MINT.BK,30.0,31.25,29.0,29.5,27.74808692932129,47378300.0
2021-02-11,MINT.BK,29.0,29.25,28.75,29.0,27.27777862548828,16117300.0
2021-02-15,MINT.BK,29.25,29.5,28.25,28.75,27.042625427246094,21141200.0
2021-02-16,MINT.BK,29.25,30.0,29.0,29.25,27.51293182373047,26263100.0
2021-02-17,MINT.BK,29.25,29.5,28.75,29.0,27.27777862548828,12713600.0
2021-02-18,MINT.BK,29.25,29.75,29.0,29.5,27.74808692932129,25713800.0
2021-02-19,MINT.BK,29.25,29.75,28.75,29.25,27.51293182373047,21474500.0
2021-02-22,MINT.BK,29.75,30.25,28.5,29.0,27.27777862548828,25185000.0
2021-02-23,MINT.BK,29.5,31.75,29.25,31.0,29.15900421142578,78156000.0
2021-02-24,MINT.BK,31.25,31.75,29.5,30.5,28.688695907592773,56644100.0
2021-02-25,MINT.BK,31.0,31.25,30.25,30.25,28.45354461669922,42489100.0
2021-03-01,MINT.BK,30.0,31.0,29.75,30.25,28.45354461669922,22885100.0
2021-03-02,MINT.BK,30.25,31.0,29.75,30.0,28.2183895111084,19070800.0
2021-03-03,MINT.BK,30.5,30.75,30.0,30.75,28.923851013183594,30831900.0
2021-03-04,MINT.BK,30.75,31.25,30.0,30.25,28.45354461669922,34253500.0
2021-03-05,MINT.BK,30.0,31.0,30.0,30.5,28.688695907592773,18151100.0
2021-03-08,MINT.BK,31.0,31.0,30.0,30.0,28.2183895111084,17802500.0
2021-03-09,MINT.BK,30.5,31.0,30.0,30.75,28.923851013183594,24940400.0
2021-03-10,MINT.BK,30.75,31.25,30.0,30.75,28.923851013183594,29545000.0
2021-03-11,MINT.BK,31.0,32.0,30.5,31.0,29.15900421142578,36101200.0
2021-03-12,MINT.BK,31.0,31.25,30.0,30.25,28.45354461669922,25443700.0
2021-03-15,MINT.BK,30.25,30.5,29.75,30.0,28.2183895111084,22776200.0
2021-03-16,MINT.BK,30.5,31.25,30.0,30.75,28.923851013183594,22273100.0
2021-03-17,MINT.BK,30.75,31.25,30.5,30.5,28.688695907592773,7416100.0
2021-03-18,MINT.BK,31.0,31.5,30.5,30.5,28.688695907592773,12880900.0
2021-03-19,MINT.BK,30.5,31.0,30.5,31.0,29.15900421142578,11740900.0
2021-03-22,MINT.BK,31.25,32.25,30.75,32.0,30.09961700439453,32845300.0
2021-03-23,MINT.BK,32.5,32.75,32.0,32.25,30.334768295288086,22622100.0
2021-03-24,MINT.BK,31.75,32.0,31.25,31.5,29.629310607910156,25769900.0
2021-03-25,MINT.BK,31.75,32.0,31.5,31.75,29.864465713500977,12357600.0
2021-03-26,MINT.BK,32.0,32.75,31.75,32.5,30.569921493530273,20358200.0
2021-03-29,MINT.BK,32.75,33.25,32.25,32.5,30.569921493530273,22220200.0
2021-03-30,MINT.BK,32.75,33.0,32.25,32.25,30.334768295288086,14486500.0
2021-03-31,MINT.BK,32.5,32.5,31.75,32.5,30.569921493530273,9876300.0
2021-04-01,MINT.BK,32.5,32.75,32.0,32.0,30.09961700439453,13551700.0
2021-04-02,MINT.BK,32.0,33.0,32.0,32.25,30.334768295288086,25030300.0
2021-04-05,MINT.BK,32.5,32.5,30.75,31.0,29.15900421142578,25364600.0
2021-04-07,MINT.BK,30.5,31.0,29.5,31.0,29.15900421142578,40913400.0
2021-04-08,MINT.BK,31.0,31.0,29.75,30.75,28.923851013183594,36040700.0
2021-04-09,MINT.BK,30.5,31.0,30.0,30.75,28.923851013183594,12255000.0
2021-04-12,MINT.BK,30.25,30.75,30.0,30.25,28.45354461669922,17233100.0
2021-04-16,MINT.BK,30.25,30.75,30.0,30.25,28.45354461669922,10736800.0
2021-04-19,MINT.BK,30.5,31.25,30.25,31.25,29.39415740966797,11173600.0
2021-04-20,MINT.BK,31.0,31.5,30.5,30.75,28.923851013183594,12994900.0
2021-04-21,MINT.BK,30.5,30.75,29.5,30.0,28.2183895111084,26806900.0
2021-04-22,MINT.BK,30.0,30.75,29.75,30.25,28.45354461669922,19943000.0
2021-04-23,MINT.BK,29.75,30.5,28.75,28.75,27.042625427246094,30946800.0
2021-04-26,MINT.BK,29.0,30.0,28.5,29.75,27.98323631286621,29289700.0
2021-04-27,MINT.BK,30.0,30.25,29.5,30.0,28.2183895111084,17554600.0
2021-04-28,MINT.BK,30.25,30.75,30.0,30.5,28.688695907592773,10038700.0
2021-04-29,MINT.BK,31.0,31.5,30.25,30.5,28.688695907592773,20256600.0
2021-04-30,MINT.BK,30.5,30.5,29.75,30.0,28.2183895111084,15623500.0
2021-05-05,MINT.BK,29.75,30.25,28.5,29.0,27.27777862548828,30088500.0
2021-05-06,MINT.BK,28.75,30.0,28.75,29.75,27.98323631286621,17027800.0
2021-05-07,MINT.BK,29.75,30.0,29.0,29.25,27.51293182373047,16446900.0
2021-05-10,MINT.BK,29.5,30.0,29.0,29.5,27.74808692932129,11611800.0
2021-05-11,MINT.BK,29.25,29.25,28.5,29.0,27.27777862548828,17373100.0
2021-05-12,MINT.BK,29.0,29.0,27.75,28.25,26.572317123413086,16417500.0
2021-05-13,MINT.BK,28.0,29.0,27.75,28.5,26.807472229003906,25358700.0
2021-05-14,MINT.BK,28.75,29.75,28.25,29.5,27.74808692932129,23425700.0
2021-05-17,MINT.BK,29.75,30.25,28.75,29.75,27.98323631286621,20217400.0
2021-05-18,MINT.BK,30.5,31.5,30.0,31.5,29.629310607910156,42522500.0
2021-05-19,MINT.BK,31.5,31.75,30.75,31.5,29.629310607910156,20639100.0
2021-05-20,MINT.BK,31.5,31.75,31.0,31.5,29.629310607910156,15775500.0
2021-05-21,MINT.BK,31.75,31.75,30.75,31.0,29.15900421142578,23541800.0
2021-05-24,MINT.BK,30.75,31.0,30.25,30.5,28.688695907592773,18789600.0
2021-05-25,MINT.BK,30.75,31.25,30.5,31.0,29.15900421142578,12625500.0
2021-05-27,MINT.BK,31.25,32.0,30.75,32.0,30.09961700439453,46116500.0
2021-05-28,MINT.BK,32.25,32.5,31.5,31.5,29.629310607910156,9663200.0
2021-05-31,MINT.BK,31.5,32.0,31.5,32.0,30.09961700439453,8108500.0
2021-06-01,MINT.BK,32.5,32.75,31.75,32.25,30.334768295288086,17096100.0
2021-06-02,MINT.BK,32.25,32.5,31.75,32.25,30.334768295288086,10385700.0
2021-06-04,MINT.BK,32.25,33.0,32.0,32.25,30.334768295288086,26520100.0
2021-06-07,MINT.BK,32.75,33.0,32.25,32.5,30.569921493530273,11383300.0
2021-06-08,MINT.BK,32.75,33.0,32.25,32.75,30.805078506469727,9294800.0
2021-06-09,MINT.BK,33.0,33.75,32.75,33.5,31.510536193847656,19154400.0
2021-06-10,MINT.BK,33.5,33.75,32.75,33.0,31.04022979736328,10180900.0
2021-06-11,MINT.BK,33.25,33.5,32.75,33.0,31.04022979736328,12474000.0
2021-06-14,MINT.BK,33.25,33.25,32.5,32.75,30.805078506469727,6268400.0
2021-06-15,MINT.BK,33.0,33.0,32.5,33.0,31.04022979736328,5910600.0
2021-06-16,MINT.BK,33.0,33.25,32.0,33.0,31.04022979736328,14942000.0
2021-06-17,MINT.BK,32.75,33.5,32.75,33.0,31.04022979736328,7725700.0
2021-06-18,MINT.BK,32.75,33.0,31.5,31.75,29.864465713500977,41190200.0
2021-06-21,MINT.BK,31.25,32.25,31.25,32.0,30.09961700439453,7327500.0
2021-06-22,MINT.BK,32.0,32.0,31.5,31.75,29.864465713500977,6609000.0
2021-06-23,MINT.BK,31.75,31.75,30.5,30.75,28.923851013183594,22049700.0
2021-06-24,MINT.BK,30.75,31.0,30.0,30.75,28.923851013183594,19796100.0
2021-06-25,MINT.BK,30.75,31.0,30.0,30.25,28.45354461669922,14678600.0
2021-06-28,MINT.BK,30.0,30.75,29.75,30.5,28.688695907592773,13438900.0
2021-06-29,MINT.BK,30.5,30.5,29.25,30.0,28.2183895111084,22745600.0
2021-06-30,MINT.BK,30.0,30.25,29.75,30.0,28.2183895111084,11402100.0
2021-07-01,MINT.BK,30.25,30.75,29.75,30.25,28.45354461669922,14448400.0
2021-07-02,MINT.BK,30.0,30.25,29.25,29.75,27.98323631286621,22421100.0
2021-07-05,MINT.BK,29.5,29.75,29.0,29.25,27.51293182373047,14056900.0
2021-07-06,MINT.BK,29.5,30.25,29.25,30.0,28.2183895111084,16266400.0
2021-07-07,MINT.BK,29.75,30.25,29.25,30.0,28.2183895111084,11320600.0
2021-07-08,MINT.BK,29.5,29.5,28.75,29.25,27.51293182373047,19982000.0
2021-07-09,MINT.BK,29.25,29.5,28.75,29.25,27.51293182373047,18092400.0
2021-07-12,MINT.BK,29.0,30.0,28.75,29.5,27.74808692932129,11559100.0
2021-07-13,MINT.BK,29.5,30.0,29.25,29.5,27.74808692932129,13357600.0
2021-07-14,MINT.BK,29.25,29.75,29.0,29.75,27.98323631286621,11368500.0
2021-07-15,MINT.BK,29.5,29.75,29.25,29.25,27.51293182373047,5344700.0
2021-07-16,MINT.BK,29.5,30.0,29.0,30.0,28.2183895111084,9361200.0
2021-07-19,MINT.BK,29.5,29.5,28.75,29.0,27.27777862548828,11035200.0
2021-07-20,MINT.BK,28.75,28.75,27.25,27.75,26.102012634277344,39667800.0
2021-07-21,MINT.BK,27.75,28.5,27.75,28.25,26.572317123413086,14152700.0
2021-07-22,MINT.BK,28.25,29.5,28.25,29.25,27.51293182373047,12833100.0
2021-07-23,MINT.BK,29.25,29.5,28.25,29.0,27.27777862548828,9033100.0
2021-07-27,MINT.BK,29.0,29.25,28.5,29.25,27.51293182373047,14044000.0
2021-07-29,MINT.BK,29.25,30.25,28.75,29.75,27.98323631286621,20281300.0
2021-07-30,MINT.BK,29.75,30.25,29.25,29.75,27.98323631286621,24751600.0
2021-08-02,MINT.BK,30.25,30.25,29.5,30.0,28.2183895111084,11054900.0
2021-08-03,MINT.BK,29.75,30.75,29.75,30.5,28.688695907592773,13680500.0
2021-08-04,MINT.BK,30.5,30.75,30.0,30.25,28.45354461669922,7521100.0
2021-08-05,MINT.BK,30.5,30.5,29.0,29.25,27.51293182373047,14098500.0
2021-08-06,MINT.BK,29.5,29.75,28.5,29.25,27.51293182373047,11600400.0
2021-08-09,MINT.BK,29.25,30.25,29.0,29.75,27.98323631286621,11612700.0
2021-08-10,MINT.BK,29.75,30.25,29.5,29.75,27.98323631286621,5639300.0
2021-08-11,MINT.BK,30.0,30.25,29.5,29.75,27.98323631286621,9149400.0
2021-08-13,MINT.BK,29.5,30.25,29.5,29.75,27.98323631286621,7726700.0
2021-08-16,MINT.BK,30.25,31.5,29.75,30.75,28.923851013183594,21494700.0
2021-08-17,MINT.BK,30.75,31.25,30.75,30.75,28.923851013183594,15449500.0
2021-08-18,MINT.BK,31.0,32.25,30.75,31.5,29.629310607910156,33054200.0
2021-08-19,MINT.BK,31.75,32.75,31.5,32.25,30.334768295288086,24012900.0
2021-08-20,MINT.BK,32.25,32.5,31.75,32.0,30.09961700439453,12681300.0
2021-08-23,MINT.BK,32.5,33.0,32.25,32.75,30.805078506469727,22742200.0
2021-08-24,MINT.BK,32.75,33.0,32.0,32.5,30.569921493530273,10784700.0
2021-08-25,MINT.BK,32.25,32.75,32.25,32.5,30.569921493530273,7924500.0
2021-08-26,MINT.BK,32.5,33.0,32.5,32.5,30.569921493530273,9625000.0
2021-08-27,MINT.BK,32.75,33.0,32.25,32.5,30.569921493530273,11716500.0
2021-08-30,MINT.BK,32.75,33.25,32.5,33.25,31.27538299560547,18598800.0
2021-08-31,MINT.BK,33.25,33.5,32.75,32.75,30.805078506469727,24056400.0
2021-09-01,MINT.BK,33.0,33.25,32.25,32.75,30.805078506469727,12178300.0
2021-09-02,MINT.BK,32.75,33.0,31.75,32.5,30.569921493530273,21912300.0
2021-09-03,MINT.BK,32.5,32.75,32.0,32.5,30.569921493530273,11109600.0
2021-09-06,MINT.BK,32.5,32.75,31.75,32.0,30.09961700439453,7722300.0
2021-09-07,MINT.BK,32.25,32.75,31.75,32.0,30.09961700439453,9198600.0
2021-09-08,MINT.BK,32.0,32.5,31.5,32.25,30.334768295288086,8281400.0
2021-09-09,MINT.BK,32.25,32.25,31.25,31.75,29.864465713500977,14739200.0
2021-09-10,MINT.BK,31.75,32.0,31.0,31.75,29.864465713500977,9575600.0
2021-09-13,MINT.BK,31.75,33.0,31.5,32.75,30.805078506469727,17017800.0
2021-09-14,MINT.BK,32.75,33.0,32.5,33.0,31.04022979736328,9742000.0
2021-09-15,MINT.BK,33.0,33.25,32.5,33.0,31.04022979736328,9023200.0
2021-09-16,MINT.BK,33.25,33.5,32.75,33.0,31.04022979736328,12339000.0
2021-09-17,MINT.BK,33.0,33.25,32.0,32.0,30.09961700439453,22505200.0
2021-09-20,MINT.BK,31.75,32.5,31.75,32.0,30.09961700439453,8461600.0
2021-09-21,MINT.BK,32.25,32.75,32.0,32.25,30.334768295288086,11809000.0
2021-09-22,MINT.BK,32.5,33.0,32.5,32.5,30.569921493530273,7374500.0
2021-09-23,MINT.BK,32.75,33.5,32.25,32.75,30.805078506469727,24719100.0
2021-09-27,MINT.BK,32.75,33.0,32.0,32.5,30.569921493530273,9089100.0
2021-09-28,MINT.BK,32.5,32.75,32.25,32.25,30.334768295288086,8955200.0
2021-09-29,MINT.BK,32.25,32.5,31.5,32.0,30.09961700439453,14503900.0
2021-09-30,MINT.BK,31.75,32.5,31.0,31.5,29.629310607910156,27472700.0
2021-10-01,MINT.BK,31.75,31.75,31.0,31.25,29.39415740966797,13149800.0
2021-10-04,MINT.BK,32.5,34.0,32.0,32.5,30.569921493530273,45717500.0
2021-10-05,MINT.BK,32.25,33.0,32.0,32.75,30.805078506469727,15888800.0
2021-10-06,MINT.BK,32.75,32.75,32.0,32.25,30.334768295288086,16742900.0
2021-10-07,MINT.BK,32.25,33.25,32.25,33.0,31.04022979736328,22172600.0
2021-10-08,MINT.BK,33.25,34.0,32.75,33.75,31.745689392089844,22930900.0
2021-10-11,MINT.BK,34.0,34.0,33.0,33.25,31.27538299560547,14339300.0
2021-10-12,MINT.BK,34.25,34.75,33.25,33.75,31.745689392089844,33840900.0
2021-10-14,MINT.BK,34.0,34.0,33.25,33.75,31.745689392089844,13484100.0
2021-10-15,MINT.BK,33.75,34.0,32.75,33.5,31.510536193847656,21515700.0
2021-10-18,MINT.BK,33.5,33.75,32.75,33.0,31.04022979736328,14212700.0
2021-10-19,MINT.BK,33.0,33.25,32.75,33.0,31.04022979736328,10783800.0
2021-10-20,MINT.BK,33.25,33.5,32.75,33.25,31.27538299560547,12295300.0
2021-10-21,MINT.BK,33.5,33.75,33.0,33.5,31.510536193847656,8073500.0
2021-10-25,MINT.BK,33.5,33.5,32.5,32.75,30.805078506469727,16090700.0
2021-10-26,MINT.BK,32.5,33.0,32.0,32.5,30.569921493530273,11164900.0
2021-10-27,MINT.BK,32.25,32.75,32.25,32.5,30.569921493530273,9181400.0
2021-10-28,MINT.BK,32.5,32.75,32.25,32.25,30.334768295288086,8523200.0
2021-10-29,MINT.BK,32.25,32.75,32.25,32.75,30.805078506469727,3967200.0
2021-11-01,MINT.BK,33.25,33.25,32.25,32.25,30.334768295288086,10753500.0
2021-11-02,MINT.BK,32.5,33.25,32.0,33.0,31.04022979736328,14931400.0
2021-11-03,MINT.BK,33.0,33.0,32.5,33.0,31.04022979736328,6406100.0
2021-11-04,MINT.BK,33.0,33.25,32.75,32.75,30.805078506469727,2930700.0
2021-11-05,MINT.BK,33.0,33.25,32.75,33.25,31.27538299560547,3720900.0
2021-11-08,MINT.BK,33.75,34.25,33.75,34.0,31.9808406829834,15943500.0
2021-11-09,MINT.BK,34.0,34.25,33.75,34.0,31.9808406829834,13696700.0
2021-11-10,MINT.BK,33.75,34.0,33.5,34.0,31.9808406829834,4244200.0
2021-11-11,MINT.BK,34.0,34.0,33.5,33.75,31.745689392089844,2987500.0
2021-11-12,MINT.BK,33.75,33.75,32.5,33.25,31.27538299560547,20857100.0
2021-11-15,MINT.BK,33.25,33.5,32.0,32.5,30.569921493530273,13001100.0
2021-11-16,MINT.BK,32.5,33.5,32.5,32.75,30.805078506469727,14831100.0
2021-11-17,MINT.BK,33.0,33.25,32.5,33.0,31.04022979736328,10287300.0
2021-11-18,MINT.BK,33.25,33.5,32.75,33.25,31.27538299560547,6882300.0
2021-11-19,MINT.BK,33.25,33.25,32.25,32.75,30.805078506469727,13532400.0
2021-11-22,MINT.BK,32.25,32.5,31.75,31.75,29.864465713500977,19101200.0
2021-11-23,MINT.BK,31.75,32.0,31.0,31.5,29.629310607910156,21860300.0
2021-11-24,MINT.BK,31.25,31.5,31.0,31.25,29.39415740966797,16056300.0
2021-11-25,MINT.BK,31.25,31.25,30.5,30.75,28.923851013183594,18790000.0
2021-11-26,MINT.BK,30.25,30.5,29.0,29.25,27.51293182373047,50295200.0
2021-11-29,MINT.BK,29.25,29.5,28.0,28.25,26.572317123413086,58101600.0
2021-11-30,MINT.BK,28.75,29.25,27.25,27.25,25.6317081451416,68848700.0
2021-12-01,MINT.BK,28.0,28.25,27.0,28.0,26.33716583251953,35901900.0
2021-12-02,MINT.BK,27.75,28.0,27.0,27.75,26.102012634277344,27750600.0
2021-12-03,MINT.BK,28.0,28.25,27.25,27.75,26.102012634277344,20145600.0
2021-12-07,MINT.BK,28.75,29.5,28.25,29.25,27.51293182373047,58130600.0
2021-12-08,MINT.BK,29.25,29.75,28.75,29.0,27.27777862548828,25352100.0
2021-12-09,MINT.BK,29.25,29.25,28.5,29.0,27.27777862548828,12053900.0
2021-12-13,MINT.BK,29.25,29.5,28.75,29.25,27.51293182373047,12982700.0
2021-12-14,MINT.BK,29.0,29.5,28.5,29.5,27.74808692932129,23690500.0
2021-12-15,MINT.BK,29.5,29.75,29.0,29.5,27.74808692932129,12016400.0
2021-12-16,MINT.BK,29.5,29.75,29.0,29.75,27.98323631286621,18689300.0
2021-12-17,MINT.BK,29.5,29.5,28.75,29.5,27.74808692932129,16899100.0
2021-12-20,MINT.BK,29.0,29.0,27.75,28.0,26.33716583251953,42653800.0
2021-12-21,MINT.BK,28.0,28.5,27.75,28.0,26.33716583251953,13577400.0
2021-12-22,MINT.BK,28.0,28.5,27.75,27.75,26.102012634277344,14244400.0
2021-12-23,MINT.BK,28.0,28.5,28.0,28.25,26.572317123413086,13380700.0
2021-12-24,MINT.BK,28.5,28.75,28.0,28.25,26.572317123413086,6946400.0
2021-12-27,MINT.BK,28.5,28.5,28.0,28.25,26.572317123413086,8749600.0
2021-12-28,MINT.BK,28.5,28.75,28.25,28.5,26.807472229003906,8606100.0
2021-12-29,MINT.BK,28.5,29.0,28.5,28.5,26.807472229003906,12310200.0
2021-12-30,MINT.BK,28.75,28.75,28.25,28.75,27.042625427246094,9030300.0
2022-01-04,MINT.BK,29.0,30.25,28.75,29.75,27.98323631286621,33652900.0
2022-01-05,MINT.BK,29.75,30.0,29.25,29.75,27.98323631286621,12115000.0
2022-01-06,MINT.BK,29.75,29.75,28.5,28.5,26.807472229003906,26253800.0
2022-01-07,MINT.BK,28.5,29.0,28.5,28.75,27.042625427246094,13795200.0
2022-01-10,MINT.BK,28.75,29.0,28.25,29.0,27.27777862548828,12688700.0
2022-01-11,MINT.BK,29.25,29.25,28.5,28.75,27.042625427246094,8547100.0
2022-01-12,MINT.BK,28.5,29.25,28.5,29.0,27.27777862548828,15898300.0
2022-01-13,MINT.BK,29.0,29.5,28.75,29.0,27.27777862548828,11946300.0
2022-01-14,MINT.BK,29.0,29.75,28.75,29.5,27.74808692932129,20871500.0
2022-01-17,MINT.BK,29.75,30.0,29.25,29.5,27.74808692932129,14316000.0
2022-01-18,MINT.BK,30.0,30.5,29.5,29.5,27.74808692932129,26024600.0
2022-01-19,MINT.BK,29.5,30.0,29.0,30.0,28.2183895111084,14786000.0
2022-01-20,MINT.BK,30.25,31.0,30.0,30.75,28.923851013183594,35752300.0
2022-01-21,MINT.BK,31.0,31.25,30.25,30.75,28.923851013183594,20565600.0
2022-01-24,MINT.BK,31.0,31.0,30.25,30.5,28.688695907592773,9915600.0
2022-01-25,MINT.BK,30.5,30.5,29.5,30.5,28.688695907592773,18038500.0
2022-01-26,MINT.BK,30.75,30.75,29.75,30.5,28.688695907592773,16881500.0
2022-01-27,MINT.BK,30.0,30.25,29.5,30.25,28.45354461669922,16314000.0
2022-01-28,MINT.BK,30.0,30.5,30.0,30.25,28.45354461669922,13715700.0
2022-01-31,MINT.BK,30.75,31.5,30.5,30.5,28.688695907592773,17962500.0
2022-02-01,MINT.BK,31.25,31.25,30.75,30.75,28.923851013183594,10889000.0
2022-02-02,MINT.BK,30.75,31.0,30.25,30.5,28.688695907592773,10535100.0
2022-02-03,MINT.BK,30.5,30.75,30.25,30.25,28.45354461669922,10293100.0
2022-02-04,MINT.BK,30.5,31.0,30.5,30.5,28.688695907592773,7308100.0
2022-02-07,MINT.BK,30.5,31.0,30.25,30.75,28.923851013183594,8716400.0
2022-02-08,MINT.BK,30.75,31.5,30.5,31.5,29.629310607910156,22341500.0
2022-02-09,MINT.BK,31.75,32.25,31.5,32.0,30.09961700439453,22038500.0
2022-02-10,MINT.BK,32.5,32.5,31.75,32.5,30.569921493530273,17398000.0
2022-02-11,MINT.BK,32.0,32.75,32.0,32.5,30.569921493530273,16884100.0
2022-02-14,MINT.BK,32.0,32.25,31.25,31.75,29.864465713500977,25963600.0
2022-02-15,MINT.BK,31.75,32.5,31.75,32.25,30.334768295288086,15754400.0
2022-02-17,MINT.BK,32.25,33.0,32.25,32.75,30.805078506469727,19832300.0
2022-02-18,MINT.BK,32.75,33.0,32.25,32.75,30.805078506469727,11100000.0
2022-02-21,MINT.BK,32.5,32.75,32.0,32.0,30.09961700439453,11229000.0
2022-02-22,MINT.BK,31.25,31.75,30.5,31.0,29.15900421142578,37441100.0
2022-02-23,MINT.BK,31.0,31.75,30.5,31.25,29.39415740966797,24805900.0
2022-02-24,MINT.BK,30.75,31.0,29.75,30.25,28.45354461669922,34798900.0
2022-02-25,MINT.BK,30.5,30.75,30.0,30.25,28.45354461669922,18319500.0
2022-02-28,MINT.BK,31.0,31.25,30.25,30.75,28.923851013183594,35679100.0
2022-03-01,MINT.BK,31.25,31.75,31.0,31.25,29.39415740966797,16763600.0
2022-03-02,MINT.BK,31.0,31.5,30.5,31.25,29.39415740966797,14836400.0
2022-03-03,MINT.BK,31.25,32.25,31.25,31.75,29.864465713500977,12603400.0
2022-03-04,MINT.BK,31.75,31.75,30.5,30.5,28.688695907592773,20797200.0
2022-03-07,MINT.BK,27.75,29.75,27.5,29.25,27.51293182373047,45197200.0
2022-03-08,MINT.BK,29.25,29.75,28.5,29.5,27.74808692932129,38159600.0
2022-03-09,MINT.BK,29.5,30.5,29.25,30.0,28.2183895111084,29757800.0
2022-03-10,MINT.BK,30.5,31.25,30.25,30.75,28.923851013183594,24334700.0
2022-03-11,MINT.BK,30.75,31.5,30.5,31.0,29.15900421142578,12959400.0
2022-03-14,MINT.BK,30.5,31.25,30.25,30.75,28.923851013183594,11019600.0
2022-03-15,MINT.BK,31.0,31.25,30.5,30.75,28.923851013183594,10544600.0
2022-03-16,MINT.BK,31.0,31.75,30.75,31.25,29.39415740966797,14177300.0
2022-03-17,MINT.BK,32.0,32.25,31.5,31.75,29.864465713500977,16753500.0
2022-03-18,MINT.BK,31.75,32.25,31.75,31.75,29.864465713500977,21090800.0
2022-03-21,MINT.BK,32.0,32.5,31.5,31.75,29.864465713500977,17485900.0
2022-03-22,MINT.BK,32.0,32.25,31.5,32.0,30.09961700439453,17731100.0
2022-03-23,MINT.BK,32.0,32.25,31.25,31.5,29.629310607910156,17319000.0
2022-03-24,MINT.BK,31.0,32.0,30.75,31.75,29.864465713500977,16147600.0
2022-03-25,MINT.BK,31.75,32.0,31.25,31.75,29.864465713500977,9789000.0
2022-03-28,MINT.BK,31.5,32.5,31.5,32.25,30.334768295288086,16222800.0
2022-03-29,MINT.BK,32.5,33.0,32.25,32.5,30.569921493530273,22650500.0
2022-03-30,MINT.BK,33.0,33.25,32.5,32.75,30.805078506469727,37105200.0
2022-03-31,MINT.BK,33.25,33.5,32.75,33.5,31.510536193847656,31156400.0
2022-04-01,MINT.BK,34.0,34.0,33.25,34.0,31.9808406829834,26446600.0
2022-04-04,MINT.BK,34.25,34.5,33.75,34.25,32.215999603271484,25313500.0
2022-04-05,MINT.BK,34.5,34.5,34.0,34.25,32.215999603271484,11051400.0
2022-04-07,MINT.BK,34.25,34.5,33.25,34.0,31.9808406829834,22312100.0
2022-04-08,MINT.BK,34.25,34.75,34.0,34.5,32.45115280151367,29040000.0
2022-04-11,MINT.BK,34.5,34.5,34.0,34.25,32.215999603271484,17240700.0
2022-04-12,MINT.BK,33.5,34.75,33.5,34.5,32.45115280151367,13064400.0
2022-04-18,MINT.BK,34.5,35.25,34.25,34.75,32.686302185058594,20436400.0
2022-04-19,MINT.BK,35.0,35.25,34.5,34.75,32.686302185058594,17609800.0
2022-04-20,MINT.BK,35.0,35.0,34.5,34.5,32.45115280151367,16285600.0
2022-04-21,MINT.BK,34.5,35.0,34.5,34.75,32.686302185058594,15609500.0
2022-04-22,MINT.BK,34.5,35.75,34.25,35.25,33.1566047668457,26593000.0
2022-04-25,MINT.BK,35.25,35.25,34.5,34.5,32.45115280151367,11392000.0
2022-04-26,MINT.BK,35.0,36.0,34.75,36.0,33.8620719909668,30929400.0
2022-04-27,MINT.BK,35.75,35.75,35.0,35.5,33.391761779785156,20330000.0
2022-04-28,MINT.BK,35.5,36.25,35.25,36.0,33.8620719909668,24547800.0
2022-04-29,MINT.BK,36.25,36.25,35.0,35.0,32.92146301269531,16525900.0
2022-05-03,MINT.BK,35.25,35.75,35.0,35.25,33.1566047668457,15171500.0
2022-05-05,MINT.BK,35.5,35.75,34.0,34.25,32.215999603271484,12673500.0
2022-05-06,MINT.BK,33.75,34.5,33.5,34.0,31.9808406829834,16720400.0
2022-05-09,MINT.BK,34.0,34.5,33.5,33.75,31.745689392089844,8906500.0
2022-05-10,MINT.BK,33.75,34.25,33.0,33.5,31.510536193847656,21182800.0
2022-05-11,MINT.BK,33.75,33.75,33.0,33.25,31.27538299560547,13261400.0
2022-05-12,MINT.BK,33.25,33.75,32.25,32.5,30.569921493530273,19080600.0
2022-05-13,MINT.BK,33.0,33.5,31.5,32.0,30.09961700439453,30906800.0
2022-05-17,MINT.BK,32.0,33.25,32.0,33.0,31.04022979736328,19794900.0
2022-05-18,MINT.BK,33.5,33.75,32.5,33.0,31.04022979736328,19256900.0
2022-05-19,MINT.BK,32.5,33.25,32.25,33.0,31.04022979736328,12145500.0
2022-05-20,MINT.BK,33.75,34.0,33.25,33.75,31.745689392089844,17585000.0
2022-05-23,MINT.BK,34.0,34.5,33.75,34.25,32.215999603271484,16465200.0
2022-05-24,MINT.BK,34.25,34.5,33.25,33.75,31.745689392089844,21156600.0
2022-05-25,MINT.BK,33.75,34.25,33.5,33.75,31.745689392089844,10912300.0
2022-05-26,MINT.BK,34.0,34.5,33.75,34.25,32.215999603271484,16434700.0
2022-05-27,MINT.BK,34.75,35.0,34.25,34.75,32.686302185058594,17501600.0
2022-05-30,MINT.BK,35.25,35.5,34.75,34.75,32.686302185058594,18148000.0
2022-05-31,MINT.BK,34.75,35.0,34.25,35.0,32.92146301269531,33781000.0
2022-06-01,MINT.BK,35.25,35.25,34.5,35.0,32.92146301269531,7655200.0
2022-06-02,MINT.BK,35.0,35.0,34.0,34.25,32.215999603271484,15433500.0
2022-06-06,MINT.BK,34.5,35.0,34.25,34.75,32.686302185058594,12701000.0
2022-06-07,MINT.BK,34.75,34.75,34.25,34.5,32.45115280151367,11865500.0
2022-06-08,MINT.BK,34.75,35.0,34.5,34.5,32.45115280151367,5916100.0
2022-06-09,MINT.BK,34.5,35.5,34.5,34.75,32.686302185058594,23963500.0
2022-06-10,MINT.BK,34.75,35.75,34.75,35.25,33.1566047668457,15404000.0
2022-06-13,MINT.BK,34.5,35.0,34.25,34.5,32.45115280151367,9441800.0
2022-06-14,MINT.BK,34.5,34.5,33.75,34.0,31.9808406829834,19593900.0
2022-06-15,MINT.BK,34.0,34.25,33.5,33.5,31.510536193847656,11400200.0
2022-06-16,MINT.BK,33.75,34.25,32.75,32.75,30.805078506469727,19544600.0
2022-06-17,MINT.BK,32.75,33.5,32.75,32.75,30.805078506469727,27687000.0
2022-06-20,MINT.BK,32.75,34.0,32.75,33.5,31.510536193847656,14378400.0
2022-06-21,MINT.BK,34.25,34.75,34.0,34.5,32.45115280151367,12912300.0
2022-06-22,MINT.BK,34.25,34.5,33.5,34.25,32.215999603271484,11278800.0
2022-06-23,MINT.BK,34.25,34.5,33.75,33.75,31.745689392089844,11503200.0
2022-06-24,MINT.BK,34.5,34.5,33.5,34.0,31.9808406829834,11023300.0
2022-06-27,MINT.BK,34.25,34.5,33.25,33.5,31.510536193847656,10011100.0
2022-06-28,MINT.BK,33.5,34.5,33.5,34.25,32.215999603271484,15025300.0
2022-06-29,MINT.BK,34.0,34.25,33.75,34.25,32.215999603271484,8641600.0
2022-06-30,MINT.BK,34.25,34.5,33.75,34.0,31.9808406829834,15280500.0
2022-07-01,MINT.BK,34.5,34.5,33.5,34.0,31.9808406829834,6698000.0
2022-07-04,MINT.BK,33.75,34.0,32.75,33.0,31.04022979736328,9636500.0
2022-07-05,MINT.BK,33.25,33.5,32.25,32.5,30.569921493530273,17104100.0
2022-07-06,MINT.BK,32.5,33.75,32.5,33.5,31.510536193847656,25316600.0
2022-07-07,MINT.BK,33.75,34.0,33.25,34.0,31.9808406829834,9283800.0
2022-07-08,MINT.BK,34.0,34.0,33.0,33.5,31.510536193847656,7818800.0
2022-07-11,MINT.BK,33.5,33.75,32.5,32.5,30.569921493530273,14060300.0
2022-07-12,MINT.BK,32.5,33.0,32.5,32.75,30.805078506469727,9175000.0
2022-07-14,MINT.BK,32.75,33.0,32.25,32.5,30.569921493530273,7836100.0
2022-07-15,MINT.BK,32.5,32.75,31.75,32.25,30.334768295288086,17498000.0
2022-07-18,MINT.BK,32.5,33.5,32.25,33.0,31.04022979736328,14839500.0
2022-07-19,MINT.BK,33.0,33.25,32.75,33.25,31.27538299560547,12075900.0
2022-07-20,MINT.BK,33.5,34.0,33.0,33.25,31.27538299560547,13505500.0
2022-07-21,MINT.BK,33.25,33.75,33.0,33.25,31.27538299560547,13420600.0
2022-07-22,MINT.BK,33.25,33.75,33.25,33.25,31.27538299560547,6280100.0
2022-07-25,MINT.BK,33.25,33.75,33.25,33.5,31.510536193847656,4816900.0
2022-07-26,MINT.BK,33.25,33.5,32.5,32.5,30.569921493530273,16343100.0
2022-07-27,MINT.BK,32.5,33.5,32.5,33.5,31.510536193847656,13568800.0
2022-08-01,MINT.BK,34.25,34.5,33.75,33.75,31.745689392089844,16858800.0
2022-08-02,MINT.BK,33.75,34.0,33.25,33.75,31.745689392089844,5747200.0
2022-08-03,MINT.BK,33.5,34.0,33.5,34.0,31.9808406829834,3306100.0
2022-08-04,MINT.BK,34.25,34.25,33.25,33.75,31.745689392089844,16382200.0
2022-08-05,MINT.BK,34.0,34.0,33.0,33.5,31.510536193847656,11301400.0
2022-08-08,MINT.BK,33.5,34.0,33.0,34.0,31.9808406829834,12809100.0
2022-08-09,MINT.BK,34.0,34.5,33.75,34.0,31.9808406829834,15533700.0
2022-08-10,MINT.BK,34.0,34.0,33.5,34.0,31.9808406829834,13404100.0
2022-08-11,MINT.BK,34.25,34.5,33.5,34.0,31.9808406829834,23802800.0
2022-08-15,MINT.BK,33.75,34.25,33.75,34.0,31.9808406829834,15085000.0
2022-08-16,MINT.BK,34.0,34.25,33.5,33.75,31.745689392089844,11045000.0
2022-08-17,MINT.BK,34.0,34.25,33.75,34.0,31.9808406829834,19289900.0
2022-08-18,MINT.BK,33.75,34.0,33.25,33.5,31.510536193847656,10788000.0
2022-08-19,MINT.BK,33.5,33.75,33.0,33.5,31.510536193847656,16998300.0
2022-08-22,MINT.BK,33.25,33.5,32.75,33.0,31.04022979736328,18063600.0
2022-08-23,MINT.BK,32.75,33.5,32.5,33.25,31.27538299560547,17941500.0
2022-08-24,MINT.BK,33.25,33.25,32.75,33.25,31.27538299560547,12122900.0
2022-08-25,MINT.BK,33.25,33.5,33.0,33.0,31.04022979736328,8198100.0
2022-08-26,MINT.BK,33.0,33.5,32.75,33.0,31.04022979736328,13849900.0
2022-08-29,MINT.BK,32.25,32.5,31.5,32.0,30.09961700439453,43141900.0
2022-08-30,MINT.BK,32.0,32.75,32.0,32.5,30.569921493530273,26052100.0
2022-08-31,MINT.BK,32.5,32.75,32.25,32.75,30.805078506469727,17225200.0
2022-09-01,MINT.BK,32.75,32.75,31.75,32.25,30.334768295288086,30447800.0
2022-09-02,MINT.BK,32.25,32.25,31.75,32.25,30.334768295288086,15895100.0
2022-09-05,MINT.BK,32.0,32.0,30.5,31.0,29.15900421142578,43704700.0
2022-09-06,MINT.BK,31.0,31.25,30.5,30.5,28.688695907592773,20915600.0
2022-09-07,MINT.BK,30.5,31.0,30.5,31.0,29.15900421142578,22032100.0
2022-09-08,MINT.BK,31.0,31.0,30.0,30.0,28.2183895111084,26723900.0
2022-09-09,MINT.BK,30.25,30.5,30.0,30.25,28.45354461669922,19365700.0
2022-09-12,MINT.BK,30.25,31.0,30.25,30.5,28.688695907592773,25829100.0
2022-09-13,MINT.BK,30.5,30.75,30.25,30.25,28.45354461669922,24271000.0
2022-09-14,MINT.BK,30.0,30.0,29.5,29.75,27.98323631286621,39173100.0
2022-09-15,MINT.BK,27.5,28.25,27.25,28.25,26.572317123413086,100613500.0
2022-09-16,MINT.BK,28.0,28.5,27.25,27.5,25.866857528686523,102933700.0
2022-09-19,MINT.BK,27.5,28.0,27.25,27.5,25.866857528686523,26933900.0
2022-09-20,MINT.BK,27.75,28.75,27.75,28.25,26.572317123413086,46190000.0
2022-09-21,MINT.BK,28.25,28.75,28.0,28.0,26.33716583251953,27739500.0
2022-09-22,MINT.BK,28.0,28.5,27.75,28.0,26.33716583251953,28069900.0
2022-09-23,MINT.BK,28.25,28.5,27.75,28.25,26.572317123413086,19541300.0
2022-09-26,MINT.BK,27.75,28.0,27.25,27.75,26.102012634277344,30592700.0
2022-09-27,MINT.BK,27.75,28.0,27.5,27.75,26.102012634277344,16673800.0
2022-09-28,MINT.BK,27.5,27.75,27.25,27.25,25.6317081451416,18069500.0
2022-09-29,MINT.BK,27.5,27.75,26.0,26.0,24.4559383392334,60800600.0
2022-09-30,MINT.BK,26.0,27.25,25.75,26.5,24.926244735717773,22171400.0
2022-10-03,MINT.BK,27.0,27.5,26.0,26.25,24.691089630126953,37765700.0
2022-10-04,MINT.BK,26.75,27.25,26.5,26.75,25.16139793395996,26281900.0
2022-10-05,MINT.BK,27.5,28.0,27.5,27.5,25.866857528686523,33065100.0
2022-10-06,MINT.BK,27.75,28.0,27.5,27.5,25.866857528686523,17239600.0
2022-10-07,MINT.BK,27.25,27.5,26.5,27.0,25.39655113220215,23564500.0
2022-10-10,MINT.BK,26.75,26.75,25.75,26.0,24.4559383392334,35333100.0
2022-10-11,MINT.BK,25.75,26.0,25.25,25.5,23.985631942749023,28986200.0
2022-10-12,MINT.BK,25.5,25.5,24.899999618530273,25.0,23.51532554626465,33180900.0
2022-10-17,MINT.BK,25.0,25.0,24.100000381469727,24.5,23.045019149780273,74837800.0
2022-10-18,MINT.BK,25.0,27.0,24.899999618530273,26.25,24.691089630126953,70650600.0
2022-10-19,MINT.BK,26.25,26.75,26.0,26.5,24.926244735717773,29229100.0
2022-10-20,MINT.BK,26.25,27.25,26.0,27.0,25.39655113220215,35413800.0
2022-10-21,MINT.BK,27.0,27.0,26.5,26.75,25.16139793395996,15707000.0
2022-10-25,MINT.BK,27.5,27.5,26.5,27.0,25.39655113220215,34984800.0
2022-10-26,MINT.BK,27.5,28.5,27.5,28.25,26.572317123413086,55620700.0
2022-10-27,MINT.BK,28.5,28.75,28.25,28.75,27.042625427246094,24399800.0
2022-10-28,MINT.BK,28.75,28.75,28.0,28.5,26.807472229003906,22451000.0
2022-10-31,MINT.BK,28.75,29.0,28.0,28.25,26.572317123413086,22251600.0
2022-11-01,MINT.BK,28.75,28.75,28.25,28.75,27.042625427246094,17245200.0
2022-11-02,MINT.BK,28.75,29.0,28.5,28.75,27.042625427246094,19936600.0
2022-11-03,MINT.BK,28.5,28.75,28.25,28.5,26.807472229003906,20768400.0
2022-11-04,MINT.BK,28.75,29.5,28.5,29.0,27.27777862548828,32097700.0
2022-11-07,MINT.BK,29.0,29.25,28.75,28.75,27.042625427246094,17668600.0
2022-11-08,MINT.BK,29.0,29.75,28.75,29.25,27.51293182373047,33945700.0
2022-11-09,MINT.BK,29.5,29.5,28.0,29.0,27.27777862548828,40354500.0
2022-11-10,MINT.BK,29.0,30.75,28.75,29.75,27.98323631286621,69035900.0
2022-11-11,MINT.BK,30.5,31.5,30.5,31.25,29.39415740966797,83948100.0
2022-11-14,MINT.BK,31.25,31.5,30.5,31.0,29.15900421142578,31194100.0
2022-11-15,MINT.BK,31.0,31.5,30.75,31.0,29.15900421142578,20264100.0
2022-11-16,MINT.BK,31.0,31.25,30.25,30.75,28.923851013183594,21099100.0
2022-11-17,MINT.BK,30.75,30.75,30.25,30.5,28.688695907592773,17294300.0
2022-11-18,MINT.BK,31.0,31.0,30.0,30.25,28.45354461669922,17104400.0
2022-11-21,MINT.BK,30.25,30.5,29.75,30.25,28.45354461669922,10460200.0
2022-11-22,MINT.BK,30.5,30.75,30.25,30.25,28.45354461669922,13217000.0
2022-11-23,MINT.BK,30.25,30.5,30.0,30.0,28.2183895111084,16402800.0
2022-11-24,MINT.BK,30.0,30.5,29.75,30.25,28.45354461669922,14916800.0
2022-11-25,MINT.BK,30.0,30.25,29.5,30.0,28.2183895111084,18127800.0
2022-11-28,MINT.BK,30.0,30.0,29.75,29.75,27.98323631286621,5230000.0
2022-11-29,MINT.BK,29.75,30.75,29.75,30.25,28.45354461669922,16537600.0
2022-11-30,MINT.BK,30.5,30.75,30.25,30.75,28.923851013183594,33360000.0
2022-12-01,MINT.BK,31.0,31.25,30.5,30.75,28.923851013183594,33159700.0
2022-12-02,MINT.BK,30.75,31.0,30.5,30.75,28.923851013183594,16387000.0
2022-12-06,MINT.BK,31.0,31.0,30.25,30.25,28.45354461669922,18832600.0
2022-12-07,MINT.BK,30.25,30.75,30.0,30.25,28.45354461669922,15025200.0
2022-12-08,MINT.BK,30.5,30.75,30.25,30.75,28.923851013183594,23299100.0
2022-12-09,MINT.BK,30.75,31.0,30.5,30.75,28.923851013183594,9955300.0
2022-12-13,MINT.BK,30.75,31.25,30.75,31.0,29.15900421142578,20253000.0
2022-12-14,MINT.BK,31.0,31.5,30.75,31.5,29.629310607910156,18075500.0
2022-12-15,MINT.BK,31.5,31.5,30.75,31.25,29.39415740966797,24171700.0
2022-12-16,MINT.BK,31.0,31.75,30.5,31.75,29.864465713500977,31815600.0
2022-12-19,MINT.BK,31.5,31.75,30.75,31.25,29.39415740966797,11391400.0
2022-12-20,MINT.BK,31.5,31.5,30.75,31.25,29.39415740966797,18154300.0
2022-12-21,MINT.BK,31.25,31.75,31.0,31.5,29.629310607910156,14318300.0
2022-12-22,MINT.BK,31.5,31.5,31.25,31.5,29.629310607910156,4682200.0
2022-12-23,MINT.BK,31.25,31.75,31.25,31.25,29.39415740966797,12508600.0
2022-12-26,MINT.BK,31.5,31.75,31.25,31.5,29.629310607910156,7776500.0
2022-12-27,MINT.BK,32.0,32.25,31.75,32.25,30.334768295288086,42769800.0
2022-12-28,MINT.BK,32.5,32.75,32.25,32.5,30.569921493530273,24683800.0
2022-12-29,MINT.BK,32.5,32.75,32.25,32.75,30.805078506469727,17857800.0
2022-12-30,MINT.BK,33.0,33.0,32.25,32.25,30.334768295288086,17139200.0
2023-01-03,MINT.BK,32.25,33.0,32.0,32.5,30.569921493530273,21343800.0
2023-01-04,MINT.BK,32.5,33.0,32.25,32.75,30.805078506469727,16492700.0
2023-01-05,MINT.BK,33.0,33.5,32.75,33.25,31.27538299560547,47037000.0
2023-01-06,MINT.BK,33.5,34.0,33.25,33.5,31.510536193847656,27176800.0
2023-01-09,MINT.BK,33.5,34.0,33.5,33.5,31.510536193847656,33875500.0
2023-01-10,MINT.BK,33.5,34.25,33.25,33.75,31.745689392089844,36386100.0
2023-01-11,MINT.BK,33.75,34.25,33.75,33.75,31.745689392089844,33342500.0
2023-01-12,MINT.BK,34.0,34.25,33.5,34.0,31.9808406829834,31972200.0
2023-01-13,MINT.BK,34.25,34.25,33.5,34.0,31.9808406829834,22472200.0
2023-01-16,MINT.BK,34.0,34.0,33.5,33.75,31.745689392089844,19531400.0
2023-01-17,MINT.BK,33.5,33.75,32.75,32.75,30.805078506469727,33663900.0
2023-01-18,MINT.BK,32.75,33.25,32.25,32.75,30.805078506469727,39742000.0
2023-01-19,MINT.BK,32.75,33.25,32.5,33.0,31.04022979736328,27410600.0
2023-01-20,MINT.BK,33.0,33.25,32.25,32.5,30.569921493530273,31054500.0
2023-01-23,MINT.BK,32.5,32.75,32.25,32.5,30.569921493530273,24478800.0
2023-01-24,MINT.BK,32.5,33.75,32.25,33.25,31.27538299560547,45295900.0
2023-01-25,MINT.BK,33.5,34.25,33.25,33.75,31.745689392089844,42065900.0
2023-01-26,MINT.BK,34.0,34.25,33.75,34.0,31.9808406829834,15396900.0
2023-01-27,MINT.BK,34.0,34.25,33.75,34.0,31.9808406829834,24617800.0
2023-01-30,MINT.BK,33.75,34.0,33.5,33.75,31.745689392089844,9987200.0
2023-01-31,MINT.BK,33.5,33.75,33.0,33.25,31.27538299560547,22703100.0
2023-02-01,MINT.BK,33.5,33.5,32.75,33.25,31.27538299560547,13297400.0
2023-02-02,MINT.BK,33.0,33.75,33.0,33.5,31.510536193847656,25703200.0
2023-02-03,MINT.BK,33.75,34.0,33.25,33.75,31.745689392089844,21649700.0
2023-02-06,MINT.BK,33.5,33.75,33.25,33.5,31.510536193847656,10723500.0
2023-02-07,MINT.BK,33.5,33.75,33.0,33.25,31.27538299560547,26087400.0
2023-02-08,MINT.BK,33.25,33.75,33.0,33.5,31.510536193847656,16397900.0
2023-02-09,MINT.BK,33.5,34.0,33.25,33.75,31.745689392089844,19809900.0
2023-02-10,MINT.BK,33.5,34.0,33.5,34.0,31.9808406829834,7521100.0
2023-02-13,MINT.BK,33.75,34.0,33.25,33.5,31.510536193847656,10886400.0
2023-02-14,MINT.BK,33.5,33.75,33.5,33.75,31.745689392089844,5842000.0
2023-02-15,MINT.BK,33.75,34.0,33.5,33.75,31.745689392089844,11961800.0
2023-02-16,MINT.BK,33.75,33.75,33.5,33.75,31.745689392089844,8659500.0
2023-02-17,MINT.BK,33.5,34.0,33.25,33.5,31.510536193847656,8963800.0
2023-02-20,MINT.BK,33.25,33.5,33.0,33.25,31.27538299560547,8827100.0
2023-02-21,MINT.BK,33.0,33.5,32.75,33.5,31.510536193847656,16578200.0
2023-02-22,MINT.BK,33.5,33.75,33.25,33.5,31.510536193847656,23290000.0
2023-02-23,MINT.BK,33.75,34.25,33.5,34.25,32.215999603271484,41207400.0
2023-02-24,MINT.BK,34.25,34.75,33.75,34.5,32.45115280151367,44415000.0
2023-02-27,MINT.BK,34.5,34.75,34.0,34.25,32.215999603271484,15219400.0
2023-02-28,MINT.BK,34.5,34.5,33.5,33.5,31.510536193847656,22358500.0
2023-03-01,MINT.BK,33.75,34.0,33.25,33.75,31.745689392089844,15453300.0
2023-03-02,MINT.BK,33.5,33.75,33.0,33.0,31.04022979736328,21501900.0
2023-03-03,MINT.BK,33.25,33.75,33.25,33.25,31.27538299560547,8220300.0
2023-03-07,MINT.BK,33.75,34.0,33.25,33.5,31.510536193847656,12889100.0
2023-03-08,MINT.BK,33.25,33.75,33.25,33.75,31.745689392089844,20482700.0
2023-03-09,MINT.BK,33.5,33.75,33.0,33.0,31.04022979736328,19309400.0
2023-03-10,MINT.BK,33.0,33.0,32.5,32.75,30.805078506469727,15473300.0
2023-03-13,MINT.BK,33.25,33.25,32.0,32.25,30.334768295288086,26423700.0
2023-03-14,MINT.BK,32.0,32.5,30.5,31.0,29.15900421142578,39355100.0
2023-03-15,MINT.BK,31.5,32.25,31.25,31.5,29.629310607910156,28451800.0
2023-03-16,MINT.BK,30.5,32.0,30.25,31.75,29.864465713500977,27377300.0
2023-03-17,MINT.BK,31.75,32.5,31.75,32.0,30.09961700439453,22771000.0
2023-03-20,MINT.BK,32.0,32.25,31.25,31.25,29.39415740966797,22138000.0
2023-03-21,MINT.BK,31.75,32.5,31.5,32.25,30.334768295288086,14439400.0
2023-03-22,MINT.BK,32.75,33.25,32.25,32.75,30.805078506469727,15179200.0
2023-03-23,MINT.BK,32.75,33.5,32.5,33.25,31.27538299560547,14932900.0
2023-03-24,MINT.BK,33.25,33.5,32.75,32.75,30.805078506469727,20688300.0
2023-03-27,MINT.BK,33.0,33.0,32.0,32.5,30.569921493530273,18387000.0
2023-03-28,MINT.BK,32.5,32.75,32.0,32.5,30.569921493530273,22336500.0
2023-03-29,MINT.BK,32.5,32.75,31.75,32.25,30.334768295288086,17164200.0
2023-03-30,MINT.BK,32.0,32.5,31.75,31.75,29.864465713500977,25587100.0
2023-03-31,MINT.BK,32.0,32.5,31.75,32.25,30.334768295288086,18515300.0
2023-04-03,MINT.BK,32.75,32.75,32.25,32.5,30.569921493530273,11377500.0
2023-04-04,MINT.BK,32.5,32.75,32.0,32.25,30.334768295288086,9346700.0
2023-04-05,MINT.BK,32.0,32.0,30.75,30.75,28.923851013183594,28361300.0
2023-04-07,MINT.BK,31.0,31.0,30.5,30.75,28.923851013183594,10473900.0
2023-04-10,MINT.BK,30.75,31.0,30.25,30.5,28.688695907592773,17076300.0
2023-04-11,MINT.BK,30.5,31.25,30.5,31.0,29.15900421142578,14971100.0
2023-04-12,MINT.BK,31.0,31.25,30.5,31.25,29.39415740966797,8078100.0
2023-04-17,MINT.BK,31.25,31.5,30.5,31.25,29.39415740966797,17787400.0
2023-04-18,MINT.BK,31.75,32.0,31.25,31.5,29.629310607910156,17411200.0
2023-04-19,MINT.BK,31.25,32.0,31.0,31.25,29.39415740966797,17662100.0
2023-04-20,MINT.BK,31.25,31.75,30.75,31.5,29.629310607910156,16337600.0
2023-04-21,MINT.BK,31.5,31.5,30.25,31.0,29.15900421142578,25230300.0
2023-04-24,MINT.BK,31.0,31.25,30.5,31.25,29.39415740966797,8422400.0
2023-04-25,MINT.BK,31.0,31.25,30.5,30.75,28.923851013183594,11499800.0
2023-04-26,MINT.BK,31.0,31.5,30.75,31.0,29.15900421142578,11822200.0
2023-04-27,MINT.BK,31.0,32.0,30.75,31.75,30.107263565063477,13806300.0
2023-04-28,MINT.BK,32.0,32.0,31.25,31.5,29.87019920349121,15249300.0
2023-05-02,MINT.BK,32.0,32.25,31.5,32.25,30.58139419555664,18642900.0
2023-05-03,MINT.BK,32.0,33.25,31.5,33.25,31.529651641845703,24597300.0
2023-05-08,MINT.BK,34.0,34.0,33.0,33.5,31.7667179107666,23791400.0
2023-05-09,MINT.BK,33.25,34.25,32.25,33.5,31.7667179107666,31124500.0
2023-05-10,MINT.BK,33.5,33.5,33.0,33.25,31.529651641845703,11074000.0
2023-05-11,MINT.BK,33.0,33.25,32.5,33.0,31.29258918762207,9735900.0
2023-05-12,MINT.BK,33.0,33.5,32.5,33.0,31.29258918762207,12126800.0
2023-05-15,MINT.BK,33.75,33.75,32.25,32.75,31.055526733398438,15748300.0
2023-05-16,MINT.BK,32.5,33.0,32.25,32.75,31.055526733398438,8299400.0
2023-05-17,MINT.BK,33.25,33.5,31.5,31.75,30.107263565063477,18769700.0
2023-05-18,MINT.BK,32.0,33.25,32.0,32.75,31.055526733398438,14036900.0
2023-05-19,MINT.BK,32.75,33.0,32.5,32.5,30.81845474243164,8392700.0
2023-05-22,MINT.BK,32.5,33.75,32.25,33.25,31.529651641845703,22071200.0
2023-05-23,MINT.BK,33.5,34.0,33.25,33.75,32.003787994384766,17649700.0
2023-05-24,MINT.BK,34.0,34.25,33.25,33.5,31.7667179107666,24168000.0
2023-05-25,MINT.BK,34.0,34.0,33.25,33.75,32.003787994384766,21991600.0
2023-05-26,MINT.BK,33.75,34.25,33.5,34.0,32.24085235595703,12465700.0
2023-05-29,MINT.BK,34.0,34.25,33.5,34.0,32.24085235595703,6148700.0
2023-05-30,MINT.BK,34.0,34.25,33.25,33.5,31.7667179107666,13065500.0
2023-05-31,MINT.BK,33.5,34.0,33.5,33.75,32.003787994384766,6186200.0
2023-06-01,MINT.BK,34.0,34.0,33.5,34.0,32.24085235595703,6445800.0
2023-06-02,MINT.BK,34.0,34.0,33.5,34.0,32.24085235595703,8236100.0
2023-06-06,MINT.BK,34.0,34.25,33.5,34.0,32.24085235595703,13470400.0
2023-06-07,MINT.BK,34.0,34.0,33.5,34.0,32.24085235595703,10944200.0
2023-06-08,MINT.BK,34.0,34.5,33.75,34.5,32.7149772644043,15435100.0
2023-06-09,MINT.BK,34.75,34.75,33.75,33.75,32.003787994384766,16294600.0
2023-06-12,MINT.BK,33.75,34.5,33.75,34.25,32.47791290283203,13727200.0
2023-06-13,MINT.BK,34.25,34.75,34.0,34.5,32.7149772644043,12825100.0
2023-06-14,MINT.BK,34.5,34.75,34.0,34.0,32.24085235595703,13040300.0
2023-06-15,MINT.BK,34.0,34.5,33.75,34.5,32.7149772644043,10042400.0
2023-06-16,MINT.BK,34.5,34.5,33.75,34.75,32.95204162597656,15780500.0
2023-06-19,MINT.BK,34.5,34.75,34.25,34.5,32.7149772644043,8971300.0
2023-06-20,MINT.BK,34.75,35.0,34.25,34.5,32.7149772644043,13563200.0
2023-06-21,MINT.BK,34.25,34.75,34.0,34.75,32.95204162597656,13995400.0
2023-06-22,MINT.BK,34.75,34.75,33.75,34.25,32.47791290283203,31350400.0
2023-06-23,MINT.BK,34.0,34.0,33.0,33.75,32.003787994384766,23766100.0
2023-06-26,MINT.BK,33.5,33.75,33.0,33.5,31.7667179107666,17959500.0
2023-06-27,MINT.BK,33.75,33.75,32.75,32.75,31.055526733398438,24004000.0
2023-06-28,MINT.BK,33.75,34.25,33.25,33.5,31.7667179107666,20932900.0
2023-06-29,MINT.BK,33.5,34.5,33.25,34.0,32.24085235595703,13118700.0
2023-06-30,MINT.BK,34.5,34.5,34.0,34.25,32.47791290283203,12724000.0
2023-07-03,MINT.BK,34.5,34.75,34.25,34.5,32.7149772644043,11691100.0
2023-07-04,MINT.BK,34.5,34.75,33.75,34.0,32.24085235595703,10723800.0
2023-07-05,MINT.BK,34.0,34.25,33.75,33.75,32.003787994384766,5376100.0
2023-07-06,MINT.BK,33.75,33.75,33.0,33.25,31.529651641845703,14248200.0
2023-07-07,MINT.BK,33.25,33.25,32.75,33.0,31.29258918762207,12276500.0
2023-07-10,MINT.BK,32.75,33.5,32.5,33.25,31.529651641845703,11861600.0
2023-07-11,MINT.BK,33.25,33.5,32.5,33.0,31.29258918762207,11964100.0
2023-07-12,MINT.BK,32.75,33.25,32.25,32.25,30.58139419555664,16018200.0
2023-07-13,MINT.BK,32.0,32.5,31.0,32.0,30.344329833984375,24831200.0
2023-07-14,MINT.BK,32.0,33.0,32.0,33.0,31.29258918762207,12122600.0
2023-07-17,MINT.BK,33.0,33.25,32.75,33.25,31.529651641845703,18163300.0
2023-07-18,MINT.BK,32.75,33.0,32.25,32.75,31.055526733398438,19107500.0
2023-07-19,MINT.BK,32.75,32.75,32.25,32.25,30.58139419555664,17091400.0
2023-07-20,MINT.BK,32.25,32.5,31.75,32.0,30.344329833984375,18466400.0
2023-07-21,MINT.BK,32.0,32.25,31.5,31.75,30.107263565063477,22670900.0
2023-07-24,MINT.BK,31.75,32.0,31.0,31.0,29.396066665649414,19280600.0
2023-07-25,MINT.BK,31.5,32.75,31.25,32.5,30.81845474243164,14181400.0
2023-07-26,MINT.BK,32.5,32.75,32.0,32.5,30.81845474243164,13003100.0
2023-07-27,MINT.BK,33.0,33.25,32.5,33.0,31.29258918762207,21899100.0
2023-07-31,MINT.BK,33.0,33.25,33.0,33.0,31.29258918762207,2242100.0
2023-08-02,MINT.BK,32.75,33.0,32.5,32.75,31.055526733398438,9840500.0
2023-08-03,MINT.BK,32.5,32.75,31.75,31.75,30.107263565063477,15377400.0
2023-08-04,MINT.BK,31.75,32.25,31.75,31.75,30.107263565063477,8576800.0
2023-08-07,MINT.BK,31.75,32.25,31.25,31.75,30.107263565063477,13442800.0
2023-08-08,MINT.BK,31.75,32.0,31.5,31.5,29.87019920349121,6297800.0
2023-08-09,MINT.BK,31.5,32.25,31.5,32.0,30.344329833984375,7942100.0
2023-08-10,MINT.BK,31.75,32.0,31.25,32.0,30.344329833984375,15243900.0
2023-08-11,MINT.BK,32.25,33.0,31.75,33.0,31.29258918762207,19032100.0
2023-08-15,MINT.BK,33.0,33.0,32.25,32.5,30.81845474243164,16775700.0
2023-08-16,MINT.BK,32.5,32.75,31.75,32.5,30.81845474243164,17441200.0
2023-08-17,MINT.BK,32.25,33.25,32.25,33.0,31.29258918762207,10834300.0
2023-08-18,MINT.BK,33.0,33.0,32.5,32.75,31.055526733398438,10481400.0
2023-08-21,MINT.BK,32.5,33.0,32.25,32.75,31.055526733398438,10971800.0
2023-08-22,MINT.BK,33.0,34.0,33.0,33.5,31.7667179107666,23742300.0
2023-08-23,MINT.BK,33.5,34.0,33.5,33.5,31.7667179107666,14835700.0
2023-08-24,MINT.BK,33.5,33.75,33.25,33.5,31.7667179107666,6001000.0
2023-08-25,MINT.BK,33.25,33.5,32.75,33.25,31.529651641845703,9760300.0
2023-08-28,MINT.BK,33.25,33.75,33.0,33.5,31.7667179107666,13540300.0
2023-08-29,MINT.BK,33.5,33.75,33.25,33.5,31.7667179107666,17986100.0
2023-08-30,MINT.BK,33.75,34.0,33.25,33.5,31.7667179107666,9954100.0
2023-08-31,MINT.BK,33.25,33.75,33.25,33.25,31.76671600341797,14099800.0
2023-09-01,MINT.BK,33.5,34.0,33.25,33.5,32.00556564331055,19122500.0
2023-09-04,MINT.BK,33.5,33.75,33.0,33.25,31.76671600341797,8735900.0
2023-09-05,MINT.BK,33.5,33.5,32.75,33.0,31.52787208557129,8679000.0
2023-09-06,MINT.BK,33.0,33.75,33.0,33.25,31.76671600341797,7314900.0
2023-09-07,MINT.BK,33.25,33.25,32.75,33.25,31.76671600341797,10437800.0
2023-09-08,MINT.BK,33.25,33.25,32.75,32.75,31.289026260375977,5576000.0
2023-09-11,MINT.BK,32.75,33.0,32.5,32.75,31.289026260375977,12823600.0
2023-09-12,MINT.BK,32.75,33.0,31.75,32.0,30.57248306274414,16732200.0
2023-09-13,MINT.BK,32.0,32.25,31.5,31.5,30.09478759765625,10937500.0
2023-09-14,MINT.BK,32.0,32.0,31.5,31.75,30.333633422851562,6876400.0
2023-09-15,MINT.BK,32.0,32.25,31.75,31.75,30.333633422851562,5522800.0
2023-09-18,MINT.BK,31.75,32.0,31.25,31.75,30.333633422851562,7777200.0
2023-09-19,MINT.BK,31.75,31.75,31.0,31.0,29.617090225219727,11578800.0
2023-09-20,MINT.BK,31.0,31.25,30.5,30.75,29.378244400024414,17369100.0
2023-09-21,MINT.BK,30.75,31.75,30.5,31.25,29.855939865112305,14431300.0
2023-09-22,MINT.BK,31.75,32.25,31.5,31.5,30.09478759765625,15360600.0
2023-09-25,MINT.BK,31.5,31.5,31.0,31.25,29.855939865112305,4019600.0
2023-09-26,MINT.BK,31.0,31.5,30.75,31.25,29.855939865112305,10892200.0
2023-09-27,MINT.BK,31.5,31.5,30.75,31.5,30.09478759765625,10549700.0
2023-09-28,MINT.BK,31.25,31.5,30.75,30.75,29.378244400024414,13580400.0
2023-09-29,MINT.BK,31.25,31.75,31.0,31.25,29.855939865112305,17334200.0
2023-10-02,MINT.BK,31.5,31.75,31.0,31.5,30.09478759765625,13344000.0
2023-10-03,MINT.BK,31.25,31.5,30.5,31.0,29.617090225219727,17917200.0
2023-10-04,MINT.BK,30.25,30.75,30.0,30.75,29.378244400024414,12768500.0
2023-10-05,MINT.BK,30.75,31.5,30.5,31.25,29.855939865112305,9990600.0
2023-10-06,MINT.BK,31.25,31.25,30.75,30.75,29.378244400024414,3920100.0
2023-10-09,MINT.BK,30.75,30.75,29.25,29.5,28.184005737304688,22668400.0
2023-10-10,MINT.BK,29.75,30.25,29.5,29.75,28.422855377197266,19167300.0
2023-10-11,MINT.BK,30.0,30.5,29.5,30.5,29.13939666748047,19279300.0
2023-10-12,MINT.BK,30.5,31.0,30.25,30.5,29.13939666748047,7955000.0
2023-10-16,MINT.BK,30.25,30.5,28.75,29.5,28.184005737304688,22050000.0
2023-10-17,MINT.BK,29.5,30.25,29.5,29.75,28.422855377197266,7922800.0
2023-10-18,MINT.BK,29.75,30.0,29.5,30.0,28.661701202392578,6225100.0
2023-10-19,MINT.BK,29.5,29.75,29.25,29.5,28.184005737304688,4207900.0
2023-10-20,MINT.BK,29.25,29.25,28.0,28.25,26.98976707458496,15836700.0
2023-10-24,MINT.BK,28.25,29.0,28.0,28.25,26.98976707458496,13912200.0
2023-10-25,MINT.BK,28.5,29.0,28.25,28.5,27.22861671447754,5665000.0
2023-10-26,MINT.BK,28.25,28.5,27.5,28.0,26.75092124938965,12667600.0
2023-10-27,MINT.BK,28.25,28.5,27.75,28.25,26.98976707458496,5566800.0
2023-10-30,MINT.BK,28.0,28.5,27.75,28.25,26.98976707458496,9980100.0
2023-10-31,MINT.BK,28.25,28.5,27.75,28.0,26.75092124938965,8792100.0
2023-11-01,MINT.BK,28.5,28.5,27.5,27.75,26.512073516845703,12373300.0
2023-11-02,MINT.BK,27.75,28.75,27.75,28.5,27.22861671447754,8181900.0
2023-11-03,MINT.BK,28.5,29.5,28.5,29.25,27.945158004760742,14830700.0
2023-11-06,MINT.BK,29.75,29.75,29.0,29.0,27.70631217956543,18887500.0
2023-11-07,MINT.BK,28.75,29.0,28.25,28.25,26.98976707458496,13488300.0
2023-11-08,MINT.BK,28.25,29.0,28.25,28.5,27.22861671447754,6152200.0
2023-11-09,MINT.BK,28.5,28.5,27.25,27.75,26.512073516845703,24226600.0
2023-11-10,MINT.BK,27.25,28.0,27.25,27.75,26.512073516845703,8681000.0
2023-11-13,MINT.BK,27.5,27.75,27.0,27.25,26.034378051757812,14905500.0
2023-11-14,MINT.BK,27.25,27.25,26.5,27.0,25.795530319213867,18341400.0
2023-11-15,MINT.BK,27.5,28.25,27.5,28.0,26.75092124938965,19986900.0
2023-11-16,MINT.BK,28.0,28.0,26.75,27.25,26.034378051757812,25970800.0
2023-11-17,MINT.BK,27.0,27.75,26.75,27.5,26.273225784301758,10927200.0
2023-11-20,MINT.BK,27.75,28.0,27.25,28.0,26.75092124938965,9201000.0
2023-11-21,MINT.BK,28.0,28.25,27.75,28.0,26.75092124938965,9999600.0
2023-11-22,MINT.BK,28.0,28.25,27.5,28.0,26.75092124938965,8897800.0
2023-11-23,MINT.BK,28.25,28.5,27.75,27.75,26.512073516845703,5216700.0
2023-11-24,MINT.BK,28.0,28.0,27.5,27.75,26.512073516845703,5262600.0
2023-11-27,MINT.BK,27.75,27.75,27.0,27.5,26.273225784301758,12209200.0
2023-11-28,MINT.BK,27.5,27.75,26.75,27.25,26.034378051757812,13557700.0
2023-11-29,MINT.BK,27.5,27.5,26.75,27.0,25.795530319213867,12620600.0
2023-11-30,MINT.BK,27.0,27.5,26.75,27.25,26.034378051757812,22505000.0
2023-12-01,MINT.BK,27.75,27.75,27.0,27.25,26.034378051757812,8198400.0
2023-12-04,MINT.BK,27.0,27.25,26.5,26.75,25.556684494018555,11264400.0
2023-12-06,MINT.BK,26.75,27.25,26.5,27.25,26.034378051757812,6197300.0
2023-12-07,MINT.BK,27.0,27.5,26.75,27.5,26.273225784301758,9858300.0
2023-12-08,MINT.BK,27.5,27.5,26.5,27.25,26.034378051757812,13005500.0
2023-12-12,MINT.BK,27.25,27.5,26.0,26.5,25.317834854125977,15815200.0
2023-12-13,MINT.BK,26.5,26.5,25.75,26.5,25.317834854125977,12996200.0
2023-12-14,MINT.BK,26.75,27.5,26.5,27.0,25.795530319213867,15117100.0
2023-12-15,MINT.BK,27.25,28.0,27.0,27.5,26.273225784301758,28175200.0
2023-12-18,MINT.BK,27.5,27.5,27.0,27.25,26.034378051757812,10645000.0
2023-12-19,MINT.BK,27.0,27.25,26.75,27.0,25.795530319213867,10449100.0
2023-12-20,MINT.BK,27.25,27.75,27.25,27.25,26.034378051757812,12209300.0
2023-12-21,MINT.BK,27.25,27.5,26.75,27.25,26.034378051757812,11425000.0
2023-12-22,MINT.BK,27.5,27.5,26.75,27.0,25.795530319213867,11445500.0
2023-12-25,MINT.BK,27.0,27.25,26.75,27.25,26.034378051757812,2316900.0
2023-12-26,MINT.BK,27.25,29.0,27.0,28.75,27.46746253967285,28112700.0
2023-12-27,MINT.BK,29.25,30.0,28.75,29.25,27.945158004760742,27425400.0
2023-12-28,MINT.BK,29.0,30.0,29.0,29.5,28.184005737304688,17367800.0
2024-01-03,MINT.BK,29.5,29.75,29.0,29.25,27.945158004760742,18647700.0
2024-01-04,MINT.BK,29.0,29.5,29.0,29.5,28.184005737304688,9695100.0
2024-01-05,MINT.BK,29.25,29.5,29.0,29.25,27.945158004760742,6289200.0
2024-01-08,MINT.BK,29.25,29.5,28.75,29.0,27.70631217956543,9092400.0
2024-01-09,MINT.BK,29.0,29.25,28.0,28.25,26.98976707458496,29815100.0
2024-01-10,MINT.BK,28.25,28.25,27.5,27.75,26.512073516845703,24538100.0
2024-01-11,MINT.BK,27.75,28.0,27.5,27.5,26.273225784301758,8284800.0
2024-01-12,MINT.BK,27.75,28.25,27.75,28.25,26.98976707458496,43414200.0
2024-01-15,MINT.BK,28.25,28.25,28.0,28.25,26.98976707458496,6680600.0
2024-01-16,MINT.BK,28.0,28.25,27.75,27.75,26.512073516845703,7950200.0
2024-01-17,MINT.BK,27.75,28.25,27.5,27.75,26.512073516845703,20685300.0
2024-01-18,MINT.BK,27.75,27.75,26.75,27.0,25.795530319213867,20445900.0
2024-01-19,MINT.BK,27.25,27.75,27.25,27.5,26.273225784301758,8741100.0
2024-01-22,MINT.BK,27.5,27.75,27.0,27.5,26.273225784301758,7929800.0
2024-01-23,MINT.BK,27.75,28.25,27.5,27.75,26.512073516845703,26068600.0
2024-01-24,MINT.BK,28.25,29.25,28.0,29.0,27.70631217956543,37102800.0
2024-01-25,MINT.BK,29.25,29.75,29.0,29.5,28.184005737304688,24288200.0
2024-01-26,MINT.BK,29.75,29.75,29.25,29.25,27.945158004760742,14500500.0
2024-01-29,MINT.BK,29.75,30.5,29.5,30.25,28.900548934936523,30533100.0
2024-01-30,MINT.BK,30.0,30.5,29.75,30.25,28.900548934936523,20866000.0
2024-01-31,MINT.BK,30.25,30.5,29.75,30.5,29.13939666748047,19229700.0
2024-02-01,MINT.BK,30.75,31.0,30.25,30.5,29.13939666748047,22759600.0
2024-02-02,MINT.BK,30.5,31.0,30.5,30.75,29.378244400024414,6326200.0
2024-02-05,MINT.BK,30.75,31.0,30.5,30.5,29.13939666748047,12583200.0
2024-02-06,MINT.BK,30.5,31.0,30.25,30.75,29.378244400024414,16449500.0
2024-02-07,MINT.BK,30.75,31.0,30.5,30.75,29.378244400024414,6427200.0
2024-02-08,MINT.BK,31.0,31.25,30.75,31.0,29.617090225219727,27631300.0
2024-02-09,MINT.BK,30.75,31.25,30.25,30.5,29.13939666748047,33140200.0
2024-02-12,MINT.BK,30.5,30.5,29.75,30.0,28.661701202392578,20897100.0
2024-02-13,MINT.BK,29.75,31.0,29.75,30.75,29.378244400024414,15146200.0
2024-02-14,MINT.BK,30.5,30.75,30.0,30.75,29.378244400024414,9449000.0
2024-02-15,MINT.BK,30.75,31.25,30.5,31.25,29.855939865112305,9129300.0
2024-02-16,MINT.BK,31.5,31.5,30.75,31.0,29.617090225219727,8301900.0
2024-02-19,MINT.BK,30.75,30.75,30.5,30.75,29.378244400024414,3905800.0
2024-02-20,MINT.BK,30.5,31.0,30.0,31.0,29.617090225219727,19295300.0
2024-02-21,MINT.BK,31.0,31.0,30.5,30.75,29.378244400024414,17691700.0
2024-02-22,MINT.BK,30.75,31.25,30.75,31.0,29.617090225219727,20006700.0
2024-02-23,MINT.BK,31.25,32.0,31.0,31.75,30.333633422851562,27564600.0
2024-02-27,MINT.BK,32.0,32.0,31.5,32.0,30.57248306274414,15162800.0
2024-02-28,MINT.BK,32.0,32.0,31.5,32.0,30.57248306274414,13928000.0
2024-02-29,MINT.BK,31.75,32.0,31.5,31.75,30.333633422851562,23544100.0
2024-03-01,MINT.BK,32.0,32.5,31.75,32.0,30.57248306274414,16980400.0
2024-03-04,MINT.BK,32.0,32.75,31.5,32.0,30.57248306274414,20903000.0
2024-03-05,MINT.BK,32.0,32.25,31.5,32.25,30.811328887939453,16793800.0
2024-03-06,MINT.BK,32.0,32.5,32.0,32.0,30.57248306274414,8600000.0
2024-03-07,MINT.BK,32.0,32.25,31.5,32.0,30.57248306274414,7287500.0
2024-03-08,MINT.BK,32.0,32.75,31.75,32.75,31.289026260375977,9844500.0
2024-03-11,MINT.BK,33.0,33.0,32.25,32.25,30.811328887939453,10281400.0
2024-03-12,MINT.BK,32.25,32.25,32.25,32.25,30.811328887939453,0.0
2024-03-13,MINT.BK,32.25,32.75,32.0,32.5,31.050172805786133,6876400.0
2024-03-14,MINT.BK,32.5,33.5,32.5,33.5,32.00556564331055,14368800.0
2024-03-15,MINT.BK,33.5,33.5,33.5,33.5,32.00556564331055,0.0
2024-03-18,MINT.BK,33.0,33.25,32.5,33.0,31.52787208557129,13640800.0
2024-03-19,MINT.BK,32.75,33.0,32.75,33.0,31.52787208557129,2766400.0
2024-03-20,MINT.BK,33.0,33.0,33.0,33.0,31.52787208557129,0.0
2024-03-21,MINT.BK,33.5,34.0,33.25,33.25,31.76671600341797,19918200.0
2024-03-22,MINT.BK,33.25,33.25,33.25,33.25,31.76671600341797,0.0
2024-03-25,MINT.BK,33.5,33.5,32.5,32.75,31.289026260375977,17274100.0
2024-03-26,MINT.BK,32.75,32.75,32.75,32.75,31.289026260375977,0.0
2024-03-27,MINT.BK,32.5,33.5,32.5,33.0,31.52787208557129,6336800.0
2024-03-28,MINT.BK,33.0,33.0,33.0,33.0,31.52787208557129,0.0
2024-03-29,MINT.BK,33.0,33.25,32.75,33.25,31.76671600341797,5281000.0
2024-04-01,MINT.BK,33.5,33.75,33.0,33.0,31.52787208557129,3459800.0
2024-04-02,MINT.BK,33.0,33.25,32.25,32.75,31.289026260375977,20874600.0
2024-04-03,MINT.BK,32.5,33.25,32.5,32.75,31.289026260375977,9757000.0
2024-04-04,MINT.BK,32.75,32.75,32.75,32.75,31.289026260375977,0.0
2024-04-05,MINT.BK,33.25,33.5,33.0,33.0,31.52787208557129,6289200.0
2024-04-09,MINT.BK,33.0,33.0,33.0,33.0,31.52787208557129,0.0
2024-04-10,MINT.BK,33.75,33.75,32.75,33.0,31.52787208557129,13443300.0
2024-04-11,MINT.BK,33.0,33.25,32.5,33.0,31.52787208557129,10288900.0
2024-04-17,MINT.BK,33.0,33.25,31.5,31.75,30.333633422851562,38436000.0
2024-04-18,MINT.BK,31.75,31.75,31.75,31.75,30.333633422851562,0.0
2024-04-19,MINT.BK,31.75,31.75,31.75,31.75,30.333633422851562,0.0
2024-04-22,MINT.BK,31.75,32.0,31.25,31.75,30.333633422851562,25796500.0
2024-04-23,MINT.BK,32.25,32.75,32.0,32.5,31.050172805786133,15879500.0
2024-04-24,MINT.BK,32.5,32.5,32.5,32.5,31.050172805786133,0.0
2024-04-25,MINT.BK,33.0,33.25,32.5,33.25,31.76671600341797,17768800.0
2024-04-26,MINT.BK,33.25,33.25,33.0,33.0,31.52787208557129,14842800.0
2024-04-29,MINT.BK,33.0,33.5,33.0,33.5,32.00556564331055,17034600.0
2024-04-30,MINT.BK,33.5,33.5,33.0,33.0,31.52787208557129,13186200.0
2024-05-02,MINT.BK,33.0,33.25,32.0,32.0,30.871845245361328,19384800.0
2024-05-03,MINT.BK,32.25,32.5,32.0,32.5,31.35421371459961,9088900.0
2024-05-07,MINT.BK,32.5,32.5,32.5,32.5,31.35421371459961,0.0
2024-05-08,MINT.BK,32.75,32.75,32.0,32.5,31.35421371459961,17382900.0
2024-05-09,MINT.BK,32.5,33.25,32.5,33.25,32.07777404785156,9110200.0
2024-05-10,MINT.BK,33.0,33.0,32.25,33.0,31.836589813232422,15690500.0
2024-05-13,MINT.BK,33.0,33.25,32.75,33.25,32.07777404785156,4006400.0
2024-05-14,MINT.BK,33.0,33.75,33.0,33.25,32.07777404785156,17218500.0
2024-05-15,MINT.BK,33.75,33.75,32.5,33.5,32.31896209716797,15382200.0
2024-05-16,MINT.BK,33.5,33.5,33.5,33.5,32.31896209716797,0.0
2024-05-17,MINT.BK,32.75,33.0,32.5,33.0,31.836589813232422,17270200.0
2024-05-20,MINT.BK,33.0,33.0,33.0,33.0,31.836589813232422,0.0
2024-05-21,MINT.BK,32.25,32.25,31.5,32.0,30.871845245361328,13852300.0
2024-05-23,MINT.BK,31.75,32.0,31.25,31.5,30.38947296142578,22773100.0
2024-05-24,MINT.BK,31.5,31.5,31.5,31.5,30.38947296142578,0.0
2024-05-27,MINT.BK,31.5,31.5,31.5,31.5,30.38947296142578,0.0
2024-05-28,MINT.BK,31.75,32.5,31.25,32.25,31.11302947998047,21412900.0
2024-05-29,MINT.BK,32.0,32.25,31.0,31.25,30.148284912109375,44919400.0
2024-05-30,MINT.BK,31.25,31.25,31.25,31.25,30.148284912109375,0.0
2024-05-31,MINT.BK,31.25,31.25,31.25,31.25,30.148284912109375,0.0
2024-06-04,MINT.BK,31.0,31.25,30.5,30.5,29.424726486206055,13774200.0
2024-06-05,MINT.BK,30.75,31.25,30.0,31.0,29.9070987701416,19002200.0
2024-06-06,MINT.BK,31.0,31.25,30.5,30.75,29.665912628173828,8678600.0
2024-06-07,MINT.BK,30.75,30.75,30.75,30.75,29.665912628173828,0.0
2024-06-10,MINT.BK,30.75,30.75,29.75,30.0,28.942352294921875,13815800.0
2024-06-11,MINT.BK,30.0,30.25,29.5,30.0,28.942352294921875,20556700.0
2024-06-12,MINT.BK,30.0,30.25,29.5,30.25,29.183542251586914,10389800.0
2024-06-13,MINT.BK,30.5,30.75,29.75,30.25,29.183542251586914,14848700.0
2024-06-14,MINT.BK,30.0,30.5,28.75,29.75,28.701168060302734,36025600.0
2024-06-17,MINT.BK,29.75,29.75,29.75,29.75,28.701168060302734,0.0
2024-06-18,MINT.BK,29.75,29.75,29.75,29.75,28.701168060302734,0.0
2024-06-19,MINT.BK,29.75,29.75,29.75,29.75,28.701168060302734,0.0
2024-06-20,MINT.BK,30.0,30.5,29.5,30.0,28.942352294921875,19938800.0
2024-06-21,MINT.BK,30.0,30.5,29.5,30.25,29.183542251586914,16994500.0
2024-06-24,MINT.BK,30.25,30.25,30.25,30.25,29.183542251586914,0.0
2024-06-25,MINT.BK,30.25,30.25,30.25,30.25,29.183542251586914,0.0
2024-06-26,MINT.BK,30.25,30.25,30.25,30.25,29.183542251586914,0.0
2024-06-27,MINT.BK,30.5,30.5,29.75,30.0,28.942352294921875,14494700.0
2024-06-28,MINT.BK,30.25,30.5,29.75,30.0,28.942352294921875,14052400.0
2024-07-01,MINT.BK,30.0,30.25,29.75,29.75,28.701168060302734,5402200.0
2024-07-02,MINT.BK,30.0,30.0,29.25,29.5,28.45998191833496,15217500.0
2024-07-03,MINT.BK,29.25,29.75,29.0,29.5,28.45998191833496,16782700.0
2024-07-04,MINT.BK,29.5,30.5,29.5,30.25,29.183542251586914,13736900.0
2024-07-05,MINT.BK,30.25,30.5,29.75,30.25,29.183542251586914,9330500.0
2024-07-08,MINT.BK,30.0,30.0,29.5,29.75,28.701168060302734,10682000.0
2024-07-09,MINT.BK,29.75,29.75,29.75,29.75,28.701168060302734,0.0
2024-07-10,MINT.BK,29.25,29.75,29.0,29.25,28.218795776367188,10787200.0
2024-07-11,MINT.BK,29.25,29.5,29.0,29.25,28.218795776367188,12485600.0
2024-07-12,MINT.BK,29.25,29.25,29.25,29.25,28.218795776367188,0.0
2024-07-15,MINT.BK,29.25,29.25,29.25,29.25,28.218795776367188,0.0
2024-07-16,MINT.BK,30.0,30.5,29.5,30.25,29.183542251586914,19011600.0
2024-07-17,MINT.BK,30.25,30.25,30.25,30.25,29.183542251586914,0.0
2024-07-18,MINT.BK,29.75,31.0,29.75,30.5,29.424726486206055,16477200.0
2024-07-19,MINT.BK,30.5,30.75,30.0,30.5,29.424726486206055,13572900.0
2024-07-23,MINT.BK,30.5,30.5,29.5,29.5,28.45998191833496,13278800.0
2024-07-24,MINT.BK,29.5,30.75,29.5,30.25,29.183542251586914,15920200.0
2024-07-25,MINT.BK,30.25,31.0,30.0,30.25,29.183542251586914,17205400.0
2024-07-26,MINT.BK,30.5,30.75,30.25,30.25,29.183542251586914,10488600.0
2024-07-30,MINT.BK,30.25,30.25,30.25,30.25,29.183542251586914,0.0
2024-07-31,MINT.BK,29.5,29.75,29.0,29.0,27.97760772705078,21945000.0
2024-08-01,MINT.BK,29.25,29.75,29.0,29.0,27.97760772705078,16777900.0
2024-08-02,MINT.BK,29.0,29.0,29.0,29.0,27.97760772705078,0.0
2024-08-05,MINT.BK,27.5,27.75,26.75,27.0,26.048118591308594,15580400.0
2024-08-06,MINT.BK,27.25,27.5,24.700000762939453,25.5,24.601003646850586,54300100.0
2024-08-07,MINT.BK,25.75,26.75,25.75,26.5,25.565744400024414,32006000.0
2024-08-08,MINT.BK,26.5,26.5,26.5,26.5,25.565744400024414,0.0
2024-08-09,MINT.BK,26.5,26.75,25.25,25.25,24.359813690185547,21387400.0
2024-08-13,MINT.BK,25.0,25.5,24.5,24.899999618530273,24.022153854370117,18741500.0
2024-08-14,MINT.BK,24.799999237060547,25.5,24.299999237060547,24.600000381469727,23.732730865478516,29462800.0
2024-08-15,MINT.BK,24.700000762939453,24.799999237060547,23.799999237060547,24.0,23.15388298034668,22920300.0
2024-08-16,MINT.BK,24.100000381469727,24.899999618530273,24.100000381469727,24.799999237060547,23.92568016052246,20815900.0
2024-08-19,MINT.BK,24.799999237060547,24.799999237060547,24.799999237060547,24.799999237060547,23.92568016052246,0.0
2024-08-20,MINT.BK,26.25,26.5,26.0,26.25,25.324560165405273,13769900.0
2024-08-21,MINT.BK,26.25,26.75,26.0,26.5,25.565744400024414,8297400.0
2024-08-22,MINT.BK,26.5,26.5,26.5,26.5,25.565744400024414,0.0
2024-08-23,MINT.BK,26.75,27.25,26.0,26.25,25.324560165405273,21189100.0
2024-08-26,MINT.BK,26.5,26.75,26.0,26.5,25.565744400024414,17152600.0
2024-08-27,MINT.BK,26.75,27.0,25.75,26.75,25.806934356689453,25375600.0
2024-08-28,MINT.BK,26.75,26.75,26.0,26.5,25.565744400024414,11311800.0
2024-08-29,MINT.BK,26.5,26.75,26.5,26.5,25.565744400024414,6568400.0
2024-08-30,MINT.BK,26.5,27.0,26.25,27.0,26.048118591308594,18582400.0
2024-09-02,MINT.BK,27.0,27.0,27.0,27.0,26.048118591308594,0.0
2024-09-03,MINT.BK,27.0,27.0,27.0,27.0,26.29155921936035,0.0
2024-09-04,MINT.BK,27.0,27.0,27.0,27.0,26.29155921936035,0.0
2024-09-05,MINT.BK,26.75,28.0,26.75,28.0,27.265321731567383,29825400.0
2024-09-06,MINT.BK,28.25,28.5,28.0,28.25,27.508760452270508,15799800.0
2024-09-09,MINT.BK,28.25,28.25,28.25,28.25,27.508760452270508,0.0
2024-09-10,MINT.BK,28.75,28.75,28.0,28.25,27.508760452270508,24046400.0
2024-09-11,MINT.BK,28.25,28.5,27.75,28.0,27.265321731567383,16008500.0
2024-09-12,MINT.BK,28.0,28.5,27.75,28.0,27.265321731567383,6381900.0
2024-09-13,MINT.BK,28.25,28.5,28.0,28.0,27.265321731567383,7126600.0
2024-09-16,MINT.BK,28.0,28.0,28.0,28.0,27.265321731567383,0.0
2024-09-17,MINT.BK,28.0,28.0,28.0,28.0,27.265321731567383,0.0
2024-09-18,MINT.BK,28.0,28.0,28.0,28.0,27.265321731567383,0.0
2024-09-19,MINT.BK,28.0,28.0,28.0,28.0,27.265321731567383,0.0
2024-09-20,MINT.BK,28.0,28.0,28.0,28.0,27.265321731567383,0.0
2024-09-23,MINT.BK,29.0,29.25,28.5,28.75,27.995641708374023,13750000.0
2024-09-24,MINT.BK,29.0,29.0,28.5,28.5,27.7522029876709,9297200.0
2024-09-25,MINT.BK,28.5,29.0,28.5,28.5,27.7522029876709,15775000.0
2024-09-26,MINT.BK,28.5,28.75,28.25,28.5,27.7522029876709,9738000.0
2024-09-27,MINT.BK,28.5,28.5,28.5,28.5,27.7522029876709,0.0
2024-09-30,MINT.BK,28.5,28.75,28.25,28.25,27.508760452270508,18883700.0
2024-10-01,MINT.BK,28.5,29.5,28.5,29.25,28.48252296447754,22349900.0
2024-10-02,MINT.BK,29.0,29.5,28.75,29.0,28.23908233642578,14189900.0
2024-10-03,MINT.BK,29.0,29.25,28.5,28.75,27.995641708374023,17482700.0
2024-10-04,MINT.BK,28.75,28.75,28.75,28.75,27.995641708374023,0.0
2024-10-07,MINT.BK,28.5,29.0,28.5,29.0,28.23908233642578,19695500.0
2024-10-08,MINT.BK,28.75,29.0,28.5,29.0,28.23908233642578,9015800.0
2024-10-09,MINT.BK,29.0,29.0,28.5,28.75,27.995641708374023,12131800.0
2024-10-10,MINT.BK,28.75,29.0,28.5,29.0,28.23908233642578,10345700.0
2024-10-11,MINT.BK,29.0,29.25,28.75,28.75,27.995641708374023,5904900.0
2024-10-15,MINT.BK,28.75,29.0,28.5,28.75,27.995641708374023,10292500.0
2024-10-16,MINT.BK,28.75,28.75,28.75,28.75,27.995641708374023,0.0
2024-10-17,MINT.BK,29.0,29.25,28.5,28.75,27.995641708374023,12625300.0
2024-10-18,MINT.BK,28.75,29.5,28.5,29.0,28.23908233642578,16178900.0
2024-10-21,MINT.BK,29.0,29.25,28.75,28.75,27.995641708374023,7407900.0
2024-10-22,MINT.BK,28.75,28.75,28.75,28.75,27.995641708374023,0.0
2024-10-24,MINT.BK,28.25,28.5,27.0,27.25,26.53499984741211,34957300.0
2024-10-25,MINT.BK,27.25,27.25,27.25,27.25,26.53499984741211,0.0
2024-10-28,MINT.BK,27.25,27.5,26.75,27.0,26.29155921936035,21956200.0
2024-10-29,MINT.BK,27.0,27.25,26.5,27.0,26.29155921936035,17350400.0
2024-10-30,MINT.BK,26.75,27.0,26.25,26.5,25.804677963256836,23449300.0
2024-10-31,MINT.BK,26.5,27.0,26.5,26.75,26.048120498657227,15408500.0
2024-11-01,MINT.BK,26.75,27.25,26.75,27.25,26.53499984741211,10700300.0
2024-11-04,MINT.BK,27.0,27.25,27.0,27.0,26.29155921936035,5045200.0
2024-11-05,MINT.BK,27.25,27.5,27.0,27.25,26.53499984741211,6745400.0
2024-11-06,MINT.BK,27.25,27.25,26.5,26.75,26.048120498657227,6641800.0
2024-11-07,MINT.BK,26.75,27.0,26.5,26.5,25.804677963256836,5984200.0
2024-11-08,MINT.BK,26.5,26.75,26.25,26.25,25.56123924255371,7166100.0
2024-11-11,MINT.BK,26.0,26.25,25.5,26.25,25.56123924255371,12615700.0
2024-11-12,MINT.BK,26.25,26.75,25.0,26.0,25.317798614501953,25304800.0
2024-11-13,MINT.BK,26.0,26.0,25.25,25.75,25.074357986450195,14779600.0
2024-11-14,MINT.BK,25.5,25.75,25.25,25.25,24.58747673034668,12803700.0
2024-11-15,MINT.BK,25.25,25.5,25.0,25.25,24.58747673034668,8763600.0
2024-11-18,MINT.BK,25.25,26.25,25.25,25.75,25.074357986450195,11756200.0
2024-11-19,MINT.BK,26.0,27.75,26.0,27.0,26.29155921936035,35554800.0
2024-11-20,MINT.BK,27.75,28.0,26.5,27.0,26.29155921936035,26075300.0
2024-11-21,MINT.BK,27.0,27.25,26.5,27.0,26.29155921936035,11229500.0
2024-11-22,MINT.BK,27.0,27.25,26.75,27.0,26.29155921936035,5891800.0
2024-11-25,MINT.BK,27.0,27.5,27.0,27.5,26.778440475463867,15989600.0
2024-11-26,MINT.BK,27.5,28.0,27.0,27.25,26.53499984741211,22459800.0
2024-11-27,MINT.BK,27.25,27.25,26.25,26.75,26.048120498657227,10680700.0
2024-11-28,MINT.BK,26.5,27.25,26.25,27.0,26.29155921936035,13990600.0
2024-11-29,MINT.BK,27.0,27.0,26.5,26.75,26.048120498657227,7721300.0
2024-12-02,MINT.BK,27.0,27.25,26.75,27.0,26.29155921936035,5081400.0
2024-12-03,MINT.BK,27.0,27.75,26.75,27.75,27.021881103515625,16294100.0
2024-12-04,MINT.BK,27.75,28.5,27.5,28.0,27.265321731567383,25590400.0
2024-12-06,MINT.BK,28.0,28.5,27.5,27.5,26.778440475463867,9642900.0
2024-12-09,MINT.BK,27.5,28.0,27.0,27.25,26.53499984741211,10810400.0
2024-12-11,MINT.BK,27.25,28.0,27.0,27.5,26.778440475463867,14136000.0
2024-12-12,MINT.BK,27.75,27.75,27.0,27.25,26.53499984741211,10043300.0
2024-12-13,MINT.BK,27.5,27.75,27.0,27.25,26.53499984741211,12466600.0
2024-12-16,MINT.BK,27.0,27.25,26.75,27.25,26.53499984741211,8152700.0
2024-12-17,MINT.BK,27.25,27.5,25.5,26.5,25.804677963256836,23808800.0
2024-12-18,MINT.BK,26.25,26.5,25.75,26.5,25.804677963256836,13068900.0
2024-12-19,MINT.BK,25.75,26.25,25.5,26.0,25.317798614501953,11816300.0
2024-12-20,MINT.BK,26.25,26.25,25.25,25.5,24.83091926574707,17112900.0
2024-12-23,MINT.BK,25.5,26.25,25.5,25.75,25.074357986450195,10082300.0
2024-12-24,MINT.BK,26.25,27.0,26.0,26.25,25.56123924255371,10554300.0
2024-12-25,MINT.BK,26.5,26.75,26.25,26.5,25.804677963256836,4857500.0
2024-12-26,MINT.BK,26.5,26.75,26.0,26.25,25.56123924255371,11275000.0
2024-12-27,MINT.BK,26.25,27.0,26.25,26.5,25.804677963256836,8032100.0
2024-12-30,MINT.BK,26.5,26.75,25.75,26.0,25.317798614501953,10716100.0
2025-01-02,MINT.BK,26.25,26.5,26.0,26.25,25.56123924255371,6313800.0
2025-01-03,MINT.BK,26.25,26.25,25.75,26.0,25.317798614501953,9393200.0
2025-01-06,MINT.BK,26.25,26.25,25.5,25.75,25.074357986450195,8737100.0
2025-01-07,MINT.BK,25.5,26.0,25.5,26.0,25.317798614501953,5451900.0
2025-01-08,MINT.BK,25.75,26.0,25.25,25.5,24.83091926574707,10940900.0
2025-01-09,MINT.BK,25.25,25.5,24.399999618530273,24.600000381469727,23.954532623291016,16411600.0
2025-01-10,MINT.BK,24.5,24.600000381469727,23.200000762939453,24.0,23.370275497436523,46433100.0
2025-01-13,MINT.BK,23.899999618530273,24.100000381469727,23.100000381469727,23.799999237060547,23.175521850585938,40072000.0
2025-01-14,MINT.BK,23.899999618530273,24.399999618530273,23.399999618530273,23.5,22.883394241333008,21851500.0
2025-01-15,MINT.BK,23.5,24.100000381469727,23.200000762939453,23.899999618530273,23.272899627685547,26248900.0
2025-01-16,MINT.BK,23.899999618530273,24.100000381469727,23.700000762939453,23.899999618530273,23.272899627685547,14590800.0
2025-01-17,MINT.BK,23.799999237060547,24.5,23.799999237060547,23.899999618530273,23.272899627685547,18260200.0
2025-01-20,MINT.BK,24.0,24.299999237060547,23.700000762939453,23.799999237060547,23.175521850585938,11651200.0
2025-01-21,MINT.BK,24.0,24.899999618530273,24.0,24.299999237060547,23.662403106689453,38160700.0
2025-01-22,MINT.BK,24.399999618530273,24.600000381469727,23.899999618530273,24.100000381469727,23.4676513671875,18347200.0
2025-01-23,MINT.BK,23.899999618530273,24.100000381469727,23.600000381469727,23.799999237060547,23.175521850585938,19507800.0
2025-01-24,MINT.BK,24.0,24.100000381469727,23.600000381469727,23.899999618530273,23.272899627685547,17178400.0
2025-01-27,MINT.BK,23.799999237060547,23.799999237060547,22.899999618530273,23.299999237060547,22.688640594482422,33339600.0
2025-01-28,MINT.BK,23.299999237060547,23.899999618530273,23.100000381469727,23.899999618530273,23.272899627685547,25457800.0
2025-01-29,MINT.BK,24.0,24.100000381469727,23.600000381469727,24.0,23.370275497436523,31166300.0
2025-01-30,MINT.BK,24.200000762939453,24.799999237060547,24.200000762939453,24.299999237060547,23.662403106689453,27371100.0
2025-01-31,MINT.BK,24.399999618530273,24.5,23.799999237060547,24.0,23.370275497436523,34752300.0
2025-02-03,MINT.BK,23.600000381469727,24.700000762939453,23.5,24.700000762939453,24.051910400390625,31497200.0
2025-02-04,MINT.BK,24.799999237060547,25.5,24.700000762939453,25.0,24.344038009643555,27600700.0
2025-02-05,MINT.BK,25.25,25.25,24.399999618530273,25.0,24.344038009643555,21303600.0
2025-02-06,MINT.BK,25.0,25.5,24.600000381469727,24.899999618530273,24.246660232543945,24066300.0
2025-02-07,MINT.BK,25.0,26.0,24.899999618530273,25.5,24.83091926574707,18414200.0
2025-02-10,MINT.BK,25.75,26.25,25.25,25.5,24.83091926574707,27097500.0
2025-02-11,MINT.BK,25.5,26.0,25.25,25.75,25.074357986450195,17384100.0
2025-02-13,MINT.BK,26.75,27.0,26.25,26.5,25.804677963256836,27134400.0
2025-02-14,MINT.BK,26.75,27.25,26.5,27.0,26.29155921936035,21427400.0
2025-02-17,MINT.BK,27.5,27.75,27.0,27.75,27.021881103515625,24435200.0
2025-02-18,MINT.BK,27.25,28.0,27.25,27.75,27.021881103515625,36712100.0
2025-02-19,MINT.BK,28.0,28.5,27.75,28.25,27.508760452270508,28595500.0
2025-02-20,MINT.BK,28.25,28.5,27.5,28.25,27.508760452270508,27767900.0
2025-02-21,MINT.BK,28.5,29.25,28.25,29.0,28.23908233642578,30953000.0
2025-02-24,MINT.BK,28.75,28.75,28.0,28.75,27.995641708374023,16757700.0
2025-02-25,MINT.BK,29.0,29.0,28.0,28.0,27.265321731567383,27264000.0
2025-02-26,MINT.BK,28.25,29.5,28.0,29.0,28.23908233642578,17721900.0
2025-02-27,MINT.BK,29.0,29.25,28.5,29.25,28.48252296447754,19071500.0
2025-02-28,MINT.BK,28.25,29.0,28.25,29.0,28.23908233642578,32232700.0
2025-03-03,MINT.BK,29.25,29.5,28.75,28.75,27.995641708374023,16185000.0
2025-03-04,MINT.BK,28.5,29.0,28.25,28.5,27.7522029876709,17754800.0
2025-03-05,MINT.BK,28.75,29.5,28.5,29.0,28.23908233642578,18783100.0
2025-03-06,MINT.BK,29.0,29.0,28.5,28.75,27.995641708374023,14318200.0
2025-03-07,MINT.BK,28.75,29.5,28.75,29.5,28.725963592529297,9012400.0
2025-03-10,MINT.BK,29.0,29.25,28.5,28.5,27.7522029876709,7703700.0
2025-03-11,MINT.BK,28.0,28.5,27.75,28.25,27.508760452270508,17130900.0
2025-03-12,MINT.BK,28.0,28.0,27.25,27.5,26.778440475463867,13293400.0
2025-03-13,MINT.BK,27.5,28.5,27.0,28.0,27.265321731567383,18013400.0
2025-03-14,MINT.BK,27.75,27.75,27.25,27.5,26.778440475463867,17897900.0
2025-03-17,MINT.BK,27.25,28.0,27.0,27.5,26.778440475463867,13286300.0
2025-03-18,MINT.BK,27.5,27.75,27.0,27.5,26.778440475463867,8731500.0
2025-03-19,MINT.BK,27.5,28.25,27.25,27.75,27.021881103515625,12544600.0
2025-03-20,MINT.BK,27.75,28.0,27.25,27.5,26.778440475463867,11920000.0
2025-03-21,MINT.BK,27.5,27.75,27.0,27.25,26.53499984741211,11661800.0
2025-03-24,MINT.BK,27.25,27.5,26.5,27.0,26.29155921936035,10225000.0
2025-03-25,MINT.BK,26.75,27.0,26.25,26.5,25.804677963256836,13843400.0
2025-03-26,MINT.BK,26.25,27.25,26.25,26.75,26.048120498657227,9365800.0
2025-03-27,MINT.BK,27.0,27.5,26.5,26.75,26.048120498657227,12235700.0
2025-03-28,MINT.BK,26.5,26.75,26.0,26.5,25.804677963256836,7510700.0
2025-03-31,MINT.BK,25.25,26.5,25.25,26.25,25.56123924255371,15145300.0
2025-04-01,MINT.BK,26.5,26.75,25.75,26.0,25.317798614501953,10465900.0
2025-04-02,MINT.BK,26.0,26.5,25.75,26.0,25.317798614501953,8151600.0
2025-04-03,MINT.BK,26.0,27.5,25.75,26.75,26.048120498657227,18775700.0
2025-04-04,MINT.BK,26.75,26.75,25.75,26.0,25.317798614501953,12520000.0
2025-04-08,MINT.BK,24.700000762939453,25.0,23.600000381469727,23.899999618530273,23.272899627685547,26707300.0
2025-04-09,MINT.BK,23.700000762939453,24.5,23.5,24.0,23.370275497436523,11160800.0
2025-04-10,MINT.BK,25.75,27.0,25.0,25.75,25.074357986450195,20456500.0
2025-04-11,MINT.BK,25.75,26.5,25.5,26.0,25.317798614501953,13700600.0
2025-04-16,MINT.BK,26.5,27.0,25.75,26.5,25.804677963256836,17605800.0
2025-04-17,MINT.BK,26.5,27.0,26.25,26.25,25.56123924255371,10681500.0
2025-04-18,MINT.BK,26.25,26.5,25.75,26.5,25.804677963256836,6052800.0
2025-04-21,MINT.BK,26.5,26.5,25.75,26.0,25.317798614501953,6705800.0
2025-04-22,MINT.BK,25.75,26.5,25.75,26.25,25.56123924255371,6371200.0
2025-04-23,MINT.BK,26.5,26.75,26.0,26.25,25.56123924255371,7163300.0
2025-04-24,MINT.BK,26.0,26.25,25.5,25.75,25.074357986450195,6666100.0
2025-04-25,MINT.BK,26.0,26.75,26.0,26.0,25.317798614501953,5544100.0
2025-04-28,MINT.BK,26.0,26.25,25.75,26.0,25.317798614501953,4557000.0
2025-04-29,MINT.BK,26.0,26.75,25.5,26.75,26.048120498657227,9976000.0
2025-04-30,MINT.BK,26.5,26.75,26.0,26.75,26.048120498657227,10119300.0
2025-05-02,MINT.BK,27.0,27.25,26.75,27.0,26.29155921936035,9542800.0
2025-05-06,MINT.BK,27.5,27.5,25.75,25.75,25.074357986450195,13981900.0
2025-05-07,MINT.BK,25.75,26.25,24.700000762939453,25.5,25.173076629638672,28526400.0
2025-05-08,MINT.BK,25.5,25.5,24.200000762939453,24.200000762939453,23.88974380493164,33296200.0
2025-05-09,MINT.BK,24.399999618530273,24.600000381469727,24.0,24.399999618530273,24.08717918395996,19187100.0
2025-05-13,MINT.BK,24.799999237060547,26.0,24.5,25.25,24.926280975341797,33556300.0
2025-05-14,MINT.BK,25.25,26.25,25.0,25.75,25.419870376586914,15316600.0
2025-05-15,MINT.BK,25.5,25.5,24.5,24.700000762939453,24.383333206176758,21041800.0
2025-05-16,MINT.BK,24.600000381469727,25.5,24.5,24.5,24.185895919799805,19695600.0
2025-05-19,MINT.BK,24.399999618530273,24.399999618530273,23.899999618530273,24.100000381469727,23.791025161743164,17758800.0
2025-05-20,MINT.BK,24.5,25.25,24.5,25.25,24.926280975341797,22448900.0
2025-05-21,MINT.BK,25.25,25.25,24.100000381469727,24.399999618530273,24.08717918395996,25338700.0
2025-05-22,MINT.BK,24.299999237060547,25.5,24.299999237060547,25.25,24.926280975341797,30959600.0
2025-05-23,MINT.BK,25.5,25.5,24.899999618530273,25.0,24.679487228393555,16629500.0
2025-05-26,MINT.BK,25.5,26.0,25.25,25.75,25.419870376586914,12185100.0
2025-05-27,MINT.BK,25.5,26.25,25.25,25.5,25.173076629638672,26361900.0
2025-05-28,MINT.BK,25.25,25.75,25.25,25.25,24.926280975341797,10276300.0
2025-05-29,MINT.BK,25.5,25.75,25.0,25.0,24.679487228393555,9881400.0
2025-05-30,MINT.BK,24.799999237060547,25.5,24.600000381469727,24.799999237060547,24.4820499420166,18895200.0
2025-06-04,MINT.BK,25.25,25.5,25.0,25.0,24.679487228393555,15085500.0
2025-06-05,MINT.BK,25.25,25.25,24.899999618530273,25.0,24.679487228393555,6234100.0
2025-06-06,MINT.BK,25.25,25.25,24.799999237060547,24.899999618530273,24.580768585205078,8162500.0
2025-06-09,MINT.BK,24.899999618530273,25.25,24.799999237060547,24.799999237060547,24.4820499420166,6408700.0
2025-06-10,MINT.BK,24.899999618530273,25.25,24.5,24.700000762939453,24.383333206176758,17903700.0
2025-06-11,MINT.BK,24.600000381469727,24.700000762939453,24.0,24.299999237060547,23.988460540771484,16904800.0
2025-06-12,MINT.BK,24.0,24.299999237060547,23.899999618530273,23.899999618530273,23.59358787536621,10275000.0
2025-06-13,MINT.BK,23.799999237060547,24.0,23.299999237060547,23.399999618530273,23.099998474121094,11949200.0
2025-06-16,MINT.BK,23.100000381469727,23.100000381469727,22.0,22.200000762939453,21.91538429260254,29909400.0
2025-06-17,MINT.BK,22.399999618530273,23.5,22.200000762939453,23.0,22.705127716064453,25271700.0
2025-06-18,MINT.BK,23.100000381469727,23.899999618530273,23.100000381469727,23.200000762939453,22.902565002441406,16267100.0
2025-06-19,MINT.BK,23.0,23.200000762939453,22.200000762939453,22.299999237060547,22.014101028442383,21547600.0
2025-06-20,MINT.BK,22.299999237060547,22.899999618530273,22.200000762939453,22.200000762939453,21.91538429260254,25395700.0
2025-06-23,MINT.BK,22.200000762939453,22.299999237060547,21.700000762939453,22.0,21.71794891357422,10707600.0
2025-06-24,MINT.BK,22.799999237060547,23.200000762939453,22.299999237060547,23.200000762939453,22.902565002441406,21296400.0
2025-06-25,MINT.BK,23.200000762939453,23.799999237060547,22.700000762939453,23.5,23.19871711730957,14004500.0
2025-06-26,MINT.BK,23.600000381469727,24.200000762939453,23.200000762939453,23.700000762939453,23.396154403686523,14252800.0
2025-06-27,MINT.BK,23.299999237060547,23.5,22.799999237060547,23.100000381469727,22.80384635925293,14649400.0
2025-06-30,MINT.BK,23.200000762939453,23.700000762939453,22.899999618530273,23.200000762939453,22.902565002441406,11030600.0
2025-07-01,MINT.BK,23.600000381469727,24.200000762939453,22.899999618530273,24.100000381469727,23.791025161743164,21624800.0
2025-07-02,MINT.BK,24.299999237060547,24.299999237060547,23.600000381469727,24.100000381469727,23.791025161743164,9569500.0
2025-07-03,MINT.BK,24.0,24.600000381469727,24.0,24.299999237060547,23.988460540771484,10539900.0
2025-07-04,MINT.BK,24.299999237060547,24.399999618530273,23.600000381469727,23.700000762939453,23.396154403686523,8863900.0
2025-07-07,MINT.BK,23.700000762939453,24.100000381469727,23.299999237060547,23.899999618530273,23.59358787536621,11756300.0
2025-07-08,MINT.BK,24.0,24.200000762939453,23.5,24.100000381469727,23.791025161743164,11253600.0
2025-07-09,MINT.BK,24.200000762939453,24.299999237060547,23.799999237060547,24.100000381469727,23.791025161743164,8643900.0
2025-07-11,MINT.BK,24.100000381469727,24.399999618530273,23.899999618530273,24.200000762939453,23.88974380493164,5582300.0
2025-07-14,MINT.BK,23.899999618530273,24.5,23.600000381469727,24.200000762939453,23.88974380493164,20861600.0
2025-07-15,MINT.BK,24.100000381469727,25.25,24.100000381469727,25.25,24.926280975341797,22485100.0
2025-07-16,MINT.BK,24.799999237060547,25.25,24.5,24.899999618530273,24.580768585205078,32932500.0
2025-07-17,MINT.BK,25.25,26.0,24.799999237060547,25.75,25.419870376586914,36340700.0
2025-07-18,MINT.BK,25.75,26.25,24.799999237060547,25.0,24.679487228393555,42176900.0
2025-07-21,MINT.BK,24.799999237060547,24.799999237060547,23.600000381469727,24.200000762939453,23.88974380493164,51378600.0
2025-07-22,MINT.BK,24.299999237060547,24.5,23.899999618530273,23.899999618530273,23.59358787536621,15144900.0
2025-07-23,MINT.BK,24.100000381469727,25.0,24.100000381469727,24.600000381469727,24.28461456298828,28080400.0
2025-07-24,MINT.BK,24.600000381469727,25.25,24.600000381469727,24.700000762939453,24.383333206176758,27509700.0
2025-07-25,MINT.BK,24.5,24.700000762939453,24.299999237060547,24.700000762939453,24.383333206176758,10601900.0
2025-07-29,MINT.BK,24.799999237060547,25.0,24.299999237060547,24.799999237060547,24.4820499420166,10959500.0
2025-07-30,MINT.BK,24.700000762939453,25.0,24.5,24.899999618530273,24.580768585205078,11725400.0
2025-07-31,MINT.BK,24.799999237060547,25.75,24.399999618530273,25.0,24.679487228393555,21928800.0
2025-08-01,MINT.BK,25.5,25.5,23.600000381469727,23.700000762939453,23.396154403686523,33581000.0
2025-08-04,MINT.BK,23.899999618530273,24.0,23.5,23.799999237060547,23.494871139526367,21028000.0
2025-08-05,MINT.BK,23.799999237060547,24.5,23.700000762939453,24.299999237060547,23.988460540771484,19947900.0
2025-08-06,MINT.BK,24.100000381469727,24.399999618530273,24.0,24.299999237060547,23.988460540771484,36681200.0
2025-08-07,MINT.BK,24.5,25.25,24.5,24.700000762939453,24.383333206176758,25768800.0
2025-08-08,MINT.BK,24.5,24.799999237060547,24.299999237060547,24.5,24.185895919799805,13435100.0
2025-08-13,MINT.BK,24.600000381469727,24.700000762939453,24.399999618530273,24.600000381469727,24.28461456298828,14857600.0
2025-08-14,MINT.BK,24.5,24.700000762939453,24.100000381469727,24.700000762939453,24.383333206176758,10680900.0
2025-08-15,MINT.BK,24.5,24.600000381469727,24.299999237060547,24.399999618530273,24.08717918395996,7741800.0
2025-08-18,MINT.BK,24.399999618530273,24.600000381469727,24.100000381469727,24.100000381469727,23.791025161743164,9926900.0
2025-08-19,MINT.BK,24.200000762939453,24.399999618530273,24.100000381469727,24.100000381469727,23.791025161743164,5295500.0
2025-08-20,MINT.BK,24.100000381469727,25.25,23.899999618530273,24.700000762939453,24.383333206176758,16483600.0
2025-08-21,MINT.BK,24.700000762939453,24.700000762939453,24.100000381469727,24.299999237060547,23.988460540771484,14092400.0
2025-08-22,MINT.BK,24.299999237060547,24.700000762939453,24.299999237060547,24.5,24.185895919799805,8508600.0
2025-08-25,MINT.BK,24.700000762939453,24.899999618530273,24.399999618530273,24.700000762939453,24.383333206176758,20309200.0
2025-08-26,MINT.BK,24.600000381469727,24.600000381469727,24.0,24.0,23.692306518554688,21647300.0
2025-08-27,MINT.BK,24.200000762939453,24.399999618530273,23.799999237060547,23.899999618530273,23.59358787536621,13665200.0
2025-08-28,MINT.BK,24.0,24.200000762939453,23.799999237060547,23.899999618530273,23.59358787536621,11423400.0
2025-08-29,MINT.BK,23.799999237060547,24.100000381469727,23.299999237060547,23.399999618530273,23.099998474121094,25141900.0
2025-09-01,MINT.BK,23.299999237060547,23.600000381469727,23.100000381469727,23.5,23.5,8581300.0
2025-09-02,MINT.BK,23.600000381469727,23.700000762939453,23.299999237060547,23.600000381469727,23.600000381469727,9470800.0
2025-09-03,MINT.BK,23.600000381469727,24.0,23.5,23.799999237060547,23.799999237060547,12069900.0
2025-09-04,MINT.BK,23.799999237060547,24.600000381469727,23.600000381469727,24.200000762939453,24.200000762939453,19710600.0
2025-09-05,MINT.BK,24.399999618530273,24.700000762939453,24.0,24.299999237060547,24.299999237060547,14503100.0
2025-09-08,MINT.BK,24.5,24.600000381469727,24.200000762939453,24.299999237060547,24.299999237060547,10083700.0
2025-09-09,MINT.BK,24.200000762939453,24.299999237060547,23.700000762939453,24.100000381469727,24.100000381469727,20739100.0
2025-09-10,MINT.BK,24.100000381469727,24.100000381469727,23.700000762939453,23.899999618530273,23.899999618530273,15020400.0
2025-09-11,MINT.BK,23.899999618530273,24.100000381469727,23.700000762939453,23.899999618530273,23.899999618530273,22293800.0
2025-09-12,MINT.BK,24.0,24.5,23.899999618530273,24.200000762939453,24.200000762939453,26340100.0
2025-09-15,MINT.BK,24.200000762939453,24.200000762939453,23.700000762939453,24.100000381469727,24.100000381469727,16638100.0
2025-09-16,MINT.BK,24.100000381469727,24.700000762939453,24.100000381469727,24.700000762939453,24.700000762939453,39256400.0
2025-09-17,MINT.BK,24.700000762939453,25.25,24.399999618530273,24.5,24.5,38010300.0
2025-09-18,MINT.BK,24.600000381469727,24.700000762939453,23.899999618530273,24.0,24.0,29734900.0
2025-09-19,MINT.BK,24.0,24.100000381469727,23.799999237060547,23.799999237060547,23.799999237060547,19928500.0
2025-09-22,MINT.BK,23.899999618530273,23.899999618530273,23.299999237060547,23.299999237060547,23.299999237060547,22305400.0
2025-09-23,MINT.BK,23.5,24.0,23.200000762939453,23.399999618530273,23.399999618530273,25986000.0
2025-09-24,MINT.BK,23.299999237060547,23.5,23.100000381469727,23.299999237060547,23.299999237060547,19330500.0
2025-09-25,MINT.BK,23.399999618530273,23.799999237060547,23.399999618530273,23.700000762939453,23.700000762939453,10149700.0
2025-09-26,MINT.BK,23.700000762939453,23.700000762939453,23.299999237060547,23.399999618530273,23.399999618530273,12230300.0
2025-09-29,MINT.BK,23.600000381469727,23.600000381469727,23.200000762939453,23.5,23.5,12106751.0
2025-09-30,MINT.BK,23.399999618530273,23.399999618530273,22.799999237060547,23.100000381469727,23.100000381469727,20298700.0
2025-10-01,MINT.BK,23.299999237060547,23.299999237060547,22.899999618530273,23.0,23.0,9497100.0
2025-10-02,MINT.BK,23.200000762939453,23.399999618530273,23.0,23.100000381469727,23.100000381469727,11608700.0
2025-10-03,MINT.BK,23.100000381469727,23.200000762939453,22.899999618530273,23.0,23.0,8685900.0
2025-10-06,MINT.BK,23.100000381469727,23.100000381469727,22.600000381469727,22.799999237060547,22.799999237060547,11756800.0
2025-10-07,MINT.BK,22.799999237060547,22.799999237060547,22.799999237060547,22.799999237060547,22.799999237060547,0.0
2025-10-08,MINT.BK,23.200000762939453,23.200000762939453,22.799999237060547,23.0,23.0,8296900.0
2025-10-09,MINT.BK,23.0,23.0,22.700000762939453,22.899999618530273,22.899999618530273,8176700.0
2025-10-10,MINT.BK,23.0,23.200000762939453,22.600000381469727,23.100000381469727,23.100000381469727,11163300.0
2025-10-14,MINT.BK,22.899999618530273,23.0,22.200000762939453,22.200000762939453,22.200000762939453,18651100.0
2025-10-15,MINT.BK,22.399999618530273,22.600000381469727,22.299999237060547,22.399999618530273,22.399999618530273,11276500.0
2025-10-16,MINT.BK,22.5,22.700000762939453,22.399999618530273,22.600000381469727,22.600000381469727,9697300.0
2025-10-17,MINT.BK,22.399999618530273,22.600000381469727,22.200000762939453,22.299999237060547,22.299999237060547,7531900.0
2025-10-20,MINT.BK,22.700000762939453,23.0,22.600000381469727,23.0,23.0,6312500.0
2025-10-21,MINT.BK,23.100000381469727,23.100000381469727,22.700000762939453,22.700000762939453,22.700000762939453,5316600.0
2025-10-22,MINT.BK,22.700000762939453,23.100000381469727,22.600000381469727,23.0,23.0,8366600.0
2025-10-24,MINT.BK,23.100000381469727,23.100000381469727,22.799999237060547,22.899999618530273,22.899999618530273,3894600.0
2025-10-27,MINT.BK,22.899999618530273,23.299999237060547,22.5,22.5,22.5,14896200.0
2025-10-28,MINT.BK,22.700000762939453,22.700000762939453,22.399999618530273,22.700000762939453,22.700000762939453,7064600.0
2025-10-29,MINT.BK,22.600000381469727,22.700000762939453,22.399999618530273,22.399999618530273,22.399999618530273,6814100.0
2025-10-30,MINT.BK,22.299999237060547,22.700000762939453,22.299999237060547,22.600000381469727,22.600000381469727,9035200.0
2025-10-31,MINT.BK,22.600000381469727,23.0,22.5,23.0,23.0,10486900.0
2025-11-03,MINT.BK,23.100000381469727,23.100000381469727,22.399999618530273,22.399999618530273,22.399999618530273,10100200.0
2025-11-04,MINT.BK,22.5,22.600000381469727,22.100000381469727,22.200000762939453,22.200000762939453,9992500.0
2025-11-05,MINT.BK,22.100000381469727,22.200000762939453,22.0,22.100000381469727,22.100000381469727,4189700.0
2025-11-06,MINT.BK,22.100000381469727,22.200000762939453,20.799999237060547,21.899999618530273,21.899999618530273,53795100.0
2025-11-07,MINT.BK,21.799999237060547,22.399999618530273,21.700000762939453,22.0,22.0,25698100.0
2025-11-10,MINT.BK,22.0,22.100000381469727,21.600000381469727,21.799999237060547,21.799999237060547,12043200.0
2025-11-11,MINT.BK,22.0,22.299999237060547,21.299999237060547,21.399999618530273,21.399999618530273,25175300.0
2025-11-12,MINT.BK,21.399999618530273,21.600000381469727,21.0,21.399999618530273,21.399999618530273,10916100.0
2025-11-13,MINT.BK,21.399999618530273,21.700000762939453,21.0,21.299999237060547,21.299999237060547,15872400.0
2025-11-14,MINT.BK,21.200000762939453,21.200000762939453,20.5,20.700000762939453,20.700000762939453,18160100.0
2025-11-17,MINT.BK,21.0,21.0,20.5,20.700000762939453,20.700000762939453,16792000.0
2025-11-18,MINT.BK,20.600000381469727,20.700000762939453,20.100000381469727,20.200000762939453,20.200000762939453,17501500.0
2025-11-19,MINT.BK,20.200000762939453,20.299999237060547,20.0,20.100000381469727,20.100000381469727,13076800.0
2025-11-20,MINT.BK,20.299999237060547,20.600000381469727,20.100000381469727,20.200000762939453,20.200000762939453,19460500.0
2025-11-21,MINT.BK,20.100000381469727,20.5,19.600000381469727,19.799999237060547,19.799999237060547,37734400.0
2025-11-24,MINT.BK,20.100000381469727,20.899999618530273,20.100000381469727,20.899999618530273,20.899999618530273,63583600.0
2025-11-25,MINT.BK,20.899999618530273,21.100000381469727,20.5,20.899999618530273,20.899999618530273,25463100.0
2025-11-26,MINT.BK,21.0,21.299999237060547,20.799999237060547,21.200000762939453,21.200000762939453,17663000.0
2025-11-27,MINT.BK,21.299999237060547,21.799999237060547,21.100000381469727,21.399999618530273,21.399999618530273,21192100.0
2025-11-28,MINT.BK,21.5,22.200000762939453,21.399999618530273,22.0,22.0,36699900.0
2025-12-01,MINT.BK,22.299999237060547,22.700000762939453,22.100000381469727,22.700000762939453,22.700000762939453,33495100.0
2025-12-02,MINT.BK,22.899999618530273,23.0,22.399999618530273,22.600000381469727,22.600000381469727,29738100.0
2025-12-03,MINT.BK,22.600000381469727,22.799999237060547,22.200000762939453,22.700000762939453,22.700000762939453,22554300.0
2025-12-04,MINT.BK,22.600000381469727,22.700000762939453,22.299999237060547,22.5,22.5,20643400.0
2025-12-08,MINT.BK,22.700000762939453,24.0,22.700000762939453,24.0,24.0,74279400.0
2025-12-09,MINT.BK,24.0,24.0,23.5,23.5,23.5,43700700.0
2025-12-11,MINT.BK,24.0,24.0,23.200000762939453,23.5,23.5,31838200.0
2025-12-12,MINT.BK,23.799999237060547,24.299999237060547,23.799999237060547,23.899999618530273,23.899999618530273,30951500.0
2025-12-15,MINT.BK,23.600000381469727,23.899999618530273,23.5,23.899999618530273,23.899999618530273,17689200.0
2025-12-16,MINT.BK,23.799999237060547,24.0,23.600000381469727,23.799999237060547,23.799999237060547,25842300.0
2025-12-17,MINT.BK,23.700000762939453,24.100000381469727,23.600000381469727,23.899999618530273,23.899999618530273,11704900.0
2025-12-18,MINT.BK,23.899999618530273,24.100000381469727,23.399999618530273,23.700000762939453,23.700000762939453,24942700.0
2025-12-19,MINT.BK,23.899999618530273,24.0,23.700000762939453,23.899999618530273,23.899999618530273,16731300.0
2025-12-22,MINT.BK,24.100000381469727,24.5,23.799999237060547,24.0,24.0,16875200.0
2025-12-23,MINT.BK,24.0,24.200000762939453,23.899999618530273,24.100000381469727,24.100000381469727,13032000.0
2025-12-24,MINT.BK,24.200000762939453,24.799999237060547,24.0,24.600000381469727,24.600000381469727,24127500.0
2025-12-25,MINT.BK,24.600000381469727,24.600000381469727,24.200000762939453,24.399999618530273,24.399999618530273,9538000.0
2025-12-26,MINT.BK,24.399999618530273,24.5,24.299999237060547,24.399999618530273,24.399999618530273,5013700.0
2025-12-29,MINT.BK,24.399999618530273,24.600000381469727,24.200000762939453,24.399999618530273,24.399999618530273,12402800.0
2025-12-30,MINT.BK,24.399999618530273,24.600000381469727,24.200000762939453,24.299999237060547,24.299999237060547,7410100.0
2026-01-05,MINT.BK,24.5,24.700000762939453,24.399999618530273,24.5,24.5,13783800.0
2026-01-06,MINT.BK,24.5,24.5,24.0,24.200000762939453,24.200000762939453,11237100.0
2026-01-07,MINT.BK,24.100000381469727,24.200000762939453,23.700000762939453,23.899999618530273,23.899999618530273,16454100.0
2026-01-08,MINT.BK,23.600000381469727,24.0,23.600000381469727,23.799999237060547,23.799999237060547,13811300.0
2026-01-09,MINT.BK,23.899999618530273,24.100000381469727,23.799999237060547,23.899999618530273,23.899999618530273,7927500.0
2026-01-12,MINT.BK,23.899999618530273,23.899999618530273,23.200000762939453,23.5,23.5,16794800.0
2026-01-13,MINT.BK,23.600000381469727,23.799999237060547,23.100000381469727,23.299999237060547,23.299999237060547,16164200.0
2026-01-14,MINT.BK,23.200000762939453,23.200000762939453,22.399999618530273,22.5,22.5,28412100.0
2026-01-15,MINT.BK,22.600000381469727,22.799999237060547,21.899999618530273,22.399999618530273,22.399999618530273,52307300.0
2026-01-16,MINT.BK,22.5,22.5,21.5,22.299999237060547,22.299999237060547,46061000.0
2026-01-19,MINT.BK,22.200000762939453,22.600000381469727,22.100000381469727,22.5,22.5,23859500.0
2026-01-20,MINT.BK,22.700000762939453,23.299999237060547,22.5,22.799999237060547,22.799999237060547,34950000.0
2026-01-21,MINT.BK,23.100000381469727,23.399999618530273,22.899999618530273,23.299999237060547,23.299999237060547,23278200.0
2026-01-22,MINT.BK,23.100000381469727,23.600000381469727,23.0,23.5,23.5,23528900.0
2026-01-23,MINT.BK,23.299999237060547,23.700000762939453,22.799999237060547,22.899999618530273,22.899999618530273,21519700.0
2026-01-26,MINT.BK,22.799999237060547,23.0,22.5,23.0,23.0,12890200.0
2026-01-27,MINT.BK,23.0,23.700000762939453,22.899999618530273,23.299999237060547,23.299999237060547,21416500.0
2026-01-28,MINT.BK,23.399999618530273,23.799999237060547,23.399999618530273,23.600000381469727,23.600000381469727,12212400.0
2026-01-29,MINT.BK,23.399999618530273,23.5,22.799999237060547,22.899999618530273,22.899999618530273,15274900.0
2026-01-30,MINT.BK,22.899999618530273,23.200000762939453,22.600000381469727,22.899999618530273,22.899999618530273,16301300.0
2026-02-02,MINT.BK,23.299999237060547,24.0,23.0,24.0,24.0,37844600.0
2026-02-03,MINT.BK,24.0,25.25,24.0,24.899999618530273,24.899999618530273,53574100.0
2026-02-04,MINT.BK,25.0,25.5,25.0,25.25,25.25,17462800.0
2026-02-05,MINT.BK,25.25,25.5,25.0,25.25,25.25,20331000.0
2026-02-06,MINT.BK,25.0,25.75,25.0,25.25,25.25,19772700.0
2026-02-09,MINT.BK,25.75,26.0,25.25,25.75,25.75,22088100.0
2026-02-10,MINT.BK,26.0,26.0,25.25,25.75,25.75,16058900.0
2026-02-11,MINT.BK,25.5,26.75,25.5,25.75,25.75,26308600.0
2026-02-12,MINT.BK,25.75,26.5,25.5,26.5,26.5,19702600.0
2026-02-13,MINT.BK,26.25,26.75,25.5,26.75,26.75,19224400.0
2026-02-16,MINT.BK,26.75,26.75,25.75,26.5,26.5,20872600.0
2026-02-17,MINT.BK,26.5,26.75,26.0,26.25,26.25,19357700.0
2026-02-18,MINT.BK,26.25,26.75,26.25,26.5,26.5,11231400.0
2026-02-19,MINT.BK,26.5,27.0,26.5,26.75,26.75,11328900.0
2026-02-20,MINT.BK,26.5,26.75,25.75,25.75,25.75,20497000.0
2026-02-23,MINT.BK,26.0,26.5,25.75,26.0,26.0,15775800.0
2026-02-24,MINT.BK,26.0,26.25,25.25,26.25,26.25,18315200.0
2026-02-25,MINT.BK,26.25,27.0,26.0,26.5,26.5,18358600.0
2026-02-26,MINT.BK,26.25,26.75,26.0,26.25,26.25,9993700.0
2026-02-27,MINT.BK,26.25,27.0,26.0,26.0,26.0,32852200.0
2026-03-02,MINT.BK,23.899999618530273,24.399999618530273,23.0,23.799999237060547,23.799999237060547,81815200.0
2026-03-04,MINT.BK,21.200000762939453,22.100000381469727,20.100000381469727,21.100000381469727,21.100000381469727,109540000.0
2026-03-05,MINT.BK,22.200000762939453,22.200000762939453,20.799999237060547,21.700000762939453,21.700000762939453,57803300.0
2026-03-06,MINT.BK,21.299999237060547,21.600000381469727,21.0,21.399999618530273,21.399999618530273,32610400.0
2026-03-09,MINT.BK,20.0,21.0,19.700000762939453,21.0,21.0,45901600.0
2026-03-10,MINT.BK,22.0,22.200000762939453,21.5,22.100000381469727,22.100000381469727,37655800.0
2026-03-11,MINT.BK,22.700000762939453,23.5,22.600000381469727,23.0,23.0,40333400.0
2026-03-12,MINT.BK,22.299999237060547,22.799999237060547,21.799999237060547,22.700000762939453,22.700000762939453,51126100.0
2026-03-13,MINT.BK,22.399999618530273,22.5,22.0,22.100000381469727,22.100000381469727,25115500.0
2026-03-16,MINT.BK,22.100000381469727,23.200000762939453,22.0,22.899999618530273,22.899999618530273,44924500.0
2026-03-17,MINT.BK,23.200000762939453,23.200000762939453,22.200000762939453,22.299999237060547,22.299999237060547,23955100.0
2026-03-18,MINT.BK,22.5,22.600000381469727,22.0,22.0,22.0,20361200.0
2026-03-19,MINT.BK,21.799999237060547,21.799999237060547,20.899999618530273,20.899999618530273,20.899999618530273,28152400.0
2026-03-20,MINT.BK,21.100000381469727,21.5,21.0,21.5,21.5,31298700.0
2026-03-23,MINT.BK,20.799999237060547,21.200000762939453,20.600000381469727,21.0,21.0,29025700.0
2026-03-24,MINT.BK,21.5,22.0,21.200000762939453,22.0,22.0,30207400.0
2026-03-25,MINT.BK,22.5,22.5,22.100000381469727,22.399999618530273,22.399999618530273,24104600.0
2026-03-26,MINT.BK,22.200000762939453,22.200000762939453,21.399999618530273,21.5,21.5,27621000.0
2026-03-27,MINT.BK,21.700000762939453,21.799999237060547,21.200000762939453,21.5,21.5,22825000.0
2026-03-30,MINT.BK,20.899999618530273,21.600000381469727,20.799999237060547,21.399999618530273,21.399999618530273,27638300.0
2026-03-31,MINT.BK,21.5,21.700000762939453,21.200000762939453,21.600000381469727,21.600000381469727,32278200.0
2026-04-01,MINT.BK,22.5,22.600000381469727,22.200000762939453,22.399999618530273,22.399999618530273,31379300.0
2026-04-02,MINT.BK,22.100000381469727,22.5,21.899999618530273,22.100000381469727,22.100000381469727,25580900.0
2026-04-03,MINT.BK,22.200000762939453,22.200000762939453,21.700000762939453,21.799999237060547,21.799999237060547,17584500.0
2026-04-07,MINT.BK,21.799999237060547,21.899999618530273,21.5,21.799999237060547,21.799999237060547,25945200.0
2026-04-08,MINT.BK,22.5,23.0,22.399999618530273,22.899999618530273,22.899999618530273,33244900.0
2026-04-09,MINT.BK,22.600000381469727,22.700000762939453,22.200000762939453,22.299999237060547,22.299999237060547,19683700.0
2026-04-10,MINT.BK,22.399999618530273,22.600000381469727,22.399999618530273,22.5,22.5,5693700.0
