Date,Ticker,Open,High,Low,Close,Adj Close,Volume
2016-04-11,TISCO.BK,44.25,44.75,44.0,44.75,21.48069190979004,551700.0
2016-04-12,TISCO.BK,44.75,46.5,44.5,46.5,22.320716857910156,1151200.0
2016-04-18,TISCO.BK,46.25,46.5,45.75,46.25,22.200712203979492,671300.0
2016-04-19,TISCO.BK,46.25,47.25,46.25,46.75,22.440723419189453,1692600.0
2016-04-20,TISCO.BK,47.0,47.25,46.5,46.75,22.440723419189453,1386600.0
2016-04-21,TISCO.BK,47.0,47.0,46.0,46.5,22.320716857910156,1840400.0
2016-04-22,TISCO.BK,46.5,46.75,46.25,46.5,22.320716857910156,955100.0
2016-04-25,TISCO.BK,46.5,46.75,46.25,46.5,22.320716857910156,2393900.0
2016-04-26,TISCO.BK,46.75,47.0,46.25,46.75,22.440723419189453,3812700.0
2016-04-27,TISCO.BK,44.0,44.0,43.5,43.5,22.01062774658203,1461200.0
2016-04-28,TISCO.BK,43.75,44.0,43.5,43.5,22.01062774658203,1975200.0
2016-04-29,TISCO.BK,43.5,43.75,43.0,43.5,22.01062774658203,563000.0
2016-05-03,TISCO.BK,43.0,43.5,43.0,43.5,22.01062774658203,293400.0
2016-05-04,TISCO.BK,43.5,43.5,42.5,42.75,21.63113784790039,833200.0
2016-05-09,TISCO.BK,42.5,42.75,41.0,42.75,21.63113784790039,2434800.0
2016-05-10,TISCO.BK,42.5,42.75,41.75,42.25,21.378137588500977,457200.0
2016-05-11,TISCO.BK,42.5,42.5,42.0,42.25,21.378137588500977,859300.0
2016-05-12,TISCO.BK,42.0,42.0,41.0,41.5,20.998647689819336,2000900.0
2016-05-13,TISCO.BK,41.5,42.25,41.5,41.75,21.125144958496094,593600.0
2016-05-16,TISCO.BK,42.0,43.5,42.0,43.5,22.01062774658203,1539700.0
2016-05-17,TISCO.BK,43.5,43.75,43.25,43.5,22.01062774658203,1092500.0
2016-05-18,TISCO.BK,43.25,43.5,43.0,43.25,21.884132385253906,1055400.0
2016-05-19,TISCO.BK,43.25,43.25,42.25,42.25,21.378137588500977,928600.0
2016-05-23,TISCO.BK,42.25,43.0,42.25,42.75,21.63113784790039,750500.0
2016-05-24,TISCO.BK,42.75,42.75,42.25,42.5,21.504634857177734,1619600.0
2016-05-25,TISCO.BK,42.75,44.0,42.75,43.5,22.01062774658203,2706100.0
2016-05-26,TISCO.BK,43.25,43.5,42.75,43.5,22.01062774658203,1494200.0
2016-05-27,TISCO.BK,43.5,43.5,43.0,43.5,22.01062774658203,574200.0
2016-05-30,TISCO.BK,43.5,43.75,43.25,43.5,22.01062774658203,819500.0
2016-05-31,TISCO.BK,43.5,44.5,43.0,43.0,21.75763511657715,2773300.0
2016-06-01,TISCO.BK,43.5,44.75,43.25,44.25,22.39012336730957,2324200.0
2016-06-02,TISCO.BK,44.25,44.75,44.0,44.75,22.64311981201172,1403500.0
2016-06-03,TISCO.BK,45.0,45.0,44.25,45.0,22.769615173339844,931700.0
2016-06-06,TISCO.BK,45.25,45.25,44.75,45.0,22.769615173339844,558000.0
2016-06-07,TISCO.BK,45.5,45.5,44.75,45.25,22.8961124420166,800700.0
2016-06-08,TISCO.BK,44.75,45.25,44.0,44.5,22.516616821289062,1004000.0
2016-06-09,TISCO.BK,44.5,45.0,44.25,44.75,22.64311981201172,401900.0
2016-06-10,TISCO.BK,44.75,44.75,43.75,44.0,22.26362419128418,1055600.0
2016-06-13,TISCO.BK,43.75,45.0,43.25,45.0,22.769615173339844,1223600.0
2016-06-14,TISCO.BK,44.75,45.25,44.5,45.0,22.769615173339844,720100.0
2016-06-15,TISCO.BK,44.75,45.25,44.5,45.0,22.769615173339844,552600.0
2016-06-16,TISCO.BK,45.25,45.25,44.0,44.0,22.26362419128418,1705500.0
2016-06-17,TISCO.BK,44.0,44.25,43.75,43.75,22.137126922607422,637500.0
2016-06-20,TISCO.BK,43.75,44.25,43.75,44.0,22.26362419128418,215500.0
2016-06-21,TISCO.BK,44.0,44.75,44.0,44.5,22.516616821289062,345100.0
2016-06-22,TISCO.BK,44.5,46.0,44.5,46.0,23.275602340698242,1279100.0
2016-06-23,TISCO.BK,45.75,46.75,45.5,46.75,23.655101776123047,1222500.0
2016-06-24,TISCO.BK,46.75,46.75,45.25,46.25,23.402103424072266,1586900.0
2016-06-27,TISCO.BK,46.0,47.5,46.0,47.0,23.781599044799805,2035900.0
2016-06-28,TISCO.BK,47.25,47.5,46.75,47.0,23.781599044799805,1496500.0
2016-06-29,TISCO.BK,47.0,48.0,47.0,48.0,24.28759002685547,2526100.0
2016-06-30,TISCO.BK,48.5,49.5,48.25,49.5,25.046573638916016,5856900.0
2016-07-04,TISCO.BK,49.5,49.5,48.75,49.25,24.920076370239258,1006100.0
2016-07-05,TISCO.BK,49.5,49.75,49.0,49.25,24.920076370239258,1453900.0
2016-07-06,TISCO.BK,49.5,49.75,49.25,49.25,24.920076370239258,489400.0
2016-07-07,TISCO.BK,49.25,51.5,49.25,51.0,25.805564880371094,4761600.0
2016-07-08,TISCO.BK,51.5,52.0,50.25,50.5,25.552570343017578,2184400.0
2016-07-11,TISCO.BK,51.5,53.25,51.0,53.0,26.817548751831055,3803900.0
2016-07-12,TISCO.BK,52.0,52.0,49.75,51.0,25.805564880371094,4405900.0
2016-07-13,TISCO.BK,51.0,51.25,50.25,50.5,25.552570343017578,2210900.0
2016-07-14,TISCO.BK,50.75,51.75,50.0,51.25,25.932064056396484,5934300.0
2016-07-15,TISCO.BK,51.25,54.25,51.25,52.25,26.43805694580078,8754100.0
2016-07-20,TISCO.BK,54.25,56.25,51.75,52.25,26.43805694580078,8164800.0
2016-07-21,TISCO.BK,52.0,52.75,49.75,50.25,25.42607307434082,5138100.0
2016-07-22,TISCO.BK,50.25,52.75,50.25,52.5,26.564556121826172,2115100.0
2016-07-25,TISCO.BK,52.75,54.5,52.5,53.25,26.944046020507812,2392600.0
2016-07-26,TISCO.BK,53.25,55.0,53.25,54.25,27.450035095214844,2565400.0
2016-07-27,TISCO.BK,55.0,57.0,55.0,56.0,28.335525512695312,4849800.0
2016-07-28,TISCO.BK,55.75,56.75,54.5,55.0,27.82952880859375,3023100.0
2016-07-29,TISCO.BK,55.25,55.5,53.75,54.0,27.32353973388672,1672800.0
2016-08-01,TISCO.BK,55.0,55.0,53.0,53.0,26.817548751831055,2259200.0
2016-08-02,TISCO.BK,53.5,54.5,53.25,53.25,26.944046020507812,1333500.0
2016-08-03,TISCO.BK,53.25,53.75,53.0,53.25,26.944046020507812,1315400.0
2016-08-04,TISCO.BK,53.5,54.0,52.25,53.75,27.197044372558594,1861000.0
2016-08-05,TISCO.BK,53.75,54.0,53.0,53.5,27.070545196533203,1154200.0
2016-08-08,TISCO.BK,54.0,54.75,52.5,53.25,26.944046020507812,2302100.0
2016-08-09,TISCO.BK,53.0,53.25,52.5,53.25,26.944046020507812,2993000.0
2016-08-10,TISCO.BK,53.5,53.75,52.5,52.75,26.69104766845703,1553000.0
2016-08-11,TISCO.BK,52.75,52.75,51.75,52.0,26.311555862426758,4190300.0
2016-08-15,TISCO.BK,52.0,53.25,51.5,52.0,26.311555862426758,4625800.0
2016-08-16,TISCO.BK,52.25,52.25,50.5,51.0,25.805564880371094,1801300.0
2016-08-17,TISCO.BK,50.75,51.0,50.0,50.75,25.67906951904297,3588300.0
2016-08-18,TISCO.BK,50.75,51.75,50.25,50.75,25.67906951904297,1685600.0
2016-08-19,TISCO.BK,50.75,51.5,50.5,51.0,25.805564880371094,977000.0
2016-08-22,TISCO.BK,51.0,51.75,51.0,51.75,26.185056686401367,892300.0
2016-08-23,TISCO.BK,51.75,52.75,51.5,52.5,26.564556121826172,1535300.0
2016-08-24,TISCO.BK,53.5,53.5,52.25,52.75,26.69104766845703,2464000.0
2016-08-25,TISCO.BK,52.75,53.0,51.75,52.5,26.564556121826172,3094300.0
2016-08-26,TISCO.BK,52.75,53.25,52.5,52.75,26.69104766845703,1724100.0
2016-08-29,TISCO.BK,53.25,53.25,52.25,53.0,26.817548751831055,1566000.0
2016-08-30,TISCO.BK,53.25,54.0,53.0,53.75,27.197044372558594,1735400.0
2016-08-31,TISCO.BK,53.75,54.5,53.25,54.0,27.32353973388672,1559400.0
2016-09-01,TISCO.BK,53.5,54.0,52.25,53.0,26.817548751831055,1408600.0
2016-09-02,TISCO.BK,53.0,53.5,52.25,53.0,26.817548751831055,2263600.0
2016-09-05,TISCO.BK,53.0,53.25,50.5,51.5,26.058557510375977,2514800.0
2016-09-06,TISCO.BK,51.75,52.0,51.25,51.5,26.058557510375977,800500.0
2016-09-07,TISCO.BK,51.5,53.0,51.5,51.75,26.185056686401367,1287900.0
2016-09-08,TISCO.BK,51.5,51.75,50.75,51.0,25.805564880371094,1786700.0
2016-09-09,TISCO.BK,51.0,51.25,51.0,51.0,25.805564880371094,737900.0
2016-09-12,TISCO.BK,51.0,51.5,50.75,51.0,25.805564880371094,1603300.0
2016-09-13,TISCO.BK,51.25,52.0,51.0,51.0,25.805564880371094,1132300.0
2016-09-14,TISCO.BK,51.0,52.0,51.0,51.5,26.058557510375977,540900.0
2016-09-15,TISCO.BK,51.5,53.0,51.5,52.75,26.69104766845703,853700.0
2016-09-16,TISCO.BK,52.5,53.25,51.75,53.0,26.817548751831055,4176300.0
2016-09-19,TISCO.BK,53.5,53.5,52.0,52.75,26.69104766845703,1426400.0
2016-09-20,TISCO.BK,53.0,53.0,52.0,52.5,26.564556121826172,1216100.0
2016-09-21,TISCO.BK,52.75,53.0,52.25,52.75,26.69104766845703,1557000.0
2016-09-22,TISCO.BK,53.25,55.0,52.75,55.0,27.82952880859375,4972900.0
2016-09-23,TISCO.BK,54.0,55.0,53.25,55.0,27.82952880859375,5189200.0
2016-09-26,TISCO.BK,53.75,55.0,53.5,53.75,27.197044372558594,4148100.0
2016-09-27,TISCO.BK,54.0,54.75,53.75,54.0,27.32353973388672,1848500.0
2016-09-28,TISCO.BK,54.0,54.25,53.5,53.5,27.070545196533203,1223500.0
2016-09-29,TISCO.BK,53.75,54.25,53.5,53.75,27.197044372558594,311600.0
2016-09-30,TISCO.BK,53.5,53.75,52.5,52.5,26.564556121826172,1499100.0
2016-10-03,TISCO.BK,52.75,53.25,52.25,52.5,26.564556121826172,1721600.0
2016-10-04,TISCO.BK,52.75,53.25,52.5,52.75,26.69104766845703,2900500.0
2016-10-05,TISCO.BK,52.75,53.0,52.25,53.0,26.817548751831055,2060800.0
2016-10-06,TISCO.BK,53.0,55.0,52.75,54.5,27.576536178588867,1662600.0
2016-10-07,TISCO.BK,54.5,54.75,54.0,54.5,27.576536178588867,1041300.0
2016-10-10,TISCO.BK,53.0,54.25,52.75,53.25,26.944046020507812,1786700.0
2016-10-11,TISCO.BK,53.75,54.0,52.25,53.0,26.817548751831055,1621100.0
2016-10-12,TISCO.BK,52.5,53.0,50.75,52.0,26.311555862426758,2082900.0
2016-10-13,TISCO.BK,51.0,51.75,50.0,51.5,26.058557510375977,2268000.0
2016-10-14,TISCO.BK,52.5,53.75,52.25,52.25,26.43805694580078,3070400.0
2016-10-17,TISCO.BK,52.0,53.75,52.0,53.25,26.944046020507812,1758800.0
2016-10-18,TISCO.BK,53.5,53.5,52.75,53.25,26.944046020507812,1465800.0
2016-10-19,TISCO.BK,53.0,53.25,52.5,53.0,26.817548751831055,1455500.0
2016-10-20,TISCO.BK,53.0,53.25,52.25,52.75,26.69104766845703,1186600.0
2016-10-21,TISCO.BK,53.0,53.25,52.5,53.0,26.817548751831055,736600.0
2016-10-25,TISCO.BK,53.25,53.25,52.75,53.0,26.817548751831055,702900.0
2016-10-26,TISCO.BK,53.0,53.0,52.0,52.0,26.311555862426758,1002200.0
2016-10-27,TISCO.BK,52.0,53.0,51.75,52.75,26.69104766845703,1286900.0
2016-10-28,TISCO.BK,52.75,53.0,52.0,52.0,26.311555862426758,642000.0
2016-10-31,TISCO.BK,52.0,52.5,51.5,51.75,26.185056686401367,766100.0
2016-11-01,TISCO.BK,52.25,53.0,51.25,52.75,26.69104766845703,2037800.0
2016-11-02,TISCO.BK,52.75,52.75,52.0,52.25,26.43805694580078,335900.0
2016-11-03,TISCO.BK,52.25,52.75,52.0,52.25,26.43805694580078,397000.0
2016-11-04,TISCO.BK,52.0,52.25,52.0,52.25,26.43805694580078,469200.0
2016-11-07,TISCO.BK,53.0,54.75,53.0,54.0,27.32353973388672,6365000.0
2016-11-08,TISCO.BK,54.0,56.25,54.0,55.5,28.082529067993164,3413000.0
2016-11-09,TISCO.BK,55.5,55.75,54.0,54.5,27.576536178588867,3349000.0
2016-11-10,TISCO.BK,55.0,55.25,54.0,54.5,27.576536178588867,2759800.0
2016-11-11,TISCO.BK,54.5,55.75,54.0,54.5,27.576536178588867,4527700.0
2016-11-14,TISCO.BK,54.0,54.5,53.0,53.5,27.070545196533203,1990800.0
2016-11-15,TISCO.BK,53.75,54.5,53.25,53.5,27.070545196533203,2931700.0
2016-11-16,TISCO.BK,53.75,54.75,53.75,53.75,27.197044372558594,2113100.0
2016-11-17,TISCO.BK,54.0,55.25,53.75,55.0,27.82952880859375,2161100.0
2016-11-18,TISCO.BK,55.0,55.0,54.25,54.5,27.576536178588867,448900.0
2016-11-21,TISCO.BK,54.75,54.75,54.0,54.0,27.32353973388672,697500.0
2016-11-22,TISCO.BK,54.0,54.0,53.5,54.0,27.32353973388672,2431100.0
2016-11-23,TISCO.BK,54.25,54.25,52.75,54.0,27.32353973388672,3375400.0
2016-11-24,TISCO.BK,54.25,54.5,53.75,54.25,27.450035095214844,313300.0
2016-11-25,TISCO.BK,54.25,54.5,53.75,54.25,27.450035095214844,647900.0
2016-11-28,TISCO.BK,54.0,55.0,53.75,54.0,27.32353973388672,1442500.0
2016-11-29,TISCO.BK,54.0,54.25,53.75,54.0,27.32353973388672,927700.0
2016-11-30,TISCO.BK,54.0,54.25,53.5,54.0,27.32353973388672,1047500.0
2016-12-01,TISCO.BK,54.25,54.5,53.25,53.5,27.070545196533203,2663100.0
2016-12-02,TISCO.BK,53.5,53.75,53.0,53.25,26.944046020507812,1470300.0
2016-12-06,TISCO.BK,53.5,53.5,52.75,53.25,26.944046020507812,2319200.0
2016-12-07,TISCO.BK,53.0,53.25,53.0,53.0,26.817548751831055,1255800.0
2016-12-08,TISCO.BK,53.25,54.0,52.75,53.25,26.944046020507812,3736200.0
2016-12-09,TISCO.BK,53.0,53.25,52.5,52.75,26.69104766845703,3373000.0
2016-12-13,TISCO.BK,53.0,54.0,52.75,54.0,27.32353973388672,1920100.0
2016-12-14,TISCO.BK,54.25,54.25,53.25,53.75,27.197044372558594,1297500.0
2016-12-15,TISCO.BK,53.5,53.75,53.25,53.75,27.197044372558594,1137600.0
2016-12-16,TISCO.BK,54.5,55.25,54.0,55.25,27.95602798461914,7718800.0
2016-12-19,TISCO.BK,55.0,55.75,54.75,55.5,28.082529067993164,3601500.0
2016-12-20,TISCO.BK,55.25,55.75,54.5,54.75,27.703035354614258,3518300.0
2016-12-21,TISCO.BK,55.0,57.25,55.0,56.75,28.715011596679688,8569300.0
2016-12-22,TISCO.BK,57.0,59.25,56.25,58.0,29.347505569458008,12908600.0
2016-12-23,TISCO.BK,58.5,61.75,58.25,60.5,30.612483978271484,13556000.0
2016-12-26,TISCO.BK,60.75,61.5,60.25,60.75,30.73897933959961,2271100.0
2016-12-27,TISCO.BK,61.0,63.5,60.75,62.5,31.624465942382812,6696700.0
2016-12-28,TISCO.BK,62.25,62.5,61.25,62.25,31.497962951660156,3092000.0
2016-12-29,TISCO.BK,61.5,61.75,60.25,61.5,31.11847496032715,3572000.0
2016-12-30,TISCO.BK,61.5,61.75,60.25,60.25,30.485984802246094,3502800.0
2017-01-04,TISCO.BK,61.0,65.25,61.0,65.0,32.88944625854492,10259000.0
2017-01-05,TISCO.BK,64.75,65.75,62.25,63.0,31.877466201782227,12545400.0
2017-01-06,TISCO.BK,63.25,64.5,63.0,63.0,31.877466201782227,7358800.0
2017-01-09,TISCO.BK,63.0,63.5,62.25,62.25,31.497962951660156,6060400.0
2017-01-10,TISCO.BK,62.75,64.0,62.75,63.0,31.877466201782227,6776800.0
2017-01-11,TISCO.BK,63.25,63.5,62.75,62.75,31.75096321105957,3614300.0
2017-01-12,TISCO.BK,63.25,65.0,62.5,62.75,31.75096321105957,6016600.0
2017-01-16,TISCO.BK,63.5,63.75,62.75,63.0,31.877466201782227,1494800.0
2017-01-17,TISCO.BK,63.0,63.25,61.25,61.5,31.11847496032715,3995500.0
2017-01-18,TISCO.BK,61.75,62.75,61.75,62.0,31.371471405029297,5819400.0
2017-01-19,TISCO.BK,61.75,62.0,59.75,60.5,30.612483978271484,5534300.0
2017-01-20,TISCO.BK,61.0,62.5,60.75,62.25,31.497962951660156,6756700.0
2017-01-23,TISCO.BK,62.5,63.25,62.0,63.0,31.877466201782227,5445400.0
2017-01-24,TISCO.BK,62.75,63.0,61.5,62.0,31.371471405029297,2720400.0
2017-01-25,TISCO.BK,62.25,62.5,61.75,62.0,31.371471405029297,2827000.0
2017-01-26,TISCO.BK,62.25,62.75,60.75,61.25,30.991979598999023,4832200.0
2017-01-27,TISCO.BK,61.25,62.0,60.75,61.5,31.11847496032715,2550600.0
2017-01-30,TISCO.BK,61.5,61.75,60.75,61.5,31.11847496032715,2140700.0
2017-01-31,TISCO.BK,61.5,62.0,61.0,61.0,30.865480422973633,3724400.0
2017-02-01,TISCO.BK,61.25,61.75,61.0,61.75,31.24497413635254,3322700.0
2017-02-02,TISCO.BK,61.75,65.0,61.0,65.0,32.88944625854492,11185800.0
2017-02-03,TISCO.BK,64.25,64.5,63.0,63.5,32.13045883178711,6970100.0
2017-02-06,TISCO.BK,63.5,64.0,62.25,62.75,31.75096321105957,6136700.0
2017-02-07,TISCO.BK,63.25,63.75,62.5,62.5,31.624465942382812,5251900.0
2017-02-08,TISCO.BK,63.0,64.25,62.75,64.0,32.38345718383789,4850600.0
2017-02-09,TISCO.BK,64.0,67.5,64.0,67.5,34.154422760009766,11018000.0
2017-02-10,TISCO.BK,67.75,68.75,65.5,67.0,33.901424407958984,10429700.0
2017-02-14,TISCO.BK,67.0,68.25,66.5,67.75,34.28091812133789,5073800.0
2017-02-15,TISCO.BK,68.0,68.5,66.5,67.0,33.901424407958984,4062900.0
2017-02-16,TISCO.BK,67.0,67.5,66.0,66.5,33.648433685302734,4444700.0
2017-02-17,TISCO.BK,67.0,67.0,64.5,65.75,33.26893997192383,7446500.0
2017-02-20,TISCO.BK,66.0,68.0,66.0,67.25,34.02792739868164,3993500.0
2017-02-21,TISCO.BK,67.5,67.75,66.25,66.5,33.648433685302734,2924800.0
2017-02-22,TISCO.BK,66.5,67.5,66.25,67.0,33.901424407958984,2275100.0
2017-02-23,TISCO.BK,67.25,68.75,66.75,67.5,34.154422760009766,8091200.0
2017-02-24,TISCO.BK,67.25,67.75,66.75,67.0,33.901424407958984,1273200.0
2017-02-27,TISCO.BK,67.0,69.5,67.0,69.0,34.913414001464844,7563100.0
2017-02-28,TISCO.BK,69.0,69.25,68.0,68.5,34.66041564941406,3652800.0
2017-03-01,TISCO.BK,68.5,69.0,67.75,68.25,34.53391647338867,2413500.0
2017-03-02,TISCO.BK,68.75,68.75,67.25,67.75,34.28091812133789,2526800.0
2017-03-03,TISCO.BK,68.0,68.0,67.0,67.0,33.901424407958984,2189000.0
2017-03-06,TISCO.BK,67.0,67.5,65.5,66.0,33.39543533325195,3697500.0
2017-03-07,TISCO.BK,65.75,66.0,65.5,65.5,33.14244079589844,1687500.0
2017-03-08,TISCO.BK,65.5,65.75,64.75,65.5,33.14244079589844,3966500.0
2017-03-09,TISCO.BK,65.75,65.75,64.75,65.75,33.26893997192383,3397300.0
2017-03-10,TISCO.BK,65.5,66.0,65.25,65.5,33.14244079589844,1876700.0
2017-03-13,TISCO.BK,65.25,66.75,64.25,66.5,33.648433685302734,2847800.0
2017-03-14,TISCO.BK,66.25,68.0,65.75,66.0,33.39543533325195,6065200.0
2017-03-15,TISCO.BK,65.75,66.5,65.5,65.75,33.26893997192383,4476000.0
2017-03-16,TISCO.BK,66.0,67.25,66.0,66.75,33.774932861328125,4615500.0
2017-03-17,TISCO.BK,67.25,70.0,67.0,69.5,35.166404724121094,10787200.0
2017-03-20,TISCO.BK,69.5,70.75,68.0,68.0,34.40742111206055,6364000.0
2017-03-21,TISCO.BK,68.25,69.0,68.0,68.25,34.53391647338867,3444600.0
2017-03-22,TISCO.BK,68.0,69.75,68.0,69.25,35.03990936279297,4548400.0
2017-03-23,TISCO.BK,69.0,69.5,68.25,68.5,34.66041564941406,3107100.0
2017-03-24,TISCO.BK,68.5,69.5,68.5,69.0,34.913414001464844,1363900.0
2017-03-27,TISCO.BK,69.75,69.75,68.75,69.0,34.913414001464844,1608400.0
2017-03-28,TISCO.BK,69.0,70.0,69.0,69.5,35.166404724121094,2110400.0
2017-03-29,TISCO.BK,69.5,70.75,69.5,69.5,35.166404724121094,4307600.0
2017-03-30,TISCO.BK,70.0,72.5,69.5,72.5,36.68437957763672,6205200.0
2017-03-31,TISCO.BK,72.5,72.5,71.5,71.75,36.30488586425781,4629200.0
2017-04-03,TISCO.BK,72.25,74.25,72.0,73.25,37.063873291015625,4685500.0
2017-04-04,TISCO.BK,73.25,73.75,71.5,72.25,36.55788040161133,3739800.0
2017-04-05,TISCO.BK,72.25,72.5,70.75,71.25,36.0518913269043,4680100.0
2017-04-07,TISCO.BK,71.25,72.0,70.75,71.5,36.17838668823242,5093800.0
2017-04-10,TISCO.BK,71.5,72.0,71.0,71.5,36.17838668823242,3238500.0
2017-04-11,TISCO.BK,71.25,71.75,71.0,71.0,35.925392150878906,3492100.0
2017-04-12,TISCO.BK,71.25,72.0,71.0,71.25,36.0518913269043,3298900.0
2017-04-17,TISCO.BK,71.25,72.25,70.75,71.5,36.17838668823242,2487600.0
2017-04-18,TISCO.BK,72.25,74.0,72.25,73.5,37.190372467041016,8782900.0
2017-04-19,TISCO.BK,74.0,75.5,73.25,73.5,37.190372467041016,9469900.0
2017-04-20,TISCO.BK,73.5,75.0,73.0,73.75,37.316871643066406,10906400.0
2017-04-21,TISCO.BK,74.25,77.0,74.0,76.75,38.83484649658203,6551200.0
2017-04-24,TISCO.BK,76.75,78.0,75.75,76.0,38.45534896850586,4558800.0
2017-04-25,TISCO.BK,76.5,77.0,75.25,76.25,38.581851959228516,4036700.0
2017-04-26,TISCO.BK,73.25,74.0,72.0,72.5,38.44926834106445,6412300.0
2017-04-27,TISCO.BK,73.0,75.5,72.75,73.75,39.112186431884766,6164600.0
2017-04-28,TISCO.BK,73.75,76.25,73.75,76.25,40.438018798828125,5941600.0
2017-05-02,TISCO.BK,76.25,76.25,73.75,74.0,39.24477005004883,2004700.0
2017-05-03,TISCO.BK,74.0,74.5,73.5,73.5,38.97959899902344,5081600.0
2017-05-04,TISCO.BK,74.5,75.0,73.75,74.75,39.64252471923828,4079200.0
2017-05-08,TISCO.BK,75.0,75.25,73.75,73.75,39.112186431884766,4541600.0
2017-05-09,TISCO.BK,74.0,74.5,71.5,72.0,38.18410110473633,6618400.0
2017-05-11,TISCO.BK,72.25,76.0,72.25,75.5,40.0402717590332,8550800.0
2017-05-12,TISCO.BK,75.5,75.5,73.75,75.0,39.77510452270508,4061500.0
2017-05-15,TISCO.BK,74.25,74.25,74.25,74.25,39.37735366821289,155400.0
2017-05-16,TISCO.BK,74.25,76.0,74.25,76.0,40.30543518066406,2707400.0
2017-05-17,TISCO.BK,76.0,80.25,75.5,80.0,42.42677307128906,8595800.0
2017-05-18,TISCO.BK,79.5,80.75,78.75,79.5,42.1616096496582,8852200.0
2017-05-19,TISCO.BK,79.75,79.75,77.75,78.25,41.49869155883789,8003100.0
2017-05-22,TISCO.BK,78.25,80.0,78.25,78.5,41.63127517700195,3953800.0
2017-05-23,TISCO.BK,78.75,79.0,78.0,78.25,41.49869155883789,2215300.0
2017-05-24,TISCO.BK,78.25,78.5,76.25,77.0,40.83576965332031,5273600.0
2017-05-25,TISCO.BK,78.0,78.0,75.0,76.25,40.438018798828125,5611700.0
2017-05-26,TISCO.BK,76.25,77.5,75.75,76.25,40.438018798828125,3509400.0
2017-05-29,TISCO.BK,76.25,77.0,76.25,76.5,40.57059860229492,2379100.0
2017-05-30,TISCO.BK,76.5,76.75,75.5,76.25,40.438018798828125,2893000.0
2017-05-31,TISCO.BK,76.75,77.0,75.5,76.25,40.438018798828125,3750900.0
2017-06-01,TISCO.BK,76.0,76.25,75.5,76.0,40.30543518066406,1594000.0
2017-06-02,TISCO.BK,76.0,76.75,76.0,76.25,40.438018798828125,4462000.0
2017-06-05,TISCO.BK,76.25,76.5,75.75,76.0,40.30543518066406,3160000.0
2017-06-06,TISCO.BK,75.75,78.25,75.75,78.0,41.36610412597656,3915500.0
2017-06-07,TISCO.BK,77.75,78.0,77.0,77.25,40.968353271484375,1790600.0
2017-06-08,TISCO.BK,77.0,77.75,76.5,77.25,40.968353271484375,3571200.0
2017-06-09,TISCO.BK,75.25,75.75,73.0,75.25,39.90768814086914,13104300.0
2017-06-12,TISCO.BK,74.75,75.25,73.5,74.25,39.37735366821289,5715500.0
2017-06-13,TISCO.BK,74.25,76.0,74.25,75.25,39.90768814086914,5297200.0
2017-06-14,TISCO.BK,76.0,77.25,75.5,77.0,40.83576965332031,3936600.0
2017-06-15,TISCO.BK,76.75,78.25,76.25,76.75,40.70318603515625,4348800.0
2017-06-16,TISCO.BK,76.75,77.5,76.5,77.0,40.83576965332031,1591500.0
2017-06-19,TISCO.BK,77.0,78.25,76.75,77.25,40.968353271484375,2362300.0
2017-06-20,TISCO.BK,77.5,78.5,77.25,77.25,40.968353271484375,2647800.0
2017-06-21,TISCO.BK,77.25,78.0,77.0,77.25,40.968353271484375,1427000.0
2017-06-22,TISCO.BK,77.75,78.25,77.25,77.5,41.10094451904297,2210100.0
2017-06-23,TISCO.BK,77.75,78.0,77.0,77.0,40.83576965332031,1777100.0
2017-06-26,TISCO.BK,77.25,77.75,77.0,77.5,41.10094451904297,2755600.0
2017-06-27,TISCO.BK,77.5,78.25,77.0,77.25,40.968353271484375,3273800.0
2017-06-28,TISCO.BK,77.5,78.25,77.25,77.5,41.10094451904297,3752900.0
2017-06-29,TISCO.BK,77.75,78.0,77.25,77.5,41.10094451904297,1207300.0
2017-06-30,TISCO.BK,77.5,77.5,74.75,76.0,40.30543518066406,7573000.0
2017-07-03,TISCO.BK,76.0,77.0,75.75,76.0,40.30543518066406,2642700.0
2017-07-04,TISCO.BK,76.0,76.25,74.75,75.0,39.77510452270508,3774000.0
2017-07-05,TISCO.BK,74.5,75.0,71.5,72.0,38.18410110473633,15991500.0
2017-07-06,TISCO.BK,72.0,72.0,70.25,71.5,37.91893005371094,8854500.0
2017-07-07,TISCO.BK,71.75,73.25,71.5,72.75,38.581851959228516,6094500.0
2017-07-11,TISCO.BK,73.5,73.5,73.0,73.0,38.71443176269531,4028200.0
2017-07-12,TISCO.BK,73.5,75.0,73.25,74.75,39.64252471923828,8388100.0
2017-07-13,TISCO.BK,75.0,76.75,75.0,76.75,40.70318603515625,12427000.0
2017-07-14,TISCO.BK,77.0,78.0,76.75,78.0,41.36610412597656,5772500.0
2017-07-17,TISCO.BK,77.75,77.75,74.75,74.75,39.64252471923828,6073300.0
2017-07-18,TISCO.BK,74.75,75.75,74.0,74.75,39.64252471923828,6853500.0
2017-07-19,TISCO.BK,75.0,75.0,74.0,74.25,39.37735366821289,2796700.0
2017-07-20,TISCO.BK,74.25,74.75,73.25,73.5,38.97959899902344,3288600.0
2017-07-21,TISCO.BK,73.75,74.25,73.25,74.0,39.24477005004883,2778200.0
2017-07-24,TISCO.BK,74.0,74.5,73.75,73.75,39.112186431884766,1107400.0
2017-07-25,TISCO.BK,73.75,74.5,72.0,72.5,38.44926834106445,5074000.0
2017-07-26,TISCO.BK,72.5,73.25,72.25,72.5,38.44926834106445,3982900.0
2017-07-27,TISCO.BK,72.5,73.75,72.5,73.0,38.71443176269531,5108700.0
2017-07-31,TISCO.BK,73.0,74.5,72.75,73.75,39.112186431884766,5641800.0
2017-08-01,TISCO.BK,73.5,74.0,72.75,72.75,38.581851959228516,3578000.0
2017-08-02,TISCO.BK,73.0,73.5,72.75,73.25,38.84701919555664,2221800.0
2017-08-03,TISCO.BK,73.25,73.25,72.5,72.75,38.581851959228516,2552000.0
2017-08-04,TISCO.BK,72.75,73.0,72.5,72.75,38.581851959228516,1162300.0
2017-08-07,TISCO.BK,72.5,73.25,72.5,72.75,38.581851959228516,668300.0
2017-08-08,TISCO.BK,72.75,73.25,72.5,73.25,38.84701919555664,2176800.0
2017-08-09,TISCO.BK,73.25,73.5,72.0,72.75,38.581851959228516,1263200.0
2017-08-10,TISCO.BK,72.5,73.25,72.5,72.75,38.581851959228516,855800.0
2017-08-11,TISCO.BK,72.5,73.0,72.25,72.75,38.581851959228516,1364400.0
2017-08-15,TISCO.BK,72.75,73.0,72.25,72.5,38.44926834106445,1873500.0
2017-08-16,TISCO.BK,72.25,72.75,72.25,72.5,38.44926834106445,1382200.0
2017-08-17,TISCO.BK,72.25,72.5,70.75,71.5,37.91893005371094,4736800.0
2017-08-18,TISCO.BK,71.25,71.5,69.5,70.25,37.25601577758789,4958500.0
2017-08-21,TISCO.BK,70.25,72.25,69.5,72.0,38.18410110473633,5679500.0
2017-08-22,TISCO.BK,72.0,73.0,71.5,72.5,38.44926834106445,3615700.0
2017-08-23,TISCO.BK,73.0,73.25,72.5,72.75,38.581851959228516,2596800.0
2017-08-24,TISCO.BK,72.75,74.5,72.75,74.0,39.24477005004883,3063100.0
2017-08-25,TISCO.BK,73.75,73.75,73.0,73.25,38.84701919555664,1586700.0
2017-08-28,TISCO.BK,74.25,74.25,74.25,74.25,39.37735366821289,224300.0
2017-08-29,TISCO.BK,74.25,77.0,74.25,75.5,40.0402717590332,8348000.0
2017-08-30,TISCO.BK,75.75,75.75,74.25,74.75,39.64252471923828,4543900.0
2017-08-31,TISCO.BK,74.75,75.0,74.5,74.75,39.64252471923828,2586300.0
2017-09-01,TISCO.BK,75.0,75.75,74.75,75.0,39.77510452270508,1730400.0
2017-09-04,TISCO.BK,75.0,75.25,74.0,74.25,39.37735366821289,2626200.0
2017-09-05,TISCO.BK,74.25,74.5,73.25,73.75,39.112186431884766,2335500.0
2017-09-06,TISCO.BK,73.5,75.5,73.25,75.5,40.0402717590332,3058800.0
2017-09-07,TISCO.BK,75.5,75.75,74.25,74.75,39.64252471923828,3855200.0
2017-09-08,TISCO.BK,75.5,75.5,74.0,74.5,39.50993728637695,4212000.0
2017-09-11,TISCO.BK,75.0,75.0,73.5,73.5,38.97959899902344,2771100.0
2017-09-12,TISCO.BK,74.0,74.0,72.75,73.25,38.84701919555664,4351200.0
2017-09-13,TISCO.BK,73.75,73.75,73.0,73.25,38.84701919555664,3037500.0
2017-09-14,TISCO.BK,73.75,73.75,72.75,73.25,38.84701919555664,3353900.0
2017-09-15,TISCO.BK,73.25,73.5,72.25,73.25,38.84701919555664,5005700.0
2017-09-18,TISCO.BK,72.75,73.5,72.75,73.0,38.71443176269531,3563800.0
2017-09-19,TISCO.BK,73.25,74.5,73.0,74.5,39.50993728637695,5108000.0
2017-09-20,TISCO.BK,74.25,74.75,73.75,74.5,39.50993728637695,2689500.0
2017-09-21,TISCO.BK,75.0,75.5,74.75,75.25,39.90768814086914,4628700.0
2017-09-22,TISCO.BK,75.25,75.25,74.5,74.5,39.50993728637695,2905400.0
2017-09-25,TISCO.BK,74.5,76.0,74.5,76.0,40.30543518066406,4182700.0
2017-09-26,TISCO.BK,76.25,77.5,75.5,77.5,41.10094451904297,6414100.0
2017-09-27,TISCO.BK,77.5,77.5,76.75,77.25,40.968353271484375,3124200.0
2017-09-28,TISCO.BK,77.25,77.25,76.0,76.75,40.70318603515625,3033100.0
2017-09-29,TISCO.BK,76.75,77.25,76.5,77.0,40.83576965332031,1637400.0
2017-10-02,TISCO.BK,77.0,78.5,76.75,78.25,41.49869155883789,6636500.0
2017-10-03,TISCO.BK,79.0,79.75,78.75,79.25,42.02902603149414,6342100.0
2017-10-04,TISCO.BK,79.75,81.0,79.5,80.25,42.559356689453125,10065900.0
2017-10-05,TISCO.BK,80.5,80.75,79.5,80.0,42.42677307128906,3358800.0
2017-10-06,TISCO.BK,80.0,81.5,80.0,81.5,43.22227478027344,7012400.0
2017-10-09,TISCO.BK,81.75,82.0,80.25,80.5,42.69194412231445,2408500.0
2017-10-10,TISCO.BK,80.75,81.0,78.75,80.0,42.42677307128906,7015100.0
2017-10-11,TISCO.BK,81.25,82.25,80.75,81.5,43.22227478027344,4707100.0
2017-10-12,TISCO.BK,82.25,86.75,81.25,86.5,45.87395095825195,14006400.0
2017-10-16,TISCO.BK,86.5,86.5,86.5,86.5,45.87395095825195,264200.0
2017-10-17,TISCO.BK,86.5,86.5,83.75,84.25,44.680702209472656,7109300.0
2017-10-18,TISCO.BK,84.5,85.25,84.0,84.5,44.81328582763672,2561500.0
2017-10-19,TISCO.BK,84.5,85.25,82.75,83.25,44.150360107421875,3485900.0
2017-10-20,TISCO.BK,83.25,84.75,83.0,84.25,44.680702209472656,4801900.0
2017-10-24,TISCO.BK,84.5,86.0,84.5,85.25,45.211036682128906,5509500.0
2017-10-25,TISCO.BK,87.0,90.25,86.75,89.25,47.332374572753906,15346400.0
2017-10-27,TISCO.BK,89.0,89.0,88.0,88.25,46.80203628540039,2627900.0
2017-10-30,TISCO.BK,88.5,88.5,85.25,87.0,46.139122009277344,5954200.0
2017-10-31,TISCO.BK,87.0,89.0,86.25,87.75,46.53687286376953,3377500.0
2017-11-01,TISCO.BK,87.75,88.5,87.0,88.0,46.669456481933594,2000000.0
2017-11-02,TISCO.BK,88.5,88.5,87.0,88.25,46.80203628540039,3268100.0
2017-11-03,TISCO.BK,88.25,88.25,85.5,86.0,45.608787536621094,4638300.0
2017-11-06,TISCO.BK,85.75,87.75,85.75,87.75,46.53687286376953,1391600.0
2017-11-07,TISCO.BK,87.75,87.75,86.25,87.0,46.139122009277344,2149700.0
2017-11-08,TISCO.BK,86.75,87.75,86.0,87.0,46.139122009277344,2522500.0
2017-11-09,TISCO.BK,87.0,87.5,86.25,86.25,45.74136734008789,2189000.0
2017-11-10,TISCO.BK,86.0,87.25,86.0,86.5,45.87395095825195,1279900.0
2017-11-13,TISCO.BK,86.5,89.0,86.0,89.0,47.19978713989258,3971700.0
2017-11-14,TISCO.BK,89.0,89.0,87.25,87.75,46.53687286376953,3477800.0
2017-11-15,TISCO.BK,87.5,88.25,87.0,87.75,46.53687286376953,1752300.0
2017-11-16,TISCO.BK,88.0,88.0,86.5,87.0,46.139122009277344,3655200.0
2017-11-17,TISCO.BK,87.5,90.5,87.0,90.0,47.730125427246094,8067700.0
2017-11-20,TISCO.BK,90.5,92.0,90.5,90.5,47.99529266357422,5914900.0
2017-11-21,TISCO.BK,89.25,89.25,89.25,89.25,47.332374572753906,4861100.0
2017-11-22,TISCO.BK,89.25,89.25,87.75,87.75,46.53687286376953,5051800.0
2017-11-23,TISCO.BK,88.0,88.75,87.5,87.5,46.40428161621094,2475200.0
2017-11-24,TISCO.BK,87.25,88.0,86.0,87.0,46.139122009277344,2725600.0
2017-11-27,TISCO.BK,86.5,86.5,82.5,83.25,44.150360107421875,10832100.0
2017-11-28,TISCO.BK,83.5,85.5,83.5,85.5,45.34361267089844,7103600.0
2017-11-29,TISCO.BK,86.0,89.0,86.0,87.5,46.40428161621094,8849600.0
2017-11-30,TISCO.BK,87.25,88.25,86.0,88.25,46.80203628540039,4654100.0
2017-12-01,TISCO.BK,88.5,88.5,85.75,85.75,45.47620391845703,5456600.0
2017-12-04,TISCO.BK,86.5,86.5,85.0,85.5,45.34361267089844,2152700.0
2017-12-06,TISCO.BK,84.75,85.0,83.5,85.0,45.078453063964844,3866100.0
2017-12-07,TISCO.BK,84.5,85.25,84.5,85.0,45.078453063964844,1564300.0
2017-12-08,TISCO.BK,85.5,86.0,84.75,85.0,45.078453063964844,2095400.0
2017-12-12,TISCO.BK,85.0,85.75,84.5,85.0,45.078453063964844,2046200.0
2017-12-13,TISCO.BK,84.75,85.5,84.5,85.0,45.078453063964844,1545700.0
2017-12-14,TISCO.BK,85.0,87.5,84.75,85.75,45.47620391845703,8161600.0
2017-12-15,TISCO.BK,86.0,87.0,85.25,87.0,46.139122009277344,3858300.0
2017-12-18,TISCO.BK,88.0,88.0,87.0,87.25,46.271705627441406,3786300.0
2017-12-19,TISCO.BK,88.25,88.5,87.5,88.0,46.669456481933594,4909000.0
2017-12-20,TISCO.BK,87.75,88.75,87.0,88.25,46.80203628540039,5995500.0
2017-12-21,TISCO.BK,88.0,88.5,87.5,87.75,46.53687286376953,2919300.0
2017-12-22,TISCO.BK,88.0,88.5,87.75,88.0,46.669456481933594,5947900.0
2017-12-25,TISCO.BK,88.25,91.0,88.25,90.5,47.99529266357422,7260400.0
2017-12-26,TISCO.BK,90.25,91.0,89.75,90.75,48.12787628173828,4712400.0
2017-12-27,TISCO.BK,90.5,90.75,88.75,89.0,47.19978713989258,4122000.0
2017-12-28,TISCO.BK,88.75,89.0,87.5,88.25,46.80203628540039,3789700.0
2017-12-29,TISCO.BK,88.75,89.0,88.25,88.5,46.93463134765625,1562000.0
2018-01-03,TISCO.BK,88.75,90.25,88.75,89.5,47.46495056152344,7112300.0
2018-01-04,TISCO.BK,89.5,91.5,89.5,90.25,47.86271286010742,8068200.0
2018-01-05,TISCO.BK,90.75,91.75,90.25,91.25,48.393043518066406,6352100.0
2018-01-08,TISCO.BK,91.75,94.5,91.5,93.25,49.45371627807617,10786800.0
2018-01-09,TISCO.BK,93.75,93.75,93.75,93.75,49.71887969970703,314100.0
2018-01-10,TISCO.BK,94.0,94.75,93.25,93.5,49.586299896240234,4110700.0
2018-01-11,TISCO.BK,93.0,93.0,90.5,91.5,48.52561950683594,8463500.0
2018-01-12,TISCO.BK,92.0,95.0,92.0,94.25,49.98403549194336,9665400.0
2018-01-15,TISCO.BK,94.0,94.25,91.5,91.75,48.658206939697266,10995500.0
2018-01-16,TISCO.BK,91.75,92.5,90.5,91.0,48.26045608520508,6267800.0
2018-01-17,TISCO.BK,91.0,92.0,89.0,89.0,47.19978713989258,13746600.0
2018-01-18,TISCO.BK,89.25,90.5,89.0,89.0,47.19978713989258,6591300.0
2018-01-19,TISCO.BK,88.25,89.5,88.25,89.5,47.46495056152344,4356800.0
2018-01-22,TISCO.BK,89.75,90.5,89.5,90.25,47.86271286010742,3459400.0
2018-01-23,TISCO.BK,90.25,91.25,90.0,90.5,47.99529266357422,5437300.0
2018-01-24,TISCO.BK,90.0,91.0,90.0,90.5,47.99529266357422,7523800.0
2018-01-25,TISCO.BK,91.0,92.25,90.5,90.75,48.12787628173828,6803400.0
2018-01-26,TISCO.BK,90.5,91.0,89.25,90.5,47.99529266357422,3462800.0
2018-01-29,TISCO.BK,90.75,91.0,90.0,90.5,47.99529266357422,4208800.0
2018-01-30,TISCO.BK,90.5,90.5,89.75,89.75,47.597537994384766,2598700.0
2018-01-31,TISCO.BK,89.5,90.5,88.5,88.5,46.93463134765625,8433400.0
2018-02-01,TISCO.BK,88.5,88.75,87.25,87.75,46.53687286376953,10900800.0
2018-02-02,TISCO.BK,87.5,88.25,87.0,87.5,46.40428161621094,4684300.0
2018-02-05,TISCO.BK,86.25,86.75,86.0,86.5,45.87395095825195,4081000.0
2018-02-06,TISCO.BK,84.0,87.5,83.75,87.0,46.139122009277344,8999000.0
2018-02-07,TISCO.BK,87.25,87.75,86.5,86.75,46.00653076171875,3764300.0
2018-02-08,TISCO.BK,86.75,87.75,86.5,87.5,46.40428161621094,2679600.0
2018-02-09,TISCO.BK,86.25,87.75,86.25,87.75,46.53687286376953,3164500.0
2018-02-12,TISCO.BK,88.0,88.75,87.5,88.75,47.067203521728516,2459000.0
2018-02-13,TISCO.BK,89.0,89.0,87.5,87.5,46.40428161621094,2317400.0
2018-02-14,TISCO.BK,87.25,87.75,86.75,87.0,46.139122009277344,2228500.0
2018-02-15,TISCO.BK,86.75,88.5,86.5,88.5,46.93463134765625,3499700.0
2018-02-16,TISCO.BK,89.0,90.25,89.0,89.5,47.46495056152344,4530900.0
2018-02-19,TISCO.BK,89.5,90.0,89.25,89.25,47.332374572753906,1655900.0
2018-02-20,TISCO.BK,89.0,90.0,88.25,88.5,46.93463134765625,5520700.0
2018-02-21,TISCO.BK,88.0,88.0,85.75,86.25,45.74136734008789,12149500.0
2018-02-22,TISCO.BK,86.5,86.75,85.5,86.0,45.608787536621094,4264500.0
2018-02-23,TISCO.BK,86.25,87.25,86.0,86.75,46.00653076171875,2487600.0
2018-02-26,TISCO.BK,87.0,87.25,86.25,86.75,46.00653076171875,3067400.0
2018-02-27,TISCO.BK,89.5,90.75,89.0,89.0,47.19978713989258,12620500.0
2018-02-28,TISCO.BK,88.75,89.5,88.5,88.5,46.93463134765625,5121300.0
2018-03-02,TISCO.BK,88.5,89.25,88.0,88.5,46.93463134765625,6153800.0
2018-03-05,TISCO.BK,88.75,89.0,87.25,87.75,46.53687286376953,5296700.0
2018-03-06,TISCO.BK,88.0,88.0,88.0,88.0,46.669456481933594,233800.0
2018-03-07,TISCO.BK,88.0,88.0,86.5,87.0,46.139122009277344,4787100.0
2018-03-08,TISCO.BK,87.0,87.25,86.25,87.0,46.139122009277344,3718800.0
2018-03-09,TISCO.BK,87.75,87.75,86.5,87.0,46.139122009277344,4473400.0
2018-03-12,TISCO.BK,87.0,87.75,87.0,87.5,46.40428161621094,3266500.0
2018-03-13,TISCO.BK,87.5,87.75,86.75,87.25,46.271705627441406,3628800.0
2018-03-14,TISCO.BK,87.0,88.75,87.0,88.5,46.93463134765625,3774500.0
2018-03-15,TISCO.BK,88.75,89.5,88.5,89.5,47.46495056152344,2939900.0
2018-03-16,TISCO.BK,89.75,91.0,89.25,91.0,48.26045608520508,8532900.0
2018-03-19,TISCO.BK,91.5,91.75,90.25,90.5,47.99529266357422,5319400.0
2018-03-20,TISCO.BK,90.5,90.75,89.75,90.0,47.730125427246094,2037000.0
2018-03-21,TISCO.BK,90.25,90.5,90.0,90.5,47.99529266357422,1782400.0
2018-03-22,TISCO.BK,90.5,91.75,90.5,90.75,48.12787628173828,5080600.0
2018-03-23,TISCO.BK,89.75,90.25,89.5,90.0,47.730125427246094,3239400.0
2018-03-26,TISCO.BK,90.0,91.0,90.0,90.25,47.86271286010742,1074000.0
2018-03-27,TISCO.BK,90.5,90.75,90.0,90.25,47.86271286010742,2360300.0
2018-03-28,TISCO.BK,90.25,90.5,89.25,89.25,47.332374572753906,3373400.0
2018-03-29,TISCO.BK,89.25,89.75,87.75,88.0,46.669456481933594,5687100.0
2018-03-30,TISCO.BK,88.5,90.25,88.5,89.75,47.597537994384766,4261500.0
2018-04-02,TISCO.BK,89.5,91.75,89.25,91.25,48.393043518066406,6274400.0
2018-04-03,TISCO.BK,90.75,91.25,90.5,90.75,48.12787628173828,3873200.0
2018-04-04,TISCO.BK,91.25,91.25,87.0,87.75,46.53687286376953,11450700.0
2018-04-05,TISCO.BK,88.0,89.0,87.25,88.75,47.067203521728516,4422100.0
2018-04-09,TISCO.BK,88.75,91.25,88.75,91.25,48.393043518066406,5990400.0
2018-04-10,TISCO.BK,91.25,91.5,90.5,91.25,48.393043518066406,2243600.0
2018-04-11,TISCO.BK,91.5,91.5,90.75,91.0,48.26045608520508,1902200.0
2018-04-12,TISCO.BK,91.0,91.25,90.5,91.25,48.393043518066406,2242300.0
2018-04-17,TISCO.BK,91.5,92.5,91.25,91.75,48.658206939697266,5003000.0
2018-04-18,TISCO.BK,92.5,93.5,92.0,93.25,49.45371627807617,7984500.0
2018-04-19,TISCO.BK,93.5,94.75,93.25,94.5,50.11663055419922,6341100.0
2018-04-20,TISCO.BK,94.5,94.75,92.75,93.0,49.32113265991211,7862400.0
2018-04-23,TISCO.BK,93.5,94.25,93.25,93.5,49.586299896240234,3385500.0
2018-04-24,TISCO.BK,93.5,93.5,92.0,92.75,49.188541412353516,4561900.0
2018-04-25,TISCO.BK,92.25,93.0,92.0,92.75,49.188541412353516,3525600.0
2018-04-26,TISCO.BK,92.75,93.75,92.75,93.0,49.32113265991211,8297600.0
2018-04-27,TISCO.BK,87.75,88.75,87.0,88.5,49.60137176513672,7453600.0
2018-04-30,TISCO.BK,88.25,89.25,88.25,88.75,49.741477966308594,2832100.0
2018-05-02,TISCO.BK,88.5,88.75,87.5,88.5,49.60137176513672,2297300.0
2018-05-03,TISCO.BK,88.25,88.25,87.25,87.25,48.900779724121094,3292700.0
2018-05-04,TISCO.BK,87.0,87.75,86.75,86.75,48.62053680419922,2406200.0
2018-05-07,TISCO.BK,87.0,87.0,84.25,84.75,47.49960708618164,8900000.0
2018-05-08,TISCO.BK,85.0,85.75,84.5,84.5,47.3594970703125,3005000.0
2018-05-09,TISCO.BK,84.5,85.5,84.25,85.0,47.63972854614258,2417600.0
2018-05-10,TISCO.BK,85.25,87.75,85.25,87.75,49.18101501464844,6856100.0
2018-05-11,TISCO.BK,87.5,89.25,86.5,88.5,49.60137176513672,4936700.0
2018-05-14,TISCO.BK,88.5,88.75,88.0,88.0,49.321128845214844,1699900.0
2018-05-15,TISCO.BK,88.0,88.5,87.75,88.25,49.46124267578125,2583200.0
2018-05-16,TISCO.BK,87.5,88.0,86.5,87.0,48.76066207885742,1867800.0
2018-05-17,TISCO.BK,87.0,87.25,85.5,86.0,48.2001953125,2138400.0
2018-05-18,TISCO.BK,85.75,86.0,85.0,85.25,47.77984619140625,2098600.0
2018-05-21,TISCO.BK,85.0,86.5,85.0,86.5,48.48042678833008,2348500.0
2018-05-22,TISCO.BK,86.25,86.25,85.5,85.75,48.060081481933594,1743400.0
2018-05-23,TISCO.BK,85.75,87.0,85.75,86.5,48.48042678833008,2950800.0
2018-05-24,TISCO.BK,86.25,86.5,85.5,86.0,48.2001953125,1947000.0
2018-05-25,TISCO.BK,85.75,86.0,85.0,85.25,47.77984619140625,2669400.0
2018-05-28,TISCO.BK,85.5,87.5,85.0,87.25,48.900779724121094,4446200.0
2018-05-30,TISCO.BK,86.0,86.0,85.25,85.5,47.91995620727539,3778800.0
2018-05-31,TISCO.BK,85.25,85.5,82.75,83.0,46.51879119873047,6980700.0
2018-06-01,TISCO.BK,82.5,83.75,82.5,83.5,46.79902648925781,2111200.0
2018-06-04,TISCO.BK,83.25,83.25,82.75,83.25,46.658905029296875,1263700.0
2018-06-05,TISCO.BK,83.75,86.25,83.75,86.25,48.340309143066406,7858200.0
2018-06-06,TISCO.BK,86.75,87.0,86.25,87.0,48.76066207885742,4255700.0
2018-06-07,TISCO.BK,87.5,87.5,86.0,86.25,48.340309143066406,1413800.0
2018-06-08,TISCO.BK,86.0,86.5,85.75,86.5,48.48042678833008,1441400.0
2018-06-11,TISCO.BK,86.75,87.5,86.25,87.5,49.040889739990234,2312900.0
2018-06-12,TISCO.BK,87.25,87.5,86.5,87.0,48.76066207885742,2313000.0
2018-06-13,TISCO.BK,86.75,87.25,86.5,87.25,48.900779724121094,1212300.0
2018-06-14,TISCO.BK,87.25,87.5,86.5,87.5,49.040889739990234,2333600.0
2018-06-15,TISCO.BK,87.75,88.25,86.5,88.25,49.46124267578125,3187500.0
2018-06-18,TISCO.BK,87.25,87.5,87.0,87.25,48.900779724121094,1265500.0
2018-06-19,TISCO.BK,86.75,87.0,85.75,86.0,48.2001953125,4162300.0
2018-06-20,TISCO.BK,86.0,88.25,86.0,88.0,49.321128845214844,3149900.0
2018-06-21,TISCO.BK,87.0,87.5,85.5,86.5,48.48042678833008,3928500.0
2018-06-22,TISCO.BK,87.5,88.5,87.0,88.5,49.60137176513672,5163600.0
2018-06-25,TISCO.BK,88.5,88.5,86.0,87.0,48.76066207885742,2825700.0
2018-06-26,TISCO.BK,86.0,86.5,85.5,85.75,48.060081481933594,3508800.0
2018-06-27,TISCO.BK,85.75,86.5,85.0,85.5,47.91995620727539,2343700.0
2018-06-28,TISCO.BK,85.0,85.25,83.75,84.25,47.21937942504883,3001700.0
2018-06-29,TISCO.BK,84.0,84.5,83.5,84.0,47.07926559448242,2491600.0
2018-07-02,TISCO.BK,84.0,87.5,83.25,87.25,48.900779724121094,4070900.0
2018-07-03,TISCO.BK,86.5,87.0,85.0,87.0,48.76066207885742,3417200.0
2018-07-04,TISCO.BK,87.0,87.0,85.5,85.75,48.060081481933594,2565200.0
2018-07-05,TISCO.BK,85.5,85.5,83.0,83.75,46.939144134521484,3322300.0
2018-07-06,TISCO.BK,83.75,85.5,83.5,83.75,46.939144134521484,3008000.0
2018-07-09,TISCO.BK,84.5,86.0,84.25,85.75,48.060081481933594,2130000.0
2018-07-10,TISCO.BK,86.0,86.25,85.5,86.25,48.340309143066406,1069000.0
2018-07-11,TISCO.BK,86.25,87.25,85.75,86.75,48.62053680419922,2793400.0
2018-07-12,TISCO.BK,85.75,85.75,83.25,84.0,47.07926559448242,11778400.0
2018-07-13,TISCO.BK,84.0,84.25,80.0,80.5,45.11762237548828,17414500.0
2018-07-16,TISCO.BK,79.75,80.0,73.75,74.25,41.61470413208008,28043600.0
2018-07-17,TISCO.BK,73.25,75.25,72.25,73.75,41.334468841552734,25674300.0
2018-07-18,TISCO.BK,75.0,76.75,74.75,76.0,42.595516204833984,15616800.0
2018-07-19,TISCO.BK,76.25,76.5,75.25,76.0,42.595516204833984,5028900.0
2018-07-20,TISCO.BK,76.25,77.5,76.0,77.0,43.155982971191406,12550800.0
2018-07-23,TISCO.BK,77.0,78.0,76.75,77.75,43.57633590698242,4916300.0
2018-07-24,TISCO.BK,78.25,78.25,76.5,77.0,43.155982971191406,6147100.0
2018-07-25,TISCO.BK,77.25,77.75,77.0,77.25,43.29610061645508,3659500.0
2018-07-26,TISCO.BK,77.5,78.25,77.0,78.0,43.71644973754883,5759300.0
2018-07-31,TISCO.BK,78.0,78.25,76.5,78.0,43.71644973754883,7158500.0
2018-08-01,TISCO.BK,78.0,78.75,77.5,78.5,43.99668884277344,4289500.0
2018-08-02,TISCO.BK,78.25,79.75,78.0,79.0,44.276920318603516,6430000.0
2018-08-03,TISCO.BK,79.25,79.75,78.75,79.0,44.276920318603516,3132000.0
2018-08-06,TISCO.BK,79.25,79.5,78.25,78.75,44.136802673339844,1837700.0
2018-08-07,TISCO.BK,78.5,79.25,78.25,79.25,44.41703796386719,2525000.0
2018-08-08,TISCO.BK,79.0,79.5,78.5,79.0,44.276920318603516,2295400.0
2018-08-09,TISCO.BK,79.25,80.25,78.75,79.5,44.55715560913086,3045500.0
2018-08-10,TISCO.BK,79.5,79.75,78.5,78.5,43.99668884277344,1587200.0
2018-08-14,TISCO.BK,78.0,78.75,78.0,78.75,44.136802673339844,3421800.0
2018-08-15,TISCO.BK,78.75,79.25,78.25,78.25,43.856571197509766,5172800.0
2018-08-16,TISCO.BK,78.0,78.5,77.5,78.0,43.71644973754883,4971200.0
2018-08-17,TISCO.BK,78.25,79.25,78.25,78.5,43.99668884277344,1566000.0
2018-08-20,TISCO.BK,78.5,79.0,78.25,78.75,44.136802673339844,1760300.0
2018-08-21,TISCO.BK,79.0,79.75,78.0,78.75,44.136802673339844,3637600.0
2018-08-22,TISCO.BK,78.5,79.25,78.5,78.5,43.99668884277344,974000.0
2018-08-23,TISCO.BK,78.5,79.25,78.5,78.75,44.136802673339844,1239100.0
2018-08-24,TISCO.BK,78.5,79.25,78.25,78.75,44.136802673339844,1173200.0
2018-08-27,TISCO.BK,79.25,82.25,79.0,81.75,45.81820297241211,8986700.0
2018-08-28,TISCO.BK,82.0,82.25,81.0,81.25,45.53797149658203,3051500.0
2018-08-29,TISCO.BK,81.5,81.5,80.75,81.0,45.39785385131836,1066200.0
2018-08-30,TISCO.BK,81.25,81.75,80.75,81.0,45.39785385131836,1370600.0
2018-08-31,TISCO.BK,81.0,82.5,80.75,82.0,45.95832824707031,3718300.0
2018-09-03,TISCO.BK,82.0,83.75,81.75,83.5,46.79902648925781,4551500.0
2018-09-04,TISCO.BK,83.25,83.25,81.75,82.0,45.95832824707031,4316800.0
2018-09-05,TISCO.BK,81.75,82.25,80.75,81.0,45.39785385131836,3884300.0
2018-09-06,TISCO.BK,80.75,81.75,80.5,81.75,45.81820297241211,1916700.0
2018-09-07,TISCO.BK,81.0,82.0,81.0,81.75,45.81820297241211,1655200.0
2018-09-10,TISCO.BK,81.5,81.5,81.0,81.5,45.67808532714844,922400.0
2018-09-11,TISCO.BK,81.5,82.75,81.25,81.25,45.53797149658203,2969400.0
2018-09-12,TISCO.BK,81.25,81.75,80.5,81.0,45.39785385131836,4224900.0
2018-09-13,TISCO.BK,81.5,83.0,81.25,82.5,46.23855209350586,4595100.0
2018-09-14,TISCO.BK,82.75,83.0,81.5,81.75,45.81820297241211,5236400.0
2018-09-17,TISCO.BK,81.75,83.0,81.75,82.25,46.09843444824219,3504600.0
2018-09-18,TISCO.BK,82.25,83.25,82.0,82.75,46.37866973876953,2938900.0
2018-09-19,TISCO.BK,83.0,83.25,82.75,82.75,46.37866973876953,4383300.0
2018-09-20,TISCO.BK,83.0,83.5,82.75,83.25,46.658905029296875,5332700.0
2018-09-21,TISCO.BK,84.0,84.5,83.75,84.0,47.07926559448242,6670400.0
2018-09-24,TISCO.BK,84.0,84.25,83.25,83.5,46.79902648925781,1668400.0
2018-09-25,TISCO.BK,83.5,84.0,83.0,83.5,46.79902648925781,1440100.0
2018-09-26,TISCO.BK,83.25,84.25,83.25,83.75,46.939144134521484,3474300.0
2018-09-27,TISCO.BK,83.75,84.0,83.25,83.75,46.939144134521484,1736300.0
2018-09-28,TISCO.BK,83.75,84.0,83.5,83.75,46.939144134521484,2202300.0
2018-10-01,TISCO.BK,83.75,84.0,83.5,84.0,47.07926559448242,1583700.0
2018-10-02,TISCO.BK,83.75,84.0,83.5,83.5,46.79902648925781,2904000.0
2018-10-03,TISCO.BK,83.5,83.75,83.25,83.75,46.939144134521484,3290100.0
2018-10-04,TISCO.BK,83.25,83.5,82.0,83.5,46.79902648925781,4975200.0
2018-10-05,TISCO.BK,82.5,83.0,82.25,82.5,46.23855209350586,2558400.0
2018-10-08,TISCO.BK,82.5,82.75,80.5,81.0,45.39785385131836,2467200.0
2018-10-09,TISCO.BK,81.0,81.5,80.5,80.75,45.25773620605469,1900500.0
2018-10-10,TISCO.BK,80.75,81.5,80.0,80.5,45.11762237548828,5380700.0
2018-10-11,TISCO.BK,78.75,79.75,78.5,79.0,44.276920318603516,6575400.0
2018-10-12,TISCO.BK,80.0,80.5,78.5,78.5,43.99668884277344,11004900.0
2018-10-16,TISCO.BK,78.75,79.5,78.5,79.25,44.41703796386719,6547700.0
2018-10-17,TISCO.BK,79.5,79.75,79.25,79.25,44.41703796386719,2278300.0
2018-10-18,TISCO.BK,78.75,79.0,78.0,78.0,43.71644973754883,2877600.0
2018-10-19,TISCO.BK,78.0,78.0,76.5,76.75,43.015869140625,7050800.0
2018-10-22,TISCO.BK,76.5,77.75,76.5,77.25,43.29610061645508,2912600.0
2018-10-24,TISCO.BK,76.75,77.5,76.75,77.0,43.155982971191406,2162600.0
2018-10-25,TISCO.BK,76.0,79.0,76.0,78.5,43.99668884277344,4199900.0
2018-10-26,TISCO.BK,78.5,78.5,77.75,78.5,43.99668884277344,2023800.0
2018-10-29,TISCO.BK,78.5,78.75,77.75,78.0,43.71644973754883,1826400.0
2018-10-30,TISCO.BK,78.0,78.5,77.75,78.0,43.71644973754883,1147100.0
2018-10-31,TISCO.BK,78.75,78.75,77.75,78.75,44.136802673339844,1715300.0
2018-11-01,TISCO.BK,78.5,78.75,78.25,78.25,43.856571197509766,2473200.0
2018-11-02,TISCO.BK,79.0,80.25,78.75,80.0,44.83738708496094,8090600.0
2018-11-05,TISCO.BK,79.25,80.0,79.0,80.0,44.83738708496094,1193700.0
2018-11-06,TISCO.BK,80.0,80.0,79.25,79.5,44.55715560913086,1610100.0
2018-11-07,TISCO.BK,79.5,80.75,79.25,80.25,44.977500915527344,5460800.0
2018-11-08,TISCO.BK,80.25,81.0,80.0,80.0,44.83738708496094,3159100.0
2018-11-09,TISCO.BK,79.75,80.0,79.0,79.25,44.41703796386719,3841600.0
2018-11-12,TISCO.BK,79.0,79.25,78.75,78.75,44.136802673339844,2025400.0
2018-11-13,TISCO.BK,78.0,79.25,78.0,78.75,44.136802673339844,1990200.0
2018-11-14,TISCO.BK,78.75,80.5,78.75,80.0,44.83738708496094,4913700.0
2018-11-15,TISCO.BK,80.0,80.75,79.75,80.0,44.83738708496094,2577100.0
2018-11-16,TISCO.BK,80.0,80.25,79.25,79.25,44.41703796386719,1563500.0
2018-11-19,TISCO.BK,79.5,79.75,79.25,79.75,44.6972770690918,921000.0
2018-11-20,TISCO.BK,79.5,79.75,78.75,79.0,44.276920318603516,2007600.0
2018-11-21,TISCO.BK,79.0,79.5,78.5,79.25,44.41703796386719,1595200.0
2018-11-22,TISCO.BK,79.25,79.5,78.75,78.75,44.136802673339844,991300.0
2018-11-23,TISCO.BK,79.0,79.25,78.5,79.0,44.276920318603516,1319300.0
2018-11-26,TISCO.BK,79.0,80.5,79.0,80.5,45.11762237548828,2196400.0
2018-11-27,TISCO.BK,80.5,80.75,79.75,80.25,44.977500915527344,1966600.0
2018-11-28,TISCO.BK,80.5,81.5,80.5,81.0,45.39785385131836,2935300.0
2018-11-29,TISCO.BK,81.5,81.5,80.5,80.5,45.11762237548828,1438100.0
2018-11-30,TISCO.BK,80.5,80.75,80.0,80.0,44.83738708496094,3677300.0
2018-12-03,TISCO.BK,80.5,81.0,80.0,80.0,44.83738708496094,4048400.0
2018-12-04,TISCO.BK,80.0,80.75,79.75,80.0,44.83738708496094,3029900.0
2018-12-06,TISCO.BK,79.0,80.25,79.0,79.75,44.6972770690918,6631000.0
2018-12-07,TISCO.BK,80.0,81.0,79.75,80.25,44.977500915527344,3502600.0
2018-12-11,TISCO.BK,80.0,80.25,79.75,80.0,44.83738708496094,3476100.0
2018-12-12,TISCO.BK,80.5,81.25,80.0,81.0,45.39785385131836,4322400.0
2018-12-13,TISCO.BK,81.5,81.75,81.0,81.25,45.53797149658203,4383900.0
2018-12-14,TISCO.BK,81.0,81.5,80.75,81.25,45.53797149658203,4518700.0
2018-12-17,TISCO.BK,81.0,81.25,80.0,80.5,45.11762237548828,4754500.0
2018-12-18,TISCO.BK,80.0,80.25,78.75,79.0,44.276920318603516,3172900.0
2018-12-19,TISCO.BK,79.0,80.5,78.75,80.5,45.11762237548828,2961200.0
2018-12-20,TISCO.BK,80.0,80.5,79.25,80.5,45.11762237548828,1919300.0
2018-12-21,TISCO.BK,79.75,80.25,79.5,79.5,44.55715560913086,2116400.0
2018-12-24,TISCO.BK,79.25,79.25,77.5,77.75,43.57633590698242,4793900.0
2018-12-25,TISCO.BK,77.25,77.5,76.75,77.25,43.29610061645508,2730000.0
2018-12-26,TISCO.BK,77.0,77.75,77.0,77.25,43.29610061645508,1955200.0
2018-12-27,TISCO.BK,78.5,79.5,77.75,77.75,43.57633590698242,3915200.0
2018-12-28,TISCO.BK,78.0,79.0,78.0,78.25,43.856571197509766,2360300.0
2019-01-02,TISCO.BK,78.75,80.0,78.75,79.75,44.6972770690918,2929000.0
2019-01-03,TISCO.BK,79.5,80.5,79.5,80.0,44.83738708496094,2845000.0
2019-01-04,TISCO.BK,79.75,80.5,79.75,80.5,45.11762237548828,2321500.0
2019-01-07,TISCO.BK,80.25,81.5,80.25,81.0,45.39785385131836,3744100.0
2019-01-08,TISCO.BK,81.25,81.5,81.0,81.0,45.39785385131836,2266400.0
2019-01-09,TISCO.BK,81.5,82.0,80.75,81.0,45.39785385131836,2885600.0
2019-01-10,TISCO.BK,81.5,81.75,80.75,81.5,45.67808532714844,4054900.0
2019-01-11,TISCO.BK,81.25,81.75,81.0,81.25,45.53797149658203,2169000.0
2019-01-14,TISCO.BK,82.0,82.5,80.25,81.0,45.39785385131836,5526400.0
2019-01-15,TISCO.BK,80.5,80.5,78.75,78.75,44.136802673339844,5470000.0
2019-01-16,TISCO.BK,79.75,80.0,78.75,79.5,44.55715560913086,2340300.0
2019-01-17,TISCO.BK,80.0,80.25,79.25,79.75,44.6972770690918,1873900.0
2019-01-18,TISCO.BK,79.5,80.0,79.5,79.75,44.6972770690918,2818500.0
2019-01-21,TISCO.BK,79.75,81.5,79.75,80.75,45.25773620605469,2475400.0
2019-01-22,TISCO.BK,80.75,81.5,80.5,81.5,45.67808532714844,2100600.0
2019-01-23,TISCO.BK,81.25,83.0,81.25,82.75,46.37866973876953,5616800.0
2019-01-24,TISCO.BK,82.0,83.0,81.75,82.0,45.95832824707031,3343000.0
2019-01-25,TISCO.BK,82.0,82.25,80.75,80.75,45.25773620605469,3075600.0
2019-01-28,TISCO.BK,80.5,82.0,80.25,81.5,45.67808532714844,2860100.0
2019-01-29,TISCO.BK,81.75,82.0,81.25,81.5,45.67808532714844,1577900.0
2019-01-30,TISCO.BK,82.0,82.0,81.0,81.75,45.81820297241211,1961300.0
2019-01-31,TISCO.BK,82.25,83.0,82.25,82.75,46.37866973876953,3299700.0
2019-02-01,TISCO.BK,83.0,84.5,82.5,84.25,47.21937942504883,7493200.0
2019-02-04,TISCO.BK,84.25,84.75,83.5,84.25,47.21937942504883,2675800.0
2019-02-05,TISCO.BK,84.0,84.5,83.75,84.25,47.21937942504883,910100.0
2019-02-06,TISCO.BK,84.25,85.0,84.0,84.75,47.49960708618164,2064000.0
2019-02-07,TISCO.BK,84.75,84.75,83.75,84.0,47.07926559448242,1403700.0
2019-02-08,TISCO.BK,83.5,84.75,83.25,84.25,47.21937942504883,3128000.0
2019-02-11,TISCO.BK,84.25,84.25,83.75,83.75,46.939144134521484,1452500.0
2019-02-12,TISCO.BK,83.75,84.0,83.5,84.0,47.07926559448242,1526300.0
2019-02-13,TISCO.BK,84.0,84.75,84.0,84.5,47.3594970703125,1727000.0
2019-02-14,TISCO.BK,84.75,85.5,84.5,85.0,47.63972854614258,3454900.0
2019-02-15,TISCO.BK,85.0,85.0,83.75,84.25,47.21937942504883,3008900.0
2019-02-18,TISCO.BK,84.5,85.5,84.5,84.75,47.49960708618164,5152300.0
2019-02-20,TISCO.BK,84.75,85.25,84.5,85.0,47.63972854614258,2396400.0
2019-02-21,TISCO.BK,85.0,85.25,84.5,84.75,47.49960708618164,1315500.0
2019-02-22,TISCO.BK,85.0,86.25,84.5,86.25,48.340309143066406,6974900.0
2019-02-25,TISCO.BK,86.5,87.25,86.25,86.5,48.48042678833008,2230400.0
2019-02-26,TISCO.BK,86.5,86.75,85.75,86.25,48.340309143066406,3640900.0
2019-02-27,TISCO.BK,87.5,89.25,87.5,88.0,49.321128845214844,12429100.0
2019-02-28,TISCO.BK,88.25,88.5,87.25,87.5,49.040889739990234,6562900.0
2019-03-01,TISCO.BK,87.25,87.5,86.5,86.75,48.62053680419922,4412000.0
2019-03-04,TISCO.BK,86.25,87.25,86.25,86.5,48.48042678833008,3450600.0
2019-03-05,TISCO.BK,86.5,87.25,86.25,87.0,48.76066207885742,1945100.0
2019-03-06,TISCO.BK,87.0,87.75,87.0,87.0,48.76066207885742,2184200.0
2019-03-07,TISCO.BK,87.0,88.5,87.0,88.5,49.60137176513672,3662300.0
2019-03-08,TISCO.BK,88.25,88.75,88.0,88.25,49.46124267578125,1930800.0
2019-03-11,TISCO.BK,88.75,89.0,88.25,88.5,49.60137176513672,3139500.0
2019-03-12,TISCO.BK,88.5,89.75,88.5,89.25,50.02171325683594,4682900.0
2019-03-13,TISCO.BK,89.25,89.75,89.0,89.5,50.16182327270508,2143300.0
2019-03-14,TISCO.BK,89.75,90.75,89.5,90.25,50.582183837890625,5772300.0
2019-03-15,TISCO.BK,90.0,90.25,89.5,90.0,50.44206619262695,2503000.0
2019-03-18,TISCO.BK,90.0,90.25,89.0,89.25,50.02171325683594,2826500.0
2019-03-19,TISCO.BK,89.25,89.75,88.25,88.5,49.60137176513672,5671400.0
2019-03-20,TISCO.BK,88.75,89.75,88.5,89.25,50.02171325683594,4267700.0
2019-03-21,TISCO.BK,89.75,90.25,89.5,90.0,50.44206619262695,3799400.0
2019-03-22,TISCO.BK,90.0,90.5,89.5,89.75,50.301944732666016,3737400.0
2019-03-25,TISCO.BK,89.5,89.75,88.75,89.0,49.881595611572266,3958500.0
2019-03-26,TISCO.BK,89.25,89.5,88.5,88.75,49.741477966308594,4836300.0
2019-03-27,TISCO.BK,88.75,89.25,87.75,88.0,49.321128845214844,6017100.0
2019-03-28,TISCO.BK,88.0,88.25,87.25,88.0,49.321128845214844,4950300.0
2019-03-29,TISCO.BK,88.0,88.5,87.75,88.25,49.46124267578125,4291200.0
2019-04-01,TISCO.BK,88.5,89.25,88.25,88.5,49.60137176513672,3657100.0
2019-04-02,TISCO.BK,88.5,88.75,88.0,88.25,49.46124267578125,4328200.0
2019-04-03,TISCO.BK,88.5,89.0,88.25,89.0,49.881595611572266,4305800.0
2019-04-04,TISCO.BK,89.0,89.5,88.5,89.0,49.881595611572266,4453200.0
2019-04-05,TISCO.BK,89.0,89.0,88.75,88.75,49.741477966308594,1227000.0
2019-04-09,TISCO.BK,89.0,89.5,89.0,89.25,50.02171325683594,2931100.0
2019-04-10,TISCO.BK,89.5,90.0,89.5,90.0,50.44206619262695,1586100.0
2019-04-11,TISCO.BK,90.0,90.0,89.5,89.75,50.301944732666016,3556000.0
2019-04-12,TISCO.BK,89.75,90.25,89.75,90.25,50.582183837890625,3525700.0
2019-04-17,TISCO.BK,90.5,92.5,90.25,91.75,51.42287826538086,7819300.0
2019-04-18,TISCO.BK,92.5,93.25,92.0,92.5,51.84323501586914,7750900.0
2019-04-19,TISCO.BK,91.75,92.25,91.25,91.5,51.28275680541992,8150900.0
2019-04-22,TISCO.BK,91.5,91.75,91.25,91.75,51.42287826538086,4166200.0
2019-04-23,TISCO.BK,91.75,92.25,91.5,91.75,51.42287826538086,3635500.0
2019-04-24,TISCO.BK,91.75,92.0,91.25,91.75,51.42287826538086,4903400.0
2019-04-25,TISCO.BK,92.0,92.25,91.5,91.75,51.42287826538086,5667200.0
2019-04-26,TISCO.BK,91.75,92.0,91.5,92.0,51.56299591064453,9274200.0
2019-04-29,TISCO.BK,84.25,84.5,83.25,83.25,50.50140380859375,9301400.0
2019-04-30,TISCO.BK,83.25,83.75,83.0,83.75,50.804718017578125,3470300.0
2019-05-02,TISCO.BK,83.75,85.0,83.5,84.75,51.411338806152344,3554600.0
2019-05-03,TISCO.BK,84.5,86.0,84.5,85.5,51.866302490234375,5853600.0
2019-05-07,TISCO.BK,85.25,86.5,85.0,86.0,52.169620513916016,3761100.0
2019-05-08,TISCO.BK,85.75,85.75,84.75,85.0,51.5629997253418,3569400.0
2019-05-09,TISCO.BK,85.0,86.5,85.0,86.25,52.32127380371094,4089700.0
2019-05-10,TISCO.BK,86.25,86.5,85.5,86.25,52.32127380371094,3037800.0
2019-05-13,TISCO.BK,86.25,86.5,84.75,85.0,51.5629997253418,2081900.0
2019-05-14,TISCO.BK,84.75,86.0,84.75,85.0,51.5629997253418,3083100.0
2019-05-15,TISCO.BK,85.5,85.75,85.0,85.5,51.866302490234375,2482800.0
2019-05-16,TISCO.BK,85.5,86.0,84.75,85.25,51.714656829833984,3596400.0
2019-05-17,TISCO.BK,85.5,86.0,85.0,85.75,52.01797103881836,3293500.0
2019-05-21,TISCO.BK,85.25,85.75,85.0,85.75,52.01797103881836,2596800.0
2019-05-22,TISCO.BK,85.75,88.0,85.75,87.75,53.23121643066406,6987600.0
2019-05-23,TISCO.BK,87.25,88.0,86.5,87.25,52.92790222167969,3213200.0
2019-05-24,TISCO.BK,87.0,87.5,86.5,87.5,53.079551696777344,2586600.0
2019-05-27,TISCO.BK,87.5,89.0,87.25,88.5,53.686187744140625,4222200.0
2019-05-28,TISCO.BK,88.75,88.75,87.75,88.75,53.837833404541016,5451700.0
2019-05-29,TISCO.BK,88.75,88.75,88.0,88.0,53.382869720458984,1180800.0
2019-05-30,TISCO.BK,88.0,88.0,86.0,86.25,52.32127380371094,3973500.0
2019-05-31,TISCO.BK,86.0,88.25,86.0,88.25,53.53451919555664,3075500.0
2019-06-04,TISCO.BK,88.0,88.75,87.0,88.5,53.686187744140625,5827700.0
2019-06-05,TISCO.BK,88.5,89.25,88.25,89.0,53.9894905090332,4673600.0
2019-06-06,TISCO.BK,89.0,89.75,88.25,89.25,54.14114761352539,3428100.0
2019-06-07,TISCO.BK,89.5,89.75,89.25,89.75,54.4444580078125,1569100.0
2019-06-10,TISCO.BK,89.75,90.25,89.5,90.0,54.59611892700195,2392600.0
2019-06-11,TISCO.BK,90.0,90.5,89.5,89.75,54.4444580078125,2101500.0
2019-06-12,TISCO.BK,89.75,89.75,89.0,89.25,54.14114761352539,1333900.0
2019-06-13,TISCO.BK,89.0,90.0,89.0,89.75,54.4444580078125,1154900.0
2019-06-14,TISCO.BK,89.5,90.0,89.5,89.75,54.4444580078125,1900500.0
2019-06-17,TISCO.BK,89.75,90.5,89.75,90.0,54.59611892700195,1513700.0
2019-06-18,TISCO.BK,89.75,90.75,89.5,90.0,54.59611892700195,3151300.0
2019-06-19,TISCO.BK,90.75,91.5,90.5,91.0,55.202735900878906,3842500.0
2019-06-20,TISCO.BK,91.0,92.5,91.0,91.75,55.6577033996582,4596800.0
2019-06-21,TISCO.BK,92.0,92.5,91.0,91.0,55.202735900878906,4350400.0
2019-06-24,TISCO.BK,91.25,92.5,91.25,92.5,56.11267852783203,3582600.0
2019-06-25,TISCO.BK,92.25,92.5,91.25,92.5,56.11267852783203,3275100.0
2019-06-26,TISCO.BK,92.5,93.0,92.0,93.0,56.41598892211914,3839100.0
2019-06-27,TISCO.BK,93.0,93.5,92.5,93.0,56.41598892211914,5210700.0
2019-06-28,TISCO.BK,92.75,94.0,92.75,93.5,56.71929931640625,4849900.0
2019-07-01,TISCO.BK,94.0,96.0,93.75,95.75,58.084190368652344,6227900.0
2019-07-02,TISCO.BK,95.5,96.5,94.75,95.25,57.780887603759766,3293100.0
2019-07-03,TISCO.BK,95.25,95.75,94.5,94.75,57.47756576538086,3932500.0
2019-07-04,TISCO.BK,95.5,95.75,94.5,94.5,57.325923919677734,2920300.0
2019-07-05,TISCO.BK,95.0,95.0,94.5,95.0,57.62922668457031,2061800.0
2019-07-08,TISCO.BK,94.75,95.0,94.0,95.0,57.62922668457031,1836400.0
2019-07-09,TISCO.BK,94.5,96.0,94.25,95.5,57.93254470825195,3118100.0
2019-07-10,TISCO.BK,95.5,95.75,95.0,95.0,57.62922668457031,2564700.0
2019-07-11,TISCO.BK,95.0,96.0,95.0,95.0,57.62922668457031,2543100.0
2019-07-12,TISCO.BK,94.25,95.25,91.75,94.5,57.325923919677734,8684500.0
2019-07-15,TISCO.BK,95.0,95.5,94.0,95.25,57.780887603759766,4065000.0
2019-07-17,TISCO.BK,95.5,98.75,95.25,97.0,58.842472076416016,10212600.0
2019-07-18,TISCO.BK,96.5,98.25,96.5,97.75,59.29744338989258,2699500.0
2019-07-19,TISCO.BK,98.75,99.5,98.25,98.5,59.75241470336914,4998600.0
2019-07-22,TISCO.BK,98.75,99.5,98.25,98.75,59.9040641784668,3843100.0
2019-07-23,TISCO.BK,99.25,99.25,98.25,98.5,59.75241470336914,2908200.0
2019-07-24,TISCO.BK,98.75,100.5,98.5,99.5,60.35903549194336,4726300.0
2019-07-25,TISCO.BK,99.75,103.0,99.75,102.5,62.17890548706055,6734100.0
2019-07-26,TISCO.BK,102.0,102.0,99.5,100.5,60.965660095214844,5351000.0
2019-07-30,TISCO.BK,99.5,102.0,99.5,100.5,60.965660095214844,2523800.0
2019-07-31,TISCO.BK,101.0,102.5,100.0,101.0,61.26897048950195,2872300.0
2019-08-01,TISCO.BK,102.0,102.5,98.5,99.5,60.35903549194336,6332700.0
2019-08-02,TISCO.BK,98.5,101.0,97.75,99.75,60.510704040527344,4074300.0
2019-08-05,TISCO.BK,98.0,99.75,97.75,99.0,60.05573272705078,5289300.0
2019-08-06,TISCO.BK,98.0,100.0,97.0,99.5,60.35903549194336,5445300.0
2019-08-07,TISCO.BK,99.5,103.5,98.75,103.0,62.482215881347656,8099100.0
2019-08-08,TISCO.BK,103.0,103.0,101.0,102.5,62.17890548706055,3209400.0
2019-08-09,TISCO.BK,102.0,102.5,100.0,100.0,60.662349700927734,2011600.0
2019-08-13,TISCO.BK,100.0,101.5,99.0,99.5,60.35903549194336,2663200.0
2019-08-14,TISCO.BK,102.0,102.0,98.0,99.0,60.05573272705078,3222700.0
2019-08-15,TISCO.BK,99.0,100.0,97.75,98.0,59.449100494384766,6170600.0
2019-08-16,TISCO.BK,98.5,103.0,98.0,101.5,61.572288513183594,5538700.0
2019-08-19,TISCO.BK,102.0,103.0,100.0,100.5,60.965660095214844,2329000.0
2019-08-20,TISCO.BK,100.5,101.5,99.5,100.0,60.662349700927734,1724600.0
2019-08-21,TISCO.BK,99.5,100.0,98.5,99.0,60.05573272705078,2897200.0
2019-08-22,TISCO.BK,98.75,100.5,98.25,100.5,60.965660095214844,3427300.0
2019-08-23,TISCO.BK,100.0,100.5,99.5,100.0,60.662349700927734,2005900.0
2019-08-26,TISCO.BK,98.75,100.5,98.25,99.5,60.35903549194336,2565900.0
2019-08-27,TISCO.BK,99.5,100.5,99.0,99.25,60.20737838745117,3133700.0
2019-08-28,TISCO.BK,99.25,99.5,98.25,98.5,59.75241470336914,1902200.0
2019-08-29,TISCO.BK,99.0,101.0,99.0,100.0,60.662349700927734,2346400.0
2019-08-30,TISCO.BK,100.0,102.0,99.5,102.0,61.87559509277344,3091500.0
2019-09-02,TISCO.BK,101.5,102.0,99.75,102.0,61.87559509277344,2497300.0
2019-09-03,TISCO.BK,102.0,102.5,101.0,101.5,61.572288513183594,2789000.0
2019-09-04,TISCO.BK,101.5,103.0,101.0,101.5,61.572288513183594,1761900.0
2019-09-05,TISCO.BK,102.0,103.0,101.5,102.0,61.87559509277344,2024400.0
2019-09-06,TISCO.BK,102.5,104.5,102.0,103.0,62.482215881347656,3417500.0
2019-09-09,TISCO.BK,102.0,103.5,100.5,103.5,62.78553771972656,2532100.0
2019-09-10,TISCO.BK,103.0,104.0,102.0,102.5,62.17890548706055,3366400.0
2019-09-11,TISCO.BK,103.5,104.0,102.5,103.0,62.482215881347656,2437300.0
2019-09-12,TISCO.BK,103.0,104.5,102.0,103.5,62.78553771972656,2582300.0
2019-09-13,TISCO.BK,104.0,105.0,103.0,104.0,63.08884048461914,3362900.0
2019-09-16,TISCO.BK,104.0,104.0,102.0,102.5,62.17890548706055,1822200.0
2019-09-17,TISCO.BK,102.0,103.5,101.0,102.0,61.87559509277344,2632400.0
2019-09-18,TISCO.BK,101.5,102.5,101.0,102.0,61.87559509277344,924900.0
2019-09-19,TISCO.BK,101.5,102.5,100.5,101.0,61.26897048950195,1040200.0
2019-09-20,TISCO.BK,100.5,101.5,100.0,100.0,60.662349700927734,3544000.0
2019-09-23,TISCO.BK,100.5,101.0,97.0,97.25,58.994140625,6653700.0
2019-09-24,TISCO.BK,96.75,99.0,96.75,99.0,60.05573272705078,3728800.0
2019-09-25,TISCO.BK,98.5,102.5,98.25,102.0,61.87559509277344,4524400.0
2019-09-26,TISCO.BK,102.5,102.5,101.0,101.5,61.572288513183594,1492800.0
2019-09-27,TISCO.BK,101.5,102.5,101.0,102.5,62.17890548706055,2056800.0
2019-09-30,TISCO.BK,102.5,103.0,101.5,102.5,62.17890548706055,2163100.0
2019-10-01,TISCO.BK,102.5,102.5,100.0,100.5,60.965660095214844,1717700.0
2019-10-02,TISCO.BK,99.5,100.5,99.5,100.0,60.662349700927734,1482400.0
2019-10-03,TISCO.BK,99.5,101.0,99.5,99.75,60.510704040527344,1903200.0
2019-10-04,TISCO.BK,99.75,101.0,99.75,101.0,61.26897048950195,2341100.0
2019-10-07,TISCO.BK,101.0,101.0,100.0,100.0,60.662349700927734,1751000.0
2019-10-08,TISCO.BK,99.75,101.0,99.75,100.5,60.965660095214844,1660500.0
2019-10-09,TISCO.BK,100.0,100.0,99.25,99.25,60.20737838745117,1698900.0
2019-10-10,TISCO.BK,99.0,99.5,98.0,98.75,59.9040641784668,2408700.0
2019-10-11,TISCO.BK,98.75,100.0,98.5,100.0,60.662349700927734,2270600.0
2019-10-15,TISCO.BK,101.0,101.5,99.0,99.5,60.35903549194336,3086900.0
2019-10-16,TISCO.BK,99.25,99.5,98.25,98.75,59.9040641784668,3903200.0
2019-10-17,TISCO.BK,98.75,99.75,98.0,98.25,59.60076141357422,2758600.0
2019-10-18,TISCO.BK,99.0,99.5,98.5,99.25,60.20737838745117,4755300.0
2019-10-21,TISCO.BK,99.0,99.25,98.25,99.0,60.05573272705078,1213600.0
2019-10-22,TISCO.BK,99.0,99.25,98.0,98.25,59.60076141357422,1898700.0
2019-10-24,TISCO.BK,98.0,98.25,95.0,95.25,57.780887603759766,6731200.0
2019-10-25,TISCO.BK,95.25,96.25,93.75,95.75,58.084190368652344,4548900.0
2019-10-28,TISCO.BK,95.5,97.75,95.25,95.75,58.084190368652344,2737000.0
2019-10-29,TISCO.BK,96.75,97.5,95.5,95.75,58.084190368652344,2397000.0
2019-10-30,TISCO.BK,95.75,98.5,95.75,98.25,59.60076141357422,2861200.0
2019-10-31,TISCO.BK,97.25,98.5,96.5,97.5,59.145790100097656,2120400.0
2019-11-01,TISCO.BK,97.25,97.75,96.5,96.75,58.690826416015625,1719100.0
2019-11-04,TISCO.BK,97.75,99.75,96.5,99.5,60.35903549194336,2844900.0
2019-11-05,TISCO.BK,99.0,99.0,97.25,97.75,59.29744338989258,2043800.0
2019-11-06,TISCO.BK,97.75,99.5,97.75,98.25,59.60076141357422,2456000.0
2019-11-07,TISCO.BK,98.0,99.75,98.0,98.75,59.9040641784668,2542700.0
2019-11-08,TISCO.BK,98.25,98.5,97.0,97.75,59.29744338989258,2053400.0
2019-11-11,TISCO.BK,97.25,97.5,95.25,96.0,58.23585510253906,3854900.0
2019-11-12,TISCO.BK,96.25,97.0,95.5,95.75,58.084190368652344,4176000.0
2019-11-13,TISCO.BK,95.75,96.5,95.25,95.75,58.084190368652344,2015600.0
2019-11-14,TISCO.BK,95.75,96.25,95.5,96.25,58.387516021728516,1084700.0
2019-11-15,TISCO.BK,96.0,97.0,96.0,96.5,58.53916931152344,1388000.0
2019-11-18,TISCO.BK,96.75,97.25,95.25,95.5,57.93254470825195,1933900.0
2019-11-19,TISCO.BK,95.5,95.75,94.75,95.25,57.780887603759766,2287600.0
2019-11-20,TISCO.BK,95.25,98.0,95.25,96.75,58.690826416015625,2561500.0
2019-11-21,TISCO.BK,96.75,98.0,96.5,97.5,59.145790100097656,2174100.0
2019-11-22,TISCO.BK,97.5,98.75,97.5,98.5,59.75241470336914,1097900.0
2019-11-25,TISCO.BK,98.75,99.5,98.25,98.75,59.9040641784668,1738600.0
2019-11-26,TISCO.BK,98.75,99.5,98.75,98.75,59.9040641784668,4494600.0
2019-11-27,TISCO.BK,99.25,99.25,98.25,98.75,59.9040641784668,636600.0
2019-11-28,TISCO.BK,98.75,98.75,97.0,97.5,59.145790100097656,1584800.0
2019-11-29,TISCO.BK,97.5,97.75,96.75,97.5,59.145790100097656,2446900.0
2019-12-02,TISCO.BK,97.0,98.0,96.25,97.5,59.145790100097656,2445500.0
2019-12-03,TISCO.BK,97.25,97.5,95.5,95.75,58.084190368652344,3672400.0
2019-12-04,TISCO.BK,95.25,97.0,95.25,95.75,58.084190368652344,2470800.0
2019-12-06,TISCO.BK,95.75,96.25,95.25,95.5,57.93254470825195,6214100.0
2019-12-09,TISCO.BK,95.5,96.25,95.0,95.5,57.93254470825195,2225000.0
2019-12-11,TISCO.BK,95.5,97.0,95.5,96.5,58.53916931152344,1850100.0
2019-12-12,TISCO.BK,97.5,98.5,96.0,98.0,59.449100494384766,2917700.0
2019-12-13,TISCO.BK,98.25,99.25,97.5,98.5,59.75241470336914,3037100.0
2019-12-16,TISCO.BK,98.5,98.5,96.75,97.0,58.842472076416016,1689400.0
2019-12-17,TISCO.BK,98.0,98.25,96.5,98.0,59.449100494384766,3423100.0
2019-12-18,TISCO.BK,98.0,98.25,97.0,98.0,59.449100494384766,2484900.0
2019-12-19,TISCO.BK,97.5,99.0,97.0,99.0,60.05573272705078,1981900.0
2019-12-20,TISCO.BK,98.75,98.75,97.0,97.0,58.842472076416016,2726600.0
2019-12-23,TISCO.BK,97.0,99.0,97.0,98.25,59.60076141357422,1694900.0
2019-12-24,TISCO.BK,98.5,98.5,97.5,97.75,59.29744338989258,736500.0
2019-12-25,TISCO.BK,97.75,98.5,97.75,98.0,59.449100494384766,330800.0
2019-12-26,TISCO.BK,98.0,99.0,98.0,98.75,59.9040641784668,1028300.0
2019-12-27,TISCO.BK,99.0,99.25,97.75,98.5,59.75241470336914,1970500.0
2019-12-30,TISCO.BK,98.5,99.25,98.25,99.25,60.20737838745117,1375000.0
2020-01-02,TISCO.BK,99.5,102.5,99.25,101.5,61.572288513183594,4741400.0
2020-01-03,TISCO.BK,100.5,102.5,100.5,102.0,61.87559509277344,2676000.0
2020-01-06,TISCO.BK,100.0,102.0,99.5,100.5,60.965660095214844,2674200.0
2020-01-07,TISCO.BK,101.5,102.5,98.75,101.0,61.26897048950195,5693800.0
2020-01-08,TISCO.BK,100.0,100.5,99.25,100.5,60.965660095214844,2001100.0
2020-01-09,TISCO.BK,101.5,102.0,100.5,101.0,61.26897048950195,2798500.0
2020-01-10,TISCO.BK,102.0,105.0,101.0,104.5,63.39215087890625,4692300.0
2020-01-13,TISCO.BK,105.5,107.0,103.5,104.5,63.39215087890625,4183800.0
2020-01-14,TISCO.BK,104.5,105.0,101.0,102.5,62.17890548706055,3548800.0
2020-01-15,TISCO.BK,101.5,103.5,101.0,101.5,61.572288513183594,4331200.0
2020-01-16,TISCO.BK,101.5,102.0,100.5,101.5,61.572288513183594,3481500.0
2020-01-17,TISCO.BK,101.5,103.5,101.0,102.5,62.17890548706055,3203800.0
2020-01-20,TISCO.BK,103.0,103.0,101.5,102.0,61.87559509277344,2783900.0
2020-01-21,TISCO.BK,102.0,102.5,101.0,101.0,61.26897048950195,2402700.0
2020-01-22,TISCO.BK,101.0,103.5,100.5,103.0,62.482215881347656,4633300.0
2020-01-23,TISCO.BK,102.5,103.5,102.0,103.0,62.482215881347656,3152300.0
2020-01-24,TISCO.BK,103.5,103.5,102.5,102.5,62.17890548706055,1955600.0
2020-01-27,TISCO.BK,101.5,102.5,100.5,101.0,61.26897048950195,4445000.0
2020-01-28,TISCO.BK,100.0,101.5,100.0,100.0,60.662349700927734,2735800.0
2020-01-29,TISCO.BK,100.5,101.5,100.0,101.5,61.572288513183594,3424600.0
2020-01-30,TISCO.BK,101.5,102.0,101.0,101.0,61.26897048950195,1756400.0
2020-01-31,TISCO.BK,101.0,103.0,101.0,103.0,62.482215881347656,3755500.0
2020-02-03,TISCO.BK,103.0,103.5,100.5,101.5,61.572288513183594,4582800.0
2020-02-04,TISCO.BK,101.0,102.0,101.0,101.0,61.26897048950195,4631000.0
2020-02-05,TISCO.BK,101.0,102.5,100.5,100.5,60.965660095214844,4502900.0
2020-02-06,TISCO.BK,101.0,103.0,101.0,102.0,61.87559509277344,4346500.0
2020-02-07,TISCO.BK,102.0,102.5,101.5,102.0,61.87559509277344,3482400.0
2020-02-11,TISCO.BK,102.0,102.5,101.0,101.5,61.572288513183594,2266500.0
2020-02-12,TISCO.BK,102.0,103.0,101.5,102.5,62.17890548706055,2670800.0
2020-02-13,TISCO.BK,102.0,102.5,101.5,101.5,61.572288513183594,2061100.0
2020-02-14,TISCO.BK,102.0,104.0,102.0,103.0,62.482215881347656,3600800.0
2020-02-17,TISCO.BK,102.5,103.5,102.0,103.0,62.482215881347656,1449900.0
2020-02-18,TISCO.BK,103.0,104.0,102.5,103.0,62.482215881347656,2246900.0
2020-02-19,TISCO.BK,103.0,104.0,103.0,103.0,62.482215881347656,2607000.0
2020-02-20,TISCO.BK,103.5,104.0,102.5,102.5,62.17890548706055,2290600.0
2020-02-21,TISCO.BK,102.5,103.0,102.0,102.5,62.17890548706055,1869500.0
2020-02-24,TISCO.BK,102.0,102.0,100.0,100.0,60.662349700927734,5204200.0
2020-02-25,TISCO.BK,100.0,103.0,100.0,103.0,62.482215881347656,3723900.0
2020-02-26,TISCO.BK,103.0,104.5,99.25,99.75,60.510704040527344,7832100.0
2020-02-27,TISCO.BK,100.0,101.5,99.25,101.0,61.26897048950195,6130400.0
2020-02-28,TISCO.BK,99.25,99.75,98.25,98.5,59.75241470336914,9356000.0
2020-03-02,TISCO.BK,100.0,100.0,97.5,97.75,59.29744338989258,5992900.0
2020-03-03,TISCO.BK,99.0,99.0,97.75,98.5,59.75241470336914,4990000.0
2020-03-04,TISCO.BK,98.25,100.5,97.75,100.5,60.965660095214844,2881300.0
2020-03-05,TISCO.BK,101.0,102.0,100.0,101.0,61.26897048950195,2750100.0
2020-03-06,TISCO.BK,99.75,100.0,98.75,99.25,60.20737838745117,3976300.0
2020-03-09,TISCO.BK,95.0,97.0,90.25,92.75,56.26432418823242,10253800.0
2020-03-10,TISCO.BK,93.25,94.75,93.0,93.0,56.41598892211914,5092600.0
2020-03-11,TISCO.BK,92.5,92.75,87.0,88.25,53.53451919555664,8774600.0
2020-03-12,TISCO.BK,84.5,85.0,76.5,78.0,47.316627502441406,11278700.0
2020-03-13,TISCO.BK,70.0,82.0,67.75,80.25,48.6815299987793,16076100.0
2020-03-16,TISCO.BK,76.25,80.5,74.0,75.75,45.95172882080078,8631400.0
2020-03-17,TISCO.BK,74.25,74.75,69.0,70.0,42.46364212036133,18193300.0
2020-03-18,TISCO.BK,71.75,72.0,67.25,68.0,41.250396728515625,10556300.0
2020-03-19,TISCO.BK,64.0,64.25,62.75,63.25,38.368934631347656,14410700.0
2020-03-20,TISCO.BK,64.5,68.5,63.25,68.0,41.250396728515625,26965700.0
2020-03-23,TISCO.BK,61.5,64.25,61.25,62.0,37.610652923583984,11464000.0
2020-03-24,TISCO.BK,63.75,64.25,61.5,62.5,37.91396713256836,6506300.0
2020-03-25,TISCO.BK,63.0,64.5,62.0,64.0,38.82390213012695,15738800.0
2020-03-26,TISCO.BK,63.5,65.5,62.75,64.75,39.278873443603516,13699000.0
2020-03-27,TISCO.BK,66.5,70.0,66.0,68.75,41.70536422729492,18297100.0
2020-03-30,TISCO.BK,68.25,68.75,67.0,68.25,41.40205001831055,6701800.0
2020-03-31,TISCO.BK,69.75,70.5,69.25,69.75,42.31198501586914,12756800.0
2020-04-01,TISCO.BK,69.75,70.25,69.25,69.25,42.0086784362793,7541100.0
2020-04-02,TISCO.BK,69.25,69.5,68.0,69.0,41.857017517089844,9015200.0
2020-04-03,TISCO.BK,69.5,70.25,68.5,69.75,42.31198501586914,6866600.0
2020-04-07,TISCO.BK,72.0,76.25,71.0,75.5,45.80007553100586,17512100.0
2020-04-08,TISCO.BK,75.5,77.0,74.5,75.75,45.95172882080078,12121300.0
2020-04-09,TISCO.BK,77.0,79.5,76.75,77.25,46.86166000366211,18785900.0
2020-04-10,TISCO.BK,77.25,78.5,75.0,76.75,46.558353424072266,14869000.0
2020-04-13,TISCO.BK,78.0,79.5,77.25,79.0,47.923255920410156,12166600.0
2020-04-14,TISCO.BK,80.0,81.0,79.5,80.5,48.83319091796875,10126400.0
2020-04-15,TISCO.BK,81.0,82.75,80.75,81.5,49.4398078918457,10040200.0
2020-04-16,TISCO.BK,80.75,81.5,79.25,79.5,48.226566314697266,9944600.0
2020-04-17,TISCO.BK,81.5,82.0,79.5,80.25,48.6815299987793,9735800.0
2020-04-20,TISCO.BK,81.0,82.5,80.25,81.0,49.13650131225586,13633800.0
2020-04-21,TISCO.BK,80.75,82.0,80.5,81.5,49.4398078918457,8675300.0
2020-04-22,TISCO.BK,81.0,81.5,80.75,81.25,49.28815460205078,10052500.0
2020-04-23,TISCO.BK,81.25,81.75,81.0,81.25,49.28815460205078,14461200.0
2020-04-24,TISCO.BK,81.25,81.5,80.5,80.75,48.98484420776367,18114200.0
2020-04-27,TISCO.BK,73.0,74.25,72.25,72.25,48.4815788269043,18493700.0
2020-04-28,TISCO.BK,72.0,72.25,70.25,71.25,47.81055450439453,10791900.0
2020-04-29,TISCO.BK,72.0,73.5,71.5,73.25,49.15260314941406,7819000.0
2020-04-30,TISCO.BK,74.0,74.0,73.0,73.5,49.32035827636719,6918400.0
2020-05-05,TISCO.BK,73.0,73.0,71.25,71.75,48.14606475830078,3824700.0
2020-05-07,TISCO.BK,71.5,71.75,69.0,69.75,46.804012298583984,7944100.0
2020-05-08,TISCO.BK,70.25,70.75,69.0,69.25,46.468502044677734,5815900.0
2020-05-11,TISCO.BK,69.5,70.25,69.0,69.0,46.300743103027344,6441400.0
2020-05-12,TISCO.BK,68.75,69.5,67.75,68.75,46.13298797607422,10918100.0
2020-05-13,TISCO.BK,68.75,70.0,68.25,69.75,46.804012298583984,6085800.0
2020-05-14,TISCO.BK,69.25,69.5,67.75,68.0,45.62971878051758,8762300.0
2020-05-15,TISCO.BK,68.0,68.0,67.0,67.0,44.95869064331055,5169800.0
2020-05-18,TISCO.BK,67.0,67.75,67.0,67.0,44.95869064331055,3941800.0
2020-05-19,TISCO.BK,67.75,68.25,67.25,67.75,45.46195983886719,8132500.0
2020-05-20,TISCO.BK,67.75,69.25,67.25,69.25,46.468502044677734,7258000.0
2020-05-21,TISCO.BK,69.75,71.25,69.5,71.0,47.64279556274414,11307100.0
2020-05-22,TISCO.BK,70.5,70.75,68.75,70.0,46.97176742553711,6081400.0
2020-05-25,TISCO.BK,70.0,70.25,69.0,69.25,46.468502044677734,3994200.0
2020-05-26,TISCO.BK,70.0,70.75,69.75,70.5,47.307289123535156,5199400.0
2020-05-27,TISCO.BK,71.5,72.75,71.25,71.75,48.14606475830078,12891700.0
2020-05-28,TISCO.BK,74.0,75.25,73.5,75.25,50.49465560913086,19158300.0
2020-05-29,TISCO.BK,73.75,75.25,73.0,75.0,50.32689666748047,11945100.0
2020-06-01,TISCO.BK,75.5,77.5,75.25,76.25,51.16567611694336,13476600.0
2020-06-02,TISCO.BK,77.5,78.25,77.25,78.0,52.3399658203125,9495800.0
2020-06-04,TISCO.BK,79.75,84.0,79.75,83.0,55.695098876953125,29905500.0
2020-06-05,TISCO.BK,83.25,83.5,80.25,82.5,55.359580993652344,9186000.0
2020-06-08,TISCO.BK,82.75,83.0,80.5,80.75,54.1852912902832,8555400.0
2020-06-09,TISCO.BK,81.0,82.25,79.0,79.75,53.5142707824707,10268400.0
2020-06-10,TISCO.BK,80.5,81.75,79.5,81.5,54.68855285644531,5255900.0
2020-06-11,TISCO.BK,80.75,81.25,79.0,79.0,53.0109977722168,6952100.0
2020-06-12,TISCO.BK,76.5,78.25,76.0,78.0,52.3399658203125,7400000.0
2020-06-15,TISCO.BK,78.0,78.5,75.0,76.0,50.99791717529297,8017300.0
2020-06-16,TISCO.BK,77.75,78.0,76.75,76.75,51.501190185546875,3791500.0
2020-06-17,TISCO.BK,76.75,78.75,76.75,78.25,52.507728576660156,3391700.0
2020-06-18,TISCO.BK,76.5,77.25,74.5,74.75,50.159141540527344,13257400.0
2020-06-19,TISCO.BK,74.5,74.5,73.25,73.5,49.32035827636719,13919400.0
2020-06-22,TISCO.BK,71.25,72.5,69.25,69.25,46.468502044677734,21424400.0
2020-06-23,TISCO.BK,70.25,73.25,69.75,71.75,48.14606475830078,10996600.0
2020-06-24,TISCO.BK,72.75,72.75,70.5,70.5,47.307289123535156,6973800.0
2020-06-25,TISCO.BK,69.5,70.25,69.25,70.25,47.1395263671875,5364900.0
2020-06-26,TISCO.BK,70.75,71.0,70.0,71.0,47.64279556274414,4954900.0
2020-06-29,TISCO.BK,70.25,70.5,69.5,70.5,47.307289123535156,3163000.0
2020-06-30,TISCO.BK,71.0,71.25,69.5,69.5,46.636253356933594,6429200.0
2020-07-01,TISCO.BK,69.75,70.5,69.75,70.5,47.307289123535156,2333700.0
2020-07-02,TISCO.BK,70.75,72.0,70.5,72.0,48.31382369995117,6379400.0
2020-07-03,TISCO.BK,72.0,72.0,70.5,70.75,47.475040435791016,3177800.0
2020-07-07,TISCO.BK,71.5,71.75,70.0,70.25,47.1395263671875,4817000.0
2020-07-08,TISCO.BK,70.25,70.75,69.5,69.5,46.636253356933594,3900600.0
2020-07-09,TISCO.BK,70.0,70.25,69.5,69.75,46.804012298583984,4020400.0
2020-07-10,TISCO.BK,69.25,69.5,68.5,68.75,46.13298797607422,4487800.0
2020-07-13,TISCO.BK,68.75,69.0,66.0,66.0,44.28767013549805,10855100.0
2020-07-14,TISCO.BK,66.0,68.25,65.5,68.0,45.62971878051758,6520300.0
2020-07-15,TISCO.BK,68.75,70.75,68.25,70.5,47.307289123535156,7660300.0
2020-07-16,TISCO.BK,70.5,70.75,69.25,70.25,47.1395263671875,5146300.0
2020-07-17,TISCO.BK,70.0,70.75,69.5,70.5,47.307289123535156,3846800.0
2020-07-20,TISCO.BK,69.75,70.0,68.25,68.5,45.96522521972656,8614800.0
2020-07-21,TISCO.BK,68.75,69.75,68.5,69.0,46.300743103027344,5986700.0
2020-07-22,TISCO.BK,69.5,69.5,68.0,68.0,45.62971878051758,3161400.0
2020-07-23,TISCO.BK,68.25,68.75,68.0,68.5,45.96522521972656,3850900.0
2020-07-24,TISCO.BK,68.0,68.25,67.0,67.0,44.95869064331055,3624500.0
2020-07-29,TISCO.BK,67.25,67.75,65.0,65.0,43.616641998291016,10018200.0
2020-07-30,TISCO.BK,65.25,65.75,64.5,64.75,43.448890686035156,7023500.0
2020-07-31,TISCO.BK,64.75,65.75,64.5,65.0,43.616641998291016,5479900.0
2020-08-03,TISCO.BK,65.0,65.5,64.25,64.75,43.448890686035156,3129400.0
2020-08-04,TISCO.BK,65.25,67.0,65.25,67.0,44.95869064331055,4292100.0
2020-08-05,TISCO.BK,67.75,67.75,66.75,67.0,44.95869064331055,4002200.0
2020-08-06,TISCO.BK,67.25,67.75,66.75,66.75,44.79093551635742,2842800.0
2020-08-07,TISCO.BK,66.5,66.75,66.0,66.25,44.455421447753906,2697400.0
2020-08-10,TISCO.BK,66.0,66.5,65.25,65.25,43.78440475463867,2240700.0
2020-08-11,TISCO.BK,66.5,67.25,65.75,67.25,45.12644577026367,4146700.0
2020-08-13,TISCO.BK,68.0,70.25,68.0,70.25,47.1395263671875,11580600.0
2020-08-14,TISCO.BK,70.0,70.0,67.5,67.75,45.46195983886719,6288400.0
2020-08-17,TISCO.BK,68.0,68.0,66.25,66.75,44.79093551635742,4510400.0
2020-08-18,TISCO.BK,67.0,69.5,67.0,68.5,45.96522521972656,11162100.0
2020-08-19,TISCO.BK,68.5,68.5,66.25,66.75,44.79093551635742,10930800.0
2020-08-20,TISCO.BK,66.25,66.75,66.0,66.25,44.455421447753906,3142600.0
2020-08-21,TISCO.BK,66.5,66.75,65.75,65.75,44.11991500854492,2918800.0
2020-08-24,TISCO.BK,66.25,66.5,65.5,66.0,44.28767013549805,3584000.0
2020-08-25,TISCO.BK,66.75,68.0,66.25,68.0,45.62971878051758,7062000.0
2020-08-26,TISCO.BK,67.5,67.75,66.5,67.25,45.12644577026367,5216800.0
2020-08-27,TISCO.BK,67.25,67.75,67.0,67.25,45.12644577026367,3903000.0
2020-08-28,TISCO.BK,68.0,69.0,67.5,68.0,45.62971878051758,5188200.0
2020-08-31,TISCO.BK,68.5,68.75,67.0,67.25,45.12644577026367,3106900.0
2020-09-01,TISCO.BK,67.75,67.75,66.0,66.0,44.28767013549805,3706100.0
2020-09-02,TISCO.BK,66.0,67.0,65.75,67.0,44.95869064331055,1730500.0
2020-09-03,TISCO.BK,67.25,67.25,66.25,66.5,44.6231803894043,1503300.0
2020-09-08,TISCO.BK,66.0,66.25,65.25,65.75,44.11991500854492,2952600.0
2020-09-09,TISCO.BK,65.0,65.5,64.75,65.25,43.78440475463867,3465600.0
2020-09-10,TISCO.BK,65.5,66.0,65.25,65.25,43.78440475463867,1009800.0
2020-09-11,TISCO.BK,65.25,65.5,65.0,65.0,43.616641998291016,1970300.0
2020-09-14,TISCO.BK,65.0,65.25,64.0,64.25,43.113372802734375,3206100.0
2020-09-15,TISCO.BK,64.5,64.5,63.5,63.5,42.610107421875,4697200.0
2020-09-16,TISCO.BK,63.5,64.25,63.0,63.75,42.777862548828125,4485700.0
2020-09-17,TISCO.BK,63.75,63.75,63.0,63.25,42.44234848022461,2453500.0
2020-09-18,TISCO.BK,63.75,64.75,63.5,64.75,43.448890686035156,3403200.0
2020-09-21,TISCO.BK,65.25,65.25,63.75,64.25,43.113372802734375,2868100.0
2020-09-22,TISCO.BK,63.75,64.0,63.0,63.0,42.274593353271484,3668500.0
2020-09-23,TISCO.BK,63.25,63.5,62.75,63.0,42.274593353271484,2845400.0
2020-09-24,TISCO.BK,63.0,63.5,62.75,63.25,42.44234848022461,3143400.0
2020-09-25,TISCO.BK,64.0,64.0,63.0,63.0,42.274593353271484,3113100.0
2020-09-28,TISCO.BK,63.5,65.25,63.0,65.0,43.616641998291016,5833300.0
2020-09-29,TISCO.BK,65.0,65.25,64.25,64.5,43.281131744384766,2756000.0
2020-09-30,TISCO.BK,64.5,64.75,63.5,63.75,42.777862548828125,3694200.0
2020-10-01,TISCO.BK,64.0,64.0,63.25,63.75,42.777862548828125,2115700.0
2020-10-02,TISCO.BK,63.5,63.5,62.25,62.75,42.10683822631836,3870000.0
2020-10-05,TISCO.BK,63.0,63.25,62.5,63.0,42.274593353271484,4295400.0
2020-10-06,TISCO.BK,63.75,64.75,63.25,64.5,43.281131744384766,6002900.0
2020-10-07,TISCO.BK,64.25,64.75,63.75,64.5,43.281131744384766,2979100.0
2020-10-08,TISCO.BK,65.0,65.75,64.75,65.25,43.78440475463867,7723700.0
2020-10-09,TISCO.BK,65.75,66.5,65.0,66.0,44.28767013549805,6317600.0
2020-10-12,TISCO.BK,66.5,68.75,66.5,68.5,45.96522521972656,10417200.0
2020-10-14,TISCO.BK,68.5,68.75,67.0,67.5,45.29420852661133,6272500.0
2020-10-15,TISCO.BK,66.5,67.25,65.0,65.75,44.11991500854492,5144600.0
2020-10-16,TISCO.BK,69.0,69.75,67.75,68.25,45.7974739074707,15201600.0
2020-10-19,TISCO.BK,67.75,68.25,66.5,68.0,45.62971878051758,8761000.0
2020-10-20,TISCO.BK,68.25,69.25,68.25,68.5,45.96522521972656,6687900.0
2020-10-21,TISCO.BK,69.0,69.75,68.75,69.5,46.636253356933594,7076900.0
2020-10-22,TISCO.BK,70.0,72.0,69.5,70.5,47.307289123535156,17294400.0
2020-10-26,TISCO.BK,70.5,70.75,69.0,70.25,47.1395263671875,6806600.0
2020-10-27,TISCO.BK,70.75,71.75,69.75,71.0,47.64279556274414,6631600.0
2020-10-28,TISCO.BK,70.75,71.25,70.25,70.75,47.475040435791016,4572700.0
2020-10-29,TISCO.BK,70.0,71.75,70.0,71.5,47.97830581665039,5561600.0
2020-10-30,TISCO.BK,71.5,71.75,69.75,70.75,47.475040435791016,7237600.0
2020-11-02,TISCO.BK,70.75,73.0,70.5,73.0,48.98484420776367,7417200.0
2020-11-03,TISCO.BK,73.0,73.0,71.5,72.25,48.4815788269043,7229100.0
2020-11-04,TISCO.BK,72.25,72.75,71.5,72.75,48.81708908081055,4476400.0
2020-11-05,TISCO.BK,73.0,74.0,72.75,73.75,49.48811721801758,6867600.0
2020-11-06,TISCO.BK,73.25,74.0,71.75,73.25,49.15260314941406,7252800.0
2020-11-09,TISCO.BK,74.0,75.25,73.5,74.75,50.159141540527344,6448100.0
2020-11-10,TISCO.BK,75.0,75.5,73.5,75.25,50.49465560913086,13215200.0
2020-11-11,TISCO.BK,76.25,76.5,73.75,74.25,49.823631286621094,11884400.0
2020-11-12,TISCO.BK,73.75,74.25,73.0,73.0,48.98484420776367,10080100.0
2020-11-13,TISCO.BK,73.5,75.75,72.5,75.0,50.32689666748047,19766800.0
2020-11-16,TISCO.BK,75.75,77.5,75.25,77.0,51.668941497802734,12485700.0
2020-11-17,TISCO.BK,78.25,78.5,77.0,77.5,52.00446319580078,12228200.0
2020-11-18,TISCO.BK,77.25,79.25,77.0,78.5,52.67548751831055,10119200.0
2020-11-19,TISCO.BK,78.5,78.75,77.75,78.25,52.507728576660156,5700600.0
2020-11-20,TISCO.BK,78.5,79.75,78.25,79.75,53.5142707824707,8496800.0
2020-11-23,TISCO.BK,80.0,80.5,79.0,80.25,53.84977340698242,5840000.0
2020-11-24,TISCO.BK,80.5,81.0,79.25,79.25,53.17875289916992,4974200.0
2020-11-25,TISCO.BK,79.25,80.75,79.0,79.5,53.34650802612305,4582800.0
2020-11-26,TISCO.BK,79.5,80.5,79.25,80.5,54.01753616333008,5614200.0
2020-11-27,TISCO.BK,80.5,80.5,79.75,80.25,53.84977340698242,2709200.0
2020-11-30,TISCO.BK,79.5,80.0,78.5,78.5,52.67548751831055,9344300.0
2020-12-01,TISCO.BK,78.75,81.5,78.75,80.5,54.01753616333008,9148600.0
2020-12-02,TISCO.BK,80.5,82.0,80.25,81.75,54.8563117980957,5830600.0
2020-12-03,TISCO.BK,82.5,83.75,82.0,83.5,56.030616760253906,8528100.0
2020-12-04,TISCO.BK,83.5,86.75,83.25,86.5,58.04368591308594,14054100.0
2020-12-08,TISCO.BK,86.5,91.5,86.25,90.75,60.895545959472656,16328700.0
2020-12-09,TISCO.BK,91.0,93.75,91.0,92.25,61.90208053588867,14743100.0
2020-12-14,TISCO.BK,92.25,92.5,90.75,90.75,60.895545959472656,9003400.0
2020-12-15,TISCO.BK,90.75,91.5,88.25,90.5,60.727787017822266,9331800.0
2020-12-16,TISCO.BK,91.0,92.0,90.75,91.25,61.23106002807617,5294800.0
2020-12-17,TISCO.BK,91.0,91.5,90.25,90.25,60.56003952026367,5013100.0
2020-12-18,TISCO.BK,90.25,90.25,89.0,89.25,59.889007568359375,5860000.0
2020-12-21,TISCO.BK,87.0,88.75,85.75,85.75,57.54042434692383,15335300.0
2020-12-22,TISCO.BK,85.75,87.75,84.25,86.75,58.2114372253418,10223500.0
2020-12-23,TISCO.BK,87.0,88.5,86.25,86.25,57.87593078613281,5317200.0
2020-12-24,TISCO.BK,86.5,89.25,86.25,88.5,59.385746002197266,5606500.0
2020-12-25,TISCO.BK,88.75,90.5,88.5,89.75,60.224517822265625,4419000.0
2020-12-28,TISCO.BK,91.0,91.25,87.5,87.5,58.7147102355957,3790700.0
2020-12-29,TISCO.BK,88.0,90.0,87.5,89.75,60.224517822265625,3573600.0
2020-12-30,TISCO.BK,90.5,90.75,88.25,88.5,59.385746002197266,3433300.0
2021-01-04,TISCO.BK,87.0,89.75,87.0,88.5,59.385746002197266,3725400.0
2021-01-05,TISCO.BK,88.25,89.0,87.25,87.75,58.88247299194336,6314800.0
2021-01-06,TISCO.BK,88.0,90.25,87.75,89.5,60.056758880615234,7314900.0
2021-01-07,TISCO.BK,91.75,92.25,90.75,91.5,61.398807525634766,11754700.0
2021-01-08,TISCO.BK,92.0,92.25,89.75,90.75,60.895545959472656,9321800.0
2021-01-11,TISCO.BK,90.25,90.75,89.0,90.5,60.727787017822266,6335000.0
2021-01-12,TISCO.BK,90.5,90.75,89.5,90.25,60.56003952026367,5232700.0
2021-01-13,TISCO.BK,90.75,92.0,90.5,90.75,60.895545959472656,6236800.0
2021-01-14,TISCO.BK,92.0,96.5,91.5,95.0,63.747398376464844,18993000.0
2021-01-15,TISCO.BK,95.0,95.25,93.0,93.5,62.740867614746094,7980800.0
2021-01-18,TISCO.BK,93.0,93.25,91.0,91.75,61.566566467285156,4681100.0
2021-01-19,TISCO.BK,93.5,95.0,93.5,94.0,63.076377868652344,7223600.0
2021-01-20,TISCO.BK,94.75,94.75,93.5,94.0,63.076377868652344,3897800.0
2021-01-21,TISCO.BK,94.5,95.75,94.25,95.0,63.747398376464844,8125700.0
2021-01-22,TISCO.BK,95.0,99.75,95.0,96.25,64.58618927001953,18670700.0
2021-01-25,TISCO.BK,96.25,96.25,94.0,95.25,63.9151611328125,6055100.0
2021-01-26,TISCO.BK,95.5,96.5,94.0,95.5,64.08291625976562,7054600.0
2021-01-27,TISCO.BK,95.5,95.75,94.0,94.0,63.076377868652344,5428600.0
2021-01-28,TISCO.BK,93.5,94.25,92.25,92.5,62.069847106933594,5861500.0
2021-01-29,TISCO.BK,93.25,93.25,91.25,92.25,61.90208053588867,7706500.0
2021-02-01,TISCO.BK,91.5,94.0,91.25,93.75,62.90862274169922,4224300.0
2021-02-02,TISCO.BK,94.0,94.5,92.5,92.75,62.23759078979492,3501000.0
2021-02-03,TISCO.BK,94.0,94.75,93.25,93.75,62.90862274169922,5374300.0
2021-02-04,TISCO.BK,94.25,94.25,92.25,93.5,62.740867614746094,5281500.0
2021-02-05,TISCO.BK,94.0,94.75,93.5,94.25,63.24412536621094,6235200.0
2021-02-08,TISCO.BK,94.25,96.0,94.25,95.5,64.08291625976562,8484100.0
2021-02-09,TISCO.BK,96.0,96.25,94.75,95.0,63.747398376464844,6296200.0
2021-02-10,TISCO.BK,95.0,95.0,93.75,94.0,63.076377868652344,6965200.0
2021-02-11,TISCO.BK,94.0,94.0,92.25,93.0,62.405357360839844,7387400.0
2021-02-15,TISCO.BK,93.0,93.25,91.5,91.75,61.566566467285156,8602900.0
2021-02-16,TISCO.BK,92.5,93.0,91.5,92.25,61.90208053588867,10522900.0
2021-02-17,TISCO.BK,92.25,93.25,92.25,92.25,61.90208053588867,6173700.0
2021-02-18,TISCO.BK,92.25,92.5,91.0,91.25,61.23106002807617,7937800.0
2021-02-19,TISCO.BK,91.0,91.5,90.25,90.75,60.895545959472656,6322600.0
2021-02-22,TISCO.BK,90.75,91.25,89.5,89.75,60.224517822265625,4952000.0
2021-02-23,TISCO.BK,90.0,91.25,90.0,90.75,60.895545959472656,4055600.0
2021-02-24,TISCO.BK,90.75,91.25,89.75,90.25,60.56003952026367,3627100.0
2021-02-25,TISCO.BK,93.5,96.0,93.5,95.0,63.747398376464844,19943200.0
2021-03-01,TISCO.BK,95.0,96.25,94.75,95.0,63.747398376464844,9719600.0
2021-03-02,TISCO.BK,95.75,96.25,95.25,95.25,63.9151611328125,5997900.0
2021-03-03,TISCO.BK,95.75,97.0,95.25,96.25,64.58618927001953,6868100.0
2021-03-04,TISCO.BK,96.25,97.0,95.5,95.5,64.08291625976562,6635000.0
2021-03-05,TISCO.BK,95.0,98.0,95.0,97.25,65.25721740722656,10195300.0
2021-03-08,TISCO.BK,98.0,98.5,97.25,97.25,65.25721740722656,5387700.0
2021-03-09,TISCO.BK,97.5,98.25,96.5,96.75,64.92169952392578,7553900.0
2021-03-10,TISCO.BK,97.5,97.75,96.25,97.25,65.25721740722656,5113300.0
2021-03-11,TISCO.BK,97.5,98.25,97.0,97.25,65.25721740722656,4543300.0
2021-03-12,TISCO.BK,97.5,98.5,97.25,97.5,65.42496490478516,6318400.0
2021-03-15,TISCO.BK,97.5,97.75,97.0,97.25,65.25721740722656,4192500.0
2021-03-16,TISCO.BK,97.5,98.0,97.25,97.5,65.42496490478516,2742200.0
2021-03-17,TISCO.BK,97.5,97.75,97.0,97.25,65.25721740722656,3837400.0
2021-03-18,TISCO.BK,97.75,98.0,96.5,96.75,64.92169952392578,7314400.0
2021-03-19,TISCO.BK,96.75,97.0,96.5,96.5,64.75394439697266,4670600.0
2021-03-22,TISCO.BK,96.25,96.75,95.5,96.0,64.41842651367188,5375100.0
2021-03-23,TISCO.BK,96.0,97.5,96.0,96.75,64.92169952392578,5890400.0
2021-03-24,TISCO.BK,96.5,97.0,96.25,96.5,64.75394439697266,3254500.0
2021-03-25,TISCO.BK,96.5,97.75,96.25,97.0,65.08944702148438,5347600.0
2021-03-26,TISCO.BK,97.0,97.75,96.5,97.0,65.08944702148438,3124000.0
2021-03-29,TISCO.BK,97.0,97.25,96.75,96.75,64.92169952392578,3238900.0
2021-03-30,TISCO.BK,97.0,97.25,96.25,96.75,64.92169952392578,5955700.0
2021-03-31,TISCO.BK,96.75,97.5,96.5,97.25,65.25721740722656,3746600.0
2021-04-01,TISCO.BK,97.5,98.5,97.25,98.0,65.7604751586914,8024600.0
2021-04-02,TISCO.BK,98.25,98.75,98.0,98.25,65.92823791503906,3255700.0
2021-04-05,TISCO.BK,98.25,98.5,97.5,97.75,65.59272003173828,3688100.0
2021-04-07,TISCO.BK,97.5,98.75,97.25,98.5,66.09599304199219,6003800.0
2021-04-08,TISCO.BK,98.5,100.5,97.5,97.75,65.59272003173828,15214100.0
2021-04-09,TISCO.BK,98.0,99.0,97.75,98.25,65.92823791503906,5042100.0
2021-04-12,TISCO.BK,98.25,98.75,97.75,98.5,66.09599304199219,5109500.0
2021-04-16,TISCO.BK,98.25,98.5,97.0,97.5,65.42496490478516,14034900.0
2021-04-19,TISCO.BK,97.5,99.25,97.25,98.5,66.09599304199219,8950500.0
2021-04-20,TISCO.BK,98.75,101.5,98.5,101.0,67.77355194091797,18187300.0
2021-04-21,TISCO.BK,101.0,102.5,100.5,102.0,68.444580078125,11952800.0
2021-04-22,TISCO.BK,102.5,102.5,101.0,101.0,67.77355194091797,7348900.0
2021-04-23,TISCO.BK,101.5,102.0,100.5,101.0,67.77355194091797,7459900.0
2021-04-26,TISCO.BK,100.5,101.5,100.0,101.0,67.77355194091797,7776300.0
2021-04-27,TISCO.BK,101.0,101.5,100.0,100.5,67.43804168701172,13219700.0
2021-04-28,TISCO.BK,93.5,93.75,91.75,92.0,65.86304473876953,22772400.0
2021-04-29,TISCO.BK,92.25,93.25,91.5,91.5,65.5051040649414,12677000.0
2021-04-30,TISCO.BK,91.75,92.75,91.5,92.5,66.22101593017578,6678100.0
2021-05-05,TISCO.BK,92.5,92.5,89.5,89.5,64.07329559326172,13215400.0
2021-05-06,TISCO.BK,89.75,90.5,89.25,89.25,63.894325256347656,7232700.0
2021-05-07,TISCO.BK,89.25,89.75,89.0,89.25,63.894325256347656,8769700.0
2021-05-10,TISCO.BK,89.75,90.0,88.75,88.75,63.53636932373047,9032300.0
2021-05-11,TISCO.BK,88.5,88.75,87.5,87.75,62.820472717285156,8754000.0
2021-05-12,TISCO.BK,87.25,87.25,86.25,86.5,61.925594329833984,6370200.0
2021-05-13,TISCO.BK,85.75,86.5,85.0,86.5,61.925594329833984,11305700.0
2021-05-14,TISCO.BK,86.5,88.0,86.0,86.5,61.925594329833984,6566900.0
2021-05-17,TISCO.BK,86.5,87.5,86.25,87.25,62.46251678466797,6797600.0
2021-05-18,TISCO.BK,88.25,88.25,87.0,87.5,62.64149475097656,5725600.0
2021-05-19,TISCO.BK,87.5,88.25,86.75,87.0,62.28354263305664,4942200.0
2021-05-20,TISCO.BK,87.0,87.75,86.5,87.25,62.46251678466797,3350100.0
2021-05-21,TISCO.BK,87.0,87.5,86.75,87.0,62.28354263305664,2443000.0
2021-05-24,TISCO.BK,87.25,88.0,87.0,87.75,62.820472717285156,2152200.0
2021-05-25,TISCO.BK,88.25,89.75,88.0,89.0,63.7153434753418,6533300.0
2021-05-27,TISCO.BK,90.0,90.5,89.5,90.25,64.6102294921875,6418500.0
2021-05-28,TISCO.BK,90.25,90.5,89.0,89.5,64.07329559326172,3885600.0
2021-05-31,TISCO.BK,89.25,89.75,89.0,89.0,63.7153434753418,2291500.0
2021-06-01,TISCO.BK,89.25,90.0,89.25,89.75,64.25227355957031,2554300.0
2021-06-02,TISCO.BK,90.25,90.5,89.5,89.75,64.25227355957031,2962300.0
2021-06-04,TISCO.BK,89.75,90.25,89.25,89.75,64.25227355957031,4092500.0
2021-06-07,TISCO.BK,89.5,89.75,89.0,89.5,64.07329559326172,4975500.0
2021-06-08,TISCO.BK,89.5,89.75,89.0,89.25,63.894325256347656,3605200.0
2021-06-09,TISCO.BK,89.25,90.0,89.0,89.25,63.894325256347656,6128200.0
2021-06-10,TISCO.BK,89.5,90.5,89.0,89.25,63.894325256347656,4856800.0
2021-06-11,TISCO.BK,89.75,91.0,89.25,91.0,65.14714813232422,9012600.0
2021-06-14,TISCO.BK,92.0,92.0,90.5,90.75,64.96817779541016,5377500.0
2021-06-15,TISCO.BK,90.5,90.75,89.0,89.25,63.894325256347656,6939800.0
2021-06-16,TISCO.BK,89.0,90.0,89.0,89.25,63.894325256347656,3756000.0
2021-06-17,TISCO.BK,89.5,90.0,89.0,89.25,63.894325256347656,3176900.0
2021-06-18,TISCO.BK,89.75,91.25,89.5,91.0,65.14714813232422,7681600.0
2021-06-21,TISCO.BK,89.75,90.25,89.0,89.5,64.07329559326172,3802100.0
2021-06-22,TISCO.BK,90.0,90.5,89.0,89.25,63.894325256347656,3790600.0
2021-06-23,TISCO.BK,89.75,89.75,88.5,88.75,63.53636932373047,3485000.0
2021-06-24,TISCO.BK,88.75,89.25,87.75,89.0,63.7153434753418,5294600.0
2021-06-25,TISCO.BK,89.5,89.75,88.75,89.0,63.7153434753418,1938000.0
2021-06-28,TISCO.BK,88.75,89.0,88.5,88.5,63.35739517211914,3172100.0
2021-06-29,TISCO.BK,88.5,89.5,88.25,88.5,63.35739517211914,2454200.0
2021-06-30,TISCO.BK,88.75,89.25,88.25,88.5,63.35739517211914,3038900.0
2021-07-01,TISCO.BK,88.5,92.75,88.5,92.5,66.22101593017578,16635700.0
2021-07-02,TISCO.BK,92.25,92.25,90.75,90.75,64.96817779541016,8511500.0
2021-07-05,TISCO.BK,90.75,91.0,88.75,89.5,64.07329559326172,4673300.0
2021-07-06,TISCO.BK,89.5,92.0,89.5,91.75,65.68408203125,6376400.0
2021-07-07,TISCO.BK,91.5,92.0,91.0,91.5,65.5051040649414,4452600.0
2021-07-08,TISCO.BK,90.5,90.75,88.75,89.5,64.07329559326172,9051600.0
2021-07-09,TISCO.BK,89.25,90.0,89.0,89.5,64.07329559326172,6593900.0
2021-07-12,TISCO.BK,89.75,91.5,89.5,91.5,65.5051040649414,5472400.0
2021-07-13,TISCO.BK,92.25,92.5,91.5,92.5,66.22101593017578,6187200.0
2021-07-14,TISCO.BK,92.25,92.5,91.25,92.5,66.22101593017578,3916900.0
2021-07-15,TISCO.BK,93.25,95.5,91.5,91.5,65.5051040649414,17778100.0
2021-07-16,TISCO.BK,92.0,92.0,90.75,91.0,65.14714813232422,4803600.0
2021-07-19,TISCO.BK,90.0,90.5,89.5,89.5,64.07329559326172,4737700.0
2021-07-20,TISCO.BK,89.5,90.0,88.5,88.75,63.53636932373047,5159600.0
2021-07-21,TISCO.BK,88.75,89.25,87.0,87.5,62.64149475097656,5970000.0
2021-07-22,TISCO.BK,88.0,89.0,87.5,88.25,63.17841339111328,3373400.0
2021-07-23,TISCO.BK,88.5,88.75,88.0,88.0,62.999446868896484,1899800.0
2021-07-27,TISCO.BK,88.25,89.0,87.5,88.5,63.35739517211914,3301800.0
2021-07-29,TISCO.BK,88.5,88.75,87.5,88.0,62.999446868896484,4381000.0
2021-07-30,TISCO.BK,87.75,88.0,87.0,88.0,62.999446868896484,3586800.0
2021-08-02,TISCO.BK,87.5,88.0,87.25,88.0,62.999446868896484,1666400.0
2021-08-03,TISCO.BK,87.75,89.5,87.75,89.0,63.7153434753418,3846800.0
2021-08-04,TISCO.BK,89.0,89.25,88.25,88.75,63.53636932373047,2133000.0
2021-08-05,TISCO.BK,88.75,89.0,88.0,88.25,63.17841339111328,3256900.0
2021-08-06,TISCO.BK,88.0,88.5,87.5,88.0,62.999446868896484,2979800.0
2021-08-09,TISCO.BK,88.25,89.5,87.75,89.0,63.7153434753418,3042900.0
2021-08-10,TISCO.BK,89.0,89.25,88.0,88.0,62.999446868896484,1914000.0
2021-08-11,TISCO.BK,88.5,89.25,88.25,88.75,63.53636932373047,1908600.0
2021-08-13,TISCO.BK,88.25,89.0,88.0,88.25,63.17841339111328,1875500.0
2021-08-16,TISCO.BK,88.25,89.25,88.25,89.0,63.7153434753418,2086600.0
2021-08-17,TISCO.BK,89.5,89.75,88.75,89.0,63.7153434753418,4178000.0
2021-08-18,TISCO.BK,89.25,89.5,89.0,89.25,63.894325256347656,1887800.0
2021-08-19,TISCO.BK,89.0,89.75,89.0,89.25,63.894325256347656,2441000.0
2021-08-20,TISCO.BK,89.75,91.25,89.5,90.75,64.96817779541016,7807600.0
2021-08-23,TISCO.BK,91.75,93.0,91.5,92.5,66.22101593017578,8280500.0
2021-08-24,TISCO.BK,93.25,93.5,92.5,92.75,66.39997863769531,5602300.0
2021-08-25,TISCO.BK,93.25,94.5,93.0,94.25,67.47383117675781,7455500.0
2021-08-26,TISCO.BK,93.75,94.0,92.75,93.75,67.11588287353516,3536900.0
2021-08-27,TISCO.BK,93.5,94.75,93.0,94.0,67.29486083984375,5877100.0
2021-08-30,TISCO.BK,94.5,95.0,93.5,93.75,67.11588287353516,6468600.0
2021-08-31,TISCO.BK,93.5,94.25,93.5,94.0,67.29486083984375,2750700.0
2021-09-01,TISCO.BK,94.0,94.25,92.75,93.0,66.57896423339844,3620100.0
2021-09-02,TISCO.BK,92.5,94.0,92.5,93.75,67.11588287353516,2774800.0
2021-09-03,TISCO.BK,93.75,93.75,92.5,92.75,66.39997863769531,3717200.0
2021-09-06,TISCO.BK,92.75,92.75,91.5,91.75,65.68408203125,2840600.0
2021-09-07,TISCO.BK,91.75,92.75,91.25,91.25,65.32613372802734,2658600.0
2021-09-08,TISCO.BK,91.5,92.25,91.25,92.0,65.86304473876953,2099300.0
2021-09-09,TISCO.BK,91.75,92.0,91.0,91.5,65.5051040649414,3359400.0
2021-09-10,TISCO.BK,91.25,92.25,91.0,91.75,65.68408203125,2616800.0
2021-09-13,TISCO.BK,91.75,92.5,91.5,92.25,66.04203796386719,1644400.0
2021-09-14,TISCO.BK,92.5,93.25,92.5,92.75,66.39997863769531,1860400.0
2021-09-15,TISCO.BK,92.25,92.75,92.0,92.0,65.86304473876953,1739900.0
2021-09-16,TISCO.BK,92.25,93.25,92.25,92.5,66.22101593017578,3447600.0
2021-09-17,TISCO.BK,92.75,93.25,92.0,92.25,66.04203796386719,4995700.0
2021-09-20,TISCO.BK,91.5,92.5,91.25,91.75,65.68408203125,4530000.0
2021-09-21,TISCO.BK,92.0,94.0,91.75,93.5,66.93690490722656,9506600.0
2021-09-22,TISCO.BK,93.25,93.5,91.25,92.25,66.04203796386719,8311800.0
2021-09-23,TISCO.BK,93.0,93.25,92.25,92.75,66.39997863769531,3360600.0
2021-09-27,TISCO.BK,93.0,94.5,91.75,93.0,66.57896423339844,5496400.0
2021-09-28,TISCO.BK,93.0,93.5,92.0,92.25,66.04203796386719,2218800.0
2021-09-29,TISCO.BK,91.75,93.25,91.0,92.5,66.22101593017578,5408900.0
2021-09-30,TISCO.BK,92.5,93.0,91.5,91.75,65.68408203125,3022800.0
2021-10-01,TISCO.BK,91.75,92.0,91.5,91.75,65.68408203125,1832700.0
2021-10-04,TISCO.BK,91.75,92.5,91.5,92.25,66.04203796386719,942800.0
2021-10-05,TISCO.BK,92.0,92.75,91.75,92.5,66.22101593017578,2056200.0
2021-10-06,TISCO.BK,92.5,92.75,91.75,92.0,65.86304473876953,1706600.0
2021-10-07,TISCO.BK,92.0,93.25,92.0,92.75,66.39997863769531,3012200.0
2021-10-08,TISCO.BK,93.0,94.25,92.5,93.25,66.75792694091797,5381100.0
2021-10-11,TISCO.BK,93.5,93.75,92.0,92.25,66.04203796386719,3701800.0
2021-10-12,TISCO.BK,92.5,93.0,92.25,93.0,66.57896423339844,2799800.0
2021-10-14,TISCO.BK,93.0,93.5,92.25,92.5,66.22101593017578,2699400.0
2021-10-15,TISCO.BK,92.5,94.0,92.5,93.25,66.75792694091797,6047800.0
2021-10-18,TISCO.BK,93.0,93.5,92.75,93.0,66.57896423339844,2245600.0
2021-10-19,TISCO.BK,93.5,94.5,92.25,93.0,66.57896423339844,7840600.0
2021-10-20,TISCO.BK,92.75,92.75,92.25,92.25,66.04203796386719,4871100.0
2021-10-21,TISCO.BK,92.5,93.5,92.0,93.0,66.57896423339844,6434300.0
2021-10-25,TISCO.BK,93.25,93.75,92.5,92.75,66.39997863769531,3079300.0
2021-10-26,TISCO.BK,92.75,93.0,91.75,92.0,65.86304473876953,4869800.0
2021-10-27,TISCO.BK,92.0,92.25,91.5,91.75,65.68408203125,2638000.0
2021-10-28,TISCO.BK,91.5,92.5,91.5,91.5,65.5051040649414,5797200.0
2021-10-29,TISCO.BK,91.75,92.25,91.25,92.25,66.04203796386719,2943800.0
2021-11-01,TISCO.BK,92.25,92.5,91.75,92.0,65.86304473876953,1390500.0
2021-11-02,TISCO.BK,92.0,92.25,91.25,91.25,65.32613372802734,7722500.0
2021-11-03,TISCO.BK,91.5,91.75,91.0,91.0,65.14714813232422,2031700.0
2021-11-04,TISCO.BK,91.25,92.5,91.0,92.0,65.86304473876953,6169200.0
2021-11-05,TISCO.BK,91.5,92.0,91.25,91.5,65.5051040649414,2355000.0
2021-11-08,TISCO.BK,92.0,92.5,91.5,91.75,65.68408203125,2030300.0
2021-11-09,TISCO.BK,92.0,92.5,91.5,92.25,66.04203796386719,3009600.0
2021-11-10,TISCO.BK,91.75,92.5,91.5,92.5,66.22101593017578,1769100.0
2021-11-11,TISCO.BK,92.25,92.5,91.75,92.0,65.86304473876953,2644300.0
2021-11-12,TISCO.BK,92.5,92.75,91.75,92.0,65.86304473876953,1726700.0
2021-11-15,TISCO.BK,92.5,93.25,92.25,93.0,66.57896423339844,4859700.0
2021-11-16,TISCO.BK,93.0,93.25,92.0,92.25,66.04203796386719,3926100.0
2021-11-17,TISCO.BK,92.25,93.0,92.25,92.5,66.22101593017578,3963200.0
2021-11-18,TISCO.BK,92.75,93.25,92.5,93.0,66.57896423339844,2822300.0
2021-11-19,TISCO.BK,93.0,93.25,92.5,92.5,66.22101593017578,2623000.0
2021-11-22,TISCO.BK,92.75,93.0,92.5,93.0,66.57896423339844,1682500.0
2021-11-23,TISCO.BK,93.0,93.25,92.75,92.75,66.39997863769531,2440600.0
2021-11-24,TISCO.BK,92.75,93.5,92.5,93.25,66.75792694091797,5869500.0
2021-11-25,TISCO.BK,93.25,93.5,91.25,91.75,65.68408203125,8871200.0
2021-11-26,TISCO.BK,91.5,91.5,90.0,90.25,64.6102294921875,11081300.0
2021-11-29,TISCO.BK,89.0,90.5,89.0,89.5,64.07329559326172,5908700.0
2021-11-30,TISCO.BK,90.25,90.5,89.0,89.75,64.25227355957031,8664500.0
2021-12-01,TISCO.BK,89.5,90.25,89.0,89.75,64.25227355957031,4306400.0
2021-12-02,TISCO.BK,89.75,90.25,89.5,89.75,64.25227355957031,1669300.0
2021-12-03,TISCO.BK,90.5,91.0,90.25,90.75,64.96817779541016,2413300.0
2021-12-07,TISCO.BK,91.0,92.0,90.5,91.75,65.68408203125,4421600.0
2021-12-08,TISCO.BK,92.0,92.0,91.25,91.5,65.5051040649414,2790900.0
2021-12-09,TISCO.BK,91.25,92.25,91.25,92.0,65.86304473876953,2634000.0
2021-12-13,TISCO.BK,92.0,92.5,91.5,91.5,65.5051040649414,3812500.0
2021-12-14,TISCO.BK,91.25,92.25,91.25,92.0,65.86304473876953,4540100.0
2021-12-15,TISCO.BK,91.75,92.5,91.5,91.75,65.68408203125,3450100.0
2021-12-16,TISCO.BK,92.25,93.0,92.0,92.75,66.39997863769531,4828800.0
2021-12-17,TISCO.BK,92.75,93.0,92.25,93.0,66.57896423339844,2915800.0
2021-12-20,TISCO.BK,92.5,93.0,91.75,92.0,65.86304473876953,3956200.0
2021-12-21,TISCO.BK,92.25,93.5,92.25,93.0,66.57896423339844,3861800.0
2021-12-22,TISCO.BK,93.25,94.0,93.25,93.5,66.93690490722656,3626800.0
2021-12-23,TISCO.BK,94.0,94.5,93.75,94.5,67.65281677246094,4745600.0
2021-12-24,TISCO.BK,94.5,94.75,94.0,94.25,67.47383117675781,1320600.0
2021-12-27,TISCO.BK,94.5,94.75,94.0,94.25,67.47383117675781,2977900.0
2021-12-28,TISCO.BK,94.5,95.25,94.5,95.25,68.18973541259766,4318300.0
2021-12-29,TISCO.BK,95.25,96.5,95.25,95.75,68.54769134521484,6105500.0
2021-12-30,TISCO.BK,95.75,96.0,95.5,96.0,68.72667694091797,2895600.0
2022-01-04,TISCO.BK,97.0,99.0,96.5,98.5,70.51642608642578,10442000.0
2022-01-05,TISCO.BK,98.5,99.25,98.0,98.75,70.69539642333984,7079200.0
2022-01-06,TISCO.BK,98.75,98.75,97.0,97.75,69.97950744628906,6882100.0
2022-01-07,TISCO.BK,97.5,98.0,96.5,97.5,69.80052185058594,11204300.0
2022-01-10,TISCO.BK,97.75,98.75,97.5,98.0,70.1584701538086,4131900.0
2022-01-11,TISCO.BK,98.0,98.5,97.5,98.25,70.33745574951172,2184800.0
2022-01-12,TISCO.BK,98.5,98.75,98.0,98.25,70.33745574951172,3013600.0
2022-01-13,TISCO.BK,98.5,99.0,98.0,98.25,70.33745574951172,4789500.0
2022-01-14,TISCO.BK,99.0,100.0,98.75,99.0,70.87438201904297,9785900.0
2022-01-17,TISCO.BK,99.0,99.0,98.0,98.75,70.69539642333984,4466100.0
2022-01-18,TISCO.BK,98.25,99.0,98.25,98.25,70.33745574951172,3676000.0
2022-01-19,TISCO.BK,98.5,99.0,97.25,97.25,69.62154388427734,7967500.0
2022-01-20,TISCO.BK,97.25,98.0,97.0,97.5,69.80052185058594,3539500.0
2022-01-21,TISCO.BK,97.0,97.5,96.5,97.0,69.44256591796875,5392000.0
2022-01-24,TISCO.BK,96.5,97.75,96.0,97.25,69.62154388427734,4644900.0
2022-01-25,TISCO.BK,97.25,98.5,97.0,98.25,70.33745574951172,5838100.0
2022-01-26,TISCO.BK,98.5,99.25,98.0,98.25,70.33745574951172,8729200.0
2022-01-27,TISCO.BK,97.75,99.25,97.5,98.75,70.69539642333984,5884900.0
2022-01-28,TISCO.BK,98.75,99.0,97.5,98.0,70.1584701538086,5352100.0
2022-01-31,TISCO.BK,98.5,99.0,98.25,98.75,70.69539642333984,3934700.0
2022-02-01,TISCO.BK,99.0,99.0,98.5,98.5,70.51642608642578,2748600.0
2022-02-02,TISCO.BK,98.5,98.75,98.0,98.25,70.33745574951172,3004300.0
2022-02-03,TISCO.BK,98.25,98.25,98.0,98.0,70.1584701538086,3791200.0
2022-02-04,TISCO.BK,98.0,98.5,98.0,98.25,70.33745574951172,3046400.0
2022-02-07,TISCO.BK,98.25,98.75,98.0,98.25,70.33745574951172,4797300.0
2022-02-08,TISCO.BK,98.25,99.0,98.0,98.25,70.33745574951172,5321600.0
2022-02-09,TISCO.BK,98.75,100.5,98.75,99.0,70.87438201904297,14186700.0
2022-02-10,TISCO.BK,98.75,99.0,98.0,98.25,70.33745574951172,11449400.0
2022-02-11,TISCO.BK,98.25,99.5,98.25,99.0,70.87438201904297,4906500.0
2022-02-14,TISCO.BK,98.5,99.0,98.25,98.75,70.69539642333984,4056000.0
2022-02-15,TISCO.BK,99.0,99.5,98.25,99.25,71.05335235595703,5824500.0
2022-02-17,TISCO.BK,99.0,99.25,98.25,98.75,70.69539642333984,11107400.0
2022-02-18,TISCO.BK,98.5,98.5,97.25,98.0,70.1584701538086,8115800.0
2022-02-21,TISCO.BK,98.25,98.75,98.0,98.25,70.33745574951172,3648400.0
2022-02-22,TISCO.BK,98.0,98.25,97.0,97.25,69.62154388427734,9163100.0
2022-02-23,TISCO.BK,97.5,98.25,97.5,98.0,70.1584701538086,2928000.0
2022-02-24,TISCO.BK,97.5,97.75,96.75,97.0,69.44256591796875,8862300.0
2022-02-25,TISCO.BK,97.5,97.75,97.0,97.5,69.80052185058594,3525500.0
2022-02-28,TISCO.BK,97.5,98.0,97.25,97.75,69.97950744628906,5396900.0
2022-03-01,TISCO.BK,99.0,99.5,98.0,98.25,70.33745574951172,8679300.0
2022-03-02,TISCO.BK,98.5,98.75,97.75,98.0,70.1584701538086,5032000.0
2022-03-03,TISCO.BK,98.25,98.75,98.25,98.5,70.51642608642578,3854900.0
2022-03-04,TISCO.BK,98.5,99.25,98.25,98.5,70.51642608642578,5791700.0
2022-03-07,TISCO.BK,98.0,98.5,97.5,98.0,70.1584701538086,12397100.0
2022-03-08,TISCO.BK,97.5,98.25,96.0,97.5,69.80052185058594,13678600.0
2022-03-09,TISCO.BK,97.5,98.25,97.0,98.0,70.1584701538086,6756900.0
2022-03-10,TISCO.BK,98.25,99.0,97.75,97.75,69.97950744628906,5527800.0
2022-03-11,TISCO.BK,97.75,98.25,97.25,97.75,69.97950744628906,4821400.0
2022-03-14,TISCO.BK,97.75,98.25,97.25,97.75,69.97950744628906,4338000.0
2022-03-15,TISCO.BK,97.75,98.75,97.75,98.5,70.51642608642578,8176300.0
2022-03-16,TISCO.BK,98.75,99.5,98.5,99.5,71.23233032226562,8909600.0
2022-03-17,TISCO.BK,100.0,100.5,99.5,100.0,71.59027862548828,10246600.0
2022-03-18,TISCO.BK,100.0,100.5,99.5,99.5,71.23233032226562,7707100.0
2022-03-21,TISCO.BK,99.5,100.0,99.0,99.25,71.05335235595703,3245800.0
2022-03-22,TISCO.BK,99.0,99.75,98.5,99.0,70.87438201904297,5077600.0
2022-03-23,TISCO.BK,99.5,99.75,99.0,99.0,70.87438201904297,2922800.0
2022-03-24,TISCO.BK,99.0,99.75,99.0,99.5,71.23233032226562,2862800.0
2022-03-25,TISCO.BK,99.75,100.5,99.5,99.75,71.41130828857422,3029700.0
2022-03-28,TISCO.BK,99.75,100.0,99.5,99.75,71.41130828857422,1919500.0
2022-03-29,TISCO.BK,100.0,101.0,99.75,100.0,71.59027862548828,3507900.0
2022-03-30,TISCO.BK,100.5,101.0,100.0,100.5,71.94822692871094,3736000.0
2022-03-31,TISCO.BK,101.0,101.0,100.0,100.5,71.94822692871094,1244700.0
2022-04-01,TISCO.BK,100.5,101.0,100.0,100.5,71.94822692871094,1344600.0
2022-04-04,TISCO.BK,100.5,101.0,100.0,100.5,71.94822692871094,2315100.0
2022-04-05,TISCO.BK,101.0,101.5,100.5,100.5,71.94822692871094,2582600.0
2022-04-07,TISCO.BK,100.5,101.0,100.0,101.0,72.3061752319336,4191700.0
2022-04-08,TISCO.BK,100.5,101.0,100.0,100.0,71.59027862548828,2623400.0
2022-04-11,TISCO.BK,100.0,100.5,99.75,100.0,71.59027862548828,4167300.0
2022-04-12,TISCO.BK,100.0,100.5,99.75,99.75,71.41130828857422,3891000.0
2022-04-18,TISCO.BK,100.0,100.5,99.5,100.0,71.59027862548828,4472900.0
2022-04-19,TISCO.BK,100.5,100.5,99.75,100.0,71.59027862548828,5314400.0
2022-04-20,TISCO.BK,100.5,100.5,100.0,100.5,71.94822692871094,5250700.0
2022-04-21,TISCO.BK,100.5,101.5,100.5,101.5,72.66413116455078,5606100.0
2022-04-22,TISCO.BK,101.0,101.5,100.5,101.5,72.66413116455078,3561400.0
2022-04-25,TISCO.BK,101.0,101.5,100.5,101.0,72.3061752319336,6560600.0
2022-04-26,TISCO.BK,101.0,101.5,100.0,100.0,71.59027862548828,7382800.0
2022-04-27,TISCO.BK,100.0,100.5,98.75,99.0,70.87438201904297,12219600.0
2022-04-28,TISCO.BK,99.25,99.75,99.0,99.5,71.23233032226562,13817300.0
2022-04-29,TISCO.BK,90.0,91.75,90.0,90.75,69.99819946289062,13917700.0
2022-05-03,TISCO.BK,91.25,92.5,91.25,91.5,70.57669067382812,9043000.0
2022-05-05,TISCO.BK,92.0,92.0,90.75,91.0,70.19103240966797,4520800.0
2022-05-06,TISCO.BK,90.25,90.75,90.0,90.25,69.61254119873047,4551200.0
2022-05-09,TISCO.BK,90.0,90.5,89.25,89.25,68.8412094116211,5413500.0
2022-05-10,TISCO.BK,89.25,90.5,89.25,90.5,69.80536651611328,5949400.0
2022-05-11,TISCO.BK,90.5,90.5,89.25,89.5,69.0340347290039,5841200.0
2022-05-12,TISCO.BK,89.5,90.25,89.5,89.75,69.22686767578125,6793100.0
2022-05-13,TISCO.BK,90.0,90.0,89.0,89.25,68.8412094116211,4067300.0
2022-05-17,TISCO.BK,89.25,89.75,89.0,89.25,68.8412094116211,5900500.0
2022-05-18,TISCO.BK,89.25,90.5,89.0,90.25,69.61254119873047,4518400.0
2022-05-19,TISCO.BK,89.5,89.75,89.0,89.5,69.0340347290039,3156000.0
2022-05-20,TISCO.BK,90.0,90.25,89.5,89.5,69.0340347290039,3509400.0
2022-05-23,TISCO.BK,89.75,90.0,89.5,90.0,69.41970825195312,2476000.0
2022-05-24,TISCO.BK,90.0,90.0,89.5,89.5,69.0340347290039,2119100.0
2022-05-25,TISCO.BK,89.75,90.25,89.5,89.5,69.0340347290039,2638700.0
2022-05-26,TISCO.BK,89.5,90.25,89.5,89.75,69.22686767578125,2852400.0
2022-05-27,TISCO.BK,90.0,90.75,89.5,89.75,69.22686767578125,5825500.0
2022-05-30,TISCO.BK,90.0,92.0,90.0,91.25,70.38385772705078,10078900.0
2022-05-31,TISCO.BK,91.25,91.75,91.0,91.75,70.76952362060547,3575300.0
2022-06-01,TISCO.BK,91.75,92.0,91.0,91.25,70.38385772705078,2207300.0
2022-06-02,TISCO.BK,91.25,91.25,90.25,90.75,69.99819946289062,3030400.0
2022-06-06,TISCO.BK,90.5,90.75,90.0,90.25,69.61254119873047,1816000.0
2022-06-07,TISCO.BK,90.25,90.25,89.75,90.0,69.41970825195312,2491100.0
2022-06-08,TISCO.BK,90.25,90.5,89.5,89.75,69.22686767578125,4104200.0
2022-06-09,TISCO.BK,89.5,90.5,89.5,90.0,69.41970825195312,7402200.0
2022-06-10,TISCO.BK,90.0,90.25,89.5,89.5,69.0340347290039,5447900.0
2022-06-13,TISCO.BK,89.25,90.25,89.25,89.75,69.22686767578125,4670200.0
2022-06-14,TISCO.BK,89.75,90.0,89.25,89.5,69.0340347290039,3824900.0
2022-06-15,TISCO.BK,89.75,90.75,89.5,89.5,69.0340347290039,4474400.0
2022-06-16,TISCO.BK,90.25,90.5,89.25,89.25,68.8412094116211,4377300.0
2022-06-17,TISCO.BK,89.5,89.75,89.0,89.75,69.22686767578125,5714300.0
2022-06-20,TISCO.BK,89.75,89.75,88.75,89.0,68.64836883544922,2268300.0
2022-06-21,TISCO.BK,89.0,89.5,89.0,89.0,68.64836883544922,3285500.0
2022-06-22,TISCO.BK,89.0,89.25,88.5,88.75,68.45553588867188,4742000.0
2022-06-23,TISCO.BK,89.0,89.75,89.0,89.0,68.64836883544922,3308900.0
2022-06-24,TISCO.BK,89.5,89.75,89.0,89.5,69.0340347290039,2672400.0
2022-06-27,TISCO.BK,90.0,90.25,89.5,89.5,69.0340347290039,3077000.0
2022-06-28,TISCO.BK,89.25,89.5,89.25,89.5,69.0340347290039,1547700.0
2022-06-29,TISCO.BK,89.25,89.25,88.5,88.75,68.45553588867188,3560300.0
2022-06-30,TISCO.BK,88.5,89.25,88.5,88.5,68.26271057128906,3427800.0
2022-07-01,TISCO.BK,88.75,89.0,88.5,88.5,68.26271057128906,1965900.0
2022-07-04,TISCO.BK,88.5,88.75,88.0,88.0,67.87704467773438,3949500.0
2022-07-05,TISCO.BK,88.0,88.5,87.0,87.0,67.105712890625,3531200.0
2022-07-06,TISCO.BK,87.0,87.5,86.25,86.75,66.91287231445312,5237600.0
2022-07-07,TISCO.BK,87.25,87.5,86.25,86.75,66.91287231445312,5218800.0
2022-07-08,TISCO.BK,86.75,87.0,86.25,86.5,66.72004699707031,4099700.0
2022-07-11,TISCO.BK,86.5,87.5,86.5,86.5,66.72004699707031,3873800.0
2022-07-12,TISCO.BK,86.75,87.0,86.5,86.75,66.91287231445312,2331400.0
2022-07-14,TISCO.BK,86.5,86.75,86.0,86.25,66.52721405029297,5742400.0
2022-07-15,TISCO.BK,86.25,87.0,86.0,86.75,66.91287231445312,4216100.0
2022-07-18,TISCO.BK,87.0,87.75,86.75,87.25,67.29853820800781,5563700.0
2022-07-19,TISCO.BK,87.5,87.5,86.25,86.5,66.72004699707031,6249200.0
2022-07-20,TISCO.BK,86.75,87.0,86.5,86.5,66.72004699707031,2713400.0
2022-07-21,TISCO.BK,86.75,88.5,86.5,88.25,68.06986999511719,6172700.0
2022-07-22,TISCO.BK,88.25,88.5,87.5,87.75,67.68421173095703,2928400.0
2022-07-25,TISCO.BK,88.0,89.0,87.75,88.75,68.45553588867188,3262300.0
2022-07-26,TISCO.BK,88.75,89.25,88.25,88.5,68.26271057128906,4123500.0
2022-07-27,TISCO.BK,88.5,88.75,88.25,88.5,68.26271057128906,3036300.0
2022-08-01,TISCO.BK,88.75,89.75,88.75,89.25,68.8412094116211,3996600.0
2022-08-02,TISCO.BK,89.0,90.0,89.0,89.5,69.0340347290039,3178000.0
2022-08-03,TISCO.BK,89.5,89.75,88.75,89.0,68.64836883544922,1763600.0
2022-08-04,TISCO.BK,89.0,89.5,88.5,89.0,68.64836883544922,2630500.0
2022-08-05,TISCO.BK,89.25,89.75,89.25,89.5,69.0340347290039,3243000.0
2022-08-08,TISCO.BK,89.5,89.75,89.0,89.25,68.8412094116211,3838600.0
2022-08-09,TISCO.BK,89.25,90.0,89.25,89.25,68.8412094116211,2961600.0
2022-08-10,TISCO.BK,89.25,90.25,89.25,90.0,69.41970825195312,5154600.0
2022-08-11,TISCO.BK,90.25,90.5,90.0,90.0,69.41970825195312,3505300.0
2022-08-15,TISCO.BK,90.5,91.5,90.25,91.0,70.19103240966797,4166500.0
2022-08-16,TISCO.BK,91.5,91.5,91.0,91.0,70.19103240966797,4047500.0
2022-08-17,TISCO.BK,91.0,91.75,90.75,91.75,70.76952362060547,3594800.0
2022-08-18,TISCO.BK,91.5,92.5,91.5,92.0,70.96235656738281,3856000.0
2022-08-19,TISCO.BK,92.25,92.75,92.0,92.5,71.34803009033203,4160600.0
2022-08-22,TISCO.BK,92.5,92.5,91.5,91.75,70.76952362060547,3353700.0
2022-08-23,TISCO.BK,91.5,92.75,91.25,92.5,71.34803009033203,4182500.0
2022-08-24,TISCO.BK,92.25,93.5,92.25,93.25,71.92652130126953,4434400.0
2022-08-25,TISCO.BK,93.75,93.75,93.0,93.25,71.92652130126953,1354100.0
2022-08-26,TISCO.BK,93.25,93.75,93.0,93.0,71.73368835449219,2738700.0
2022-08-29,TISCO.BK,91.75,93.0,91.5,92.5,71.34803009033203,2949900.0
2022-08-30,TISCO.BK,92.5,93.25,92.5,92.75,71.54085540771484,2514700.0
2022-08-31,TISCO.BK,93.0,93.75,92.75,93.75,72.31218719482422,3267500.0
2022-09-01,TISCO.BK,93.25,93.75,92.5,93.0,71.73368835449219,2881500.0
2022-09-02,TISCO.BK,93.0,93.25,92.0,92.5,71.34803009033203,2544800.0
2022-09-05,TISCO.BK,92.5,93.25,92.25,93.25,71.92652130126953,2063200.0
2022-09-06,TISCO.BK,93.25,93.75,92.5,92.5,71.34803009033203,1501900.0
2022-09-07,TISCO.BK,92.75,93.0,92.25,92.5,71.34803009033203,2446500.0
2022-09-08,TISCO.BK,92.75,93.0,92.25,92.25,71.15518951416016,2000400.0
2022-09-09,TISCO.BK,92.5,93.0,92.5,92.5,71.34803009033203,1542900.0
2022-09-12,TISCO.BK,92.75,94.25,92.5,94.0,72.50502014160156,3193200.0
2022-09-13,TISCO.BK,94.0,94.25,93.75,93.75,72.31218719482422,1704900.0
2022-09-14,TISCO.BK,93.0,94.0,93.0,93.5,72.11935424804688,2911500.0
2022-09-15,TISCO.BK,94.0,94.25,93.5,93.5,72.11935424804688,2902300.0
2022-09-16,TISCO.BK,93.5,94.0,93.5,93.75,72.31218719482422,3605900.0
2022-09-19,TISCO.BK,94.0,95.5,94.0,95.25,73.46918487548828,4603300.0
2022-09-20,TISCO.BK,96.0,96.0,95.0,95.0,73.2763442993164,3020000.0
2022-09-21,TISCO.BK,94.75,95.25,94.25,94.75,73.08351135253906,2523000.0
2022-09-22,TISCO.BK,94.75,96.0,94.75,95.5,73.66201782226562,4212800.0
2022-09-23,TISCO.BK,95.25,96.0,94.5,94.5,72.89068603515625,3736900.0
2022-09-26,TISCO.BK,94.5,94.75,94.0,94.0,72.50502014160156,2768700.0
2022-09-27,TISCO.BK,94.0,94.5,93.25,93.5,72.11935424804688,3366200.0
2022-09-28,TISCO.BK,93.5,94.25,93.0,93.75,72.31218719482422,3638200.0
2022-09-29,TISCO.BK,94.5,94.75,93.75,93.75,72.31218719482422,3000100.0
2022-09-30,TISCO.BK,93.5,93.75,91.75,92.75,71.54085540771484,6335900.0
2022-10-03,TISCO.BK,92.75,92.75,91.25,91.5,70.57669067382812,4251600.0
2022-10-04,TISCO.BK,92.5,92.75,91.75,91.75,70.76952362060547,6227400.0
2022-10-05,TISCO.BK,91.75,92.75,91.5,92.25,71.15518951416016,3067000.0
2022-10-06,TISCO.BK,93.0,95.0,92.75,94.5,72.89068603515625,6048000.0
2022-10-07,TISCO.BK,94.5,94.5,93.25,94.0,72.50502014160156,3792600.0
2022-10-10,TISCO.BK,93.0,93.25,92.75,93.0,71.73368835449219,2023100.0
2022-10-11,TISCO.BK,93.5,93.5,92.75,92.75,71.54085540771484,2220100.0
2022-10-12,TISCO.BK,93.0,94.0,92.75,93.75,72.31218719482422,2856600.0
2022-10-17,TISCO.BK,94.0,94.25,92.75,93.75,72.31218719482422,4382100.0
2022-10-18,TISCO.BK,94.25,94.25,93.25,94.0,72.50502014160156,4758000.0
2022-10-19,TISCO.BK,94.0,94.5,93.5,94.25,72.69784545898438,2830200.0
2022-10-20,TISCO.BK,94.0,95.25,93.75,95.25,73.46918487548828,6130000.0
2022-10-21,TISCO.BK,95.25,95.75,95.0,95.5,73.66201782226562,3421300.0
2022-10-25,TISCO.BK,95.25,96.0,94.5,95.5,73.66201782226562,2645200.0
2022-10-26,TISCO.BK,95.75,95.75,95.25,95.75,73.85484313964844,1871800.0
2022-10-27,TISCO.BK,96.0,96.0,95.5,96.0,74.04769134521484,2368800.0
2022-10-28,TISCO.BK,95.75,95.75,95.0,95.25,73.46918487548828,3805200.0
2022-10-31,TISCO.BK,96.0,96.5,95.75,96.0,74.04769134521484,2494500.0
2022-11-01,TISCO.BK,96.5,96.5,96.0,96.0,74.04769134521484,2382800.0
2022-11-02,TISCO.BK,96.0,96.75,96.0,96.75,74.62619018554688,3093600.0
2022-11-03,TISCO.BK,96.25,97.75,96.0,97.5,75.20467376708984,5717900.0
2022-11-04,TISCO.BK,97.5,97.75,96.75,97.0,74.81901550292969,2793500.0
2022-11-07,TISCO.BK,97.5,97.5,96.75,97.25,75.01184844970703,1917500.0
2022-11-08,TISCO.BK,97.25,97.25,96.5,97.0,74.81901550292969,2805400.0
2022-11-09,TISCO.BK,97.0,97.5,96.5,96.5,74.433349609375,3547500.0
2022-11-10,TISCO.BK,96.75,98.0,96.5,97.25,75.01184844970703,5002400.0
2022-11-11,TISCO.BK,98.0,98.75,97.5,97.5,75.20467376708984,4432200.0
2022-11-14,TISCO.BK,97.25,97.25,96.0,96.25,74.24052429199219,6135600.0
2022-11-15,TISCO.BK,96.25,97.0,96.25,97.0,74.81901550292969,3105200.0
2022-11-16,TISCO.BK,97.25,98.0,97.0,97.5,75.20467376708984,7321900.0
2022-11-17,TISCO.BK,97.5,97.5,96.25,96.5,74.433349609375,3695400.0
2022-11-18,TISCO.BK,96.75,96.75,96.0,96.5,74.433349609375,3272400.0
2022-11-21,TISCO.BK,96.5,96.5,95.75,96.25,74.24052429199219,2905100.0
2022-11-22,TISCO.BK,96.5,97.0,96.25,96.5,74.433349609375,3907500.0
2022-11-23,TISCO.BK,96.5,97.0,96.5,97.0,74.81901550292969,3355000.0
2022-11-24,TISCO.BK,97.0,97.25,96.75,97.0,74.81901550292969,1312600.0
2022-11-25,TISCO.BK,97.0,97.0,96.5,97.0,74.81901550292969,760100.0
2022-11-28,TISCO.BK,96.5,97.0,96.25,96.5,74.433349609375,2797500.0
2022-11-29,TISCO.BK,96.75,97.5,96.5,96.75,74.62619018554688,3050800.0
2022-11-30,TISCO.BK,96.75,97.5,96.25,97.5,75.20467376708984,5352400.0
2022-12-01,TISCO.BK,97.5,97.75,97.25,97.75,75.39750671386719,3187900.0
2022-12-02,TISCO.BK,97.75,97.75,97.0,97.25,75.01184844970703,1956500.0
2022-12-06,TISCO.BK,97.0,97.5,96.75,97.0,74.81901550292969,2752400.0
2022-12-07,TISCO.BK,97.5,98.0,97.25,97.75,75.39750671386719,3338100.0
2022-12-08,TISCO.BK,97.75,98.0,97.5,98.0,75.59033966064453,1678500.0
2022-12-09,TISCO.BK,98.0,98.25,97.75,98.25,75.7831802368164,1838600.0
2022-12-13,TISCO.BK,98.5,98.75,98.25,98.75,76.16883087158203,3649900.0
2022-12-14,TISCO.BK,98.75,99.0,98.5,99.0,76.36167907714844,2466800.0
2022-12-15,TISCO.BK,99.0,99.0,98.5,98.75,76.16883087158203,3163000.0
2022-12-16,TISCO.BK,98.5,99.0,98.5,98.75,76.16883087158203,3324100.0
2022-12-19,TISCO.BK,98.75,99.25,98.5,98.75,76.16883087158203,2891700.0
2022-12-20,TISCO.BK,99.0,99.0,98.5,99.0,76.36167907714844,1585800.0
2022-12-21,TISCO.BK,99.0,100.0,99.0,99.75,76.94017028808594,3473300.0
2022-12-22,TISCO.BK,99.75,99.75,99.0,99.25,76.55449676513672,3145200.0
2022-12-23,TISCO.BK,99.25,99.25,98.75,99.0,76.36167907714844,1490200.0
2022-12-26,TISCO.BK,99.0,99.5,99.0,99.25,76.55449676513672,1553100.0
2022-12-27,TISCO.BK,99.5,99.75,99.25,99.5,76.7473373413086,2380800.0
2022-12-28,TISCO.BK,99.75,99.75,99.25,99.75,76.94017028808594,2249900.0
2022-12-29,TISCO.BK,99.5,100.0,99.5,99.75,76.94017028808594,3258700.0
2022-12-30,TISCO.BK,99.75,100.0,99.25,99.25,76.55449676513672,4471400.0
2023-01-03,TISCO.BK,99.75,99.75,99.25,99.5,76.7473373413086,1825600.0
2023-01-04,TISCO.BK,99.5,100.0,99.5,99.5,76.7473373413086,3289000.0
2023-01-05,TISCO.BK,99.75,100.0,99.5,99.75,76.94017028808594,2476500.0
2023-01-06,TISCO.BK,100.0,100.5,99.75,100.0,77.13300323486328,7074700.0
2023-01-09,TISCO.BK,100.5,102.0,100.5,101.5,78.28999328613281,6402900.0
2023-01-10,TISCO.BK,101.5,102.0,101.0,101.5,78.28999328613281,6903900.0
2023-01-11,TISCO.BK,102.0,102.5,101.0,102.0,78.6756591796875,5468100.0
2023-01-12,TISCO.BK,102.5,103.0,102.0,103.0,79.44699096679688,4514700.0
2023-01-13,TISCO.BK,103.0,104.0,102.5,103.5,79.8326644897461,7090100.0
2023-01-16,TISCO.BK,104.0,104.0,102.0,102.0,78.6756591796875,6223700.0
2023-01-17,TISCO.BK,102.0,103.0,101.5,103.0,79.44699096679688,4192900.0
2023-01-18,TISCO.BK,102.5,102.5,101.5,102.0,78.6756591796875,5057600.0
2023-01-19,TISCO.BK,102.0,103.0,102.0,103.0,79.44699096679688,2214800.0
2023-01-20,TISCO.BK,103.0,103.0,102.0,102.5,79.06132507324219,6953700.0
2023-01-23,TISCO.BK,102.0,102.5,101.5,102.0,78.6756591796875,2929500.0
2023-01-24,TISCO.BK,102.0,102.5,102.0,102.0,78.6756591796875,2068300.0
2023-01-25,TISCO.BK,102.0,103.0,102.0,102.5,79.06132507324219,2443000.0
2023-01-26,TISCO.BK,102.5,103.0,102.0,103.0,79.44699096679688,2812900.0
2023-01-27,TISCO.BK,103.0,103.0,102.5,103.0,79.44699096679688,1639800.0
2023-01-30,TISCO.BK,103.0,103.0,102.5,103.0,79.44699096679688,842500.0
2023-01-31,TISCO.BK,102.5,103.0,102.0,102.5,79.06132507324219,3356700.0
2023-02-01,TISCO.BK,103.0,103.0,102.0,102.5,79.06132507324219,2359500.0
2023-02-02,TISCO.BK,102.5,103.0,101.5,102.0,78.6756591796875,2883100.0
2023-02-03,TISCO.BK,102.0,102.5,101.5,101.5,78.28999328613281,1462700.0
2023-02-06,TISCO.BK,102.0,103.0,101.5,103.0,79.44699096679688,2922200.0
2023-02-07,TISCO.BK,103.0,103.0,102.0,102.5,79.06132507324219,3756100.0
2023-02-08,TISCO.BK,102.5,103.0,102.0,102.5,79.06132507324219,3129500.0
2023-02-09,TISCO.BK,102.5,103.0,102.0,102.0,78.6756591796875,1262400.0
2023-02-10,TISCO.BK,102.0,102.5,102.0,102.5,79.06132507324219,1020000.0
2023-02-13,TISCO.BK,102.5,103.0,102.0,102.0,78.6756591796875,1338000.0
2023-02-14,TISCO.BK,102.0,102.5,102.0,102.0,78.6756591796875,1748400.0
2023-02-15,TISCO.BK,102.0,102.5,101.0,101.5,78.28999328613281,2323300.0
2023-02-16,TISCO.BK,101.0,101.5,100.0,101.5,78.28999328613281,4506400.0
2023-02-17,TISCO.BK,101.5,101.5,100.5,101.0,77.90432739257812,2348400.0
2023-02-20,TISCO.BK,101.0,102.0,100.5,101.0,77.90432739257812,3491300.0
2023-02-21,TISCO.BK,101.5,101.5,100.5,101.5,78.28999328613281,1892100.0
2023-02-22,TISCO.BK,102.5,103.0,102.0,102.5,79.06132507324219,6880700.0
2023-02-23,TISCO.BK,103.0,103.0,101.5,102.5,79.06132507324219,3597300.0
2023-02-24,TISCO.BK,102.5,103.0,102.0,102.0,78.6756591796875,3418400.0
2023-02-27,TISCO.BK,102.0,103.0,101.5,102.5,79.06132507324219,3747700.0
2023-02-28,TISCO.BK,103.0,103.0,102.0,103.0,79.44699096679688,7084300.0
2023-03-01,TISCO.BK,102.5,103.0,102.0,102.5,79.06132507324219,4826600.0
2023-03-02,TISCO.BK,102.5,103.0,102.0,102.5,79.06132507324219,2595300.0
2023-03-03,TISCO.BK,102.5,102.5,102.0,102.0,78.6756591796875,1510600.0
2023-03-07,TISCO.BK,102.5,102.5,101.5,102.5,79.06132507324219,2966600.0
2023-03-08,TISCO.BK,102.0,102.0,101.0,101.5,78.28999328613281,3340100.0
2023-03-09,TISCO.BK,102.0,102.5,101.0,101.5,78.28999328613281,3170600.0
2023-03-10,TISCO.BK,101.5,102.0,101.0,101.0,77.90432739257812,4091500.0
2023-03-13,TISCO.BK,101.0,101.5,100.0,100.0,77.13300323486328,6467600.0
2023-03-14,TISCO.BK,99.75,100.0,98.5,99.0,76.36167907714844,14013100.0
2023-03-15,TISCO.BK,100.0,101.0,100.0,101.0,77.90432739257812,3847200.0
2023-03-16,TISCO.BK,100.0,101.0,99.5,100.5,77.51866912841797,5152100.0
2023-03-17,TISCO.BK,100.5,101.0,100.5,100.5,77.51866912841797,4302300.0
2023-03-20,TISCO.BK,100.5,101.0,99.5,100.0,77.13300323486328,4495900.0
2023-03-21,TISCO.BK,100.0,100.5,99.75,100.5,77.51866912841797,3053300.0
2023-03-22,TISCO.BK,100.5,101.0,100.0,100.0,77.13300323486328,2052800.0
2023-03-23,TISCO.BK,100.0,101.0,100.0,100.5,77.51866912841797,2199000.0
2023-03-24,TISCO.BK,101.0,101.0,100.0,100.5,77.51866912841797,2696500.0
2023-03-27,TISCO.BK,100.5,101.0,100.0,101.0,77.90432739257812,2340600.0
2023-03-28,TISCO.BK,101.0,101.5,100.5,101.0,77.90432739257812,2984500.0
2023-03-29,TISCO.BK,101.0,102.0,101.0,101.5,78.28999328613281,2074300.0
2023-03-30,TISCO.BK,102.0,102.0,101.0,101.0,77.90432739257812,2402300.0
2023-03-31,TISCO.BK,101.0,102.0,100.5,100.5,77.51866912841797,4287200.0
2023-04-03,TISCO.BK,100.5,101.5,100.5,101.0,77.90432739257812,1747300.0
2023-04-04,TISCO.BK,101.5,102.0,101.0,101.5,78.28999328613281,2456200.0
2023-04-05,TISCO.BK,101.5,102.0,100.0,100.5,77.51866912841797,6498400.0
2023-04-07,TISCO.BK,100.5,101.0,100.0,101.0,77.90432739257812,4633600.0
2023-04-10,TISCO.BK,101.0,101.5,100.5,101.0,77.90432739257812,3751800.0
2023-04-11,TISCO.BK,101.0,101.0,100.5,101.0,77.90432739257812,2818400.0
2023-04-12,TISCO.BK,101.0,101.5,100.5,101.5,78.28999328613281,6382900.0
2023-04-17,TISCO.BK,101.0,102.5,100.5,102.0,78.6756591796875,10881600.0
2023-04-18,TISCO.BK,102.5,102.5,101.5,101.5,78.28999328613281,7862600.0
2023-04-19,TISCO.BK,101.0,101.0,99.5,99.75,76.94017028808594,19367400.0
2023-04-20,TISCO.BK,99.75,100.5,99.5,99.75,76.94017028808594,11318700.0
2023-04-21,TISCO.BK,91.0,93.0,91.0,91.75,76.73109436035156,18881100.0
2023-04-24,TISCO.BK,91.75,91.75,90.0,90.25,75.47663116455078,11780100.0
2023-04-25,TISCO.BK,90.25,90.5,89.5,89.5,74.84940338134766,11807600.0
2023-04-26,TISCO.BK,89.75,90.5,89.75,90.5,75.68570709228516,3826600.0
2023-04-27,TISCO.BK,90.5,91.0,90.25,90.75,75.894775390625,4024900.0
2023-04-28,TISCO.BK,91.0,91.5,90.25,90.25,75.47663116455078,4671500.0
2023-05-02,TISCO.BK,90.25,90.75,90.0,90.75,75.894775390625,3776300.0
2023-05-03,TISCO.BK,90.5,91.75,90.25,91.25,76.31294250488281,4935700.0
2023-05-08,TISCO.BK,91.5,91.75,91.0,91.75,76.73109436035156,4254800.0
2023-05-09,TISCO.BK,92.0,92.5,91.5,92.0,76.94017028808594,5835700.0
2023-05-10,TISCO.BK,92.0,93.5,91.75,93.0,77.7764663696289,4031900.0
2023-05-11,TISCO.BK,93.0,93.5,92.75,92.75,77.56739807128906,2894300.0
2023-05-12,TISCO.BK,92.75,92.75,92.25,92.25,77.14923858642578,2274800.0
2023-05-15,TISCO.BK,93.0,93.75,92.5,93.75,78.40370178222656,5572300.0
2023-05-16,TISCO.BK,93.75,94.5,93.25,94.0,78.61277770996094,3035600.0
2023-05-17,TISCO.BK,94.0,94.25,93.5,94.0,78.61277770996094,2816100.0
2023-05-18,TISCO.BK,94.0,95.5,94.0,95.0,79.44908142089844,3818400.0
2023-05-19,TISCO.BK,95.25,95.75,95.0,95.5,79.86723327636719,3209400.0
2023-05-22,TISCO.BK,95.0,95.5,94.5,95.25,79.65815734863281,4380000.0
2023-05-23,TISCO.BK,95.25,95.75,94.75,95.5,79.86723327636719,2631300.0
2023-05-24,TISCO.BK,95.25,96.5,95.0,96.25,80.49447631835938,2954400.0
2023-05-25,TISCO.BK,96.5,97.0,96.0,96.25,80.49447631835938,3944200.0
2023-05-26,TISCO.BK,96.25,96.75,96.25,96.25,80.49447631835938,1132900.0
2023-05-29,TISCO.BK,96.25,96.75,96.25,96.5,80.70354461669922,991500.0
2023-05-30,TISCO.BK,96.75,97.25,96.5,96.75,80.91262817382812,2610900.0
2023-05-31,TISCO.BK,96.75,97.25,96.5,96.5,80.70354461669922,2653000.0
2023-06-01,TISCO.BK,96.75,97.0,96.5,97.0,81.12169647216797,1125700.0
2023-06-02,TISCO.BK,97.0,97.5,96.25,96.5,80.70354461669922,3392800.0
2023-06-06,TISCO.BK,96.5,96.75,95.5,96.0,80.28539276123047,3664600.0
2023-06-07,TISCO.BK,96.0,96.25,95.25,96.5,80.70354461669922,2752300.0
2023-06-08,TISCO.BK,96.25,97.0,96.0,96.75,80.91262817382812,2693800.0
2023-06-09,TISCO.BK,97.0,97.25,96.5,96.75,80.91262817382812,2543100.0
2023-06-12,TISCO.BK,96.75,97.0,96.5,96.75,80.91262817382812,1690900.0
2023-06-13,TISCO.BK,97.0,97.25,96.75,97.25,81.3307876586914,2089700.0
2023-06-14,TISCO.BK,97.25,97.5,97.0,97.0,81.12169647216797,1362900.0
2023-06-15,TISCO.BK,97.25,97.25,96.5,96.5,80.70354461669922,1116900.0
2023-06-16,TISCO.BK,96.5,96.75,96.25,96.5,80.70354461669922,1607800.0
2023-06-19,TISCO.BK,96.25,96.75,96.0,96.75,80.91262817382812,1387100.0
2023-06-20,TISCO.BK,97.0,97.25,96.5,96.5,80.70354461669922,1492200.0
2023-06-21,TISCO.BK,96.5,97.0,96.5,97.0,81.12169647216797,2440600.0
2023-06-22,TISCO.BK,97.0,97.25,96.25,96.25,80.49447631835938,3910900.0
2023-06-23,TISCO.BK,96.5,96.75,95.5,96.0,80.28539276123047,2906900.0
2023-06-26,TISCO.BK,96.0,96.5,95.75,96.25,80.49447631835938,1953900.0
2023-06-27,TISCO.BK,96.5,96.75,95.75,96.25,80.49447631835938,1928700.0
2023-06-28,TISCO.BK,96.25,96.25,95.5,95.75,80.0763168334961,2724500.0
2023-06-29,TISCO.BK,95.75,96.5,95.75,96.25,80.49447631835938,1709200.0
2023-06-30,TISCO.BK,96.25,97.0,96.25,97.0,81.12169647216797,1971600.0
2023-07-03,TISCO.BK,97.0,97.0,96.25,96.5,80.70354461669922,1481200.0
2023-07-04,TISCO.BK,96.75,97.25,96.5,97.0,81.12169647216797,2186900.0
2023-07-05,TISCO.BK,97.0,97.25,96.75,97.25,81.3307876586914,1285500.0
2023-07-06,TISCO.BK,97.25,97.25,96.0,96.25,80.49447631835938,4320200.0
2023-07-07,TISCO.BK,96.25,96.75,96.0,96.5,80.70354461669922,1554400.0
2023-07-10,TISCO.BK,96.25,96.5,95.75,96.0,80.28539276123047,2266000.0
2023-07-11,TISCO.BK,96.25,96.5,96.0,96.25,80.49447631835938,2032300.0
2023-07-12,TISCO.BK,96.25,96.75,96.0,96.0,80.28539276123047,2289100.0
2023-07-13,TISCO.BK,96.5,97.25,96.25,96.25,80.49447631835938,5882200.0
2023-07-14,TISCO.BK,96.25,97.25,96.25,97.25,81.3307876586914,2913100.0
2023-07-17,TISCO.BK,97.25,97.5,97.0,97.0,81.12169647216797,2567800.0
2023-07-18,TISCO.BK,97.25,98.0,97.0,97.75,81.74893188476562,3142800.0
2023-07-19,TISCO.BK,97.75,98.0,96.75,97.25,81.3307876586914,3504900.0
2023-07-20,TISCO.BK,97.25,97.75,97.0,97.25,81.3307876586914,2567600.0
2023-07-21,TISCO.BK,97.25,98.0,97.0,97.75,81.74893188476562,3935600.0
2023-07-24,TISCO.BK,97.75,98.0,97.5,98.0,81.9580078125,2947600.0
2023-07-25,TISCO.BK,97.75,98.25,97.75,98.0,81.9580078125,1577300.0
2023-07-26,TISCO.BK,98.25,99.25,98.0,99.25,83.0033950805664,3458800.0
2023-07-27,TISCO.BK,99.25,100.5,99.0,99.5,83.21247100830078,5573700.0
2023-07-31,TISCO.BK,100.0,100.5,100.0,100.5,84.04876708984375,1037500.0
2023-08-02,TISCO.BK,100.0,100.5,99.5,99.5,83.21247100830078,3234800.0
2023-08-03,TISCO.BK,99.5,99.5,98.0,98.75,82.58523559570312,4425300.0
2023-08-04,TISCO.BK,98.5,99.25,98.5,99.0,82.79431915283203,744300.0
2023-08-07,TISCO.BK,99.0,100.0,99.0,99.75,83.42154693603516,1522800.0
2023-08-08,TISCO.BK,99.75,99.75,98.5,99.0,82.79431915283203,2230500.0
2023-08-09,TISCO.BK,99.25,99.5,98.75,99.5,83.21247100830078,1201500.0
2023-08-10,TISCO.BK,99.25,99.5,98.25,99.0,82.79431915283203,3735800.0
2023-08-11,TISCO.BK,99.25,99.25,98.75,99.25,83.0033950805664,1081400.0
2023-08-15,TISCO.BK,99.25,99.5,98.75,99.0,82.79431915283203,1909300.0
2023-08-16,TISCO.BK,99.25,99.5,98.5,99.5,83.21247100830078,2146200.0
2023-08-17,TISCO.BK,99.25,99.5,98.75,99.0,82.79431915283203,1484200.0
2023-08-18,TISCO.BK,99.0,99.75,99.0,99.5,83.21247100830078,2232300.0
2023-08-21,TISCO.BK,99.25,100.0,99.25,100.0,83.63060760498047,2169300.0
2023-08-22,TISCO.BK,100.0,100.5,99.75,100.0,83.63060760498047,4302200.0
2023-08-23,TISCO.BK,100.0,100.5,100.0,100.0,83.63060760498047,2841300.0
2023-08-24,TISCO.BK,100.5,101.0,99.75,99.75,83.42154693603516,3906200.0
2023-08-25,TISCO.BK,100.5,102.0,100.5,102.0,85.30323791503906,5343100.0
2023-08-28,TISCO.BK,102.0,102.5,102.0,102.5,85.72138977050781,2879100.0
2023-08-29,TISCO.BK,102.5,103.0,102.0,102.5,85.72138977050781,4384400.0
2023-08-30,TISCO.BK,103.0,103.5,102.5,103.5,86.55768585205078,4244400.0
2023-08-31,TISCO.BK,103.5,103.5,102.5,103.0,86.13953399658203,3841100.0
2023-09-01,TISCO.BK,102.5,103.0,102.0,102.0,85.30323791503906,2251300.0
2023-09-04,TISCO.BK,102.5,103.0,101.0,102.0,85.30323791503906,4702600.0
2023-09-05,TISCO.BK,102.0,102.0,101.0,101.5,84.88507843017578,4116500.0
2023-09-06,TISCO.BK,100.0,100.5,99.75,100.5,85.73818969726562,2368700.0
2023-09-07,TISCO.BK,100.0,100.5,99.25,99.5,84.88508605957031,8004000.0
2023-09-08,TISCO.BK,99.5,100.0,99.25,99.75,85.0983657836914,1857600.0
2023-09-11,TISCO.BK,100.0,100.5,100.0,100.0,85.31163024902344,1101800.0
2023-09-12,TISCO.BK,100.0,100.5,99.75,100.0,85.31163024902344,2449100.0
2023-09-13,TISCO.BK,100.0,100.5,100.0,100.0,85.31163024902344,802800.0
2023-09-14,TISCO.BK,100.0,100.5,100.0,100.5,85.73818969726562,449300.0
2023-09-15,TISCO.BK,100.5,100.5,100.0,100.5,85.73818969726562,729600.0
2023-09-18,TISCO.BK,100.5,100.5,99.5,99.75,85.0983657836914,2299700.0
2023-09-19,TISCO.BK,100.0,100.5,99.25,99.75,85.0983657836914,3464500.0
2023-09-20,TISCO.BK,99.5,99.75,99.25,99.75,85.0983657836914,2455200.0
2023-09-21,TISCO.BK,99.5,100.5,99.5,100.0,85.31163024902344,1746500.0
2023-09-22,TISCO.BK,100.0,100.0,98.5,99.75,85.0983657836914,4469600.0
2023-09-25,TISCO.BK,100.0,100.0,99.0,99.25,84.67180633544922,2264400.0
2023-09-26,TISCO.BK,99.25,99.75,99.0,99.0,84.45852661132812,3379500.0
2023-09-27,TISCO.BK,98.25,98.5,98.0,98.25,83.81867980957031,2496100.0
2023-09-28,TISCO.BK,98.5,99.75,98.25,99.0,84.45852661132812,2910900.0
2023-09-29,TISCO.BK,98.5,99.5,98.5,98.75,84.2452392578125,2664900.0
2023-10-02,TISCO.BK,98.75,98.75,98.0,98.5,84.03196716308594,2662400.0
2023-10-03,TISCO.BK,98.25,98.75,97.75,98.25,83.81867980957031,4374100.0
2023-10-04,TISCO.BK,98.0,99.0,97.75,97.75,83.39212799072266,3920900.0
2023-10-05,TISCO.BK,98.0,100.5,98.0,100.0,85.31163024902344,5629900.0
2023-10-06,TISCO.BK,100.0,100.0,99.0,99.25,84.67180633544922,2449000.0
2023-10-09,TISCO.BK,99.25,100.0,98.75,100.0,85.31163024902344,4022500.0
2023-10-10,TISCO.BK,100.0,100.5,99.5,100.5,85.73818969726562,1974300.0
2023-10-11,TISCO.BK,100.0,100.5,99.5,99.75,85.0983657836914,3305000.0
2023-10-12,TISCO.BK,100.5,100.5,99.75,100.0,85.31163024902344,2876100.0
2023-10-16,TISCO.BK,99.75,99.75,98.75,99.0,84.45852661132812,7959800.0
2023-10-17,TISCO.BK,99.0,99.25,98.5,98.75,84.2452392578125,2364600.0
2023-10-18,TISCO.BK,99.0,99.0,98.25,98.5,84.03196716308594,3122400.0
2023-10-19,TISCO.BK,98.5,98.5,98.0,98.0,83.60540771484375,3260800.0
2023-10-20,TISCO.BK,98.0,98.25,96.25,96.5,82.32572937011719,11193700.0
2023-10-24,TISCO.BK,96.0,96.25,94.25,95.25,81.25933074951172,9750900.0
2023-10-25,TISCO.BK,95.75,97.0,95.25,96.75,82.53901672363281,4880800.0
2023-10-26,TISCO.BK,96.5,96.75,95.5,95.5,81.47261047363281,3468600.0
2023-10-27,TISCO.BK,95.75,96.75,95.75,96.25,82.11245727539062,2255500.0
2023-10-30,TISCO.BK,96.25,97.25,95.75,96.5,82.32572937011719,4180000.0
2023-10-31,TISCO.BK,96.75,97.0,96.0,96.25,82.11245727539062,2982100.0
2023-11-01,TISCO.BK,96.25,97.25,96.25,97.0,82.75228881835938,2861100.0
2023-11-02,TISCO.BK,97.25,98.25,97.25,97.25,82.965576171875,6588000.0
2023-11-03,TISCO.BK,97.75,97.75,97.0,97.0,82.75228881835938,1886000.0
2023-11-06,TISCO.BK,97.5,98.0,96.75,97.0,82.75228881835938,2771600.0
2023-11-07,TISCO.BK,97.25,97.5,96.5,97.0,82.75228881835938,2303800.0
2023-11-08,TISCO.BK,97.0,97.5,97.0,97.0,82.75228881835938,1038600.0
2023-11-09,TISCO.BK,97.25,97.25,96.75,97.25,82.965576171875,2227400.0
2023-11-10,TISCO.BK,96.75,97.0,96.25,96.25,82.11245727539062,5269800.0
2023-11-13,TISCO.BK,96.5,97.0,96.25,96.75,82.53901672363281,1424800.0
2023-11-14,TISCO.BK,97.5,97.5,96.75,97.0,82.75228881835938,1785000.0
2023-11-15,TISCO.BK,97.25,98.0,97.0,97.75,83.39212799072266,1922000.0
2023-11-16,TISCO.BK,97.5,97.5,97.0,97.25,82.965576171875,1970200.0
2023-11-17,TISCO.BK,97.25,97.75,97.0,97.25,82.965576171875,1720400.0
2023-11-20,TISCO.BK,97.5,97.75,97.25,97.75,83.39212799072266,1794200.0
2023-11-21,TISCO.BK,97.75,98.5,97.75,98.5,84.03196716308594,2712300.0
2023-11-22,TISCO.BK,98.25,98.5,97.75,98.25,83.81867980957031,2059600.0
2023-11-23,TISCO.BK,98.25,98.5,98.0,98.25,83.81867980957031,1284700.0
2023-11-24,TISCO.BK,98.25,99.0,98.25,98.75,84.2452392578125,1906600.0
2023-11-27,TISCO.BK,98.75,99.0,98.25,98.75,84.2452392578125,2784700.0
2023-11-28,TISCO.BK,98.75,98.75,98.25,98.25,83.81867980957031,2626400.0
2023-11-29,TISCO.BK,98.25,98.25,97.25,97.5,83.17884826660156,3776400.0
2023-11-30,TISCO.BK,97.25,97.75,97.25,97.25,82.965576171875,2450000.0
2023-12-01,TISCO.BK,97.5,97.5,97.0,97.25,82.965576171875,1859400.0
2023-12-04,TISCO.BK,97.5,98.0,97.25,97.25,82.965576171875,2496000.0
2023-12-06,TISCO.BK,97.5,97.75,97.0,97.75,83.39212799072266,1528500.0
2023-12-07,TISCO.BK,97.5,98.0,97.25,97.75,83.39212799072266,1141300.0
2023-12-08,TISCO.BK,97.75,98.0,97.5,97.75,83.39212799072266,1549500.0
2023-12-12,TISCO.BK,97.75,98.25,97.5,98.25,83.81867980957031,2283400.0
2023-12-13,TISCO.BK,98.25,98.25,97.75,97.75,83.39212799072266,1380100.0
2023-12-14,TISCO.BK,98.0,98.25,97.5,97.5,83.17884826660156,3352000.0
2023-12-15,TISCO.BK,97.5,98.25,97.25,98.0,83.60540771484375,3515600.0
2023-12-18,TISCO.BK,98.25,98.5,97.75,98.5,84.03196716308594,1355600.0
2023-12-19,TISCO.BK,98.0,98.5,98.0,98.25,83.81867980957031,2399500.0
2023-12-20,TISCO.BK,98.25,98.5,97.75,97.75,83.39212799072266,2941200.0
2023-12-21,TISCO.BK,97.75,98.25,97.5,98.25,83.81867980957031,2394800.0
2023-12-22,TISCO.BK,98.0,98.25,97.75,97.75,83.39212799072266,1843300.0
2023-12-25,TISCO.BK,97.75,98.5,97.75,98.0,83.60540771484375,1527600.0
2023-12-26,TISCO.BK,98.0,98.75,98.0,98.5,84.03196716308594,2162400.0
2023-12-27,TISCO.BK,98.75,99.0,98.5,99.0,84.45852661132812,1674800.0
2023-12-28,TISCO.BK,99.0,100.0,99.0,99.75,85.0983657836914,3810800.0
2024-01-03,TISCO.BK,99.5,100.5,99.5,100.0,85.31163024902344,2370500.0
2024-01-04,TISCO.BK,99.75,100.0,99.0,99.75,85.0983657836914,4721400.0
2024-01-05,TISCO.BK,100.0,100.5,99.75,100.0,85.31163024902344,1500700.0
2024-01-08,TISCO.BK,100.5,101.0,100.0,101.0,86.16474914550781,4347700.0
2024-01-09,TISCO.BK,100.5,101.0,100.0,100.5,85.73818969726562,2192100.0
2024-01-10,TISCO.BK,101.0,101.0,100.0,100.5,85.73818969726562,2276600.0
2024-01-11,TISCO.BK,100.5,101.0,100.0,100.5,85.73818969726562,1566200.0
2024-01-12,TISCO.BK,100.0,101.0,100.0,101.0,86.16474914550781,2395300.0
2024-01-15,TISCO.BK,100.5,101.0,100.0,100.5,85.73818969726562,5013200.0
2024-01-16,TISCO.BK,100.5,100.5,98.75,98.75,84.2452392578125,11635000.0
2024-01-17,TISCO.BK,98.75,98.75,97.75,98.0,83.60540771484375,7929200.0
2024-01-18,TISCO.BK,98.0,98.25,97.5,97.75,83.39212799072266,6919200.0
2024-01-19,TISCO.BK,97.75,98.25,97.5,97.75,83.39212799072266,6919300.0
2024-01-22,TISCO.BK,98.0,98.0,97.25,97.25,82.965576171875,5022500.0
2024-01-23,TISCO.BK,97.25,97.25,96.75,97.0,82.75228881835938,6585100.0
2024-01-24,TISCO.BK,97.0,97.25,96.75,97.0,82.75228881835938,7063100.0
2024-01-25,TISCO.BK,97.0,98.0,97.0,97.5,83.17884826660156,4969700.0
2024-01-26,TISCO.BK,97.75,98.5,97.5,98.5,84.03196716308594,4213700.0
2024-01-29,TISCO.BK,98.75,98.75,98.0,98.5,84.03196716308594,2925700.0
2024-01-30,TISCO.BK,98.5,98.75,98.25,98.5,84.03196716308594,2108500.0
2024-01-31,TISCO.BK,98.5,99.0,98.25,99.0,84.45852661132812,4262000.0
2024-02-01,TISCO.BK,98.75,99.75,98.75,99.25,84.67180633544922,3492100.0
2024-02-02,TISCO.BK,99.5,99.75,98.0,99.75,85.0983657836914,9192700.0
2024-02-05,TISCO.BK,99.75,99.75,99.0,99.0,84.45852661132812,2695200.0
2024-02-06,TISCO.BK,98.75,99.5,98.75,99.25,84.67180633544922,2108300.0
2024-02-07,TISCO.BK,99.25,99.5,98.75,99.0,84.45852661132812,2390100.0
2024-02-08,TISCO.BK,99.0,99.25,98.75,99.0,84.45852661132812,2524700.0
2024-02-09,TISCO.BK,99.0,99.25,98.5,98.75,84.2452392578125,3614100.0
2024-02-12,TISCO.BK,98.75,99.5,98.75,99.25,84.67180633544922,1681100.0
2024-02-13,TISCO.BK,99.5,99.75,99.25,99.5,84.88508605957031,1388600.0
2024-02-14,TISCO.BK,99.25,99.5,99.0,99.25,84.67180633544922,2279200.0
2024-02-15,TISCO.BK,99.25,99.5,98.75,99.5,84.88508605957031,2604900.0
2024-02-16,TISCO.BK,99.5,99.5,99.0,99.0,84.45852661132812,2527500.0
2024-02-19,TISCO.BK,99.25,99.5,99.0,99.25,84.67180633544922,1810400.0
2024-02-20,TISCO.BK,99.25,99.5,99.0,99.0,84.45852661132812,2402800.0
2024-02-21,TISCO.BK,98.75,100.5,98.75,100.0,85.31163024902344,10349100.0
2024-02-22,TISCO.BK,100.0,100.0,99.25,100.0,85.31163024902344,4316900.0
2024-02-23,TISCO.BK,100.0,100.5,99.75,100.0,85.31163024902344,3213200.0
2024-02-27,TISCO.BK,100.0,100.5,99.75,100.0,85.31163024902344,3712200.0
2024-02-28,TISCO.BK,100.0,100.5,100.0,100.0,85.31163024902344,2996400.0
2024-02-29,TISCO.BK,100.0,100.5,99.5,100.5,85.73818969726562,10560100.0
2024-03-01,TISCO.BK,100.0,100.5,99.75,100.0,85.31163024902344,1934900.0
2024-03-04,TISCO.BK,100.0,100.5,100.0,100.0,85.31163024902344,1651300.0
2024-03-05,TISCO.BK,100.5,100.5,100.0,100.5,85.73818969726562,1514400.0
2024-03-06,TISCO.BK,100.0,100.5,100.0,100.0,85.31163024902344,1930900.0
2024-03-07,TISCO.BK,100.5,100.5,99.75,100.5,85.73818969726562,3310600.0
2024-03-08,TISCO.BK,100.5,101.5,100.0,101.5,86.59131622314453,4197200.0
2024-03-11,TISCO.BK,101.5,101.5,100.5,101.0,86.16474914550781,2028200.0
2024-03-12,TISCO.BK,101.0,101.0,101.0,101.0,86.16474914550781,0.0
2024-03-13,TISCO.BK,100.0,100.5,99.75,100.0,85.31163024902344,2265900.0
2024-03-14,TISCO.BK,100.0,100.5,99.75,100.5,85.73818969726562,2563500.0
2024-03-15,TISCO.BK,100.5,100.5,100.5,100.5,85.73818969726562,0.0
2024-03-18,TISCO.BK,100.0,100.5,99.5,100.0,85.31163024902344,6156900.0
2024-03-19,TISCO.BK,99.75,100.5,99.5,100.0,85.31163024902344,3047800.0
2024-03-20,TISCO.BK,100.0,100.0,100.0,100.0,85.31163024902344,0.0
2024-03-21,TISCO.BK,99.75,100.5,99.75,100.0,85.31163024902344,1696600.0
2024-03-22,TISCO.BK,100.0,100.0,100.0,100.0,85.31163024902344,0.0
2024-03-25,TISCO.BK,100.0,100.5,99.25,99.25,84.67180633544922,7714700.0
2024-03-26,TISCO.BK,99.25,99.25,99.25,99.25,84.67180633544922,0.0
2024-03-27,TISCO.BK,99.5,100.0,99.25,99.75,85.0983657836914,1561000.0
2024-03-28,TISCO.BK,99.75,99.75,99.75,99.75,85.0983657836914,0.0
2024-03-29,TISCO.BK,99.5,99.75,99.25,99.5,84.88508605957031,1478700.0
2024-04-01,TISCO.BK,99.75,100.0,99.25,99.5,84.88508605957031,2349200.0
2024-04-02,TISCO.BK,99.25,99.5,99.0,99.25,84.67180633544922,4739900.0
2024-04-03,TISCO.BK,99.25,99.75,99.0,99.25,84.67180633544922,3365400.0
2024-04-04,TISCO.BK,99.25,99.25,99.25,99.25,84.67180633544922,0.0
2024-04-05,TISCO.BK,98.75,99.5,98.5,99.0,84.45852661132812,2886500.0
2024-04-09,TISCO.BK,99.0,99.0,99.0,99.0,84.45852661132812,0.0
2024-04-10,TISCO.BK,99.75,100.0,99.5,99.75,85.0983657836914,2464700.0
2024-04-11,TISCO.BK,99.75,100.5,99.75,100.0,85.31163024902344,4217400.0
2024-04-17,TISCO.BK,100.0,100.0,100.0,100.0,85.31163024902344,0.0
2024-04-18,TISCO.BK,100.0,100.0,100.0,100.0,85.31163024902344,0.0
2024-04-19,TISCO.BK,100.0,100.0,100.0,100.0,85.31163024902344,0.0
2024-04-22,TISCO.BK,99.25,99.75,99.0,99.5,84.88508605957031,11221900.0
2024-04-23,TISCO.BK,99.5,101.0,99.5,99.5,84.88508605957031,17151000.0
2024-04-24,TISCO.BK,99.5,99.5,99.5,99.5,90.09136962890625,0.0
2024-04-25,TISCO.BK,94.75,96.0,94.5,96.0,86.92232513427734,6239700.0
2024-04-26,TISCO.BK,96.0,97.0,95.5,96.5,87.37504577636719,4144200.0
2024-04-29,TISCO.BK,96.75,97.0,96.5,96.75,87.60140991210938,2804200.0
2024-04-30,TISCO.BK,96.75,96.75,96.75,96.75,87.60140991210938,0.0
2024-05-02,TISCO.BK,97.25,97.75,96.5,96.5,87.37504577636719,3633900.0
2024-05-03,TISCO.BK,96.5,96.75,96.5,96.75,87.60140991210938,1844300.0
2024-05-07,TISCO.BK,96.75,96.75,96.75,96.75,87.60140991210938,0.0
2024-05-08,TISCO.BK,97.0,97.25,96.75,97.0,87.82776641845703,2349900.0
2024-05-09,TISCO.BK,96.75,97.25,96.75,97.0,87.82776641845703,2873200.0
2024-05-10,TISCO.BK,96.75,97.5,96.75,97.25,88.05413055419922,1544000.0
2024-05-13,TISCO.BK,97.25,97.5,97.0,97.0,87.82776641845703,1745600.0
2024-05-14,TISCO.BK,97.0,97.5,97.0,97.25,88.05413055419922,1504500.0
2024-05-15,TISCO.BK,97.25,97.25,97.25,97.25,88.05413055419922,0.0
2024-05-16,TISCO.BK,97.25,97.25,97.25,97.25,88.05413055419922,0.0
2024-05-17,TISCO.BK,98.0,98.5,98.0,98.25,88.95956420898438,2225400.0
2024-05-20,TISCO.BK,98.25,98.25,98.25,98.25,88.95956420898438,0.0
2024-05-21,TISCO.BK,98.25,98.25,98.25,98.25,88.95956420898438,0.0
2024-05-23,TISCO.BK,98.0,98.5,98.0,98.25,88.95956420898438,4673400.0
2024-05-24,TISCO.BK,98.25,98.25,98.25,98.25,88.95956420898438,0.0
2024-05-27,TISCO.BK,98.5,98.75,98.25,98.25,88.95956420898438,1678100.0
2024-05-28,TISCO.BK,98.5,98.75,98.25,98.5,89.18592834472656,2669900.0
2024-05-29,TISCO.BK,98.5,98.75,98.0,98.0,88.73320770263672,4538000.0
2024-05-30,TISCO.BK,98.0,98.0,98.0,98.0,88.73320770263672,0.0
2024-05-31,TISCO.BK,98.0,98.0,98.0,98.0,88.73320770263672,0.0
2024-06-04,TISCO.BK,97.75,98.25,97.0,97.5,88.28048706054688,4739500.0
2024-06-05,TISCO.BK,97.5,97.75,97.25,97.25,88.05413055419922,2384600.0
2024-06-06,TISCO.BK,97.25,97.5,96.5,97.0,87.82776641845703,4795200.0
2024-06-07,TISCO.BK,97.0,97.0,97.0,97.0,87.82776641845703,0.0
2024-06-10,TISCO.BK,97.5,97.5,96.75,97.0,87.82776641845703,4679500.0
2024-06-11,TISCO.BK,97.0,97.0,97.0,97.0,87.82776641845703,0.0
2024-06-12,TISCO.BK,96.5,97.0,96.25,96.5,87.37504577636719,2882200.0
2024-06-13,TISCO.BK,96.5,96.75,96.25,96.5,87.37504577636719,2430100.0
2024-06-14,TISCO.BK,96.75,97.0,96.0,96.5,87.37504577636719,4008200.0
2024-06-17,TISCO.BK,96.5,96.5,96.5,96.5,87.37504577636719,0.0
2024-06-18,TISCO.BK,96.5,96.5,96.5,96.5,87.37504577636719,0.0
2024-06-19,TISCO.BK,96.5,96.5,96.5,96.5,87.37504577636719,0.0
2024-06-20,TISCO.BK,96.0,96.25,95.75,96.0,86.92232513427734,1239600.0
2024-06-21,TISCO.BK,96.0,96.25,95.0,96.25,87.14868927001953,5266700.0
2024-06-24,TISCO.BK,96.25,96.25,96.25,96.25,87.14868927001953,0.0
2024-06-25,TISCO.BK,96.25,96.25,96.25,96.25,87.14868927001953,0.0
2024-06-26,TISCO.BK,96.25,96.25,96.25,96.25,87.14868927001953,0.0
2024-06-27,TISCO.BK,96.0,96.0,95.25,95.5,86.46959686279297,4268200.0
2024-06-28,TISCO.BK,95.75,96.0,95.25,95.5,86.46959686279297,5966200.0
2024-07-01,TISCO.BK,95.5,95.5,95.5,95.5,86.46959686279297,0.0
2024-07-02,TISCO.BK,95.5,95.5,95.5,95.5,86.46959686279297,0.0
2024-07-03,TISCO.BK,95.5,95.75,95.25,95.25,86.24324035644531,1782800.0
2024-07-04,TISCO.BK,95.25,95.75,95.25,95.5,86.46959686279297,2717500.0
2024-07-05,TISCO.BK,95.5,96.0,95.25,96.0,86.92232513427734,2629000.0
2024-07-08,TISCO.BK,96.0,96.0,95.5,96.0,86.92232513427734,1493800.0
2024-07-09,TISCO.BK,96.0,96.0,96.0,96.0,86.92232513427734,0.0
2024-07-10,TISCO.BK,96.0,96.0,96.0,96.0,86.92232513427734,0.0
2024-07-11,TISCO.BK,96.0,96.0,96.0,96.0,86.92232513427734,0.0
2024-07-12,TISCO.BK,96.0,96.0,96.0,96.0,86.92232513427734,0.0
2024-07-15,TISCO.BK,96.0,96.0,96.0,96.0,86.92232513427734,0.0
2024-07-16,TISCO.BK,95.25,95.25,95.0,95.0,86.01687622070312,4119200.0
2024-07-17,TISCO.BK,95.0,95.0,95.0,95.0,86.01687622070312,0.0
2024-07-18,TISCO.BK,95.25,95.5,94.5,94.5,85.56416320800781,6667650.0
2024-07-19,TISCO.BK,94.5,94.5,93.75,93.75,84.88507843017578,5641400.0
2024-07-23,TISCO.BK,93.75,93.75,92.25,92.25,83.52691650390625,6453900.0
2024-07-24,TISCO.BK,91.75,92.0,91.0,91.5,82.84783935546875,5938200.0
2024-07-25,TISCO.BK,91.25,92.75,91.0,92.75,83.9796371459961,5159200.0
2024-07-26,TISCO.BK,92.75,93.5,92.5,93.25,84.43235778808594,4416600.0
2024-07-30,TISCO.BK,93.25,93.25,93.25,93.25,84.43235778808594,0.0
2024-07-31,TISCO.BK,92.5,92.5,91.75,92.5,83.7532730102539,5214700.0
2024-08-01,TISCO.BK,92.75,93.0,92.0,92.0,83.3005599975586,3643600.0
2024-08-02,TISCO.BK,92.0,92.0,92.0,92.0,83.3005599975586,0.0
2024-08-05,TISCO.BK,91.5,91.75,91.0,91.25,82.6214828491211,4402900.0
2024-08-06,TISCO.BK,91.25,92.0,91.0,91.0,82.3951187133789,2392900.0
2024-08-07,TISCO.BK,91.25,91.5,91.0,91.25,82.6214828491211,2820000.0
2024-08-08,TISCO.BK,91.25,91.25,91.25,91.25,82.6214828491211,0.0
2024-08-09,TISCO.BK,90.75,91.0,90.25,90.5,81.94239807128906,4628500.0
2024-08-13,TISCO.BK,90.5,91.0,90.0,90.5,81.94239807128906,3427700.0
2024-08-14,TISCO.BK,90.75,91.25,90.5,90.75,82.16875457763672,3788600.0
2024-08-15,TISCO.BK,90.75,90.75,90.75,90.75,82.16875457763672,0.0
2024-08-16,TISCO.BK,91.0,91.5,90.5,91.25,82.6214828491211,2935000.0
2024-08-19,TISCO.BK,91.25,91.25,91.25,91.25,82.6214828491211,0.0
2024-08-20,TISCO.BK,92.75,93.0,92.0,92.0,83.3005599975586,3699600.0
2024-08-21,TISCO.BK,92.25,93.25,92.0,93.0,84.20599365234375,3556700.0
2024-08-22,TISCO.BK,93.0,93.0,93.0,93.0,84.20599365234375,0.0
2024-08-23,TISCO.BK,93.25,94.75,92.75,94.75,85.79051971435547,6352600.0
2024-08-26,TISCO.BK,94.75,94.75,93.75,94.5,85.56416320800781,5053800.0
2024-08-27,TISCO.BK,94.5,94.75,93.75,94.25,85.33779907226562,3820200.0
2024-08-28,TISCO.BK,94.25,94.25,94.25,94.25,85.33779907226562,0.0
2024-08-29,TISCO.BK,94.5,95.25,94.25,94.75,85.79051971435547,5039400.0
2024-08-30,TISCO.BK,94.75,95.5,94.5,95.5,86.46959686279297,4935200.0
2024-09-02,TISCO.BK,95.5,95.5,95.5,95.5,86.46959686279297,0.0
2024-09-03,TISCO.BK,95.5,95.5,95.5,95.5,86.46959686279297,0.0
2024-09-04,TISCO.BK,95.5,95.5,95.5,95.5,86.46959686279297,0.0
2024-09-05,TISCO.BK,95.75,96.75,95.5,96.75,87.60140991210938,6152200.0
2024-09-06,TISCO.BK,97.0,99.25,96.75,99.0,89.6386489868164,14759000.0
2024-09-09,TISCO.BK,99.0,99.0,99.0,99.0,89.6386489868164,0.0
2024-09-10,TISCO.BK,97.25,97.75,96.5,96.75,89.40762329101562,9412400.0
2024-09-11,TISCO.BK,96.75,97.0,96.0,96.0,88.71453094482422,4235500.0
2024-09-12,TISCO.BK,96.25,97.0,96.0,96.5,89.17658996582031,3631700.0
2024-09-13,TISCO.BK,96.75,97.5,96.75,97.5,90.1007080078125,4744300.0
2024-09-16,TISCO.BK,97.5,97.5,97.5,97.5,90.1007080078125,0.0
2024-09-17,TISCO.BK,97.5,97.5,97.5,97.5,90.1007080078125,0.0
2024-09-18,TISCO.BK,97.5,97.5,97.5,97.5,90.1007080078125,0.0
2024-09-19,TISCO.BK,97.5,97.5,97.5,97.5,90.1007080078125,0.0
2024-09-20,TISCO.BK,97.5,97.5,97.5,97.5,90.1007080078125,0.0
2024-09-23,TISCO.BK,97.5,97.75,97.0,97.25,89.86967468261719,1756800.0
2024-09-24,TISCO.BK,97.25,97.75,97.0,97.25,89.86967468261719,1447600.0
2024-09-25,TISCO.BK,97.25,97.5,97.0,97.25,89.86967468261719,2025200.0
2024-09-26,TISCO.BK,97.25,97.5,97.0,97.0,89.6386489868164,1352000.0
2024-09-27,TISCO.BK,97.0,97.0,97.0,97.0,89.6386489868164,0.0
2024-09-30,TISCO.BK,96.75,97.0,96.5,96.5,89.17658996582031,5042200.0
2024-10-01,TISCO.BK,96.5,96.5,96.5,96.5,89.17658996582031,0.0
2024-10-02,TISCO.BK,96.5,97.0,96.0,96.75,89.40762329101562,4106100.0
2024-10-03,TISCO.BK,96.5,96.75,96.25,96.5,89.17658996582031,2353800.0
2024-10-04,TISCO.BK,96.5,96.5,96.5,96.5,89.17658996582031,0.0
2024-10-07,TISCO.BK,97.25,97.25,96.5,96.75,89.40762329101562,3287800.0
2024-10-08,TISCO.BK,96.75,97.5,96.5,97.25,89.86967468261719,3216300.0
2024-10-09,TISCO.BK,97.25,97.5,96.75,97.0,89.6386489868164,1792700.0
2024-10-10,TISCO.BK,97.0,97.25,96.75,96.75,89.40762329101562,1188000.0
2024-10-11,TISCO.BK,96.75,96.75,96.75,96.75,89.40762329101562,0.0
2024-10-15,TISCO.BK,97.0,97.25,96.5,96.75,89.40762329101562,2394700.0
2024-10-16,TISCO.BK,96.75,96.75,96.75,96.75,89.40762329101562,0.0
2024-10-17,TISCO.BK,98.0,98.25,97.5,97.75,90.33172607421875,3618500.0
2024-10-18,TISCO.BK,97.75,98.25,97.25,97.5,90.1007080078125,2383400.0
2024-10-21,TISCO.BK,97.5,98.0,97.25,97.75,90.33172607421875,1602500.0
2024-10-22,TISCO.BK,97.75,97.75,97.75,97.75,90.33172607421875,0.0
2024-10-24,TISCO.BK,96.75,97.5,96.75,97.0,89.6386489868164,1341200.0
2024-10-25,TISCO.BK,97.0,97.0,97.0,97.0,89.6386489868164,0.0
2024-10-28,TISCO.BK,97.0,97.5,96.75,97.0,89.6386489868164,1043800.0
2024-10-29,TISCO.BK,97.0,97.0,97.0,97.0,89.6386489868164,0.0
2024-10-30,TISCO.BK,96.75,97.0,96.25,96.25,88.94556427001953,3328200.0
2024-10-31,TISCO.BK,96.25,97.0,96.25,96.5,89.17658996582031,1660200.0
2024-11-01,TISCO.BK,96.5,97.0,96.5,96.75,89.40762329101562,820900.0
2024-11-04,TISCO.BK,96.75,97.0,96.25,96.5,89.17658996582031,1408200.0
2024-11-05,TISCO.BK,96.5,96.75,96.25,96.5,89.17658996582031,2680600.0
2024-11-06,TISCO.BK,96.5,96.75,96.25,96.25,88.94556427001953,3253600.0
2024-11-07,TISCO.BK,96.25,97.0,96.0,96.25,88.94556427001953,3492700.0
2024-11-08,TISCO.BK,96.25,96.5,95.75,96.0,88.71453094482422,3820100.0
2024-11-11,TISCO.BK,96.0,96.25,95.75,96.25,88.94556427001953,1429700.0
2024-11-12,TISCO.BK,96.25,96.5,95.75,96.0,88.71453094482422,1863300.0
2024-11-13,TISCO.BK,96.0,96.5,96.0,96.0,88.71453094482422,1093000.0
2024-11-14,TISCO.BK,96.0,96.5,95.75,95.75,88.48351287841797,2005600.0
2024-11-15,TISCO.BK,95.75,96.25,95.75,96.25,88.94556427001953,2163300.0
2024-11-18,TISCO.BK,96.25,96.5,96.0,96.5,89.17658996582031,829100.0
2024-11-19,TISCO.BK,96.5,97.0,96.25,96.25,88.94556427001953,2015800.0
2024-11-20,TISCO.BK,96.25,96.5,96.0,96.5,89.17658996582031,741200.0
2024-11-21,TISCO.BK,96.5,96.75,96.0,96.75,89.40762329101562,3039400.0
2024-11-22,TISCO.BK,97.0,97.0,96.5,96.75,89.40762329101562,2304100.0
2024-11-25,TISCO.BK,96.75,97.0,96.25,96.25,88.94556427001953,2815000.0
2024-11-26,TISCO.BK,96.5,96.75,96.25,96.25,88.94556427001953,1564300.0
2024-11-27,TISCO.BK,96.25,96.5,95.75,96.0,88.71453094482422,3193900.0
2024-11-28,TISCO.BK,96.0,96.5,96.0,96.5,89.17658996582031,1584400.0
2024-11-29,TISCO.BK,96.25,96.5,96.0,96.5,89.17658996582031,1873700.0
2024-12-02,TISCO.BK,96.5,96.75,96.25,96.75,89.40762329101562,1644900.0
2024-12-03,TISCO.BK,96.75,97.0,96.5,97.0,89.6386489868164,2135300.0
2024-12-04,TISCO.BK,97.0,97.0,96.75,96.75,89.40762329101562,1365700.0
2024-12-06,TISCO.BK,96.75,97.0,96.5,96.75,89.40762329101562,1327700.0
2024-12-09,TISCO.BK,96.5,97.5,96.5,97.25,89.86967468261719,3567300.0
2024-12-11,TISCO.BK,97.25,97.75,96.75,97.0,89.6386489868164,2437500.0
2024-12-12,TISCO.BK,97.0,97.25,96.75,97.0,89.6386489868164,2091900.0
2024-12-13,TISCO.BK,97.0,97.5,97.0,97.5,90.1007080078125,1704400.0
2024-12-16,TISCO.BK,97.25,97.5,96.75,97.25,89.86967468261719,2721600.0
2024-12-17,TISCO.BK,97.25,97.5,97.0,97.25,89.86967468261719,3801600.0
2024-12-18,TISCO.BK,97.25,98.75,97.25,98.75,91.25584411621094,7262100.0
2024-12-19,TISCO.BK,98.25,98.75,97.75,98.25,90.79378509521484,3791400.0
2024-12-20,TISCO.BK,98.5,98.75,97.5,97.75,90.33172607421875,4831700.0
2024-12-23,TISCO.BK,98.0,98.75,97.75,98.75,91.25584411621094,2787100.0
2024-12-24,TISCO.BK,98.5,99.0,98.5,98.75,91.25584411621094,1552600.0
2024-12-25,TISCO.BK,98.75,99.0,98.5,99.0,91.48686981201172,1594000.0
2024-12-26,TISCO.BK,99.0,99.25,98.75,99.0,91.48686981201172,1507500.0
2024-12-27,TISCO.BK,99.0,99.0,98.25,98.5,91.02481079101562,1653400.0
2024-12-30,TISCO.BK,98.25,98.75,98.25,98.5,91.02481079101562,1172400.0
2025-01-02,TISCO.BK,98.5,98.75,98.0,98.5,91.02481079101562,1220500.0
2025-01-03,TISCO.BK,98.5,98.75,98.0,98.25,90.79378509521484,1140900.0
2025-01-06,TISCO.BK,98.5,99.0,98.25,98.5,91.02481079101562,2305600.0
2025-01-07,TISCO.BK,98.5,99.25,98.5,99.25,91.71788787841797,3252000.0
2025-01-08,TISCO.BK,99.0,99.25,98.75,99.25,91.71788787841797,2923800.0
2025-01-09,TISCO.BK,99.25,99.25,98.5,98.75,91.25584411621094,2402600.0
2025-01-10,TISCO.BK,98.75,99.25,98.25,98.75,91.25584411621094,2781400.0
2025-01-13,TISCO.BK,98.75,99.25,98.5,99.0,91.48686981201172,2534400.0
2025-01-14,TISCO.BK,99.0,99.25,98.75,98.75,91.25584411621094,2360200.0
2025-01-15,TISCO.BK,98.75,99.5,98.75,99.5,91.94892120361328,3807900.0
2025-01-16,TISCO.BK,99.25,99.5,98.75,99.0,91.48686981201172,3285800.0
2025-01-17,TISCO.BK,98.75,99.25,98.5,98.75,91.25584411621094,3603700.0
2025-01-20,TISCO.BK,98.75,99.0,98.25,98.75,91.25584411621094,1875100.0
2025-01-21,TISCO.BK,98.75,99.0,98.5,99.0,91.48686981201172,2037700.0
2025-01-22,TISCO.BK,99.0,99.5,98.75,99.0,91.48686981201172,2760700.0
2025-01-23,TISCO.BK,99.0,99.25,98.0,98.0,90.56275939941406,6353900.0
2025-01-24,TISCO.BK,98.25,98.75,98.0,98.5,91.02481079101562,2469400.0
2025-01-27,TISCO.BK,98.5,98.75,98.0,98.75,91.25584411621094,1449500.0
2025-01-28,TISCO.BK,99.0,99.25,98.5,99.25,91.71788787841797,3849800.0
2025-01-29,TISCO.BK,99.25,100.0,99.25,99.5,91.94892120361328,2533600.0
2025-01-30,TISCO.BK,99.75,100.0,99.5,99.75,92.17994689941406,2781100.0
2025-01-31,TISCO.BK,100.0,100.0,99.5,99.5,91.94892120361328,2636800.0
2025-02-03,TISCO.BK,99.25,100.0,98.75,99.75,92.17994689941406,4725100.0
2025-02-04,TISCO.BK,99.75,100.5,99.75,100.5,92.87303161621094,3741000.0
2025-02-05,TISCO.BK,100.5,100.5,99.75,100.5,92.87303161621094,3402100.0
2025-02-06,TISCO.BK,100.0,100.5,99.5,99.75,92.17994689941406,2395000.0
2025-02-07,TISCO.BK,99.5,99.75,98.25,98.75,91.25584411621094,6497600.0
2025-02-10,TISCO.BK,98.5,98.5,97.75,98.0,90.56275939941406,5986500.0
2025-02-11,TISCO.BK,98.0,98.75,97.75,98.5,91.02481079101562,2193800.0
2025-02-13,TISCO.BK,98.5,98.75,97.75,97.75,90.33172607421875,4381100.0
2025-02-14,TISCO.BK,97.75,98.25,97.75,98.0,90.56275939941406,2107900.0
2025-02-17,TISCO.BK,98.5,99.0,97.75,99.0,91.48686981201172,3528600.0
2025-02-18,TISCO.BK,99.0,99.5,98.75,99.5,91.94892120361328,2341600.0
2025-02-19,TISCO.BK,99.5,99.75,99.0,99.25,91.71788787841797,3287500.0
2025-02-20,TISCO.BK,99.0,99.5,98.75,99.25,91.71788787841797,3804300.0
2025-02-21,TISCO.BK,99.25,99.75,99.0,99.5,91.94892120361328,1926900.0
2025-02-24,TISCO.BK,99.5,100.0,99.25,99.5,91.94892120361328,3225200.0
2025-02-25,TISCO.BK,99.5,99.75,98.5,98.5,91.02481079101562,3200900.0
2025-02-26,TISCO.BK,98.75,99.5,98.5,98.75,91.25584411621094,5222100.0
2025-02-27,TISCO.BK,98.75,99.0,98.5,98.75,91.25584411621094,3443300.0
2025-02-28,TISCO.BK,98.5,98.75,98.0,98.25,90.79378509521484,6350900.0
2025-03-03,TISCO.BK,98.25,98.5,98.0,98.5,91.02481079101562,4048200.0
2025-03-04,TISCO.BK,98.25,98.25,97.5,97.75,90.33172607421875,6032800.0
2025-03-05,TISCO.BK,97.75,98.0,97.0,97.75,90.33172607421875,6665100.0
2025-03-06,TISCO.BK,98.0,98.0,96.75,97.0,89.6386489868164,7284300.0
2025-03-07,TISCO.BK,96.75,97.25,96.5,96.75,89.40762329101562,5171100.0
2025-03-10,TISCO.BK,96.75,97.75,96.5,97.0,89.6386489868164,4079300.0
2025-03-11,TISCO.BK,96.75,97.5,96.5,97.25,89.86967468261719,4531100.0
2025-03-12,TISCO.BK,97.5,98.25,97.0,97.75,90.33172607421875,4779800.0
2025-03-13,TISCO.BK,97.5,98.75,97.5,98.25,90.79378509521484,3349300.0
2025-03-14,TISCO.BK,98.0,99.0,98.0,98.5,91.02481079101562,2895500.0
2025-03-17,TISCO.BK,98.75,99.0,98.0,98.75,91.25584411621094,2778900.0
2025-03-18,TISCO.BK,99.0,100.5,98.75,100.0,92.41098022460938,8650500.0
2025-03-19,TISCO.BK,100.0,100.5,99.75,100.0,92.41098022460938,2197500.0
2025-03-20,TISCO.BK,100.0,100.5,99.75,99.75,92.17994689941406,3534800.0
2025-03-21,TISCO.BK,99.75,101.0,99.75,101.0,93.3350830078125,5935100.0
2025-03-24,TISCO.BK,101.0,101.0,100.0,100.5,92.87303161621094,2303200.0
2025-03-25,TISCO.BK,100.0,101.0,100.0,100.5,92.87303161621094,2050200.0
2025-03-26,TISCO.BK,100.5,101.0,99.75,100.0,92.41098022460938,3449500.0
2025-03-27,TISCO.BK,100.0,100.5,99.75,100.0,92.41098022460938,2197800.0
2025-03-28,TISCO.BK,100.0,100.5,99.5,100.0,92.41098022460938,1411200.0
2025-03-31,TISCO.BK,98.75,99.75,98.5,99.0,91.48686981201172,3939700.0
2025-04-01,TISCO.BK,99.0,99.75,98.5,98.5,91.02481079101562,5047500.0
2025-04-02,TISCO.BK,98.75,99.25,98.5,99.0,91.48686981201172,3084700.0
2025-04-03,TISCO.BK,98.75,99.5,98.75,99.25,91.71788787841797,2285500.0
2025-04-04,TISCO.BK,99.5,99.5,97.5,97.5,90.1007080078125,8338500.0
2025-04-08,TISCO.BK,96.0,97.0,95.0,96.25,88.94556427001953,11007100.0
2025-04-09,TISCO.BK,95.75,96.5,95.25,96.25,88.94556427001953,9596800.0
2025-04-10,TISCO.BK,97.25,98.5,97.25,98.0,90.56275939941406,3666100.0
2025-04-11,TISCO.BK,98.0,98.25,97.5,97.75,90.33172607421875,3135800.0
2025-04-16,TISCO.BK,98.25,99.25,98.25,98.75,91.25584411621094,4003500.0
2025-04-17,TISCO.BK,99.0,100.0,98.75,100.0,92.41098022460938,4069900.0
2025-04-18,TISCO.BK,100.0,100.5,99.75,100.0,92.41098022460938,3646600.0
2025-04-21,TISCO.BK,100.0,101.0,100.0,100.0,92.41098022460938,5856600.0
2025-04-22,TISCO.BK,100.0,100.0,99.5,99.75,92.17994689941406,5828800.0
2025-04-23,TISCO.BK,100.0,100.5,99.25,99.5,91.94892120361328,5377900.0
2025-04-24,TISCO.BK,99.75,100.0,99.5,100.0,92.41098022460938,8567600.0
2025-04-25,TISCO.BK,95.0,96.75,95.0,96.5,94.61707305908203,11656200.0
2025-04-28,TISCO.BK,96.5,97.25,96.0,96.75,94.86219787597656,4598300.0
2025-04-29,TISCO.BK,97.0,98.0,96.75,97.5,95.59756469726562,5892500.0
2025-04-30,TISCO.BK,97.5,98.5,96.5,98.25,96.33293151855469,7376900.0
2025-05-02,TISCO.BK,98.0,98.5,97.5,97.5,95.59756469726562,3373000.0
2025-05-06,TISCO.BK,97.5,98.0,97.0,97.75,95.84268188476562,4457600.0
2025-05-07,TISCO.BK,97.5,98.25,97.5,98.0,96.08780670166016,4456200.0
2025-05-08,TISCO.BK,98.0,98.5,97.75,98.25,96.33293151855469,3555500.0
2025-05-09,TISCO.BK,98.25,98.5,97.5,98.0,96.08780670166016,3404600.0
2025-05-13,TISCO.BK,98.0,98.0,97.5,97.75,95.84268188476562,2880600.0
2025-05-14,TISCO.BK,98.0,98.25,97.5,98.0,96.08780670166016,2926900.0
2025-05-15,TISCO.BK,98.0,98.0,97.5,97.75,95.84268188476562,2726500.0
2025-05-16,TISCO.BK,97.75,98.5,97.5,98.0,96.08780670166016,4756700.0
2025-05-19,TISCO.BK,97.75,98.25,97.5,98.0,96.08780670166016,2735300.0
2025-05-20,TISCO.BK,98.0,99.25,98.0,98.75,96.82317352294922,4644000.0
2025-05-21,TISCO.BK,98.75,99.0,98.25,98.25,96.33293151855469,2434600.0
2025-05-22,TISCO.BK,98.25,98.75,98.0,98.25,96.33293151855469,2338700.0
2025-05-23,TISCO.BK,98.5,98.5,97.75,97.75,95.84268188476562,1109600.0
2025-05-26,TISCO.BK,97.75,98.25,97.5,98.0,96.08780670166016,2552800.0
2025-05-27,TISCO.BK,98.0,98.75,97.25,97.75,95.84268188476562,7664700.0
2025-05-28,TISCO.BK,97.5,98.25,97.5,98.0,96.08780670166016,1952100.0
2025-05-29,TISCO.BK,98.25,98.25,97.75,97.75,95.84268188476562,1878800.0
2025-05-30,TISCO.BK,97.75,98.0,97.5,97.5,95.59756469726562,2703200.0
2025-06-04,TISCO.BK,97.75,98.0,96.75,97.25,95.3524398803711,5534200.0
2025-06-05,TISCO.BK,97.25,97.75,96.75,97.75,95.84268188476562,2621900.0
2025-06-06,TISCO.BK,98.0,98.0,97.25,97.5,95.59756469726562,1143100.0
2025-06-09,TISCO.BK,97.75,98.0,97.25,97.5,95.59756469726562,1157200.0
2025-06-10,TISCO.BK,97.5,98.0,97.25,98.0,96.08780670166016,2845000.0
2025-06-11,TISCO.BK,98.0,98.0,97.5,97.75,95.84268188476562,2209000.0
2025-06-12,TISCO.BK,97.75,98.0,97.25,98.0,96.08780670166016,2446300.0
2025-06-13,TISCO.BK,97.75,98.0,97.5,98.0,96.08780670166016,2198200.0
2025-06-16,TISCO.BK,97.75,98.0,97.5,97.75,95.84268188476562,1950400.0
2025-06-17,TISCO.BK,97.75,97.75,97.25,97.5,95.59756469726562,3205000.0
2025-06-18,TISCO.BK,97.5,98.5,97.5,97.5,95.59756469726562,3178400.0
2025-06-19,TISCO.BK,97.5,97.5,97.0,97.0,95.10731506347656,2547300.0
2025-06-20,TISCO.BK,97.0,97.75,97.0,97.25,95.3524398803711,3134200.0
2025-06-23,TISCO.BK,97.0,97.25,96.25,96.75,94.86219787597656,3656200.0
2025-06-24,TISCO.BK,97.0,97.25,97.0,97.25,95.3524398803711,2138400.0
2025-06-25,TISCO.BK,97.25,97.5,97.0,97.5,95.59756469726562,2465200.0
2025-06-26,TISCO.BK,97.25,98.25,97.25,98.0,96.08780670166016,3735800.0
2025-06-27,TISCO.BK,97.75,98.25,97.25,97.75,95.84268188476562,2488900.0
2025-06-30,TISCO.BK,97.5,97.75,96.75,96.75,94.86219787597656,2927800.0
2025-07-01,TISCO.BK,97.0,97.5,96.75,97.5,95.59756469726562,2351300.0
2025-07-02,TISCO.BK,97.5,98.0,97.25,98.0,96.08780670166016,2158900.0
2025-07-03,TISCO.BK,98.0,98.5,98.0,98.5,96.57804870605469,2855200.0
2025-07-04,TISCO.BK,98.0,98.25,97.75,98.0,96.08780670166016,1102800.0
2025-07-07,TISCO.BK,97.75,98.5,97.5,98.25,96.33293151855469,1780200.0
2025-07-08,TISCO.BK,98.0,98.5,97.75,98.0,96.08780670166016,3427500.0
2025-07-09,TISCO.BK,98.0,98.5,98.0,98.25,96.33293151855469,1756100.0
2025-07-11,TISCO.BK,98.25,98.25,98.0,98.25,96.33293151855469,958600.0
2025-07-14,TISCO.BK,98.25,98.5,98.0,98.25,96.33293151855469,1365500.0
2025-07-15,TISCO.BK,98.5,99.0,98.25,99.0,97.06829833984375,2986500.0
2025-07-16,TISCO.BK,98.75,99.0,97.5,97.5,95.59756469726562,6255200.0
2025-07-17,TISCO.BK,97.5,98.0,97.25,98.0,96.08780670166016,6326400.0
2025-07-18,TISCO.BK,98.0,98.25,97.5,97.75,95.84268188476562,2920100.0
2025-07-21,TISCO.BK,98.0,98.0,97.5,97.75,95.84268188476562,3460200.0
2025-07-22,TISCO.BK,98.0,99.0,97.75,98.5,96.57804870605469,5326000.0
2025-07-23,TISCO.BK,98.75,99.0,98.5,98.75,96.82317352294922,3417900.0
2025-07-24,TISCO.BK,98.75,98.75,98.25,98.75,96.82317352294922,3085600.0
2025-07-25,TISCO.BK,98.5,98.75,98.25,98.25,96.33293151855469,820500.0
2025-07-29,TISCO.BK,98.5,99.0,98.25,98.75,96.82317352294922,3034300.0
2025-07-30,TISCO.BK,98.75,99.25,98.5,98.75,96.82317352294922,3169000.0
2025-07-31,TISCO.BK,99.0,99.25,98.5,99.25,97.31341552734375,5436300.0
2025-08-01,TISCO.BK,99.0,99.5,98.75,98.75,96.82317352294922,3139500.0
2025-08-04,TISCO.BK,99.0,99.0,98.5,99.0,97.06829833984375,2315100.0
2025-08-05,TISCO.BK,99.25,99.5,99.25,99.5,97.55854034423828,2070200.0
2025-08-06,TISCO.BK,99.5,100.0,99.25,99.75,97.80365753173828,4588500.0
2025-08-07,TISCO.BK,99.75,100.0,99.25,99.75,97.80365753173828,6046300.0
2025-08-08,TISCO.BK,99.5,101.0,99.5,101.0,99.02926635742188,6801800.0
2025-08-13,TISCO.BK,101.0,102.5,100.5,102.0,100.00975799560547,10108300.0
2025-08-14,TISCO.BK,102.0,102.5,100.5,101.0,99.02926635742188,4188600.0
2025-08-15,TISCO.BK,101.0,101.5,100.5,101.0,99.02926635742188,1741200.0
2025-08-18,TISCO.BK,101.0,101.5,100.5,101.0,99.02926635742188,2335700.0
2025-08-19,TISCO.BK,101.0,101.5,100.0,101.0,99.02926635742188,3019400.0
2025-08-20,TISCO.BK,101.0,101.5,100.5,101.0,99.02926635742188,1765600.0
2025-08-21,TISCO.BK,101.0,101.5,100.5,100.5,98.53902435302734,936300.0
2025-08-22,TISCO.BK,101.0,101.5,100.5,101.0,99.02926635742188,2001200.0
2025-08-25,TISCO.BK,101.0,101.5,100.5,101.0,99.02926635742188,2584300.0
2025-08-26,TISCO.BK,101.0,101.5,100.5,101.0,99.02926635742188,2952100.0
2025-08-27,TISCO.BK,101.0,102.0,101.0,101.0,99.02926635742188,2064900.0
2025-08-28,TISCO.BK,101.0,101.5,100.5,101.0,99.02926635742188,2116000.0
2025-08-29,TISCO.BK,101.5,102.0,101.0,101.0,99.02926635742188,2440900.0
2025-09-01,TISCO.BK,101.5,101.5,101.0,101.5,99.51951599121094,2427200.0
2025-09-02,TISCO.BK,101.5,102.0,101.0,102.0,100.00975799560547,2492700.0
2025-09-03,TISCO.BK,102.0,102.5,101.5,102.0,100.00975799560547,2245700.0
2025-09-04,TISCO.BK,101.5,102.0,101.5,102.0,100.00975799560547,1586300.0
2025-09-05,TISCO.BK,102.0,102.5,101.5,101.5,99.51951599121094,4274800.0
2025-09-08,TISCO.BK,102.0,103.0,101.5,102.5,100.5,4063000.0
2025-09-09,TISCO.BK,102.5,102.5,102.0,102.5,100.5,6929000.0
2025-09-10,TISCO.BK,101.0,101.0,99.0,99.5,99.5,12036800.0
2025-09-11,TISCO.BK,99.5,101.0,99.25,99.5,99.5,5018800.0
2025-09-12,TISCO.BK,99.75,100.5,99.75,100.0,100.0,2251200.0
2025-09-15,TISCO.BK,99.5,100.0,99.25,99.75,99.75,3051500.0
2025-09-16,TISCO.BK,99.75,100.0,99.5,99.5,99.5,2680500.0
2025-09-17,TISCO.BK,99.75,99.75,99.25,99.75,99.75,4247700.0
2025-09-18,TISCO.BK,99.75,100.5,99.75,100.0,100.0,2651300.0
2025-09-19,TISCO.BK,100.5,101.5,100.0,101.5,101.5,4172500.0
2025-09-22,TISCO.BK,101.5,101.5,100.0,100.5,100.5,2451700.0
2025-09-23,TISCO.BK,100.5,101.0,100.0,100.5,100.5,2256900.0
2025-09-24,TISCO.BK,100.5,101.0,100.0,101.0,101.0,772100.0
2025-09-25,TISCO.BK,101.0,101.5,100.5,101.5,101.5,1635800.0
2025-09-26,TISCO.BK,101.5,102.0,101.0,101.5,101.5,2440900.0
2025-09-29,TISCO.BK,101.5,102.0,101.0,101.0,101.0,2511200.0
2025-09-30,TISCO.BK,101.0,102.0,101.0,102.0,102.0,3798900.0
2025-10-01,TISCO.BK,102.0,102.0,101.0,101.5,101.5,1022000.0
2025-10-02,TISCO.BK,101.5,102.0,101.0,101.5,101.5,2760800.0
2025-10-03,TISCO.BK,101.5,103.5,101.5,103.0,103.0,5889200.0
2025-10-06,TISCO.BK,103.0,103.0,102.0,102.5,102.5,1422800.0
2025-10-07,TISCO.BK,102.5,102.5,102.5,102.5,102.5,0.0
2025-10-08,TISCO.BK,102.5,103.5,102.0,102.5,102.5,3730000.0
2025-10-09,TISCO.BK,103.0,104.0,102.5,103.5,103.5,3087100.0
2025-10-10,TISCO.BK,103.5,105.0,103.0,104.0,104.0,3974800.0
2025-10-14,TISCO.BK,104.0,104.0,103.0,103.0,103.0,2140500.0
2025-10-15,TISCO.BK,103.5,107.5,103.5,106.5,106.5,16280600.0
2025-10-16,TISCO.BK,106.5,108.5,106.5,107.5,107.5,7272800.0
2025-10-17,TISCO.BK,108.0,108.5,107.0,108.0,108.0,3797800.0
2025-10-20,TISCO.BK,108.0,108.5,107.0,108.0,108.0,4972000.0
2025-10-21,TISCO.BK,108.5,109.0,107.5,108.0,108.0,4421600.0
2025-10-22,TISCO.BK,108.5,108.5,107.0,107.5,107.5,5447200.0
2025-10-24,TISCO.BK,107.5,108.5,107.0,108.0,108.0,4998800.0
2025-10-27,TISCO.BK,108.5,109.0,107.5,108.0,108.0,3395300.0
2025-10-28,TISCO.BK,108.5,108.5,107.5,108.5,108.5,4243500.0
2025-10-29,TISCO.BK,108.0,108.5,107.0,108.5,108.5,2935900.0
2025-10-30,TISCO.BK,108.0,108.5,107.0,107.5,107.5,4201700.0
2025-10-31,TISCO.BK,107.5,108.0,107.0,107.5,107.5,1271000.0
2025-11-03,TISCO.BK,107.5,108.5,107.0,107.5,107.5,2210500.0
2025-11-04,TISCO.BK,107.5,109.5,107.5,108.0,108.0,4205600.0
2025-11-05,TISCO.BK,108.0,109.5,108.0,109.0,109.0,3361200.0
2025-11-06,TISCO.BK,109.0,109.0,107.5,108.0,108.0,3422800.0
2025-11-07,TISCO.BK,108.0,108.0,107.0,107.5,107.5,1691400.0
2025-11-10,TISCO.BK,107.5,109.0,107.5,108.0,108.0,2002800.0
2025-11-11,TISCO.BK,108.0,108.5,107.5,108.0,108.0,3015000.0
2025-11-12,TISCO.BK,108.0,108.5,107.0,108.5,108.5,2543200.0
2025-11-13,TISCO.BK,108.5,108.5,107.5,107.5,107.5,1276300.0
2025-11-14,TISCO.BK,107.5,107.5,106.5,106.5,106.5,3522600.0
2025-11-17,TISCO.BK,106.5,108.0,106.0,107.0,107.0,3862600.0
2025-11-18,TISCO.BK,107.0,108.0,107.0,107.5,107.5,1881000.0
2025-11-19,TISCO.BK,108.0,108.5,107.0,107.5,107.5,3418200.0
2025-11-20,TISCO.BK,108.0,108.0,107.0,107.5,107.5,4027500.0
2025-11-21,TISCO.BK,107.0,108.0,106.5,107.0,107.0,4539300.0
2025-11-24,TISCO.BK,107.5,107.5,106.0,106.5,106.5,4859400.0
2025-11-25,TISCO.BK,106.5,107.5,106.0,107.0,107.0,2376800.0
2025-11-26,TISCO.BK,107.0,108.0,106.0,106.5,106.5,4839800.0
2025-11-27,TISCO.BK,106.5,107.0,106.0,106.0,106.0,1995700.0
2025-11-28,TISCO.BK,106.5,107.0,105.5,106.0,106.0,4087800.0
2025-12-01,TISCO.BK,106.0,107.5,106.0,106.5,106.5,4323400.0
2025-12-02,TISCO.BK,106.5,107.5,106.5,107.0,107.0,6101000.0
2025-12-03,TISCO.BK,107.0,108.0,106.5,107.0,107.0,5550400.0
2025-12-04,TISCO.BK,107.0,107.5,106.0,106.5,106.5,5296300.0
2025-12-08,TISCO.BK,106.5,107.5,106.0,107.0,107.0,2260300.0
2025-12-09,TISCO.BK,107.0,107.0,106.0,107.0,107.0,3099100.0
2025-12-11,TISCO.BK,107.0,107.0,106.0,106.5,106.5,1090100.0
2025-12-12,TISCO.BK,107.0,107.0,106.5,106.5,106.5,427300.0
2025-12-15,TISCO.BK,106.5,107.5,106.0,107.0,107.0,2916300.0
2025-12-16,TISCO.BK,107.0,108.0,106.5,108.0,108.0,1920500.0
2025-12-17,TISCO.BK,108.0,109.0,107.5,108.0,108.0,4204400.0
2025-12-18,TISCO.BK,108.0,111.0,108.0,111.0,111.0,8465800.0
2025-12-19,TISCO.BK,110.5,111.0,110.0,110.0,110.0,2590500.0
2025-12-22,TISCO.BK,110.0,111.0,108.5,110.0,110.0,4564600.0
2025-12-23,TISCO.BK,109.5,110.0,109.0,109.5,109.5,2919400.0
2025-12-24,TISCO.BK,109.5,110.5,109.5,110.5,110.5,2767300.0
2025-12-25,TISCO.BK,110.0,110.0,108.5,109.0,109.0,3656800.0
2025-12-26,TISCO.BK,109.5,111.0,109.5,110.5,110.5,2497100.0
2025-12-29,TISCO.BK,110.0,111.0,110.0,110.0,110.0,2367100.0
2025-12-30,TISCO.BK,111.0,111.0,110.0,110.5,110.5,2510400.0
2026-01-05,TISCO.BK,111.0,111.5,110.0,111.0,111.0,5051400.0
2026-01-06,TISCO.BK,111.0,111.0,109.0,109.5,109.5,3840400.0
2026-01-07,TISCO.BK,109.5,110.0,109.0,109.0,109.0,4638700.0
2026-01-08,TISCO.BK,109.0,110.5,108.5,110.0,110.0,4307300.0
2026-01-09,TISCO.BK,110.0,110.5,109.0,109.5,109.5,3279400.0
2026-01-12,TISCO.BK,110.0,110.0,109.0,109.5,109.5,2088700.0
2026-01-13,TISCO.BK,110.0,110.0,109.0,109.5,109.5,4315100.0
2026-01-14,TISCO.BK,109.5,111.0,108.5,110.5,110.5,5903100.0
2026-01-15,TISCO.BK,110.5,111.5,110.5,110.5,110.5,4046800.0
2026-01-16,TISCO.BK,111.0,112.0,110.5,111.5,111.5,3374700.0
2026-01-19,TISCO.BK,111.5,112.5,110.5,111.0,111.0,2679200.0
2026-01-20,TISCO.BK,110.5,111.5,110.0,110.5,110.5,5078800.0
2026-01-21,TISCO.BK,110.5,112.0,110.0,111.0,111.0,6509600.0
2026-01-22,TISCO.BK,111.0,112.0,110.5,110.5,110.5,4816200.0
2026-01-23,TISCO.BK,111.0,112.0,110.5,110.5,110.5,2686700.0
2026-01-26,TISCO.BK,111.0,111.5,110.5,110.5,110.5,2821200.0
2026-01-27,TISCO.BK,111.0,112.0,110.5,112.0,112.0,4198300.0
2026-01-28,TISCO.BK,112.0,112.0,111.0,111.0,111.0,2125700.0
2026-01-29,TISCO.BK,111.5,112.0,111.0,111.0,111.0,2520100.0
2026-01-30,TISCO.BK,111.5,112.5,111.0,112.5,112.5,4011600.0
2026-02-02,TISCO.BK,112.5,113.0,111.5,112.0,112.0,3391900.0
2026-02-03,TISCO.BK,112.0,113.5,112.0,112.5,112.5,3248600.0
2026-02-04,TISCO.BK,112.5,112.5,111.0,111.0,111.0,6020700.0
2026-02-05,TISCO.BK,111.0,112.0,110.5,111.5,111.5,5413100.0
2026-02-06,TISCO.BK,111.0,111.5,111.0,111.0,111.0,3324400.0
2026-02-09,TISCO.BK,112.0,113.0,111.5,112.5,112.5,4354500.0
2026-02-10,TISCO.BK,112.5,113.0,111.5,113.0,113.0,4299000.0
2026-02-11,TISCO.BK,113.0,113.0,112.0,112.0,112.0,3298500.0
2026-02-12,TISCO.BK,112.0,113.0,111.5,111.5,111.5,6008300.0
2026-02-13,TISCO.BK,112.0,112.5,111.5,112.0,112.0,5085500.0
2026-02-16,TISCO.BK,112.5,113.0,111.5,112.0,112.0,2261700.0
2026-02-17,TISCO.BK,112.5,114.5,112.0,114.5,114.5,5773000.0
2026-02-18,TISCO.BK,114.5,115.0,114.0,115.0,115.0,3029700.0
2026-02-19,TISCO.BK,115.0,115.5,114.0,115.0,115.0,5121500.0
2026-02-20,TISCO.BK,115.0,115.5,114.5,115.0,115.0,2574200.0
2026-02-23,TISCO.BK,115.0,116.5,114.0,114.5,114.5,6737200.0
2026-02-24,TISCO.BK,115.0,115.5,114.0,114.5,114.5,2964100.0
2026-02-25,TISCO.BK,114.5,115.5,114.0,115.5,115.5,4102200.0
2026-02-26,TISCO.BK,115.0,116.0,115.0,116.0,116.0,2914300.0
2026-02-27,TISCO.BK,116.0,116.0,114.5,114.5,114.5,5865700.0
2026-03-02,TISCO.BK,114.0,115.0,113.5,113.5,113.5,5431900.0
2026-03-04,TISCO.BK,113.0,113.0,110.5,112.0,112.0,15534400.0
2026-03-05,TISCO.BK,113.0,113.0,112.0,112.5,112.5,4667000.0
2026-03-06,TISCO.BK,112.5,113.0,112.0,112.0,112.0,3695600.0
2026-03-09,TISCO.BK,111.0,111.5,110.0,111.0,111.0,7739900.0
2026-03-10,TISCO.BK,112.0,113.0,111.5,111.5,111.5,5224000.0
2026-03-11,TISCO.BK,112.0,112.5,111.5,112.5,112.5,4117700.0
2026-03-12,TISCO.BK,112.5,113.0,112.0,113.0,113.0,3126800.0
2026-03-13,TISCO.BK,112.5,113.5,112.5,113.0,113.0,2211900.0
2026-03-16,TISCO.BK,113.0,113.0,112.0,112.0,112.0,4653300.0
2026-03-17,TISCO.BK,112.5,113.0,111.5,113.0,113.0,2483500.0
2026-03-18,TISCO.BK,112.5,114.0,112.5,113.0,113.0,3750900.0
2026-03-19,TISCO.BK,113.0,114.5,113.0,113.5,113.5,5256600.0
2026-03-20,TISCO.BK,114.0,114.0,112.0,113.5,113.5,8317800.0
2026-03-23,TISCO.BK,112.5,112.5,111.5,112.0,112.0,5888200.0
2026-03-24,TISCO.BK,112.0,113.5,111.5,112.5,112.5,6081100.0
2026-03-25,TISCO.BK,113.0,113.5,112.5,113.0,113.0,3703000.0
2026-03-26,TISCO.BK,112.5,113.5,112.5,113.0,113.0,3323500.0
2026-03-27,TISCO.BK,113.0,113.5,112.5,112.5,112.5,3567200.0
2026-03-30,TISCO.BK,112.5,113.0,112.0,112.5,112.5,3502200.0
2026-03-31,TISCO.BK,112.5,113.0,112.0,113.0,113.0,1970700.0
2026-04-01,TISCO.BK,113.5,114.0,113.0,113.5,113.5,4229500.0
2026-04-02,TISCO.BK,113.5,114.0,113.0,113.5,113.5,4900200.0
2026-04-03,TISCO.BK,114.0,114.0,113.5,114.0,114.0,750900.0
2026-04-07,TISCO.BK,114.0,115.5,112.0,115.0,115.0,7504400.0
2026-04-08,TISCO.BK,115.5,115.5,114.5,115.0,115.0,3608100.0
2026-04-09,TISCO.BK,115.0,115.5,114.5,115.0,115.0,3298900.0
2026-04-10,TISCO.BK,115.0,115.5,114.5,115.0,115.0,1806800.0
